Date,Open,High,Low,Adj_Close,Volume,Dividends,Stock Splits,Empty_col_H,MA_Price_200_day,MA_Price_50_day,MA_Price_20_day,MA_Price_10_day,MA_Volume_50_day
01/03/2028
12/31/2027
12/30/2027
12/29/2027
12/28/2027
12/27/2027
12/24/2027
12/23/2027
12/22/2027
12/21/2027
12/20/2027
12/17/2027
12/16/2027
12/15/2027
12/14/2027
12/13/2027
12/10/2027
12/09/2027
12/08/2027
12/07/2027
12/06/2027
12/03/2027
12/02/2027
12/01/2027
11/30/2027
11/29/2027
11/26/2027
11/25/2027
11/24/2027
11/23/2027
11/22/2027
11/19/2027
11/18/2027
11/17/2027
11/16/2027
11/15/2027
11/12/2027
11/11/2027
11/10/2027
11/09/2027
11/08/2027
11/05/2027
11/04/2027
11/03/2027
11/02/2027
11/01/2027
10/29/2027
10/28/2027
10/27/2027
10/26/2027
10/25/2027
10/22/2027
10/21/2027
10/20/2027
10/19/2027
10/18/2027
10/15/2027
10/14/2027
10/13/2027
10/12/2027
10/11/2027
10/08/2027
10/07/2027
10/06/2027
10/05/2027
10/04/2027
10/01/2027
09/30/2027
09/29/2027
09/28/2027
09/27/2027
09/24/2027
09/23/2027
09/22/2027
09/21/2027
09/20/2027
09/17/2027
09/16/2027
09/15/2027
09/14/2027
09/13/2027
09/10/2027
09/09/2027
09/08/2027
09/07/2027
09/06/2027
09/03/2027
09/02/2027
09/01/2027
08/31/2027
08/30/2027
08/27/2027
08/26/2027
08/25/2027
08/24/2027
08/23/2027
08/20/2027
08/19/2027
08/18/2027
08/17/2027
08/16/2027
08/13/2027
08/12/2027
08/11/2027
08/10/2027
08/09/2027
08/06/2027
08/05/2027
08/04/2027
08/03/2027
08/02/2027
07/30/2027
07/29/2027
07/28/2027
07/27/2027
07/26/2027
07/23/2027
07/22/2027
07/21/2027
07/20/2027
07/19/2027
07/16/2027
07/15/2027
07/14/2027
07/13/2027
07/12/2027
07/09/2027
07/08/2027
07/07/2027
07/06/2027
07/05/2027
07/02/2027
07/01/2027
06/30/2027
06/29/2027
06/28/2027
06/25/2027
06/24/2027
06/23/2027
06/22/2027
06/21/2027
06/18/2027
06/17/2027
06/16/2027
06/15/2027
06/14/2027
06/11/2027
06/10/2027
06/09/2027
06/08/2027
06/07/2027
06/04/2027
06/03/2027
06/02/2027
06/01/2027
05/31/2027
05/28/2027
05/27/2027
05/26/2027
05/25/2027
05/24/2027
05/21/2027
05/20/2027
05/19/2027
05/18/2027
05/17/2027
05/14/2027
05/13/2027
05/12/2027
05/11/2027
05/10/2027
05/07/2027
05/06/2027
05/05/2027
05/04/2027
05/03/2027
04/30/2027
04/29/2027
04/28/2027
04/27/2027
04/26/2027
04/23/2027
04/22/2027
04/21/2027
04/20/2027
04/19/2027
04/16/2027
04/15/2027
04/14/2027
04/13/2027
04/12/2027
04/09/2027
04/08/2027
04/07/2027
04/06/2027
04/05/2027
04/02/2027
04/01/2027
03/31/2027
03/30/2027
03/29/2027
03/26/2027
03/25/2027
03/24/2027
03/23/2027
03/22/2027
03/19/2027
03/18/2027
03/17/2027
03/16/2027
03/15/2027
03/12/2027
03/11/2027
03/10/2027
03/09/2027
03/08/2027
03/05/2027
03/04/2027
03/03/2027
03/02/2027
03/01/2027
02/26/2027
02/25/2027
02/24/2027
02/23/2027
02/22/2027
02/19/2027
02/18/2027
02/17/2027
02/16/2027
02/15/2027
02/12/2027
02/11/2027
02/10/2027
02/09/2027
02/08/2027
02/05/2027
02/04/2027
02/03/2027
02/02/2027
02/01/2027
01/29/2027
01/28/2027
01/27/2027
01/26/2027
01/25/2027
01/22/2027
01/21/2027
01/20/2027
01/19/2027
01/18/2027
01/15/2027
01/14/2027
01/13/2027
01/12/2027
01/11/2027
01/08/2027
01/07/2027
01/06/2027
01/05/2027
01/04/2027
01/01/2027
12/31/2026
12/30/2026
12/29/2026
12/28/2026
12/24/2026
12/23/2026
12/22/2026
12/21/2026
12/18/2026
12/17/2026
12/16/2026
12/15/2026
12/14/2026
12/11/2026
12/10/2026
12/09/2026
12/08/2026
12/07/2026
12/04/2026
12/03/2026
12/02/2026
12/01/2026
11/30/2026
11/27/2026
11/25/2026
11/24/2026
11/23/2026
11/20/2026
11/19/2026
11/18/2026
11/17/2026
11/16/2026
11/13/2026
11/12/2026
11/11/2026
11/10/2026
11/09/2026
11/06/2026
11/05/2026
11/04/2026
11/03/2026
11/02/2026
10/30/2026
10/29/2026
10/28/2026
10/27/2026
10/26/2026
10/23/2026
10/22/2026
10/21/2026
10/20/2026
10/19/2026
10/16/2026
10/15/2026
10/14/2026
10/13/2026
10/12/2026
10/09/2026
10/08/2026
10/07/2026
10/06/2026
10/05/2026
10/02/2026
10/01/2026
09/30/2026
09/29/2026
09/28/2026
09/25/2026
09/24/2026
09/23/2026
09/22/2026
09/21/2026
09/18/2026
09/17/2026
09/16/2026
09/15/2026
09/14/2026
09/11/2026
09/10/2026
09/09/2026
09/08/2026
09/04/2026
09/03/2026
09/02/2026
09/01/2026
08/31/2026
08/28/2026
08/27/2026
08/26/2026
08/25/2026
08/24/2026
08/21/2026
08/20/2026
08/19/2026
08/18/2026
08/17/2026
08/14/2026
08/13/2026
08/12/2026
08/11/2026
08/10/2026
08/07/2026
08/06/2026
08/05/2026
08/04/2026
08/03/2026
07/31/2026
07/30/2026
07/29/2026
07/28/2026,1665.199951,1674.000000,1533.410034,1620.979980,536994,0.000,0.0,-,1385.105613,1832.060601,1753.935504,1728.426013,510775.88
07/27/2026,1735.449951,1802.000000,1655.260010,1730.420044,632500,0.000,0.0,-,1381.217366,1840.472200,1770.321002,1743.838013,504554.00
07/24/2026,1821.329956,1849.989990,1701.060059,1733.599976,737600,0.000,0.0,-,1376.641682,1846.540459,1776.511499,1743.999011,498168.00
07/23/2026,1793.780029,1879.989990,1793.780029,1831.150024,729300,0.000,0.0,-,1372.094482,1852.178865,1790.709998,1746.248010,491056.00
07/22/2026,1717.000000,1806.160034,1712.000000,1791.060059,399500,0.000,0.0,-,1367.022537,1856.199536,1796.875995,1741.275012,484012.00
07/21/2026,1784.949951,1799.989990,1736.699951,1773.510010,325900,0.000,0.0,-,1362.225778,1859.410439,1802.726489,1730.663000,481336.00
07/20/2026,1700.010010,1734.380005,1685.000000,1712.180054,487400,0.000,0.0,-,1357.523509,1862.765425,1817.376489,1721.655994,484940.00
07/17/2026,1576.069946,1685.300049,1556.349976,1674.060059,1204800,0.000,0.0,-,1353.082210,1868.735864,1830.137988,1729.740991,483842.00
07/16/2026,1682.500000,1706.699951,1650.010010,1680.599976,408700,0.000,0.0,-,1348.714789,1874.584050,1843.023486,1736.464990,468728.00
07/15/2026,1788.489990,1788.589966,1678.030029,1736.699951,385400,0.000,0.0,-,1344.327449,1878.796228,1854.690485,1754.919995,468206.00
07/14/2026,1785.000000,1824.979980,1743.439941,1775.099976,284400,0.000,0.0,-,1339.547381,1881.388003,1865.456488,1779.444995,466824.00
07/13/2026,1722.010010,1751.439941,1695.000000,1732.030029,318000,0.000,0.0,-,1334.623139,1882.676587,1870.581989,1796.803992,472594.00
07/10/2026,1748.989990,1769.400024,1722.569946,1756.089966,368500,0.000,0.0,-,1329.978050,1882.505278,1876.151489,1809.023987,473308.00
07/09/2026,1756.060059,1814.719971,1756.060059,1781.420044,550000,0.000,0.0,-,1325.299428,1881.754209,1874.320990,1835.171985,473674.00
07/08/2026,1650.000000,1697.000000,1628.229980,1684.939941,452300,0.000,0.0,-,1320.374789,1881.992554,1876.827991,1852.476978,472516.00
07/07/2026,1747.650024,1747.650024,1621.010010,1683.439941,564400,0.000,0.0,-,1315.940887,1882.802632,1885.182495,1874.789978,480166.00
07/06/2026,1772.209961,1831.630005,1766.130005,1793.030029,340600,0.000,0.0,-,1311.332413,1884.598137,1893.207495,1913.096985,480976.00
07/02/2026,1877.000000,1886.420044,1712.510010,1741.300049,644900,0.000,0.0,-,1306.247230,1883.213826,1899.288495,1930.534985,481536.00
07/01/2026,1935.579956,1935.579956,1853.010010,1865.150024,438200,0.000,0.0,-,1301.445010,1881.857910,1904.725494,1949.581982,475930.00
06/30/2026,1949.000000,1998.810059,1925.010010,1981.949951,376700,0.000,0.0,-,1295.881956,1878.143547,1905.630994,1954.460974,472304.00
06/29/2026,1879.390015,1965.800049,1849.989990,1948.689941,593700,0.000,0.0,-,1289.790917,1871.501018,1895.927496,1951.467981,473468.00
06/26/2026,1957.040039,1957.130005,1848.000000,1854.229980,1413700,0.000,0.0,-,1283.802226,1864.634036,1889.903497,1944.359985,467334.00
06/25/2026,2011.319946,2039.560059,1972.000000,2017.569946,401300,0.000,0.0,-,1278.073310,1860.515718,1889.949500,1943.278992,445736.00
06/24/2026,1921.300049,1999.979980,1891.020020,1954.469971,381700,0.000,0.0,-,1271.559346,1853.160989,1882.425500,1913.469995,445206.00
06/23/2026,1940.000000,1990.619995,1888.010010,1908.069946,674600,0.000,0.0,-,1265.313154,1846.615037,1878.880005,1901.179004,446100.00
06/22/2026,2011.339966,2072.310059,1994.170044,2066.510010,638100,0.000,0.0,-,1259.387028,1840.297959,1874.889008,1895.575012,437432.00
06/18/2026,1990.050049,2004.989990,1935.000000,1967.410034,724100,0.000,0.0,-,1252.552579,1830.444424,1863.330005,1873.318005,431940.00
06/17/2026,1946.400024,1977.479980,1924.729980,1931.770020,513200,0.000,0.0,-,1246.203246,1821.587476,1856.735004,1868.042004,426160.00
06/16/2026,1959.339966,1998.000000,1913.939941,1913.939941,458200,0.000,0.0,-,1240.055927,1811.439111,1851.421503,1859.869006,420524.00
06/15/2026,1964.000000,1993.699951,1932.560059,1952.020020,380700,0.000,0.0,-,1234.130705,1801.830876,1848.446008,1856.801013,416028.00
06/12/2026,1849.219971,1912.869995,1845.189941,1877.609985,451700,0.000,0.0,-,1227.914336,1791.123171,1850.482007,1840.387012,414078.00
06/11/2026,1731.000000,1851.000000,1720.500000,1843.420044,501000,0.000,0.0,-,1222.057836,1782.130181,1858.679504,1835.447009,413572.00
06/10/2026,1819.500000,1838.260010,1705.000000,1719.479980,532700,0.000,0.0,-,1216.291360,1772.830776,1868.200153,1836.620007,412562.00
06/09/2026,1876.489990,1907.410034,1737.239990,1831.560059,554200,0.000,0.0,-,1211.136096,1763.894802,1883.002167,1851.381006,413096.00
06/08/2026,1886.800049,1889.540039,1796.099976,1852.030029,354200,0.000,0.0,-,1205.442999,1754.588293,1893.033344,1856.581006,407938.00
06/05/2026,1868.010010,1926.839966,1825.229980,1843.939941,365800,0.000,0.0,-,1199.583050,1744.710249,1898.012103,1854.203003,409268.00
06/04/2026,1816.099976,1932.599976,1792.000000,1914.650024,477000,0.000,0.0,-,1193.777779,1737.232729,1902.878070,1853.342004,407546.00
06/03/2026,1884.500000,1972.680054,1850.000000,1850.040039,513800,0.000,0.0,-,1187.678018,1728.158679,1907.680670,1845.428003,409454.00
06/02/2026,1812.449951,1895.130005,1812.449951,1883.260010,479800,0.000,0.0,-,1181.826920,1719.311846,1913.502136,1842.973999,410658.00
06/01/2026,1765.750000,1826.989990,1750.000000,1787.880005,476700,0.000,0.0,-,1175.854654,1708.771016,1913.899579,1840.091003,419730.00
05/29/2026,1859.060059,1865.729980,1794.160034,1828.209961,875300,0.000,0.0,-,1170.417898,1701.894097,1917.820013,1860.577002,418506.00
05/28/2026,1866.920044,1880.489990,1810.569946,1855.150024,345000,0.000,0.0,-,1164.861858,1693.778750,1918.385974,1881.912000,409506.00
05/27/2026,1891.020020,1916.680054,1826.209961,1867.089966,317400,0.000,0.0,-,1159.044900,1685.153789,1911.801703,1899.780298,407378.00
05/26/2026,1877.390015,1921.589966,1866.250000,1883.560059,316500,0.000,0.0,-,1153.160511,1676.082910,1904.374030,1914.623328,406808.00
05/22/2026,1856.239990,1860.359985,1783.209961,1828.250000,250200,0.000,0.0,-,1147.207090,1665.707813,1899.862891,1929.485681,406080.00
05/21/2026,1836.680054,1874.180054,1820.000000,1835.329956,276200,0.000,0.0,-,1141.510364,1656.607251,1894.722583,1941.821204,407104.00
05/20/2026,1865.000000,1891.199951,1828.599976,1835.510010,419300,0.000,0.0,-,1135.783228,1648.036025,1891.616846,1952.414136,407958.00
05/19/2026,1783.109985,1872.839966,1755.609985,1825.500000,514200,0.000,0.0,-,1130.093654,1638.987385,1886.032068,1969.933337,407370.00
05/18/2026,1987.140015,1987.140015,1833.890015,1854.430054,582100,0.000,0.0,-,1124.434875,1629.914634,1878.432281,1984.030273,409096.00
05/15/2026,1979.130005,1998.979980,1925.000000,1992.739990,570300,0.800,0.0,-,1118.671355,1618.397214,1869.682373,1987.708154,408594.00
05/14/2026,2035.202443,2073.177551,2014.210669,2041.559937,225900,0.000,0.0,-,1112.214640,1605.482256,1852.536548,1975.063025,408254.00
05/13/2026,2038.241315,2049.196982,1959.232237,2033.833008,313200,0.000,0.0,-,1105.437496,1593.232603,1830.725592,1954.859949,411544.00
05/12/2026,1990.400102,2026.905695,1940.599549,2015.520264,382000,0.000,0.0,-,1098.725427,1580.353804,1811.449646,1923.823108,417574.00
05/11/2026,1954.234161,2044.338864,1941.899029,2032.183594,377100,0.000,0.0,-,1092.083820,1568.782002,1793.165308,1894.124731,417700.00
05/08/2026,1979.224406,1979.224406,1920.907293,1951.605225,265700,0.000,0.0,-,1084.730754,1556.699695,1772.914746,1870.240100,419950.00
05/07/2026,2001.215762,2001.215762,1901.344865,1941.259277,506100,0.000,0.0,-,1077.706147,1546.405994,1754.945288,1847.623962,423760.00
05/06/2026,1994.938184,2017.259515,1915.999149,2010.702026,432500,0.000,0.0,-,1070.654597,1536.566384,1736.573987,1830.819556,421754.00
05/05/2026,1950.735536,2002.865132,1937.240824,1966.469360,449100,0.000,0.0,-,1063.319739,1525.697195,1712.267017,1802.130798,423246.00
05/04/2026,1866.768488,1904.833528,1857.232186,1891.208862,382600,0.000,0.0,-,1056.252092,1514.613457,1685.161139,1772.834290,428958.00
05/01/2026,1851.284566,1876.614606,1816.718155,1866.288696,316300,0.000,0.0,-,1049.542388,1506.007246,1662.277106,1751.656592,439778.00
04/30/2026,1748.444871,1854.703282,1748.444871,1839.529175,572900,0.000,0.0,-,1042.937978,1496.126855,1639.794409,1730.010071,447382.00
04/29/2026,1719.526080,1755.661943,1712.538828,1723.464600,353700,0.000,0.0,-,1036.429401,1485.701638,1619.215973,1706.591235,445094.00
04/28/2026,1739.318394,1774.794482,1679.851708,1718.536499,386800,0.000,0.0,-,1030.520753,1477.962979,1601.965234,1699.076184,446524.00
04/27/2026,1743.916583,1804.292948,1684.339954,1793.337280,492100,0.000,0.0,-,1024.619534,1470.326877,1579.672473,1692.205884,444742.00
04/24/2026,1773.445057,1828.943329,1676.103197,1725.443848,834800,0.000,0.0,-,1018.315726,1460.436851,1558.317340,1675.589392,445008.00
04/23/2026,1731.071689,1798.255325,1731.071689,1773.215210,604900,0.000,0.0,-,1012.357620,1452.676592,1539.951538,1662.266614,437548.00
04/22/2026,1714.328180,1729.582212,1676.432997,1723.814453,368600,0.000,0.0,-,1006.122743,1442.581763,1524.793976,1642.328418,431620.00
04/21/2026,1704.622084,1718.326675,1661.259071,1673.504272,364600,0.000,0.0,-,1000.205012,1433.755093,1511.650629,1622.403235,431370.00
04/20/2026,1645.685099,1684.339996,1634.559453,1679.431885,256900,0.000,0.0,-,994.536337,1424.867798,1498.360333,1597.487988,429656.00
04/17/2026,1622.574154,1653.642058,1604.371326,1649.823486,434900,0.000,0.0,-,988.782748,1414.217649,1482.199664,1572.897620,433766.00
04/16/2026,1654.551515,1654.551515,1583.649370,1605.340820,287000,0.000,0.0,-,983.136094,1403.596982,1471.910193,1549.578748,437584.00
04/15/2026,1642.256524,1658.740055,1597.843873,1648.314087,333800,0.000,0.0,-,977.784440,1395.667524,1462.765283,1531.840710,438990.00
04/14/2026,1644.355662,1671.295057,1616.376635,1649.833496,374800,0.000,0.0,-,972.211884,1386.205017,1451.544678,1504.854285,438908.00
04/13/2026,1582.249905,1634.939217,1582.249905,1627.172363,426400,0.000,0.0,-,966.537342,1376.029543,1439.730304,1467.139062,437652.00
04/10/2026,1591.826203,1613.367810,1566.386220,1592.216064,241200,0.000,0.0,-,960.933801,1366.893958,1426.611945,1441.045288,435246.00
04/09/2026,1530.910130,1601.272573,1530.910130,1573.833252,363500,0.000,0.0,-,955.533577,1358.409343,1415.662238,1417.636462,436404.00
04/08/2026,1509.408526,1546.923855,1500.731872,1524.562622,435100,0.000,0.0,-,950.173683,1350.119141,1407.309009,1407.259534,434494.00
04/07/2026,1433.108385,1447.232854,1399.451531,1424.351807,231400,0.000,0.0,-,945.045375,1342.158352,1400.234778,1400.898022,431232.00
04/06/2026,1416.634794,1435.277513,1394.433533,1433.528198,233400,0.000,0.0,-,940.413133,1336.079688,1397.610309,1399.232678,432038.00
04/02/2026,1377.490194,1464.016221,1367.464094,1416.634766,283200,0.000,0.0,-,935.716799,1330.022507,1389.861853,1391.501709,434734.00
04/01/2026,1393.204050,1464.865909,1393.204050,1427.960449,426400,0.000,0.0,-,931.132570,1324.628901,1386.379718,1394.241638,437366.00
03/31/2026,1299.010987,1380.479063,1297.831396,1378.449829,450500,0.000,0.0,-,926.450855,1318.744021,1386.435559,1393.689856,439740.00
03/30/2026,1384.787241,1398.321976,1254.508343,1272.681274,559400,0.000,0.0,-,922.059247,1313.554224,1387.007721,1398.235071,440874.00
03/27/2026,1365.664774,1389.455500,1346.172413,1366.234619,296300,0.000,0.0,-,918.173784,1309.901526,1395.220166,1412.321545,437848.00
03/26/2026,1445.983393,1455.269671,1345.472733,1358.127808,420700,0.000,0.0,-,913.775703,1303.619651,1398.311847,1412.178601,439996.00
03/25/2026,1478.570641,1494.874189,1460.947542,1470.063965,279700,0.000,0.0,-,909.486105,1297.900347,1402.251465,1413.688013,439156.00
03/24/2026,1411.516807,1471.843264,1387.026404,1460.947510,572400,0.000,0.0,-,904.682673,1289.243757,1401.212207,1407.358484,444126.00
03/23/2026,1367.004350,1455.429660,1358.327697,1407.698364,574000,0.000,0.0,-,899.868001,1280.214603,1401.526959,1399.571533,439936.00
03/20/2026,1424.861649,1449.482005,1345.542636,1356.218506,933400,0.000,0.0,-,895.317080,1271.472740,1401.756165,1395.987939,438714.00
03/19/2026,1384.057562,1462.596851,1370.612880,1444.034058,415500,0.000,0.0,-,891.014329,1265.031915,1406.990155,1388.221997,428880.00
03/18/2026,1438.146434,1461.427351,1422.362702,1422.442627,425300,0.000,0.0,-,886.174220,1256.834579,1403.401910,1378.517798,433538.00
03/17/2026,1409.547617,1432.228793,1396.472785,1423.901978,238600,0.000,0.0,-,881.447806,1249.013124,1398.193195,1379.181262,433734.00
03/16/2026,1391.504732,1420.523267,1390.525013,1413.546021,288900,0.000,0.0,-,876.717089,1240.589603,1393.824677,1375.780371,436880.00
03/13/2026,1395.473212,1417.444584,1357.468085,1364.805176,280100,0.000,0.0,-,872.028623,1230.967483,1389.983948,1378.118787,434958.00
03/12/2026,1390.295190,1405.309326,1353.289671,1373.221924,301400,0.000,0.0,-,867.626166,1222.592732,1386.685486,1384.445093,433678.00
03/11/2026,1383.877745,1435.507415,1361.476489,1406.768677,318900,0.000,0.0,-,863.112280,1214.124377,1384.895935,1390.814917,432834.00
03/10/2026,1384.447461,1409.437668,1371.862427,1383.078003,389900,0.000,0.0,-,858.384465,1205.248048,1377.981189,1395.065930,429866.00
03/09/2026,1246.251616,1373.111937,1224.760038,1371.862427,600500,0.000,0.0,-,853.790119,1196.730437,1372.951337,1403.482385,425168.00
03/06/2026,1289.494739,1327.160034,1270.192243,1278.559082,557000,0.700,0.0,-,849.288370,1188.583005,1365.815192,1407.524390,419712.00
03/05/2026,1407.566851,1414.700363,1286.737057,1346.992065,553300,0.000,0.0,-,845.241513,1182.010305,1359.233459,1425.758313,417612.00
03/04/2026,1406.327989,1439.687593,1378.962920,1429.077271,390400,0.000,0.0,-,840.861122,1173.868127,1347.823364,1428.286023,566746.00
03/03/2026,1410.714053,1410.714053,1342.805984,1389.893066,614700,0.000,0.0,-,836.025156,1163.640651,1336.812897,1417.205127,569188.00
03/02/2026,1404.240003,1437.809379,1388.274576,1436.930176,388300,0.000,0.0,-,831.405744,1153.502491,1326.077679,1411.868982,572896.00
02/27/2026,1417.417911,1440.307081,1394.568745,1428.068237,489600,0.000,0.0,-,826.539784,1144.116246,1311.284161,1401.849109,573698.00
02/26/2026,1451.966509,1456.432409,1376.345378,1436.920166,456200,0.000,0.0,-,821.651498,1134.906841,1298.400403,1388.925879,571912.00
02/25/2026,1466.662986,1498.633841,1441.196211,1449.278809,405800,0.000,0.0,-,816.634324,1125.509807,1284.953662,1378.976953,580172.00
02/24/2026,1408.885834,1479.621285,1373.747819,1467.242554,507100,0.000,0.0,-,811.576639,1117.003965,1270.455878,1360.896448,580834.00
02/23/2026,1461.667504,1464.155226,1386.276271,1412.282471,734700,0.000,0.0,-,806.394297,1108.067709,1253.419910,1342.420288,578722.00
02/20/2026,1413.221804,1475.594880,1388.734115,1460.898315,923600,0.000,0.0,-,801.470857,1099.476343,1238.826715,1324.105994,570926.00
02/19/2026,1321.695269,1376.245521,1300.814278,1372.269165,696500,0.000,0.0,-,796.335836,1090.029954,1222.315259,1292.708606,565408.00
02/18/2026,1342.816003,1370.750500,1313.023092,1318.268311,458500,0.000,0.0,-,791.628062,1082.595929,1211.049524,1267.360706,559106.00
02/17/2026,1316.689719,1363.636912,1306.459055,1336.531616,425200,0.000,0.0,-,787.120267,1076.305265,1201.821930,1256.420667,560302.00
02/13/2026,1311.804217,1353.765966,1275.707116,1336.731445,297700,0.000,0.0,-,782.418985,1068.543341,1190.943347,1240.286377,557804.00
02/12/2026,1345.023811,1397.725765,1297.786845,1298.835938,505400,0.000,0.0,-,777.716653,1060.507267,1178.609094,1220.719214,561168.00
02/11/2026,1313.103108,1363.706883,1305.589937,1337.430908,461800,0.000,0.0,-,773.188150,1053.737040,1166.274341,1207.874927,559108.00
02/10/2026,1278.954192,1293.820646,1248.861627,1268.473755,308500,0.000,0.0,-,768.481773,1046.509426,1153.010925,1190.930371,553322.00
02/09/2026,1227.730817,1298.756038,1217.939815,1282.480957,356100,0.000,0.0,-,764.014422,1040.541266,1141.448962,1180.015308,554000.00
02/06/2026,1173.929846,1229.369297,1173.929846,1229.139526,278900,0.000,0.0,-,759.374814,1034.015015,1127.799405,1164.419531,554430.00
02/05/2026,1118.780173,1161.291347,1096.410550,1146.924438,462400,0.000,0.0,-,754.925310,1028.316410,1114.872690,1153.547437,612976.00
02/04/2026,1198.907067,1213.313978,1074.380572,1118.790161,625800,0.000,0.0,-,750.826276,1023.243236,1109.235330,1151.921912,614434.00
02/03/2026,1193.911584,1218.888814,1173.779912,1208.867920,357300,0.000,0.0,-,746.966496,1018.375273,1105.004184,1154.738342,614920.00
02/02/2026,1141.739232,1177.356788,1137.023560,1175.188721,329700,0.000,0.0,-,742.662358,1012.790966,1096.129282,1147.223193,614744.00
01/30/2026,1154.647404,1185.069745,1130.189718,1141.059814,312000,0.000,0.0,-,738.561753,1007.690215,1087.506143,1141.600317,615224.00
01/29/2026,1179.115096,1199.236768,1143.957204,1170.393066,306100,0.000,0.0,-,734.608816,1003.248665,1077.075153,1136.498975,617012.00
01/28/2026,1164.318650,1177.926241,1146.584816,1167.985352,299100,0.000,0.0,-,730.495109,998.016234,1065.858881,1124.673755,622676.00
01/27/2026,1137.812701,1166.926174,1122.456705,1159.323120,268000,0.000,0.0,-,726.336772,992.590580,1054.949823,1115.091479,629788.00
01/26/2026,1125.484101,1147.194293,1116.811953,1126.523193,272000,0.000,0.0,-,722.318286,988.838000,1045.131277,1102.882617,630626.00
01/23/2026,1130.669244,1135.864582,1104.383270,1120.418579,271700,0.000,0.0,-,718.241714,985.368992,1036.664990,1091.179279,629652.00
01/22/2026,1168.934354,1176.797181,1100.097085,1130.669189,368200,0.000,0.0,-,714.195266,982.413676,1028.868604,1076.197943,629814.00
01/21/2026,1140.080729,1157.295017,1113.984522,1146.954468,414800,0.000,0.0,-,710.019716,978.876323,1019.831348,1066.548749,632220.00
01/20/2026,1097.839105,1139.641083,1091.005369,1133.716431,545100,0.000,0.0,-,705.836802,975.063589,1009.477783,1055.270026,630032.00
01/16/2026,1105.991802,1145.985374,1102.055449,1118.959961,507200,0.000,0.0,-,701.874131,972.114700,998.677133,1045.035370,625512.00
01/15/2026,1089.257067,1113.594867,1074.020956,1090.046387,408100,0.000,0.0,-,697.924041,968.825511,986.878391,1033.411969,623328.00
01/14/2026,1064.070058,1078.287079,1023.187282,1052.140869,403700,0.000,0.0,-,694.080290,966.548130,980.756967,1017.651331,619880.00
01/13/2026,1038.173564,1077.717470,1038.173564,1072.162598,378700,0.000,0.0,-,690.434939,964.787429,976.529822,1007.044006,618072.00
01/12/2026,1009.080109,1045.047321,999.089217,1037.234497,528200,0.000,0.0,-,686.730199,962.580763,971.275116,994.808167,620682.00
01/09/2026,977.079347,1021.179164,976.779633,1009.489807,362900,0.000,0.0,-,683.266535,962.018014,970.612726,987.379938,617778.00
01/08/2026,1034.177280,1039.052840,958.925869,970.605225,512900,0.000,0.0,-,680.078404,961.417664,971.159723,982.150702,617664.00
01/07/2026,1027.753049,1047.475182,1004.764057,1034.177246,441700,0.000,0.0,-,677.115497,961.504744,971.765170,981.539264,617102.00
01/06/2026,1023.796685,1034.167236,951.872261,1034.167236,648400,0.000,0.0,-,673.699715,960.424424,969.485251,973.113947,629304.00
01/05/2026,1019.580571,1049.493245,1019.580571,1031.369873,435100,0.000,0.0,-,670.307108,956.215887,967.805286,963.685541,629396.00
01/02/2026,937.545379,1004.044757,937.545379,1002.725952,395900,0.000,0.0,-,666.932176,951.378745,966.423547,952.318896,634396.00
12/31/2025,949.644351,954.080310,931.480916,932.440002,192800,0.000,0.0,-,663.609606,947.886101,963.709021,940.344812,633110.00
12/30/2025,949.804211,957.187496,943.370074,946.067627,216100,0.000,0.0,-,660.673603,945.946752,963.833408,943.862604,634436.00
12/29/2025,953.071241,963.801450,942.640746,949.804199,259200,0.000,0.0,-,657.643445,943.558518,964.546255,946.015637,637888.00
12/26/2025,960.784142,966.199250,952.431770,962.952209,170500,0.000,0.0,-,654.525427,941.312423,965.858557,947.742065,639036.00
12/24/2025,963.152043,963.841356,952.132059,957.197449,155000,0.000,0.0,-,651.384880,938.770018,966.214233,953.845514,645240.00
12/23/2025,947.466385,969.116633,945.368261,964.490845,327700,0.000,0.0,-,648.216588,936.238469,966.162781,960.168744,648910.00
12/22/2025,954.230145,973.462613,943.010392,949.924072,452000,0.000,0.0,-,644.955411,933.842621,965.148703,961.991077,647160.00
12/19/2025,928.203823,951.972195,921.210199,939.883179,8010000,0.000,0.0,-,641.819799,931.140620,962.315787,965.856555,644364.00
12/18/2025,907.173051,925.636201,895.373810,917.703430,512500,0.000,0.0,-,638.753605,929.011470,959.091229,971.925031,488976.00
12/17/2025,969.416332,975.730584,877.789892,882.985107,800100,0.000,0.0,-,635.900753,927.524010,959.688684,980.528198,483612.00
12/16/2025,984.202777,984.202777,952.271924,967.617920,428400,0.000,0.0,-,633.174154,926.169976,961.546988,987.073230,474598.00
12/15/2025,961.983085,985.301855,960.524453,967.597961,400300,0.000,0.0,-,630.056298,923.300813,959.115207,983.804211,470948.00
12/12/2025,1010.768637,1022.937537,911.569084,967.068481,869200,0.000,0.0,-,627.026899,920.284077,956.173886,983.076874,468650.00
12/11/2025,1015.474434,1024.466238,974.162053,1023.986694,438900,0.000,0.0,-,623.966796,917.576873,952.655594,983.975049,457366.00
12/10/2025,992.505193,1028.012802,967.418077,1020.429749,401500,0.000,0.0,-,620.712549,913.758263,950.040967,978.582953,454520.00
12/09/2025,983.003947,996.921253,977.109296,982.714172,344900,0.000,0.0,-,617.440196,909.828071,946.673117,972.156818,452678.00
12/08/2025,1007.731443,1035.725945,985.211931,988.578857,647700,0.000,0.0,-,614.311372,906.185305,946.170047,968.306329,451782.00
12/05/2025,1007.161958,1013.855869,976.280074,1000.567932,381400,0.000,0.0,-,611.180403,902.476368,944.431183,958.775018,444582.00
12/04/2025,949.134852,1005.683283,939.143959,1003.735107,518300,0.000,0.0,-,608.079737,898.078737,942.218674,946.257428,446348.00
12/03/2025,934.148461,952.621611,909.221171,948.435425,300300,0.000,0.0,-,605.031581,893.809067,941.345517,938.849170,441670.00
12/02/2025,971.704206,987.779517,934.098473,934.927734,465900,0.000,0.0,-,602.253601,890.900602,941.648773,936.020746,442322.00
12/01/2025,960.134756,964.071170,945.637961,960.324585,402400,0.000,0.0,-,599.526384,888.609359,943.711252,934.426202,441496.00
11/28/2025,978.757786,980.026588,964.171046,976.050232,172500,0.000,0.0,-,596.691248,885.332710,943.900314,929.270898,447166.00
11/26/2025,961.123874,982.024804,959.395469,970.065735,342400,0.000,0.0,-,593.793761,881.774896,943.189267,921.336139,451042.00
11/25/2025,935.926898,956.388227,909.191259,956.168396,377600,0.000,0.0,-,591.106941,877.608485,945.140833,921.498981,454854.00
11/24/2025,923.048586,957.956767,909.261167,944.209290,3206200,0.000,0.0,-,588.640387,874.004987,946.306027,921.189417,455424.00
11/21/2025,878.159522,895.703527,849.225875,893.265747,535300,0.000,0.0,-,586.209435,870.737921,947.843524,924.033765,399240.00
11/20/2025,953.990365,974.671525,869.087778,875.392029,650100,0.000,0.0,-,584.081436,867.923392,952.188300,930.087347,394568.00
11/19/2025,928.893209,949.084825,910.170287,929.652527,348500,0.000,0.0,-,581.921048,865.690394,949.605719,938.179919,392762.00
11/18/2025,900.619002,936.056668,894.964184,920.151184,353700,0.000,0.0,-,579.388657,862.116379,942.598730,943.841864,398126.00
11/17/2025,913.966852,936.925965,904.225732,918.982300,401400,0.000,0.0,-,576.913678,857.882291,937.995859,947.276801,397284.00
11/14/2025,860.725378,930.541739,840.893420,908.771545,589300,0.000,0.0,-,574.492829,853.798187,933.820370,952.996301,396014.00
11/13/2025,962.592526,973.862283,891.537301,896.702637,654700,0.600,0.0,-,572.108647,849.727389,929.714590,958.529730,394704.00
11/12/2025,960.221705,979.502221,956.327635,971.694153,309900,0.000,0.0,-,569.747675,846.250231,926.754431,965.042395,388486.00
11/11/2025,956.417615,973.461562,940.561854,953.072754,223300,0.000,0.0,-,566.960872,840.808752,919.961322,968.782684,388700.00
11/10/2025,976.616681,992.482436,963.576622,972.652771,279800,0.000,0.0,-,564.207741,835.698165,913.838684,971.422638,391496.00
11/07/2025,936.008774,955.389113,908.710488,953.801575,488500,0.000,0.0,-,562.053207,830.291233,907.440967,971.653284,393402.00
11/06/2025,984.834143,990.495469,946.562646,956.317749,305400,0.000,0.0,-,560.008608,825.793112,900.492090,974.289252,390956.00
11/05/2025,961.859289,995.787391,954.600368,986.271973,319100,0.000,0.0,-,557.966163,820.841683,894.347485,961.031519,392610.00
11/04/2025,955.528945,965.903097,923.637706,954.500549,398000,0.000,0.0,-,555.669164,815.242444,887.200409,941.355597,394830.00
11/03/2025,974.449968,981.189662,958.833832,976.177307,235700,0.000,0.0,-,553.404386,809.954928,880.239551,928.714917,391250.00
10/31/2025,967.820126,985.692822,949.727796,964.105835,313300,0.000,0.0,-,551.038044,804.199928,872.638675,914.644440,397060.00
10/30/2025,992.921757,1018.702344,955.698644,961.829285,509200,0.000,0.0,-,548.676060,798.776621,865.271442,900.899451,397028.00
10/29/2025,989.477022,1018.173134,989.477022,1009.097046,383000,0.000,0.0,-,546.188717,793.140840,858.765390,888.466467,395222.00
10/28/2025,973.511434,987.729683,964.964505,979.472290,357200,0.000,0.0,-,543.329290,786.616616,849.963348,871.139960,395012.00
10/27/2025,997.235165,1006.131534,964.275552,974.959229,484800,0.000,0.0,-,540.622417,780.921127,842.185742,856.254730,393204.00
10/24/2025,953.541984,1001.109266,948.549618,980.161255,1051800,0.000,0.0,-,537.988983,775.018352,833.466574,843.228650,391686.00
10/23/2025,790.151763,835.043142,790.151763,823.740417,653000,0.000,0.0,-,535.341933,769.191262,824.615112,826.694928,379304.00
10/22/2025,837.958699,846.385816,769.293673,789.512756,685100,0.000,0.0,-,533.493265,766.727030,822.462408,827.663452,379486.00
10/21/2025,830.849546,833.725154,810.850159,828.093750,331600,0.000,0.0,-,531.778502,765.276813,822.499353,833.045221,373376.00
10/20/2025,841.203761,853.155518,830.989399,835.472534,259100,0.000,0.0,-,529.771028,762.550107,821.245273,831.764185,371782.00
10/17/2025,826.715851,840.614642,808.763321,826.655945,388700,0.000,0.0,-,527.704559,759.644897,820.489926,830.632910,374122.00
10/16/2025,845.497170,847.933448,826.376444,837.499451,316600,0.000,0.0,-,525.708206,756.969297,818.981735,829.643433,371484.00
10/15/2025,848.702306,849.291432,825.917138,835.831970,480700,0.000,0.0,-,523.671276,753.997406,817.014740,829.064313,371186.00
10/14/2025,828.443331,850.200043,812.457763,830.619995,338500,0.000,0.0,-,521.676631,751.078820,813.310400,828.786737,368654.00
10/13/2025,842.571672,860.454363,831.129207,844.698425,240200,0.000,0.0,-,519.697991,748.418326,810.579074,828.116754,370138.00
10/10/2025,838.437890,857.239158,813.865479,814.824036,312200,0.000,0.0,-,517.639850,745.399238,807.386954,823.704498,376382.00
10/09/2025,843.330497,845.597051,820.295711,833.425659,240600,0.000,0.0,-,515.748204,743.137281,804.272717,822.535297,383868.00
10/08/2025,823.700488,850.339746,815.692713,843.330444,244300,0.000,0.0,-,513.747522,740.496707,800.788541,817.261365,387730.00
10/07/2025,831.578416,835.612287,794.784701,815.283386,349400,0.000,0.0,-,511.686862,737.352720,796.169608,811.953485,392234.00
10/06/2025,828.453213,841.673050,821.993120,824.159790,245900,0.000,0.0,-,509.872714,734.875437,790.827777,810.726361,399976.00
10/03/2025,836.820464,839.496426,814.754228,816.761169,285400,0.000,0.0,-,508.056546,732.136217,785.358643,810.346942,420140.00
10/02/2025,834.613843,851.008757,818.748088,831.708252,305000,0.000,0.0,-,506.274134,727.032404,779.782166,808.320038,424652.00
10/01/2025,811.828662,842.511726,810.510670,833.056213,296600,0.000,0.0,-,504.450488,721.331915,774.338989,804.965167,425366.00
09/30/2025,806.606674,826.705885,804.030596,823.920166,309400,0.000,0.0,-,502.636032,715.289774,767.667191,797.834064,427146.00
09/29/2025,813.346379,822.242749,798.199495,800.575867,300100,0.000,0.0,-,500.802245,709.685981,761.348352,793.041394,425062.00
09/26/2025,783.412170,806.736493,778.809223,803.132019,287700,0.000,0.0,-,499.102701,704.733262,756.434866,791.069409,423604.00
09/25/2025,775.104848,788.464426,755.844319,780.686340,469700,0.000,0.0,-,497.561017,699.655983,752.723041,786.010138,424378.00
09/24/2025,809.951505,816.092140,786.667102,790.251648,284400,0.000,0.0,-,496.132257,694.950391,749.126041,784.315717,421048.00
09/23/2025,817.180484,823.740461,793.836174,803.012146,332900,0.000,0.0,-,494.674786,689.901635,744.928958,780.385730,420194.00
09/22/2025,791.320047,823.031507,790.002055,820.365601,424600,0.000,0.0,-,493.127478,684.676091,739.284589,770.929193,419870.00
09/19/2025,797.680312,801.404598,781.664762,796.492126,685900,0.000,0.0,-,491.462442,679.034634,732.687674,760.370343,416656.00
09/18/2025,766.917340,805.348565,766.158491,798.159546,366300,0.000,0.0,-,489.935389,673.756302,727.510092,751.244293,410120.00
09/17/2025,779.907409,781.505002,756.722890,761.745178,533000,0.000,0.0,-,488.367046,668.469567,721.604126,743.712811,410940.00
09/16/2025,779.328397,784.031167,767.746070,775.993469,406100,0.000,0.0,-,487.067738,663.759457,717.661160,737.500317,407930.00
09/15/2025,756.842748,781.265426,753.847328,780.856018,397000,0.000,0.0,-,485.652188,659.044952,713.596378,729.655310,405420.00
09/12/2025,761.315865,769.004121,750.702089,752.539307,301700,0.000,0.0,-,484.192315,654.223219,708.544601,721.800323,400726.00
09/11/2025,762.514024,771.040963,753.847284,763.742126,559800,0.000,0.0,-,482.868600,649.746716,705.357974,719.435944,400374.00
09/10/2025,725.680424,755.964138,720.767952,750.951782,616700,0.000,0.0,-,481.420575,644.881725,702.197308,713.936365,396496.00
09/09/2025,716.055139,716.404580,696.994257,708.446777,311600,0.000,0.0,-,480.027442,640.562892,700.499814,709.472186,392654.00
09/08/2025,710.913013,717.293272,702.675608,714.777100,337900,0.000,0.0,-,478.730204,637.070013,699.665399,707.639984,396484.00
09/05/2025,720.238710,725.890042,680.958747,705.231628,523800,0.000,0.0,-,477.371547,633.072974,698.437146,705.005005,394654.00
09/04/2025,705.870681,723.483764,700.808414,722.844727,343800,0.000,0.0,-,476.032692,629.097623,697.819360,703.775891,388634.00
09/03/2025,700.119476,704.842235,695.326816,699.620239,320600,0.000,0.0,-,474.638227,624.884155,696.122369,699.495441,388102.00
09/02/2025,685.951136,699.160918,669.166803,697.543396,363100,0.000,0.0,-,473.443197,620.928839,695.636490,697.822003,387526.00
08/29/2025,727.946939,727.946939,690.394373,702.306152,375100,0.000,0.0,-,472.276806,616.955992,695.639087,697.537445,395682.00
08/28/2025,712.879957,731.681226,708.985948,728.895508,366200,0.000,0.0,-,471.063521,612.867935,695.210980,695.288879,397488.00
08/27/2025,703.424458,716.144998,701.926748,708.746338,388100,0.000,0.0,-,469.623582,608.175253,693.852515,691.280005,397300.00
08/26/2025,691.472700,707.917525,690.214614,706.309998,430100,0.000,0.0,-,468.254843,603.996108,693.485043,690.458252,394712.00
08/25/2025,689.915055,698.931298,683.315161,690.124756,219000,0.000,0.0,-,466.767522,599.702256,692.476099,691.527441,392822.00
08/22/2025,694.897455,715.795493,687.358933,688.427307,526200,0.000,0.0,-,465.258615,595.902327,692.540823,691.690814,392204.00
08/21/2025,678.742229,694.108687,677.364331,692.940491,311700,0.000,0.0,-,463.767794,592.045551,692.479398,691.869287,386572.00
08/20/2025,673.639974,684.024121,654.958577,680.040222,418900,0.000,0.0,-,462.248091,587.919113,685.910898,691.862830,390468.00
08/19/2025,691.762307,693.329917,680.539476,682.885864,372500,0.000,0.0,-,460.788462,584.322471,679.243079,692.749298,392148.00
08/18/2025,679.820538,694.697815,677.364333,694.697815,266800,0.000,0.0,-,459.344449,580.852305,671.646243,693.450977,391516.00
08/15/2025,688.267601,700.928235,670.674507,679.820496,408900,0.000,0.0,-,457.807304,576.918609,664.097879,693.740729,391156.00
08/14/2025,692.251508,707.138718,687.199235,688.806763,432700,0.500,0.0,-,456.251037,573.272482,657.753848,695.133081,388404.00
08/13/2025,723.587139,731.609125,681.132309,700.528809,662100,0.000,0.0,-,454.863567,569.409713,650.776913,696.425024,388276.00
08/12/2025,695.250688,718.388796,687.787446,717.001892,379600,0.000,0.0,-,453.410226,564.919385,643.020810,696.511835,381538.00
08/11/2025,692.506806,693.744021,685.861736,691.758484,251900,0.000,0.0,-,451.888395,560.122543,634.061407,693.424756,380394.00
08/08/2025,697.944694,707.144033,682.539242,690.212036,376100,0.000,0.0,-,450.539885,555.842543,626.560233,693.390833,380456.00
08/07/2025,696.208468,698.433458,683.467026,692.875916,256800,0.000,0.0,-,449.165633,551.555358,618.964267,693.089508,381556.00
08/06/2025,689.902669,693.125422,678.757683,688.904907,301700,0.000,0.0,-,447.785870,547.384116,610.949249,679.958966,385672.00
08/05/2025,703.422314,709.408887,680.972666,689.902649,354100,0.000,0.0,-,446.403879,543.014915,603.195142,665.736859,384874.00
08/04/2025,705.138416,705.138416,683.157748,697.595337,412700,0.000,0.0,-,445.011278,538.440974,595.011993,649.841510,383920.00
08/01/2025,679.705498,704.370210,665.517349,693.744019,552400,0.000,0.0,-,443.608117,533.773245,587.145639,634.455029,380542.00
07/31/2025,709.528705,716.792443,696.867099,701.726196,686500,0.000,0.0,-,442.206904,529.328614,579.446906,620.374615,375250.00
07/30/2025,692.397137,703.502236,686.061310,701.396912,433700,0.000,0.0,-,440.724098,524.677844,570.796304,605.128802,366356.00
07/29/2025,696.787196,706.984358,681.471571,686.131104,469500,0.000,0.0,-,439.259601,520.068182,561.751086,589.529785,364010.00
07/28/2025,695.440261,707.812537,676.103625,691.419250,736500,0.000,0.0,-,437.844922,515.583242,554.195038,574.698059,363528.00
07/25/2025,663.811241,697.824984,646.779431,687.198792,1254100,0.000,0.0,-,436.410070,511.075074,546.314218,559.729633,359352.00
07/24/2025,550.515274,563.755597,542.034295,561.570496,511000,0.000,0.0,-,434.976226,506.605860,537.700534,544.839026,345428.00
07/23/2025,537.524389,553.718110,537.055470,546.683838,340700,0.000,0.0,-,434.130632,504.382670,534.945215,541.939532,340138.00
07/22/2025,543.032043,543.032043,512.839751,530.949158,385600,0.000,0.0,-,433.374393,502.118702,533.219589,540.653424,339050.00
07/21/2025,552.131671,554.935380,542.263788,543.730530,205200,0.000,0.0,-,432.657385,500.254554,531.764853,540.182477,338712.00
07/18/2025,551.602913,558.108282,546.763730,552.939880,227200,0.000,0.0,-,431.880300,497.995426,529.523380,539.836249,341330.00
07/17/2025,548.040838,554.007437,543.221630,549.268066,326400,0.000,0.0,-,431.055775,495.488517,526.771548,538.519196,341052.00
07/16/2025,540.537654,548.599589,534.421367,545.406738,303200,0.000,0.0,-,430.283183,493.181038,524.021217,536.463806,340880.00
07/15/2025,549.078557,549.078557,533.802819,537.813843,241700,0.000,0.0,-,429.509156,490.887191,521.740334,533.972388,343702.00
07/14/2025,538.292694,547.970999,533.283908,541.734985,316700,0.000,0.0,-,428.750861,488.465101,519.430511,533.692017,351674.00
07/11/2025,531.408141,541.824781,528.833958,538.292725,263900,0.000,0.0,-,427.969478,485.555904,517.350177,532.898804,353656.00
07/10/2025,533.802790,538.252831,515.873032,532.575562,359100,0.000,0.0,-,427.193768,482.715353,515.214966,530.562042,357364.00
07/09/2025,534.471263,540.058768,528.055659,533.822754,407300,0.000,0.0,-,426.422320,479.926547,512.917117,527.950897,360772.00
07/08/2025,539.689560,542.782598,518.826320,526.239685,382500,0.000,0.0,-,425.526605,477.173203,511.236386,525.785754,378940.00
07/07/2025,540.038784,547.990919,534.980122,540.268250,280600,0.000,0.0,-,424.670746,474.148481,510.393280,523.347229,380920.00
07/03/2025,527.886028,542.523181,527.886028,539.769348,162300,0.000,0.0,-,423.710872,470.434303,508.280519,519.210510,382526.00
07/02/2025,517.579113,530.290593,516.421736,528.714172,284100,0.000,0.0,-,422.741604,466.423688,506.167760,515.023901,387474.00
07/01/2025,530.140957,534.920216,508.858674,520.492554,365900,0.000,0.0,-,421.784289,462.391758,504.515466,511.578629,388828.00
06/30/2025,533.902569,540.328161,529.472502,535.010132,424600,0.000,0.0,-,420.843362,458.918591,502.291458,509.508279,388236.00
06/27/2025,519.255464,535.239637,516.122537,533.802856,503100,0.000,0.0,-,419.746236,455.179194,499.398943,505.169006,385538.00
06/26/2025,512.620282,516.760958,511.033813,514.925110,246400,0.000,0.0,-,418.615205,451.604492,496.596722,501.801550,381308.00
06/25/2025,515.803182,519.065823,506.434180,506.464111,222800,0.000,0.0,-,417.545736,448.315440,494.643108,499.867889,382554.00
06/24/2025,508.140358,515.134650,503.620496,512.171326,317200,0.000,0.0,-,416.541700,445.139189,493.535591,497.883337,384702.00
06/23/2025,496.456534,503.031783,488.883523,501.854431,291800,0.000,0.0,-,415.542603,441.622122,491.449269,496.687018,390190.00
06/20/2025,499.449850,502.343354,490.400139,498.901062,770900,0.000,0.0,-,414.599218,438.697551,489.416827,497.439331,400286.00
06/18/2025,494.141707,507.571577,494.141707,497.903259,465400,0.000,0.0,-,413.863090,434.943706,487.682217,497.350528,394982.00
06/17/2025,495.099561,503.171453,492.006492,494.261444,356800,0.000,0.0,-,413.101163,431.208223,486.362679,497.311618,404238.00
06/16/2025,496.775832,509.946274,496.027510,499.789062,258700,0.000,0.0,-,412.316958,427.234177,485.108990,497.452304,412758.00
06/13/2025,494.720427,498.282445,488.444525,491.617401,335600,0.000,0.0,-,411.486960,423.445826,483.665230,495.074637,420444.00
06/12/2025,490.649555,500.517438,490.649555,500.128296,188100,0.000,0.0,-,410.707619,420.437126,482.178564,493.628879,422784.00
06/11/2025,489.402363,498.661595,485.640811,495.588501,244600,0.000,0.0,-,409.890647,417.013396,480.472691,491.391895,429202.00
06/10/2025,500.168219,501.365515,468.110115,486.618591,506500,0.000,0.0,-,409.088864,413.527553,478.880171,489.418326,440710.00
06/09/2025,508.000681,508.768947,496.107342,500.208130,502900,0.000,0.0,-,408.366897,410.256594,477.069791,489.187845,444088.00
06/06/2025,504.538441,510.135873,499.050749,509.377563,340900,0.000,0.0,-,407.510779,406.876721,473.733656,486.211520,447400.00
06/05/2025,499.878841,503.361022,490.709405,498.013031,248800,0.000,0.0,-,406.619359,403.579205,470.151866,481.394324,452654.00
06/04/2025,494.780302,501.575060,492.485430,497.514160,271300,0.000,0.0,-,405.773819,401.056217,466.789922,478.013907,455090.00
06/03/2025,479.235160,497.743636,479.235160,495.668304,426300,0.000,0.0,-,404.964646,398.666411,463.293935,475.413739,458844.00
06/02/2025,473.737493,477.139866,464.009312,476.012390,325200,0.000,0.0,-,404.125855,395.773460,460.205226,472.765677,464600.00
05/30/2025,476.930324,479.594363,465.845201,477.159821,322400,0.000,0.0,-,403.341325,393.366130,457.940324,472.255823,465996.00
05/29/2025,481.470130,486.069829,469.626698,477.758453,255000,0.000,0.0,-,402.511814,390.950604,454.917802,470.728250,471402.00
05/28/2025,485.431308,487.037721,473.158843,475.852814,431100,0.000,0.0,-,401.681250,388.159673,450.843636,469.553488,475940.00
05/27/2025,482.348189,489.262674,472.520225,484.313782,462600,0.000,0.0,-,400.872736,385.547404,446.864255,468.342017,474124.00
05/23/2025,451.666993,473.937053,451.637061,470.444885,261800,0.000,0.0,-,399.945491,382.661850,442.305328,464.951736,472780.00
05/22/2025,460.437331,466.972661,451.028441,461.205597,306400,0.000,0.0,-,399.131866,379.776964,438.590860,461.255792,475164.00
05/21/2025,464.089136,475.653196,461.395166,464.208862,243800,0.000,0.0,-,398.321057,377.249707,434.280760,458.909409,478548.00
05/20/2025,466.932757,474.605551,466.932757,471.512482,287800,0.000,0.0,-,397.521469,374.436312,428.798285,455.565936,487446.00
05/19/2025,461.425094,470.624463,460.297618,469.187683,241800,0.000,0.0,-,396.787181,371.251172,422.184592,451.174130,495120.00
05/16/2025,465.865174,471.911611,460.676798,470.913849,316400,0.450,0.0,-,396.093089,368.323449,415.081090,447.644775,504216.00
05/15/2025,462.512079,468.502816,459.461894,461.884094,445400,0.000,0.0,-,395.257540,365.438060,408.877107,443.624826,512234.00
05/14/2025,472.838843,473.476806,463.797951,466.010834,527700,0.000,0.0,-,394.508435,363.143040,403.184918,439.107355,514902.00
05/13/2025,453.949582,470.227201,451.985898,463.738098,557900,0.000,0.0,-,393.717626,360.576129,397.637764,432.133783,521808.00
05/12/2025,454.388206,457.378586,445.347284,450.410980,246500,0.000,0.0,-,392.850625,358.182303,391.974484,425.386493,524888.00
05/09/2025,440.283580,441.788717,429.408562,433.485443,286300,0.000,0.0,-,392.088720,356.408446,386.836513,419.658920,534524.00
05/08/2025,437.701880,448.128360,433.874197,437.741760,368700,0.000,0.0,-,391.556791,354.839694,381.978140,415.925928,542072.00
05/07/2025,427.594367,432.279307,421.175016,430.774139,336100,0.000,0.0,-,390.947428,353.547603,377.872346,409.652112,547948.00
05/06/2025,429.089611,433.884185,425.600835,427.594421,213300,0.000,0.0,-,390.305572,352.251305,371.894080,402.030634,559012.00
05/05/2025,427.185705,436.994147,427.185705,433.894135,317800,0.000,0.0,-,389.665055,350.838403,366.070813,393.195053,576626.00
05/02/2025,419.530334,437.921151,419.530334,430.714355,444300,0.000,0.0,-,389.000642,349.408223,359.154065,382.517404,592036.00
05/01/2025,408.994212,427.973162,407.648535,416.709381,640300,0.000,0.0,-,388.487040,348.402631,353.136923,374.129388,596196.00
04/30/2025,380.844777,396.643955,378.781408,396.275116,415800,0.000,0.0,-,388.007338,347.950519,349.360574,367.262482,592038.00
04/29/2025,393.045545,397.461331,386.845489,396.265198,449300,0.000,0.0,-,387.625136,347.881805,345.993907,363.141745,599276.00
04/28/2025,393.813066,403.481973,385.220713,393.135254,529500,0.000,0.0,-,387.229269,347.746190,342.245465,358.562476,597660.00
04/25/2025,383.765385,411.177199,382.768592,396.155518,1315700,0.000,0.0,-,386.802143,347.749432,338.742235,354.014105,604230.00
04/24/2025,353.861624,377.694955,353.861624,375.003601,481500,0.000,0.0,-,386.317727,347.757379,335.495183,348.030353,599514.00
04/23/2025,364.567139,371.524766,352.446130,354.559357,360900,0.000,0.0,-,385.943990,348.911343,333.970090,346.092581,601132.00
04/22/2025,332.928929,344.093025,332.530218,339.238617,409700,0.000,0.0,-,385.673468,351.077304,334.835304,341.757526,598924.00
04/21/2025,343.983370,348.897553,320.917590,327.117645,351800,0.000,0.0,-,385.526906,353.452911,336.774567,338.946573,598880.00
04/17/2025,349.296278,353.851600,340.205499,346.834198,336300,0.000,0.0,-,385.351554,356.263878,337.969722,335.790726,600018.00
04/16/2025,347.063445,353.163815,339.906478,348.040314,289700,0.000,0.0,-,385.082092,358.193484,338.410307,332.144458,601062.00
04/15/2025,353.413068,361.925692,351.628830,355.067749,291600,0.000,0.0,-,384.853109,359.696163,338.827466,331.458667,601046.00
04/14/2025,352.127184,360.948780,343.504898,350.472504,308700,0.000,0.0,-,384.647676,361.097916,337.984676,328.846069,601918.00
04/11/2025,336.318017,348.259610,330.905437,347.651550,330200,0.000,0.0,-,384.453144,362.784713,337.723018,325.928455,603698.00
04/10/2025,338.351460,348.588514,324.535891,336.317993,591600,0.000,0.0,-,384.310432,364.470386,337.342244,323.470364,606504.00
04/09/2025,317.488599,364.377728,305.208100,355.625885,796600,0.000,0.0,-,384.209530,366.234192,336.836372,322.960013,605080.00
04/08/2025,328.742390,335.420917,304.520327,311.208801,505700,0.000,0.0,-,384.003194,367.408346,335.797217,321.847598,609588.00
04/07/2025,280.776722,322.801530,280.617231,311.129089,928200,0.000,0.0,-,384.049206,369.233102,336.413733,327.913083,628394.00
04/04/2025,295.748567,300.403574,275.553526,295.559174,782800,0.000,0.0,-,384.119418,373.845437,336.470052,334.602560,618792.00
04/03/2025,314.268986,321.914404,305.666655,310.371521,643000,0.000,0.0,-,384.240945,378.831891,337.832170,340.148718,611180.00
04/02/2025,319.153266,342.119392,317.638151,341.182404,452600,0.000,0.0,-,384.248657,383.581036,338.645813,344.676157,610122.00
04/01/2025,319.432356,330.347255,316.671250,328.941772,509000,0.000,0.0,-,384.157273,387.294830,338.943347,346.196265,609904.00
03/31/2025,311.786970,321.894438,302.267577,321.296356,820000,0.000,0.0,-,384.096582,390.746895,339.379523,347.123282,606376.00
03/28/2025,327.396758,331.682957,318.704719,323.070648,675400,0.000,0.0,-,383.986263,394.379146,340.517047,349.517581,598482.00
03/27/2025,341.750590,342.428402,328.443393,331.214478,668500,0.000,0.0,-,383.898179,397.751910,342.449420,351.214124,597994.00
03/26/2025,370.577858,372.800718,344.192736,344.501740,603600,0.000,0.0,-,383.756358,400.414835,343.641089,350.712732,591264.00
03/25/2025,376.648242,380.306487,364.008913,371.863647,370600,0.000,0.0,-,383.549591,402.269033,345.072862,349.746835,585718.00
03/24/2025,365.384534,379.150246,362.284521,378.023865,459000,0.000,0.0,-,383.278663,403.593715,344.777641,344.914383,583408.00
03/21/2025,349.445832,355.187341,345.099797,351.020752,714100,0.000,0.0,-,382.884260,404.998685,343.723915,338.337543,581896.00
03/20/2025,353.602460,365.035681,349.415946,355.645905,395000,0.000,0.0,-,382.703086,406.993297,344.292134,335.515622,576534.00
03/19/2025,341.551196,363.470700,338.421281,356.383484,592700,0.000,0.0,-,382.551460,408.960516,345.531575,332.615469,575846.00
03/18/2025,341.102669,342.458294,333.965626,338.211945,481900,0.000,0.0,-,382.435303,410.764047,347.417590,331.690430,570398.00
03/17/2025,337.912913,353.104032,337.912913,345.239349,340300,0.000,0.0,-,382.423321,412.531788,350.148965,331.635764,568310.00
03/14/2025,334.573634,343.943484,333.925725,340.036072,395400,0.000,0.0,-,382.380823,414.070574,352.361218,331.516513,566030.00
03/13/2025,333.845978,339.268505,322.881254,326.200562,381000,0.000,0.0,-,382.381684,415.817562,355.024284,333.684717,561850.00
03/12/2025,338.560792,342.498138,329.798972,334.842773,475600,0.000,0.0,-,382.393583,417.895818,358.541899,336.569446,557242.00
03/11/2025,312.375058,333.576838,308.019077,323.539124,688700,0.000,0.0,-,382.353277,419.937025,363.434850,340.398889,550750.00
03/10/2025,310.800123,318.226244,304.988831,312.255463,671500,0.400,0.0,-,382.362283,422.164083,370.400764,344.640900,538762.00
03/07/2025,328.764991,331.492826,311.034005,322.801544,696600,0.000,0.0,-,382.397198,424.580377,377.688940,349.110287,530454.00
03/06/2025,335.962838,340.801292,320.272779,326.644379,717300,0.000,0.0,-,382.354586,426.854244,384.932161,353.068646,528310.00
03/05/2025,341.020343,352.260233,336.978357,347.133087,578800,0.000,0.0,-,382.319445,428.987139,390.765668,358.447681,523832.00
03/04/2025,330.527080,351.075525,320.989595,337.665283,873000,0.000,0.0,-,382.271106,430.668448,394.567726,363.144751,523148.00
03/03/2025,362.982483,366.287761,341.368806,344.046844,711900,0.000,0.0,-,382.244068,432.964218,398.942232,368.662167,511436.00
02/28/2025,352.797868,361.777871,348.825579,361.718109,728300,0.000,0.0,-,382.176028,435.301802,403.480508,373.205923,504110.00
02/27/2025,376.661529,379.140472,354.818861,355.047852,663700,0.000,0.0,-,382.080802,437.273018,406.991362,376.363852,495262.00
02/26/2025,382.575160,394.711083,373.067541,373.137207,662500,0.000,0.0,-,382.029413,439.511642,410.464384,380.514352,487230.00
02/25/2025,355.097626,374.102932,348.925150,365.959229,889300,0.000,0.0,-,381.882611,441.452195,412.524203,386.470810,479552.00
02/24/2025,372.081888,377.527621,351.861996,356.949341,1094000,0.000,0.0,-,381.758891,443.276266,414.348572,396.160629,466888.00
02/21/2025,409.734132,410.948721,356.640741,362.385132,1088300,0.000,0.0,-,381.640054,445.350623,423.588397,406.267593,451890.00
02/20/2025,393.247622,397.618160,378.065277,380.434723,652300,0.000,0.0,-,381.392209,447.998822,432.713235,416.795676,434332.00
02/19/2025,388.379300,394.681234,385.651465,394.103790,432400,0.000,0.0,-,381.017773,450.288817,441.082936,423.083655,426510.00
02/18/2025,390.260941,396.005332,378.373909,392.839447,777700,0.000,0.0,-,380.546344,452.381890,447.721353,425.990701,424224.00
02/14/2025,393.844979,395.328359,382.714585,389.484406,368500,0.000,0.0,-,380.118325,454.396113,453.156630,429.222296,414080.00
02/13/2025,401.909043,405.224257,381.828512,393.297394,858000,0.000,0.0,-,379.713436,456.353589,458.827856,433.755093,411040.00
02/12/2025,410.231889,416.444196,395.865915,396.552856,1079900,0.000,0.0,-,379.246337,458.309274,463.748430,437.618872,397226.00
02/11/2025,457.959224,457.959224,427.375511,432.701782,562400,0.000,0.0,-,378.809630,460.068036,467.138823,440.414417,383976.00
02/10/2025,459.850800,466.272198,455.520093,462.857422,250500,0.000,0.0,-,378.178725,461.451671,467.364316,438.577597,379510.00
02/07/2025,471.080771,474.774334,457.849753,458.018982,407500,0.000,0.0,-,377.395948,462.052194,466.126331,432.536514,383480.00
02/06/2025,450.651778,468.133871,448.133004,467.665955,408700,0.000,0.0,-,376.571629,462.669443,465.639000,440.909201,383560.00
02/05/2025,424.926454,446.480399,423.811427,443.314514,388500,0.000,0.0,-,375.676734,463.072049,464.793271,448.630795,381626.00
02/04/2025,428.122208,433.020394,419.968539,423.174255,288900,0.000,0.0,-,374.911093,463.688502,465.327887,459.082217,382326.00
02/03/2025,414.224127,433.518154,411.187640,425.155396,335200,0.000,0.0,-,374.282892,464.671521,466.497177,469.452005,384488.00
01/31/2025,435.031403,447.814435,422.905446,434.812378,397700,0.000,0.0,-,373.664646,465.148396,466.569356,477.090964,382708.00
01/30/2025,433.767044,438.625369,426.280387,431.935181,470500,0.000,0.0,-,372.999853,465.313063,465.937671,483.900620,380444.00
01/29/2025,426.977309,433.358876,415.150009,424.508301,520400,0.000,0.0,-,372.367269,465.423571,465.710185,489.877988,378308.00
01/28/2025,414.612344,422.069135,402.715379,414.333588,1022000,0.000,0.0,-,371.784530,465.812438,465.990439,493.863229,375630.00
01/27/2025,481.882617,481.972214,401.122508,402.446594,1446000,0.000,0.0,-,371.220988,466.738051,467.118913,496.151035,360754.00
01/24/2025,547.938287,549.132975,534.020327,541.745850,448100,0.000,0.0,-,370.728748,467.974422,468.741185,499.716147,338316.00
01/23/2025,540.979305,547.520165,530.267031,544.881897,402200,0.000,0.0,-,369.619349,466.332491,463.307401,490.368799,336126.00
01/22/2025,538.629739,550.636232,538.629739,547.828735,590100,0.000,0.0,-,368.500576,464.253006,457.888051,480.955746,336034.00
01/21/2025,512.715246,526.892062,503.147895,526.872131,441700,0.000,0.0,-,367.312951,461.996403,452.161072,471.573557,332722.00
01/17/2025,506.184313,508.275002,497.542829,501.544983,332600,0.000,0.0,-,366.270127,459.635875,447.377391,463.542349,332198.00
01/16/2025,496.358141,506.453139,492.813937,502.908936,425300,0.000,0.0,-,365.321467,457.371841,444.922832,456.047748,331246.00
01/15/2025,478.836232,491.997584,474.844012,491.708862,651000,0.000,0.0,-,364.393146,455.118926,442.823688,447.974722,329780.00
01/14/2025,444.210520,464.868465,441.114302,464.360718,332000,0.000,0.0,-,363.511988,453.064746,441.252190,441.542383,323468.00
01/13/2025,430.521452,437.838849,426.688527,437.211639,326300,0.000,0.0,-,362.768812,451.539822,441.383107,438.117648,323764.00
01/10/2025,442.438390,442.438390,430.232772,438.097717,255100,0.000,0.0,-,362.162821,450.677252,443.030768,438.086792,325480.00
01/08/2025,450.611950,454.116353,439.730448,448.272369,383400,0.000,0.0,-,361.555726,449.660677,443.984021,437.766223,332704.00
01/07/2025,455.191578,458.825379,428.868875,450.751373,446000,0.000,0.0,-,360.910964,448.066570,444.603761,436.246002,352146.00
01/06/2025,452.991372,460.846353,448.730361,454.006836,360600,0.000,0.0,-,360.262298,447.277799,446.805946,434.820355,349126.00
01/03/2025,428.092365,447.525757,428.092365,446.560059,320300,0.000,0.0,-,359.552769,446.394871,448.852328,432.748587,347382.00
01/02/2025,427.634363,434.832268,421.899907,426.598969,377500,0.000,0.0,-,358.861956,445.716387,451.462196,431.212433,345894.00
12/31/2024,426.330194,427.017135,419.868966,422.178680,226300,0.000,0.0,-,358.265784,445.625537,454.809779,433.797916,342468.00
12/30/2024,423.124457,431.556881,418.136674,427.385468,186400,0.000,0.0,-,357.686898,445.489195,458.068756,437.672653,342436.00
12/27/2024,432.303625,432.950735,422.905502,430.113373,150600,0.000,0.0,-,357.051544,445.279954,461.253563,440.961996,343200.00
12/26/2024,434.882083,437.380927,431.437412,436.903076,151000,0.000,0.0,-,356.390733,444.927818,463.972444,444.648566,345060.00
12/24/2024,433.070161,436.793559,429.774848,434.892029,89300,0.000,0.0,-,355.705755,444.417405,467.221465,447.974744,348310.00
12/23/2024,435.559069,436.056851,428.181939,433.070160,256100,0.000,0.0,-,355.004717,444.058828,470.121042,450.201819,351950.00
12/20/2024,425.464042,441.831110,425.464042,436.494904,589400,0.000,0.0,-,354.378573,443.667452,472.911606,452.961520,351176.00
12/19/2024,441.920703,444.718234,430.999370,433.289154,493400,0.000,0.0,-,353.756356,443.040854,475.476674,458.791537,345136.00
12/18/2024,457.391794,464.470267,428.092363,431.198517,544600,0.000,0.0,-,353.145203,442.545023,477.519073,464.956070,339208.00
12/17/2024,456.963698,457.461480,444.887507,452.453796,287400,0.000,0.0,-,352.551547,441.984960,479.575409,471.711960,334630.00
12/16/2024,461.393972,466.620681,459.253486,460.926056,345600,0.000,0.0,-,351.877759,441.024861,479.402676,475.821643,333106.00
12/13/2024,467.914886,471.329662,457.979151,460.278900,285900,0.000,0.0,-,351.132985,439.814937,478.508659,478.464859,331276.00
12/12/2024,468.323082,474.157070,465.366257,466.979065,262100,0.000,0.0,-,350.348288,438.458394,477.367743,481.545129,329922.00
12/11/2024,463.235712,472.703531,460.020061,470.164856,278600,0.000,0.0,-,349.471352,437.027534,476.216373,483.296323,328290.00
12/10/2024,464.758905,466.750032,455.878495,457.162781,256100,0.000,0.0,-,348.564894,435.375187,475.738843,486.468185,326162.00
12/09/2024,494.665665,494.665665,458.765645,460.667175,344100,0.000,0.0,-,347.691350,433.998201,476.093961,490.040265,325112.00
12/06/2024,499.255210,500.509599,488.712196,494.795074,210400,0.000,0.0,-,346.772403,432.545556,476.043068,492.861691,323658.00
12/05/2024,498.359189,504.043879,490.763065,494.934479,261200,0.000,0.0,-,345.527988,430.544648,473.348695,492.161810,326140.00
12/04/2024,495.113650,501.764007,493.928927,498.757416,318100,0.000,0.0,-,344.253159,428.457988,470.351900,490.082077,326852.00
12/03/2024,489.170155,494.157908,484.082810,493.550629,270500,0.000,0.0,-,342.984715,426.205935,465.856317,487.438858,325850.00
12/02/2024,493.301731,499.603635,485.725507,487.358215,216500,0.000,0.0,-,341.749746,424.044091,460.595949,482.983710,325506.00
11/29/2024,492.803940,497.980882,490.544022,491.081604,167300,0.000,0.0,-,340.567071,421.959938,455.741199,478.552460,337572.00
11/27/2024,506.642286,507.737412,482.848324,484.490997,417400,0.000,0.0,-,339.340082,419.704026,450.637111,473.190356,340974.00
11/26/2024,493.839344,508.523906,487.955560,501.883484,339100,0.000,0.0,-,338.097032,417.107803,445.818286,469.136423,336606.00
11/25/2024,494.347055,498.160080,486.591637,492.883575,449000,0.000,0.0,-,336.796686,414.171490,440.428270,465.009500,333858.00
11/22/2024,487.806244,492.306180,480.010964,488.881439,411500,0.000,0.0,-,335.525365,411.279686,435.147539,462.147656,327934.00
11/21/2024,478.278680,492.176738,475.391552,487.796265,312000,0.000,0.0,-,334.257535,408.420372,429.131819,459.224445,324524.00
11/20/2024,475.879382,479.672477,462.429309,474.137146,423500,0.000,0.0,-,332.969235,405.409472,425.307646,454.535580,322718.00
11/19/2024,453.489180,472.623913,449.068875,472.325226,397000,0.000,0.0,-,331.722491,402.572872,422.093811,450.621722,320452.00
11/18/2024,443.045665,453.817669,442.089932,448.999146,246200,0.000,0.0,-,330.472455,399.438064,419.109343,444.273776,318058.00
11/15/2024,438.376519,445.883078,433.358901,443.045715,284500,0.000,0.0,-,329.374866,396.610016,417.762209,438.208188,318880.00
11/14/2024,444.300088,446.769096,434.832269,437.460571,363700,0.350,0.0,-,328.275840,393.769727,416.378001,432.929938,317776.00
11/13/2024,462.036804,465.339490,443.822334,443.951660,386500,0.000,0.0,-,327.167385,391.133654,415.351143,428.083865,315376.00
11/12/2024,465.558329,471.964733,460.475004,460.614258,278200,0.000,0.0,-,326.049840,388.501658,413.778889,422.500150,312388.00
11/11/2024,467.547908,472.143799,457.948260,464.265137,324100,0.000,0.0,-,324.803441,385.552922,411.317299,415.847040,318312.00
11/08/2024,440.648966,459.649323,439.873036,459.649323,338600,0.000,0.0,-,323.510758,383.301131,408.952200,408.147421,320744.00
11/07/2024,436.978219,443.374696,431.984421,440.907623,397600,0.000,0.0,-,322.232176,381.018502,406.644801,399.039194,325672.00
11/06/2024,429.805799,436.878719,419.818172,434.998566,424500,0.000,0.0,-,321.022249,378.948758,404.857672,396.079712,323844.00
11/05/2024,389.178920,410.188727,389.178920,408.845764,415500,0.000,0.0,-,319.859975,376.924575,403.532623,393.565900,319218.00
11/04/2024,387.746386,394.928718,386.075158,388.343262,285000,0.000,0.0,-,318.854559,375.462643,403.250104,393.944910,315428.00
11/01/2024,393.366931,399.116774,385.945861,390.263214,352000,0.000,0.0,-,317.928339,374.430458,404.055382,397.316229,318006.00
10/31/2024,382.344749,390.661118,380.007003,388.999847,335400,0.000,0.0,-,316.991875,373.329830,404.563715,399.826065,317462.00
10/30/2024,390.661143,394.779559,384.742204,388.114502,346800,0.000,0.0,-,316.051161,372.394336,404.736308,402.618420,316736.00
10/29/2024,384.224860,394.660151,380.802805,394.083160,412100,0.000,0.0,-,315.113782,371.211738,405.102388,405.057629,314358.00
10/28/2024,373.948825,388.830768,371.014203,387.268951,616300,0.000,0.0,-,314.152066,369.951946,404.775606,406.787558,309810.00
10/25/2024,387.915586,387.915586,354.938510,368.567047,1355500,0.000,0.0,-,313.236527,368.784667,404.827832,409.756979,301816.00
10/24/2024,411.690827,414.516007,408.238930,411.312805,295000,0.000,0.0,-,312.401350,368.126917,405.801225,414.250409,278410.00
10/23/2024,409.850486,415.679898,404.956141,409.860443,273400,0.000,0.0,-,311.331708,366.458865,404.973070,413.635632,278382.00
10/22/2024,417.759020,417.778904,411.372501,412.635864,245900,0.000,0.0,-,310.269377,364.643784,404.010120,413.499347,277124.00
10/21/2024,415.729654,422.414595,414.078311,422.056458,206200,0.000,0.0,-,309.177989,362.616219,402.686066,412.555298,277630.00
10/18/2024,416.923358,421.569007,410.258332,415.361572,224700,0.000,0.0,-,308.046393,360.408000,400.856165,410.794534,277278.00
10/17/2024,417.361108,421.678492,413.391934,416.923401,224600,0.000,0.0,-,306.941724,358.383769,399.245613,409.301364,278268.00
10/16/2024,415.321814,417.520275,410.079319,412.506592,243600,0.000,0.0,-,305.859606,356.022599,397.313745,406.854196,281646.00
10/15/2024,417.599838,421.021893,408.437868,411.382446,313500,0.000,0.0,-,304.817382,353.926866,394.422408,405.147147,282562.00
10/14/2024,416.087752,422.225574,412.536400,416.963165,271300,0.000,0.0,-,303.784698,351.680092,391.606677,402.763654,286050.00
10/11/2024,404.836764,415.620204,403.702727,413.501343,217400,0.000,0.0,-,302.728724,349.426653,388.173186,399.898685,294378.00
10/10/2024,400.887455,407.323700,397.445516,405.165039,287400,0.000,0.0,-,301.699236,347.649722,384.793907,397.352042,304942.00
10/09/2024,403.394349,410.924831,403.394349,408.497589,197000,0.000,0.0,-,300.704138,346.153807,381.398218,396.310507,312056.00
10/08/2024,407.114820,409.810672,401.892211,403.195374,315700,0.000,0.0,-,299.686225,344.059939,377.588695,394.520892,317824.00
10/07/2024,397.913092,410.337919,397.913092,404.448822,211200,0.000,0.0,-,298.697552,342.237291,373.208168,392.816833,321666.00
10/04/2024,400.151333,405.483353,395.764337,400.429871,254100,0.000,0.0,-,297.703405,340.305296,368.365565,390.917795,331406.00
10/03/2024,395.644965,398.848166,388.900340,392.451721,218200,0.000,0.0,-,296.708716,338.103455,363.395633,389.189862,345998.00
10/02/2024,387.149539,397.883253,385.329100,395.436096,180500,0.000,0.0,-,295.755356,336.215022,359.055894,387.773294,353870.00
10/01/2024,387.139682,392.332450,379.171461,387.547516,172200,0.000,0.0,-,294.797095,334.848292,354.901683,383.697668,357486.00
09/30/2024,386.970514,390.511938,383.180394,388.313477,203600,0.000,0.0,-,293.856400,333.414728,351.183180,380.449701,359110.00
09/27/2024,394.610411,394.968549,387.537521,388.034912,271400,0.000,0.0,-,292.897091,331.696516,349.351285,376.447687,364788.00
09/26/2024,399.653966,400.967087,390.621353,394.749695,334500,0.000,0.0,-,291.929452,329.925637,347.225433,372.235773,372908.00
09/25/2024,387.965272,395.545512,386.433298,390.601440,296800,0.000,0.0,-,290.918168,328.050874,344.358969,366.485928,376988.00
09/24/2024,385.040633,391.238141,378.465133,386.154785,268000,0.000,0.0,-,289.902126,326.798726,341.518367,360.656497,377140.00
09/23/2024,384.682506,390.193580,379.191285,385.458435,253300,0.000,0.0,-,288.896759,325.491009,338.998087,353.599503,377310.00
09/20/2024,379.151527,385.876238,378.385525,383.150543,819800,0.000,0.0,-,287.905688,324.178535,336.561865,345.813336,376474.00
09/19/2024,366.318805,380.007026,358.728608,378.286041,337400,0.000,0.0,-,286.927348,322.857359,334.165930,337.601404,366204.00
09/18/2024,356.132214,366.487906,352.053599,354.679840,199000,0.000,0.0,-,286.011281,321.445838,332.362885,330.338495,364074.00
09/17/2024,351.397089,355.754243,348.313287,355.067841,201700,0.000,0.0,-,285.198213,320.337689,331.078123,326.105698,366476.00
09/16/2024,343.518390,349.964563,338.634003,348.293335,152800,0.000,0.0,-,284.371795,319.241456,329.879408,321.916660,367282.00
09/13/2024,341.459134,349.914787,341.200481,345.915771,241000,0.000,0.0,-,283.569427,318.284690,328.909993,322.254883,371516.00
09/12/2024,333.073182,343.767097,328.725986,337.251251,221700,0.000,0.0,-,282.825233,317.564899,328.398180,322.215094,375428.00
09/11/2024,317.136694,332.525982,310.232900,332.307129,310200,0.000,0.0,-,282.125303,316.660818,327.931128,322.232010,385900.00
09/10/2024,309.118752,316.878075,306.383099,315.584839,277300,0.000,0.0,-,281.444935,315.873510,327.271092,322.380237,391314.00
09/09/2024,304.483096,309.417241,302.095624,307.596771,287300,0.000,0.0,-,280.824018,315.606690,327.054730,324.396671,491406.00
09/06/2024,307.338169,311.506312,298.653704,301.031219,229300,0.000,0.0,-,280.249342,315.734376,327.257169,327.310394,495134.00
09/05/2024,310.541339,312.013598,302.473635,305.656952,243700,0.000,0.0,-,279.711463,315.945073,327.913107,330.730457,498258.00
09/04/2024,311.396885,317.843089,308.392651,312.351868,237100,0.000,0.0,-,279.144452,316.214117,327.573505,334.387274,498916.00
09/03/2024,351.098567,351.098567,312.471142,313.177460,574400,0.000,0.0,-,278.571649,316.289833,327.341908,336.050549,500718.00
08/30/2024,347.537268,357.465210,345.925725,351.675568,445700,0.000,0.0,-,278.004689,316.313458,326.635223,337.842157,509474.00
08/29/2024,340.156020,357.017600,338.047085,345.517883,585000,0.000,0.0,-,277.183800,315.688168,324.266005,335.565103,507226.00
08/28/2024,333.560648,341.996418,329.760570,337.420410,306200,0.000,0.0,-,276.386118,315.281243,323.222852,334.581265,501792.00
08/27/2024,332.247467,337.420349,329.601341,333.789398,193200,0.000,0.0,-,275.616933,314.930125,322.870296,333.630246,501602.00
08/26/2024,337.649215,343.816851,332.725028,335.749176,226000,0.000,0.0,-,274.865012,314.492615,321.371034,332.161948,503016.00
08/23/2024,338.226183,341.697966,334.993139,336.734009,413900,0.000,0.0,-,274.109336,314.235744,320.186725,329.712790,504528.00
08/22/2024,342.712628,345.915830,335.211957,335.231842,324800,0.000,0.0,-,273.353294,313.837133,318.742477,327.203943,503332.00
08/21/2024,327.462557,342.235086,327.024850,342.225128,299100,0.000,0.0,-,272.607687,313.117148,316.497777,325.095758,503760.00
08/20/2024,331.869483,332.725012,320.936830,328.984619,227900,0.000,0.0,-,271.826320,312.381725,314.288023,320.759735,502262.00
08/19/2024,328.178830,331.362147,323.523254,331.093536,184700,0.000,0.0,-,271.097431,311.859036,314.193773,318.633267,503132.00
08/16/2024,334.933410,335.788909,326.786137,328.905029,216600,0.000,0.0,-,270.342985,311.300131,313.432561,315.428290,505392.00
08/15/2024,334.107731,338.226146,330.158472,335.679504,185200,0.000,0.0,-,269.587788,311.075594,312.107454,312.966907,510972.00
08/14/2024,326.746308,329.999267,324.020613,327.910217,293600,0.000,0.0,-,268.781031,310.344867,310.298027,311.864438,521134.00
08/13/2024,314.570208,319.932071,309.526652,319.106415,210500,0.000,0.0,-,267.902430,310.082383,308.953093,312.110345,524888.00
08/12/2024,312.829342,315.684364,307.487364,311.257599,271200,0.300,0.0,-,267.060615,310.206669,309.397475,310.580121,530648.00
08/09/2024,314.756234,318.373794,308.087636,311.645538,188600,0.000,0.0,-,266.271471,310.644557,309.873041,310.660660,529918.00
08/08/2024,304.142108,314.388504,297.751782,314.149994,274200,0.000,0.0,-,265.471667,311.127958,310.282500,310.281012,531684.00
08/07/2024,316.584894,319.675725,297.622610,298.864899,393500,0.000,0.0,-,264.661769,311.579753,310.429588,307.899796,534134.00
08/06/2024,301.289852,312.390928,296.549288,307.719940,289400,0.000,0.0,-,263.930625,312.406620,310.871843,307.816312,533210.00
08/05/2024,273.661308,302.323423,271.246306,299.043762,487900,0.000,0.0,-,263.174529,312.823828,310.449464,309.754279,533404.00
08/02/2024,309.081472,314.100307,297.403956,304.291199,687700,0.000,0.0,-,262.489956,313.378584,310.510088,311.436832,530072.00
08/01/2024,331.194211,337.892623,315.233286,324.654816,745600,0.000,0.0,-,261.762450,313.799570,310.318279,311.248001,521448.00
07/31/2024,314.130069,339.065314,314.130069,330.369293,643100,0.000,0.0,-,260.926188,313.691241,309.581850,308.731616,513168.00
07/30/2024,313.931308,317.588598,299.232541,303.804169,485400,0.000,0.0,-,260.092520,313.369440,307.665744,305.795840,510090.00
07/29/2024,311.983495,321.057148,311.248039,312.062988,507800,0.000,0.0,-,259.410951,313.685678,307.122621,308.214828,510174.00
07/26/2024,300.415194,313.394623,296.161599,307.849060,698200,0.000,0.0,-,258.687791,314.193724,306.631665,309.085422,509908.00
07/25/2024,303.784363,306.825484,288.837135,290.337830,983700,0.000,0.0,-,257.991051,314.681896,306.938266,310.283987,504754.00
07/24/2024,320.192480,324.505703,296.708248,298.030060,611800,0.000,0.0,-,257.375526,315.483917,307.999677,312.959381,490760.00
07/23/2024,315.203451,328.759290,315.044434,327.099609,361300,0.000,0.0,-,256.708013,316.376775,309.053633,313.927374,483592.00
07/22/2024,305.990641,316.097885,305.195558,315.869293,253400,0.000,0.0,-,255.897184,316.730182,308.505534,311.144650,483342.00
07/19/2024,300.763078,306.656488,296.797702,302.402893,487500,0.000,0.0,-,255.137155,317.288335,308.430005,309.583344,485468.00
07/18/2024,305.026613,306.894989,293.219896,299.490967,677400,0.000,0.0,-,254.448471,318.064579,309.330415,309.388556,488398.00
07/17/2024,323.124275,325.519412,300.892281,301.011536,538500,0.000,0.0,-,253.795356,318.738399,310.614447,310.432083,485014.00
07/16/2024,323.541675,334.622915,321.693164,327.994049,304400,0.000,0.0,-,253.164663,318.974490,311.557095,309.535648,481522.00
07/15/2024,321.047192,327.964248,318.025937,320.768921,276500,0.000,0.0,-,252.380725,318.525560,310.753088,306.030414,481124.00
07/12/2024,319.963920,325.976585,316.465615,319.834717,211500,0.000,0.0,-,251.617206,318.106543,310.859924,304.177908,481630.00
07/11/2024,311.635643,320.510548,308.336116,317.091766,306300,0.000,0.0,-,250.870101,317.854560,310.708362,303.592545,485520.00
07/10/2024,301.568122,308.803212,300.315885,307.709991,230900,0.000,0.0,-,250.128833,317.682856,309.815402,303.039972,488368.00
07/09/2024,300.703489,307.014322,298.109574,299.272369,319100,0.000,0.0,-,249.435117,317.526210,309.702603,304.179892,497010.00
07/08/2024,303.774396,306.567059,300.246278,300.256226,242000,0.000,0.0,-,248.827985,317.724993,309.881493,305.866418,499818.00
07/05/2024,308.276463,309.200718,298.159270,300.455017,364500,0.000,0.0,-,248.229558,317.850281,310.026096,307.276666,501590.00
07/03/2024,291.888210,310.284004,289.334057,309.926239,436600,0.000,0.0,-,247.638412,317.967224,310.887253,309.272275,500980.00
07/02/2024,292.762740,295.326841,288.509144,292.047180,745300,0.000,0.0,-,247.018689,317.631804,310.348099,310.796811,496822.00
07/01/2024,304.996889,309.190828,292.494475,292.941711,580900,0.000,0.0,-,246.493167,317.564598,311.485042,313.578543,490140.00
06/28/2024,314.835718,318.612263,301.339476,302.243866,5281900,0.000,0.0,-,245.962379,317.509488,313.103990,315.475763,485020.00
06/27/2024,313.712756,316.018451,308.515008,313.981079,473700,0.000,0.0,-,245.380027,317.415295,314.649399,317.541940,386870.00
06/26/2024,316.813467,321.603740,309.220613,311.566040,385500,0.000,0.0,-,244.742259,317.165797,315.741122,317.824179,381818.00
06/25/2024,316.614666,319.377515,309.021813,319.109192,276600,0.000,0.0,-,244.110323,316.971549,316.999808,316.590833,379118.00
06/24/2024,313.782260,318.582450,310.303851,316.137634,327200,0.000,0.0,-,243.446766,316.697733,318.054761,315.225314,378204.00
06/21/2024,317.270621,317.270621,291.212369,314.358704,1012200,0.000,0.0,-,242.797026,316.534190,318.676897,313.896567,377406.00
06/20/2024,326.006376,333.718514,316.674318,320.411102,333300,0.000,0.0,-,242.143843,316.279521,319.298039,312.775525,365272.00
06/18/2024,318.642123,326.553010,316.366241,325.171600,313300,0.000,0.0,-,241.463173,315.951269,319.544510,312.502231,367216.00
06/17/2024,311.426856,323.750385,308.862786,319.864502,296700,0.000,0.0,-,240.751813,315.845161,319.247849,309.899387,365298.00
06/14/2024,314.895403,322.001290,310.532470,311.913910,263900,0.000,0.0,-,240.062679,315.870416,318.968585,309.391541,365442.00
06/13/2024,316.038264,322.995081,312.341211,322.905640,301600,0.000,0.0,-,239.415725,315.838214,319.353693,310.732217,365648.00
06/12/2024,309.160905,321.017330,309.160905,316.803467,354100,0.000,0.0,-,238.698948,315.746245,320.081676,311.756857,364844.00
06/11/2024,304.509815,306.517373,298.894676,299.232574,346200,0.000,0.0,-,238.015456,315.646438,320.854384,313.658066,364200.00
06/10/2024,299.262431,305.901216,298.894718,305.454010,224200,0.000,0.0,-,237.408275,316.006681,322.414699,317.408783,363028.00
06/07/2024,302.711008,306.795669,299.789142,302.850159,271400,0.000,0.0,-,236.781283,316.207145,324.275647,320.884207,363310.00
06/06/2024,316.604766,318.473173,300.445063,303.148285,297700,0.000,0.0,-,236.151951,316.464651,326.371637,323.457227,362902.00
06/05/2024,301.329655,319.765213,301.180556,317.678162,495600,0.000,0.0,-,235.513299,316.721954,328.403070,325.820554,361098.00
06/04/2024,314.318948,315.044455,295.366612,299.143158,693300,0.000,0.0,-,234.800512,316.701966,329.579918,326.586789,354666.00
06/03/2024,329.614014,329.802844,304.181881,314.786041,481300,0.000,0.0,-,234.165734,317.105502,331.281857,328.596310,344822.00
05/31/2024,334.056463,341.579772,317.856997,325.320679,498500,0.000,0.0,-,233.479150,317.230143,331.183360,328.545630,345566.00
05/30/2024,336.173293,339.582127,331.134563,333.152039,234700,0.000,0.0,-,232.737985,316.965753,330.194704,327.975168,340864.00
05/29/2024,333.321056,339.423164,333.321056,335.815552,276900,0.000,0.0,-,231.952319,316.470659,328.528004,328.406494,343836.00
05/28/2024,343.070475,344.730156,331.661284,336.739746,396700,0.000,0.0,-,231.154227,315.901642,327.099005,328.050702,344610.00
05/24/2024,330.041349,341.609557,330.041349,340.208252,347300,0.000,0.0,-,230.345426,315.294877,325.687347,327.420615,357166.00
05/23/2024,330.011472,334.771930,325.956655,328.580353,299100,0.000,0.0,-,229.522302,314.497003,323.670818,327.667087,360720.00
05/22/2024,325.678417,329.584166,322.905621,326.781555,321300,0.000,0.0,-,228.775280,313.884421,322.702376,329.286047,363502.00
05/21/2024,316.545135,325.777803,316.227101,325.340515,256500,0.000,0.0,-,228.037797,313.346939,321.689330,330.985587,369046.00
05/20/2024,316.972439,319.884357,312.102674,319.238373,331600,0.000,0.0,-,227.289506,312.733817,320.737413,332.573047,376496.00
05/17/2024,322.001293,324.267227,313.205881,314.279236,489200,0.000,0.0,-,226.568262,312.505875,319.433255,333.967404,376930.00
05/16/2024,335.895015,338.906322,317.419700,319.616058,489600,0.000,0.0,-,225.861669,312.461321,318.153638,333.821091,377778.00
05/15/2024,335.477639,341.848101,332.655162,337.465302,494500,0.000,0.0,-,225.122949,312.290171,316.682146,332.414240,375854.00
05/14/2024,329.703476,333.609225,315.740161,332.257629,440500,0.000,0.0,-,224.296517,311.790213,314.685591,328.649515,381754.00
05/13/2024,343.000912,343.617083,330.081109,330.438873,284000,0.000,0.0,-,223.495182,311.498984,313.148018,326.147308,383888.00
05/10/2024,347.085586,350.275806,339.452970,342.672974,253400,0.300,0.0,-,222.661375,311.129633,311.718758,323.954080,388204.00
05/09/2024,344.948717,349.019879,342.595346,344.769958,348800,0.000,0.0,-,221.768870,310.342960,309.856029,319.674548,396018.00
05/08/2024,339.953997,344.134433,334.294073,343.776947,359700,0.000,0.0,-,220.873947,309.279400,308.015555,316.118704,399056.00
05/07/2024,330.739241,343.310276,328.713599,341.215118,634000,0.000,0.0,-,219.981911,308.181327,305.907971,312.393073,400516.00
05/06/2024,316.837599,334.959344,316.837599,333.181946,508200,0.000,0.0,-,219.091302,307.006103,304.047139,308.901779,398310.00
05/03/2024,310.800368,315.695715,310.383307,312.816101,363900,0.000,0.0,-,218.246104,305.880021,303.381351,304.899106,403646.00
05/02/2024,301.476353,306.451155,297.007977,305.547546,284500,0.000,0.0,-,217.519313,304.541938,303.796909,302.486185,403386.00
05/01/2024,307.821408,309.628625,296.729895,299.818054,301800,0.000,0.0,-,216.833121,303.230363,304.034721,300.950052,404438.00
04/30/2024,306.242593,311.833032,306.242593,307.235565,406000,0.000,0.0,-,216.155238,302.135374,304.959178,300.721667,406576.00
04/29/2024,303.114759,308.963351,299.450689,308.506592,448700,0.000,0.0,-,215.429528,300.921800,305.188057,300.148727,404398.00
04/26/2024,317.761097,321.713108,291.914028,299.877655,663000,0.000,0.0,-,214.709242,299.768132,305.624963,299.483435,404254.00
04/25/2024,302.439440,312.379101,302.310379,309.211517,459500,0.000,0.0,-,214.024132,298.684254,306.404941,300.037509,396394.00
04/24/2024,314.047347,317.443325,304.018351,306.520630,330600,0.000,0.0,-,213.289632,297.217643,306.730640,299.912405,394856.00
04/23/2024,296.163946,306.461064,294.575184,306.302185,334000,0.000,0.0,-,212.564925,295.923515,307.205280,299.422870,394450.00
04/22/2024,290.841570,297.276041,288.647110,293.155212,228700,0.000,0.0,-,211.824385,294.569860,307.724107,299.192499,393100.00
04/19/2024,290.444440,293.413418,285.429941,288.686890,411200,0.000,0.0,-,211.149234,293.413064,309.032346,301.863596,394022.00
04/18/2024,299.401000,301.496187,289.987642,290.186218,324900,0.000,0.0,-,210.507015,292.242052,310.648906,305.107632,391756.00
04/17/2024,303.144497,303.591316,291.457195,297.534210,374400,0.000,0.0,-,209.869818,290.934096,311.744652,307.119391,389336.00
04/16/2024,298.954218,304.504930,296.908697,301.506165,221100,0.000,0.0,-,209.194694,289.429770,312.287810,309.196689,387132.00
04/15/2024,310.849996,311.793332,297.812294,301.853668,250500,0.000,0.0,-,208.510102,287.989275,312.580736,310.227386,388212.00
04/12/2024,306.461035,309.837135,303.968665,305.418396,230900,0.000,0.0,-,207.797199,286.417013,312.808127,311.766492,388182.00
04/11/2024,302.518980,309.509514,300.821006,307.960480,287300,0.000,0.0,-,207.071768,284.624035,312.552936,312.772372,392480.00
04/10/2024,296.799414,304.395646,295.587986,301.625275,405500,0.000,0.0,-,206.328677,282.873679,312.052475,313.548874,394160.00
04/09/2024,321.961340,322.159947,302.856562,303.998474,430500,0.000,0.0,-,205.615135,281.067862,311.966583,314.987689,390766.00
04/08/2024,322.716006,324.354404,317.105719,319.866180,217400,0.000,0.0,-,204.897199,279.102465,311.500879,316.255716,385648.00
04/05/2024,311.485505,321.921654,310.552109,321.127258,303900,0.000,0.0,-,204.111157,276.783797,310.899635,316.201096,386528.00
04/04/2024,322.715955,332.893919,309.787468,310.303802,274200,0.000,0.0,-,203.295800,274.339697,310.445848,316.190179,383824.00
04/03/2024,309.688198,319.280314,309.688198,318.307190,261400,0.000,0.0,-,202.543863,272.184496,310.483586,316.369913,381524.00
04/02/2024,312.905416,313.123872,308.576072,311.813141,321900,0.000,0.0,-,201.757204,269.973604,310.191597,315.378931,379362.00
04/01/2024,317.751146,321.286125,314.275743,317.244720,287600,0.000,0.0,-,200.991781,267.799328,310.485748,314.934085,377844.00
03/28/2024,315.616234,317.751118,314.067200,315.477203,238300,0.000,0.0,-,200.189107,265.513840,310.222078,313.849762,376314.00
03/27/2024,320.154173,320.154173,313.431731,315.725494,251000,0.000,0.0,-,199.404919,263.221436,309.615186,312.333499,375670.00
03/26/2024,317.751129,319.032072,315.169395,316.013428,207500,0.000,0.0,-,198.608356,260.919701,308.408508,310.556076,375822.00
03/25/2024,318.773898,321.544300,316.658863,316.678741,174000,0.000,0.0,-,197.811293,258.634234,307.051501,308.945477,379688.00
03/22/2024,321.196709,321.375436,316.440364,319.319977,201100,0.000,0.0,-,197.010508,256.383879,305.340260,306.746042,392630.00
03/21/2024,315.804991,323.043739,315.417717,321.018097,518500,0.000,0.0,-,196.199931,254.028114,303.218155,305.598175,392942.00
03/20/2024,308.725035,312.776349,307.027061,312.101135,263400,0.000,0.0,-,195.348401,251.555440,299.462848,304.701517,385480.00
03/19/2024,304.991481,310.750740,304.991481,308.397369,383300,0.000,0.0,-,194.554223,249.261303,295.856230,304.597260,383218.00
03/18/2024,308.208718,312.696942,304.882254,307.364685,315600,0.000,0.0,-,193.746498,246.980520,292.689791,305.004263,379704.00
03/15/2024,299.798229,307.742008,299.798229,306.401489,1024500,0.000,0.0,-,192.941956,244.747973,289.649400,306.037411,380680.00
03/14/2024,298.388206,301.704730,295.617805,300.314575,525000,0.000,0.0,-,192.158858,242.508498,286.870486,306.594394,367172.00
03/13/2024,300.523058,304.038188,296.729897,297.951263,438200,0.000,0.0,-,191.399563,240.512203,284.138945,306.896872,360902.00
03/12/2024,294.942578,300.989776,293.373695,299.907440,598500,0.000,0.0,-,190.652876,238.634413,281.035430,306.260941,356688.00
03/11/2024,306.619934,307.205784,292.748109,294.684387,629000,0.000,0.0,-,189.870083,236.733177,278.130770,305.157526,347512.00
03/08/2024,315.467360,317.989488,306.212850,307.841309,353300,0.000,0.0,-,189.124440,234.954855,275.327521,303.934479,337946.00
03/07/2024,311.376269,312.220302,305.229798,312.051514,531600,0.250,0.0,-,188.332410,232.950106,271.701228,300.838135,333634.00
03/06/2024,313.261205,315.285232,308.508652,311.058563,393400,0.000,0.0,-,187.520963,230.831983,267.605466,294.224179,327720.00
03/05/2024,315.463812,319.908761,310.423518,312.467407,789500,0.000,0.0,-,186.727891,228.709112,263.291959,287.115201,324652.00
03/04/2024,312.477289,326.853972,312.477289,317.696167,547200,0.000,0.0,-,185.913820,226.568979,258.784483,280.375319,316428.00
03/01/2024,303.279833,312.953593,300.630697,311.971313,499800,0.000,0.0,-,185.069893,224.327445,254.373745,273.261388,310546.00
02/29/2024,294.846293,303.607233,291.572079,303.339355,644100,0.000,0.0,-,184.258495,222.117859,249.937209,267.146579,306400.00
02/28/2024,288.873354,292.633727,285.906744,291.591949,500700,0.000,0.0,-,183.484524,220.086667,245.558717,261.381018,428440.00
02/27/2024,286.750041,289.885334,279.745250,288.873291,432700,0.000,0.0,-,182.767857,218.330507,242.001251,255.809920,425582.00
02/26/2024,277.741061,283.198054,272.224541,282.453918,523700,0.000,0.0,-,182.066266,216.541209,238.124308,251.104015,424088.00
02/23/2024,265.805131,290.123483,264.326792,276.877869,775000,0.000,0.0,-,181.387135,214.821165,234.288044,246.720563,421692.00
02/22/2024,240.941123,248.203891,240.941123,245.911957,350900,0.000,0.0,-,180.733759,213.173749,230.640790,242.564320,411884.00
02/21/2024,244.532817,244.919767,237.924891,239.968781,337100,0.000,0.0,-,180.254734,212.105369,228.291306,240.986752,411952.00
02/20/2024,242.469080,245.227341,239.750500,245.068588,408700,0.000,0.0,-,179.786249,211.053856,226.420052,239.468716,410254.00
02/16/2024,249.215891,250.813302,245.614286,246.556854,297100,0.000,0.0,-,179.300716,209.854111,224.554752,237.193646,407290.00
02/15/2024,248.025271,251.110953,243.610071,250.823227,441500,0.000,0.0,-,178.810707,208.667859,222.381877,235.486102,410218.00
02/14/2024,238.986528,245.743275,238.242392,245.683746,270000,0.000,0.0,-,178.285578,207.401043,219.989233,232.727840,412422.00
02/13/2024,235.146747,238.520154,231.267318,235.880966,382600,0.000,0.0,-,177.795932,206.388820,217.747897,229.736415,412714.00
02/12/2024,238.123327,243.927589,236.873185,241.814240,310300,0.000,0.0,-,177.352136,205.512527,215.985784,228.192583,411566.00
02/09/2024,234.253812,239.482592,233.916459,238.619400,266500,0.000,0.0,-,176.799504,204.471928,213.982077,225.144601,412804.00
02/08/2024,230.394238,236.476294,230.394238,235.315445,274800,0.000,0.0,-,176.258152,203.455935,212.259157,221.855525,413936.00
02/07/2024,226.266778,232.090873,223.181096,230.136276,297900,0.000,0.0,-,175.743846,202.691163,210.569969,218.717259,415202.00
02/06/2024,222.317902,224.917410,221.127273,224.788422,203900,0.000,0.0,-,175.266208,202.033744,208.932375,215.595859,410696.00
02/05/2024,226.733086,227.139869,219.261969,222.317886,264200,0.000,0.0,-,174.821785,201.462645,207.562669,213.371388,410116.00
02/02/2024,220.710543,230.106493,220.710543,229.481415,275100,0.000,0.0,-,174.373010,200.844318,206.164686,211.915858,408362.00
02/01/2024,217.337130,223.627550,215.848859,223.240601,249000,0.000,0.0,-,173.881646,200.107922,204.477483,209.277652,408408.00
01/31/2024,220.422830,220.432746,214.588803,215.769501,445800,0.000,0.0,-,173.420054,199.512217,203.036839,207.250626,408550.00
01/30/2024,210.987164,220.462490,210.987164,220.442642,371300,0.000,0.0,-,172.988504,199.041924,202.273356,205.759378,406262.00
01/29/2024,205.589709,211.453484,205.222592,211.334427,235800,0.000,0.0,-,172.537393,198.588895,201.454312,203.778986,425858.00
01/26/2024,204.478481,206.810111,204.160991,205.728638,174600,0.000,0.0,-,172.125942,198.357916,201.129871,202.819553,429010.00
01/25/2024,201.650782,204.280054,200.033523,203.932785,261400,0.000,0.0,-,171.738121,197.993297,201.131854,202.662788,428406.00
01/24/2024,204.230428,204.230428,198.584919,198.922272,168700,0.000,0.0,-,171.363629,197.634272,201.315408,202.422679,427222.00
01/23/2024,208.357894,208.357894,200.608968,202.543716,159200,0.000,0.0,-,171.008061,197.327495,201.676562,202.268892,429090.00
01/22/2024,205.609559,208.318222,205.153164,207.762589,153300,0.000,0.0,-,170.645802,196.944722,201.795127,201.753951,431682.00
01/19/2024,204.170907,205.063863,199.051252,203.099350,246000,0.000,0.0,-,170.299851,196.481751,201.680035,200.413513,434642.00
01/18/2024,202.950489,205.698833,201.184409,202.970337,211100,0.000,0.0,-,170.008894,196.130278,201.806041,199.677313,436990.00
01/17/2024,198.654383,202.236155,196.749398,200.857025,206100,0.000,0.0,-,169.715369,195.793078,201.732125,198.823051,441292.00
01/16/2024,200.043403,201.988084,198.773414,200.638718,258600,0.000,0.0,-,169.415461,195.494974,201.778261,198.787334,445662.00
01/12/2024,206.224758,206.264438,201.501968,201.740097,400800,0.000,0.0,-,169.123710,195.146337,201.935522,199.129639,446726.00
01/11/2024,200.956241,204.547945,199.239773,204.160995,821100,0.000,0.0,-,168.816471,194.715621,201.818938,199.440189,447168.00
01/10/2024,197.433997,201.720209,197.433997,201.531693,216700,0.000,0.0,-,168.486106,194.189715,201.433475,199.600920,440908.00
01/09/2024,195.132145,198.326968,192.780682,197.384399,145400,0.000,0.0,-,168.159893,193.645639,201.082244,200.208138,451524.00
01/08/2024,194.923783,197.691960,194.268940,197.394302,150300,0.000,0.0,-,167.843544,192.741754,200.837670,201.084232,454798.00
01/05/2024,195.142031,197.066864,193.683540,194.358215,207600,0.000,0.0,-,167.548297,191.808735,200.337611,201.836304,455842.00
01/04/2024,194.229232,196.402110,193.604169,195.737350,364400,0.000,0.0,-,167.274409,190.990147,199.873768,202.946556,457342.00
01/03/2024,198.436122,198.436122,193.108117,194.427719,349100,0.000,0.0,-,166.983394,190.109095,199.449115,203.934769,457370.00
01/02/2024,202.781866,204.280053,198.455958,200.499847,211500,0.000,0.0,-,166.675602,189.263947,199.101850,204.641199,456498.00
12/29/2023,204.220520,206.194965,203.843487,204.061768,227500,0.000,0.0,-,166.360133,188.306672,198.830488,204.769188,459406.00
12/28/2023,205.956834,206.661273,203.496230,204.845596,139700,0.000,0.0,-,166.012522,187.355451,198.230714,204.741406,461546.00
12/27/2023,207.455014,209.062357,204.845590,205.768311,150700,0.000,0.0,-,165.683083,186.501126,197.477648,204.197688,464508.00
12/26/2023,206.671214,208.605963,206.204888,207.603867,137700,0.000,0.0,-,165.331289,185.561557,196.580222,203.266031,469068.00
12/22/2023,206.373537,208.149534,205.192840,206.145340,235900,0.000,0.0,-,164.989986,184.557530,196.053870,201.956351,473404.00
12/21/2023,207.018441,208.506712,204.547922,204.915024,240000,0.000,0.0,-,164.675842,183.707336,195.609869,200.591109,473334.00
12/20/2023,205.351599,209.955316,204.438794,205.460739,378300,0.000,0.0,-,164.385863,182.958843,195.175791,198.838919,472990.00
12/19/2023,204.131206,207.306180,202.920744,205.619476,253100,0.000,0.0,-,164.094439,182.198247,194.472832,196.800980,470574.00
12/18/2023,203.139043,204.627314,200.489923,201.492020,292500,0.000,0.0,-,163.810860,181.455881,193.824937,194.963461,469950.00
12/15/2023,204.389179,204.389179,199.606862,201.779739,6746100,0.000,0.0,-,163.548954,180.770696,193.423104,193.562502,468592.00
12/14/2023,203.258096,205.113469,199.487807,203.783951,357800,0.000,0.0,-,163.266655,180.025650,192.946859,192.891788,337668.00
12/13/2023,196.541016,202.305582,194.606267,199.408417,358000,0.000,0.0,-,162.973052,179.248646,192.647221,191.720023,335386.00
12/12/2023,195.072606,198.783367,194.636044,196.451736,403900,0.000,0.0,-,162.693922,178.537748,192.666074,190.757608,331800.00
12/11/2023,193.445440,194.794806,190.558191,194.507065,284600,0.000,0.0,-,162.436782,177.902037,192.218372,189.894412,328434.00
12/08/2023,187.026011,193.038622,187.026011,192.492920,354300,0.000,0.0,-,162.188921,177.389253,191.792095,190.151389,328956.00
12/07/2023,186.142985,189.407253,185.101193,187.393127,252200,0.000,0.0,-,161.897772,177.036854,191.346621,190.628630,327546.00
12/06/2023,187.621339,190.895523,184.912676,185.081345,260500,0.000,0.0,-,161.572394,176.713121,191.147219,191.512663,327812.00
12/05/2023,186.658910,189.179042,184.902747,187.244293,443500,0.000,0.0,-,161.257390,176.372797,191.123853,192.144684,326482.00
12/04/2023,190.329975,190.875677,184.376892,187.482422,551700,0.000,0.0,-,160.951168,176.036185,191.037923,192.686414,320820.00
12/01/2023,191.093963,196.005253,191.093963,195.072601,284600,0.000,0.0,-,160.635117,175.663299,190.969320,193.283707,314744.00
11/30/2023,190.399428,192.096064,189.526320,192.066299,325200,0.000,0.0,-,160.274205,175.141185,190.513280,193.001930,314898.00
11/29/2023,189.943024,191.342002,189.347709,189.784271,372200,0.000,0.0,-,159.918007,174.856776,190.070309,193.574420,313646.00
11/28/2023,196.501358,196.501358,187.790014,187.819778,323100,0.000,0.0,-,159.573122,174.672509,189.591311,194.574541,309968.00
11/27/2023,197.434014,198.059077,194.913867,197.076828,338100,0.000,0.0,-,159.226162,174.560630,189.093605,194.542332,308426.00
11/24/2023,196.927982,197.741577,196.521200,197.265335,72600,0.000,0.0,-,158.827142,174.338724,187.956160,193.432802,320572.00
11/22/2023,192.542547,196.689869,192.542547,196.233459,174900,0.000,0.0,-,158.434633,174.132273,185.702400,192.064612,323310.00
11/21/2023,191.451162,192.989030,190.111713,191.401550,176500,0.000,0.0,-,158.053157,173.943287,183.427895,190.781775,329486.00
11/20/2023,193.931595,194.715411,192.334184,192.661591,277400,0.000,0.0,-,157.693274,173.830725,181.529258,190.103021,334552.00
11/17/2023,193.137863,195.568702,192.800525,193.455353,256100,0.000,0.0,-,157.333804,173.706042,179.480416,189.389432,333216.00
11/16/2023,198.436118,201.313436,191.758747,192.254837,331400,0.000,0.0,-,156.968638,173.540512,177.416165,188.654933,332540.00
11/15/2023,199.090953,201.085230,197.533222,197.791199,1351100,0.250,0.0,-,156.609178,173.423370,175.435226,188.024629,329930.00
11/14/2023,191.669592,200.013391,191.669592,199.785477,393400,0.000,0.0,-,156.217692,173.191339,173.370704,186.566199,307428.00
11/13/2023,184.604108,188.776015,183.177152,187.497696,144400,0.000,0.0,-,155.801525,172.870073,171.487897,184.608081,310408.00
11/10/2023,185.258132,186.913017,184.336556,185.981522,202200,0.000,0.0,-,155.452178,172.805661,170.052505,183.644878,310316.00
11/09/2023,184.475299,185.466250,181.571807,183.583435,262100,0.000,0.0,-,155.111596,172.744025,168.623555,182.479518,311090.00
11/08/2023,185.733815,187.140977,183.305989,183.405090,288800,0.000,0.0,-,154.777131,172.713107,167.626163,179.340189,314114.00
11/07/2023,184.584286,186.209444,182.384376,184.614014,301300,0.000,0.0,-,154.450813,172.695467,166.830429,176.074014,313736.00
11/06/2023,185.565327,187.368864,183.722159,185.525696,363400,0.000,0.0,-,154.110503,172.594193,165.971276,172.955495,311094.00
11/03/2023,188.359828,189.539061,184.782497,186.110367,426200,0.000,0.0,-,153.760848,172.485782,165.120049,169.571400,310792.00
11/02/2023,187.398591,188.260713,184.039271,185.951797,424600,0.000,0.0,-,153.396668,172.319500,164.176169,166.177397,308524.00
11/01/2023,179.847573,183.286172,178.093587,183.206894,311800,0.000,0.0,-,153.053619,172.201577,163.104951,162.845824,304144.00
10/31/2023,178.648501,181.066422,177.826010,180.204300,422900,0.000,0.0,-,152.728934,172.077113,162.191293,160.175209,302956.00
10/30/2023,177.072898,179.074622,174.734255,177.865662,508100,0.000,0.0,-,152.441129,171.981387,161.374255,158.367712,297514.00
10/27/2023,165.468831,175.110786,163.060830,174.327927,747500,0.000,0.0,-,152.148037,171.926488,160.714281,156.460133,292430.00
10/26/2023,151.189285,153.815298,150.802800,152.190140,309100,0.000,0.0,-,151.854518,171.883680,160.441277,154.767592,281382.00
10/25/2023,151.734297,153.369374,150.515433,150.743347,202500,0.000,0.0,-,151.663198,172.389262,161.575420,155.912138,278486.00
10/24/2023,154.053121,155.618809,151.952297,153.428818,282600,0.000,0.0,-,151.475262,172.916150,162.598576,157.586844,278720.00
10/23/2023,152.130678,154.053124,151.585652,151.684753,365800,0.000,0.0,-,151.269653,173.367950,163.330392,158.987057,276328.00
10/20/2023,153.181107,154.409891,151.843318,152.170334,305500,0.000,0.0,-,151.063386,173.858196,164.266840,160.668697,271328.00
10/19/2023,157.164712,157.858375,152.437876,152.636063,356900,0.000,0.0,-,150.869598,174.314383,165.100228,162.174940,271494.00
10/18/2023,161.158225,161.158225,156.074646,156.500748,334500,0.000,0.0,-,150.684439,174.773329,165.916771,163.364078,267826.00
10/17/2023,158.234892,163.665309,158.234892,162.129333,287800,0.000,0.0,-,150.469986,175.226835,166.984026,164.207378,267226.00
10/16/2023,158.869149,162.842854,158.393482,158.789871,378700,0.000,0.0,-,150.240669,175.569946,167.906106,164.380797,264956.00
10/13/2023,164.061698,166.588623,156.897132,157.402512,354500,0.000,0.0,-,150.016202,175.907796,169.077905,164.968430,261818.00
10/12/2023,167.401203,167.401203,162.793291,163.635605,232400,0.000,0.0,-,149.808939,176.259537,170.506855,166.114963,258924.00
10/11/2023,168.590358,168.917373,166.578730,167.490402,222800,0.000,0.0,-,149.574163,176.446039,171.672212,167.238702,257692.00
10/10/2023,169.125470,171.018189,167.212944,167.430954,257500,0.000,0.0,-,149.313697,176.533671,172.636901,167.610307,256344.00
10/09/2023,166.509340,169.056089,164.745450,168.501144,221900,0.000,0.0,-,149.055255,176.628628,173.554025,167.673727,254812.00
10/06/2023,163.397800,168.937209,163.397800,167.232773,224600,0.000,0.0,-,148.785243,176.698420,174.450341,167.864984,254500.00
10/05/2023,164.666168,165.766123,163.387849,164.527435,199900,0.000,0.0,-,148.525126,176.627311,175.347646,168.025516,259410.00
10/04/2023,164.031978,166.776914,163.179760,164.933746,243700,0.000,0.0,-,148.275082,176.620205,176.441161,168.469464,258422.00
10/03/2023,163.368050,164.497733,161.029407,163.863525,178700,0.000,0.0,-,148.030557,176.637236,177.503955,169.760674,255880.00
10/02/2023,168.431813,169.323662,163.130223,164.666199,235600,0.000,0.0,-,147.803527,176.667359,178.496888,171.431415,255182.00
09/29/2023,176.171142,176.171142,168.342641,168.867844,310700,0.000,0.0,-,147.580431,176.635902,179.477432,173.187379,253832.00
09/28/2023,171.166842,176.081962,170.552457,174.873001,283800,0.000,0.0,-,147.330205,176.541393,180.179025,174.898747,249622.00
09/27/2023,169.838935,172.187482,169.838935,171.206451,265500,0.000,0.0,-,147.051287,176.393092,180.537253,176.105722,247092.00
09/26/2023,169.938050,171.087541,166.568811,168.065155,194000,0.000,0.0,-,146.796970,176.335144,181.103085,177.663495,247212.00
09/25/2023,168.828185,171.404662,168.828185,170.413712,160400,0.000,0.0,-,146.555299,176.258669,181.677341,179.434323,246896.00
09/22/2023,168.798443,170.829893,167.847139,168.838089,247900,0.000,0.0,-,146.303761,176.092269,182.161916,181.035698,246508.00
09/21/2023,176.190955,176.190955,168.848010,168.966919,292300,0.000,0.0,-,146.068542,176.004492,182.609824,182.669775,244138.00
09/20/2023,181.016878,182.959147,177.726931,177.845840,262600,0.000,0.0,-,145.845661,175.882270,183.164259,184.412857,240920.00
09/19/2023,182.225823,183.454607,178.589038,180.570938,188300,0.000,0.0,-,145.577300,175.571583,183.121153,185.247237,239404.00
09/18/2023,185.228423,185.674348,182.047482,182.225845,246000,0.000,0.0,-,145.300150,175.191746,182.863506,185.562361,237948.00
09/15/2023,186.278810,187.121123,182.523115,185.981522,945400,0.000,0.0,-,145.002633,174.711115,182.508250,185.767485,237026.00
09/14/2023,187.913891,190.589454,186.298637,186.942749,209500,0.000,0.0,-,144.683622,174.153985,181.818548,185.459303,221384.00
09/13/2023,185.575219,187.576928,183.940143,186.784180,483700,0.000,0.0,-,144.370960,173.619990,181.344873,184.968784,220580.00
09/12/2023,186.150003,188.191358,184.376194,185.773438,429800,0.000,0.0,-,144.059289,173.139245,180.860051,184.542676,212792.00
09/11/2023,186.893208,187.685956,185.327504,186.427460,210600,0.000,0.0,-,143.756917,172.673964,180.372322,183.920360,208398.00
09/08/2023,186.397743,188.102179,184.841944,185.178864,222300,0.000,0.0,-,143.446634,172.237171,179.860800,183.288133,209248.00
09/07/2023,186.130175,186.586003,183.018592,186.397736,200900,0.000,0.0,-,143.138498,171.719055,179.350841,182.549872,207740.00
09/06/2023,183.553705,186.407646,182.562755,186.189636,226000,0.000,0.0,-,142.817357,171.197742,178.810123,181.915662,207026.00
09/05/2023,182.582596,184.287032,180.174594,183.722183,542400,0.000,0.0,-,142.485903,170.660797,178.459443,180.995070,206634.00
09/01/2023,183.771690,186.179707,183.246488,184.277084,139800,0.000,0.0,-,142.165354,170.164688,178.237579,180.164651,203734.00
08/31/2023,182.245673,184.614044,181.651097,182.899704,240900,0.000,0.0,-,141.845039,169.687372,177.807843,179.249014,204616.00
08/30/2023,183.008679,185.020322,181.462799,182.037552,413300,0.000,0.0,-,141.529934,169.282535,177.412337,178.177792,204658.00
08/29/2023,179.134054,182.790663,178.371018,182.523102,269900,0.000,0.0,-,141.230430,168.802899,176.958493,177.720963,201924.00
08/28/2023,181.145708,183.751897,179.223262,179.550278,169200,0.000,0.0,-,140.898326,168.350765,176.425938,177.177426,208578.00
08/25/2023,178.371031,181.016866,176.190944,180.105194,348300,0.000,0.0,-,140.591884,167.979267,176.057364,176.824284,212272.00
08/24/2023,180.214170,181.383484,177.122411,177.796249,312800,0.000,0.0,-,140.291639,167.551738,175.651643,176.433467,212488.00
08/23/2023,178.608855,181.205139,177.994455,180.055634,205600,0.000,0.0,-,139.991205,167.130008,174.945696,176.151810,211682.00
08/22/2023,174.318060,179.104352,173.951398,176.983719,252400,0.000,0.0,-,139.668826,166.701689,174.151521,175.704585,214148.00
08/21/2023,174.962156,177.498986,172.673063,175.417999,150800,0.000,0.0,-,139.359292,166.290271,173.591601,175.923816,212454.00
08/18/2023,171.374922,176.161213,171.137088,175.120712,253900,0.000,0.0,-,139.078687,165.913929,173.089185,176.310506,212314.00
08/17/2023,177.271064,177.984549,171.533469,172.187485,195100,0.000,0.0,-,138.810858,165.541949,172.487815,176.366672,213872.00
08/16/2023,177.211612,180.184462,177.162061,177.469254,164300,0.225,0.0,-,138.548920,165.242291,172.085562,176.646881,216188.00
08/15/2023,175.850608,178.522821,175.068748,177.087738,214200,0.000,0.0,-,138.245488,164.707148,171.584995,176.196024,217208.00
08/14/2023,175.256784,178.255585,174.108723,176.018860,163000,0.000,0.0,-,137.900775,164.230705,171.146061,175.674449,218654.00
08/11/2023,174.623396,177.483640,174.623396,176.197021,115800,0.000,0.0,-,137.564069,163.647373,170.557188,175.290443,219836.00
08/10/2023,176.177209,177.869609,173.356561,174.979675,313800,0.000,0.0,-,137.217106,163.052560,169.852024,174.869820,223230.00
08/09/2023,178.265479,178.641571,175.266677,175.583389,173500,0.000,0.0,-,136.867700,162.548602,169.325502,173.739583,221376.00
08/08/2023,178.166538,181.056472,175.791239,179.176025,304500,0.000,0.0,-,136.500880,162.006047,168.689123,172.598456,221412.00
08/07/2023,175.494343,180.244911,175.494343,179.284897,174300,0.000,0.0,-,136.131281,161.394805,167.845896,171.259386,221014.00
08/04/2023,175.563613,178.097254,174.098856,175.682373,221800,0.000,0.0,-,135.766166,160.676082,166.960606,169.867863,221936.00
08/03/2023,173.198216,175.405252,171.466234,174.989578,209800,0.000,0.0,-,135.403239,160.073551,166.086202,168.608958,223580.00
08/02/2023,170.298387,174.029560,169.714450,172.960678,170800,0.000,0.0,-,135.027803,159.562468,165.242975,167.524243,223454.00
08/01/2023,171.565188,174.276967,171.070336,171.871994,155400,0.000,0.0,-,134.672272,159.098495,164.607089,166.973967,223726.00
07/31/2023,173.198196,174.455125,170.199395,172.178802,180900,0.000,0.0,-,134.309909,158.709937,164.150836,166.617673,224838.00
07/28/2023,167.418355,172.762752,167.418355,171.990784,206300,0.000,0.0,-,133.953210,158.259425,163.667367,165.823933,225310.00
07/27/2023,168.368496,169.308727,151.721677,163.677307,470100,0.000,0.0,-,133.591337,157.797827,163.297217,164.834229,224430.00
07/26/2023,164.716444,165.973373,162.984462,164.172119,150500,0.000,0.0,-,133.269701,157.518115,163.077006,164.911421,220092.00
07/25/2023,164.478923,166.784935,164.478923,165.785324,116600,0.000,0.0,-,132.958163,157.205576,162.885003,164.779790,221660.00
07/24/2023,163.538731,165.735876,162.905321,165.369675,143800,0.000,0.0,-,132.637030,156.855041,162.562856,164.432407,225212.00
07/21/2023,165.636869,165.636869,162.944873,163.093323,168100,0.000,0.0,-,132.337202,156.518749,162.240211,164.053348,230392.00
07/20/2023,167.952777,167.952777,163.637667,164.142426,100200,0.000,0.0,-,132.031403,156.189436,162.106107,163.563446,230258.00
07/19/2023,167.913187,169.120627,163.400139,167.457916,157300,0.000,0.0,-,131.690531,155.830641,162.031880,162.961707,233098.00
07/18/2023,164.241368,170.248878,163.974143,168.309052,271500,0.000,0.0,-,131.330420,155.483619,161.561771,162.240211,239246.00
07/17/2023,162.143241,164.973796,162.143241,164.241409,178200,0.000,0.0,-,130.980448,155.042876,161.142139,161.684000,240596.00
07/14/2023,165.389451,166.151528,161.331658,162.093735,141000,0.000,0.0,-,130.634891,154.717288,160.978838,161.510800,244634.00
07/13/2023,163.301174,165.043047,162.667764,164.449234,129400,0.000,0.0,-,130.300664,154.446515,160.810587,161.760205,247724.00
07/12/2023,164.320562,164.666965,162.667758,162.855804,131400,0.000,0.0,-,129.962301,154.073479,160.423612,161.242590,249572.00
07/11/2023,161.569215,162.875632,159.164241,162.311493,186800,0.000,0.0,-,129.642653,153.771452,160.212807,160.990216,253620.00
07/10/2023,157.778626,161.935380,157.778626,161.579086,115500,0.000,0.0,-,129.339333,153.467659,159.917873,160.693304,261952.00
07/07/2023,158.125034,160.431046,157.936988,158.194305,199900,0.000,0.0,-,129.042436,152.861835,159.668964,160.427074,272218.00
07/06/2023,158.718844,160.005462,155.700258,158.125031,163300,0.000,0.0,-,128.758666,152.304927,159.585333,160.648769,273908.00
07/05/2023,161.786901,162.222374,158.501077,160.242966,169300,0.000,0.0,-,128.460009,151.791510,159.539311,161.102054,274814.00
07/03/2023,162.509399,164.172109,162.073926,162.746933,94300,0.000,0.0,-,128.147312,151.278828,159.062769,160.883331,278436.00
06/30/2023,165.805131,165.805131,162.311477,162.509415,210100,0.000,0.0,-,127.826729,150.741962,158.588701,160.600278,280900.00
06/29/2023,159.065233,164.904481,158.946474,164.587784,253100,0.000,0.0,-,127.516059,150.143031,157.805844,160.446875,280616.00
06/28/2023,161.074355,161.480138,159.055366,159.273087,146900,0.000,0.0,-,127.207915,149.475451,156.899273,159.860970,278304.00
06/27/2023,158.540700,161.391052,158.451630,160.332062,165200,0.000,0.0,-,126.918998,148.908433,156.424709,159.604634,277732.00
06/26/2023,158.867323,162.311489,158.788145,159.342377,206400,0.000,0.0,-,126.616701,148.290979,155.830886,159.435397,277966.00
06/23/2023,158.896980,161.955162,157.521292,158.916779,397400,0.000,0.0,-,126.316542,147.708541,155.294465,159.142442,276736.00
06/22/2023,162.469841,163.231903,160.074759,160.411255,183900,0.000,0.0,-,126.008109,147.111090,154.516062,158.910854,272566.00
06/21/2023,158.125036,163.162626,157.174913,162.657883,243000,0.000,0.0,-,125.701670,146.466156,153.773290,158.521898,274806.00
06/20/2023,159.866901,160.431039,157.956779,158.055740,276600,0.000,0.0,-,125.386265,145.793685,153.112168,157.976569,276652.00
06/16/2023,163.202207,163.350672,158.887096,159.916397,602600,0.000,0.0,-,125.090666,145.188745,152.697482,157.242207,278434.00
06/15/2023,158.501127,161.925510,158.352677,160.975388,353900,0.000,0.0,-,124.783200,144.592255,152.323869,156.577124,274004.00
06/14/2023,156.709725,160.124200,155.116301,158.728729,359100,0.000,0.0,-,124.485032,144.144194,151.757758,155.164813,276310.00
06/13/2023,158.926675,160.490409,156.393035,156.709732,272500,0.000,0.0,-,124.196323,143.867777,151.266866,153.937576,274528.00
06/12/2023,157.254114,161.074373,155.433062,158.639694,328900,0.000,0.0,-,123.931808,143.618891,150.915964,153.244783,274734.00
06/09/2023,156.284175,156.957167,154.294860,156.412827,167700,0.000,0.0,-,123.642953,143.263603,150.411239,152.226375,275918.00
06/08/2023,155.729962,158.075556,154.779839,156.600891,143800,0.000,0.0,-,123.362618,142.981120,150.003525,151.446487,279032.00
06/07/2023,157.174906,160.272685,155.967466,156.521698,331800,0.000,0.0,-,123.085534,142.654945,149.601234,150.121271,280714.00
06/06/2023,150.256878,157.857798,149.860988,157.204590,310900,0.000,0.0,-,122.820826,142.286271,149.106534,149.024683,277286.00
06/05/2023,151.523692,152.018544,148.079511,150.712128,215300,0.000,0.0,-,122.566211,141.867961,148.556439,148.247768,275046.00
06/02/2023,148.594160,153.334835,148.594160,153.265564,286500,0.000,0.0,-,122.341841,141.536012,148.526173,148.152757,274732.00
06/01/2023,145.892266,147.258047,142.962735,146.852280,222100,0.000,0.0,-,122.104999,141.237600,148.176489,148.070613,275546.00
05/31/2023,148.683193,151.315809,144.803556,146.456360,285500,0.000,0.0,-,121.903818,141.092164,148.231976,148.350702,276994.00
05/30/2023,149.405722,150.484496,148.693134,149.781799,221100,0.000,0.0,-,121.705453,140.913727,148.336912,148.596155,277076.00
05/26/2023,149.178092,150.751733,148.247768,148.455612,175300,0.000,0.0,-,121.470521,140.575476,148.137693,148.587144,289086.00
05/25/2023,143.863371,148.633736,143.507076,148.613953,284600,0.000,0.0,-,121.234144,140.354484,148.102635,148.596103,289062.00
05/24/2023,145.684426,147.693524,143.319034,143.348724,220400,0.000,0.0,-,120.986587,140.072998,148.028031,148.560562,288784.00
05/23/2023,148.515023,149.475037,145.526112,145.555817,304000,0.000,0.0,-,120.778946,139.985179,147.424989,149.081198,291020.00
05/22/2023,149.702649,151.682058,147.693551,149.435440,203500,0.000,0.0,-,120.556084,139.782252,146.664642,149.188385,290212.00
05/19/2023,153.898980,154.581878,148.039933,149.762024,184400,0.000,0.0,-,120.309688,139.580408,145.815579,148.865111,291934.00
05/18/2023,150.029242,152.889486,149.178096,152.444122,211000,0.000,0.0,-,120.075347,139.451500,145.057921,148.899590,292654.00
05/17/2023,149.484905,150.830903,147.911279,149.653168,204500,0.200,0.0,-,119.828678,139.341003,144.230897,148.282365,292168.00
05/16/2023,148.426572,149.563230,147.388759,148.910889,162300,0.000,0.0,-,119.599509,139.291458,143.376382,148.113249,291550.00
05/15/2023,148.644005,150.383566,147.892834,149.691696,253200,0.000,0.0,-,119.375184,139.291312,142.491277,148.077669,293702.00
05/12/2023,148.268448,150.858042,148.268448,148.545197,228900,0.000,0.0,-,119.111308,139.279695,141.552802,147.688242,293736.00
05/11/2023,147.092252,149.039367,146.973635,148.258545,294200,0.000,0.0,-,118.824460,139.215190,140.598510,147.609167,294018.00
05/10/2023,148.614385,148.901012,146.469580,148.555084,402800,0.000,0.0,-,118.530626,139.151285,139.696606,147.495500,295822.00
05/09/2023,145.846849,147.665483,144.314841,146.627686,161400,0.000,0.0,-,118.230188,139.051832,138.721063,145.768779,295122.00
05/08/2023,150.245211,151.727796,145.906178,146.202698,242200,0.000,0.0,-,117.946478,139.019753,137.797906,144.140900,302798.00
05/05/2023,148.159682,152.360340,147.270137,150.106812,464700,0.000,0.0,-,117.664892,138.994398,136.939489,142.766048,311720.00
05/04/2023,146.696882,147.161426,143.543914,146.271881,339000,0.000,0.0,-,117.355613,138.677521,135.824584,141.216252,311256.00
05/03/2023,149.138192,152.113241,147.635835,147.962006,380100,0.000,0.0,-,117.061766,138.198435,135.015587,140.179428,310472.00
05/02/2023,145.560262,149.059158,143.721856,148.555084,295500,0.000,0.0,-,116.737017,137.680807,134.546102,138.639516,309262.00
05/01/2023,147.477700,150.719618,145.382302,145.797424,221800,0.000,0.0,-,116.414029,137.229703,134.363742,136.904884,309046.00
04/28/2023,146.884667,149.187618,146.103846,147.754456,333800,0.000,0.0,-,116.099758,136.799199,134.287143,135.417361,309968.00
04/27/2023,131.693102,147.655596,131.693102,147.121872,603400,0.000,0.0,-,115.775013,136.301913,133.943184,133.587852,306282.00
04/26/2023,128.886076,131.554742,128.263401,131.287872,628800,0.000,0.0,-,115.456927,135.776012,133.701525,131.897711,296688.00
04/25/2023,131.070413,132.355323,129.894226,130.348892,284400,0.000,0.0,-,115.224312,135.566396,134.151738,131.673347,288376.00
04/24/2023,135.033877,136.170535,132.019299,132.454178,208600,0.000,0.0,-,114.996048,135.327975,134.538694,131.454913,290414.00
04/21/2023,135.636775,136.674588,134.035588,134.608856,350400,0.000,0.0,-,114.763363,135.024348,134.730440,131.112930,288508.00
04/20/2023,132.058804,135.953063,131.959959,135.903641,217500,0.000,0.0,-,114.508777,134.707441,134.705730,130.432916,285104.00
04/19/2023,131.337287,133.314068,130.714597,132.562881,195900,0.000,0.0,-,114.254610,134.388135,134.827798,129.851746,284158.00
04/18/2023,132.098316,133.175672,130.190730,131.208771,137500,0.000,0.0,-,114.006217,134.125376,135.178677,130.452689,282714.00
04/17/2023,130.754156,131.890814,129.914033,130.922195,118300,0.000,0.0,-,113.759572,133.916553,135.494962,131.822600,283486.00
04/14/2023,129.854731,132.483838,129.024472,129.459366,176900,0.000,0.0,-,113.505005,133.706550,135.592317,133.156924,284450.00
04/13/2023,129.558239,131.149549,128.421581,130.220459,144900,0.000,0.0,-,113.263316,133.524620,135.989648,134.298515,287454.00
04/12/2023,129.241910,129.973325,127.482577,129.044235,188900,0.000,0.0,-,113.024320,133.310092,136.205608,135.505339,289136.00
04/11/2023,129.261664,130.912274,127.215705,128.164551,295900,0.000,0.0,-,112.787858,133.060250,136.701286,136.630128,288130.00
04/10/2023,127.166291,130.941933,125.614511,129.034348,335300,0.000,0.0,-,112.537478,132.849523,137.063531,137.622475,283784.00
04/06/2023,130.072137,130.615740,127.640691,127.808716,365700,0.000,0.0,-,112.275856,132.626139,137.578976,138.347949,279820.00
04/05/2023,136.961259,137.702552,128.233771,130.091934,381100,0.000,0.0,-,112.012534,132.403772,138.354371,138.978543,274342.00
04/04/2023,145.609660,145.609660,137.149027,138.572311,469200,0.000,0.0,-,111.732970,132.164764,139.195737,139.803850,268786.00
04/03/2023,144.127061,145.965452,143.514249,144.907883,270000,0.000,0.0,-,111.413418,131.724360,139.625919,139.904665,261694.00
03/31/2023,141.656092,144.749743,141.656092,144.265442,282800,0.000,0.0,-,111.101822,131.138093,139.825703,139.167325,260228.00
03/30/2023,142.911356,143.781145,137.929876,140.875275,388100,0.000,0.0,-,110.802055,130.518275,140.067974,138.027710,257806.00
03/29/2023,141.339835,144.206161,140.746795,142.288696,323400,0.000,0.0,-,110.526230,130.047607,140.290208,137.680782,252618.00
03/28/2023,137.445560,141.191568,137.267657,140.292130,227900,0.000,0.0,-,110.253974,129.567232,140.428938,136.905878,250028.00
03/27/2023,137.514745,139.807802,136.467053,138.088013,160400,0.000,0.0,-,110.003713,129.214256,140.593452,136.772444,250520.00
03/24/2023,132.256460,136.842589,131.020973,136.289093,198900,0.000,0.0,-,109.767428,128.837441,140.940240,136.504588,255800.00
03/23/2023,138.443808,139.560679,133.610566,134.114655,199600,0.000,0.0,-,109.541712,128.424142,141.372531,136.810004,254420.00
03/22/2023,139.026993,139.857237,137.771733,138.345001,327200,0.000,0.0,-,109.323570,128.020371,141.379948,137.730199,253896.00
03/21/2023,139.797907,140.549078,137.593801,139.580460,294500,0.000,0.0,-,109.081372,127.516592,140.578575,138.587624,251040.00
03/20/2023,134.519907,138.325200,134.519907,137.534485,289600,0.000,0.0,-,108.836442,126.971124,139.703582,139.347173,251292.00
03/17/2023,136.140878,136.140878,132.701269,132.869293,821600,0.000,0.0,-,108.588449,126.429060,139.126853,140.484081,249668.00
03/16/2023,132.602414,139.076372,132.602414,137.405991,174100,0.000,0.0,-,108.365850,126.039929,138.697001,142.108238,236798.00
03/15/2023,135.943170,135.943170,131.633788,134.539658,270700,0.000,0.0,-,108.129823,125.603897,137.971207,142.899635,237078.00
03/14/2023,138.967688,140.292127,137.781607,138.957794,332200,0.000,0.0,-,107.892521,125.185308,137.285566,143.951997,236724.00
03/13/2023,136.743787,138.769975,134.678040,135.409454,263600,0.000,0.0,-,107.623723,124.731469,136.378030,144.414461,232454.00
03/10/2023,143.316579,143.316579,137.791482,139.343246,289600,0.000,0.0,-,107.377394,124.301209,135.528950,145.375891,228878.00
03/09/2023,147.121914,147.774240,142.496239,143.316605,220400,0.175,0.0,-,107.094902,123.833343,134.425428,145.935059,224896.00
03/08/2023,147.679405,147.679405,145.250833,146.919250,186700,0.000,0.0,-,106.784369,123.300620,133.197774,145.029697,222048.00
03/07/2023,149.565039,149.969806,146.869911,147.175949,173600,0.000,0.0,-,106.460009,122.670176,131.848727,142.569526,220838.00
03/06/2023,148.765353,149.594621,147.294378,148.903564,269900,0.000,0.0,-,106.136335,122.041509,130.461178,140.059992,220216.00
03/03/2023,145.941878,150.186960,145.250821,149.110870,254900,0.000,0.0,-,105.813180,121.353412,129.054380,137.769625,218136.00
03/02/2023,144.688136,146.425667,143.858868,145.319962,243000,0.000,0.0,-,105.481604,120.675385,127.619940,135.285763,215918.00
03/01/2023,144.530167,145.754335,143.414609,145.063278,384400,0.000,0.0,-,105.169080,120.059355,126.372083,133.042779,219892.00
02/28/2023,145.310077,146.988361,143.355370,143.582428,367800,0.000,0.0,-,104.849667,119.478667,125.093622,130.619134,216012.00
02/27/2023,145.912272,146.958731,143.434321,145.023758,545200,0.000,0.0,-,104.532742,118.976168,123.742107,128.341599,212116.00
02/24/2023,138.636403,144.984286,134.411069,144.934921,688300,0.000,0.0,-,104.220457,118.476631,122.372330,125.682009,205146.00
02/23/2023,125.703722,138.261261,125.703722,134.262985,441500,0.000,0.0,-,103.903652,117.954388,121.018842,122.915798,195250.00
02/22/2023,122.218822,123.452857,121.804180,122.317543,299800,0.000,0.0,-,103.651167,117.650914,120.140210,121.365852,189066.00
02/21/2023,124.864595,126.454025,121.241462,122.080612,319600,0.000,0.0,-,103.465979,117.611425,119.931410,121.127929,185714.00
02/17/2023,124.834964,126.355296,124.696753,125.999893,284700,0.000,0.0,-,103.299425,117.564433,119.654986,120.862364,182542.00
02/16/2023,121.389544,125.200244,121.389544,124.272247,267900,0.000,0.0,-,103.090517,117.446558,119.134718,120.339135,181322.00
02/15/2023,119.553287,123.492323,119.553287,122.890121,149500,0.000,0.0,-,102.882087,117.396999,118.584832,119.954117,180264.00
02/14/2023,120.441810,121.962142,119.276880,120.826828,123700,0.000,0.0,-,102.682584,117.427011,118.307420,119.701387,179918.00
02/13/2023,119.030070,121.498140,118.230418,120.807083,213200,0.000,0.0,-,102.501261,117.493945,118.179575,119.568111,180044.00
02/10/2023,117.223437,118.980702,116.216468,118.427856,386300,0.000,0.0,-,102.315319,117.580624,118.271387,119.142616,181164.00
02/09/2023,119.819862,120.204880,117.174091,117.272812,113300,0.000,0.0,-,102.137389,117.666514,118.312358,119.062651,179044.00
02/08/2023,119.336106,120.007421,118.190925,118.763519,180200,0.000,0.0,-,101.977376,117.764644,118.229924,119.121886,182398.00
02/07/2023,118.516713,120.668870,117.618332,119.938316,170200,0.000,0.0,-,101.809417,117.877583,117.988053,118.914568,181160.00
02/06/2023,120.570145,120.856442,118.674670,119.424965,123700,0.000,0.0,-,101.649299,117.967816,117.648940,118.734892,182138.00
02/03/2023,120.007431,123.324518,120.007431,120.767601,176100,0.000,0.0,-,101.502757,118.085296,117.293045,118.447608,183038.00
02/02/2023,120.441807,121.843669,119.257136,120.422066,166500,0.000,0.0,-,101.336771,118.157363,116.776231,117.930300,184058.00
02/01/2023,119.375596,120.886053,117.914503,120.362823,327100,0.000,0.0,-,101.163125,118.219954,116.425764,117.215546,188126.00
01/31/2023,116.690333,119.494064,116.690333,119.494064,229000,0.000,0.0,-,100.996656,118.256087,116.187843,116.913454,187482.00
01/30/2023,116.522516,119.454584,116.522516,116.552132,138600,0.000,0.0,-,100.835760,118.264182,115.893649,116.791039,186480.00
01/27/2023,117.726933,118.457480,117.490001,117.628212,78600,0.000,0.0,-,100.684314,118.325390,115.879333,117.400159,190606.00
01/26/2023,117.983628,118.546348,115.752491,117.865158,137100,0.000,0.0,-,100.522327,118.377106,115.692747,117.562065,194368.00
01/25/2023,117.361653,118.190929,116.315194,116.690338,91800,0.000,0.0,-,100.360581,118.417378,115.596985,117.337962,195390.00
01/24/2023,115.239111,119.375591,115.239111,118.141556,103300,0.000,0.0,-,100.208493,118.526306,115.596492,117.061539,197238.00
01/23/2023,115.722864,117.213580,114.676405,116.552132,114600,0.000,0.0,-,100.047724,118.485522,115.459267,116.562989,199594.00
01/20/2023,114.380234,115.643885,112.356414,115.594521,196700,0.000,0.0,-,99.901931,118.519713,115.418791,116.138481,202052.00
01/19/2023,116.897661,117.657823,113.116576,113.274529,161700,0.000,0.0,-,99.765350,118.608948,115.364000,115.622161,202578.00
01/18/2023,118.496951,120.293705,117.341896,117.341896,128700,0.000,0.0,-,99.641991,118.697648,115.460749,115.635982,202824.00
01/17/2023,122.080613,123.215919,116.473158,118.269913,193900,0.000,0.0,-,99.492790,118.662406,115.319577,115.462231,203970.00
01/13/2023,118.881997,123.403503,118.881997,122.643341,252500,0.000,0.0,-,99.343814,118.598545,115.207526,114.996259,206398.00
01/12/2023,115.752481,119.790240,114.913338,119.247269,424400,0.000,0.0,-,99.178477,118.531619,114.998233,114.358508,206086.00
01/11/2023,114.449319,116.088113,113.768130,115.624123,129900,0.000,0.0,-,99.015817,118.577773,115.038215,113.823430,203086.00
01/10/2023,112.622969,114.093936,112.622969,113.926109,173400,0.000,0.0,-,98.870682,118.661288,115.198147,113.856009,205742.00
01/09/2023,112.978358,114.834344,112.267553,113.156059,184400,0.000,0.0,-,98.732760,118.718420,115.456307,114.131445,209380.00
01/06/2023,112.060246,113.244916,111.300076,112.307053,307100,0.000,0.0,-,98.615056,118.618204,115.815659,114.355545,209382.00
01/05/2023,113.017860,113.205428,109.858726,110.431320,208400,0.000,0.0,-,98.518161,118.545617,116.186856,114.699101,207350.00
01/04/2023,116.068380,117.341905,112.662447,113.412735,178100,0.000,0.0,-,98.423125,118.473077,116.670597,115.105840,208250.00
01/03/2023,114.192657,115.683373,113.156072,115.604393,188100,0.000,0.0,-,98.309888,118.306792,117.089676,115.285517,208056.00
12/30/2022,115.357574,115.426679,113.373244,113.610184,253000,0.000,0.0,-,98.186529,118.039092,117.528992,115.176923,208500.00
12/29/2022,115.318093,116.670598,114.656652,116.265831,118700,0.000,0.0,-,98.070289,117.872013,118.057159,115.418794,205916.00
12/28/2022,115.880815,116.275707,113.728658,113.896492,84800,0.000,0.0,-,97.936840,117.671936,118.500919,115.637959,206634.00
12/27/2022,117.391272,117.391272,115.841317,115.949913,90500,0.000,0.0,-,97.813074,117.455945,118.942211,116.253001,209260.00
12/23/2022,115.081154,116.838418,115.051538,116.680466,78000,0.000,0.0,-,97.679533,117.134991,119.253682,116.540285,211044.00
12/22/2022,114.538173,115.673487,113.274523,115.397064,126200,0.000,0.0,-,97.541061,116.838473,119.640182,116.781169,212556.00
12/21/2022,115.347722,116.690353,113.955734,115.742615,142500,0.000,0.0,-,97.402911,116.518520,120.092826,117.275772,211660.00
12/20/2022,115.140395,115.703115,114.429597,114.498703,165900,0.000,0.0,-,97.246296,116.220446,120.570644,117.674611,211876.00
12/19/2022,114.409858,116.226362,113.679312,115.209511,144000,0.000,0.0,-,97.086036,115.922799,121.064258,118.235355,211036.00
12/16/2022,114.330872,115.377339,113.639816,114.518448,441700,0.000,0.0,-,96.927179,115.605610,121.481362,118.893835,211902.00
12/15/2022,117.302425,117.302425,114.686270,116.028900,190400,0.000,0.0,-,96.775508,115.352529,121.863913,119.881062,206398.00
12/14/2022,120.037037,121.261205,117.608457,118.457474,173000,0.000,0.0,-,96.621585,115.063127,122.057409,120.695525,208586.00
12/13/2022,122.297792,122.574222,119.197897,120.046913,196700,0.000,0.0,-,96.439273,114.802061,122.115162,121.363880,209426.00
12/12/2022,119.128800,119.395356,118.062592,118.822762,193500,0.000,0.0,-,96.261039,114.439790,122.123517,121.631421,209894.00
12/09/2022,120.007424,120.372701,118.526582,119.089302,132300,0.000,0.0,-,96.089416,113.982697,122.176317,121.967078,210532.00
12/08/2022,120.580026,121.211852,118.951099,120.343094,132200,0.000,0.0,-,95.899774,113.509624,122.328688,122.499195,210882.00
12/07/2022,120.530655,121.468526,119.168283,119.731003,161000,0.000,0.0,-,95.712255,113.069058,122.116651,122.909880,212668.00
12/06/2022,121.754817,122.495237,119.908698,120.106148,223700,0.000,0.0,-,95.534913,112.577038,122.043187,123.466678,211978.00
12/05/2022,123.057954,123.057954,119.543418,121.794304,215000,0.000,0.0,-,95.367377,112.079881,122.040691,123.893161,210272.00
12/02/2022,122.751915,125.407560,122.751915,124.390717,132200,0.000,0.0,-,95.190223,111.579527,121.836454,124.068890,209156.00
12/01/2022,125.674121,125.674121,123.502215,124.173531,130000,0.000,0.0,-,95.010638,111.070235,121.395906,123.846764,211188.00
11/30/2022,122.978998,125.141029,119.819871,125.141029,269200,0.000,0.0,-,94.829293,110.619714,120.941075,123.419293,212620.00
11/29/2022,121.596881,125.022564,121.596881,122.722321,280300,0.000,0.0,-,94.631969,110.160887,120.648874,122.866444,211446.00
11/28/2022,123.324509,126.108492,121.764687,122.179329,281000,0.000,0.0,-,94.444383,109.735249,120.590507,122.615614,208062.00
11/25/2022,125.091666,125.644512,124.084697,124.410477,118300,0.000,0.0,-,94.261376,109.259536,120.471535,122.385557,208446.00
11/23/2022,125.298960,127.036476,124.134031,124.449944,219100,0.000,0.0,-,94.078699,108.725396,120.090145,122.158182,208084.00
11/22/2022,124.637540,125.802469,123.028361,125.298981,168700,0.000,0.0,-,93.878155,108.209003,119.274911,121.323422,206182.00
11/21/2022,123.176427,125.762967,123.057964,124.370979,227100,0.000,0.0,-,93.668311,107.710534,118.443848,120.619695,207058.00
11/18/2022,124.351242,125.792594,122.514998,123.551590,369900,0.000,0.0,-,93.461536,107.282292,117.565514,120.188222,205174.00
11/17/2022,117.944130,122.169464,117.233324,122.169464,294900,0.000,0.0,-,93.262098,106.841055,116.642860,119.604018,199430.00
11/16/2022,119.740866,120.540519,117.993469,119.898819,178900,0.150,0.0,-,93.078895,106.395119,115.645355,118.945048,195448.00
11/15/2022,121.061973,121.998685,118.567376,119.612541,344900,0.000,0.0,-,92.916126,105.983355,114.913226,118.462856,195546.00
11/14/2022,119.356191,123.536860,118.685705,120.214012,266700,0.000,0.0,-,92.758715,105.535708,114.245699,118.431304,191668.00
11/11/2022,122.116994,123.891810,119.553377,119.878761,188200,0.000,0.0,-,92.586566,105.113894,113.389844,118.565401,189000.00
11/10/2022,120.549254,123.024127,119.297021,122.136726,184200,0.000,0.0,-,92.406179,104.707856,112.391019,118.557513,187640.00
11/09/2022,117.403878,119.622394,115.520608,116.102348,221100,0.000,0.0,-,92.219851,104.243841,111.376910,118.022109,186004.00
11/08/2022,120.549248,121.278891,117.147518,118.261711,237500,0.000,0.0,-,92.072531,103.890258,110.541762,117.226401,183454.00
11/07/2022,118.892755,120.243580,117.758845,120.056244,223000,0.000,0.0,-,91.923493,103.551861,109.670624,116.268001,182474.00
11/04/2022,116.802432,118.291305,115.461461,117.709557,174000,0.000,0.0,-,91.756207,103.170473,108.648627,114.942807,181166.00
11/03/2022,114.435986,117.029189,114.307808,115.579758,186000,0.000,0.0,-,91.616065,102.892419,107.730654,113.681702,180630.00
11/02/2022,118.873031,119.060374,114.248662,115.076904,315300,0.000,0.0,-,91.480634,102.598195,107.044887,112.345663,180778.00
11/01/2022,122.146580,122.432523,119.119538,119.297020,236900,0.000,0.0,-,91.362637,102.303576,106.368980,111.363596,177952.00
10/31/2022,119.513943,122.195884,119.060380,121.554977,274400,0.000,0.0,-,91.241946,101.941317,105.674337,110.060094,174970.00
10/28/2022,118.961776,121.101410,117.640523,119.799881,262700,0.000,0.0,-,91.114725,101.581818,104.693259,108.214288,171946.00
10/27/2022,109.377776,118.133517,109.377776,116.782692,355300,0.000,0.0,-,90.995397,101.311455,103.501669,106.224525,169122.00
10/26/2022,109.407352,111.783632,107.671977,108.145264,184500,0.000,0.0,-,90.887571,101.092561,102.434317,104.731710,163832.00
10/25/2022,106.429616,110.324342,106.429616,108.677711,205500,0.000,0.0,-,90.817780,101.047600,101.942794,103.857123,163582.00
10/24/2022,105.206972,108.174856,105.049214,106.804306,253400,0.000,0.0,-,90.744933,101.006366,101.265408,103.073247,161558.00
10/21/2022,103.639217,106.252137,102.692651,105.098503,168400,0.000,0.0,-,90.691171,101.005948,100.687608,102.354448,158892.00
10/20/2022,105.059074,105.325292,101.361547,102.219368,210300,0.000,0.0,-,90.634847,100.959884,100.271513,101.779607,158256.00
10/19/2022,105.414006,105.414006,103.333530,105.256241,123800,0.000,0.0,-,90.610979,100.939104,100.106850,101.744111,158552.00
10/18/2022,105.571791,106.429620,103.767396,106.261993,154600,0.000,0.0,-,90.566234,100.816031,99.926413,101.374363,160652.00
10/17/2022,101.864407,103.254681,101.479865,103.096916,216100,0.000,0.0,-,90.520534,100.727199,99.723296,101.288580,160390.00
10/14/2022,102.475732,102.840557,99.695192,99.902252,179700,0.000,0.0,-,90.487714,100.684929,99.640472,101.172230,160162.00
10/13/2022,97.594995,102.239088,96.135701,101.854546,153600,0.000,0.0,-,90.477003,100.690009,99.565042,100.778814,160700.00
10/12/2022,101.174207,101.174207,98.462687,99.399391,81400,0.000,0.0,-,90.455549,100.710793,99.357488,100.136924,161040.00
10/11/2022,99.251486,101.953144,98.630297,100.838951,153300,0.000,0.0,-,90.453929,100.785014,99.319034,100.028465,163138.00
10/10/2022,100.050163,101.026309,99.212059,99.616318,123900,0.000,0.0,-,90.434853,100.844623,99.295864,99.457568,165082.00
10/07/2022,101.154478,101.272801,98.610585,99.350090,187300,0.000,0.0,-,90.417473,100.933215,99.462992,99.020768,168268.00
10/06/2022,101.065747,101.953155,100.316379,101.864410,166500,0.000,0.0,-,90.395878,100.884543,99.569974,98.763420,170592.00
10/05/2022,103.175813,104.329440,101.479879,101.558762,299800,0.000,0.0,-,90.344288,100.670766,99.470387,98.469590,169822.00
10/04/2022,103.530752,106.469057,103.530752,105.404167,215000,0.000,0.0,-,90.302668,100.429424,99.357981,98.478462,166714.00
10/03/2022,97.092120,102.761661,97.092120,101.933411,220100,0.000,0.0,-,90.250213,100.090692,98.949281,98.158012,165716.00
09/30/2022,95.997673,99.143039,95.948370,95.968094,225400,0.000,0.0,-,90.225076,99.849735,98.808775,98.108714,163278.00
09/29/2022,97.595004,98.965554,94.331315,95.435646,149800,0.000,0.0,-,90.216170,99.728085,98.989215,98.351271,160776.00
09/28/2022,96.125859,99.172626,95.899081,98.314796,221500,0.000,0.0,-,90.213264,99.584391,99.164230,98.578053,159740.00
09/27/2022,96.589276,97.378085,93.946776,95.129990,126500,0.000,0.0,-,90.196993,99.368145,99.169652,98.609603,158328.00
09/26/2022,95.928661,98.157040,95.179294,95.248314,138400,0.000,0.0,-,90.195222,99.125790,99.480244,99.134159,157188.00
09/23/2022,97.772481,98.590861,96.037106,96.776611,159200,0.000,0.0,-,90.200173,98.899974,99.767171,99.905216,156256.00
09/22/2022,100.927703,100.927703,98.078142,98.926109,233800,0.000,0.0,-,90.193163,98.623308,100.118683,100.376527,154564.00
09/21/2022,103.402583,104.694250,101.331962,101.647484,201600,0.000,0.0,-,90.171185,98.300894,100.215805,100.471183,152072.00
09/20/2022,100.365687,102.239102,99.902262,102.199661,210500,0.000,0.0,-,90.127060,97.938035,100.150729,100.237499,150022.00
09/19/2022,97.466821,101.558753,97.466821,101.440430,111100,0.000,0.0,-,90.083953,97.589342,100.099949,99.740549,147102.00
09/16/2022,96.628715,98.472552,95.701866,98.393669,300200,0.000,0.0,-,90.036789,97.254456,100.206930,99.508837,147018.00
09/15/2022,97.673882,99.734641,97.200602,97.703461,100200,0.000,0.0,-,90.010455,97.004925,100.601332,99.627158,142610.00
09/14/2022,99.872674,100.769936,97.644295,98.630302,124000,0.000,0.0,-,90.002247,96.724689,101.008060,99.750407,142470.00
09/13/2022,100.099461,101.568617,99.389542,100.375549,212500,0.000,0.0,-,89.991515,96.453488,101.371405,99.729701,147068.00
09/12/2022,101.913720,103.047630,101.144635,102.958885,132900,0.000,0.0,-,89.991002,96.103661,101.683428,99.826328,145318.00
09/09/2022,100.967141,102.101050,100.582598,101.489723,82700,0.000,0.0,-,89.979241,95.682079,101.874655,99.629125,145530.00
09/08/2022,98.413372,100.050147,98.413372,99.872665,95800,0.000,0.0,-,89.975022,95.252460,101.939933,99.860838,146004.00
09/07/2022,97.752753,99.675464,97.279474,99.310646,183800,0.000,0.0,-,89.975306,94.877437,102.005318,99.960427,151204.00
09/06/2022,98.788057,98.788057,96.510375,97.230164,151000,0.000,0.0,-,89.983357,94.539652,101.994915,100.063958,149166.00
09/02/2022,100.592455,101.420705,98.581007,99.123306,133300,0.000,0.0,-,89.999504,94.230084,102.224427,100.459348,152504.00
09/01/2022,98.393676,99.665626,97.328786,99.576881,120200,0.000,0.0,-,90.005596,93.809389,102.317432,100.905023,152686.00
08/31/2022,98.561271,100.000841,98.561271,98.935951,102400,0.000,0.0,-,90.001714,93.352051,102.346400,101.575507,153540.00
08/30/2022,101.578461,101.578461,98.088002,98.423241,93600,0.000,0.0,-,89.997307,92.876217,102.544291,102.265713,155360.00
08/29/2022,99.902250,102.781389,99.379668,101.341820,188500,0.000,0.0,-,89.992616,92.391337,102.778650,103.013109,159416.00
08/26/2022,103.806836,104.477321,100.375535,100.986855,157600,0.000,0.0,-,89.967394,91.857736,102.902529,103.540527,160224.00
08/25/2022,100.809391,104.092797,100.661488,103.806854,147200,0.000,0.0,-,89.948119,91.489774,103.055482,104.120184,163060.00
08/24/2022,100.316384,101.726375,100.227647,100.868553,193400,0.000,0.0,-,89.914743,91.099878,102.710964,104.019028,162068.00
08/23/2022,101.884131,103.077199,100.069874,100.345955,174000,0.000,0.0,-,89.895765,90.796714,102.226314,104.050208,161354.00
08/22/2022,101.933419,102.544746,100.750214,101.184059,87800,0.000,0.0,-,89.855235,90.546542,101.683601,103.925872,159490.00
08/19/2022,105.414037,105.443616,102.574331,103.580063,123200,0.000,0.0,-,89.816837,90.327662,101.047776,103.989507,159662.00
08/18/2022,105.857732,106.498638,103.984317,106.281715,121500,0.000,0.0,-,89.760333,90.072679,100.363051,103.729840,159628.00
08/17/2022,104.753406,106.616959,104.092783,105.838013,90800,0.140,0.0,-,89.682673,89.769965,99.543244,103.117294,159418.00
08/16/2022,105.887352,106.665285,105.089728,105.897202,172000,0.000,0.0,-,89.601840,89.462930,98.663890,102.822870,160316.00
08/15/2022,105.641131,107.334856,105.158618,106.616005,104300,0.000,0.0,-,89.509094,89.143091,97.744157,102.544191,159550.00
08/12/2022,104.361005,106.862197,102.903611,106.783424,120100,0.000,0.0,-,89.382069,88.822663,96.563967,102.264531,159802.00
08/11/2022,103.071017,104.282230,101.653020,102.795296,136600,0.000,0.0,-,89.267344,88.445711,95.422673,101.990779,160152.00
08/10/2022,101.288671,102.460495,99.959296,101.180351,225100,0.000,0.0,-,89.173197,88.156793,94.430072,101.402899,163348.00
08/09/2022,101.899212,101.899212,98.659470,99.102592,228800,0.000,0.0,-,89.079821,87.937200,93.511325,100.402420,160622.00
08/08/2022,101.918883,103.681539,101.042479,101.820412,141500,0.000,0.0,-,88.991932,87.696730,92.731423,99.441329,158494.00
08/05/2022,99.427526,101.140943,99.181345,100.983391,204700,0.000,0.0,-,88.885406,87.364288,91.878654,98.106045,158362.00
08/04/2022,103.592934,103.592934,99.526027,100.156250,206600,0.000,0.0,-,88.777966,87.067493,91.064289,96.996262,159298.00
08/03/2022,103.395987,103.996669,100.963718,102.893776,170600,0.000,0.0,-,88.672800,86.721264,90.352333,95.969194,158496.00
08/02/2022,103.504304,103.986816,101.268977,103.110413,186300,0.000,0.0,-,88.552328,86.287592,89.392226,94.504910,157408.00
08/01/2022,103.464904,105.158629,101.387136,103.819405,250500,0.000,0.0,-,88.435528,85.866327,88.490220,92.944122,156672.00
07/29/2022,98.236035,104.459488,97.507334,104.045906,283200,0.000,0.0,-,88.301116,85.438760,87.443459,90.863403,156634.00
07/28/2022,93.922936,97.487638,93.775233,96.916496,303500,0.000,0.0,-,88.165031,85.043295,86.335153,88.854566,153060.00
07/27/2022,89.117491,92.298152,89.048561,91.175560,128000,0.000,0.0,-,88.063270,84.760876,85.489767,87.457246,149430.00
07/26/2022,87.994907,89.767413,87.886587,89.491684,144400,0.000,0.0,-,87.991978,84.593670,84.987066,86.620230,148846.00
07/25/2022,89.954502,90.358243,87.925974,88.467567,165100,0.000,0.0,-,87.927293,84.427448,84.633550,86.021516,148462.00
07/22/2022,90.358237,90.830900,87.994899,89.885567,98200,0.000,0.0,-,87.861159,84.262048,84.297760,85.651263,148332.00
07/21/2022,88.280470,89.905265,87.541927,89.885567,100300,0.000,0.0,-,87.786808,84.115671,83.707911,85.132315,149506.00
07/20/2022,87.492697,88.762991,86.872324,88.250938,98000,0.000,0.0,-,87.706379,83.949437,83.049131,84.735471,150822.00
07/19/2022,83.957530,87.522224,83.957530,87.502533,150900,0.000,0.0,-,87.628143,83.859739,82.393797,84.279543,152240.00
07/18/2022,85.217986,85.296766,82.894037,83.012207,69500,0.000,0.0,-,87.540219,83.815287,81.727632,84.036317,151910.00
07/15/2022,84.233264,84.981656,82.706939,83.957542,91800,0.000,0.0,-,87.482931,83.930439,81.310109,84.023516,153404.00
07/14/2022,81.574518,83.090993,81.013225,82.943291,74600,0.000,0.0,-,87.416800,83.935653,81.241671,83.815740,154170.00
07/13/2022,82.224421,83.987078,81.929001,82.805405,109200,0.000,0.0,-,87.365348,83.928515,81.310109,83.522289,155030.00
07/12/2022,84.883154,85.611855,83.110656,83.504547,99100,0.000,0.0,-,87.305075,83.932195,81.455355,83.353902,155436.00
07/11/2022,84.321900,85.218002,84.312058,84.765030,64500,0.000,0.0,-,87.242876,83.953351,81.671996,83.245583,156210.00
07/08/2022,85.759587,85.946687,84.302200,84.696091,106900,0.000,0.0,-,87.162855,83.930422,81.945749,82.944257,157734.00
07/07/2022,84.400654,86.281480,84.400654,85.917130,79800,0.000,0.0,-,87.078277,83.893340,82.252489,82.283506,158564.00
07/06/2022,84.794543,84.794543,82.706927,83.691650,93200,0.000,0.0,-,86.990927,83.880399,82.513934,81.362791,159778.00
07/05/2022,81.229858,85.198293,80.993526,85.070282,353900,0.000,0.0,-,86.913184,83.910003,82.853664,80.508052,160736.00
07/01/2022,81.495737,83.790137,80.520855,82.884193,125000,0.000,0.0,-,86.829971,83.966888,83.095413,79.418947,156806.00
06/30/2022,78.610501,82.608477,78.610501,81.879784,143500,0.000,0.0,-,86.761020,84.111535,83.480932,78.596703,156568.00
06/29/2022,81.544948,81.564646,78.443075,80.008781,106400,0.000,0.0,-,86.692730,84.225349,83.783735,78.667602,156260.00
06/28/2022,82.657703,83.799978,80.924587,81.121529,355800,0.000,0.0,-,86.644676,84.339030,84.200766,79.097928,156070.00
06/27/2022,82.578923,83.376547,81.151077,82.421364,81900,0.000,0.0,-,86.590519,84.457982,84.654724,79.556809,150814.00
06/24/2022,78.738510,81.801002,78.738510,81.751762,317900,0.000,0.0,-,86.534912,84.555852,84.887612,80.098409,150466.00
06/23/2022,76.503179,78.689267,76.503179,78.088585,142400,0.000,0.0,-,86.486966,84.646076,85.059939,80.947240,145806.00
06/22/2022,74.405719,77.192489,73.736106,76.709976,162900,0.000,0.0,-,86.461796,84.788920,85.462691,82.221473,145220.00
06/21/2022,75.242743,76.168378,73.007416,75.144264,193400,0.000,0.0,-,86.453029,84.965038,85.769432,83.665076,144172.00
06/17/2022,75.026093,78.059036,74.129991,74.179230,296400,0.000,0.0,-,86.451699,85.187610,86.072727,85.199275,143974.00
06/16/2022,80.835965,80.835965,74.090609,74.661751,228900,0.000,0.0,-,86.447056,85.423780,86.466124,86.771880,141930.00
06/15/2022,84.666543,85.858058,81.604052,82.588776,299400,0.000,0.0,-,86.446178,85.678416,86.855090,88.365162,140434.00
06/14/2022,85.710348,86.005761,83.632581,84.312042,97600,0.000,0.0,-,86.404193,85.792205,86.939283,88.899869,136954.00
06/13/2022,84.942259,86.242094,84.942259,85.710342,157700,0.000,0.0,-,86.355014,85.878018,86.863459,89.303605,138406.00
06/10/2022,88.300186,88.861478,86.901880,87.837364,80800,0.000,0.0,-,86.289383,85.913844,86.718704,89.752639,138124.00
06/09/2022,90.102213,91.579299,89.934812,90.240074,96400,0.000,0.0,-,86.218950,85.926594,86.385867,89.676814,138706.00
06/08/2022,90.437019,91.027859,89.452295,90.830910,121500,0.000,0.0,-,86.138758,85.913311,85.883740,89.172637,139316.00
06/07/2022,89.324274,91.293721,89.324274,91.146011,111000,0.000,0.0,-,86.055808,85.830997,85.470531,88.703909,139006.00
06/06/2022,90.939224,91.677766,89.678779,90.486252,135700,0.000,0.0,-,85.964665,85.740021,84.991923,87.873787,138960.00
06/03/2022,89.619703,90.102215,88.831921,89.905273,133700,0.000,0.0,-,85.871381,85.657129,84.655912,86.946178,140280.00
06/02/2022,88.280475,91.047546,87.994904,90.594574,116900,0.000,0.0,-,85.785167,85.651329,84.424646,86.160368,144374.00
06/01/2022,88.772858,88.772858,85.798988,87.935844,137600,0.000,0.0,-,85.699232,85.697999,84.333407,85.345018,146912.00
05/31/2022,89.019016,89.796948,87.522232,88.349403,296400,0.000,0.0,-,85.634532,85.767763,84.147527,84.978697,146688.00
05/27/2022,87.384373,90.269614,87.384373,90.200684,88800,0.000,0.0,-,85.566685,85.816083,83.859376,84.423313,146868.00
05/26/2022,85.858062,87.640409,85.759583,87.079117,122400,0.000,0.0,-,85.493259,85.830719,83.498813,83.684769,147076.00
05/25/2022,85.769445,86.616308,84.085568,85.198303,134900,0.000,0.0,-,85.438185,85.896383,83.372973,83.094919,147494.00
05/24/2022,83.849223,86.251944,83.494722,86.143631,251500,0.000,0.0,-,85.390557,85.983935,83.293988,82.594843,148288.00
05/23/2022,81.840373,83.012196,81.170761,82.844788,166500,0.000,0.0,-,85.333113,86.043930,83.128905,82.237154,145490.00
05/20/2022,83.140225,83.662127,79.644452,81.210167,116200,0.000,0.0,-,85.292115,86.171867,83.250171,82.110059,144484.00
05/19/2022,81.288939,83.120525,80.757187,82.047173,149500,0.000,0.0,-,85.255814,86.327385,83.448254,82.365646,144882.00
05/18/2022,83.534114,86.478436,82.037330,82.441071,248600,0.000,0.0,-,85.208330,86.441783,83.741622,82.688923,145166.00
05/17/2022,84.233247,84.745299,83.770425,84.272636,104500,0.000,0.0,-,85.162645,86.481356,84.125397,83.321796,148416.00
05/16/2022,82.598614,83.317465,81.131377,82.795563,122000,0.000,0.0,-,85.099042,86.444837,84.290289,83.316357,148458.00
05/13/2022,82.214565,84.115081,82.214565,82.815247,98800,0.140,0.0,-,85.050899,86.457688,84.435152,83.295439,148762.00
05/12/2022,80.197557,81.917901,79.293149,81.180611,125200,0.000,0.0,-,85.003245,86.485067,84.647845,83.312857,148748.00
05/11/2022,82.625693,83.353150,79.745344,80.197548,158600,0.000,0.0,-,84.960828,86.566340,84.954558,83.651028,148094.00
05/10/2022,82.222667,83.736571,81.131476,82.566734,156900,0.000,0.0,-,84.923816,86.602292,85.257830,83.993132,151090.00
05/09/2022,82.360276,83.657907,81.013497,81.573837,166100,0.000,0.0,-,84.877894,86.638959,85.391033,84.020656,152698.00
05/06/2022,84.847395,85.741978,82.969766,83.766037,168900,0.000,0.0,-,84.838943,86.697447,85.588135,84.390284,152318.00
05/05/2022,87.472159,87.649109,84.218245,85.279945,134400,0.000,0.0,-,84.782865,86.645341,85.713475,84.530862,155904.00
05/04/2022,84.562327,88.995904,84.562327,88.769806,144200,0.000,0.0,-,84.729641,86.596529,85.748865,84.794321,156062.00
05/03/2022,83.176204,84.945704,82.576540,84.218239,130100,0.000,0.0,-,84.653096,86.506387,85.680051,84.928998,155674.00
05/02/2022,82.792828,84.513173,80.610447,82.586388,117600,0.000,0.0,-,84.586192,86.554001,85.883052,85.264221,155724.00
04/29/2022,83.618580,85.122651,82.606035,82.989426,129500,0.000,0.0,-,84.532635,86.629540,86.183866,85.574866,155600.00
04/28/2022,85.771477,85.810800,81.613154,84.562317,137800,0.000,0.0,-,84.486312,86.739229,86.409477,85.982833,156670.00
04/27/2022,82.694525,85.456905,82.694525,83.618591,140700,0.000,0.0,-,84.436481,86.806073,86.605106,86.258089,156214.00
04/26/2022,84.011809,84.985031,82.625707,82.841972,148400,0.000,0.0,-,84.394648,86.847225,86.902971,86.522529,156544.00
04/25/2022,84.346053,85.299609,82.802658,85.270119,140500,0.000,0.0,-,84.361494,86.894486,87.096633,86.761410,155740.00
04/22/2022,87.364036,87.403359,84.994872,85.171822,141100,0.000,0.0,-,84.316493,86.900645,87.162989,86.785986,155278.00
04/21/2022,91.020983,91.266746,87.206735,87.914536,157400,0.000,0.0,-,84.262684,86.954709,87.221480,86.896088,156148.00
04/20/2022,88.769790,92.043355,88.769790,90.116570,113100,0.000,0.0,-,84.198833,86.883243,87.306515,86.703409,156228.00
04/19/2022,86.076226,88.111148,85.869786,87.570473,128100,0.000,0.0,-,84.121279,86.747515,87.447092,86.431104,156816.00
04/18/2022,86.498937,87.678607,85.083344,85.692833,96900,0.000,0.0,-,84.063602,86.656425,87.639770,86.501882,157228.00
04/14/2022,87.649105,88.238936,86.892149,87.069099,93000,0.000,0.0,-,84.022360,86.615846,87.893398,86.792866,159900.00
04/13/2022,86.351476,87.668773,86.154868,87.314873,64500,0.000,0.0,-,83.972622,86.585044,88.086568,86.836121,163738.00
04/12/2022,86.262993,87.894866,85.781298,86.262993,84900,0.000,0.0,-,83.919648,86.585646,88.238941,86.952122,168830.00
04/11/2022,85.456887,86.508755,84.916205,85.230782,113100,0.000,0.0,-,83.870319,86.622992,88.404586,87.283413,172592.00
04/08/2022,86.115548,86.803691,85.211140,85.515884,110500,0.000,0.0,-,83.832513,86.634060,88.600215,87.431856,175256.00
04/07/2022,85.702662,86.754529,85.220967,86.272835,183500,0.000,0.0,-,83.792695,86.599769,88.786504,87.539991,175756.00
04/06/2022,86.518597,87.344359,85.211134,85.987747,194200,0.000,0.0,-,83.746595,86.571738,88.922165,87.546873,174840.00
04/05/2022,88.229111,88.297925,87.019951,87.393517,154100,0.000,0.0,-,83.704173,86.584747,89.011131,87.909621,174256.00
04/04/2022,88.976227,88.976227,86.616895,88.278259,125400,0.000,0.0,-,83.654917,86.605961,88.862442,88.463081,175568.00
04/01/2022,87.973515,88.838607,86.960970,88.602669,170200,0.000,0.0,-,83.591547,86.572375,88.570863,88.777657,177112.00
03/31/2022,88.278269,89.369460,87.364029,87.501656,143600,0.000,0.0,-,83.546180,86.593946,88.312635,88.993929,178332.00
03/30/2022,89.684044,90.146073,88.081661,88.474884,109900,0.000,0.0,-,83.515765,86.613783,88.146761,89.337014,179428.00
03/29/2022,88.042328,90.087082,88.042328,89.575897,126900,0.000,0.0,-,83.482587,86.673837,87.985231,89.525759,180870.00
03/28/2022,86.282664,86.715210,85.152157,86.715210,106000,0.000,0.0,-,83.450218,86.785494,87.606193,89.525759,181040.00
03/25/2022,86.636560,87.108429,85.515879,86.597237,108700,0.000,0.0,-,83.427552,86.973407,87.490437,89.768574,181952.00
03/24/2022,89.310472,89.389118,84.660630,86.341652,201700,0.000,0.0,-,83.402980,87.160146,87.385487,90.033016,184360.00
03/23/2022,92.023714,93.242700,89.477600,89.615234,338400,0.000,0.0,-,83.389180,87.337665,87.126442,90.297458,183446.00
03/22/2022,91.994210,93.026412,91.119292,92.928108,243800,0.000,0.0,-,83.364249,87.429099,86.787647,90.112641,179400.00
03/21/2022,90.785040,91.502673,89.192497,91.424026,126400,0.000,0.0,-,83.319279,87.452704,86.354376,89.261803,179022.00
03/18/2022,91.011152,91.099623,89.733179,90.765388,305400,0.000,0.0,-,83.284276,87.545264,86.113122,88.364069,178402.00
03/17/2022,90.008430,91.512501,89.320295,90.932503,99200,0.000,0.0,-,83.247281,87.606626,85.893020,87.631341,174818.00
03/16/2022,90.254199,90.991489,88.347079,90.362335,143300,0.000,0.0,-,83.199221,87.736894,85.770087,86.956507,176270.00
03/15/2022,90.057592,90.087082,87.924366,89.575897,174600,0.000,0.0,-,83.161109,87.855792,85.647196,86.444704,177210.00
03/14/2022,89.752853,89.969118,87.993185,89.143356,111600,0.000,0.0,-,83.118952,88.006713,85.452212,85.686626,174874.00
03/11/2022,89.398953,90.883360,88.710811,89.241661,116200,0.000,0.0,-,83.068680,88.154506,85.255296,85.212299,174294.00
03/10/2022,85.879621,89.104038,85.879621,88.986069,136100,0.130,0.0,-,83.014833,88.324873,85.072115,84.737959,173656.00
03/09/2022,85.901979,87.865228,85.391530,87.767067,163700,0.000,0.0,-,82.958544,88.496425,85.016564,83.955427,173332.00
03/08/2022,82.338684,84.920362,81.798795,84.419731,411100,0.000,0.0,-,82.915055,88.722592,84.845272,83.462653,172010.00
03/07/2022,83.241807,84.135082,82.309259,82.446686,106600,0.000,0.0,-,82.888842,88.974672,84.790793,83.446948,166956.00
03/04/2022,82.800045,84.262664,82.535010,83.438103,137200,0.000,0.0,-,82.871514,89.248545,84.819259,83.862175,166576.00
03/03/2022,86.068884,86.520431,83.624640,84.184166,98100,0.000,0.0,-,82.847370,89.480405,84.830548,84.154700,165976.00
03/02/2022,83.025834,86.068870,83.025834,85.244301,92500,0.000,0.0,-,82.827865,89.627649,84.897788,84.583667,167570.00
03/01/2022,84.419739,84.989084,81.376704,81.995125,308400,0.000,0.0,-,82.807904,89.787457,85.002822,84.849689,175436.00
02/28/2022,83.212313,84.871261,82.839298,84.400085,237300,0.000,0.0,-,82.803699,90.045821,85.309580,85.217798,174058.00
02/25/2022,82.456472,85.244282,81.033119,84.498253,147100,0.000,0.0,-,82.783555,90.295939,85.378785,85.298293,173956.00
02/24/2022,78.529996,83.173085,78.529996,81.160751,348200,0.000,0.0,-,82.754477,90.489712,85.343938,85.406272,176242.00
02/23/2022,84.537547,85.116702,82.564479,82.839333,142300,0.000,0.0,-,82.769552,90.763585,85.529465,86.077702,172148.00
02/22/2022,85.293389,86.255385,83.722791,84.262680,124800,0.000,0.0,-,82.777017,91.008009,85.719408,86.227891,171794.00
02/18/2022,86.167036,87.021052,85.097068,86.598953,132600,0.000,0.0,-,82.780248,91.218273,85.928986,86.134637,171240.00
02/17/2022,87.531478,88.257886,86.000146,86.363350,111400,0.000,0.0,-,82.770429,91.411064,85.928986,85.776344,170106.00
02/16/2022,87.394053,89.494729,87.187913,88.473839,183000,0.000,0.0,-,82.753773,91.591290,86.094881,85.506396,169632.00
02/15/2022,86.981788,88.375694,86.353549,87.904518,115000,0.000,0.0,-,82.730328,91.712423,86.095863,85.211909,168060.00
02/14/2022,85.362096,86.481148,84.193960,85.676216,157200,0.000,0.0,-,82.705722,91.810782,86.274518,85.155956,168194.00
02/11/2022,85.735103,86.598938,83.860204,85.205032,108200,0.000,0.0,-,82.679845,91.968823,86.748643,85.401363,170082.00
02/10/2022,86.147393,87.992845,84.900725,85.578049,117400,0.000,0.0,-,82.655492,92.104877,87.293935,85.459278,171464.00
02/09/2022,85.656579,88.336411,84.655318,87.875046,184600,0.000,0.0,-,82.625463,92.255850,87.811742,85.281605,174024.00
02/08/2022,83.506845,85.607522,83.506845,84.341225,161400,0.000,0.0,-,82.586978,92.419586,88.178870,84.981229,173206.00
02/07/2022,83.143636,84.135079,82.947314,83.330147,142500,0.000,0.0,-,82.565283,92.662439,88.671154,85.210926,172012.00
02/04/2022,83.438113,83.889660,82.161998,83.016014,148700,0.000,0.0,-,82.542681,93.001296,89.210066,85.723335,170138.00
02/03/2022,84.488441,85.195212,83.320305,83.663879,230500,0.000,0.0,-,82.515248,93.353111,89.861865,86.081628,169136.00
02/02/2022,87.963402,88.277521,84.930177,85.528969,284900,0.000,0.0,-,82.490146,93.692753,90.370347,86.683365,166572.00
02/01/2022,88.346240,88.827234,86.638215,87.344986,319100,0.000,0.0,-,82.454449,93.980762,90.966193,86.979816,163466.00
01/31/2022,85.430811,88.169545,85.293384,88.130280,273000,0.000,0.0,-,82.414754,94.252279,91.414305,87.393079,159506.00
01/28/2022,83.428286,85.921614,82.289606,85.784187,246300,0.000,0.0,-,82.369617,94.498863,91.863889,88.095923,156800.00
01/27/2022,84.998891,88.149914,83.261419,83.801315,135500,0.000,0.0,-,82.331911,94.790013,92.401329,89.128593,153768.00
01/26/2022,88.149923,89.043198,83.624632,84.871292,137700,0.000,0.0,-,82.303923,95.089997,93.099265,90.341879,153194.00
01/25/2022,86.854150,87.865222,83.624604,86.638191,165000,0.000,0.0,-,82.266627,95.353661,93.733884,91.376511,152192.00
01/24/2022,85.175600,88.827246,83.978024,88.454231,219700,0.000,0.0,-,82.221522,95.570600,94.355744,92.131382,150512.00
01/21/2022,89.259156,90.849391,86.294652,86.598953,202600,0.000,0.0,-,82.166751,95.727464,94.784221,92.696798,148100.00
01/20/2022,89.357306,91.683759,88.945025,89.681244,231200,0.000,0.0,-,82.111091,95.938120,95.261290,93.642101,146100.00
01/19/2022,92.243291,92.243291,88.208812,88.493484,198400,0.000,0.0,-,82.029219,96.087131,95.528783,94.057330,143820.00
01/18/2022,93.813880,94.422490,90.633417,91.477615,182000,0.000,0.0,-,81.962034,96.258720,95.681426,94.952569,142640.00
01/14/2022,94.834776,95.600442,93.725543,95.158714,135400,0.000,0.0,-,81.878120,96.273966,95.769281,95.435530,143368.00
01/13/2022,96.768572,96.768572,95.551352,96.110886,151600,0.000,0.0,-,81.773992,96.240882,95.757011,95.631855,143310.00
01/12/2022,95.217592,96.493707,94.874025,95.934181,229100,0.000,0.0,-,81.658848,96.164247,95.796766,95.674065,142828.00
01/11/2022,94.020022,95.296137,91.850632,95.217606,156000,0.000,0.0,-,81.546688,96.060559,95.709402,95.856650,141804.00
01/10/2022,93.401609,94.383234,92.282558,94.186905,136100,0.000,0.0,-,81.429071,95.949635,95.691241,96.091257,143474.00
01/07/2022,95.669171,95.865500,93.048234,94.108391,224900,0.000,0.0,-,81.325013,95.812857,95.734923,96.580106,146254.00
01/06/2022,94.864222,96.464267,93.087483,96.051987,95400,0.000,0.0,-,81.208983,95.554911,95.768298,96.871643,144864.00
01/05/2022,97.092529,97.701131,93.833527,93.833527,126200,0.000,0.0,-,81.075269,95.310639,95.777622,96.880479,144814.00
01/04/2022,96.552603,98.623831,96.317015,97.445877,171800,0.000,0.0,-,80.955531,95.113286,95.854680,97.000237,145026.00
01/03/2022,97.612791,98.486437,95.708436,96.307228,190300,0.000,0.0,-,80.826234,94.814472,95.708910,96.410284,143736.00
12/31/2021,96.660599,97.652042,96.572249,97.121964,57800,0.000,0.0,-,80.702680,94.518824,95.534671,96.103033,143710.00
12/30/2021,98.191938,99.458235,96.444647,96.532990,82600,0.000,0.0,-,80.578082,94.186686,95.357487,95.882166,144066.00
12/29/2021,97.848375,98.437349,97.259402,97.760025,84300,0.000,0.0,-,80.460436,93.845936,95.131223,95.919466,144214.00
12/28/2021,98.663097,99.301155,97.553857,97.563675,119900,0.000,0.0,-,80.327370,93.473196,94.899559,95.562154,145002.00
12/27/2021,97.180857,99.075394,96.503534,99.075394,97600,0.000,0.0,-,80.198315,93.097912,94.824466,95.291226,146784.00
12/23/2021,96.375897,97.386969,95.188132,97.023766,158400,0.000,0.0,-,80.067811,92.711412,94.694891,94.889740,146854.00
12/22/2021,95.384487,96.140343,94.756248,96.140343,87600,0.000,0.0,-,79.945464,92.309674,94.857352,94.664952,145316.00
12/21/2021,92.537777,95.315777,92.046964,95.031105,107200,0.000,0.0,-,79.829268,91.923447,95.080672,94.674766,145970.00
12/20/2021,91.840832,92.154951,89.327874,91.546349,177800,0.000,0.0,-,79.716716,91.554111,95.361417,94.709123,145824.00
12/17/2021,93.597915,95.384471,92.478863,93.234718,485800,0.000,0.0,-,79.617586,91.261528,95.780571,95.007537,144026.00
12/16/2021,97.504788,97.504788,93.980752,94.913300,239500,0.000,0.0,-,79.492399,90.927924,96.164877,94.966309,137300.00
12/15/2021,94.059270,96.984515,92.429777,96.905983,232200,0.000,0.0,-,79.345936,90.534475,96.442185,94.832809,134952.00
12/14/2021,94.667906,95.247062,92.930426,94.186905,261400,0.000,0.0,-,79.194439,90.096663,96.613971,94.342981,133728.00
12/13/2021,94.913303,95.364850,93.666636,94.854401,143500,0.000,0.0,-,79.047998,89.688920,96.844652,94.236964,131836.00
12/10/2021,95.158700,95.610247,93.754976,95.060532,124600,0.000,0.0,-,78.893389,89.243907,97.004657,94.357705,132178.00
12/09/2021,95.335412,95.737875,94.481396,94.775887,97100,0.000,0.0,-,78.720328,88.741049,97.125887,94.500042,132146.00
12/08/2021,96.022521,96.650760,94.461741,96.238480,75900,0.000,0.0,-,78.552010,88.276627,97.201962,95.049753,135506.00
12/07/2021,94.589377,96.454465,94.589377,95.374680,87700,0.000,0.0,-,78.382477,87.766484,97.246627,95.486579,137022.00
12/06/2021,94.589382,95.384496,93.028595,94.530487,104400,0.000,0.0,-,78.206919,87.312046,97.334483,96.013711,137808.00
12/03/2021,94.530474,94.628635,90.780667,92.822441,121700,0.000,0.0,-,78.035875,86.836454,97.461606,96.553604,138248.00
12/02/2021,93.205271,95.600438,92.007695,93.578293,251600,0.000,0.0,-,77.867271,86.401298,97.432479,97.363444,139094.00
12/01/2021,95.767323,96.631158,91.988069,92.007706,177300,0.000,0.0,-,77.690399,85.904949,97.428790,98.051562,136518.00
11/30/2021,94.991820,95.678962,92.449416,93.126740,245400,0.000,0.0,-,77.527431,85.420405,97.442361,98.884961,135430.00
11/29/2021,98.182111,98.182111,95.512098,96.061806,143700,0.000,0.0,-,77.362868,84.926812,97.323513,99.452340,133648.00
11/26/2021,96.464265,98.604208,94.265428,96.483902,101700,0.000,0.0,-,77.191780,84.368440,97.003994,99.651609,140374.00
11/24/2021,100.047218,101.048480,99.772364,100.272995,48800,0.000,0.0,-,77.021947,83.807312,96.547200,99.751733,140276.00
11/23/2021,100.518400,101.519654,99.811629,100.606743,98600,0.000,0.0,-,76.833365,83.183735,95.594104,99.354172,142194.00
11/22/2021,100.498751,101.833761,100.125736,100.645996,102300,0.000,0.0,-,76.649652,82.536033,94.755687,99.006676,142296.00
11/19/2021,99.644748,101.823957,99.261915,99.929420,129600,0.000,0.0,-,76.462522,81.931073,93.921679,98.655254,143296.00
11/18/2021,100.645984,101.293860,98.692553,100.920837,121100,0.000,0.0,-,76.246380,81.338288,93.050467,98.369608,143036.00
11/17/2021,100.371130,101.401839,98.810350,100.459473,137700,0.000,0.0,-,76.023329,80.745869,92.080666,97.501514,142708.00
11/16/2021,98.800547,100.773615,98.800547,100.341698,94700,0.000,0.0,-,75.799022,80.179932,91.083446,96.806018,142526.00
11/15/2021,98.918320,99.144097,98.133024,98.800529,106800,0.000,0.0,-,75.580428,79.634192,90.041137,95.999760,142656.00
11/12/2021,97.740377,98.849610,97.426258,98.054497,87600,0.000,0.0,-,75.359976,79.157313,89.057260,95.194687,142076.00
11/11/2021,96.258107,98.309707,95.993072,97.485138,81000,0.000,0.0,-,75.140180,78.693786,88.094509,94.356380,141772.00
11/10/2021,96.621324,98.142845,95.698594,96.297386,99100,0.130,0.0,-,74.928305,78.209098,87.207772,93.342667,142754.00
11/09/2021,96.935711,98.004282,96.180855,97.131783,102600,0.000,0.0,-,74.725931,77.772871,86.239746,91.834036,144298.00
11/08/2021,98.465041,99.308132,96.749452,97.131783,117200,0.000,0.0,-,74.516507,77.314073,85.224607,90.504697,143636.00
11/05/2021,93.769222,97.572926,93.563352,97.072952,139400,0.000,0.0,-,74.312791,76.860961,84.196233,89.188104,144658.00
11/04/2021,93.739820,94.651534,91.837964,92.239899,218400,0.000,0.0,-,74.113029,76.371185,83.188446,87.731326,143476.00
11/03/2021,91.906570,93.818224,91.112500,93.504517,132500,0.000,0.0,-,73.935676,76.001402,82.404177,86.659819,140838.00
11/02/2021,90.955668,93.082997,89.955727,92.279121,127500,0.000,0.0,-,73.749023,75.615346,81.490994,85.360874,139696.00
11/01/2021,90.004736,91.847774,89.436146,90.749794,177900,0.000,0.0,-,73.563423,75.254582,80.627806,84.082514,139018.00
10/29/2021,88.122491,90.043950,87.975439,89.671425,239500,0.000,0.0,-,73.377417,74.897935,79.780305,82.919833,137506.00
10/28/2021,81.671856,88.906747,81.309136,87.348007,275100,0.000,0.0,-,73.198609,74.541092,78.926920,81.832638,134806.00
10/27/2021,83.642321,84.612852,80.956200,81.211082,155400,0.000,0.0,-,73.030931,74.247383,78.055402,81.072878,130660.00
10/26/2021,84.308959,84.603063,82.622779,83.838394,92900,0.000,0.0,-,72.903012,74.091314,77.572588,80.645455,130134.00
10/25/2021,82.740430,84.201130,82.387508,83.965851,136800,0.000,0.0,-,72.762055,73.914462,76.917233,79.944516,130664.00
10/22/2021,81.583646,83.446288,81.103283,82.505165,107300,0.000,0.0,-,72.620363,73.730747,76.351580,79.204362,128880.00
10/21/2021,80.338619,82.377722,79.926879,81.524834,189000,0.000,0.0,-,72.493489,73.590950,75.763866,78.645567,128660.00
10/20/2021,79.407290,80.515068,78.593609,80.515068,75600,0.000,0.0,-,72.364344,73.481740,75.240856,78.148536,127602.00
10/19/2021,79.417100,80.054321,78.240691,79.495522,90000,0.000,0.0,-,72.220143,73.384895,74.653144,77.621114,128454.00
10/18/2021,78.309304,79.583745,78.230883,79.122986,123700,0.000,0.0,-,72.074355,73.288081,74.067393,77.173099,129474.00
10/15/2021,81.181688,81.181688,78.711242,78.799469,209000,0.000,0.0,-,71.935700,73.198522,73.533600,76.640778,129818.00
10/14/2021,77.701511,79.868055,77.701511,79.750412,101100,0.000,0.0,-,71.798809,73.101535,73.000787,76.021203,128790.00
10/13/2021,77.240754,77.711311,75.662410,76.936852,81500,0.000,0.0,-,71.657261,72.957534,72.434642,75.037926,130774.00
10/12/2021,76.525093,77.495632,76.123159,76.829002,120300,0.000,0.0,-,71.534513,72.884878,72.042506,74.499720,133744.00
10/11/2021,76.917230,77.672094,76.280010,76.564308,99900,0.000,0.0,-,71.411671,72.779337,71.612139,73.889951,134724.00
10/08/2021,76.544696,77.034864,75.681995,76.917221,87900,0.000,0.0,-,71.290494,72.711392,71.303823,73.498798,135948.00
10/07/2021,76.103565,76.995676,75.848683,76.554520,149500,0.000,0.0,-,71.167649,72.638737,70.972469,72.882166,138730.00
10/06/2021,74.191885,75.652584,72.574328,75.240845,122100,0.000,0.0,-,71.042080,72.561590,70.709739,72.333176,137850.00
10/05/2021,74.191894,75.613379,73.495856,75.015373,171000,0.000,0.0,-,70.925471,72.512675,70.555826,71.685175,137564.00
10/04/2021,72.427301,74.172307,72.035172,73.799774,166800,0.000,0.0,-,70.812575,72.480015,70.457793,70.961688,135338.00
10/01/2021,70.182289,72.956643,69.643109,72.603722,160600,0.000,0.0,-,70.704244,72.479693,70.515633,70.426422,133608.00
09/30/2021,72.162621,72.544952,69.711778,69.917648,123000,0.000,0.0,-,70.600430,72.478626,70.629354,69.980371,131838.00
09/29/2021,71.025404,72.123384,70.113690,71.554787,265100,0.000,0.0,-,70.501360,72.572978,70.796010,69.831358,130726.00
09/28/2021,72.858637,72.858637,70.692094,70.731308,151700,0.000,0.0,-,70.392885,72.611096,70.942571,69.585293,129550.00
09/27/2021,70.819546,73.054713,70.819546,72.652779,127000,0.000,0.0,-,70.288381,72.613218,71.115600,69.334328,129032.00
09/24/2021,71.005790,71.672419,70.633265,70.750900,126400,0.000,0.0,-,70.178515,72.597662,71.206771,69.108848,129736.00
09/23/2021,69.554901,71.652822,69.554901,71.064621,164000,0.000,0.0,-,70.075328,72.657143,71.298433,69.062773,129164.00
09/22/2021,68.123621,69.937243,68.123621,68.760841,122800,0.000,0.0,-,69.970719,72.727773,71.432740,69.086302,127452.00
09/21/2021,68.770645,68.770645,67.182496,67.780502,122900,0.000,0.0,-,69.877775,72.857595,71.704783,69.426477,126738.00
09/20/2021,66.574674,68.917678,66.574674,68.447113,156300,0.000,0.0,-,69.787195,73.026208,72.027804,69.953898,125672.00
09/17/2021,68.839250,70.084274,67.074640,68.143211,480000,0.000,0.0,-,69.688598,73.182664,72.251321,70.604843,124362.00
09/16/2021,69.094142,69.525486,68.172623,68.427513,96800,0.000,0.0,-,69.592447,73.308002,72.435624,71.278336,117458.00
09/15/2021,68.025568,69.525482,67.731464,69.094139,144700,0.000,0.0,-,69.496193,73.442337,72.647377,71.760663,120798.00
09/14/2021,70.839163,70.839163,68.015787,68.221657,103700,0.000,0.0,-,69.401631,73.552572,72.863052,72.299850,120700.00
09/13/2021,70.584246,71.329304,69.388234,70.397980,152300,0.000,0.0,-,69.311334,73.708838,73.201757,72.896872,120968.00
09/10/2021,71.652821,72.241029,70.182316,70.290154,116600,0.000,0.0,-,69.214889,73.849768,73.420863,73.304694,120594.00
09/09/2021,71.760664,72.182209,71.162657,71.299911,104700,0.000,0.0,-,69.112347,73.986394,73.682122,73.534093,120564.00
09/08/2021,72.770402,73.407614,71.839077,72.162590,128600,0.000,0.0,-,68.996021,74.094799,73.920343,73.779177,120500.00
09/07/2021,74.525216,74.701677,73.054710,73.054710,101200,0.000,0.0,-,68.878163,74.179490,74.095854,73.983089,121820.00
09/03/2021,74.348754,74.976177,73.770359,74.956566,77800,0.000,0.0,-,68.753308,74.271788,74.175860,74.101711,147830.00
09/02/2021,73.956632,75.378117,73.231177,74.878143,72400,0.000,0.0,-,68.621529,74.323700,74.160285,73.897800,149884.00
09/01/2021,74.456588,74.456588,72.299850,73.250778,130100,0.000,0.0,-,68.496242,74.367196,74.113882,73.592912,150994.00
08/31/2021,74.505611,74.995780,73.574294,74.486008,176300,0.000,0.0,-,68.375627,74.452245,74.078861,73.534091,150740.00
08/30/2021,74.789885,75.182021,74.093847,74.191879,69500,0.000,0.0,-,68.245372,74.513372,74.019764,73.426254,151376.00
08/27/2021,72.760614,75.358509,72.760614,74.476204,168300,0.000,0.0,-,68.121271,74.541620,73.887769,73.506642,157384.00
08/26/2021,73.535073,73.760546,72.025353,72.584145,80300,0.000,0.0,-,67.998286,74.642683,73.822310,73.537032,157368.00
08/25/2021,74.084059,75.113415,73.750748,73.750748,86500,0.000,0.0,-,67.871636,74.819370,73.857327,73.830151,158908.00
08/24/2021,74.182103,74.985979,73.603707,74.201714,75400,0.000,0.0,-,67.730272,74.981143,73.804648,74.061510,161072.00
08/23/2021,73.505668,74.780102,72.309656,74.240921,93600,0.000,0.0,-,67.591386,75.159150,73.734316,74.208619,166280.00
08/20/2021,71.544992,73.270379,71.544992,72.917458,102300,0.000,0.0,-,67.445683,75.317971,73.691388,74.250010,166720.00
08/19/2021,71.760646,72.888035,71.280283,71.829269,104500,0.000,0.0,-,67.312585,75.493278,73.734699,74.422770,167864.00
08/18/2021,73.388014,74.231105,72.584138,72.662567,67800,0.000,0.0,-,67.180450,75.728326,73.770754,74.634851,168750.00
08/17/2021,74.221312,74.240923,72.515528,73.407631,129100,0.000,0.0,-,67.040107,75.967656,73.869389,74.623631,171180.00
08/16/2021,74.142870,75.407505,73.574280,74.995766,119400,0.000,0.0,-,66.890586,76.178185,73.872042,74.613275,172918.00
08/13/2021,75.711423,75.711423,74.554625,74.780098,47600,0.000,0.0,-,66.730885,76.366739,73.664125,74.268895,176324.00
08/12/2021,76.074134,76.378044,74.446779,75.515343,96300,0.120,0.0,-,66.586673,76.538464,73.518869,74.107588,182082.00
08/11/2021,76.250310,76.945273,75.584710,76.064331,136100,0.000,0.0,-,66.472863,76.654570,73.429350,73.884502,185058.00
08/10/2021,74.645046,75.780477,74.508011,75.672806,118200,0.000,0.0,-,66.360836,76.788082,73.355939,73.547787,187570.00
08/09/2021,74.390552,75.986031,73.969658,74.654831,141000,0.000,0.0,-,66.252714,76.897515,73.334894,73.260013,188400.00
08/06/2021,74.625477,75.496629,74.224163,74.645058,140900,0.000,0.0,-,66.146712,76.986196,73.412711,73.132767,188098.00
08/05/2021,73.264900,74.028381,72.736335,73.950081,157600,0.000,0.0,-,66.043485,77.062740,73.493953,73.046629,187654.00
08/04/2021,72.530789,74.047967,72.237146,72.550369,200300,0.000,0.0,-,65.939497,77.138305,73.516955,72.906657,187278.00
08/03/2021,71.454094,73.333433,70.044586,73.304070,230000,0.000,0.0,-,65.849713,77.268684,73.646649,73.115146,185746.00
08/02/2021,73.235541,74.811446,71.297468,71.551964,169300,0.000,0.0,-,65.758206,77.386142,73.711740,73.130808,182588.00
07/30/2021,72.883171,73.715169,72.667828,73.167030,161100,0.000,0.0,-,65.671953,77.534728,73.935891,73.059354,181110.00
07/29/2021,70.827637,73.587918,68.958081,73.284485,227000,0.000,0.0,-,65.580790,77.643573,74.149763,72.930150,180776.00
07/28/2021,73.675997,73.969647,71.747722,72.697174,105500,0.000,0.0,-,65.496634,77.783544,74.341612,72.974197,178572.00
07/27/2021,72.589515,73.470450,71.894544,72.795067,107800,0.000,0.0,-,65.413760,77.954643,74.542762,73.164091,178756.00
07/26/2021,74.224158,74.635262,73.059357,73.382370,59700,0.000,0.0,-,65.330298,78.121826,74.722865,73.409776,180956.00
07/23/2021,73.176811,74.008809,72.188197,73.783676,80300,0.000,0.0,-,65.236987,78.261602,74.937227,73.692656,186310.00
07/22/2021,74.116485,74.615687,72.413335,72.550369,72100,0.000,0.0,-,65.136753,78.359582,75.125651,73.941277,188764.00
07/21/2021,74.155633,75.144239,74.155633,74.635254,67400,0.000,0.0,-,65.037135,78.592091,75.350780,74.127253,190014.00
07/20/2021,70.759139,74.508034,70.543797,73.460693,206300,0.000,0.0,-,64.919984,78.786030,75.494178,74.178152,192090.00
07/19/2021,70.445895,72.002220,69.701987,70.837425,125800,0.000,0.0,-,64.805835,79.014994,75.698261,74.292673,190172.00
07/16/2021,74.439504,74.879972,71.728160,71.874985,162200,0.000,0.0,-,64.702416,79.290950,75.936604,74.812427,189926.00
07/15/2021,73.793470,74.752720,73.215968,73.724953,97800,0.000,0.0,-,64.593809,79.514095,76.319323,75.369376,190912.00
07/14/2021,75.516219,76.103512,74.341627,74.596123,78400,0.000,0.0,-,64.477560,79.715293,76.704000,75.709028,191904.00
07/13/2021,75.535767,76.798449,74.821230,75.251907,87100,0.000,0.0,-,64.349895,79.883037,77.066163,75.921432,196218.00
07/12/2021,75.447693,76.338418,75.173624,76.211174,69600,0.000,0.0,-,64.218610,79.988013,77.458672,76.035954,198446.00
07/09/2021,75.780471,77.121461,75.506401,76.269882,90800,0.000,0.0,-,64.080631,80.070480,77.757212,76.181799,201854.00
07/08/2021,73.558562,75.897949,73.206185,74.410133,134800,0.000,0.0,-,63.949855,80.136526,78.027857,76.310026,201816.00
07/07/2021,74.165426,75.682605,74.165426,75.144249,263800,0.000,0.0,-,63.821903,80.251886,78.486435,76.574307,202454.00
07/06/2021,75.770698,75.770698,73.343213,74.605896,139800,0.000,0.0,-,63.702549,80.349045,78.960675,76.810203,200168.00
07/02/2021,77.659808,77.738115,75.584708,76.034966,117100,0.000,0.0,-,63.584426,80.433122,79.427083,77.103849,200450.00
07/01/2021,78.472233,78.922491,77.366166,77.444473,133600,0.000,0.0,-,63.460082,80.463009,79.846510,77.060780,201256.00
06/30/2021,76.250323,77.356391,75.897946,77.121475,115100,0.000,0.0,-,63.320951,80.486992,80.142603,77.269270,202178.00
06/29/2021,76.729952,77.082329,76.309057,76.720161,101500,0.000,0.0,-,63.186404,80.512352,80.352562,77.698972,205364.00
06/28/2021,77.679381,78.256883,75.897924,76.397125,194600,0.000,0.0,-,63.048751,80.566068,80.653550,78.210895,206968.00
06/25/2021,77.708778,79.098705,77.669624,77.669624,1401700,0.000,0.0,-,62.914370,80.620185,80.890916,78.881390,207366.00
06/24/2021,77.552155,77.708762,76.426507,77.552155,180500,0.000,0.0,-,62.768855,80.631650,80.961880,79.332626,182740.00
06/23/2021,77.708758,78.129652,76.964850,77.052948,127900,0.000,0.0,-,62.625825,80.644682,81.007884,79.745688,183040.00
06/22/2021,77.366170,77.884945,76.044760,77.503204,117400,0.000,0.0,-,62.490307,80.651864,81.041653,80.398562,184100.00
06/21/2021,76.397137,78.100287,76.397137,77.542358,208100,0.000,0.0,-,62.355019,80.654145,81.119959,81.111147,186686.00
06/18/2021,78.051336,78.491811,75.545552,75.604279,369900,0.000,0.0,-,62.227667,80.653298,81.201691,81.750317,186780.00
06/17/2021,81.330396,81.643627,79.196569,79.529366,167500,0.000,0.0,-,62.105087,80.650551,81.370539,82.632239,184502.00
06/16/2021,81.614264,82.191774,80.498407,81.418503,157300,0.000,0.0,-,61.954119,80.526101,81.324534,83.015937,184016.00
06/15/2021,83.102068,83.151005,80.840982,81.839386,194700,0.000,0.0,-,61.796286,80.398860,81.267762,83.006152,184416.00
06/14/2021,82.642033,83.885135,82.191776,83.102081,335800,0.000,0.0,-,61.635910,80.255968,81.238398,83.096205,184246.00
06/11/2021,82.123249,82.544144,81.545740,82.181976,115600,0.000,0.0,-,61.470243,80.080589,81.141006,82.900441,180922.00
06/10/2021,83.934073,84.129835,81.212947,81.682777,159500,0.000,0.0,-,61.310296,79.898590,81.050465,82.591134,183650.00
06/09/2021,84.668182,84.736699,83.258675,83.581688,148800,0.000,0.0,-,61.155766,79.734982,80.900460,82.270081,182758.00
06/08/2021,84.178793,85.138043,83.297851,84.629051,189300,0.000,0.0,-,60.992667,79.497231,80.930167,81.684745,182726.00
06/07/2021,84.540940,84.540940,83.199950,83.934067,216000,0.000,0.0,-,60.824039,79.272155,80.915325,81.128772,181708.00
06/04/2021,83.552340,84.697562,82.612671,84.423492,289700,0.000,0.0,-,60.662877,79.011522,80.964066,80.653065,181160.00
06/03/2021,80.801837,83.464229,79.186778,83.366348,335500,0.000,0.0,-,60.500924,78.709236,80.974652,80.108839,178092.00
06/02/2021,82.309254,82.465870,80.557167,81.320648,245100,0.000,0.0,-,60.352484,78.439626,80.957946,79.633131,175706.00
06/01/2021,81.761098,83.327214,81.438085,82.739922,261700,0.000,0.0,-,60.204049,78.244945,81.081156,79.529373,174134.00
05/28/2021,79.480436,81.154230,78.981241,81.144440,159700,0.000,0.0,-,60.049686,78.022074,81.093327,79.380592,179406.00
05/27/2021,79.617463,79.901323,79.039961,79.088905,125900,0.000,0.0,-,59.910627,77.843233,81.061140,79.381570,179920.00
05/26/2021,77.806644,78.765894,77.532575,78.472244,118700,0.000,0.0,-,59.779028,77.721532,81.123421,79.509796,180516.00
05/25/2021,79.196567,79.754496,77.581508,77.728333,138800,0.000,0.0,-,59.646625,77.575022,81.178417,79.530840,182310.00
05/24/2021,79.793648,80.018780,78.687580,79.069321,123700,0.000,0.0,-,59.512742,77.455510,81.300908,80.175589,184208.00
05/21/2021,79.989419,80.469040,78.736527,79.176994,72100,0.000,0.0,-,59.367635,77.333615,81.347552,80.701878,187548.00
05/20/2021,78.521191,79.079120,77.718557,78.981239,95400,0.000,0.0,-,59.224080,77.201160,81.329190,81.275068,190458.00
05/19/2021,79.030162,79.392330,77.023580,78.609268,144400,0.000,0.0,-,59.075623,77.079560,81.256594,81.840466,194126.00
05/18/2021,81.369560,81.369560,80.146031,80.283066,116800,0.000,0.0,-,58.929416,76.957787,81.258311,82.282761,199064.00
05/17/2021,80.684387,81.467448,79.744717,81.252106,114700,0.000,0.0,-,58.769543,76.786533,81.163631,82.632939,205734.00
05/14/2021,80.889942,81.261892,79.930699,81.154228,217800,0.000,0.0,-,58.601034,76.525437,81.071325,82.806063,208720.00
05/13/2021,78.902928,80.968245,78.902928,80.371162,327400,0.115,0.0,-,58.432384,76.214770,80.968762,82.740710,210762.00
05/12/2021,83.706640,84.302870,78.311260,78.682678,203000,0.000,0.0,-,58.263761,75.939477,80.862346,82.737047,210446.00
05/11/2021,83.511178,84.234470,81.888649,84.175827,134600,0.000,0.0,-,58.079335,75.663797,80.838400,82.825994,217332.00
05/10/2021,85.231443,86.531420,84.322438,84.332214,171200,0.000,0.0,-,57.858064,75.258931,80.500211,82.426226,221798.00
05/07/2021,84.625436,85.514888,83.755528,84.908890,110400,0.000,0.0,-,57.640580,74.781256,80.164465,81.993225,225342.00
05/06/2021,83.354792,84.781831,83.100659,84.635216,113500,0.000,0.0,-,57.419580,74.305321,79.794020,81.383311,226540.00
05/05/2021,83.784848,84.087847,82.475095,83.032227,211500,0.000,0.0,-,57.198345,73.859257,79.335607,80.672723,228604.00
05/04/2021,82.944258,84.517912,82.944258,83.784843,147400,0.000,0.0,-,56.981287,73.403874,78.849339,80.233860,227768.00
05/03/2021,81.468334,83.120184,81.331495,82.983345,294100,0.000,0.0,-,56.765907,72.934609,78.412917,79.694324,229650.00
04/30/2021,80.969862,81.331511,80.099954,80.500702,198500,0.000,0.0,-,56.555118,72.456977,77.998490,79.336587,226074.00
04/29/2021,79.914233,81.468335,79.190934,80.334526,240000,0.000,0.0,-,56.358832,72.011040,77.690112,79.196813,224458.00
04/28/2021,80.060864,80.549576,79.288697,79.572151,88900,0.000,0.0,-,56.154241,71.592630,77.327488,78.987646,223944.00
04/27/2021,80.002210,81.048054,79.376658,80.178146,166700,0.000,0.0,-,55.945785,71.205472,77.023998,78.850806,225498.00
04/26/2021,79.308234,80.696175,79.308234,80.002205,149500,0.000,0.0,-,55.733814,70.838790,76.599797,78.574196,226292.00
04/23/2021,77.998497,79.464634,77.509784,78.809753,153900,0.000,0.0,-,55.517231,70.489095,76.268450,78.335705,228914.00
04/22/2021,79.132311,79.161633,76.913560,77.529335,157400,0.000,0.0,-,55.313073,70.164029,75.873082,78.204729,230570.00
04/21/2021,78.389460,78.985690,77.480455,78.643593,179700,0.000,0.0,-,55.116824,69.890727,75.462075,77.998490,233886.00
04/20/2021,79.210521,79.650360,77.333867,78.389481,274400,0.000,0.0,-,54.921854,69.582257,75.024189,77.464817,239206.00
04/19/2021,79.278913,79.679653,78.555621,79.405975,181700,0.000,0.0,-,54.724316,69.148486,74.684044,77.131511,237638.00
04/16/2021,78.829289,79.552581,78.496960,79.102966,214500,0.000,0.0,-,54.520190,68.686579,74.293563,76.660393,237306.00
04/15/2021,78.712011,79.122528,77.314293,78.242851,170400,0.000,0.0,-,54.322680,68.216483,73.948534,76.183411,245110.00
04/14/2021,77.382718,78.790212,77.382718,78.203758,195500,0.000,0.0,-,54.125924,67.784083,73.686585,75.667329,245278.00
04/13/2021,77.343621,77.842110,76.542133,77.412041,180900,0.000,0.0,-,53.920326,67.314210,73.333735,75.197189,245648.00
04/12/2021,77.978937,78.330810,77.421805,77.617294,246700,0.000,0.0,-,53.718006,66.847874,73.050771,74.625397,245832.00
04/09/2021,75.457171,77.636831,75.242144,77.499992,212800,0.000,0.0,-,53.511842,66.397732,72.818633,74.201196,246266.00
04/08/2021,73.463234,75.515824,73.336164,75.466949,256000,0.000,0.0,-,53.314524,65.964185,72.571346,73.541435,248660.00
04/07/2021,74.909838,75.212837,73.238442,73.306862,143200,0.000,0.0,-,53.126011,65.559783,72.443060,72.925660,245622.00
04/06/2021,74.587252,75.506034,73.756443,75.056419,177300,0.000,0.0,-,52.945335,65.221419,72.403748,72.583560,246268.00
04/05/2021,75.466960,75.574477,73.922627,74.694794,186200,0.000,0.0,-,52.757417,64.862702,72.236945,72.236578,246116.00
04/01/2021,73.365489,74.557949,73.150455,74.333145,169600,0.000,0.0,-,52.574222,64.504192,71.912070,71.926734,248664.00
03/31/2021,73.756464,74.675246,72.935431,73.082039,252000,0.000,0.0,-,52.398035,64.141008,71.476457,71.713658,249914.00
03/30/2021,71.811416,73.697847,71.439990,73.502357,114900,0.000,0.0,-,52.222953,63.782547,71.152682,71.705841,250738.00
03/29/2021,73.248232,74.147461,71.596381,71.694122,147200,0.000,0.0,-,52.038773,63.383475,70.722498,71.470280,254482.00
03/26/2021,71.811397,73.424149,71.176069,73.375275,138400,0.000,0.0,-,51.859260,63.027789,70.334418,71.476144,255364.00
03/25/2021,68.673862,71.576815,68.058080,70.902390,188600,0.000,0.0,-,51.687134,62.636528,69.688078,71.436071,257260.00
03/24/2021,70.599397,72.055758,69.162581,69.309196,136300,0.000,0.0,-,51.535632,62.331029,69.198565,71.601257,260384.00
03/23/2021,70.315934,71.410644,69.201670,69.885864,216200,0.000,0.0,-,51.396761,62.057784,68.849706,71.960459,261802.00
03/22/2021,71.762530,72.192600,70.530980,71.586594,166500,0.000,0.0,-,51.253743,61.772616,68.368566,72.223935,262118.00
03/19/2021,72.026429,72.456490,69.973831,71.596359,525300,0.000,0.0,-,51.095370,61.483491,67.805317,72.237312,262656.00
03/18/2021,72.632447,73.922648,71.879833,72.202385,185400,0.000,0.0,-,50.935345,61.165479,67.180585,71.897406,259690.00
03/17/2021,71.420437,73.170029,71.000144,73.003868,155700,0.000,0.0,-,50.763447,60.754931,66.480659,71.239256,258842.00
03/16/2021,71.234716,71.527946,69.993390,71.146751,208400,0.000,0.0,-,50.583313,60.301613,65.801167,70.599522,259778.00
03/15/2021,72.593333,72.974535,70.648259,71.752754,233700,0.000,0.0,-,50.407364,59.906517,65.254543,69.974715,257554.00
03/12/2021,73.072289,73.609869,72.534703,72.974548,290700,0.000,0.0,-,50.233195,59.499886,64.759107,69.192693,255414.00
03/11/2021,73.404600,74.245186,72.300112,72.554245,217600,0.115,0.0,-,50.062683,59.069210,64.236251,67.940086,251930.00
03/10/2021,72.793870,73.808828,72.130252,72.901222,278800,0.000,0.0,-,49.879744,58.665873,63.736363,66.795874,251590.00
03/09/2021,71.827720,73.330638,70.890837,72.520622,391300,0.000,0.0,-,49.679473,58.253059,63.284512,65.738953,247252.00
03/08/2021,69.065864,72.208327,69.056110,71.720367,450300,0.000,0.0,-,49.481203,57.849223,62.819486,64.513197,242992.00
03/05/2021,66.577273,68.255856,65.816056,68.197296,264000,0.000,0.0,-,49.287370,57.461782,62.068515,63.373322,238344.00
03/04/2021,66.235715,68.275385,64.693759,65.620880,319900,0.000,0.0,-,49.104594,57.126651,61.474180,62.463764,236494.00
03/03/2021,65.376876,67.845952,65.093858,66.606537,311600,0.000,0.0,-,48.943737,56.852613,60.973044,61.722063,243916.00
03/02/2021,63.834925,65.084101,63.473832,64.898674,547300,0.000,0.0,-,48.759439,56.569206,60.473862,61.002811,242346.00
03/01/2021,61.961174,64.283865,61.580562,63.932533,357900,0.000,0.0,-,48.579502,56.313905,59.964433,60.534370,236204.00
02/26/2021,61.551273,62.449121,58.194110,60.448483,348400,0.000,0.0,-,48.403448,56.072072,59.472569,60.325522,232906.00
02/25/2021,62.068523,62.419855,60.819346,61.112122,170300,0.000,0.0,-,48.249704,55.865177,59.205655,60.532417,231182.00
02/24/2021,60.555842,62.361296,60.116677,62.332016,216700,0.000,0.0,-,48.101745,55.640130,58.941180,60.676852,230852.00
02/23/2021,59.911730,60.887650,59.492084,60.263062,169700,0.000,0.0,-,47.950785,55.390099,58.586921,60.830071,229466.00
02/22/2021,58.867491,60.487518,58.408807,60.321613,241500,0.000,0.0,-,47.807362,55.198428,58.393201,61.125774,228796.00
02/19/2021,58.389298,59.628713,58.272185,59.101719,115300,0.000,0.0,-,47.662920,54.994266,58.233150,60.763709,226808.00
02/18/2021,59.209069,59.531125,58.184354,58.203873,117700,0.000,0.0,-,47.528935,54.815087,58.116528,60.484596,228236.00
02/17/2021,59.618963,60.106923,58.604005,59.414021,214300,0.000,0.0,-,47.391643,54.654450,58.015032,60.224025,228382.00
02/16/2021,62.234418,62.380804,60.058117,60.214264,166600,0.000,0.0,-,47.252417,54.459461,57.802281,59.944913,226862.00
02/12/2021,62.039232,62.439359,61.258497,61.844048,206400,0.000,0.0,-,47.112578,54.229730,57.469004,59.394495,228396.00
02/11/2021,63.161540,63.932518,61.317052,62.517429,280600,0.000,0.0,-,46.976937,53.971111,57.072293,58.619615,230518.00
02/10/2021,64.381446,64.674217,61.795256,62.556473,236700,0.000,0.0,-,46.836187,53.704295,56.637034,57.878893,231164.00
02/09/2021,63.425044,64.654705,63.024920,63.864212,323200,0.000,0.0,-,46.684153,53.456801,56.290582,57.205508,227986.00
02/08/2021,58.555197,63.239615,58.447845,63.220093,445700,0.000,0.0,-,46.515267,53.182763,55.879719,56.343771,225160.00
02/05/2021,57.140123,57.140123,56.505777,56.700958,196000,0.000,0.0,-,46.344276,52.940540,55.500087,55.660628,224234.00
02/04/2021,55.539611,56.505774,55.256593,56.310589,165100,0.000,0.0,-,46.206850,52.802154,55.521557,55.702592,226408.00
02/03/2021,56.369141,56.564326,54.836947,55.598167,604700,0.000,0.0,-,46.067985,52.636638,55.490816,55.748460,226870.00
02/02/2021,55.715292,56.720489,54.788167,56.622898,178800,0.000,0.0,-,45.939316,52.496496,55.294656,55.806038,220566.00
02/01/2021,54.514898,54.993097,52.982704,54.710083,214000,0.000,0.0,-,45.818548,52.325709,54.980408,55.659648,221018.00
01/29/2021,55.237074,55.705519,53.890307,54.095249,190100,0.000,0.0,-,45.697661,52.203524,54.814502,55.543513,222188.00
01/28/2021,57.023009,57.862301,55.041892,55.110207,268400,0.000,0.0,-,45.587159,52.118034,54.680800,55.524972,223506.00
01/27/2021,56.017809,56.739988,54.026931,55.822624,332500,0.000,0.0,-,45.490561,51.998386,54.497327,55.395175,221772.00
01/26/2021,56.759513,56.818070,55.149243,55.246838,104100,0.000,0.0,-,45.389046,51.850631,54.325566,55.375657,220242.00
01/25/2021,56.720481,57.403626,55.080935,56.388668,175500,0.000,0.0,-,45.295979,51.733131,54.176250,55.415668,221906.00
01/22/2021,56.261791,57.384097,55.881179,57.120598,169700,0.000,0.0,-,45.182579,51.602943,53.973257,55.339545,225078.00
01/21/2021,56.173956,57.676870,55.627440,56.769264,313600,0.000,0.0,-,45.058403,51.405612,53.734645,55.340522,227346.00
01/20/2021,55.276106,56.652153,55.276106,56.173954,232100,0.000,0.0,-,44.934192,51.179784,53.468219,55.233171,225108.00
01/19/2021,54.075725,55.324901,53.870783,55.158997,293200,0.000,0.0,-,44.805016,50.984795,53.255469,54.783273,224756.00
01/15/2021,53.334037,53.909830,52.699687,53.548737,302100,0.000,0.0,-,44.695296,50.783622,53.119328,54.301169,223026.00
01/14/2021,54.300198,54.797919,53.636572,53.909832,191300,0.000,0.0,-,44.595806,50.638606,53.048574,54.085490,221992.00
01/13/2021,55.422507,55.627449,53.304758,53.812237,233200,0.000,0.0,-,44.503225,50.468452,52.945126,53.836629,225310.00
01/12/2021,55.793346,55.988531,55.012611,55.627441,344800,0.000,0.0,-,44.405516,50.284088,52.759700,53.599480,229578.00
01/11/2021,54.983324,55.715264,54.749102,55.646950,207200,0.000,0.0,-,44.286869,50.041609,52.471316,53.275475,229936.00
01/08/2021,57.091321,57.091321,55.285871,55.627441,232000,0.000,0.0,-,44.186765,49.789783,52.180492,52.936831,240352.00
01/07/2021,55.861668,57.364582,55.715279,57.130363,193400,0.000,0.0,-,44.068602,49.595988,51.933097,52.606969,257230.00
01/06/2021,52.699688,56.066613,52.699688,55.695763,377000,0.000,0.0,-,43.946168,49.508448,51.582253,52.128768,258366.00
01/05/2021,50.093979,52.123891,50.093979,51.674969,143000,0.000,0.0,-,43.812702,49.467710,51.304604,51.703267,253578.00
01/04/2021,51.470023,51.665204,49.889029,50.337955,202500,0.000,0.0,-,43.712897,49.515177,51.229458,51.727665,253776.00
12/31/2020,51.333392,51.626171,51.011340,51.391949,97200,0.000,0.0,-,43.621133,49.577506,51.195788,51.937487,252928.00
12/30/2020,51.460260,52.211719,51.157724,51.421223,126700,0.000,0.0,-,43.526519,49.629660,51.062575,52.011657,253830.00
12/29/2020,52.504499,52.611851,50.991824,51.440746,116500,0.000,0.0,-,43.443864,49.664287,50.937169,52.053622,255594.00
12/28/2020,52.680162,53.519453,52.240997,52.387386,200600,0.000,0.0,-,43.338984,49.727344,50.823962,51.919921,256160.00
12/24/2020,52.660644,53.187642,52.094613,52.260517,61900,0.000,0.0,-,43.260359,49.779647,50.713683,51.667158,256410.00
12/23/2020,52.797264,53.382818,52.240990,52.328823,178300,0.000,0.0,-,43.163146,49.820467,50.608772,51.424154,258330.00
12/22/2020,51.372430,52.689925,51.313878,52.348351,217900,0.000,0.0,-,43.098661,49.872578,50.547778,51.259224,259744.00
12/21/2020,50.913749,51.645689,50.757602,51.440746,171500,0.000,0.0,-,43.034417,49.954677,50.419444,51.035739,259282.00
12/18/2020,52.465466,53.373072,51.840878,51.918953,691000,0.000,0.0,-,42.967594,50.048307,50.249146,50.905941,258576.00
12/17/2020,52.465457,52.709437,50.903986,52.436180,233100,0.000,0.0,-,42.912131,50.131984,50.082752,50.731250,248960.00
12/16/2020,52.114133,52.524017,51.118694,52.133648,240200,0.000,0.0,-,42.853960,50.177664,49.865121,50.454089,251128.00
12/15/2020,50.533141,51.928707,50.006147,51.840874,193000,0.000,0.0,-,42.807010,50.209726,49.688480,50.113493,253476.00
12/14/2020,50.767355,51.265073,49.615769,50.103729,262200,0.000,0.0,-,42.757516,50.225444,49.587472,49.820716,254428.00
12/11/2020,49.615776,50.250126,49.606019,49.859756,153800,0.000,0.0,-,42.715499,50.247474,49.538676,49.728004,251442.00
12/10/2020,50.240359,50.298916,49.118054,49.830475,147400,0.000,0.0,-,42.670114,50.262894,49.467434,49.760209,252128.00
12/09/2020,50.523380,51.479781,50.191567,50.679527,136200,0.000,0.0,-,42.629947,50.269358,49.444500,49.793391,253206.00
12/08/2020,49.830485,50.416035,49.449873,50.113499,142100,0.000,0.0,-,42.596063,50.258841,49.404487,49.836331,257658.00
12/07/2020,50.259882,50.357473,49.323000,50.142773,186700,0.000,0.0,-,42.568294,50.266070,49.261515,49.803150,257868.00
12/04/2020,50.230599,50.591689,49.889025,50.172043,125000,0.000,0.0,-,42.549458,50.244478,49.028270,49.592351,257368.00
12/03/2020,48.776479,49.889027,48.776479,49.664566,138300,0.000,0.0,-,42.534533,50.220937,48.840894,49.434253,259100.00
12/02/2020,49.000940,49.410829,48.444666,48.727684,243300,0.000,0.0,-,42.523257,50.199951,48.612682,49.276154,261916.00
12/01/2020,49.879275,50.591696,48.737447,48.913113,312500,0.000,0.0,-,42.513090,50.227692,48.491194,49.263468,263126.00
11/30/2020,50.064692,50.620966,48.893588,49.176605,312900,0.000,0.0,-,42.502480,50.225825,48.315647,49.354228,262158.00
11/27/2020,50.093975,50.269638,49.137571,50.181805,77800,0.000,0.0,-,42.493981,50.267760,48.086518,49.349349,267912.00
11/25/2020,50.786881,51.030861,49.937828,50.162292,181900,0.000,0.0,-,42.485045,50.283750,47.752603,49.174659,270298.00
11/24/2020,50.367235,51.460264,50.015903,51.108932,399400,0.000,0.0,-,42.473839,50.303830,47.397269,49.095610,273206.00
11/23/2020,48.639860,49.820723,48.473952,49.781685,304700,0.000,0.0,-,42.456500,50.274014,47.138707,48.972644,267902.00
11/20/2020,48.229967,48.483709,47.195494,48.034786,188200,0.000,0.0,-,42.442367,50.282622,47.287291,48.719880,265716.00
11/19/2020,47.820083,48.913112,46.951515,48.591061,289500,0.000,0.0,-,42.432671,50.305721,47.568495,48.464188,264782.00
11/18/2020,49.049735,49.274200,48.025020,48.083576,201400,0.000,0.0,-,42.426907,50.324315,47.841358,48.247534,265366.00
11/17/2020,49.303490,49.352285,48.434922,48.600826,272500,0.000,0.0,-,42.423921,50.333976,48.109900,47.949209,266100.00
11/16/2020,50.172041,50.259874,48.952141,49.820709,256000,0.000,0.0,-,42.409077,50.340886,48.379841,47.718921,264548.00
11/13/2020,48.971668,50.133012,48.649613,49.127815,181700,0.000,0.0,-,42.386828,50.343455,48.546434,47.277066,265662.00
11/12/2020,48.766723,49.401069,47.829837,48.434910,256000,0.000,0.0,-,42.365292,50.369814,48.819724,46.823686,268436.00
11/11/2020,50.162292,50.298920,47.742007,49.371796,187300,0.000,0.0,-,42.354512,50.442552,49.148105,46.330547,269744.00
11/10/2020,47.966470,50.464823,47.966470,49.879272,334100,0.000,0.0,-,42.339725,50.476884,49.394590,45.698929,273366.00
11/09/2020,49.947585,50.240360,47.136934,47.254044,283100,0.000,0.0,-,42.326988,50.466014,49.647346,45.304770,270918.00
11/06/2020,46.736813,47.088144,45.419322,45.477875,201700,0.110,0.0,-,42.326219,50.517970,50.107308,45.854702,268744.00
11/05/2020,45.382693,46.960036,45.382693,46.424519,214500,0.000,0.0,-,42.337469,50.603696,50.639528,46.672801,269676.00
11/04/2020,45.450848,46.288203,44.438232,45.100327,206700,0.000,0.0,-,42.348044,50.674579,51.123441,47.435183,270210.00
11/03/2020,46.482939,47.125560,45.596900,46.297939,250400,0.000,0.0,-,42.363887,50.776425,51.604433,48.270590,270822.00
11/02/2020,45.363217,45.830577,44.301918,45.402164,357200,0.000,0.0,-,42.372051,50.866003,51.976374,49.040762,270692.00
10/30/2020,43.522983,45.002960,43.503509,44.594017,446600,0.000,0.0,-,42.383922,50.977196,52.337605,49.815802,268940.00
10/29/2020,42.471423,44.126661,42.471423,43.503513,362700,0.000,0.0,-,42.401040,51.103383,52.668165,50.815761,264520.00
10/28/2020,44.603751,45.567681,43.036144,43.055618,728000,0.000,0.0,-,42.419168,51.267349,53.024528,51.965664,262344.00
10/27/2020,50.523661,51.127335,45.022436,45.937683,1075900,0.000,0.0,-,42.439632,51.446893,53.379431,53.090251,254010.00
10/26/2020,52.636522,53.454403,52.003636,52.753361,250200,0.000,0.0,-,42.444913,51.601706,53.590230,53.989921,239472.00
10/23/2020,54.457279,54.827274,53.357032,53.658871,137600,0.000,0.0,-,42.413991,51.579312,53.476310,54.359915,237728.00
10/22/2020,53.580972,54.184649,52.850721,54.048332,152900,0.000,0.0,-,42.379313,51.543481,53.246524,54.606255,239778.00
10/21/2020,54.038599,54.340437,53.327821,53.454399,160100,0.000,0.0,-,42.344379,51.529169,52.993858,54.811699,240792.00
10/20/2020,53.736770,54.398864,53.425196,53.999660,142300,0.000,0.0,-,42.313332,51.515461,52.751902,54.938276,243330.00
10/19/2020,54.866220,54.983063,52.821518,53.152565,214900,0.000,0.0,-,42.281925,51.475300,52.557655,54.911986,247188.00
10/16/2020,54.885705,55.392013,54.593605,54.593605,144800,0.000,0.0,-,42.253692,51.431284,52.341014,54.859407,249740.00
10/15/2020,53.551773,55.051223,53.395986,55.002541,213100,0.000,0.0,-,42.218446,51.340372,52.175003,54.520570,253404.00
10/14/2020,55.236215,55.557528,54.233338,54.301495,157900,0.000,0.0,-,42.184198,51.249639,51.973940,54.083393,263144.00
10/13/2020,55.791213,55.947000,54.564392,54.934383,249000,0.000,0.0,-,42.154519,51.149408,51.817179,53.668610,265868.00
10/12/2020,56.297514,56.609087,55.684101,56.453300,194800,0.000,0.0,-,42.121964,51.038075,51.551368,53.190538,267422.00
10/09/2020,56.219634,56.579890,55.284909,56.122265,136200,0.000,0.0,-,42.085969,50.875178,51.239307,52.592706,271736.00
10/08/2020,55.401737,56.268301,55.158320,56.102776,210200,0.000,0.0,-,42.051435,50.703742,50.892680,51.886794,278894.00
10/07/2020,54.369648,54.973321,53.921761,54.720169,341500,0.000,0.0,-,42.017627,50.530169,50.563581,51.176017,286356.00
10/06/2020,53.386242,54.885688,53.133086,53.736759,357600,0.000,0.0,-,41.986916,50.368699,50.255902,50.565527,300006.00
10/05/2020,51.604430,52.967568,51.477852,52.626781,240600,0.000,0.0,-,41.959626,50.129911,50.016380,50.203323,298338.00
10/02/2020,49.890780,51.575226,49.890780,51.205231,112900,0.000,0.0,-,41.937402,49.875810,49.882501,49.822620,296214.00
10/01/2020,50.143934,50.864450,49.764203,50.630768,188100,0.000,0.0,-,41.925956,49.668411,49.844528,49.829436,298106.00
09/30/2020,50.406823,51.565488,49.851833,50.153667,201300,0.000,0.0,-,41.914582,49.469975,49.916579,49.864487,297342.00
09/29/2020,50.474980,50.757345,49.851833,50.153667,358800,0.000,0.0,-,41.903516,49.274666,49.963315,49.965749,296540.00
09/28/2020,49.676564,50.708654,49.637616,50.474972,152600,0.000,0.0,-,41.893416,49.064003,49.922421,49.912197,292232.00
09/25/2020,48.449740,49.364991,48.449740,49.063152,161700,0.000,0.0,-,41.876590,48.868683,49.891263,49.885908,292386.00
09/24/2020,48.848955,49.657102,48.245281,48.995007,211600,0.000,0.0,-,41.867403,48.703931,49.926316,49.898566,292794.00
09/23/2020,49.997876,51.000757,48.605530,48.615269,279100,0.000,0.0,-,41.861840,48.548899,49.974999,49.951144,293104.00
09/22/2020,49.063156,50.338663,48.566586,50.114719,303800,0.000,0.0,-,41.858563,48.364923,50.053866,49.946276,292346.00
09/21/2020,49.871312,50.367881,48.167392,48.819748,264100,0.000,0.0,-,41.846340,48.120248,50.086971,49.829437,289984.00
09/18/2020,51.214966,51.954957,50.358141,51.273388,600600,0.000,0.0,-,41.840446,47.899529,50.194074,49.942381,287208.00
09/17/2020,50.348395,51.526533,49.997874,50.981281,197100,0.000,0.0,-,41.823202,47.607775,50.175574,49.859620,280028.00
09/16/2020,49.881040,51.692065,49.657097,51.166283,327300,0.000,0.0,-,41.811524,47.347712,50.211600,49.968670,279410.00
09/15/2020,50.504187,50.767078,49.472101,49.618149,134200,0.000,0.0,-,41.802495,47.089975,50.254928,49.960881,278136.00
09/14/2020,49.666830,50.426294,48.907370,50.212086,195400,0.000,0.0,-,41.801786,46.890606,50.457938,49.932644,280352.00
09/11/2020,49.949196,50.134195,49.150788,49.189735,141500,0.000,0.0,-,41.797045,46.664003,50.529016,49.896619,280062.00
09/10/2020,48.683431,49.715521,48.264753,49.520786,318700,0.000,0.0,-,41.799010,46.451822,50.662896,49.954065,281290.00
09/09/2020,49.559728,49.608411,47.894752,48.566586,238100,0.000,0.0,-,41.794827,46.253427,50.853491,49.998853,280568.00
09/08/2020,49.900526,49.968683,48.790544,48.946331,194900,0.000,0.0,-,41.793725,46.059929,51.063614,50.161456,282142.00
09/04/2020,51.234430,51.633634,49.287093,49.949188,311700,0.000,0.0,-,41.795748,45.822684,51.215878,50.344505,292942.00
09/03/2020,52.032847,52.042586,49.559732,50.445770,320400,0.000,0.0,-,41.789423,45.562662,51.266007,50.445767,290730.00
09/02/2020,51.234433,52.217841,50.825494,52.071789,321400,0.000,0.0,-,41.781147,45.281434,51.246118,50.491529,287112.00
09/01/2020,49.160531,51.399968,48.683431,51.088394,368400,0.000,0.0,-,41.764982,45.000728,51.165821,50.454530,285438.00
08/31/2020,49.803141,50.192607,49.335777,49.335777,211700,0.000,0.0,-,41.753879,44.734248,51.075901,50.548974,280922.00
08/28/2020,50.280242,50.708659,49.442887,49.851830,174400,0.000,0.0,-,41.749704,44.490963,51.077498,50.983232,283688.00
08/27/2020,50.367876,50.718397,49.228685,49.764202,248300,0.000,0.0,-,41.743625,44.243383,51.000329,51.161413,284418.00
08/26/2020,50.192609,50.436027,49.725249,49.968666,241200,0.000,0.0,-,41.741510,44.009217,50.889642,51.371726,281918.00
08/25/2020,51.059180,51.253914,49.881042,50.192616,237300,0.000,0.0,-,41.737455,43.791759,50.762414,51.708129,280284.00
08/24/2020,51.536274,51.594695,50.289979,50.776814,243900,0.000,0.0,-,41.732956,43.549219,50.585117,51.965771,279558.00
08/21/2020,50.562607,51.322067,50.241295,50.961811,269600,0.000,0.0,-,41.724811,43.267007,50.136144,52.087251,280876.00
08/20/2020,51.458380,52.324948,50.728128,50.903389,225600,0.000,0.0,-,41.717381,42.963603,49.584142,52.086247,281026.00
08/19/2020,52.130218,52.597578,51.546014,51.701801,253900,0.000,0.0,-,41.714967,42.724535,49.080737,52.000707,279808.00
08/18/2020,53.551761,53.561496,51.896524,52.032837,311300,0.000,0.0,-,41.705572,42.502540,48.531093,51.877113,278176.00
08/17/2020,53.717296,53.892557,52.383371,53.678352,349000,0.000,0.0,-,41.688400,42.292583,47.948864,51.602827,275222.00
08/14/2020,51.361018,52.256791,50.913131,51.633644,163000,0.000,0.0,-,41.665796,42.044662,47.245972,51.171764,273244.00
08/13/2020,52.811788,53.756244,51.857590,51.867329,240100,0.105,0.0,-,41.655970,41.810230,46.699737,50.839245,275214.00
08/12/2020,53.478464,54.022676,53.002281,53.332695,203600,0.000,0.0,-,41.641458,41.564711,46.147648,50.407558,275812.00
08/11/2020,52.778763,54.003237,52.341450,52.769043,287000,0.000,0.0,-,41.623378,41.254511,45.543185,49.816699,277342.00
08/10/2020,51.311347,53.148059,51.029522,51.991611,335200,0.000,0.0,-,41.586473,40.938674,44.875555,49.204462,277642.00
08/07/2020,50.057704,51.048946,49.707857,50.951767,342500,0.000,0.0,-,41.552347,40.617978,44.170023,48.185036,279414.00
08/06/2020,50.495019,50.699097,49.474623,50.047989,328000,0.000,0.0,-,41.519853,40.337321,43.511625,47.082037,280916.00
08/05/2020,49.902213,51.350205,48.823512,50.465862,700100,0.000,0.0,-,41.488552,40.113805,42.843509,46.160767,283426.00
08/04/2020,49.183079,49.775881,48.619430,49.289978,294100,0.000,0.0,-,41.453860,39.823819,42.219124,45.185074,278698.00
08/03/2020,48.590274,49.688415,48.230707,49.367718,326700,0.000,0.0,-,41.420323,39.494960,41.668596,44.294900,276160.00
07/31/2020,47.200602,48.473669,45.869230,48.308460,410500,0.000,0.0,-,41.382253,39.164935,41.182694,43.320181,272364.00
07/30/2020,46.675827,47.871147,46.500901,47.550453,494100,0.000,0.0,-,41.349527,38.857844,40.711368,42.560228,268546.00
07/29/2020,47.220028,48.016909,47.220028,47.424107,583300,0.000,0.0,-,41.319289,38.539675,40.262879,41.887738,262304.00
07/28/2020,46.296821,50.922618,45.752612,46.646671,1024000,0.000,0.0,-,41.291804,38.260184,39.871728,41.269672,259302.00
07/27/2020,39.727412,42.088900,39.183200,41.797356,274200,0.000,0.0,-,41.265314,37.922190,39.483978,40.546648,245148.00
07/24/2020,40.835276,40.835276,39.853750,39.921780,134400,0.000,0.0,-,41.257913,37.664467,39.248315,40.155011,245870.00
07/23/2020,40.786692,41.107386,40.592330,40.835281,207500,0.000,0.0,-,41.259504,37.440466,39.099629,39.941212,248656.00
07/22/2020,40.067543,40.971323,39.989801,40.708935,149900,0.000,0.0,-,41.260818,37.217755,38.877085,39.526251,248734.00
07/21/2020,40.174442,40.932450,40.009234,40.388241,161200,0.000,0.0,-,41.265414,37.033983,38.743462,39.253173,250942.00
07/20/2020,40.135577,40.475712,39.183208,39.620522,143400,0.000,0.0,-,41.271422,36.869019,38.612268,39.042293,253052.00
07/17/2020,40.844987,41.573841,40.563166,40.708935,160300,0.000,0.0,-,41.279966,36.708176,38.489820,39.045208,253012.00
07/16/2020,41.243434,41.709901,40.534017,40.825558,182100,0.000,0.0,-,41.286057,36.522660,38.328015,38.862508,253378.00
07/15/2020,40.417405,41.564136,40.417405,41.243439,227100,0.000,0.0,-,41.295132,36.352242,38.189532,38.638020,256116.00
07/14/2020,37.987884,39.503902,37.764369,39.416439,241200,0.000,0.0,-,41.301828,36.142286,38.082148,38.473784,262098.00
07/13/2020,38.415470,38.794473,37.706052,37.880978,185700,0.000,0.0,-,41.316936,35.985331,38.014607,38.421307,264314.00
07/10/2020,36.637064,37.978156,36.637064,37.783794,125300,0.000,0.0,-,41.337938,35.872643,37.953870,38.341619,268544.00
07/09/2020,37.764374,37.861553,36.316382,36.685669,241600,0.000,0.0,-,41.357016,35.811285,37.854260,38.258045,277640.00
07/08/2020,38.046187,38.911093,37.317333,37.978161,166200,0.000,0.0,-,41.380524,35.764917,37.967475,38.227919,289406.00
07/07/2020,39.144341,39.192934,38.036483,38.279434,263600,0.000,0.0,-,41.396123,35.648348,38.098670,38.233751,295486.00
07/06/2020,39.912058,39.960647,38.872226,39.649670,245000,0.000,0.0,-,41.412241,35.484502,38.261447,38.182244,297162.00
07/02/2020,39.678827,40.018957,38.736174,38.881943,180900,0.000,0.0,-,41.418904,35.271947,38.343079,37.934433,301304.00
07/01/2020,39.601072,39.863460,38.532088,38.580677,202900,0.000,0.0,-,41.429792,35.078620,38.394585,37.793521,305648.00
06/30/2020,38.405758,39.630231,38.405758,39.601078,282600,0.000,0.0,-,41.443680,34.877761,38.445119,37.741044,309496.00
06/29/2020,37.949010,39.231793,37.220156,38.891663,316800,0.000,0.0,-,41.449670,34.683027,38.356199,37.690511,313330.00
06/26/2020,36.432991,37.443666,36.277502,37.084099,734900,0.000,0.0,-,41.450001,34.554580,38.260476,37.607908,316532.00
06/25/2020,36.063716,36.996649,36.005406,36.948059,201100,0.000,0.0,-,41.466407,34.423549,38.204112,37.566121,309606.00
06/24/2020,37.249313,37.618597,36.199761,36.384403,139500,0.000,0.0,-,41.479444,34.324484,38.202654,37.450475,310996.00
06/23/2020,38.396047,38.425204,37.608887,38.036480,237700,0.000,0.0,-,41.487250,34.312611,38.327045,37.707032,313262.00
06/22/2020,36.773128,37.861549,36.199762,37.764370,142600,0.000,0.0,-,41.480143,34.262274,38.223547,37.963589,312374.00
06/19/2020,37.890700,38.026752,36.860585,37.171562,350000,0.000,0.0,-,41.476373,34.239652,37.977681,38.340649,314726.00
06/18/2020,37.501977,38.143369,37.152126,37.472824,210900,0.000,0.0,-,41.470747,34.170397,37.762426,38.751725,314108.00
06/17/2020,39.008273,39.290098,37.987878,38.055904,123300,0.000,0.0,-,41.464579,34.066647,37.536481,38.995648,318398.00
06/16/2020,39.960652,40.057834,38.464074,39.095745,159500,0.000,0.0,-,41.460653,33.944069,37.215786,39.149194,322470.00
06/15/2020,35.791610,38.483509,35.791610,38.065632,201000,0.000,0.0,-,41.448587,33.768932,36.933476,39.021888,326978.00
06/12/2020,37.618594,38.026755,35.888782,36.666225,309800,0.000,0.0,-,41.436611,33.671918,36.517543,38.913044,329922.00
06/11/2020,36.811998,37.414517,35.762446,35.791603,277100,0.000,0.0,-,41.429559,33.611607,36.129793,38.842104,330486.00
06/10/2020,40.339649,40.339649,38.775045,38.949970,164700,0.000,0.0,-,41.429193,33.603650,35.776298,38.954834,333562.00
06/09/2020,40.359099,41.496114,38.881954,40.602051,172300,0.000,0.0,-,41.411783,33.510060,35.313788,38.947059,337934.00
06/08/2020,41.982007,42.390163,41.243432,41.534977,163600,0.000,0.0,-,41.393825,33.335978,34.859700,38.483506,341014.00
06/05/2020,41.719628,41.962579,40.932464,41.282314,250100,0.000,0.0,-,41.369997,33.217802,34.389954,37.614712,343896.00
06/04/2020,39.163769,39.960649,38.726456,39.912060,261500,0.000,0.0,-,41.345793,33.032051,33.904758,36.773127,347092.00
06/03/2020,38.862508,40.465985,38.833351,39.591362,270000,0.000,0.0,-,41.331381,32.886682,33.480812,36.077314,347684.00
06/02/2020,37.676913,38.736181,37.336779,37.822681,280100,0.000,0.0,-,41.318766,32.674906,33.116477,35.282377,350552.00
06/01/2020,36.238629,37.414513,36.238629,36.977200,302000,0.000,0.0,-,41.312680,32.552731,32.762623,34.845065,354790.00
05/29/2020,36.122023,36.588493,35.713866,35.956818,423800,0.000,0.0,-,41.309713,32.452889,32.492198,34.122042,358998.00
05/28/2020,39.348418,39.348418,36.763415,36.918903,417600,0.000,0.0,-,41.318114,32.383139,32.306686,33.417482,360464.00
05/27/2020,36.948052,38.940253,36.569048,38.872227,453500,0.000,0.0,-,41.321174,32.342565,32.196536,32.597763,364154.00
05/26/2020,34.537967,36.092854,34.382478,35.966518,463700,0.000,0.0,-,41.321072,32.174416,31.971288,31.680517,362832.00
05/22/2020,32.992807,33.303784,32.545777,32.847034,167200,0.000,0.0,-,41.337474,32.188332,31.780448,31.235894,360360.00
05/21/2020,33.012239,33.410679,32.749851,32.866467,136900,0.000,0.0,-,41.361348,32.187749,31.642452,31.165195,365926.00
05/20/2020,32.477743,32.983083,32.040434,32.953930,219600,0.000,0.0,-,41.387769,32.319056,31.450224,31.036388,373426.00
05/19/2020,33.051110,33.313498,31.622558,31.641994,182000,0.000,0.0,-,41.413657,32.449970,31.263307,30.884309,384032.00
05/18/2020,31.175532,33.605047,30.077391,33.449554,433200,0.000,0.0,-,41.454134,32.578653,31.108094,30.950577,389014.00
05/15/2020,28.775164,29.951048,28.347569,29.746969,316300,0.000,0.0,-,41.483747,32.726188,30.928836,30.680181,385714.00
05/14/2020,28.017161,28.930659,26.763533,28.911222,310300,0.105,0.0,-,41.536969,32.947290,31.064952,30.862355,384152.00
05/13/2020,29.360835,29.360835,27.830818,28.721714,273700,0.000,0.0,-,41.598073,33.223938,31.146019,31.195889,382830.00
05/12/2020,31.520292,31.684916,29.680398,29.699766,211400,0.000,0.0,-,41.649064,33.488342,31.309673,31.795308,382910.00
05/11/2020,31.762378,32.072254,30.987686,31.520287,260300,0.000,0.0,-,41.700792,33.728355,31.614224,32.262060,382536.00
05/08/2020,32.294987,32.614550,31.897958,32.140049,266700,0.000,0.0,-,41.795012,33.913604,31.814192,32.325003,383176.00
05/07/2020,31.810801,32.294984,31.491243,31.578396,141400,0.000,0.0,-,41.889884,34.106743,32.038853,32.119709,386790.00
05/06/2020,32.943791,33.331135,31.287887,31.433140,178600,0.000,0.0,-,41.982996,34.353232,32.145373,31.864060,387810.00
05/05/2020,31.626812,33.089042,31.500923,32.304668,319000,0.000,0.0,-,42.074093,34.615762,32.187981,31.642305,391500.00
05/04/2020,31.404090,31.404090,30.242051,30.745602,526200,0.000,0.0,-,42.163574,34.897181,32.169098,31.265611,389178.00
05/01/2020,31.394400,31.568707,30.396985,31.568707,352000,0.000,0.0,-,42.264120,35.226011,32.148763,31.177490,383198.00
04/30/2020,33.883107,34.105830,32.227199,32.246567,397200,0.000,0.0,-,42.360261,35.542821,32.231074,31.267549,381046.00
04/29/2020,33.883109,35.393757,32.353090,34.715900,580100,0.000,0.0,-,42.453398,35.831778,32.301280,31.096148,377800.00
04/28/2020,34.754627,35.442165,33.573220,34.367283,829900,0.000,0.0,-,42.534093,36.073281,32.335174,30.824038,369258.00
04/27/2020,30.542233,32.285290,29.883745,32.149719,470200,0.000,0.0,-,42.616674,36.335472,32.330332,30.966388,357794.00
04/24/2020,29.167165,30.309834,28.082595,30.087111,347400,0.000,0.0,-,42.706737,36.660368,32.317744,31.303380,351118.00
04/23/2020,29.302735,30.658446,28.760451,29.021908,452100,0.000,0.0,-,42.807787,37.017049,32.594696,31.957996,347936.00
04/22/2020,29.234953,29.661033,28.673302,29.215586,398100,0.000,0.0,-,42.913777,37.389432,32.743341,32.426686,342870.00
04/21/2020,29.060647,29.641667,28.208485,28.537729,395300,0.000,0.0,-,43.018848,37.744225,32.914741,32.733657,339612.00
04/20/2020,30.590663,30.726234,29.641666,29.864389,474300,0.000,0.0,-,43.125143,38.095381,32.937982,33.072585,334106.00
04/17/2020,31.868910,33.205255,31.287892,32.469296,476900,0.000,0.0,-,43.224614,38.446858,33.030460,33.120035,328402.00
04/16/2020,31.810804,32.324041,30.290473,30.532564,388600,0.000,0.0,-,43.307934,38.747202,33.006250,33.194600,322122.00
04/15/2020,34.357607,35.054832,31.781755,31.994797,270600,0.000,0.0,-,43.401418,39.049188,33.103087,33.506413,317640.00
04/14/2020,36.584842,36.943140,35.393753,35.790783,252800,0.000,0.0,-,43.486630,39.316713,33.247857,33.846309,318452.00
04/13/2020,36.187813,36.187813,35.045141,35.519642,193300,0.000,0.0,-,43.551131,39.497307,32.981557,33.694275,318684.00
04/09/2020,34.715903,36.768841,33.825009,36.633270,260200,0.000,0.0,-,43.614583,39.712495,33.038691,33.332107,318024.00
04/08/2020,32.924424,34.125199,32.275621,33.708801,319100,0.000,0.0,-,43.672996,39.908115,32.847922,33.231396,315420.00
04/07/2020,32.546760,33.398923,31.152312,32.285301,425400,0.000,0.0,-,43.744733,40.180578,33.134074,33.059996,311412.00
04/06/2020,31.452509,33.534496,30.910225,31.927010,326900,0.000,0.0,-,43.827194,40.476874,33.494790,33.095826,307268.00
04/03/2020,32.924426,33.214935,29.612616,30.338890,384900,0.000,0.0,-,43.913658,40.792894,33.802246,32.803379,303526.00
04/02/2020,33.379563,35.393762,32.779174,33.214939,348200,0.000,0.0,-,44.003062,41.156904,34.326616,32.940886,299806.00
04/01/2020,33.631324,34.822413,32.837265,33.650692,338000,0.000,0.0,-,44.079144,41.457984,34.705973,32.817901,296568.00
03/31/2020,34.115518,35.393761,33.205256,35.393761,430900,0.000,0.0,-,44.145161,41.743587,35.160621,32.699761,292766.00
03/30/2020,31.936683,34.599687,31.278194,34.270443,383300,0.000,0.0,-,44.203712,41.991237,35.488027,32.649406,286870.00
03/27/2020,34.222040,34.376978,31.442831,31.897961,326300,0.000,0.0,-,44.267304,42.266184,35.859526,32.268839,282682.00
03/26/2020,32.750117,36.013507,32.362769,35.626163,307700,0.000,0.0,-,44.340738,42.570807,36.303765,32.745274,279212.00
03/25/2020,32.401508,35.374390,31.646185,31.994797,409900,0.000,0.0,-,44.395964,42.801252,36.612308,32.464448,277920.00
03/24/2020,30.503514,33.350507,30.503514,32.643600,291100,0.000,0.0,-,44.470501,43.101233,37.207708,33.208152,273836.00
03/23/2020,32.072259,32.653280,28.498992,29.002542,413400,0.000,0.0,-,44.544246,43.379738,37.803510,33.893755,274440.00
03/20/2020,32.120668,33.398914,31.229774,31.713957,492000,0.000,0.0,-,44.635138,43.734155,38.672166,34.801114,269738.00
03/19/2020,32.062563,35.306584,28.818540,31.985092,512400,0.000,0.0,-,44.712474,44.041106,39.445821,35.712347,262818.00
03/18/2020,32.527399,34.435080,30.958646,32.469296,497100,0.000,0.0,-,44.789512,44.346304,40.217028,36.594046,255408.00
03/17/2020,31.007065,34.899895,29.147803,34.890209,602100,0.000,0.0,-,44.856338,44.651285,40.928285,37.621480,249468.00
03/16/2020,31.956059,33.553863,29.893441,30.464775,387400,0.000,0.0,-,44.908753,44.903597,41.523325,38.326649,241454.00
03/13/2020,34.512539,36.662312,33.340818,36.662312,340100,0.000,0.0,-,44.988151,45.245191,42.373929,39.450212,237124.00
03/12/2020,36.381486,37.679096,32.788852,32.817902,445500,0.000,0.0,-,45.038773,45.475005,42.960538,39.862256,235176.00
03/11/2020,38.250432,40.119378,38.027708,39.431839,511900,0.000,0.0,-,45.110204,45.785958,43.715703,40.760167,229888.00
03/10/2020,39.431845,39.780457,37.127134,39.499630,749900,0.000,0.0,-,45.149960,45.965791,44.126164,41.207264,223640.00
03/09/2020,37.640365,39.451211,37.136814,38.076130,431100,0.000,0.0,-,45.189810,46.160882,44.498944,41.713266,212358.00
03/06/2020,39.364056,41.058696,39.364056,40.826286,268200,0.105,0.0,-,45.237258,46.383671,44.899914,42.543218,205556.00
03/05/2020,41.362336,42.202719,40.319103,40.802082,238200,0.000,0.0,-,45.271628,46.553968,45.230510,43.179296,204462.00
03/04/2020,42.782276,42.907848,41.845296,42.743637,244200,0.000,0.0,-,45.299724,46.709487,45.564731,43.840011,209838.00
03/03/2020,41.652108,43.352196,41.062873,41.941895,277700,0.000,0.0,-,45.320613,46.820186,45.709142,44.235089,207970.00
03/02/2020,40.744112,41.797007,40.077603,41.700409,192700,0.000,0.0,-,45.346857,46.944988,45.880600,44.720002,209734.00
02/28/2020,40.492959,41.632790,40.135555,40.782749,292300,0.000,0.0,-,45.371808,47.089303,46.036603,45.297646,210258.00
02/27/2020,44.086336,45.313104,41.758377,41.797016,447400,0.000,0.0,-,45.401395,47.240765,46.311419,46.058821,209270.00
02/26/2020,44.723865,45.371058,43.506759,43.902802,192400,0.000,0.0,-,45.420958,47.363635,46.542283,46.671239,205554.00
02/25/2020,46.433608,46.433608,44.047690,44.559650,363100,0.000,0.0,-,45.439994,47.448253,46.713740,47.045065,205828.00
02/24/2020,45.689823,46.462589,45.206844,46.375652,202900,0.000,0.0,-,45.456660,47.499255,46.840763,47.284623,201362.00
02/21/2020,47.187065,47.612089,46.568852,47.187065,227200,0.000,0.0,-,45.465205,47.516256,46.908380,47.256610,202242.00
02/20/2020,46.433613,47.505827,46.385316,47.409233,244400,0.000,0.0,-,45.474012,47.530166,46.975996,47.281724,202890.00
02/19/2020,46.984210,47.225700,46.549528,46.694424,234900,0.000,0.0,-,45.486891,47.541178,47.018981,47.289451,203070.00
02/18/2020,47.360931,47.380251,46.636462,46.791016,153000,0.000,0.0,-,45.504495,47.560690,47.080802,47.183194,205030.00
02/14/2020,48.394506,48.539401,47.351273,47.476849,256700,0.000,0.0,-,45.523201,47.577691,47.130065,47.041198,208326.00
02/13/2020,47.612081,48.529742,47.467186,48.394505,136400,0.000,0.0,-,45.538189,47.584646,47.157112,46.775561,206604.00
02/12/2020,48.027456,48.172347,47.457540,47.921200,188300,0.000,0.0,-,45.555835,47.589669,47.093842,46.564017,207564.00
02/11/2020,47.428540,48.626330,47.409224,47.641052,198800,0.000,0.0,-,45.568554,47.618454,47.055203,46.413326,206250.00
02/10/2020,46.027912,46.955231,45.786422,46.955231,235200,0.000,0.0,-,45.590447,47.655160,47.022843,46.382415,205074.00
02/07/2020,47.196719,47.196719,46.047227,46.095528,120000,0.000,0.0,-,45.628103,47.701333,47.003524,46.396903,204266.00
02/06/2020,47.486503,47.756970,47.022843,47.438206,189100,0.000,0.0,-,45.674232,47.771075,47.034917,46.560150,205836.00
02/05/2020,46.201781,47.573440,46.124503,47.486504,162900,0.000,0.0,-,45.711824,47.795997,47.016081,46.670268,204392.00
02/04/2020,45.921642,46.298365,45.602874,45.631855,164500,0.000,0.0,-,45.747639,47.813191,47.004006,46.748510,205168.00
02/03/2020,45.071607,45.911990,44.984671,45.371056,311200,0.000,0.0,-,45.795847,47.887570,47.108330,46.978409,207588.00
01/31/2020,45.969962,46.201794,44.472727,44.820473,264400,0.000,0.0,-,45.845359,47.953834,47.215068,47.218932,206324.00
01/30/2020,45.902341,46.510896,45.796085,46.279064,160300,0.000,0.0,-,45.898391,48.033236,47.351268,47.538663,204088.00
01/29/2020,47.370596,47.447870,46.259742,46.414295,130000,0.000,0.0,-,45.941155,48.084431,47.444966,47.623667,203428.00
01/28/2020,47.312624,47.592753,46.935901,47.331944,118700,0.000,0.0,-,45.973837,48.133502,47.542528,47.697079,208028.00
01/27/2020,47.003515,47.457516,46.791003,47.100109,218200,0.000,0.0,-,45.999340,48.156879,47.597105,47.663271,210508.00
01/24/2020,48.452462,48.452462,47.554120,47.727993,139800,0.000,0.0,-,46.023170,48.187596,47.704810,47.610144,209392.00
01/23/2020,48.143348,48.616669,47.544455,48.539391,198900,0.000,0.0,-,46.043189,48.219859,47.779189,47.509684,209966.00
01/22/2020,48.066071,48.558711,47.901860,48.268925,186300,0.000,0.0,-,46.061359,48.232224,47.819276,47.361893,208762.00
01/21/2020,47.612079,48.008122,47.428545,47.930843,147900,0.000,0.0,-,46.081120,48.252702,47.834732,47.259502,208964.00
01/17/2020,48.104709,48.210965,47.438199,47.776283,136100,0.000,0.0,-,46.098830,48.277044,47.852119,47.238251,209866.00
01/16/2020,47.525143,48.220631,47.438207,48.017780,173900,0.000,0.0,-,46.116256,48.311033,47.872405,47.211205,211970.00
01/15/2020,46.897277,47.235364,46.694426,47.129108,152800,0.000,0.0,-,46.129403,48.359088,47.917322,47.163874,215266.00
01/14/2020,46.964880,47.805266,46.916583,47.148415,243100,0.000,0.0,-,46.148146,48.412962,47.978660,47.266264,217538.00
01/13/2020,46.646120,47.167739,46.143822,46.993866,205700,0.000,0.0,-,46.163816,48.441962,48.018265,47.387976,219010.00
01/10/2020,46.675096,47.254669,46.520543,46.568840,321300,0.000,0.0,-,46.180644,48.485237,48.075256,47.530938,219520.00
01/09/2020,47.206372,47.467181,46.655776,46.723392,178300,0.000,0.0,-,46.196429,48.547231,48.102303,47.799475,223086.00
01/08/2020,47.187053,47.554119,46.906928,47.061481,146000,0.000,0.0,-,46.209762,48.592059,48.127418,48.048693,229362.00
01/07/2020,47.882543,47.882543,47.071138,47.245010,141900,0.000,0.0,-,46.220540,48.645164,48.168472,48.276659,242172.00
01/06/2020,47.042163,48.153012,46.974546,47.718334,200100,0.000,0.0,-,46.227138,48.608026,48.204212,48.409962,248968.00
01/03/2020,46.887609,47.525141,46.887609,47.505821,201400,0.000,0.0,-,46.239863,48.556987,48.201797,48.465987,250004.00
01/02/2020,48.471791,48.636002,47.235365,47.544472,170900,0.000,0.0,-,46.252115,48.495930,48.208559,48.533604,251438.00
12/31/2019,48.191647,48.693945,47.921180,48.153008,242700,0.000,0.0,-,46.265230,48.420795,48.222565,48.670770,252942.00
12/30/2019,48.413833,48.771240,48.124046,48.365536,181100,0.000,0.0,-,46.277701,48.328285,48.247198,48.691056,257642.00
12/27/2019,49.321826,49.495699,48.346206,48.423485,199500,0.000,0.0,-,46.287622,48.212627,48.296943,48.648553,261938.00
12/26/2019,49.225230,49.273527,48.771232,49.254211,185800,0.000,0.0,-,46.297157,48.079229,48.349588,48.619574,263290.00
12/24/2019,49.321825,49.341144,48.993399,49.215569,91000,0.000,0.0,-,46.304267,47.929409,48.350070,48.405131,265876.00
12/23/2019,48.587695,49.814462,48.587695,49.341145,213500,0.000,0.0,-,46.310513,47.775157,48.368424,48.206144,269298.00
12/20/2019,48.394503,48.790546,48.162675,48.578037,507000,0.000,0.0,-,46.318963,47.626876,48.335581,48.060284,271766.00
12/19/2019,48.056421,48.616679,47.795612,48.278591,150800,0.000,0.0,-,46.325854,47.482289,48.323990,47.998463,267442.00
12/18/2019,48.887141,48.925780,48.095055,48.181992,365900,0.000,0.0,-,46.333643,47.323060,48.377600,47.937607,271372.00
12/17/2019,48.288256,48.954765,48.124041,48.916126,218900,0.000,0.0,-,46.342010,47.164220,48.402715,47.883513,272850.00
12/16/2019,48.307572,48.877488,48.307572,48.355873,242900,0.000,0.0,-,46.350826,47.007858,48.396436,47.774361,275976.00
12/13/2019,48.056420,48.326887,47.814930,47.940506,261600,0.000,0.0,-,46.363018,46.873306,48.420584,47.803339,276854.00
12/12/2019,47.554117,48.722925,47.312627,48.133694,206100,0.000,0.0,-,46.380208,46.746290,48.466951,47.945333,279448.00
12/11/2019,47.119437,47.544461,47.032501,47.109779,139800,0.000,0.0,-,46.396386,46.610204,48.485305,48.079601,282606.00
12/10/2019,47.863229,47.892210,47.071143,47.225697,246900,0.000,0.0,-,46.417538,46.506551,48.561615,48.295010,290734.00
12/09/2019,47.602421,48.153016,47.370593,47.882549,259600,0.000,0.0,-,46.440507,46.414847,48.667388,48.530704,295884.00
12/06/2019,48.259268,48.645653,47.892207,47.959824,253400,0.000,0.0,-,46.461436,46.308850,48.731140,48.610878,297998.00
12/05/2019,48.114376,48.239948,47.534799,47.670033,332900,0.000,0.0,-,46.482410,46.198415,48.797791,48.649517,298326.00
12/04/2019,48.133693,48.703605,47.621733,47.641052,317800,0.000,0.0,-,46.492906,46.086641,48.871687,48.817593,297528.00
12/03/2019,48.046778,48.104733,47.341625,47.824604,170600,0.000,0.0,-,46.502062,45.965807,48.963421,48.921917,303672.00
12/02/2019,49.389437,49.795138,48.307561,48.645649,184400,0.000,0.0,-,46.507330,45.837060,49.093217,49.018510,307562.00
11/29/2019,49.234883,49.843434,48.664967,49.360455,122600,0.000,0.0,-,46.506769,45.686107,49.152075,49.037830,319854.00
11/27/2019,49.350796,49.853095,48.935434,49.476372,140000,0.000,0.0,-,46.499472,45.528957,49.113974,48.988568,327814.00
11/26/2019,49.592289,50.084926,49.128629,49.263863,194800,0.000,0.0,-,46.490541,45.359076,49.098035,48.891008,332898.00
11/25/2019,48.819534,50.162215,48.549063,49.582642,198500,0.000,0.0,-,46.480997,45.194989,49.118270,48.828221,335372.00
11/22/2019,48.510419,48.838845,48.181993,48.684292,116900,0.000,0.0,-,46.466409,45.030502,49.087377,48.804071,339110.00
11/21/2019,49.418421,49.930378,47.824588,48.346207,201700,0.000,0.0,-,46.453344,44.872800,49.139000,48.851402,345602.00
11/20/2019,49.176923,49.853094,48.674624,49.350796,285500,0.000,0.0,-,46.440868,44.685032,48.991095,48.946066,347952.00
11/19/2019,48.916120,49.447396,48.655311,48.684292,248000,0.000,0.0,-,46.426865,44.505322,48.781874,48.925782,350198.00
11/18/2019,48.491094,49.138284,48.124029,48.790539,152600,0.000,0.0,-,46.416195,44.322747,48.570307,49.004926,353368.00
11/15/2019,49.283188,49.447399,48.703611,48.838848,127300,0.000,0.0,-,46.401448,44.105847,48.320168,49.167924,360750.00
11/14/2019,48.442816,49.389454,48.442816,48.867836,360000,0.000,0.0,-,46.383730,43.861372,48.054599,49.266320,362496.00
11/13/2019,48.239958,48.664982,47.959832,48.500767,242700,0.000,0.0,-,46.369173,43.624224,47.740341,49.239380,363060.00
11/12/2019,49.273522,49.717866,48.539396,48.635990,162400,0.000,0.0,-,46.356211,43.375135,47.402981,49.305063,363482.00
11/11/2019,48.819526,49.350803,48.578037,49.341145,168500,0.000,0.0,-,46.340177,43.127198,47.059343,49.408318,368090.00
11/08/2019,49.080329,49.437733,48.819520,49.157604,138700,0.000,0.0,-,46.318271,42.885789,46.667432,49.370683,371136.00
11/07/2019,49.630927,50.094586,49.128628,49.292839,196400,0.100,0.0,-,46.300588,42.636289,46.305908,49.426597,379582.00
11/06/2019,49.485381,49.495020,48.694846,49.147957,193000,0.000,0.0,-,46.283235,42.363840,45.908700,49.036124,383884.00
11/05/2019,50.651893,50.950751,49.456453,49.475735,241300,0.000,0.0,-,46.265025,42.085996,45.467159,48.637966,386086.00
11/04/2019,50.131306,50.680822,49.003354,50.420525,338700,0.000,0.0,-,46.247811,41.810853,45.005372,48.135688,389084.00
11/01/2019,48.752689,49.899923,48.627359,49.822800,266400,0.000,0.0,-,46.226400,41.511800,44.539247,47.472411,388414.00
10/31/2019,48.955141,49.167236,48.000720,48.598438,316700,0.000,0.0,-,46.207642,41.255553,44.129520,46.842878,394172.00
10/30/2019,49.610704,49.842081,48.415267,49.157597,231200,0.000,0.0,-,46.194239,41.018971,43.779083,46.241301,395416.00
10/29/2019,49.196152,50.005965,48.974418,49.668545,499600,0.000,0.0,-,46.177897,40.764652,43.387673,45.500900,398094.00
10/28/2019,50.131302,50.536207,48.964787,48.964787,492100,0.000,0.0,-,46.159288,40.511874,43.000603,44.710367,393710.00
10/25/2019,46.959529,51.374941,46.959529,49.716751,786500,0.000,0.0,-,46.139839,40.273944,42.684389,43.964182,389254.00
10/24/2019,45.147095,45.956905,44.790389,45.388111,481700,0.000,0.0,-,46.113803,40.011719,42.327686,43.185220,380208.00
10/23/2019,44.443327,45.204938,44.260156,45.166374,251900,0.000,0.0,-,46.106968,39.831631,42.180184,42.781276,382128.00
10/22/2019,43.749191,44.520441,43.190033,44.452957,273100,0.000,0.0,-,46.101768,39.681045,42.025933,42.296352,381920.00
10/21/2019,43.903444,44.269786,43.729913,43.787754,246100,0.000,0.0,-,46.096687,39.542606,41.883252,41.875056,383700.00
10/18/2019,42.341661,43.614228,42.341661,43.527462,477700,0.000,0.0,-,46.091818,39.443885,41.763227,41.606083,385486.00
10/17/2019,41.946394,42.881537,41.821069,42.582676,395900,0.000,0.0,-,46.080395,39.358277,41.641755,41.416162,385024.00
10/16/2019,41.695737,42.197050,41.454721,41.753582,267100,0.000,0.0,-,46.075659,39.259058,41.587768,41.316865,384954.00
10/15/2019,41.705373,42.197047,41.184781,41.763218,315100,0.000,0.0,-,46.076123,39.187000,41.549206,41.274447,387220.00
10/14/2019,41.734310,41.753592,41.204076,41.502934,262100,0.000,0.0,-,46.073090,39.114365,41.514018,41.290838,392656.00
10/11/2019,41.936767,43.093644,41.917485,41.927128,336900,0.000,0.0,-,46.070209,39.079056,41.506787,41.404597,396576.00
10/10/2019,40.461742,41.464365,40.461742,41.348679,290800,0.000,0.0,-,46.067889,39.027954,41.450389,41.470152,396778.00
10/09/2019,40.452096,40.538861,39.835096,40.317127,347300,0.000,0.0,-,46.058977,39.008810,41.330846,41.579091,401052.00
10/08/2019,40.808803,40.808803,39.921863,40.240005,439800,0.000,0.0,-,46.056037,39.025106,41.333256,41.755515,405662.00
10/07/2019,41.570411,41.695741,41.069098,41.098022,375200,0.000,0.0,-,46.060572,38.998707,41.299031,41.891447,416632.00
10/04/2019,41.666817,41.734301,41.020893,41.628254,286800,0.000,0.0,-,46.062014,38.977651,41.141407,41.920370,437720.00
10/03/2019,41.040183,41.608981,40.866651,41.589699,391300,0.000,0.0,-,46.065500,39.152372,40.890751,41.867347,438858.00
10/02/2019,41.898201,41.994609,41.030546,41.329403,364000,0.000,0.0,-,46.069657,39.342866,40.661786,41.858671,436780.00
10/01/2019,42.804426,43.537112,41.888564,41.927128,546200,0.000,0.0,-,46.078948,39.520294,40.397633,41.823965,432428.00
09/30/2019,42.717649,43.016506,42.380224,42.640522,504400,0.000,0.0,-,46.090950,39.674804,40.113234,41.737199,424716.00
09/27/2019,42.553755,42.862255,42.303100,42.582676,365300,0.000,0.0,-,46.102212,39.826010,39.844742,41.608978,419360.00
09/26/2019,42.091009,42.611604,41.792148,42.438072,269800,0.000,0.0,-,46.113476,39.991452,39.549739,41.430627,416510.00
09/25/2019,41.493288,42.158491,41.474007,42.081367,293000,0.000,0.0,-,46.122732,40.158631,39.211353,41.082600,415562.00
09/24/2019,41.367954,42.119922,41.367954,41.599331,625000,0.000,0.0,-,46.135161,40.334484,38.870074,40.910996,413570.00
09/23/2019,40.702768,41.406535,40.201455,41.387253,365100,0.000,0.0,-,46.157137,40.519592,38.576036,40.706615,403952.00
09/20/2019,42.033161,42.033161,40.924491,41.098022,799000,0.000,0.0,-,46.181563,40.709520,38.280068,40.362444,400210.00
09/19/2019,40.991981,41.792152,40.991981,41.502934,520600,0.000,0.0,-,46.223146,40.890806,38.075688,39.914154,387178.00
09/18/2019,40.953421,41.194437,40.558155,40.982342,394200,0.000,0.0,-,46.267879,41.066686,37.839010,39.464901,380558.00
09/17/2019,40.991987,41.184800,40.625642,41.059471,318500,0.000,0.0,-,46.312292,41.251440,37.611974,38.971301,375600.00
09/16/2019,40.558140,41.464358,40.481017,41.358315,385400,0.000,0.0,-,46.356655,41.434844,37.410484,38.489268,372820.00
09/13/2019,39.488037,40.828085,39.381989,40.799164,441500,0.000,0.0,-,46.396170,41.603615,37.195980,38.080507,367854.00
09/12/2019,40.259290,40.259290,38.948167,38.957806,319200,0.000,0.0,-,46.442553,41.782801,36.986297,37.668851,360552.00
09/11/2019,39.883294,40.384608,39.353060,40.365326,397800,0.000,0.0,-,46.495173,41.986310,36.857594,37.340106,356974.00
09/10/2019,38.022655,39.574797,37.829845,39.555515,406500,0.000,0.0,-,46.542959,42.163593,36.721180,36.829153,352574.00
09/09/2019,36.798303,38.215478,36.441601,37.945541,521700,0.000,0.0,-,46.596949,42.353226,36.619954,36.445457,353056.00
09/06/2019,37.020032,37.289969,36.566921,36.615124,214600,0.000,0.0,-,46.664403,42.568134,36.665265,36.197693,347088.00
09/05/2019,36.538017,37.261065,36.258438,37.010406,388200,0.000,0.0,-,46.745405,42.800033,36.796860,36.237222,345494.00
09/04/2019,36.634420,36.769389,35.660718,36.046341,263800,0.000,0.0,-,46.829126,43.026142,36.827427,36.213120,341146.00
09/03/2019,37.087524,37.212850,36.200584,36.239147,392800,0.000,0.0,-,46.915224,43.266339,36.932644,36.252646,338550.00
08/30/2019,36.923631,37.820211,36.865790,37.270695,320800,0.000,0.0,-,47.004382,43.517106,37.027259,36.331700,336390.00
08/29/2019,36.094534,36.875427,36.094534,36.682613,561000,0.000,0.0,-,47.090825,43.756089,37.150599,36.311454,333752.00
08/28/2019,35.120833,35.901726,34.966583,35.670349,411500,0.000,0.0,-,47.184376,43.986831,37.285070,36.303743,325874.00
08/27/2019,36.017405,36.258421,35.197949,35.255795,303100,0.000,0.0,-,47.289598,44.242049,37.521125,36.375083,322312.00
08/26/2019,35.872809,35.969218,35.265452,35.718559,391200,0.000,0.0,-,47.394067,44.474015,37.814933,36.613208,319964.00
08/23/2019,36.740467,36.942919,35.410058,35.467903,305200,0.000,0.0,-,47.493497,44.701726,37.975008,36.794452,315308.00
08/22/2019,36.933283,37.155018,36.412688,37.010406,554300,0.000,0.0,-,47.586813,44.932142,38.203874,37.132836,313326.00
08/21/2019,36.856152,37.135732,36.644057,36.769386,378900,0.000,0.0,-,47.661465,45.123630,38.871568,37.356498,304946.00
08/20/2019,36.914001,36.942922,36.239156,36.441608,365100,0.000,0.0,-,47.734979,45.321669,39.588820,37.441734,301038.00
08/19/2019,37.617762,37.743091,36.923635,37.029682,280400,0.000,0.0,-,47.808553,45.530880,40.276780,37.612641,297116.00
08/16/2019,36.962194,37.598475,36.701896,37.068241,269300,0.000,0.0,-,47.883635,45.738139,40.907927,37.722819,293722.00
08/15/2019,36.460888,36.827233,36.036702,36.605499,334200,0.000,0.0,-,47.946662,45.940396,41.564556,37.989744,292444.00
08/14/2019,37.087517,37.251406,35.892077,36.383751,577700,0.000,0.0,-,48.019369,46.151907,42.277019,38.266398,287816.00
08/13/2019,37.241773,38.485412,37.193571,37.637039,241500,0.000,0.0,-,48.078023,46.372084,42.997684,38.667168,278592.00
08/12/2019,38.369736,38.514348,37.155018,37.531002,362100,0.000,0.0,-,48.123715,46.536037,43.659531,39.016658,277772.00
08/09/2019,39.169888,39.372341,38.302230,38.851746,335400,0.100,0.0,-,48.180172,46.692878,44.325719,39.155563,273826.00
08/08/2019,37.737154,39.391278,37.592897,39.247025,454600,0.000,0.0,-,48.234234,46.842731,44.927312,39.274911,270928.00
08/07/2019,37.698684,38.275703,37.304387,37.621746,392400,0.000,0.0,-,48.286703,46.993526,45.473078,40.386638,265766.00
08/06/2019,38.246853,38.564212,37.756383,38.150681,380400,0.000,0.0,-,48.346963,47.183173,46.106839,41.735905,261936.00
08/05/2019,38.929668,39.198944,37.535201,38.131458,586900,0.000,0.0,-,48.407878,47.367820,46.710306,42.940918,259054.00
08/02/2019,39.073919,40.064470,38.670003,39.737492,458100,0.000,0.0,-,48.473864,47.554582,47.315216,44.093036,253626.00
08/01/2019,40.352975,40.497232,38.804636,39.372040,347000,0.000,0.0,-,48.523545,47.711147,47.818186,45.139367,248130.00
07/31/2019,41.141575,41.333916,40.102939,40.391449,504500,0.000,0.0,-,48.574145,47.877713,48.337505,46.287640,244962.00
07/30/2019,39.141226,41.208881,39.064288,41.131947,577800,0.000,0.0,-,48.624000,47.998310,48.774598,47.328200,240552.00
07/29/2019,41.612814,41.641664,38.602688,38.920052,988300,0.000,0.0,-,48.672640,48.114100,49.179474,48.302404,234056.00
07/26/2019,46.392451,48.508190,40.035608,40.045223,1429600,0.000,0.0,-,48.737457,48.279512,49.685329,49.495875,220342.00
07/25/2019,51.056718,51.604888,50.123867,50.364292,343700,0.000,0.0,-,48.795452,48.412419,50.117614,50.579713,197416.00
07/24/2019,50.037314,51.172122,50.037314,51.114422,287400,0.000,0.0,-,48.804530,48.339138,50.009903,50.559517,198196.00
07/23/2019,49.662252,50.547019,49.450676,50.200806,146400,0.000,0.0,-,48.811627,48.231042,49.869975,50.477773,197414.00
07/22/2019,50.229657,50.575870,49.614169,49.652637,160600,0.000,0.0,-,48.827405,48.181226,49.762745,50.479694,198024.00
07/19/2019,50.806678,51.133653,50.114252,50.200806,236600,0.000,0.0,-,48.843629,48.146028,49.718987,50.537396,198136.00
07/18/2019,50.816294,51.181742,50.575869,50.854763,222800,0.000,0.0,-,48.857303,48.103705,49.669940,50.497005,196526.00
07/17/2019,50.883608,51.239436,50.604713,50.797054,222400,0.000,0.0,-,48.872777,48.065579,49.538187,50.387371,195490.00
07/16/2019,50.970154,51.374067,50.412366,50.873985,193400,0.000,0.0,-,48.883278,48.049339,49.419897,50.220995,195706.00
07/15/2019,50.873997,51.268295,50.287359,50.854763,144100,0.000,0.0,-,48.890764,48.036166,49.218902,50.056544,196134.00
07/12/2019,50.162330,51.075947,50.162330,50.883606,178000,0.000,0.0,-,48.901934,48.029713,49.031370,49.874782,197732.00
07/11/2019,50.277734,50.460459,49.652630,50.162331,147400,0.000,0.0,-,48.908894,48.021531,48.836625,49.655515,203494.00
07/10/2019,50.508550,50.893228,50.210421,50.296974,189600,0.000,0.0,-,48.918503,48.056759,48.657748,49.460289,207594.00
07/09/2019,49.902661,50.287343,49.768023,50.220024,146300,0.000,0.0,-,48.928157,48.060118,48.476467,49.262178,211566.00
07/08/2019,49.652633,50.383524,49.316036,50.229652,179500,0.000,0.0,-,48.936761,48.096112,48.310574,49.045795,221848.00
07/05/2019,49.479535,49.912301,49.104472,49.796894,137100,0.000,0.0,-,48.948665,48.181246,48.168723,48.900579,224724.00
07/03/2019,49.344891,49.768038,48.815952,49.758423,76400,0.000,0.0,-,48.965362,48.291736,48.037931,48.842875,226086.00
07/02/2019,49.104451,49.142916,48.440875,49.133301,140300,0.000,0.0,-,48.986796,48.395700,47.909063,48.689003,235816.00
07/01/2019,49.739177,49.931514,48.787092,49.229473,177800,0.000,0.0,-,49.012312,48.506024,47.822029,48.618800,237488.00
06/28/2019,48.883272,49.921907,48.883272,49.037144,430600,0.000,0.0,-,49.045239,48.626903,47.652290,48.381260,237876.00
06/27/2019,48.287013,48.815948,48.267779,48.690929,223300,0.000,0.0,-,49.073627,48.751627,47.469086,48.187957,233582.00
06/26/2019,48.498589,48.498589,47.931185,48.210079,134900,0.000,0.0,-,49.104225,48.886348,47.351758,48.017735,234684.00
06/25/2019,48.056201,48.700539,47.825391,48.315861,170800,0.000,0.0,-,49.135314,49.018784,47.280592,47.855207,243950.00
06/24/2019,48.748620,48.989046,47.950410,48.056198,134000,0.000,0.0,-,49.165395,49.111481,47.220004,47.690757,245594.00
06/21/2019,48.931357,48.969822,48.315869,48.777485,284800,0.000,0.0,-,49.195819,49.199006,47.186345,47.575353,249702.00
06/20/2019,48.710160,49.691092,48.623606,49.219860,188900,0.000,0.0,-,49.220722,49.260780,47.120950,47.436868,253150.00
06/19/2019,48.383191,48.383191,47.344552,48.219700,167100,0.000,0.0,-,49.249153,49.311018,47.038243,47.232987,252326.00
06/18/2019,47.142587,48.642842,47.142587,48.431267,233400,0.000,0.0,-,49.279477,49.390090,47.012277,47.129122,251762.00
06/17/2019,47.257985,47.392623,46.729050,46.854073,185700,0.000,0.0,-,49.307546,49.465891,46.911779,47.025259,254210.00
06/14/2019,46.988715,47.459947,46.738671,47.104118,158400,0.000,0.0,-,49.342306,49.558263,46.915145,46.923320,254890.00
06/13/2019,46.738664,47.152196,46.671345,46.988708,206100,0.000,0.0,-,49.377490,49.641411,46.919473,46.750214,255418.00
06/12/2019,46.517486,46.854083,46.411698,46.584805,135300,0.000,0.0,-,49.414207,49.714582,46.904567,46.685781,255402.00
06/11/2019,47.257991,47.325309,46.392462,46.671352,183500,0.000,0.0,-,49.453661,49.800438,46.910337,46.705976,257352.00
06/10/2019,47.508037,47.863866,46.786761,46.902164,169000,0.000,0.0,-,49.492683,49.872662,46.862252,46.749252,260196.00
06/07/2019,47.325317,47.902339,47.209913,47.392635,110700,0.000,0.0,-,49.531985,49.941806,46.902644,46.797338,259120.00
06/06/2019,47.363771,47.450324,46.584792,47.181049,205400,0.000,0.0,-,49.565009,49.988471,46.927648,46.805031,261122.00
06/05/2019,47.411856,47.440709,46.680964,47.181049,102800,0.000,0.0,-,49.596221,50.032649,46.972829,46.843498,260678.00
06/04/2019,46.421319,47.431104,46.267447,47.392635,116500,0.000,0.0,-,49.625998,50.073372,47.061200,46.895431,261934.00
06/03/2019,45.248044,46.248214,45.219194,45.834682,200500,0.000,0.0,-,49.654000,50.096810,47.190819,46.798298,263338.00
05/31/2019,45.680802,45.998166,45.055695,45.373058,164800,0.000,0.0,-,49.691704,50.185384,47.409853,46.906971,263018.00
05/30/2019,46.969483,47.565736,46.084716,46.344376,190500,0.000,0.0,-,49.727174,50.277047,47.667805,47.088732,266034.00
05/29/2019,46.911773,47.392624,46.719436,46.786755,196500,0.000,0.0,-,49.759938,50.353507,47.874312,47.123354,266848.00
05/28/2019,47.565734,47.902332,47.094503,47.104118,200900,0.000,0.0,-,49.792476,50.430717,48.131162,47.114698,267936.00
05/24/2019,47.883104,47.883104,47.152209,47.383018,236300,0.000,0.0,-,49.823188,50.495630,48.299201,46.975251,270580.00
05/23/2019,46.931012,47.479182,46.584799,47.469566,315500,0.000,0.0,-,49.852028,50.554580,48.531037,47.007950,268612.00
05/22/2019,47.498405,47.700361,47.354152,47.565723,183300,0.000,0.0,-,49.880675,50.618710,48.881877,47.050265,265960.00
05/21/2019,46.604040,47.719613,46.604040,47.700378,188600,0.000,0.0,-,49.906691,50.676694,49.269659,47.102160,266160.00
05/20/2019,46.565560,46.998326,46.334753,46.421307,284000,0.000,0.0,-,49.930601,50.743310,49.632472,47.226969,266508.00
05/17/2019,46.777153,47.296473,46.623281,46.921410,253000,0.000,0.0,-,49.962579,50.814008,50.043883,47.583340,264526.00
05/16/2019,46.729054,47.498414,46.729054,47.190670,302600,0.000,0.0,-,49.993249,50.872305,50.461481,47.912736,263904.00
05/15/2019,46.325142,46.979100,46.277058,46.690590,283300,0.000,0.0,-,50.018753,50.925600,50.865617,48.246878,260598.00
05/14/2019,45.728883,46.767522,45.478842,46.700203,382700,0.000,0.0,-,50.044847,51.005374,51.302435,48.625270,258740.00
05/13/2019,46.777137,47.007947,45.594245,45.709648,248300,0.000,0.0,-,50.045822,51.087256,51.709018,49.147625,257380.00
05/10/2019,47.536896,48.085066,46.959877,47.710003,176900,0.100,0.0,-,50.047452,51.200636,52.071072,49.623151,256174.00
05/09/2019,47.758344,48.190243,47.412829,47.892715,166200,0.000,0.0,-,50.037886,51.273818,52.307194,50.054124,256552.00
05/08/2019,48.967665,49.015653,48.027087,48.084671,156100,0.000,0.0,-,50.028600,51.342771,52.505867,50.713490,258110.00
05/07/2019,49.773877,50.224972,48.641344,48.948471,171000,0.000,0.0,-,50.020026,51.417464,52.688223,51.437158,259912.00
05/06/2019,49.505137,50.167379,49.121226,49.985023,233200,0.000,0.0,-,50.007372,51.479864,52.849465,52.037976,265900.00
05/03/2019,50.781629,50.800825,49.783464,50.215363,214800,0.000,0.0,-,49.985714,51.523257,52.961279,52.504425,273238.00
05/02/2019,50.263354,50.906404,49.860251,50.532093,224000,0.000,0.0,-,49.961711,51.514333,53.024145,53.010227,273526.00
05/01/2019,52.278882,52.278882,50.349735,50.474506,466100,0.000,0.0,-,49.935647,51.493136,53.060616,53.484356,273114.00
04/30/2019,50.397715,52.086919,49.927428,51.923756,352400,0.000,0.0,-,49.913930,51.461210,53.069254,53.979599,266804.00
04/29/2019,51.818186,51.894966,50.426513,50.464905,388200,0.000,0.0,-,49.881624,51.393402,53.016946,54.270411,263770.00
04/26/2019,53.334630,53.334630,48.958060,52.019741,660400,0.000,0.0,-,49.856373,51.342125,53.007829,54.518993,259890.00
04/25/2019,54.995045,55.110217,53.929696,54.486366,323300,0.000,0.0,-,49.824542,51.255536,52.924809,54.560263,249334.00
04/24/2019,55.071818,55.753257,54.716699,55.321358,205200,0.000,0.0,-,49.780139,51.112908,52.686785,54.298245,245014.00
04/23/2019,54.659122,55.110213,54.361591,54.956650,562900,0.000,0.0,-,49.730845,50.939785,52.390214,53.939289,244054.00
04/22/2019,54.908649,55.474915,54.294394,54.649509,223900,0.000,0.0,-,49.681226,50.762076,52.103242,53.660954,234692.00
04/18/2019,55.206200,55.609304,54.822289,55.273384,197200,0.000,0.0,-,49.630754,50.586104,51.798994,53.418133,232798.00
04/17/2019,55.551719,55.868443,54.745509,55.273384,215900,0.000,0.0,-,49.575253,50.411641,51.548493,53.038062,230904.00
04/16/2019,54.975846,55.858840,54.707111,55.426941,278400,0.000,0.0,-,49.517603,50.237178,51.282635,52.636876,229312.00
04/15/2019,53.065891,55.177394,52.797152,54.831875,598200,0.000,0.0,-,49.458946,50.045466,51.019657,52.158908,227644.00
04/12/2019,52.883534,53.104285,52.528419,52.950718,253000,0.000,0.0,-,49.404220,49.854733,50.810426,51.763482,219730.00
04/11/2019,52.086930,52.595609,51.894975,52.432449,339400,0.000,0.0,-,49.362003,49.714844,50.680377,51.496665,220308.00
04/10/2019,51.827789,52.067732,51.530257,51.866180,457200,0.000,0.0,-,49.319274,49.584362,50.575282,51.289354,216686.00
04/09/2019,52.019728,52.067716,51.520645,51.731796,147700,0.000,0.0,-,49.281287,49.455626,50.515776,51.075324,211676.00
04/08/2019,52.230890,52.451641,51.856578,52.173306,138900,0.000,0.0,-,49.244448,49.320188,50.452431,50.841140,211122.00
04/05/2019,51.578248,52.230891,51.155945,52.221294,355800,0.000,0.0,-,49.210656,49.189141,50.395325,50.545530,211868.00
04/04/2019,51.328712,51.683827,51.050376,51.472679,219700,0.000,0.0,-,49.179011,49.061158,50.282071,50.179856,206484.00
04/03/2019,50.868013,51.463072,50.772037,51.261520,184800,0.000,0.0,-,49.153736,48.941825,50.200249,50.058923,205742.00
04/02/2019,50.772038,50.772038,49.850652,50.647266,205300,0.000,0.0,-,49.126173,48.837253,50.129944,49.928393,206380.00
04/01/2019,50.695250,50.973585,50.368927,50.877605,232800,0.000,0.0,-,49.100011,48.747073,50.131546,49.880405,205764.00
03/29/2019,50.608878,50.954397,50.042611,50.282555,325700,0.000,0.0,-,49.072219,48.650946,50.127380,49.857371,205162.00
03/28/2019,49.869850,50.388129,49.601115,50.359337,115200,0.000,0.0,-,49.049552,48.563654,50.182186,49.864089,202846.00
03/27/2019,49.389960,49.850651,49.044441,49.725883,210800,0.000,0.0,-,49.023874,48.474251,50.232674,49.861210,207058.00
03/26/2019,49.495525,49.850641,49.082823,49.389950,183200,0.000,0.0,-,49.001841,48.398667,50.313398,49.956227,214858.00
03/25/2019,48.583754,49.303585,48.276627,49.217205,165600,0.000,0.0,-,48.981487,48.312366,50.434868,50.063723,215100.00
03/22/2019,49.889045,49.975425,48.449384,48.564556,186700,0.000,0.0,-,48.965340,48.218215,50.577430,50.245119,214800.00
03/21/2019,49.716281,50.848814,49.716281,50.263351,184500,0.000,0.0,-,48.954128,48.127345,50.756935,50.384286,213574.00
03/20/2019,50.186570,50.877604,49.677887,49.956223,315600,0.000,0.0,-,48.930601,48.004607,50.732227,50.341575,214108.00
03/19/2019,51.107963,51.463078,49.965833,50.167385,231200,0.000,0.0,-,48.905745,47.874216,50.708027,50.331495,212244.00
03/18/2019,50.359335,50.666462,50.090596,50.647266,250900,0.000,0.0,-,48.878639,47.727148,50.643568,50.382688,211138.00
03/15/2019,50.378531,50.743242,50.090596,50.349735,333100,0.000,0.0,-,48.852477,47.539059,50.537873,50.397389,210182.00
03/14/2019,50.695259,50.695259,50.263360,50.330544,137900,0.000,0.0,-,48.822310,47.364776,50.415438,50.500282,207972.00
03/13/2019,50.532092,50.983183,50.484100,50.676056,182900,0.000,0.0,-,48.792478,47.195092,50.283425,50.604138,208630.00
03/12/2019,49.754671,50.724040,48.641333,50.464905,193300,0.000,0.0,-,48.759964,47.004703,50.117372,50.670568,208520.00
03/11/2019,49.965828,51.098361,49.773872,51.031174,206000,0.000,0.0,-,48.726117,46.813938,49.927386,50.806013,209802.00
03/08/2019,49.716279,50.340133,49.524324,49.956223,184900,0.095,0.0,-,48.690633,46.622577,49.679389,50.909740,208652.00
03/07/2019,49.874564,49.989526,49.443454,49.836243,221900,0.000,0.0,-,48.663389,46.414778,49.474122,51.129584,207424.00
03/06/2019,50.727222,51.005049,49.836262,49.855423,137300,0.000,0.0,-,48.634119,46.212636,49.309822,51.122879,221734.00
03/05/2019,50.976294,51.330764,50.564345,50.679310,190400,0.000,0.0,-,48.604991,46.038467,49.144564,51.084558,223440.00
03/04/2019,51.522372,51.781038,50.583511,50.794277,314700,0.000,0.0,-,48.569834,45.852611,48.902664,50.904449,223398.00
03/01/2019,51.867259,52.039703,51.005042,51.378670,188000,0.000,0.0,-,48.529565,45.683233,48.627712,50.678356,222070.00
02/28/2019,51.397846,51.713991,51.043375,51.369102,195800,0.000,0.0,-,48.486374,45.504083,48.356591,50.330595,225956.00
02/27/2019,51.704404,52.154671,50.458974,51.340355,244100,0.000,0.0,-,48.445141,45.340453,48.083555,49.962712,226252.00
02/26/2019,52.260040,52.470806,51.531946,51.819351,246200,0.000,0.0,-,48.405342,45.200199,47.788005,49.564175,225422.00
02/25/2019,52.576197,53.083947,51.886421,52.068443,470400,0.000,0.0,-,48.360287,45.061669,47.445033,49.048760,226294.00
02/22/2019,49.577588,52.691156,48.380062,52.154663,600100,0.000,0.0,-,48.311603,44.917008,47.122659,48.449038,221748.00
02/21/2019,49.500943,49.951214,49.069837,49.769192,229200,0.000,0.0,-,48.255576,44.759701,46.806033,47.818661,216242.00
02/20/2019,48.964464,49.520114,48.677058,49.472214,203400,0.000,0.0,-,48.210522,44.655660,46.592874,47.496766,216800.00
02/19/2019,48.178869,48.945285,48.130968,48.878223,150600,0.000,0.0,-,48.165524,44.586107,46.420909,47.204570,217718.00
02/15/2019,48.236360,48.552509,47.929794,48.533348,200700,0.000,0.0,-,48.121350,44.533991,46.283912,46.900879,219068.00
02/14/2019,47.469944,48.552509,47.469944,47.901054,194200,0.000,0.0,-,48.078900,44.551619,46.160806,46.577067,220382.00
02/13/2019,47.498680,47.920208,47.115470,47.690281,132600,0.000,0.0,-,48.040566,44.602585,46.061651,46.382588,222812.00
02/12/2019,46.981353,47.469942,46.981353,47.354980,107300,0.000,0.0,-,48.010674,44.646080,45.971598,46.204397,230646.00
02/11/2019,46.167028,46.684360,45.802983,46.665199,157200,0.000,0.0,-,47.971972,44.697621,45.901184,46.011834,234878.00
02/08/2019,45.573057,46.080807,45.074885,46.071228,94800,0.000,0.0,-,47.937194,44.749546,45.821668,45.841306,237142.00
02/07/2019,46.224515,46.224515,45.343137,45.850887,129200,0.000,0.0,-,47.905625,44.829637,45.743589,45.796280,239462.00
02/06/2019,46.531086,46.722691,46.262842,46.550247,102500,0.000,0.0,-,47.875873,44.902255,45.652098,45.793406,239224.00
02/05/2019,46.099976,46.569408,45.908371,46.550247,136300,0.000,0.0,-,47.842148,44.969699,45.530908,45.688981,241076.00
02/04/2019,45.141957,46.032917,44.739590,45.841312,195000,0.000,0.0,-,47.810329,45.045766,45.375229,45.637248,242260.00
02/01/2019,46.128716,46.243677,45.084473,45.295235,202500,0.000,0.0,-,47.785391,45.157663,45.223862,45.666946,243726.00
01/31/2019,45.946682,46.128709,45.410193,45.956264,281900,0.000,0.0,-,47.757464,45.308072,45.021240,45.744546,247118.00
01/30/2019,45.745509,46.032915,44.749166,45.908371,158300,0.000,0.0,-,47.726232,45.464038,44.805206,45.740715,246912.00
01/29/2019,45.122785,45.726340,44.643775,45.429352,206700,0.000,0.0,-,47.690472,45.611190,44.602106,45.738800,251150.00
01/28/2019,45.189842,45.448508,44.471326,44.959919,120000,0.000,0.0,-,47.659014,45.784017,44.388468,45.790533,252142.00
01/25/2019,46.061660,46.253262,45.582650,45.620968,176200,0.000,0.0,-,47.629426,45.976005,44.186806,45.802030,252422.00
01/24/2019,45.525156,45.917944,45.525156,45.822144,86600,0.000,0.0,-,47.596533,46.171441,43.978914,45.690899,255864.00
01/23/2019,46.234091,46.531079,45.218591,45.505997,182600,0.000,0.0,-,47.558820,46.389295,43.666120,45.510790,258354.00
01/22/2019,45.822155,46.109560,45.419784,46.032917,216700,0.000,0.0,-,47.524357,46.602167,43.377277,45.372836,259140.00
01/18/2019,46.416125,46.655630,45.994593,46.138298,174500,0.000,0.0,-,47.492026,46.793596,43.132981,45.113211,266702.00
01/17/2019,45.448513,46.090389,45.448513,46.071228,202700,0.000,0.0,-,47.457023,46.953456,42.895391,44.780777,273904.00
01/16/2019,45.889214,46.004176,45.429361,45.917953,209900,0.000,0.0,-,47.423548,47.070847,42.708099,44.297935,277848.00
01/15/2019,46.032922,46.032922,45.151544,45.889221,325800,0.000,0.0,-,47.386548,47.181930,42.533260,43.869698,280984.00
01/14/2019,44.883278,46.262831,44.586294,45.946682,600800,0.000,0.0,-,47.353744,47.287274,42.398179,43.465413,281726.00
01/11/2019,44.327635,45.103633,44.107290,45.074890,195300,0.000,0.0,-,47.317316,47.409261,42.317226,42.986404,277648.00
01/10/2019,43.743239,44.519237,43.417512,44.509655,150600,0.000,0.0,-,47.282863,47.501238,42.308125,42.571581,283816.00
01/09/2019,44.270145,44.346788,43.819877,44.021061,125400,0.000,0.0,-,47.253619,47.633982,42.324411,42.266930,300792.00
01/08/2019,43.637857,44.126450,43.158846,44.126450,211200,0.000,0.0,-,47.223482,47.715852,42.337824,41.821450,305532.00
01/07/2019,42.689417,43.829461,42.421169,43.436672,222400,0.000,0.0,-,47.197347,47.768831,42.359859,41.381718,309436.00
01/04/2019,41.827193,42.919336,41.827193,42.813953,175900,0.000,0.0,-,47.180619,47.876546,42.487754,41.152751,309296.00
01/03/2019,41.568537,41.923003,41.022465,41.242809,203100,0.000,0.0,-,47.167243,48.013551,42.660678,41.010006,311400.00
01/02/2019,42.143343,42.143343,41.319445,41.635590,222600,0.000,0.0,-,47.161962,48.183509,43.069273,41.118263,311110.00
12/31/2018,41.271556,41.875106,41.099112,41.846367,170800,0.000,0.0,-,47.158053,48.344273,43.509963,41.196822,311772.00
12/28/2018,40.993731,41.808048,40.744644,41.156593,177400,0.000,0.0,-,47.150707,48.514021,43.910894,41.330944,316408.00
12/27/2018,40.792540,41.242808,39.757876,40.926662,257400,0.000,0.0,-,47.146810,48.717461,44.349667,41.648048,317296.00
12/26/2018,39.575844,41.491886,39.575844,41.463142,148500,0.000,0.0,-,47.144539,48.892403,44.766406,42.044669,323098.00
12/24/2018,39.671648,40.706312,39.412982,39.566265,123500,0.000,0.0,-,47.140301,49.052980,45.197037,42.381893,328938.00
12/21/2018,41.214062,41.798455,39.671647,39.729130,937400,0.000,0.0,-,47.145547,49.268904,45.692813,42.854197,336600.00
12/20/2018,41.261961,41.798454,40.859594,41.146999,222600,0.000,0.0,-,47.145331,49.491519,46.202481,43.337999,324348.00
12/19/2018,42.325365,43.072620,40.955395,41.386505,188300,0.000,0.0,-,47.141833,49.706247,46.662810,43.822757,328450.00
12/18/2018,42.852289,43.360039,42.296639,42.325378,248300,0.000,0.0,-,47.132140,49.911402,47.165293,44.311349,331174.00
12/17/2018,42.928927,43.474998,42.239150,42.421173,382300,0.000,0.0,-,47.113946,50.108493,47.689809,45.020283,332186.00
12/14/2018,43.781567,44.471340,43.005569,43.187595,210600,0.000,0.0,-,47.096463,50.310747,48.256478,45.823104,327622.00
12/13/2018,45.017409,45.314393,44.260572,44.327633,202600,0.000,0.0,-,47.073007,50.514124,48.760396,46.490844,327700.00
12/12/2018,45.352718,45.601802,44.739585,44.892868,289800,0.000,0.0,-,47.046706,50.685518,49.247551,47.051286,328892.00
12/11/2018,45.419774,45.956267,44.490492,44.835381,243100,0.000,0.0,-,47.019005,50.846373,49.730872,47.488142,329622.00
12/10/2018,44.318046,44.691677,43.839036,44.289307,324800,0.000,0.0,-,46.996827,51.028656,50.258742,48.012181,330290.00
12/07/2018,46.052078,46.578989,44.365963,44.567146,257100,0.000,0.0,-,46.970479,51.200817,50.880018,48.531429,328586.00
12/06/2018,45.620959,46.301157,45.161110,45.994587,249300,0.000,0.0,-,46.947501,51.356898,51.459142,49.066963,329222.00
12/04/2018,49.357248,49.395570,46.186197,46.272419,218100,0.000,0.0,-,46.911675,51.498780,51.939631,49.502863,333214.00
12/03/2018,51.148738,51.244542,48.868647,49.414722,266400,0.000,0.0,-,46.873508,51.618843,52.332575,50.019236,336928.00
11/30/2018,49.807507,50.660145,49.807507,50.449379,315700,0.000,0.0,-,46.823437,51.672234,52.458878,50.359334,341794.00
11/29/2018,49.903316,50.391905,49.472206,49.864994,524300,0.000,0.0,-,46.768430,51.707801,52.510013,50.689853,340326.00
11/28/2018,49.443467,50.229044,48.782430,49.932056,318900,0.000,0.0,-,46.714679,51.749317,52.574584,51.029949,335652.00
11/27/2018,49.864987,49.941630,48.619560,49.261433,270400,0.000,0.0,-,46.659404,51.802883,52.680282,51.443815,334122.00
11/26/2018,49.826680,50.870923,49.826680,50.075768,210800,0.000,0.0,-,46.605816,51.880384,52.700898,51.973602,333634.00
11/23/2018,49.500946,50.861338,49.385984,49.481789,117300,0.000,0.0,-,46.548633,51.959772,52.754452,52.505302,334700.00
11/21/2018,50.535618,50.957146,49.797942,49.922485,195100,0.000,0.0,-,46.491088,52.054867,52.686092,53.228608,336556.00
11/20/2018,51.177479,51.302023,49.941635,50.353584,195500,0.000,0.0,-,46.435147,52.172714,52.528738,53.851320,337128.00
11/19/2018,52.633680,52.767806,51.110426,51.436153,268300,0.000,0.0,-,46.378240,52.259938,52.452180,54.376400,337366.00
11/16/2018,53.112685,54.137767,52.499552,52.815701,372100,0.000,0.0,-,46.315682,52.327424,52.363582,54.645913,334546.00
11/15/2018,52.968989,53.859949,52.825285,53.754566,271600,0.000,0.0,-,46.254315,52.359666,52.209833,54.558422,330284.00
11/14/2018,54.568866,54.961654,53.227639,53.265957,370200,0.000,0.0,-,46.190158,52.371218,52.005792,54.330174,329078.00
11/13/2018,54.578471,55.019159,53.697089,54.070717,256300,0.000,0.0,-,46.126541,52.388716,51.859184,54.119219,326140.00
11/12/2018,55.306555,55.354455,54.166511,54.559299,134000,0.000,0.0,-,46.063658,52.382467,51.722077,53.916749,329150.00
11/09/2018,56.322054,56.580720,54.885023,55.392773,348300,0.000,0.0,-,45.999760,52.389403,51.477800,53.428194,336814.00
11/08/2018,55.977163,57.318394,55.756819,56.714840,211100,0.090,0.0,-,45.931219,52.367234,51.182762,53.003602,335688.00
11/07/2018,55.795685,56.321788,54.666954,56.149609,221900,0.000,0.0,-,45.859160,52.313841,50.865144,52.143576,337040.00
11/06/2018,54.131290,56.398318,53.978242,55.604382,594800,0.000,0.0,-,45.784455,52.266970,50.600657,51.206157,338028.00
11/05/2018,52.036439,54.284335,51.845128,54.131287,534600,0.000,0.0,-,45.713666,52.237699,50.414609,50.527961,329198.00
11/02/2018,51.548602,52.141663,51.022499,51.940788,399900,0.000,0.0,-,45.650005,52.241717,50.290257,50.081251,329000.00
11/01/2018,51.452956,51.615569,50.553795,51.472088,366700,0.000,0.0,-,45.599437,52.292414,50.302214,49.861244,325252.00
10/31/2018,52.572107,52.897335,51.099016,51.156410,362900,0.000,0.0,-,45.546930,52.352486,50.355302,49.681411,329236.00
10/30/2018,49.692899,52.160802,49.692899,52.046017,396900,0.000,0.0,-,45.498381,52.424610,50.465305,49.599148,332012.00
10/29/2018,51.797299,51.845126,49.023296,49.673752,503700,0.000,0.0,-,45.443243,52.463637,50.507871,49.527406,329484.00
10/26/2018,50.027683,53.002561,48.956345,51.146851,999400,0.000,0.0,-,45.404724,52.538630,50.670963,49.527406,332864.00
10/25/2018,46.756279,48.602426,46.698885,48.114582,362400,0.000,0.0,-,45.356936,52.578423,50.811097,49.361922,316484.00
10/24/2018,48.765037,49.061569,46.651057,46.775410,406400,0.000,0.0,-,45.317886,52.675991,51.050235,49.586711,320742.00
10/23/2018,48.985042,49.434623,48.573724,48.822430,215400,0.000,0.0,-,45.283866,52.807995,51.330026,49.995158,324446.00
10/22/2018,50.085070,50.687699,49.597226,49.664185,281100,0.000,0.0,-,45.240801,52.880884,51.543337,50.301256,327168.00
10/19/2018,49.645065,50.324216,49.549408,49.740719,188600,0.000,0.0,-,45.193527,52.945547,51.673907,50.499263,324976.00
10/18/2018,50.285945,50.754657,49.606793,49.673752,255700,0.000,0.0,-,45.149201,53.016619,51.791084,50.743183,324680.00
10/17/2018,51.127722,51.261639,50.075513,50.333782,402600,0.000,0.0,-,45.105448,53.088075,51.918783,51.029193,325128.00
10/16/2018,50.027683,51.433816,49.520711,51.328594,221800,0.000,0.0,-,45.060774,53.144420,51.999133,51.331462,321848.00
10/15/2018,49.472877,50.037243,49.377219,49.673752,547500,0.000,0.0,-,45.011840,53.181824,52.063223,51.488336,323638.00
10/12/2018,50.821619,50.888577,49.042431,49.492012,440500,0.000,0.0,-,44.972132,53.243729,52.236358,51.814520,318016.00
10/11/2018,50.324213,51.462509,49.750280,50.362476,506600,0.000,0.0,-,44.933094,53.303538,52.464018,52.260273,321990.00
10/10/2018,51.902524,52.246884,50.716402,50.859882,324800,0.000,0.0,-,44.890180,53.352624,52.657720,52.513758,317406.00
10/09/2018,51.491217,52.189500,51.462518,51.883404,427700,0.000,0.0,-,44.846682,53.396537,52.905467,52.664894,327618.00
10/08/2018,52.084266,52.285141,51.280762,51.644253,324500,0.000,0.0,-,44.799733,53.404698,53.047036,52.785418,329674.00
10/05/2018,52.581678,52.992996,51.835565,52.179924,298900,0.000,0.0,-,44.751599,53.410001,53.205346,52.848551,340234.00
10/04/2018,53.107781,53.222567,52.007745,52.533848,154100,0.000,0.0,-,44.698884,53.304306,53.317741,52.838984,338574.00
10/03/2018,52.992989,53.413870,52.658193,53.356476,214500,0.000,0.0,-,44.645589,53.174341,53.407657,52.808374,339300.00
10/02/2018,53.088642,53.624313,52.658193,52.897331,262200,0.000,0.0,-,44.586040,53.023147,53.446876,52.666805,340284.00
10/01/2018,54.188681,54.188681,52.486016,52.935596,326300,0.000,0.0,-,44.524028,52.885912,53.489921,52.638109,337026.00
09/28/2018,52.849503,54.045193,52.849503,53.949539,276500,0.000,0.0,-,44.464917,52.754598,53.588446,52.658196,332902.00
09/27/2018,52.466882,53.547787,52.466882,52.897331,239600,0.000,0.0,-,44.399309,52.603959,53.605186,52.667762,330022.00
09/26/2018,53.088649,53.327787,52.371235,52.371235,288900,0.000,0.0,-,44.339676,52.459083,53.662579,52.801681,328956.00
09/25/2018,52.419059,53.423438,52.371232,53.088646,448900,0.000,0.0,-,44.283863,52.319954,53.734320,53.146040,324542.00
09/24/2018,52.036447,52.514723,51.892963,52.275585,403800,0.000,0.0,-,44.222322,52.164566,53.786931,53.308654,317268.00
09/21/2018,52.275566,52.849496,51.940771,52.084255,509700,0.000,0.0,-,44.165798,52.041677,53.889760,53.562140,311774.00
09/20/2018,51.892949,52.610364,51.749465,52.227741,242300,0.000,0.0,-,44.110230,51.909242,54.009330,53.796497,303950.00
09/19/2018,52.514722,53.184306,51.701650,51.940788,290600,0.000,0.0,-,44.054897,51.772983,54.121725,54.006940,301174.00
09/18/2018,53.232135,53.423442,52.562548,52.610374,242400,0.000,0.0,-,43.997667,51.647238,54.262816,54.226947,298118.00
09/17/2018,53.997365,54.140846,52.897329,53.136467,246000,0.000,0.0,-,43.938993,51.507146,54.332166,54.341733,295430.00
09/14/2018,54.140854,54.427823,53.471270,54.045200,264100,0.000,0.0,-,43.878640,51.353667,54.346515,54.518696,292284.00
09/13/2018,56.006139,56.006139,53.662585,54.236519,210100,0.000,0.0,-,43.811840,51.173418,54.301078,54.542609,288752.00
09/12/2018,54.762617,55.910481,54.523479,55.814823,223700,0.000,0.0,-,43.739801,50.979791,54.238902,54.523478,285718.00
09/11/2018,54.906094,55.193059,54.619125,54.714783,207400,0.000,0.0,-,43.661298,50.746958,54.116942,54.322601,284966.00
09/10/2018,54.762625,55.432212,54.380002,54.810452,127300,0.000,0.0,-,43.587581,50.527529,54.004547,54.265208,286150.00
09/07/2018,54.236511,54.743482,54.045200,54.427822,159000,0.000,0.0,-,43.517431,50.305232,53.908891,54.217381,287550.00
09/06/2018,54.140861,55.001760,54.140861,54.332172,211300,0.000,0.0,-,43.444198,50.094408,53.852216,54.222163,288552.00
09/05/2018,53.853893,54.140858,53.566928,54.140858,223300,0.000,0.0,-,43.369539,49.897913,53.797935,54.236510,296698.00
09/04/2018,54.714788,54.714788,53.480835,53.758236,406800,0.000,0.0,-,43.295599,49.692828,53.748444,54.298686,301964.00
08/31/2018,54.140853,54.906097,53.853888,54.906097,517200,0.000,0.0,-,43.220479,49.503036,53.720472,54.322599,301966.00
08/30/2018,53.997367,54.427817,53.901710,54.284332,292000,0.000,0.0,-,43.137478,49.292198,53.613617,54.174334,298638.00
08/29/2018,53.997373,54.188685,53.672146,54.045200,278700,0.000,0.0,-,43.058538,49.114806,53.523524,54.059547,299872.00
08/28/2018,54.332160,54.332160,53.614746,53.806057,271300,0.000,0.0,-,42.984124,48.951749,53.462102,53.954326,297890.00
08/27/2018,54.619134,54.953929,53.901720,54.140858,153300,0.000,0.0,-,42.914714,48.803980,53.424575,53.911282,294612.00
08/24/2018,54.714795,55.001760,53.949554,54.332172,524700,0.000,0.0,-,42.848030,48.636144,53.332104,53.743886,296372.00
08/23/2018,54.379990,54.666958,54.093025,54.475647,212500,0.000,0.0,-,42.778490,48.457796,53.210967,53.600402,287786.00
08/22/2018,54.666958,54.858266,54.045198,54.475647,565900,0.000,0.0,-,42.707995,48.274669,52.831943,53.482269,286838.00
08/21/2018,54.236508,55.097403,54.236508,54.762611,501700,0.000,0.0,-,42.636313,48.100137,52.409939,53.359360,277416.00
08/20/2018,53.566922,54.093025,53.327784,53.997372,270500,0.000,0.0,-,42.561770,47.909360,51.961650,53.198202,269326.00
08/17/2018,52.897340,54.045203,52.801686,53.423443,672700,0.000,0.0,-,42.493429,47.735798,51.563560,53.118344,266702.00
08/16/2018,53.184294,53.471262,52.945156,53.136467,180400,0.000,0.0,-,42.436746,47.573714,51.210881,53.052900,260300.00
08/15/2018,53.184292,53.710399,52.830369,52.992985,575300,0.000,0.0,-,42.373659,47.430741,50.874939,52.987500,259042.00
08/14/2018,52.658208,53.614760,52.562554,53.375622,591600,0.000,0.0,-,42.310340,47.297324,50.507966,52.969877,250054.00
08/13/2018,52.993003,52.993003,51.940793,52.466896,351500,0.000,0.0,-,42.221594,47.140972,50.109923,52.937867,240670.00
08/10/2018,52.992989,53.471265,52.706020,52.897331,171500,0.085,0.0,-,42.133592,46.991334,49.752542,52.920323,235856.00
08/09/2018,53.389827,53.533089,53.151053,53.294315,173800,0.000,0.0,-,42.042250,46.828311,49.414230,52.821531,235044.00
08/08/2018,53.055536,53.676349,52.577988,53.246555,278100,0.000,0.0,-,41.947973,46.670720,49.022641,52.181616,234820.00
08/07/2018,53.437563,53.485317,53.055524,53.151035,238600,0.000,0.0,-,41.854410,46.492117,48.631051,51.460519,233946.00
08/06/2018,53.342050,53.676335,53.103276,53.198788,311300,0.000,0.0,-,41.758237,46.316380,48.256176,50.725097,232526.00
08/03/2018,52.673493,52.816755,52.482473,52.769001,266400,0.000,0.0,-,41.664675,46.135867,47.876527,50.008776,229700.00
08/02/2018,52.530225,52.960019,52.339206,52.482471,639200,0.000,0.0,-,41.573262,45.954399,47.511203,49.368862,228560.00
08/01/2018,53.580833,54.249400,52.577983,52.816757,277400,0.000,0.0,-,41.485657,45.783437,47.138716,48.762377,217690.00
07/31/2018,52.482467,53.198789,51.431861,53.055523,835400,0.000,0.0,-,41.399943,45.617250,46.725637,48.046055,214870.00
07/30/2018,52.195942,52.482470,51.575129,52.291451,530500,0.000,0.0,-,41.312323,45.435783,46.281519,47.281979,200906.00
07/27/2018,49.235151,56.398364,49.235151,51.909416,852500,0.000,0.0,-,41.228523,45.270551,45.854114,46.584761,192652.00
07/26/2018,46.178843,47.687895,46.178843,46.895164,215900,0.000,0.0,-,41.146158,45.105320,45.443423,46.006929,180194.00
07/25/2018,45.796810,46.131092,45.080488,46.035583,190400,0.000,0.0,-,41.088627,45.022227,45.292995,45.863665,177552.00
07/24/2018,46.035588,46.369870,45.462528,45.796814,263700,0.000,0.0,-,41.034206,44.956325,45.216588,45.801583,175642.00
07/23/2018,46.083338,46.417619,45.920973,46.035583,99300,0.000,0.0,-,40.980029,44.902840,45.121078,45.787256,172722.00
07/20/2018,46.322104,46.608632,45.987822,46.369858,120100,0.000,0.0,-,40.924421,44.849736,45.032731,45.744277,173568.00
07/19/2018,45.605792,46.656395,45.271510,46.417622,132500,0.000,0.0,-,40.867616,44.778507,44.932447,45.653543,175078.00
07/18/2018,45.510276,45.653538,44.889463,45.653538,186300,0.000,0.0,-,40.810336,44.696788,44.882304,45.515055,175030.00
07/17/2018,45.128237,45.844558,45.128237,45.414764,68200,0.000,0.0,-,40.751650,44.602701,44.894243,45.405220,175072.00
07/16/2018,46.083347,46.083347,44.937232,45.319271,85200,0.000,0.0,-,40.694396,44.509577,44.944386,45.281058,176004.00
07/13/2018,45.367020,46.417624,45.367020,46.131096,129100,0.000,0.0,-,40.641419,44.412641,44.965875,45.123466,176932.00
07/12/2018,45.701298,45.701298,44.793961,45.462524,118500,0.000,0.0,-,40.580820,44.290889,44.930059,44.879916,176824.00
07/11/2018,45.414764,45.892312,45.367010,45.414764,103500,0.000,0.0,-,40.519052,44.182507,44.922896,44.722325,177506.00
07/10/2018,45.653538,45.987823,45.223744,45.653538,137800,0.000,0.0,-,40.457047,44.078895,44.939611,44.631592,180516.00
07/09/2018,45.701301,45.749059,45.175999,45.605793,108000,0.000,0.0,-,40.392186,44.000063,44.918122,44.454899,182536.00
07/06/2018,45.080489,45.605790,45.032735,45.462524,88700,0.000,0.0,-,40.327327,43.880236,44.903796,44.321186,182498.00
07/05/2018,44.746206,45.080492,44.125397,45.032738,87500,0.000,0.0,-,40.262946,43.765181,44.896633,44.211350,182824.00
07/03/2018,44.364164,44.698445,44.268652,44.555183,58400,0.000,0.0,-,40.202376,43.659675,44.944387,44.249553,183048.00
07/02/2018,43.265808,44.201801,43.027034,44.173149,186100,0.000,0.0,-,40.143957,43.566580,45.032734,44.383266,183542.00
06/29/2018,43.791109,44.316414,43.695601,43.743355,266600,0.000,0.0,-,40.084598,43.479220,45.101978,44.607714,181208.00
06/28/2018,43.743345,44.173138,43.552325,43.695591,197300,0.000,0.0,-,40.028575,43.408082,45.164059,44.808284,179086.00
06/27/2018,44.507421,44.698441,43.791100,43.886612,209100,0.000,0.0,-,39.971842,43.351248,45.216590,44.980201,178238.00
06/26/2018,43.934379,44.650701,43.791113,44.507435,618600,0.000,0.0,-,39.914153,43.267711,45.292998,45.123467,177848.00
06/25/2018,44.077632,44.268648,43.313553,43.886612,486600,0.000,0.0,-,39.853122,43.171758,45.283446,45.247630,170704.00
06/22/2018,44.650697,44.841717,43.934376,44.268658,406900,0.000,0.0,-,39.792346,43.069153,45.307324,45.381344,162392.00
06/21/2018,45.558035,45.558035,44.268655,44.364166,350800,0.000,0.0,-,39.732984,42.966534,45.302548,45.486406,155376.00
06/20/2018,45.844558,45.987824,45.271502,45.414764,353700,0.000,0.0,-,39.672670,42.860098,45.269120,45.581916,149910.00
06/19/2018,46.083342,46.360321,45.319267,45.892323,179600,0.000,0.0,-,39.608765,42.732650,45.195100,45.639222,144476.00
06/18/2018,45.605792,46.751907,45.558038,46.417622,107400,0.000,0.0,-,39.541048,42.580397,45.125855,45.682201,143390.00
06/15/2018,45.223753,45.940074,44.984979,45.749058,241300,0.000,0.0,-,39.469041,42.424311,45.004081,45.596242,144708.00
06/14/2018,45.462518,45.462518,44.908565,45.414764,95400,0.000,0.0,-,39.398715,42.300665,44.918122,45.519835,141990.00
06/13/2018,45.701307,45.701307,45.128251,45.319271,165100,0.000,0.0,-,39.329585,42.175124,44.829776,45.452979,143662.00
06/12/2018,45.223753,45.749058,44.937225,45.749058,94800,0.000,0.0,-,39.259745,42.056261,44.700838,45.462528,144362.00
06/11/2018,45.176005,45.414778,44.937231,45.223759,97200,0.000,0.0,-,39.187519,41.911640,44.550410,45.319263,148344.00
06/08/2018,45.032743,45.701307,45.032743,45.319271,139300,0.000,0.0,-,39.117919,41.793732,44.445350,45.233303,149568.00
06/07/2018,46.083347,46.083347,44.459684,45.319271,352600,0.000,0.0,-,39.048792,41.660567,44.348407,45.118691,149718.00
06/06/2018,46.226593,46.656383,45.749046,45.987820,117500,0.000,0.0,-,38.978002,41.517868,44.222862,44.956323,145654.00
06/05/2018,45.462530,46.608645,45.462530,46.322117,125900,0.000,0.0,-,38.904344,41.371332,44.040055,44.750978,146422.00
06/04/2018,45.271501,45.682193,45.080482,45.558029,122400,0.000,0.0,-,38.828540,41.204762,43.771410,44.569510,147080.00
06/01/2018,45.080497,45.510291,44.841723,44.984985,110800,0.000,0.0,-,38.756556,41.071589,43.531435,44.411920,147762.00
05/31/2018,45.414776,45.558041,44.698454,44.746208,130900,0.000,0.0,-,38.686488,40.973712,43.305811,44.316409,146958.00
05/30/2018,44.793955,45.510276,44.793955,45.414764,162600,0.000,0.0,-,38.619751,40.881563,43.070673,44.206573,147352.00
05/29/2018,44.125383,44.698438,43.867507,44.316402,234400,0.000,0.0,-,38.547296,40.776998,42.802108,43.939148,149110.00
05/25/2018,44.029881,44.411920,43.504579,44.364166,167600,0.000,0.0,-,38.480332,40.707747,42.597996,43.781558,152006.00
05/24/2018,43.600093,44.316415,43.265808,44.173149,170000,0.000,0.0,-,38.417762,40.628007,42.465385,43.657396,154086.00
05/23/2018,43.791099,44.173138,43.456817,43.695591,209400,0.000,0.0,-,38.357805,40.552087,42.237449,43.578123,153560.00
05/22/2018,44.650689,44.650689,43.838860,43.934368,95700,0.000,0.0,-,38.297393,40.487625,42.038159,43.489402,151758.00
05/21/2018,44.125399,44.555193,43.886625,44.507435,136400,0.000,0.0,-,38.235075,40.421248,41.829312,43.329132,152416.00
05/18/2018,44.220902,44.268656,43.886620,43.982128,137200,0.000,0.0,-,38.168471,40.343410,41.598962,42.973309,151208.00
05/17/2018,43.695599,44.268654,43.695599,44.029881,117800,0.000,0.0,-,38.105204,40.257486,41.390111,42.650949,151560.00
05/16/2018,42.883771,44.029882,42.769157,43.647846,229600,0.000,0.0,-,38.043831,40.185834,41.197941,42.295212,156020.00
05/15/2018,42.549489,42.836017,42.406227,42.740509,83800,0.000,0.0,-,37.983420,40.101837,41.058242,41.934774,154776.00
05/14/2018,43.170303,43.218057,42.692755,42.740509,94900,0.000,0.0,-,37.929679,40.020760,40.906706,41.665069,155842.00
05/11/2018,43.313559,43.600091,42.740504,43.122543,117700,0.080,0.0,-,37.889919,39.944441,40.755169,41.414434,157388.00
05/10/2018,42.903713,43.428091,42.617689,43.380421,141600,0.000,0.0,-,37.846828,39.851917,40.536860,41.273373,158072.00
05/09/2018,42.570022,43.046730,42.188655,42.808376,195600,0.000,0.0,-,37.802684,39.765655,40.324725,40.896775,161712.00
05/08/2018,41.092229,42.379343,40.949219,42.331673,130100,0.000,0.0,-,37.759978,39.696544,40.136425,40.586916,162408.00
05/07/2018,40.996877,41.187561,40.472499,40.949207,188400,0.000,0.0,-,37.721552,39.657905,39.971960,40.329491,162298.00
05/04/2018,40.281822,40.930145,39.757444,40.758530,114800,0.000,0.0,-,37.690986,39.619316,39.838482,40.224615,163260.00
05/03/2018,39.995796,40.615514,39.471418,40.472504,131600,0.000,0.0,-,37.660425,39.603574,39.731223,40.129273,164758.00
05/02/2018,40.043465,40.281819,39.519087,40.043465,123700,0.000,0.0,-,37.629399,39.570712,39.685936,40.100671,165106.00
05/01/2018,40.043465,40.043465,39.376073,40.043465,152600,0.000,0.0,-,37.602651,39.542624,39.640648,40.181711,166344.00
04/30/2018,41.425924,41.568934,39.995800,40.234154,254000,0.000,0.0,-,37.576376,39.529763,39.607279,40.148342,165676.00
04/27/2018,46.431350,46.669704,41.330573,41.711941,238800,0.000,0.0,-,37.548675,39.514040,39.521472,40.095905,161846.00
04/26/2018,39.995809,39.995809,39.309348,39.614441,106100,0.000,0.0,-,37.511451,39.462099,39.402294,39.800346,159850.00
04/25/2018,39.757448,39.929063,39.280740,39.709778,105000,0.000,0.0,-,37.482346,39.447350,39.354623,39.752674,158994.00
04/24/2018,40.091125,40.186469,39.423733,39.757431,98700,0.000,0.0,-,37.452526,39.424032,39.278349,39.685934,159730.00
04/23/2018,39.805108,40.138802,39.614424,39.900448,83100,0.000,0.0,-,37.425786,39.401665,39.223528,39.614428,161006.00
04/20/2018,40.138797,40.329481,39.566749,39.805103,69400,0.000,0.0,-,37.396909,39.363113,39.128187,39.452348,162754.00
04/19/2018,40.615520,40.806203,40.043471,40.186485,160500,0.000,0.0,-,37.371827,39.341696,39.082900,39.333173,164564.00
04/18/2018,39.948121,40.949207,39.881382,40.853863,154900,0.000,0.0,-,37.346970,39.317409,39.078133,39.271200,165118.00
04/17/2018,39.805118,40.424840,39.566764,39.709778,189600,0.000,0.0,-,37.318540,39.278824,39.042380,39.099586,166452.00
04/16/2018,38.947042,39.948132,38.947042,39.709778,261400,0.000,0.0,-,37.294645,39.295477,39.066215,39.066216,165068.00
04/13/2018,39.233067,39.233067,38.708685,38.756359,71000,0.000,0.0,-,37.270276,39.319745,39.123419,38.947039,164186.00
04/12/2018,39.233062,39.519086,39.042378,39.137718,56100,0.000,0.0,-,37.247356,39.355467,39.204459,39.004242,165518.00
04/11/2018,38.994704,39.090044,38.661006,39.042374,77500,0.000,0.0,-,37.223241,39.402596,39.266431,38.956572,168774.00
04/10/2018,38.756350,39.185384,38.613336,39.042374,82000,0.000,0.0,-,37.195811,39.457342,39.337938,38.870765,168846.00
04/09/2018,38.756360,38.851700,38.184308,38.279652,125300,0.000,0.0,-,37.166959,39.510184,39.416595,38.832629,170130.00
04/06/2018,39.280742,39.614436,38.498941,38.613350,173300,0.000,0.0,-,37.141209,39.590653,39.533388,38.804026,171066.00
04/05/2018,39.280733,39.614427,39.090049,39.566757,105400,0.000,0.0,-,37.114502,39.642559,39.587017,38.832628,169256.00
04/04/2018,38.756354,39.166323,38.279646,39.137718,179000,0.000,0.0,-,37.085872,39.680156,39.631043,38.885066,168186.00
04/03/2018,38.661018,39.423750,38.565677,39.376080,200100,0.000,0.0,-,37.059150,39.725381,39.646557,38.985174,165722.00
04/02/2018,39.233067,39.471421,38.088967,38.518005,293900,0.000,0.0,-,37.031473,39.774405,39.612085,39.066214,164452.00
03/29/2018,38.804018,39.614420,38.661004,39.328396,158400,0.000,0.0,-,37.008797,39.823459,39.632414,39.299800,159818.00
03/28/2018,38.231977,38.708685,38.041296,38.661015,146800,0.000,0.0,-,36.983254,39.865823,39.590810,39.404676,160640.00
03/27/2018,38.708681,38.756355,38.041293,38.184303,149400,0.000,0.0,-,36.960337,39.912969,39.611126,39.576291,160408.00
03/26/2018,38.661015,39.090052,38.088966,38.661015,155900,0.000,0.0,-,36.941463,39.988683,39.669554,39.805111,159486.00
03/23/2018,38.994708,38.994708,37.993618,37.993618,158800,0.000,0.0,-,36.914044,40.047250,39.756488,40.000561,160972.00
03/22/2018,39.852788,39.995802,38.851702,38.899372,156500,0.000,0.0,-,36.886644,40.093468,39.807795,40.262750,159650.00
03/21/2018,40.043467,40.520175,39.995797,40.091137,70600,0.000,0.0,-,36.855189,40.114909,39.861398,40.341406,160412.00
03/20/2018,40.234142,40.472495,39.995788,40.138798,150600,0.000,0.0,-,36.817301,40.117274,39.798311,40.377021,164532.00
03/19/2018,40.710863,40.710863,39.566763,40.186485,250500,0.000,0.0,-,36.782019,40.118686,39.723324,40.307941,165424.00
03/16/2018,40.329485,40.901536,40.329485,40.853863,379200,0.000,0.0,-,36.744840,40.132467,39.684021,40.157956,163224.00
03/15/2018,40.520173,40.663187,40.186479,40.377159,271600,0.000,0.0,-,36.703849,40.133853,39.613728,39.965028,157874.00
03/14/2018,40.567843,40.615513,40.186479,40.377159,143700,0.000,0.0,-,36.665242,40.154290,39.550616,39.776944,154720.00
03/13/2018,40.806198,41.378249,40.329490,40.472504,119300,0.000,0.0,-,36.628769,40.177581,39.475607,39.645962,154560.00
03/12/2018,40.758527,41.092221,40.424833,40.615513,128600,0.000,0.0,-,36.591818,40.202773,39.379176,39.533996,153390.00
03/09/2018,39.852781,40.663187,39.805111,40.615513,76000,0.075,0.0,-,36.553678,40.224153,39.280353,39.512416,152208.00
03/08/2018,40.590045,40.590045,39.305247,39.685928,154800,0.000,0.0,-,36.516012,40.247436,39.148221,39.352839,152074.00
03/07/2018,39.210078,40.637629,39.210078,40.447289,340800,0.000,0.0,-,36.482521,40.296925,39.100636,39.381391,150906.00
03/06/2018,38.924560,39.590747,38.572428,39.447994,167400,0.000,0.0,-,36.445222,40.337848,39.026880,39.219601,146424.00
03/05/2018,38.781810,38.972151,38.448716,38.686642,137100,0.000,0.0,-,36.413868,40.389240,39.000709,39.138708,145330.00
03/02/2018,38.163212,39.019744,37.925287,38.924576,172200,0.000,0.0,-,36.387979,40.448246,39.093500,39.210086,145248.00
03/01/2018,39.019758,39.400440,38.496323,38.496323,151900,0.000,0.0,-,36.359716,40.507251,39.193428,39.262428,144036.00
02/28/2018,39.495603,40.161795,38.972168,39.067337,323600,0.000,0.0,-,36.333594,40.566256,39.295735,39.324287,157536.00
02/27/2018,40.352137,41.161082,39.257679,39.352848,230400,0.000,0.0,-,36.302484,40.594807,39.417076,39.305251,154792.00
02/26/2018,39.448011,40.447296,39.114913,40.399712,124600,0.000,0.0,-,36.272554,40.630019,39.538418,39.224356,152948.00
02/23/2018,38.448726,39.971446,37.497025,39.019745,236500,0.000,0.0,-,36.238100,40.638585,39.602658,39.048290,152884.00
02/22/2018,38.972158,40.019028,38.639060,39.971443,189700,0.000,0.0,-,36.210901,40.677605,39.766826,38.943603,153490.00
02/21/2018,38.686642,39.448002,38.639054,38.829395,149000,0.000,0.0,-,36.177998,40.702349,39.828686,38.819882,151600.00
02/20/2018,39.257664,39.495589,38.591473,38.639057,185600,0.000,0.0,-,36.152224,40.741369,39.959545,38.834158,154638.00
02/16/2018,39.257672,39.876279,39.257672,39.400429,119200,0.000,0.0,-,36.129530,40.788002,40.097542,38.862710,153096.00
02/15/2018,39.257653,39.495579,38.686634,39.447994,62500,0.000,0.0,-,36.101137,40.819408,40.218884,38.976913,152734.00
02/14/2018,38.401138,39.210086,38.305969,39.114914,139000,0.000,0.0,-,36.075108,40.853669,40.295020,39.124428,153652.00
02/13/2018,38.353541,39.019733,38.353541,38.876976,63300,0.000,0.0,-,36.054764,40.881268,40.411603,39.267183,152936.00
02/12/2018,38.686649,39.019742,37.972873,38.543892,141800,0.000,0.0,-,36.033955,40.921240,40.518670,39.528902,154620.00
02/09/2018,38.401132,39.019739,37.734944,38.639057,162500,0.000,0.0,-,36.014575,40.971681,40.689977,39.852481,153674.00
02/08/2018,38.876983,38.972155,37.972870,37.972870,170500,0.000,0.0,-,35.996610,41.012604,40.837490,40.157025,153064.00
02/07/2018,38.972159,39.257669,38.591477,38.734234,159900,0.000,0.0,-,35.979139,41.049720,40.954074,40.590049,152290.00
02/06/2018,38.115628,39.448011,38.115628,38.972160,188200,0.000,0.0,-,35.955260,41.077320,41.015934,40.837491,150260.00
02/05/2018,40.114202,40.447296,38.876988,38.924576,221600,0.000,0.0,-,35.926644,41.097305,41.077795,41.084932,148428.00
02/02/2018,40.732798,40.875555,40.352120,40.542458,120400,0.000,0.0,-,35.901103,41.134422,41.142035,41.332373,147138.00
02/01/2018,40.399710,40.970730,40.114201,40.923145,217300,0.000,0.0,-,35.866055,41.119194,41.158690,41.460854,149020.00
01/31/2018,41.732084,41.970009,40.494873,40.542458,137600,0.000,0.0,-,35.829103,41.088740,41.158690,41.465613,146626.00
01/30/2018,41.446583,41.970018,41.161073,41.494167,218900,0.000,0.0,-,35.794527,41.064948,41.201517,41.556024,146024.00
01/29/2018,41.684514,42.065196,41.589345,41.779686,81100,0.000,0.0,-,35.752355,41.009749,41.203896,41.508438,149798.00
01/26/2018,42.445854,42.493442,41.113475,41.684494,146200,0.000,0.0,-,35.712066,40.940275,41.201516,41.527472,151934.00
01/25/2018,41.446576,42.303108,40.875557,42.303108,172100,0.000,0.0,-,35.675800,40.876511,41.201516,41.517956,154892.00
01/24/2018,41.732091,41.760645,41.189622,41.208656,82800,0.000,0.0,-,35.629583,40.813699,41.175345,41.318098,160208.00
01/23/2018,41.398983,41.446568,40.875549,41.446568,51900,0.000,0.0,-,35.589785,40.788003,41.222930,41.194377,161198.00
01/22/2018,41.779676,41.779676,41.161069,41.398994,55800,0.000,0.0,-,35.549270,40.775156,41.275274,41.070658,163394.00
01/19/2018,40.875566,41.827267,40.875566,41.827267,136600,0.000,0.0,-,35.509465,40.755659,41.306205,40.951696,165866.00
01/18/2018,41.398996,41.494165,40.894596,40.970730,62200,0.000,0.0,-,35.467756,40.726647,41.296688,40.856526,166980.00
01/17/2018,41.303815,41.494152,40.923133,41.446568,199500,0.000,0.0,-,35.430803,40.710015,41.341893,40.851768,168872.00
01/16/2018,42.303113,42.541038,40.923146,41.018314,135200,0.000,0.0,-,35.396909,40.678167,41.341893,40.847010,170152.00
01/12/2018,41.636930,42.493463,41.351420,41.970024,103300,0.000,0.0,-,35.361609,40.664384,41.315721,40.899353,173186.00
01/11/2018,40.352122,41.636917,40.066609,41.589333,230200,0.000,0.0,-,35.319423,40.666718,41.272894,40.875559,178538.00
01/10/2018,40.066606,40.399703,39.590755,40.304531,92700,0.000,0.0,-,35.278194,40.645315,41.234826,40.885075,180830.00
01/09/2018,40.304537,40.732803,39.923859,39.971443,194600,0.000,0.0,-,35.242206,40.645807,41.268136,41.032591,186196.00
01/08/2018,40.066621,40.399718,39.685942,40.209377,276600,0.000,0.0,-,35.207648,40.558908,41.329997,41.251483,185254.00
01/05/2018,40.923153,40.923153,39.857249,40.209377,195200,0.000,0.0,-,35.172136,40.452049,41.358547,41.479890,182422.00
01/04/2018,41.065906,41.256243,40.685224,40.875565,140500,0.000,0.0,-,35.137097,40.340440,41.396615,41.660713,180080.00
01/03/2018,41.351411,41.351411,40.875561,40.923145,111700,0.000,0.0,-,35.098728,40.211707,41.401373,41.736849,179654.00
01/02/2018,41.732088,42.160355,40.970728,41.398994,113900,0.000,0.0,-,35.064850,40.083923,41.413269,41.832019,181130.00
12/29/2017,41.874838,42.112763,41.446572,41.541744,135700,0.000,0.0,-,35.030012,39.934271,41.368063,41.836776,182072.00
12/28/2017,41.779670,42.017596,41.589329,41.732082,60800,0.000,0.0,-,34.993277,39.793164,41.334754,41.732088,182114.00
12/27/2017,41.779666,41.874835,41.494153,41.684494,69500,0.000,0.0,-,34.955828,39.648251,41.301445,41.670229,183582.00
12/26/2017,42.255537,42.445874,41.684514,41.779686,69300,0.000,0.0,-,34.916724,39.513790,41.251482,41.584578,185130.00
12/22/2017,42.541044,42.541044,41.970021,42.160362,96400,0.000,0.0,-,34.878563,39.391675,41.153932,41.503682,186316.00
12/21/2017,42.207933,42.636199,41.732083,42.493446,116700,0.000,0.0,-,34.838736,39.259097,41.051624,41.408511,186646.00
12/20/2017,41.922436,42.350703,41.732095,42.017609,112700,0.000,0.0,-,34.794878,39.119858,40.925524,41.237205,186726.00
12/19/2017,41.874854,42.065195,41.446588,41.636929,133000,0.000,0.0,-,34.756237,38.988235,40.863663,41.132517,187378.00
12/18/2017,41.874844,42.112769,41.446577,41.874844,111600,0.000,0.0,-,34.721297,38.863275,40.770871,41.065897,187964.00
12/15/2017,40.685208,41.827249,40.685208,41.446568,826900,0.000,0.0,-,34.686348,38.728807,40.647150,40.994519,187526.00
12/14/2017,41.065888,41.065888,40.399697,40.494865,186400,0.000,0.0,-,34.656608,38.599105,40.542464,40.899349,173716.00
12/13/2017,40.827978,41.398997,40.827978,41.113487,138200,0.000,0.0,-,34.635403,38.487486,40.454432,40.937419,172414.00
12/12/2017,41.161074,41.684509,40.827980,40.827980,121400,0.000,0.0,-,34.611341,38.365395,40.314056,40.932661,172120.00
12/11/2017,41.351412,41.351412,40.637636,40.970730,266800,0.000,0.0,-,34.587290,38.248065,40.197474,40.918386,172336.00
12/08/2017,41.113488,41.398997,40.590053,41.208656,95200,0.000,0.0,-,34.564886,38.106978,40.107062,40.804181,171054.00
12/07/2017,40.875556,41.303822,40.542459,40.780384,300900,0.000,0.0,-,34.541293,37.962083,40.042822,40.694736,173204.00
12/06/2017,40.923146,41.494165,40.732805,40.970730,108500,0.000,0.0,-,34.492461,37.840954,40.044012,40.613842,171374.00
12/05/2017,41.161071,41.398996,40.732805,40.970730,101100,0.000,0.0,-,34.446690,37.701767,40.016684,40.594808,172172.00
12/04/2017,41.113480,41.684499,40.590045,41.161064,108400,0.000,0.0,-,34.403987,37.544529,39.986980,40.475844,173162.00
12/01/2017,41.018300,41.018300,39.114899,40.494865,103200,0.000,0.0,-,34.357029,37.381585,39.935884,40.299781,174028.00
11/30/2017,41.303831,41.541756,40.590055,40.875565,147500,0.000,0.0,-,34.315290,37.225314,39.903848,40.185579,176118.00
11/29/2017,40.637644,41.113495,40.618610,41.065910,94500,0.000,0.0,-,34.271411,37.060480,39.876528,39.971446,175878.00
11/28/2017,39.876278,40.732807,39.638353,40.685223,132000,0.000,0.0,-,34.227760,36.890889,39.927570,39.695451,176692.00
11/27/2017,40.114199,40.304536,39.685933,39.828686,131800,0.000,0.0,-,34.185305,36.735561,39.919268,39.476561,178964.00
11/24/2017,40.019036,40.399718,39.685942,40.114208,58400,0.000,0.0,-,34.146897,36.596415,39.944291,39.409942,182154.00
11/22/2017,40.780388,40.999282,39.923859,39.971443,96600,0.000,0.0,-,34.104465,36.440157,39.719905,39.390908,183464.00
11/21/2017,39.971440,41.018309,39.971440,40.780384,157100,0.000,0.0,-,34.059914,36.291505,39.464654,39.474183,185184.00
11/20/2017,39.400415,39.876266,39.400415,39.781094,214500,0.000,0.0,-,34.014859,36.122874,39.157081,39.438560,184576.00
11/17/2017,39.067331,39.495597,38.972163,39.400429,97600,0.000,0.0,-,33.974328,35.974229,38.889973,39.498117,182306.00
11/16/2017,39.067338,39.400436,39.019754,39.352848,107500,0.000,0.0,-,33.939713,35.832247,38.646647,39.571988,183710.00
11/15/2017,38.210799,38.876987,37.896736,38.734234,407600,0.000,0.0,-,33.902031,35.679816,38.374825,39.622118,186064.00
11/14/2017,38.163209,38.496306,37.734946,38.305965,187900,0.000,0.0,-,33.867679,35.553058,38.162434,39.781611,180950.00
11/13/2017,38.877001,39.019758,38.305982,38.496323,294100,0.000,0.0,-,33.835940,35.432965,37.971456,40.159689,180548.00
11/10/2017,38.448719,39.495589,38.305962,39.162495,437900,0.000,0.0,-,33.802305,35.315715,37.794712,40.361974,176466.00
11/09/2017,40.494882,40.542466,39.543181,39.923862,132300,0.075,0.0,-,33.766756,35.179442,37.620286,40.478641,169706.00
11/08/2017,40.186665,40.851693,39.806651,40.804192,161700,0.000,0.0,-,33.727872,35.021292,37.400666,40.048902,169276.00
11/07/2017,40.519162,40.756672,40.139145,40.424156,179400,0.000,0.0,-,33.684586,34.838884,37.137029,39.455126,168374.00
11/06/2017,40.234156,40.614173,39.911142,40.376663,192300,0.000,0.0,-,33.641548,34.662177,36.887644,38.875603,167330.00
11/03/2017,39.854134,40.329153,39.759128,40.139145,156800,0.000,0.0,-,33.594735,34.481669,36.638260,38.281829,166202.00
11/02/2017,40.376666,40.566674,39.597634,39.854145,263500,0.000,0.0,-,33.550998,34.304962,36.388874,37.721306,164944.00
11/01/2017,42.181740,42.276742,39.996647,40.329163,286900,0.000,0.0,-,33.507505,34.133955,36.144239,37.127531,162140.00
10/31/2017,40.756697,42.447766,40.471682,42.086750,370900,0.000,0.0,-,33.461874,33.957248,35.873478,36.543256,159776.00
10/30/2017,40.376662,41.849221,40.186653,40.519169,344800,0.000,0.0,-,33.406747,33.738738,35.519587,35.783223,157084.00
10/27/2017,36.481505,40.452669,36.006485,40.329163,361000,0.000,0.0,-,33.363706,33.553481,35.241701,35.227450,156210.00
10/26/2017,34.913943,35.768980,34.913943,35.626472,147500,0.000,0.0,-,33.316186,33.370123,34.921062,34.761931,152724.00
10/25/2017,34.486415,34.894932,34.058897,34.866432,135000,0.000,0.0,-,33.293596,33.280819,34.837934,34.752430,152024.00
10/24/2017,34.486422,34.771433,34.153910,34.628929,78100,0.000,0.0,-,33.272682,33.202916,34.830809,34.818933,152024.00
10/23/2017,34.533922,34.932940,34.343917,34.438919,119200,0.000,0.0,-,33.252011,33.138313,34.799932,34.899686,153350.00
10/20/2017,34.248909,34.818935,33.916397,34.533920,185500,0.000,0.0,-,33.234651,33.068010,34.733428,34.994690,154048.00
10/19/2017,34.391413,34.391413,33.726385,33.916393,161000,0.000,0.0,-,33.219884,32.995807,34.657425,35.056443,153002.00
10/18/2017,34.486416,34.676424,34.258409,34.486416,137800,0.000,0.0,-,33.210801,32.954481,34.595672,35.160947,152940.00
10/17/2017,35.008937,35.103943,34.296407,34.486416,134200,0.000,0.0,-,33.195092,32.908389,34.503043,35.203700,155374.00
10/16/2017,35.768977,35.911480,34.818937,34.961441,146900,0.000,0.0,-,33.179854,32.850922,34.408039,35.255952,156180.00
10/13/2017,35.816477,35.863978,35.578967,35.673969,128600,0.000,0.0,-,33.163894,32.781111,34.305910,35.255952,156952.00
10/12/2017,35.531464,35.863976,35.436458,35.531464,112900,0.000,0.0,-,33.144135,32.691362,34.165779,35.080194,157952.00
10/11/2017,35.436458,35.816475,35.436458,35.531464,120700,0.000,0.0,-,33.129809,32.607308,34.004273,34.923438,159476.00
10/10/2017,35.626463,35.626463,35.341452,35.436455,145300,0.000,0.0,-,33.111234,32.531784,33.854641,34.842684,161364.00
10/09/2017,35.151456,35.483968,35.103955,35.388966,162300,0.000,0.0,-,33.093607,32.454368,33.700260,34.700177,168308.00
10/06/2017,34.866433,35.246446,34.866433,35.151443,89700,0.000,0.0,-,33.078813,32.386434,33.548254,34.472166,174588.00
10/05/2017,35.008942,35.246452,34.818937,34.961441,136400,0.000,0.0,-,33.065207,32.379177,33.405748,34.258408,176786.00
10/04/2017,35.056448,35.151450,34.704931,34.913940,121300,0.000,0.0,-,33.052079,32.370033,33.244241,34.030397,176512.00
10/03/2017,34.961433,35.008934,34.676422,35.008934,123500,0.000,0.0,-,33.039424,32.362787,33.118361,33.802387,177744.00
10/02/2017,34.058903,34.961441,34.058903,34.961441,132200,0.000,0.0,-,33.025823,32.347953,32.982981,33.560127,178458.00
09/29/2017,33.868892,34.106402,33.726385,33.916393,202700,0.000,0.0,-,33.012223,32.341653,32.866601,33.355869,183882.00
09/28/2017,34.628934,34.676435,33.868903,33.963905,202700,0.000,0.0,-,33.006444,32.360045,32.788223,33.251365,182446.00
09/27/2017,34.153901,34.866430,33.963892,34.723923,209400,0.000,0.0,-,32.999956,32.373695,32.690844,33.085107,182622.00
09/26/2017,33.203855,34.296398,33.108849,34.011387,148400,0.000,0.0,-,32.988487,32.364562,32.538838,32.866598,181522.00
09/25/2017,33.013850,33.232358,32.918848,33.108852,150600,0.000,0.0,-,32.982234,32.378210,32.417709,32.700343,181306.00
09/22/2017,32.586340,33.175364,32.567339,33.013859,151700,0.000,0.0,-,32.976953,32.411805,32.329831,32.624342,181668.00
09/21/2017,32.586329,32.871340,32.443826,32.681335,207700,0.000,0.0,-,32.970258,32.445404,32.244327,32.553089,182882.00
09/20/2017,32.491335,32.871348,32.443834,32.633839,135500,0.000,0.0,-,32.963102,32.477123,32.175449,32.458085,181468.00
09/19/2017,32.918854,33.013856,32.538837,32.586338,135200,0.000,0.0,-,32.951226,32.500312,32.118447,32.434335,186778.00
09/18/2017,32.918861,33.251374,32.728853,32.918861,245600,0.000,0.0,-,32.940297,32.523503,32.047194,32.405834,189088.00
09/15/2017,32.348829,32.918854,32.158820,32.871349,291300,0.000,0.0,-,32.927704,32.553315,31.964066,32.377332,189214.00
09/14/2017,32.491335,32.586338,32.158819,32.301327,123900,0.000,0.0,-,32.920070,32.578389,31.878563,32.325081,187984.00
09/13/2017,32.348825,32.662340,32.348825,32.538834,182600,0.000,0.0,-,32.914342,32.628134,31.821560,32.296581,190382.00
09/12/2017,32.443845,32.776357,32.348839,32.348839,126700,0.000,0.0,-,32.912619,32.681661,31.743182,32.211077,188948.00
09/11/2017,32.538847,32.586349,32.301338,32.348839,101000,0.000,0.0,-,32.909721,32.738040,31.695680,32.135074,189372.00
09/08/2017,31.778806,32.443834,31.683800,32.301327,167800,0.000,0.0,-,32.904700,32.789679,31.624427,32.035319,190882.00
09/07/2017,32.443831,32.443831,31.636296,31.731302,225200,0.000,0.0,-,32.900152,32.840372,31.555549,31.935565,191156.00
09/06/2017,32.396336,32.728851,32.158826,32.396336,151900,0.000,0.0,-,32.894205,32.889195,31.561486,31.892813,193518.00
09/05/2017,32.491335,32.681344,32.016316,32.301327,167800,0.000,0.0,-,32.884698,32.927562,31.550761,31.802559,197728.00
09/01/2017,32.491335,32.633839,32.301326,32.633839,90000,0.000,0.0,-,32.875901,32.952662,31.516349,31.688555,199416.00
08/31/2017,32.158830,32.586349,32.111329,32.348839,99900,0.000,0.0,-,32.863790,32.965424,31.458202,31.550800,200066.00
08/30/2017,31.731316,32.044827,31.541307,32.016327,110800,0.000,0.0,-,32.854519,32.981042,31.400086,31.432044,203630.00
08/29/2017,31.446292,31.778808,31.446292,31.683802,116600,0.000,0.0,-,32.845024,33.006154,31.365706,31.346540,204660.00
08/28/2017,31.398798,31.873817,31.398798,31.588806,127200,0.000,0.0,-,32.834358,33.049292,31.369279,31.275287,205690.00
08/25/2017,31.446290,31.731305,31.303787,31.351288,135900,0.000,0.0,-,32.819211,33.093381,31.368123,31.256286,209556.00
08/24/2017,31.351287,31.541295,31.256284,31.303785,93900,0.000,0.0,-,32.797935,33.143169,31.400172,31.213534,208966.00
08/23/2017,31.256284,31.379787,31.161278,31.303785,123300,0.000,0.0,-,32.777037,33.196751,31.574413,31.175532,209630.00
08/22/2017,31.161280,31.569797,31.161280,31.493795,168700,0.000,0.0,-,32.755905,33.255073,31.734435,31.230160,210602.00
08/21/2017,31.303789,31.303789,31.018778,31.161282,236300,0.000,0.0,-,32.732880,33.306750,31.887326,31.298963,212956.00
08/18/2017,30.971278,31.332294,30.876275,31.256292,301100,0.000,0.0,-,32.710576,33.371713,32.042625,31.344143,211994.00
08/17/2017,30.923772,31.493797,30.828769,31.161282,186700,0.000,0.0,-,32.686149,33.410130,32.212131,31.365604,209800.00
08/16/2017,31.066279,31.256288,30.971273,31.161282,112500,0.000,0.0,-,32.666200,33.437177,32.395867,31.368128,209824.00
08/15/2017,31.446293,31.579301,30.971273,30.971273,135000,0.000,0.0,-,32.645779,33.466119,32.570124,31.384872,212714.00
08/14/2017,31.303794,31.731312,31.303794,31.398796,144400,0.000,0.0,-,32.619481,33.496966,32.734923,31.463272,214246.00
08/11/2017,30.686257,31.161277,30.306242,30.923767,154100,0.000,0.0,-,32.590810,33.530637,32.899674,31.479960,216322.00
08/10/2017,31.636296,31.683798,30.923767,30.923767,133200,0.075,0.0,-,32.564513,33.567173,33.092916,31.586809,219332.00
08/09/2017,31.944854,32.181833,31.660479,31.850060,157900,0.000,0.0,-,32.538217,33.601814,33.281418,31.973293,222764.00
08/08/2017,31.613074,32.513598,31.613074,32.181828,259500,0.000,0.0,-,32.507101,33.617929,33.402278,32.238710,223092.00
08/07/2017,31.423502,31.755272,31.281313,31.613083,174500,0.000,0.0,-,32.475503,33.635940,33.482851,32.475689,220468.00
08/04/2017,31.186527,31.707881,31.186527,31.470901,185500,0.000,0.0,-,32.448586,33.665325,33.589491,32.741106,219948.00
08/03/2017,31.328707,31.613082,30.996937,31.186522,178600,0.000,0.0,-,32.423227,33.695659,33.736419,33.058658,219350.00
08/02/2017,31.755286,31.802681,31.044347,31.328722,189100,0.000,0.0,-,32.398678,33.733576,33.883346,33.423606,219556.00
08/01/2017,31.944854,32.418814,31.755270,31.755270,215100,0.000,0.0,-,32.372476,33.766752,34.056340,33.755376,218224.00
07/31/2017,31.897457,32.039643,30.911621,31.565683,492500,0.000,0.0,-,32.343670,33.791398,34.229334,34.006574,220250.00
07/28/2017,33.982884,33.982884,31.944861,31.992256,476300,0.000,0.0,-,32.318638,33.823628,34.409439,34.319387,217318.00
07/27/2017,34.646416,35.404750,34.504230,34.788605,199600,0.000,0.0,-,32.290955,33.853961,34.556365,34.599022,216466.00
07/26/2017,34.551630,34.551630,34.030275,34.504234,122700,0.000,0.0,-,32.254046,33.823627,34.558735,34.589543,220138.00
07/25/2017,34.456823,34.930782,34.409428,34.551617,182900,0.000,0.0,-,32.215875,33.798981,34.542147,34.565845,221136.00
07/24/2017,34.551629,34.599024,34.030274,34.267254,159200,0.000,0.0,-,32.183872,33.764857,34.530299,34.490013,221402.00
07/21/2017,35.167770,35.167770,34.219852,34.646416,403400,0.000,0.0,-,32.153055,33.746847,34.494752,34.437877,221842.00
07/20/2017,34.599027,34.930797,34.409442,34.836006,130900,0.000,0.0,-,32.117469,33.724097,34.426028,34.414179,218408.00
07/19/2017,34.267251,34.788605,34.172457,34.646416,211500,0.000,0.0,-,32.079900,33.698977,34.340715,34.343085,219370.00
07/18/2017,34.504233,34.693814,34.219855,34.267254,154400,0.000,0.0,-,32.044691,33.673865,34.271991,34.357304,217142.00
07/17/2017,34.788607,34.836003,34.362043,34.693813,137600,0.000,0.0,-,32.009730,33.662012,34.250663,34.452095,217526.00
07/14/2017,34.551625,34.978189,34.551625,34.788605,168700,0.000,0.0,-,31.973530,33.650141,34.205637,34.499490,217530.00
07/13/2017,34.219854,34.741212,34.172459,34.693813,212400,0.000,0.0,-,31.936575,33.628807,34.158241,34.513709,218146.00
07/12/2017,34.125065,34.551629,33.888085,34.267254,137000,0.000,0.0,-,31.900893,33.619774,34.122694,34.527928,218924.00
07/11/2017,33.698503,34.456837,33.651108,33.793297,401000,0.000,0.0,-,31.867533,33.635352,34.120324,34.518449,224558.00
07/10/2017,34.125060,34.314645,33.651101,33.745892,250700,0.000,0.0,-,31.839180,33.653788,34.134543,34.570585,221850.00
07/07/2017,34.314652,34.456838,33.651109,34.409443,251900,0.000,0.0,-,31.811441,33.672227,34.167720,34.551627,226228.00
07/06/2017,34.551625,34.646415,34.049226,34.125061,229800,0.000,0.0,-,31.781890,33.684962,34.106105,34.437877,226284.00
07/05/2017,35.167770,35.309959,34.362041,34.788605,243800,0.000,0.0,-,31.754374,33.692033,34.025533,34.338345,225612.00
07/03/2017,35.120370,35.309955,34.978185,35.215164,110900,0.000,0.0,-,31.722316,33.675429,33.916522,34.186679,227852.00
06/30/2017,35.025585,35.338396,34.741210,35.167770,147900,0.000,0.0,-,31.671596,33.636104,33.781444,34.049231,231234.00
06/29/2017,34.978189,34.978189,34.599020,34.930790,176500,0.000,0.0,-,31.619418,33.609079,33.677174,33.911784,231730.00
06/28/2017,34.456837,34.930797,34.267256,34.836006,181500,0.000,0.0,-,31.568566,33.581117,33.568164,33.802773,231614.00
06/27/2017,34.267260,34.599030,33.651112,34.172466,343300,0.000,0.0,-,31.521060,33.555051,33.459154,33.717460,231638.00
06/26/2017,33.556321,34.437886,33.508922,34.314655,362400,0.000,0.0,-,31.481911,33.544148,33.383320,33.722199,226830.00
06/23/2017,33.271930,33.651099,33.129745,33.556309,252200,0.000,0.0,-,31.445676,33.519051,33.321706,33.698500,221718.00
06/22/2017,33.129753,33.442564,33.082358,33.271938,122500,0.000,0.0,-,31.413705,33.522362,33.298009,33.783814,219218.00
06/21/2017,33.271935,33.414124,32.987560,33.129749,278100,0.000,0.0,-,31.381790,33.545550,33.283790,33.774334,221748.00
06/20/2017,33.651107,33.793296,33.177148,33.271938,162300,0.000,0.0,-,31.352186,33.544151,33.281421,33.712720,218998.00
06/19/2017,33.745893,34.030271,33.698498,33.840687,168100,0.000,0.0,-,31.320177,33.543691,33.267202,33.646366,220266.00
06/16/2017,33.651108,34.030276,33.508918,33.793297,320500,0.000,0.0,-,31.284664,33.533748,33.224546,33.513658,220500.00
06/15/2017,33.888082,34.125062,33.603707,33.840687,106400,0.000,0.0,-,31.251037,33.526644,33.193738,33.442564,217514.00
06/14/2017,34.267254,34.314649,33.935481,33.982876,127100,0.000,0.0,-,31.216278,33.519539,33.177150,33.333554,219464.00
06/13/2017,34.125066,34.523190,33.935481,34.219856,171900,0.000,0.0,-,31.181514,33.511482,33.141603,33.200847,222738.00
06/12/2017,34.504231,34.788606,33.963918,34.077667,286400,0.000,0.0,-,31.147544,33.520441,33.094207,33.044442,227336.00
06/09/2017,33.177150,34.409443,33.129754,34.409443,188200,0.000,0.0,-,31.113813,33.518055,33.032593,32.944911,224440.00
06/08/2017,32.560991,33.442555,32.409324,33.177139,191400,0.000,0.0,-,31.078329,33.500521,32.980458,32.812203,222530.00
06/07/2017,32.608401,32.608401,32.229232,32.513607,187900,0.000,0.0,-,31.049148,33.503849,32.997046,32.793246,220344.00
06/06/2017,32.229230,32.797979,32.134439,32.608398,257000,0.000,0.0,-,31.021448,33.515717,33.050367,32.850122,219096.00
06/05/2017,33.034962,33.034962,32.276627,32.513607,211600,0.000,0.0,-,30.993275,33.524745,33.089489,32.888039,216140.00
06/02/2017,32.655799,33.603718,32.608404,33.082363,248200,0.000,0.0,-,30.965669,33.536613,33.147538,32.935435,213494.00
06/01/2017,32.750584,32.750584,32.181834,32.750584,304600,0.000,0.0,-,30.932865,33.538999,33.198433,32.944912,210630.00
05/31/2017,32.655804,32.892783,32.181844,32.655804,304800,0.000,0.0,-,30.906664,33.548020,33.246999,33.020745,207456.00
05/30/2017,32.940179,33.129763,32.561010,32.655804,174300,0.000,0.0,-,30.880891,33.577856,33.326316,33.082359,203646.00
05/26/2017,33.034964,33.129758,32.892779,33.082363,128300,0.000,0.0,-,30.848854,33.613366,33.445835,33.143972,207510.00
05/25/2017,33.177154,33.508924,32.845383,33.082363,148500,0.000,0.0,-,30.816003,33.635616,33.527472,33.120274,206926.00
05/24/2017,33.082362,33.271943,32.797983,32.987568,155600,0.000,0.0,-,30.785977,33.658812,33.606745,33.148713,206576.00
05/23/2017,33.034964,33.252989,32.797985,33.082363,188900,0.000,0.0,-,30.754499,33.676336,33.709676,33.200847,205326.00
05/22/2017,32.987568,33.177152,32.797983,32.987568,122500,0.000,0.0,-,30.725131,33.697640,33.779489,33.250612,204322.00
05/19/2017,33.177152,33.556321,32.940173,32.987568,316400,0.000,0.0,-,30.696519,33.721786,33.828030,33.290939,204158.00
05/18/2017,33.414119,33.793288,33.015995,33.177139,345900,0.000,0.0,-,30.665699,33.736473,33.841099,33.359641,201376.00
05/17/2017,33.271932,33.556310,32.797972,33.508911,433700,0.000,0.0,-,30.636703,33.758719,33.873067,33.451954,197012.00
05/16/2017,33.271938,33.508918,32.797979,33.271938,383200,0.000,0.0,-,30.611450,33.781518,33.874257,33.473252,191604.00
05/15/2017,32.940168,33.366732,32.892773,33.271938,172600,0.000,0.0,-,30.587805,33.813778,33.887296,33.570274,190664.00
05/12/2017,33.319342,33.319342,32.703193,32.845383,196200,0.000,0.0,-,30.571394,33.858312,33.905065,33.747699,192680.00
05/11/2017,33.461539,33.726959,32.987580,33.366749,181200,0.000,0.0,-,30.556975,33.926482,33.915784,33.934671,192220.00
05/10/2017,33.603705,33.698496,33.224536,33.508911,231700,0.075,0.0,-,30.538352,33.985169,33.933541,34.064778,194774.00
05/09/2017,33.343538,34.052975,33.296243,33.580017,179000,0.000,0.0,-,30.518267,34.035347,33.979662,34.218505,195370.00
05/08/2017,33.532727,33.863797,33.267869,33.390839,100100,0.000,0.0,-,30.496792,34.093545,33.953650,34.308366,198460.00
05/05/2017,34.194844,34.194844,33.296223,33.674587,173600,0.000,0.0,-,30.476687,34.155527,33.946555,34.365121,210194.00
05/04/2017,34.005675,34.289449,33.627308,34.100266,137800,0.000,0.0,-,30.456243,34.102316,33.930002,34.322557,210510.00
05/03/2017,33.958376,34.005671,33.296234,33.721897,199500,0.000,0.0,-,30.431744,34.056642,33.896895,34.294180,209406.00
05/02/2017,34.998889,35.282663,34.052973,34.242157,251300,0.000,0.0,-,30.412379,34.030809,33.885072,34.275261,207108.00
05/01/2017,34.809702,35.802913,33.958380,35.046181,418700,0.000,0.0,-,30.391164,33.981353,33.851965,34.204317,204740.00
04/28/2017,34.573218,35.140770,34.261068,34.715107,265600,0.000,0.0,-,30.366728,33.923369,33.833047,34.062431,198702.00
04/27/2017,34.951594,35.093479,33.438126,34.667820,469600,0.000,0.0,-,30.341269,33.871063,33.795210,33.896896,195694.00
04/26/2017,34.384039,35.140774,34.100265,35.046181,254700,0.000,0.0,-,30.315483,33.824423,33.738455,33.802304,189064.00
04/25/2017,34.336741,34.809699,34.194856,34.478630,196200,0.000,0.0,-,30.297529,33.767383,33.653323,33.740820,185678.00
04/24/2017,33.816497,34.336750,33.438129,33.958385,355800,0.000,0.0,-,30.282178,33.720751,33.584743,33.598933,184598.00
04/21/2017,33.627311,33.721905,33.201648,33.248947,280000,0.000,0.0,-,30.265906,33.674138,33.539812,33.527989,179932.00
04/20/2017,33.674601,33.958379,33.390827,33.816490,172700,0.000,0.0,-,30.251301,33.630385,33.532717,33.537447,176642.00
04/19/2017,33.674600,34.081344,33.390826,33.532715,170700,0.000,0.0,-,30.233248,33.589442,33.501975,33.499611,175468.00
04/18/2017,33.485420,33.721899,33.107052,33.532715,182700,0.000,0.0,-,30.218117,33.552287,33.485421,33.494882,173758.00
04/17/2017,33.059767,33.769204,33.059767,33.627316,102900,0.000,0.0,-,30.203455,33.531181,33.516164,33.499612,173070.00
04/13/2017,33.769202,33.863792,33.012470,33.059765,106800,0.000,0.0,-,30.183436,33.494966,33.556365,33.603662,176156.00
04/12/2017,34.431334,34.431334,33.655683,33.721897,127200,0.000,0.0,-,30.163388,33.471046,33.613120,33.693525,177086.00
04/11/2017,33.248941,34.667814,33.201642,34.431335,249000,0.000,0.0,-,30.140406,33.435772,33.639132,33.674606,178056.00
04/10/2017,33.154355,33.485428,32.794906,33.059765,140600,0.000,0.0,-,30.115004,33.382532,33.610755,33.565826,175522.00
04/07/2017,33.107058,33.438127,33.012468,33.248947,225700,0.000,0.0,-,30.100875,33.362389,33.665145,33.570554,175748.00
04/06/2017,33.438119,33.532713,32.965161,33.343529,179800,0.000,0.0,-,30.084109,33.340350,33.712440,33.551635,174870.00
04/05/2017,33.721903,34.242156,33.154352,33.438126,171200,0.000,0.0,-,30.066730,33.316420,33.731359,33.527987,174738.00
04/04/2017,33.580014,33.816493,33.248945,33.485424,203900,0.000,0.0,-,30.050710,33.283988,33.773925,33.504339,174696.00
04/03/2017,34.762412,34.809707,33.239487,33.580017,290800,0.000,0.0,-,30.033137,33.234561,33.832098,33.475961,173822.00
03/31/2017,33.674605,34.951594,33.674605,34.667820,401800,0.000,0.0,-,30.016689,33.190795,33.897344,33.532716,171646.00
03/30/2017,33.532723,34.005681,33.532723,33.958385,141600,0.000,0.0,-,29.993675,33.120552,33.938883,33.509067,168362.00
03/29/2017,33.201642,33.769194,33.059757,33.532715,92700,0.000,0.0,-,29.973550,33.065443,34.053658,33.532714,169672.00
03/28/2017,33.059755,33.438119,32.775981,33.343529,82100,0.000,0.0,-,29.955413,33.016014,34.192077,33.603659,170996.00
03/27/2017,32.634086,33.296228,32.113834,33.107044,125500,0.000,0.0,-,29.941697,32.987363,34.325793,33.655684,172872.00
03/24/2017,33.201650,33.485428,32.823286,33.059765,109200,0.000,0.0,-,29.930433,32.941727,34.494937,33.759736,173022.00
03/23/2017,33.154339,33.627297,32.965155,33.107044,79300,0.000,0.0,-,29.919217,32.902701,34.666445,33.873246,176590.00
03/22/2017,33.059760,33.580013,32.728687,33.201645,105000,0.000,0.0,-,29.902879,32.854233,34.561795,33.934731,180706.00
03/21/2017,34.242154,34.289450,33.107055,33.201645,145900,0.000,0.0,-,29.888229,32.800096,34.492541,34.043510,183488.00
03/20/2017,34.431342,34.431342,33.863790,34.147564,114300,0.000,0.0,-,29.873485,32.755400,34.453970,34.188236,184728.00
03/17/2017,34.242152,34.573221,33.674600,34.431335,367500,0.000,0.0,-,29.853729,32.704060,34.335060,34.261972,184698.00
03/16/2017,34.573223,34.667816,33.863786,34.194859,99100,0.000,0.0,-,29.832085,32.657429,34.220844,34.368699,182980.00
03/15/2017,34.052973,34.478636,33.863789,34.242157,131000,0.000,0.0,-,29.811436,32.600422,34.116090,34.574602,186324.00
03/14/2017,34.052969,34.052969,33.485421,33.863785,93100,0.000,0.0,-,29.788389,32.544357,34.020773,34.780496,186348.00
03/13/2017,34.052974,34.431342,33.958384,34.147564,138700,0.000,0.0,-,29.766341,32.502469,33.937294,34.995903,187370.00
03/10/2017,33.863786,34.412419,33.863786,34.194859,114300,0.000,0.0,-,29.744988,32.453960,33.837266,35.230138,187104.00
03/09/2017,34.194855,34.384035,33.438120,33.721897,177300,0.000,0.0,-,29.723540,32.423388,33.708910,35.459644,188820.00
03/08/2017,34.856988,35.140766,34.289440,34.289440,127700,0.070,0.0,-,29.700558,32.385282,33.575879,35.188860,188414.00
03/07/2017,34.932132,35.309778,34.554486,34.648899,163300,0.000,0.0,-,29.675160,32.337712,33.449875,34.941571,189118.00
03/06/2017,35.498600,35.498600,34.648902,34.884930,336200,0.000,0.0,-,29.642892,32.293339,33.301177,34.719704,188854.00
03/03/2017,36.253892,36.395507,35.215367,35.498600,273400,0.000,0.0,-,29.611652,32.244245,33.180803,34.408147,187326.00
03/02/2017,36.206683,36.442710,35.923450,36.253891,173200,0.000,0.0,-,29.577531,32.180989,32.996701,34.072988,186470.00
03/01/2017,36.820355,37.103588,36.112271,36.301094,308900,0.000,0.0,-,29.541936,32.103572,32.777194,33.657578,218358.00
02/28/2017,36.395495,36.489909,35.593002,36.017853,261500,0.000,0.0,-,29.505588,32.023322,32.560049,33.261050,216518.00
02/27/2017,36.584327,37.452908,36.376622,36.489918,333500,0.000,0.0,-,29.472253,31.947794,32.347625,32.878685,215720.00
02/24/2017,32.477443,36.678737,32.477443,36.489918,686800,0.000,0.0,-,29.435806,31.873209,32.125759,32.444394,214452.00
02/23/2017,32.005377,32.005377,30.825238,31.014057,189400,0.000,0.0,-,29.400722,31.796736,31.908613,31.958177,208280.00
02/22/2017,32.335816,32.345255,31.750468,31.816555,82600,0.000,0.0,-,29.391517,31.825059,31.965261,31.962899,208790.00
02/21/2017,31.910965,32.524639,31.863760,32.430225,84600,0.000,0.0,-,29.378487,31.843942,31.965261,31.958179,210896.00
02/17/2017,32.194211,32.194211,31.533335,31.769363,132900,0.000,0.0,-,29.359764,31.836389,31.894452,31.882651,212622.00
02/16/2017,32.099802,32.194212,31.722156,32.147007,116800,0.000,0.0,-,29.344720,31.834501,31.875570,31.953458,213616.00
02/15/2017,32.146997,32.524643,31.816560,32.099792,115200,0.000,0.0,-,29.327975,31.816562,31.826003,31.920413,215528.00
02/14/2017,32.005370,32.335808,31.438901,32.335808,138100,0.000,0.0,-,29.313669,31.779742,31.781159,31.896811,216150.00
02/13/2017,32.477443,32.571852,31.910973,32.194206,85400,0.000,0.0,-,29.290216,31.741034,31.717432,31.859049,217696.00
02/10/2017,31.769364,32.241420,31.344513,32.147007,142200,0.000,0.0,-,29.272907,31.705158,31.703271,31.816565,220488.00
02/09/2017,31.108486,31.816570,30.683635,31.627747,122500,0.000,0.0,-,29.266099,31.689108,31.637183,31.807123,221150.00
02/08/2017,31.580536,31.580536,30.844127,31.061275,115500,0.000,0.0,-,29.263434,31.679666,31.611219,31.859049,222346.00
02/07/2017,31.816568,31.910978,31.438922,31.769363,114000,0.000,0.0,-,29.260087,31.702325,31.592337,31.967623,222048.00
02/06/2017,32.335815,32.477433,31.580527,31.674936,85200,0.000,0.0,-,29.257136,31.702325,31.528609,31.972342,222668.00
02/03/2017,32.146999,32.524645,31.958176,32.477440,148300,0.000,0.0,-,29.254282,31.695717,31.493205,31.906254,225800.00
02/02/2017,31.816555,31.958170,31.297294,31.816555,257200,0.000,0.0,-,29.247369,31.674002,31.448360,31.797681,228534.00
02/01/2017,32.194207,32.288621,31.722151,31.863770,153300,0.000,0.0,-,29.245729,31.648511,31.462522,31.731593,226492.00
01/31/2017,31.580548,31.958191,31.250107,31.958191,175700,0.000,0.0,-,29.242493,31.621132,31.436559,31.665507,227316.00
01/30/2017,31.816568,31.958183,31.353952,31.769363,122300,0.000,0.0,-,29.236489,31.592808,31.410596,31.575815,227686.00
01/27/2017,32.288621,32.288621,31.863770,32.052593,151900,0.000,0.0,-,29.232554,31.561652,31.410596,31.589977,229588.00
01/26/2017,32.005392,32.430240,32.005392,32.147007,181800,0.000,0.0,-,29.227811,31.530497,31.394073,31.467242,232798.00
01/25/2017,32.005392,32.335830,31.910979,32.147007,173200,0.000,0.0,-,29.221191,31.489900,31.420036,31.363389,239910.00
01/24/2017,31.061267,32.005378,31.061267,31.816555,169100,0.000,0.0,-,29.213962,31.437973,31.403514,31.217051,243632.00
01/23/2017,31.344498,31.533321,30.778029,31.014057,160200,0.000,0.0,-,29.207587,31.372830,31.408235,31.084877,246136.00
01/20/2017,31.202889,31.438917,30.966861,31.391712,182000,0.000,0.0,-,29.202320,31.294469,31.479043,31.080157,246590.00
01/19/2017,31.155678,31.250087,30.900767,31.155678,237600,0.000,0.0,-,29.196898,31.209121,31.530969,31.099039,247710.00
01/18/2017,31.202906,31.250111,30.778054,31.202906,207100,0.000,0.0,-,29.193969,31.127552,31.589975,31.193450,250192.00
01/17/2017,31.863769,31.863769,30.966862,31.061275,158900,0.000,0.0,-,29.184804,31.041271,31.648981,31.207611,250932.00
01/13/2017,31.155686,32.099798,31.155686,31.910975,175900,0.000,0.0,-,29.181222,30.954056,31.710349,31.245376,254544.00
01/12/2017,31.155688,31.155688,30.447604,30.825251,133000,0.000,0.0,-,29.170579,30.843254,31.726871,31.231215,258710.00
01/11/2017,30.636421,31.108477,30.542008,31.108477,287600,0.000,0.0,-,29.167708,30.770177,31.823643,31.320904,261578.00
01/10/2017,30.447600,30.966861,30.447600,30.683628,285100,0.000,0.0,-,29.161687,30.689553,31.901532,31.476683,263968.00
01/09/2017,30.872456,31.014071,30.353195,30.494810,244100,0.000,0.0,-,29.151462,30.590112,31.988862,31.589976,266208.00
01/06/2017,31.722148,31.750474,30.966860,30.966860,207900,0.000,0.0,-,29.141104,30.493506,32.102156,31.731592,265800.00
01/05/2017,32.099791,32.194200,31.486117,31.580530,112800,0.000,0.0,-,29.128572,30.387459,32.156442,31.877929,266292.00
01/04/2017,31.202886,32.146997,31.202886,32.099792,281600,0.000,0.0,-,29.113207,30.269139,32.161163,31.962898,270468.00
01/03/2017,31.580543,31.769366,30.919664,31.344515,266300,0.000,0.0,-,29.094496,30.139680,32.118678,31.986500,272832.00
12/30/2016,31.863776,32.062038,31.297310,31.438925,132200,0.000,0.0,-,29.079701,30.030036,32.064391,32.090351,273386.00
12/29/2016,31.816568,32.099801,31.486127,31.769363,144200,0.000,0.0,-,29.063403,29.925849,32.012464,32.175321,274598.00
12/28/2016,32.666255,32.713463,31.627733,31.722143,125400,0.000,0.0,-,29.039969,29.818444,31.944016,32.222526,275176.00
12/27/2016,32.052593,33.279938,32.005388,32.666264,200100,0.000,0.0,-,29.016490,29.709535,31.925135,32.326381,278448.00
12/23/2016,31.958170,32.099788,31.656054,31.816555,157000,0.000,0.0,-,28.991103,29.577977,31.849605,32.326381,279580.00
12/22/2016,32.477444,32.666263,31.863770,31.910975,162900,0.000,0.0,-,28.971089,29.461529,31.868488,32.387748,284308.00
12/21/2016,32.477434,32.807871,32.383021,32.430225,150100,0.000,0.0,-,28.949337,29.354494,31.861407,32.472719,284144.00
12/20/2016,32.619048,32.996694,32.288611,32.430225,259800,0.000,0.0,-,28.929067,29.235002,31.807122,32.434956,288362.00
12/19/2016,32.571836,32.713454,31.910957,32.335808,230600,0.000,0.0,-,28.908821,29.134535,31.755196,32.359427,288766.00
12/16/2016,32.477443,32.949499,32.005387,32.383030,1767600,0.000,0.0,-,28.889374,29.025220,31.665506,32.250855,306012.00
12/15/2016,32.383030,32.732350,31.863769,32.288620,216900,0.000,0.0,-,28.870252,28.940577,31.571095,32.038430,274836.00
12/14/2016,32.571855,32.807883,32.194208,32.241417,221600,0.000,0.0,-,28.848936,28.856881,31.483764,31.849608,275604.00
12/13/2016,32.902303,32.996717,32.241428,32.760689,270100,0.000,0.0,-,28.825050,28.762639,31.382272,31.665506,277664.00
12/12/2016,32.335826,32.949500,32.288621,32.666264,378200,0.000,0.0,-,28.797118,28.653868,31.268978,31.523888,282478.00
12/09/2016,32.902281,32.902281,32.288611,32.430225,214900,0.000,0.0,-,28.764980,28.552635,31.141523,31.372830,284242.00
12/08/2016,32.099810,32.855099,31.958191,32.760689,187900,0.000,0.0,-,28.736876,28.449531,30.997546,31.349228,287754.00
12/07/2016,31.722152,32.099798,31.297305,32.052593,170900,0.000,0.0,-,28.706231,28.343397,30.787480,31.250095,289504.00
12/06/2016,31.250085,31.674936,30.825238,31.674936,182600,0.000,0.0,-,28.678986,28.250294,30.539651,31.179288,293938.00
12/05/2016,30.447596,31.391708,30.400391,31.250090,212400,0.000,0.0,-,28.647128,28.167947,30.312121,31.150965,295126.00
12/02/2016,30.447603,30.589221,30.022752,30.258780,146300,0.000,0.0,-,28.617769,28.094850,30.103478,31.080157,298816.00
12/01/2016,30.542011,30.683629,30.211573,30.400396,215400,0.000,0.0,-,28.591682,28.052127,29.934982,31.103760,306704.00
11/30/2016,31.580536,31.580536,30.353191,30.400396,225000,0.000,0.0,-,28.559602,28.008079,29.749988,31.117921,311134.00
11/29/2016,31.297310,31.910981,31.250101,31.344515,175300,0.000,0.0,-,28.530142,27.970059,29.548512,31.099038,316106.00
11/28/2016,32.194199,32.194199,31.108473,31.155678,182300,0.000,0.0,-,28.493014,27.915605,29.339857,31.014067,328320.00
11/25/2016,32.005387,32.288620,31.722150,32.194206,100600,0.000,0.0,-,28.456736,27.860030,29.135935,30.910215,356784.00
11/23/2016,31.391717,31.910978,31.250099,31.769363,145000,0.000,0.0,-,28.414003,27.717569,28.811804,30.645864,364656.00
11/22/2016,31.438925,31.486129,30.683636,31.344515,241800,0.000,0.0,-,28.373348,27.576824,28.506562,30.324866,369344.00
11/21/2016,30.400396,31.580535,30.400396,31.391712,285000,0.000,0.0,-,28.332151,27.445142,28.222562,29.900014,370374.00
11/18/2016,30.494801,30.636419,30.353186,30.542006,155100,0.000,0.0,-,28.290578,27.324005,27.936202,29.473276,374256.00
11/17/2016,30.542015,30.919661,30.287108,30.494810,194500,0.000,0.0,-,28.255966,27.240017,27.690444,29.126799,379846.00
11/16/2016,30.258773,30.825242,30.164363,30.542006,194200,0.000,0.0,-,28.224209,27.171477,27.458818,28.766205,380120.00
11/15/2016,30.636418,30.778032,29.975539,30.211567,217400,0.000,0.0,-,28.194461,27.103877,27.243198,28.382055,379650.00
11/14/2016,30.400400,30.683633,30.022754,30.494810,312400,0.000,0.0,-,28.173428,27.037423,27.052576,27.997986,379824.00
11/11/2016,29.692308,30.636419,29.579014,30.117157,537400,0.000,0.0,-,28.153738,26.971709,26.841670,27.665647,375742.00
11/10/2016,28.937025,29.881137,28.795409,29.550697,359300,0.000,0.0,-,28.135702,26.906767,26.640229,27.361654,368040.00
11/09/2016,26.954385,28.748199,26.954385,28.559376,294300,0.000,0.0,-,28.118722,26.850517,26.462402,26.977744,365146.00
11/08/2016,26.954386,27.360355,26.812770,27.096004,182900,0.070,0.0,-,28.105482,26.820685,26.362395,26.688258,363690.00
11/07/2016,27.453963,27.642327,27.030146,27.124327,238000,0.000,0.0,-,28.102225,26.816543,26.330377,26.545109,362996.00
11/04/2016,26.794690,27.218506,26.465054,27.077234,361700,0.000,0.0,-,28.095131,26.814659,26.344504,26.399128,362866.00
11/03/2016,26.794690,27.218506,26.559236,26.888870,244100,0.000,0.0,-,28.089583,26.821629,26.334144,26.254089,358470.00
11/02/2016,26.417964,26.794692,26.370874,26.700510,339500,0.000,0.0,-,28.081608,26.830482,26.397246,26.151431,357808.00
11/01/2016,27.124331,27.124331,25.994152,26.370878,384200,0.000,0.0,-,28.077382,26.842726,26.467411,26.104341,355244.00
10/31/2016,27.359776,27.359776,26.794687,27.171413,276400,0.000,0.0,-,28.073869,26.862127,26.525333,26.107166,352298.00
10/28/2016,26.606326,27.548143,25.570327,27.077234,407100,0.000,0.0,-,28.069392,26.858172,26.532868,26.017694,350258.00
10/27/2016,25.664507,26.370870,25.570325,25.711597,397100,0.000,0.0,-,28.067305,26.856100,26.559239,25.918804,344644.00
10/26/2016,25.429060,26.041241,25.381970,25.664515,223700,0.000,0.0,-,28.071204,26.881717,26.637410,25.947059,343100.00
10/25/2016,25.758697,25.805787,25.334878,25.664515,232500,0.000,0.0,-,28.079828,26.898858,26.726883,26.036532,344360.00
10/24/2016,25.899969,26.088333,25.570332,25.664515,321600,0.000,0.0,-,28.085365,26.935777,26.813529,26.115644,346020.00
10/21/2016,25.532660,25.815205,25.466733,25.626841,399800,0.000,0.0,-,28.089032,26.972508,26.908182,26.289880,347508.00
10/20/2016,26.220189,26.220189,25.834044,25.862297,294000,0.000,0.0,-,28.086947,26.984940,27.006602,26.414200,345690.00
10/19/2016,26.521564,26.521564,26.022400,26.229601,192800,0.000,0.0,-,28.086771,26.997937,27.119620,26.643061,346638.00
10/18/2016,26.502732,26.634588,26.342623,26.399134,173100,0.000,0.0,-,28.085835,27.014890,27.218040,26.830482,348654.00
10/17/2016,26.107166,26.578074,26.041239,26.276693,289000,0.000,0.0,-,28.080917,27.020748,27.323052,26.943500,350206.00
10/14/2016,26.116586,26.333204,25.994151,26.088333,256700,0.000,0.0,-,28.082458,27.039389,27.440308,27.048042,350674.00
10/13/2016,26.399134,26.427387,25.947060,25.994152,393400,0.000,0.0,-,28.086719,27.062926,27.554739,27.199674,351638.00
10/12/2016,26.436807,26.700516,26.276698,26.559244,154700,0.000,0.0,-,28.094443,27.079514,27.508590,27.327761,353374.00
10/11/2016,27.425705,27.604649,26.333196,26.455633,361000,0.000,0.0,-,28.095460,27.095887,27.417233,27.417233,357158.00
10/10/2016,26.945384,27.680000,26.945384,27.406874,280000,0.000,0.0,-,28.097603,27.135941,27.332470,27.511415,356172.00
10/07/2016,28.094402,28.198003,26.417967,26.870041,1092900,0.000,0.0,-,28.093446,27.158662,27.228870,27.526484,370786.00
10/06/2016,28.019052,28.254506,27.811853,28.150906,208800,0.000,0.0,-,28.091833,27.221056,27.202499,27.599004,352316.00
10/05/2016,27.604650,28.301594,27.529304,28.103813,255300,0.000,0.0,-,28.083068,27.257270,27.148345,27.596179,351526.00
10/04/2016,27.265605,27.585822,27.218513,27.529312,324600,0.000,0.0,-,28.078326,27.288037,27.101254,27.605597,350562.00
10/03/2016,27.369199,27.566982,27.143164,27.322109,510800,0.000,0.0,-,28.078796,27.327287,27.069232,27.702604,350190.00
09/30/2016,27.604654,27.962546,27.322110,27.604654,466400,0.000,0.0,-,28.087645,27.366547,27.063582,27.832575,345340.00
09/29/2016,27.519893,27.519893,27.143167,27.275021,390500,0.000,0.0,-,28.094286,27.401848,27.026851,27.909803,338908.00
09/28/2016,27.491640,27.491640,27.180840,27.453966,275400,0.000,0.0,-,28.101639,27.448063,27.000009,27.689418,334358.00
09/27/2016,27.435123,27.491633,27.105489,27.397451,392600,0.000,0.0,-,28.110904,27.482995,26.980702,27.417233,333290.00
09/26/2016,27.463384,27.793020,27.350367,27.557566,242000,0.000,0.0,-,28.125269,27.532024,26.955273,27.153525,330312.00
09/23/2016,28.122658,28.160330,27.227932,27.595240,396900,0.000,0.0,-,28.140003,27.580856,26.928902,26.931256,330792.00
09/22/2016,28.198003,28.461711,27.924875,28.122658,540700,0.000,0.0,-,28.159694,27.632129,26.920425,26.805994,332674.00
09/21/2016,28.706578,28.706578,28.000216,28.197998,436900,0.000,0.0,-,28.176279,27.662143,26.880869,26.700511,328640.00
09/20/2016,28.697163,28.697163,28.103819,28.499382,473600,0.000,0.0,-,28.190243,27.688395,26.836604,26.596911,332758.00
09/19/2016,28.659484,28.781920,28.066139,28.621811,786000,0.000,0.0,-,28.198304,27.747516,26.778682,26.435860,327274.00
09/16/2016,25.099418,28.386358,25.099418,28.376940,1605500,0.000,0.0,-,28.206453,27.803250,26.696274,26.294588,315042.00
09/15/2016,24.534335,25.099426,24.534335,25.071173,494200,0.000,0.0,-,28.214518,27.849787,26.626109,26.143899,286140.00
09/14/2016,24.750952,24.976987,24.628514,24.732115,379400,0.000,0.0,-,28.237615,27.954924,26.722174,26.310600,279024.00
09/13/2016,25.184187,25.184187,24.675607,24.760370,293300,0.000,0.0,-,28.265587,28.064399,26.811646,26.544170,274670.00
09/12/2016,26.248439,26.286110,25.259530,25.334875,479100,0.000,0.0,-,28.291782,28.179322,26.949152,26.757020,271078.00
09/09/2016,26.804113,27.001895,26.163679,26.342623,434600,0.000,0.0,-,28.316927,28.284634,27.057461,26.926547,265144.00
09/08/2016,27.143165,27.275019,26.954803,27.067820,208200,0.000,0.0,-,28.332872,28.350249,27.052752,27.034856,262102.00
09/07/2016,26.917134,27.171425,26.917134,27.162006,170700,0.000,0.0,-,28.343366,28.389897,27.024968,27.061227,263730.00
09/06/2016,27.246762,27.293852,26.785272,26.888870,226100,0.000,0.0,-,28.350910,28.429165,27.020729,27.076296,265732.00
09/02/2016,26.973639,27.218511,26.945385,27.209093,108300,0.000,0.0,-,28.359119,28.478406,27.010887,27.121505,273288.00
09/01/2016,26.719350,26.898294,26.295532,26.870041,152300,0.000,0.0,-,28.363014,28.538905,27.010871,27.097959,273486.00
08/31/2016,26.964220,26.973638,26.483895,26.738184,214600,0.000,0.0,-,28.372533,28.599421,27.030626,27.108319,273460.00
08/30/2016,27.020729,27.180838,26.879457,27.067820,221500,0.000,0.0,-,28.378688,28.662010,27.034895,27.133748,272420.00
08/29/2016,27.143161,27.143161,26.804107,26.888870,148200,0.000,0.0,-,28.382962,28.725335,27.050398,27.079123,272562.00
08/26/2016,27.350364,27.566981,26.964217,27.030146,231500,0.000,0.0,-,28.393275,28.786977,27.128872,27.141283,277846.00
08/25/2016,27.284440,27.529313,27.284440,27.425714,141900,0.000,0.0,-,28.404987,28.852183,27.204511,27.188374,279280.00
08/24/2016,27.227929,27.369201,27.030148,27.331530,211000,0.000,0.0,-,28.410605,28.904967,27.332714,27.070647,280144.00
08/23/2016,27.350370,27.453969,27.246770,27.312696,211300,0.000,0.0,-,28.420389,28.957005,27.464217,26.988708,278432.00
08/22/2016,26.917133,27.340952,26.728769,27.340952,236900,0.000,0.0,-,28.432629,29.008855,27.580689,26.965162,277194.00
08/19/2016,26.954805,27.039567,26.766441,26.973640,174400,0.000,0.0,-,28.445194,29.074045,27.688233,26.900270,275770.00
08/18/2016,27.048986,27.105496,26.757023,26.973640,126400,0.000,0.0,-,28.457309,29.151656,27.803807,26.923783,275134.00
08/17/2016,26.775852,27.114907,26.530980,26.992470,319900,0.000,0.0,-,28.468444,29.228514,27.923610,26.952933,276018.00
08/16/2016,27.388038,27.406875,26.521566,26.521566,286700,0.000,0.0,-,28.482518,29.285454,28.053275,26.936042,283532.00
08/15/2016,27.566984,27.877783,27.501057,27.510473,315500,0.000,0.0,-,28.489005,29.360455,28.187226,27.021674,280294.00
08/12/2016,27.303278,28.169750,26.841788,27.501060,396000,0.000,0.0,-,28.493535,29.415303,28.304145,27.116462,276378.00
08/11/2016,26.549823,26.822949,26.229605,26.248442,308900,0.000,0.0,-,28.495544,29.469211,28.429050,27.220647,271618.00
08/10/2016,26.766433,26.973632,26.352033,26.512142,341400,0.070,0.0,-,28.506991,29.546293,28.624573,27.594780,270128.00
08/09/2016,26.692027,27.161792,26.654447,27.077234,293600,0.000,0.0,-,28.514925,29.617348,28.780134,27.939725,267748.00
08/08/2016,27.199373,27.349697,26.692026,26.692026,250700,0.000,0.0,-,28.521854,29.668459,28.901803,28.196217,265278.00
08/05/2016,27.293329,27.537606,27.180586,27.208771,312400,0.000,0.0,-,28.526789,29.723703,29.139974,28.476197,265696.00
08/04/2016,26.983283,27.547001,26.983283,27.265142,304900,0.000,0.0,-,28.531240,29.777069,29.349959,28.683832,264226.00
08/03/2016,27.387281,27.565792,26.692029,26.823563,480200,0.000,0.0,-,28.533869,29.829870,29.521893,28.894287,260820.00
08/02/2016,28.336208,28.345604,27.368492,27.377888,343900,0.000,0.0,-,28.536652,29.875907,29.697115,29.170508,256310.00
08/01/2016,28.477140,28.646256,28.157700,28.458351,311700,0.000,0.0,-,28.537457,29.912549,29.838514,29.352777,254010.00
07/29/2016,29.839462,30.036762,27.819473,28.542910,1010700,0.000,0.0,-,28.532953,29.907287,29.940922,29.491827,250752.00
07/28/2016,29.783081,30.224657,29.783081,29.989777,169400,0.000,0.0,-,28.531387,29.909166,30.043800,29.637454,234326.00
07/27/2016,29.660944,30.111918,29.632760,29.961594,169300,0.000,0.0,-,28.521607,29.882859,30.025480,29.654365,235952.00
07/26/2016,29.491821,29.660936,29.322705,29.642145,207100,0.000,0.0,-,28.509447,29.866324,29.979912,29.620542,235688.00
07/25/2016,29.322711,29.670338,29.209969,29.491827,306000,0.000,0.0,-,28.496970,29.854110,29.954076,29.607389,234366.00
07/22/2016,29.247546,29.397872,28.928107,29.285128,268300,0.000,0.0,-,28.483005,29.851291,29.947029,29.803751,231084.00
07/21/2016,29.604570,29.726708,29.172386,29.369688,144800,0.000,0.0,-,28.465872,29.849600,29.994476,30.016085,227400.00
07/20/2016,29.416662,29.867637,29.116013,29.585777,163000,0.000,0.0,-,28.450790,29.851667,30.020783,30.149499,227482.00
07/19/2016,29.830060,29.924013,29.191179,29.200575,222000,0.000,0.0,-,28.431920,29.843413,30.034876,30.223722,228690.00
07/18/2016,29.942807,30.168294,29.679738,29.848854,243700,0.000,0.0,-,28.414137,29.843612,30.086550,30.324251,227848.00
07/15/2016,30.393775,30.393775,29.820663,29.999174,266000,0.000,0.0,-,28.392132,29.820347,30.092657,30.390018,226556.00
07/14/2016,29.623362,30.299823,29.332107,30.158892,491000,0.000,0.0,-,28.364334,29.795575,30.107219,30.450147,224400.00
07/13/2016,29.435455,29.745500,29.181782,29.623362,339000,0.000,0.0,-,28.333497,29.768359,30.102522,30.396594,219258.00
07/12/2016,30.600470,30.788377,29.360292,29.510616,642800,0.000,0.0,-,28.310472,29.760666,30.118024,30.339283,219488.00
07/11/2016,31.549399,31.803069,31.380284,31.455444,199400,0.000,0.0,-,28.289925,29.723354,30.137754,30.300762,214780.00
07/08/2016,31.004468,31.568185,30.882329,31.408466,174400,0.000,0.0,-,28.262547,29.668894,30.095005,30.090307,224710.00
07/07/2016,30.478340,30.732014,30.337413,30.703829,160400,0.000,0.0,-,28.236198,29.656434,30.067289,29.972867,225108.00
07/06/2016,30.093121,30.384376,29.952192,30.328003,138400,0.000,0.0,-,28.216639,29.664253,30.072926,29.892066,227302.00
07/05/2016,30.111911,30.299817,29.820657,30.205866,161700,0.000,0.0,-,28.197746,29.665528,30.048499,29.846031,229610.00
07/01/2016,30.544102,30.882333,30.374990,30.506523,113700,0.000,0.0,-,28.181610,29.684994,30.051787,29.848850,230856.00
06/30/2016,29.623360,30.619261,29.604569,30.600470,182400,0.000,0.0,-,28.164158,29.696947,30.039104,29.795296,231708.00
06/29/2016,29.369688,29.660942,29.275735,29.623362,282500,0.000,0.0,-,28.146283,29.706834,30.018904,29.764291,232408.00
06/28/2016,29.191178,29.350898,28.721413,29.050249,289600,0.000,0.0,-,28.132314,29.744137,30.042861,29.808449,230922.00
06/27/2016,28.909321,29.266341,28.693229,29.125412,270800,0.000,0.0,-,28.119669,29.787466,30.093596,29.896764,229114.00
06/24/2016,28.871735,29.632755,28.655643,29.350895,603900,0.000,0.0,-,28.106789,29.820104,30.118964,29.974745,228214.00
06/23/2016,30.205874,30.412568,30.111919,30.234058,118200,0.000,0.0,-,28.093015,29.852732,30.124131,30.099703,218810.00
06/22/2016,30.008571,30.008571,29.651548,29.895826,151000,0.000,0.0,-,28.074825,29.870135,30.106280,30.161712,220454.00
06/21/2016,30.234063,30.234063,29.613974,29.867647,162600,0.000,0.0,-,28.056132,29.888678,30.106749,30.253785,220348.00
06/20/2016,30.309219,30.365592,30.093128,30.234058,228600,0.000,0.0,-,28.037767,29.905346,30.069638,30.250966,222464.00
06/17/2016,30.215257,30.215257,29.707913,29.970980,412400,0.000,0.0,-,28.017570,29.911499,30.018433,30.254725,222298.00
06/16/2016,29.792471,30.299818,29.689124,30.290424,303200,0.000,0.0,-,27.996074,29.911290,29.929648,30.282911,219272.00
06/15/2016,29.980382,30.158891,29.660942,30.064939,185100,0.000,0.0,-,27.974008,29.911628,29.846969,30.273516,217396.00
06/14/2016,29.736101,29.999170,29.529405,29.933403,125400,0.000,0.0,-,27.952789,29.921726,29.777444,30.277274,223630.00
06/13/2016,30.544099,30.581681,29.801871,29.905220,149400,0.000,0.0,-,27.932695,29.910457,29.737514,30.290428,226308.00
06/10/2016,30.609867,30.901119,30.384378,30.600470,165700,0.000,0.0,-,27.910968,29.919249,29.693826,30.263182,227052.00
06/09/2016,30.675638,30.985681,30.525313,30.854147,142600,0.000,0.0,-,27.884038,29.902888,29.631348,30.148560,230628.00
06/08/2016,29.839455,30.938704,29.839455,30.816565,170600,0.000,0.0,-,27.858593,29.890827,29.548669,30.050848,233460.00
06/07/2016,30.111919,30.271641,29.510621,29.839457,695600,0.000,0.0,-,27.838704,29.872581,29.481493,29.959713,237296.00
06/06/2016,30.299829,30.478339,30.102529,30.271645,124800,0.000,0.0,-,27.826081,29.848566,29.448173,29.888309,226452.00
06/03/2016,30.158889,30.393771,30.017962,30.252844,119700,0.000,0.0,-,27.812184,29.811595,29.395118,29.782141,226906.00
06/02/2016,30.083733,30.374989,29.970989,30.196476,158000,0.000,0.0,-,27.797121,29.775751,29.316756,29.576384,228400.00
06/01/2016,29.745492,30.337397,29.707912,30.102514,234400,0.000,0.0,-,27.782853,29.741971,29.244961,29.420421,227604.00
05/31/2016,29.689128,30.111915,29.585779,30.064939,222400,0.000,0.0,-,27.769241,29.707070,29.179740,29.277614,226144.00
05/27/2016,29.623369,29.773694,29.247556,29.632765,170100,0.000,0.0,-,27.755911,29.673483,29.138426,29.184601,227476.00
05/26/2016,29.858244,29.961591,28.984482,29.454247,271600,0.000,0.0,-,27.740447,29.644415,29.039040,29.124471,231010.00
05/25/2016,30.064934,30.290423,29.482425,29.877028,238900,0.000,0.0,-,27.723239,29.596982,29.002950,29.114135,230392.00
05/24/2016,29.219364,30.064940,29.219364,29.905220,134600,0.000,0.0,-,27.714115,29.539968,29.048372,29.046490,229366.00
05/23/2016,29.566990,29.924012,28.740205,29.125412,254700,0.000,0.0,-,27.697073,29.493639,29.107851,29.003272,229310.00
05/20/2016,28.336204,29.219362,28.242251,29.209967,228900,0.000,0.0,-,27.687563,29.467406,29.171166,29.008037,227406.00
05/19/2016,28.448948,28.636852,27.857043,28.195274,148800,0.000,0.0,-,27.678654,29.434420,29.269627,29.008096,226428.00
05/18/2016,28.561686,28.928104,28.298619,28.636848,189400,0.000,0.0,-,27.671746,29.438039,29.415072,29.057128,228814.00
05/17/2016,29.106621,29.106621,28.486532,28.674438,250700,0.000,0.0,-,27.657181,29.432921,29.537970,29.069501,229774.00
05/16/2016,29.162998,29.388485,28.928116,29.134811,156100,0.000,0.0,-,27.642521,29.428360,29.678675,29.081866,228684.00
05/13/2016,29.294529,29.388482,28.843555,29.031460,141000,0.000,0.0,-,27.610844,29.416837,29.782768,29.092252,233400.00
05/12/2016,29.228757,29.717311,29.219361,29.350895,141900,0.000,0.0,-,27.579265,29.396717,29.869062,28.953609,234994.00
05/11/2016,29.407271,29.632759,29.153599,29.200575,84100,0.070,0.0,-,27.545204,29.358983,29.950632,28.891766,236474.00
05/10/2016,29.463665,29.829265,29.379296,29.473040,148900,0.000,0.0,-,27.513477,29.318456,30.045813,29.050253,239200.00
05/09/2016,29.163687,29.379297,28.816834,29.173061,223400,0.000,0.0,-,27.481926,29.253771,30.113308,29.212430,241756.00
05/06/2016,28.601218,29.229301,28.516849,29.210552,179900,0.000,0.0,-,27.454807,29.206498,30.189709,29.334296,242670.00
05/05/2016,28.826210,29.210559,28.498106,28.685595,179100,0.000,0.0,-,27.427269,29.154920,30.256267,29.531158,245116.00
05/04/2016,28.741833,28.919946,28.357484,28.760582,158200,0.000,0.0,-,27.396627,29.113280,30.320013,29.773017,253436.00
05/03/2016,28.994947,29.238681,28.704342,28.798084,233900,0.000,0.0,-,27.362863,29.044136,30.397352,30.006439,258812.00
05/02/2016,27.823145,29.238676,27.729401,29.238676,350500,0.000,0.0,-,27.327654,28.975738,30.485939,30.275484,259914.00
04/29/2016,28.732456,28.732456,27.316926,27.645029,407400,0.000,0.0,-,27.289079,28.891793,30.492501,30.473285,258924.00
04/28/2016,30.363603,30.372980,28.563723,28.732462,695900,0.000,0.0,-,27.257865,28.818581,30.627493,30.784515,254096.00
04/27/2016,31.094803,31.357287,30.569840,30.785450,194300,0.000,0.0,-,27.224754,28.734097,30.679989,31.009499,246186.00
04/26/2016,30.513594,31.254171,30.382354,31.094805,270100,0.000,0.0,-,27.180028,28.596766,30.653272,31.041372,246384.00
04/25/2016,31.047929,31.047929,30.176112,30.391722,253800,0.000,0.0,-,27.133848,28.452874,30.593745,31.014187,247190.00
04/22/2016,31.047936,31.376041,30.907322,31.179176,224000,0.000,0.0,-,27.089739,28.317993,30.506095,31.045122,249000.00
04/21/2016,31.010443,31.647897,30.935446,31.104185,156300,0.000,0.0,-,27.041368,28.167175,30.368291,30.981377,248616.00
04/20/2016,31.385412,31.385412,30.935442,31.094805,217400,0.000,0.0,-,26.993464,28.007194,30.236112,30.867008,249856.00
04/19/2016,31.394793,31.601026,31.216677,31.488535,208200,0.000,0.0,-,26.945933,27.846839,30.106745,30.788264,251214.00
04/18/2016,30.719836,31.516657,30.551097,31.216677,199200,0.000,0.0,-,26.895969,27.689460,29.950193,30.696394,254860.00
04/15/2016,30.832327,31.057314,30.485476,30.757334,225800,0.000,0.0,-,26.848248,27.547995,29.808639,30.511718,257808.00
04/14/2016,30.888559,31.141668,30.616702,30.982302,133700,0.000,0.0,-,26.801333,27.424697,29.679741,30.470470,260396.00
04/13/2016,31.104185,31.160433,30.597968,31.104185,200400,0.000,0.0,-,26.753015,27.325149,29.484755,30.350479,262408.00
04/12/2016,30.691712,31.104183,30.522972,30.822952,145700,0.000,0.0,-,26.705810,27.234202,29.280862,30.265172,266140.00
04/11/2016,30.757320,31.244788,30.569832,30.701073,268400,0.000,0.0,-,26.658707,27.147944,29.119153,30.173302,270832.00
04/08/2016,30.147994,30.766702,30.091746,30.541719,220300,0.000,0.0,-,26.612493,27.057015,28.974788,29.967067,268962.00
04/07/2016,30.072996,30.269857,29.604275,29.960501,261100,0.000,0.0,-,26.568892,26.964408,28.825736,29.755206,268352.00
04/06/2016,30.607339,30.804200,29.932383,30.307360,209400,0.000,0.0,-,26.528057,26.894090,28.746522,29.605215,267210.00
04/05/2016,29.173058,30.597961,29.060564,30.569839,496800,0.000,0.0,-,26.484557,26.802055,28.650200,29.425227,266684.00
04/04/2016,30.344851,30.344851,29.041813,29.369917,259300,0.000,0.0,-,26.440676,26.710008,28.544029,29.203992,263312.00
04/01/2016,29.594905,30.354231,29.416791,30.344854,186600,0.000,0.0,-,26.400000,26.628490,28.503465,29.105560,268518.00
03/31/2016,30.194862,30.401099,29.623026,29.782391,344500,0.000,0.0,-,26.353891,26.538698,28.387496,28.889013,271776.00
03/30/2016,29.998003,30.372980,29.932383,30.251112,284200,0.000,0.0,-,26.312317,26.456414,28.271586,28.619031,271942.00
03/29/2016,28.573094,30.072996,28.432478,29.904255,362400,0.000,0.0,-,26.272358,26.376916,28.117742,28.296551,278972.00
03/28/2016,28.554350,28.807459,28.441859,28.638720,153400,0.000,0.0,-,26.233015,26.312025,27.934468,28.065005,277338.00
03/24/2016,28.329365,28.516853,28.123129,28.423109,147500,0.000,0.0,-,26.199953,26.269078,27.843002,27.982510,281484.00
03/23/2016,28.348105,28.704332,28.207489,28.460598,194400,0.000,0.0,-,26.164664,26.248403,27.753430,27.896266,287270.00
03/22/2016,28.179373,28.638717,28.160626,28.507477,118200,0.000,0.0,-,26.128535,26.214631,27.660581,27.887829,294756.00
03/21/2016,28.282492,28.498102,28.001261,28.357487,161400,0.000,0.0,-,26.093847,26.172438,27.500374,27.875174,310864.00
03/18/2016,28.310608,28.516844,28.066874,28.385603,289000,0.000,0.0,-,26.059491,26.109484,27.351410,27.884065,317404.00
03/17/2016,27.091949,28.282495,27.016954,28.179377,346800,0.000,0.0,-,26.026950,26.058316,27.184202,27.901370,324492.00
03/16/2016,26.988827,27.495042,26.641974,27.082569,240700,0.000,0.0,-,25.992460,26.015575,26.974453,27.885979,323730.00
03/15/2016,27.335674,27.401294,26.857580,27.026320,187600,0.000,0.0,-,25.963500,25.982236,26.845737,27.924142,326700.00
03/14/2016,27.691910,27.766905,27.391928,27.588791,131800,0.000,0.0,-,25.932913,25.973408,26.690368,27.938932,327760.00
03/11/2016,27.729403,27.870018,27.513792,27.813772,159500,0.000,0.0,-,25.899280,25.960439,26.505939,27.803931,328424.00
03/10/2016,28.479352,28.488726,27.410673,27.560663,180000,0.000,0.0,-,25.863637,25.954945,26.297633,27.703495,330252.00
03/09/2016,28.423103,28.751207,28.160622,28.376232,268100,0.065,0.0,-,25.829214,25.938984,26.101514,27.610595,330742.00
03/08/2016,28.343506,28.745741,28.175130,28.380924,237400,0.000,0.0,-,25.792715,25.909144,25.837958,27.433332,328190.00
03/07/2016,28.493172,28.642843,28.156419,28.446402,196200,0.000,0.0,-,25.756938,25.873036,25.572764,27.125575,328518.00
03/04/2016,28.062875,28.596069,27.959977,28.558653,391900,0.000,0.0,-,25.720833,25.835058,25.331423,26.818754,334594.00
03/03/2016,27.585808,28.034814,27.473558,28.025459,220700,0.000,0.0,-,25.682584,25.791841,25.110662,26.467033,338644.00
03/02/2016,27.061968,27.473557,26.781338,27.464203,215900,0.000,0.0,-,25.645976,25.774442,24.939011,26.062927,362372.00
03/01/2016,26.556836,27.183574,26.238790,27.174219,220400,0.000,0.0,-,25.612966,25.777623,24.866047,25.767332,367720.00
02/29/2016,26.874879,27.061965,26.201370,26.238787,276700,0.000,0.0,-,25.581872,25.815975,24.835178,25.441803,368670.00
02/26/2016,26.837468,27.398726,26.659736,26.809404,269100,0.000,0.0,-,25.554337,25.869856,24.848741,25.207946,369818.00
02/25/2016,26.612955,26.800040,26.229429,26.631662,302200,0.000,0.0,-,25.522738,25.908583,24.816001,24.891771,373528.00
02/24/2016,25.939452,27.174218,24.798229,26.603607,595100,0.000,0.0,-,25.491516,25.962089,24.779988,24.592434,372796.00
02/23/2016,25.256584,26.014281,25.153686,25.303354,427000,0.000,0.0,-,25.459831,26.035427,24.772037,24.242584,365392.00
02/22/2016,25.275295,25.499798,25.144334,25.378191,289000,0.000,0.0,-,25.434043,26.139447,24.792149,24.019953,365916.00
02/19/2016,23.956345,25.041443,23.806676,25.041443,301000,0.000,0.0,-,25.406255,26.262549,24.821615,23.844093,371816.00
02/18/2016,24.536307,24.676621,23.759901,23.984404,166000,0.000,0.0,-,25.380430,26.390516,24.834243,23.754291,378734.00
02/17/2016,24.012471,24.601791,23.937637,24.508249,300400,0.000,0.0,-,25.359518,26.530643,24.927786,23.815094,381384.00
02/16/2016,24.115371,24.367936,23.619593,23.918930,204200,0.000,0.0,-,25.335059,26.642707,24.985782,23.964761,383338.00
02/12/2016,23.946990,23.984406,23.628943,23.900217,310400,0.000,0.0,-,25.311549,26.769364,25.103646,24.228552,386124.00
02/11/2016,23.348309,23.778607,23.236059,23.647648,344300,0.000,0.0,-,25.287714,26.891157,25.241622,24.489537,387214.00
02/10/2016,23.301545,23.844094,23.179940,23.638300,204800,0.000,0.0,-,25.265375,27.012015,25.383807,24.740232,385830.00
02/09/2016,22.758993,23.385731,22.674804,23.105103,218300,0.000,0.0,-,25.243315,27.145781,25.571361,24.967541,383620.00
02/08/2016,23.292194,23.292194,22.656101,23.077045,285300,0.000,0.0,-,25.222713,27.283663,25.754705,25.301489,382552.00
02/05/2016,24.162136,24.283741,23.329604,23.619587,390500,0.000,0.0,-,25.202716,27.429403,25.920743,25.564345,384050.00
02/04/2016,24.592436,24.704687,23.909571,24.143429,346600,0.000,0.0,-,25.179402,27.547641,26.000254,25.799137,382276.00
02/03/2016,26.154593,26.154593,24.489530,24.592428,355200,0.000,0.0,-,25.153145,27.648106,26.084443,25.914195,383620.00
02/02/2016,26.416516,26.781333,25.630755,26.004927,234300,0.000,0.0,-,25.123759,27.729676,26.156939,26.040478,382314.00
02/01/2016,26.453943,26.650382,26.220086,26.556839,387000,0.000,0.0,-,25.087126,27.780189,26.127473,26.006803,383676.00
01/29/2016,26.276204,26.584896,26.004929,26.510061,380300,0.000,0.0,-,25.050798,27.808813,26.128876,25.978739,380162.00
01/28/2016,26.201371,26.360394,25.911388,26.154598,174900,0.000,0.0,-,25.016562,27.854088,26.150391,25.993707,381346.00
01/27/2016,26.407167,26.482001,25.836556,25.911390,189800,0.000,0.0,-,24.984288,27.890382,26.219613,26.027383,382128.00
01/26/2016,25.864623,26.444590,25.621411,26.444590,204000,0.000,0.0,-,24.952116,27.930606,26.262175,26.175180,383036.00
01/25/2016,25.817849,26.014289,25.658826,25.705597,183100,0.000,0.0,-,24.916303,27.980745,26.284158,26.207920,384196.00
01/22/2016,25.743009,26.004928,25.434318,25.967512,328200,0.000,0.0,-,24.882281,28.054082,26.327655,26.277142,388952.00
01/21/2016,25.855264,26.051705,25.209819,25.294008,519600,0.000,0.0,-,24.846717,28.105718,26.356653,26.201372,388952.00
01/20/2016,25.275294,26.163950,24.798225,25.855259,349500,0.000,0.0,-,24.813777,28.185604,26.411843,26.254691,386536.00
01/19/2016,26.510061,26.566186,25.322065,25.668175,352800,0.000,0.0,-,24.778775,28.263712,26.476856,26.273399,386286.00
01/15/2016,26.032991,26.575540,25.948803,26.276203,635700,0.000,0.0,-,24.748562,28.347429,26.574608,26.248144,388530.00
01/14/2016,26.612968,27.080682,26.238795,26.659739,280700,0.000,0.0,-,24.714891,28.409837,26.715390,26.279013,383778.00
01/13/2016,27.389367,27.510972,26.369749,26.491354,360700,0.000,0.0,-,24.679303,28.460654,26.829045,26.307076,391406.00
01/12/2016,27.164865,27.482910,26.931008,27.389368,436800,0.000,0.0,-,24.645206,28.526974,26.941764,26.411844,414448.00
01/11/2016,26.669090,27.595165,26.482004,26.771988,568700,0.000,0.0,-,24.602579,28.535566,27.037645,26.349170,410714.00
01/08/2016,26.070415,27.417432,26.070415,26.397814,923600,0.000,0.0,-,24.562946,28.568454,27.212570,26.360395,407706.00
01/07/2016,25.284644,25.714941,24.901119,25.209810,488400,0.000,0.0,-,24.522305,28.598557,27.417897,26.378167,395886.00
01/06/2016,25.612048,26.369747,25.612048,25.827198,643400,0.000,0.0,-,24.489183,28.665116,27.734072,26.511934,393772.00
01/05/2016,25.612047,26.145243,25.424962,26.042345,308700,0.000,0.0,-,24.452138,28.710553,28.014701,26.568996,388474.00
01/04/2016,26.173314,26.313628,25.275303,25.415617,389200,0.000,0.0,-,24.413599,28.758968,28.262122,26.680312,387734.00
12/31/2015,26.968428,27.071325,26.575547,26.584902,240600,0.000,0.0,-,24.378054,28.804234,28.496914,26.901073,383742.00
12/30/2015,27.454850,27.669998,26.931010,26.940363,165000,0.000,0.0,-,24.337360,28.834516,28.680258,27.151768,383326.00
12/29/2015,27.043258,27.604516,26.912298,27.539036,250900,0.000,0.0,-,24.293495,28.851528,28.832733,27.351014,388220.00
12/28/2015,26.641020,26.921650,26.519415,26.762627,204500,0.000,0.0,-,24.245616,28.848351,28.940308,27.471684,387838.00
12/24/2015,26.500711,27.146158,26.500711,26.884237,140500,0.000,0.0,-,24.201989,28.863876,29.118507,27.726121,391560.00
12/23/2015,26.809394,26.837457,26.407159,26.575537,253800,0.000,0.0,-,24.158869,28.877343,29.274256,28.064746,395188.00
12/22/2015,26.519418,26.697150,26.351040,26.547480,500000,0.000,0.0,-,24.114089,28.910427,29.463681,28.457627,400266.00
12/21/2015,27.155513,27.164867,26.089122,26.397814,594400,0.000,0.0,-,24.068845,28.940150,29.612881,28.956209,396690.00
12/18/2015,27.436138,27.744830,26.874880,27.155510,1407100,0.000,0.0,-,24.024535,28.962785,29.751325,29.460406,393596.00
12/17/2015,29.213455,29.222809,27.520328,27.623226,483300,0.000,0.0,-,23.976020,28.962611,29.827095,29.843931,374922.00
12/16/2015,29.045074,29.325704,28.680257,29.091846,267900,0.000,0.0,-,23.925814,28.944121,29.872462,30.092755,372822.00
12/15/2015,28.951532,29.082492,28.352856,28.932823,334100,0.000,0.0,-,23.866691,28.879456,29.817272,30.208749,371098.00
12/14/2015,29.241515,29.456663,28.334150,28.745737,454600,0.000,0.0,-,23.808827,28.827866,29.809321,30.314453,369082.00
12/11/2015,29.858899,30.111463,29.157327,29.306995,265600,0.000,0.0,-,23.751851,28.769188,29.770501,30.408932,365008.00
12/10/2015,30.513699,30.654015,30.055340,30.270489,224900,0.000,0.0,-,23.691884,28.695926,29.701279,30.510894,365642.00
12/09/2015,31.505256,31.739113,30.401449,30.504347,453200,0.000,0.0,-,23.618675,28.599472,29.635332,30.483766,371060.00
12/08/2015,31.084301,31.785872,30.307897,31.533306,584000,0.000,0.0,-,23.543786,28.478177,29.578738,30.469735,372380.00
12/07/2015,30.915936,31.804594,30.279844,31.439777,646900,0.000,0.0,-,23.464123,28.327341,29.429538,30.269554,368372.00
12/04/2015,30.130170,31.028181,30.036628,30.990767,298500,0.000,0.0,-,23.384512,28.198914,29.321964,30.042244,364154.00
12/03/2015,30.448221,31.028186,29.971153,30.111465,398100,0.000,0.0,-,23.306682,28.087121,29.260459,29.810258,365282.00
12/02/2015,29.877612,31.009482,29.877612,30.251783,343500,0.000,0.0,-,23.234545,28.004490,29.247587,29.652169,363504.00
12/01/2015,29.737294,30.017922,29.522144,29.989861,364900,0.000,0.0,-,23.163049,27.922226,29.204828,29.425796,367924.00
11/30/2015,30.382746,30.382746,29.671820,29.690529,275100,0.000,0.0,-,23.091752,27.858271,29.165364,29.304189,366354.00
11/27/2015,29.971152,30.457576,29.886963,30.326612,94300,0.000,0.0,-,23.021812,27.795447,29.171205,29.132070,370244.00
11/25/2015,30.364027,30.588532,29.943083,29.999210,164900,0.000,0.0,-,22.948507,27.728491,29.045822,28.891665,374950.00
11/24/2015,29.428605,30.429514,29.194748,30.364035,360200,0.000,0.0,-,22.875728,27.668829,28.966682,28.786898,377522.00
11/23/2015,29.082491,29.550205,29.035720,29.531496,301800,0.000,0.0,-,22.801726,27.602058,28.843629,28.687742,381324.00
11/20/2015,28.970238,29.372473,28.857988,29.166679,413800,0.000,0.0,-,22.733045,27.548016,28.793943,28.589522,386084.00
11/19/2015,28.530592,28.708324,28.025459,28.670906,289900,0.000,0.0,-,22.667067,27.495110,28.740559,28.601683,385566.00
11/18/2015,28.016097,28.698960,27.800947,28.530582,302400,0.000,0.0,-,22.606207,27.452679,28.730168,28.710660,386420.00
11/17/2015,29.045079,29.045079,27.959981,27.988045,211300,0.000,0.0,-,22.545539,27.413988,28.687586,28.843005,390648.00
11/16/2015,27.969328,28.895403,27.866432,28.773798,439500,0.000,0.0,-,22.489435,27.386148,28.693134,28.983861,396610.00
11/13/2015,27.894499,28.502528,27.557744,27.969334,214000,0.000,0.0,-,22.425468,27.333818,28.643992,29.026538,392118.00
11/12/2015,28.820579,28.942186,27.735481,27.922567,235200,0.000,0.0,-,22.362699,27.298324,28.614535,29.210340,398308.00
11/11/2015,29.391185,29.456665,28.727030,28.951534,262000,0.000,0.0,-,22.301692,27.263765,28.595351,29.199979,407174.00
11/10/2015,28.717675,29.690521,28.717675,29.372475,420900,0.000,0.0,-,22.233087,27.198171,28.525653,29.146467,411662.00
11/09/2015,29.288291,29.344418,28.380925,28.549303,328200,0.000,0.0,-,22.162793,27.128266,28.468515,28.999516,410908.00
11/06/2015,29.596980,29.840191,29.091849,29.288288,398800,0.065,0.0,-,22.096939,27.073705,28.442733,28.998363,411322.00
11/05/2015,29.798017,29.928711,29.573972,29.760675,337000,0.000,0.0,-,22.026326,27.006230,28.354797,28.879435,411034.00
11/04/2015,29.545965,30.292783,29.396601,29.854027,465000,0.000,0.0,-,21.953026,26.922213,28.224104,28.749676,415832.00
11/03/2015,29.228570,29.863365,28.948514,29.396605,398100,0.000,0.0,-,21.877223,26.829422,28.066339,28.532167,415982.00
11/02/2015,30.050072,30.152760,28.323058,29.200569,662100,0.000,0.0,-,21.803707,26.756794,27.889437,28.402407,420028.00
10/30/2015,29.116550,32.673268,29.116550,29.807356,1512800,0.000,0.0,-,21.732746,26.709557,27.747074,28.261445,414406.00
10/29/2015,28.267054,28.267054,27.501564,27.818962,250100,0.000,0.0,-,21.658518,26.659707,27.547300,28.018729,390792.00
10/28/2015,28.061669,28.509761,27.874966,28.416409,418300,0.000,0.0,-,21.597103,26.653173,27.438545,27.990723,395008.00
10/27/2015,28.379064,28.500423,27.725600,27.902967,332600,0.000,0.0,-,21.532979,26.629648,27.290115,27.904840,393500.00
10/26/2015,28.061673,28.593780,27.902974,28.537769,382700,0.000,0.0,-,21.471190,26.618446,27.116946,27.937514,394934.00
10/23/2015,28.593778,28.752477,27.874967,28.099012,378500,0.000,0.0,-,21.405440,26.595294,26.889634,27.887103,392964.00
10/22/2015,27.762946,28.575111,27.529565,28.463087,271700,0.000,0.0,-,21.342671,26.581291,26.735603,27.830158,402802.00
10/21/2015,28.164362,28.435083,27.454885,27.678930,189600,0.000,0.0,-,21.276462,26.542830,26.582505,27.698531,409184.00
10/20/2015,27.856296,28.211034,27.818955,28.099012,219800,0.000,0.0,-,21.213525,26.509503,26.497554,27.600511,423808.00
10/19/2015,27.305517,27.818953,26.978784,27.790949,409700,0.000,0.0,-,21.149876,26.508568,26.399534,27.376466,435710.00
10/16/2015,27.632247,27.660251,27.062798,27.380196,231800,0.000,0.0,-,21.089064,26.482687,26.349591,27.232703,437770.00
10/15/2015,27.538898,27.753608,27.268176,27.538898,390600,0.000,0.0,-,21.031417,26.479550,26.308049,27.075871,442274.00
10/14/2015,28.117689,28.304392,27.501563,27.557575,321900,0.000,0.0,-,20.973809,26.477337,26.280043,26.886366,443962.00
10/13/2015,27.874970,28.836497,27.725607,28.229708,507700,0.000,0.0,-,20.916571,26.462456,26.252971,26.675389,450312.00
10/12/2015,27.501554,28.201695,27.389532,28.033663,321200,0.000,0.0,-,20.856065,26.412340,26.192759,26.296379,449942.00
10/09/2015,27.212164,27.865630,27.072136,27.529562,439700,0.000,0.0,-,20.795428,26.366516,26.132547,25.892165,460128.00
10/08/2015,26.670720,27.333521,26.381329,27.146816,473400,0.000,0.0,-,20.737034,26.271913,26.082137,25.641048,455614.00
10/07/2015,25.933239,26.848090,25.877226,26.698727,378300,0.000,0.0,-,20.680184,26.183289,26.052264,25.466479,451120.00
10/06/2015,26.418676,26.549371,25.783883,25.858564,181700,0.000,0.0,-,20.625990,26.100088,26.047130,25.394598,450080.00
10/05/2015,26.007919,26.577366,25.839885,26.353321,233300,0.000,0.0,-,20.574238,26.040023,26.084003,25.422603,451740.00
10/02/2015,25.317111,25.811876,24.934365,25.811876,250900,0.000,0.0,-,20.518392,25.976210,26.074202,25.466478,455772.00
10/01/2015,25.503822,25.718532,25.158420,25.643850,297300,0.000,0.0,-,20.462291,25.934961,26.093339,25.540227,459646.00
09/30/2015,24.663649,25.503818,24.663649,25.447807,495800,0.000,0.0,-,20.406103,25.896140,26.120878,25.673720,464706.00
09/29/2015,23.954172,24.532956,23.758133,24.439604,519200,0.000,0.0,-,20.350757,25.838330,26.132080,25.830552,465672.00
09/28/2015,24.859694,25.121081,23.860826,23.991520,383600,0.000,0.0,-,20.301888,25.789694,26.203962,26.089139,461558.00
09/25/2015,25.522495,25.569171,24.831689,25.018393,436000,0.000,0.0,-,20.255073,25.744990,26.295447,26.372929,464066.00
09/24/2015,25.830552,25.895898,25.177086,25.401131,354900,0.000,0.0,-,20.205624,25.675092,26.340255,26.523226,460690.00
09/23/2015,26.194623,26.418668,25.765204,25.979914,309200,0.000,0.0,-,20.152502,25.595117,26.348190,26.638049,460420.00
09/22/2015,26.549361,26.596036,25.690521,26.138611,564500,0.000,0.0,-,20.098060,25.517724,26.309916,26.699661,460558.00
09/21/2015,26.773407,27.128145,26.661384,26.792078,286400,0.000,0.0,-,20.040742,25.431754,26.291246,26.745404,455084.00
09/18/2015,26.605373,27.062798,26.418668,26.549362,469600,0.000,0.0,-,19.979322,25.333088,26.293580,26.681925,451878.00
09/17/2015,26.978783,27.352191,26.922772,26.978783,329600,0.000,0.0,-,19.916571,25.233502,26.331855,26.646452,446872.00
09/16/2015,27.072141,27.268180,26.810754,27.016130,293500,0.000,0.0,-,19.849774,25.124023,26.357527,26.568036,443492.00
09/15/2015,26.978790,27.249512,26.922779,27.025467,550300,0.000,0.0,-,19.781216,25.014170,26.368729,26.433608,442870.00
09/14/2015,26.530697,26.941447,26.484022,26.829424,539800,0.000,0.0,-,19.715668,24.905435,26.384598,26.318784,434544.00
09/11/2015,26.418671,26.624046,26.390666,26.521358,387900,0.000,0.0,-,19.651238,24.798757,26.412137,26.217964,426426.00
09/10/2015,26.568031,26.876095,26.428003,26.549362,332600,0.000,0.0,-,19.588117,24.701780,26.456013,26.157285,423008.00
09/09/2015,26.745402,26.932107,26.530693,26.596039,513800,0.000,0.0,-,19.523514,24.598282,26.455546,26.058332,420556.00
09/08/2015,26.596039,26.736067,26.493351,26.596039,509400,0.000,0.0,-,19.457566,24.492733,26.426373,25.920171,414848.00
09/04/2015,25.802548,26.278645,25.802548,26.157288,214900,0.000,0.0,-,19.390183,24.394076,26.499184,25.837088,419084.00
09/03/2015,26.269308,26.792081,25.886564,26.194626,523500,0.000,0.0,-,19.325827,24.298978,26.516164,25.905234,418818.00
09/02/2015,26.007923,26.278643,25.811882,26.194626,678500,0.000,0.0,-,19.260960,24.204252,26.567600,26.017258,411554.00
09/01/2015,25.391798,26.138615,25.391798,25.671854,486400,0.000,0.0,-,19.198964,24.116789,26.629281,26.147017,400966.00
08/31/2015,25.625178,26.101273,25.485148,25.877228,383200,0.000,0.0,-,19.139581,24.039224,26.686365,26.303849,394524.00
08/28/2015,25.858562,26.194629,25.643851,25.821220,348900,0.000,0.0,-,19.080422,23.953825,26.678698,26.450412,391486.00
08/27/2015,25.895897,26.073267,25.326448,25.914568,384400,0.000,0.0,-,19.020848,23.873272,26.674761,26.606310,389000.00
08/26/2015,25.858558,25.905234,25.046393,25.559830,576900,0.000,0.0,-,18.961224,23.779676,26.519004,26.754740,385140.00
08/25/2015,26.400005,26.484022,25.195761,25.214432,472500,0.000,0.0,-,18.902679,23.690940,26.376793,26.852760,380744.00
08/24/2015,25.438472,26.810749,24.411598,25.765205,600400,0.000,0.0,-,18.845583,23.616003,26.243004,26.932576,378418.00
08/21/2015,26.829419,27.482885,26.306647,26.838755,381000,0.000,0.0,-,18.785827,23.545884,26.097510,27.161280,370846.00
08/20/2015,27.314859,27.613586,27.072143,27.314859,332100,0.000,0.0,-,18.722178,23.449824,25.913706,27.127094,367078.00
08/19/2015,27.137482,27.809619,27.072136,27.492222,460900,0.000,0.0,-,18.655410,23.344055,25.735433,27.117942,367658.00
08/18/2015,27.417543,27.725605,27.118814,27.240173,342900,0.000,0.0,-,18.588770,23.221513,25.545965,27.111544,362592.00
08/17/2015,27.352193,27.417541,26.960114,27.342859,404300,0.000,0.0,-,18.522607,23.101405,25.311820,27.068882,358600.00
08/14/2015,27.426871,27.510888,27.146815,27.380196,284200,0.000,0.0,-,18.457821,22.985949,25.045067,26.906983,353618.00
08/13/2015,26.680060,27.678928,26.568037,27.398872,870400,0.000,0.0,-,18.393032,22.868070,24.763873,26.743213,350956.00
08/12/2015,25.905234,26.568034,25.643848,26.540030,590800,0.065,0.0,-,18.324415,22.757640,24.470103,26.283268,339214.00
08/11/2015,27.167462,27.530687,25.472406,26.012589,920800,0.000,0.0,-,18.259586,22.652466,24.213222,25.900826,334692.00
08/10/2015,26.729732,28.238517,26.543461,28.052248,814900,0.000,0.0,-,18.196794,22.558028,24.018105,25.553433,327156.00
08/07/2015,27.083646,27.549321,26.059161,26.496897,512700,0.000,0.0,-,18.122789,22.415159,23.707499,25.033740,316452.00
08/06/2015,27.484118,27.949792,26.459633,27.223339,457000,0.000,0.0,-,18.056930,22.302465,23.475593,24.700317,311062.00
08/05/2015,26.971875,27.437550,26.804234,27.428238,475000,0.000,0.0,-,17.986010,22.171704,23.192929,24.352924,307420.00
08/04/2015,25.938080,26.822861,25.891512,26.813549,639400,0.000,0.0,-,17.913097,22.036658,22.896760,23.980385,301556.00
08/03/2015,25.984650,26.031218,25.491036,25.723873,489200,0.000,0.0,-,17.842888,21.921916,22.632256,23.554759,293106.00
07/31/2015,24.215080,26.208167,24.019498,25.742493,830500,0.000,0.0,-,17.777620,21.831948,22.425496,23.183150,287872.00
07/30/2015,22.641099,23.041580,22.585219,22.799429,214000,0.000,0.0,-,17.710001,21.741607,22.213149,22.784533,281920.00
07/29/2015,22.585218,22.771489,22.398948,22.715607,248700,0.000,0.0,-,17.656635,21.703794,22.156802,22.656938,290822.00
07/28/2015,22.911196,22.911196,22.445521,22.538656,326300,0.000,0.0,-,17.602951,21.663560,22.089746,22.525619,294206.00
07/27/2015,23.116095,23.116095,22.333761,22.855318,264700,0.000,0.0,-,17.549321,21.630032,22.028742,22.482776,291102.00
07/24/2015,23.646971,23.861182,22.985713,23.162670,434900,0.000,0.0,-,17.495308,21.592032,21.969135,22.381259,289742.00
07/23/2015,23.795975,23.805289,23.218540,23.749409,444600,0.000,0.0,-,17.439342,21.543416,21.881122,22.250869,285536.00
07/22/2015,22.557285,23.758727,22.492091,23.702847,550300,0.000,0.0,-,17.381595,21.478221,21.766567,22.032933,282306.00
07/21/2015,22.082297,22.780809,22.082297,22.557285,544100,0.000,0.0,-,17.325280,21.411909,21.672500,21.813134,280066.00
07/20/2015,21.821519,22.017101,21.523487,22.007788,313500,0.000,0.0,-,17.274970,21.366093,21.634315,21.709754,274632.00
07/17/2015,21.486227,22.119545,21.383778,21.756319,509000,0.000,0.0,-,17.226715,21.328853,21.614291,21.667843,275482.00
07/16/2015,21.588677,21.774946,21.411721,21.523483,267200,0.000,0.0,-,17.180409,21.290140,21.616153,21.641765,269240.00
07/15/2015,22.054356,22.147491,21.337216,21.402411,341400,0.000,0.0,-,17.136743,21.257198,21.601718,21.656667,268830.00
07/14/2015,21.812202,22.240622,21.588678,22.110233,316100,0.000,0.0,-,17.094005,21.225192,21.587747,21.653872,268630.00
07/13/2015,21.970532,22.026412,21.737694,21.840143,290800,0.000,0.0,-,17.046990,21.175314,21.555616,21.574708,268644.00
07/10/2015,21.802890,22.100921,21.719068,21.858770,126100,0.000,0.0,-,17.002202,21.122850,21.576571,21.557012,271182.00
07/09/2015,21.728384,21.886714,21.514175,21.570055,219300,0.000,0.0,-,16.958104,21.068341,21.585419,21.511376,272160.00
07/08/2015,21.337213,21.653872,21.206825,21.504856,160600,0.000,0.0,-,16.916557,21.020536,21.608237,21.500200,270782.00
07/07/2015,21.551423,21.597991,21.085748,21.523483,262400,0.000,0.0,-,16.876396,20.974964,21.601252,21.531866,273064.00
07/06/2015,21.244075,21.644555,21.244075,21.588675,134000,0.000,0.0,-,16.836418,20.924189,21.586816,21.558875,269160.00
07/02/2015,21.681813,21.765635,21.085748,21.495543,133900,0.000,0.0,-,16.795562,20.873968,21.585885,21.560738,268554.00
07/01/2015,21.551422,21.840142,21.421034,21.672499,217000,0.000,0.0,-,16.755401,20.823195,21.585420,21.590541,268724.00
06/30/2015,21.504856,21.597991,21.253391,21.374468,210000,0.000,0.0,-,16.715093,20.767582,21.595664,21.546768,266210.00
06/29/2015,21.542110,21.933277,21.281333,21.318586,228400,0.000,0.0,-,16.677337,20.714401,21.591008,21.521622,264862.00
06/26/2015,21.430350,21.719067,21.430350,21.663187,721200,0.000,0.0,-,16.639905,20.661594,21.589610,21.536523,262626.00
06/25/2015,21.588681,21.588681,21.309275,21.402411,201600,0.000,0.0,-,16.600336,20.614155,21.551891,21.596130,250984.00
06/24/2015,21.765641,21.765641,21.309278,21.458296,160300,0.000,0.0,-,16.561286,20.579362,21.524882,21.659461,249760.00
06/23/2015,21.802889,22.035726,21.709753,21.821516,149100,0.000,0.0,-,16.522787,20.544195,21.486231,21.716273,250982.00
06/22/2015,21.691122,21.877391,21.625926,21.793570,164300,0.000,0.0,-,16.482196,20.497305,21.428953,21.670637,251334.00
06/19/2015,21.886713,21.886713,21.579368,21.607309,231300,0.000,0.0,-,16.441928,20.447073,21.393096,21.614757,254100.00
06/18/2015,21.383775,21.812197,21.234760,21.793570,224600,0.000,0.0,-,16.403514,20.392949,21.374004,21.611032,251614.00
06/17/2015,21.178891,21.402415,21.039189,21.234772,191400,0.000,0.0,-,16.365183,20.334172,21.345598,21.580298,254306.00
06/16/2015,21.476915,21.653872,21.076434,21.123003,357100,0.000,0.0,-,16.329093,20.283599,21.329299,21.644560,255698.00
06/15/2015,22.277875,22.277875,21.355839,21.467600,356200,0.000,0.0,-,16.292962,20.238233,21.308344,21.660393,255382.00
06/12/2015,21.970535,22.315133,21.756325,22.259253,221800,0.000,0.0,-,16.255662,20.201394,21.278075,21.642698,251956.00
06/11/2015,22.063666,22.305817,21.905336,22.035725,192600,0.000,0.0,-,16.214634,20.147049,21.212881,21.507652,252602.00
06/10/2015,21.607309,22.138178,21.579368,22.026415,361100,0.000,0.0,-,16.174170,20.097175,21.147686,21.390303,253390.00
06/09/2015,21.272019,21.421035,21.178884,21.365154,207600,0.000,0.0,-,16.133937,20.050088,21.070850,21.256188,255112.00
06/08/2015,21.579372,21.597999,21.225460,21.234772,143300,0.000,0.0,-,16.096964,20.000065,21.021954,21.187269,256968.00
06/05/2015,21.439667,21.672504,21.206829,21.570055,155200,0.000,0.0,-,16.059445,19.952278,20.973541,21.171436,259154.00
06/04/2015,21.849460,21.868088,21.448982,21.486235,151100,0.000,0.0,-,16.020571,19.886269,20.902325,21.136975,259580.00
06/03/2015,21.411717,21.942586,21.244074,21.877392,283300,0.000,0.0,-,15.982763,19.828251,20.819047,21.110897,260048.00
06/02/2015,21.160258,21.448977,21.057810,21.281334,364700,0.000,0.0,-,15.940923,19.759067,20.718997,21.014038,257266.00
06/01/2015,21.057805,21.532793,20.852907,21.290642,544000,0.000,0.0,-,15.902526,19.700132,20.645036,20.956294,254520.00
05/29/2015,20.834290,21.020559,20.638706,20.908798,279700,0.000,0.0,-,15.863851,19.640453,20.561320,20.913453,245136.00
05/28/2015,20.648024,20.964683,20.601457,20.862234,243200,0.000,0.0,-,15.827131,19.591198,20.476727,20.918109,241786.00
05/27/2015,20.675955,20.797029,20.396549,20.685266,274900,0.000,0.0,-,15.791243,19.537301,20.390283,20.905069,241094.00
05/26/2015,21.048500,21.048500,20.601453,20.675961,181800,0.000,0.0,-,15.756010,19.482857,20.315010,20.885512,239146.00
05/22/2015,21.216143,21.532802,21.001931,21.076439,216900,0.000,0.0,-,15.719648,19.430086,20.242524,20.856640,240236.00
05/21/2015,21.234766,21.430351,21.141633,21.225454,227500,0.000,0.0,-,15.681559,19.373762,20.137939,20.775646,243266.00
05/20/2015,21.048497,21.383782,20.722525,21.225454,532900,0.000,0.0,-,15.642633,19.301642,20.030548,20.667675,243808.00
05/19/2015,20.694586,21.085753,20.610765,20.908798,659100,0.000,0.0,-,15.602834,19.227106,19.917119,20.527196,238066.00
05/18/2015,20.862223,20.908792,20.638699,20.703894,417900,0.000,0.0,-,15.564021,19.159646,19.816272,20.423957,235050.00
05/15/2015,21.001936,21.253401,20.797040,20.862234,171100,0.000,0.0,-,15.528943,19.094618,19.716847,20.333777,229654.00
05/14/2015,20.806343,21.206823,20.778402,20.955359,196700,0.000,0.0,-,15.496564,19.029015,19.607648,20.209187,232842.00
05/13/2015,20.592132,20.908791,20.461742,20.731834,224600,0.000,0.0,-,15.463490,18.955254,19.524443,20.035345,232402.00
05/12/2015,20.359306,20.620083,19.986765,20.489695,283100,0.060,0.0,-,15.431029,18.887816,19.470989,19.875497,230594.00
05/11/2015,20.340794,20.619436,20.312931,20.387236,438300,0.000,0.0,-,15.399869,18.825034,19.431501,19.744508,231776.00
05/08/2015,20.312940,20.433684,20.071451,20.266499,272400,0.000,0.0,-,15.370187,18.763562,19.385989,19.628409,232588.00
05/07/2015,19.904257,20.247913,19.672056,20.145746,356000,0.000,0.0,-,15.342257,18.670803,19.336763,19.500233,228522.00
05/06/2015,19.969278,20.034294,19.746365,19.820669,196900,0.000,0.0,-,15.314333,18.578421,19.274533,19.393421,223362.00
05/05/2015,19.857827,20.145758,19.802100,19.876404,246700,0.000,0.0,-,15.287576,18.494023,19.226235,19.307042,220746.00
05/04/2015,19.737079,19.950704,19.644199,19.802095,331400,0.000,0.0,-,15.261137,18.406844,19.167720,19.208588,217500.00
05/01/2015,19.356264,19.727785,19.319111,19.616329,316800,0.000,0.0,-,15.233278,18.319299,19.120351,19.099918,213838.00
04/30/2015,19.504870,20.136457,18.956876,19.216942,417700,0.000,0.0,-,15.206991,18.240654,19.120816,19.006109,208720.00
04/29/2015,19.124072,19.328408,18.984751,19.133360,175000,0.000,0.0,-,15.182333,18.175367,19.137070,19.013540,202588.00
04/28/2015,19.263393,19.384138,19.096208,19.179800,150400,0.000,0.0,-,15.159104,18.107308,19.157503,19.066481,200230.00
04/27/2015,19.124075,19.662781,19.124075,19.226244,274700,0.000,0.0,-,15.134632,18.037764,19.182117,19.118494,199210.00
04/24/2015,19.114773,19.114773,18.901149,18.984741,67200,0.000,0.0,-,15.109928,17.966550,19.164004,19.143570,195648.00
04/23/2015,18.947592,19.244808,18.919729,19.077625,103700,0.000,0.0,-,15.088315,17.895723,19.157039,19.173292,196018.00
04/22/2015,18.845425,18.956881,18.548207,18.956881,142400,0.000,0.0,-,15.065961,17.825445,19.116636,19.155644,195748.00
04/21/2015,18.743254,18.994032,18.557493,18.891863,91300,0.000,0.0,-,15.044533,17.762211,19.098060,19.145428,194862.00
04/20/2015,18.780407,18.873288,18.557494,18.715391,142600,0.000,0.0,-,15.025084,17.703796,19.074375,19.126852,196658.00
04/17/2015,19.133357,19.133357,18.668955,18.678244,116600,0.000,0.0,-,15.005828,17.659465,19.055335,19.140785,196070.00
04/16/2015,19.532743,19.551318,19.216950,19.291254,139100,0.000,0.0,-,14.987676,17.613840,19.036758,19.235522,195544.00
04/15/2015,19.876394,19.876394,19.504873,19.662769,140400,0.000,0.0,-,14.963795,17.563362,18.994498,19.260600,197000.00
04/14/2015,19.467725,19.737079,19.384135,19.699926,221400,0.000,0.0,-,14.938562,17.489714,18.919730,19.248526,196858.00
04/13/2015,19.244806,19.523448,19.086909,19.477007,166700,0.000,0.0,-,14.911765,17.404027,18.832886,19.245739,195882.00
04/10/2015,18.947592,19.300538,18.817560,19.281961,302600,0.000,0.0,-,14.885761,17.328910,18.760905,19.184439,194482.00
04/09/2015,18.910436,19.031180,18.668947,18.901148,107000,0.000,0.0,-,14.860411,17.247879,18.709821,19.140785,191516.00
04/08/2015,18.696819,18.956884,18.613228,18.854715,359200,0.000,0.0,-,14.838205,17.176131,18.645734,19.077627,190528.00
04/07/2015,18.771124,18.984750,18.650380,18.706108,261000,0.000,0.0,-,14.817288,17.106608,18.577931,19.050691,184714.00
04/06/2015,19.477014,19.597759,18.538922,18.854715,341300,0.000,0.0,-,14.797068,17.035797,18.519416,19.021898,181170.00
04/02/2015,19.523451,19.848532,19.449147,19.625618,184900,0.000,0.0,-,14.776289,16.960719,18.449305,18.969885,176360.00
04/01/2015,19.495587,19.672060,19.402706,19.542028,254100,0.000,0.0,-,14.751333,16.862075,18.347129,18.837995,175602.00
03/31/2015,19.532740,19.597756,19.346979,19.542028,232000,0.000,0.0,-,14.726566,16.765103,18.233393,18.728396,173586.00
03/30/2015,19.049763,19.913551,18.966171,19.672062,447200,0.000,0.0,-,14.702074,16.674426,18.124287,18.590933,172166.00
03/27/2015,18.882579,19.077628,18.622513,18.864002,300400,0.000,0.0,-,14.678264,16.580224,18.008216,18.420034,165764.00
03/26/2015,18.269568,18.891866,18.139536,18.845427,252600,0.000,0.0,-,14.660241,16.513663,17.930696,18.337370,161456.00
03/25/2015,18.715391,18.743256,18.241701,18.269566,176500,0.000,0.0,-,14.644744,16.448584,17.769851,18.278856,160588.00
03/24/2015,18.446039,18.733968,18.306717,18.585360,174500,0.000,0.0,-,14.632127,16.394097,17.632707,18.213840,160418.00
03/23/2015,18.297431,18.557495,18.250990,18.418175,144200,0.000,0.0,-,14.615588,16.330146,17.483478,18.105170,159606.00
03/20/2015,18.427464,18.576072,18.278856,18.334583,227400,0.000,0.0,-,14.598277,16.272687,17.338441,18.016934,162104.00
03/19/2015,18.297429,18.362444,18.204548,18.306715,74800,0.000,0.0,-,14.578766,16.210418,17.192954,17.928724,159922.00
03/18/2015,18.130253,18.520351,17.907341,18.446047,112200,0.000,0.0,-,14.559671,16.146115,17.061822,17.856264,162586.00
03/17/2015,17.777301,18.297432,17.740150,18.167398,208600,0.000,0.0,-,14.540980,16.084580,16.937149,17.738390,162990.00
03/16/2015,18.037368,18.120961,17.916625,17.963064,177500,0.000,0.0,-,14.525934,16.033802,16.815299,17.657640,161204.00
03/13/2015,18.325299,18.353164,17.888762,18.037371,236300,0.000,0.0,-,14.509016,15.991556,16.702276,17.596397,159926.00
03/12/2015,17.721578,18.343877,17.628697,18.260284,368400,0.000,0.0,-,14.491313,15.951157,16.583686,17.524021,156554.00
03/11/2015,17.563678,17.675135,17.377917,17.619406,254600,0.000,0.0,-,14.474700,15.908151,16.442840,17.260846,151310.00
03/10/2015,17.387200,17.712282,17.368625,17.498657,245800,0.060,0.0,-,14.459637,15.878333,16.340056,17.051575,147124.00
03/09/2015,17.443228,17.758021,17.406192,17.535814,508300,0.000,0.0,-,14.443433,15.846485,16.254883,16.861785,143680.00
03/06/2015,17.369158,17.720985,17.304348,17.452486,148100,0.000,0.0,-,14.427135,15.812784,16.176648,16.659947,136176.00
03/05/2015,17.313611,17.859869,17.221024,17.582109,330500,0.000,0.0,-,14.411576,15.779268,16.128965,16.457183,135714.00
03/04/2015,17.350637,17.350637,17.035844,17.267309,174700,0.000,0.0,-,14.395827,15.744826,16.069710,16.267381,142060.00
03/03/2015,17.276570,17.572845,17.183983,17.359898,134200,0.000,0.0,-,14.381056,15.709643,16.044712,16.135909,140868.00
03/02/2015,17.248794,17.952449,17.091398,17.350639,342200,0.000,0.0,-,14.364673,15.666128,15.975735,15.972958,142370.00
02/27/2015,17.128437,17.813574,16.693283,17.313610,478900,0.000,0.0,-,14.349438,15.610946,15.878983,15.808154,138862.00
02/26/2015,15.471139,15.693347,15.415588,15.628535,69100,0.000,0.0,-,14.336181,15.552802,15.799359,15.643351,131578.00
02/25/2015,15.600756,15.702600,15.443360,15.526688,98000,0.000,0.0,-,14.332726,15.527804,15.779453,15.624833,133258.00
02/24/2015,15.508176,15.795192,15.508176,15.600762,66100,0.000,0.0,-,14.325004,15.510583,15.768806,15.628538,133856.00
02/23/2015,15.341520,15.535952,15.184124,15.517434,84400,0.000,0.0,-,14.315947,15.491140,15.757696,15.647981,136884.00
02/20/2015,15.610019,15.721121,15.378553,15.424846,148300,0.000,0.0,-,14.308800,15.483363,15.740104,15.693348,139476.00
02/19/2015,15.841486,15.980365,15.674831,15.684090,60900,0.000,0.0,-,14.301703,15.470401,15.723902,15.800748,141702.00
02/18/2015,15.656313,16.017398,15.443365,15.952588,111100,0.000,0.0,-,14.293219,15.458550,15.674368,15.872038,143846.00
02/17/2015,15.647057,15.832230,15.480402,15.730385,57100,0.000,0.0,-,14.285726,15.432996,15.611409,15.953514,144554.00
02/13/2015,15.674831,15.841486,15.461883,15.702605,99400,0.000,0.0,-,14.275317,15.408553,15.575301,15.978512,148036.00
02/12/2015,15.647055,15.730383,15.415590,15.665573,96600,0.000,0.0,-,14.265458,15.374481,15.538266,15.949811,150134.00
02/11/2015,15.545208,15.610018,15.165603,15.443362,85700,0.000,0.0,-,14.255693,15.333558,15.531785,15.955367,151126.00
02/10/2015,15.841490,15.841490,15.332265,15.563730,90200,0.000,0.0,-,14.247680,15.290784,15.539192,15.934073,151348.00
02/09/2015,15.961849,16.156281,15.711866,15.795194,98100,0.000,0.0,-,14.240713,15.257823,15.538266,15.909075,151178.00
02/06/2015,16.109986,16.369228,15.795193,15.971107,181100,0.000,0.0,-,14.233367,15.220788,15.517897,15.867410,150746.00
02/05/2015,16.406256,16.572911,16.406256,16.498842,113200,0.000,0.0,-,14.225461,15.179310,15.496602,15.786860,150692.00
02/04/2015,16.637722,16.776602,16.295154,16.396997,90300,0.000,0.0,-,14.215466,15.121906,15.432718,15.647056,150524.00
02/03/2015,16.045173,16.822897,16.045173,16.767345,211900,0.000,0.0,-,14.204149,15.062096,15.367445,15.476697,150620.00
02/02/2015,15.489659,16.017399,15.360039,15.980366,133300,0.000,0.0,-,14.188464,14.989138,15.297542,15.269304,147750.00
01/30/2015,15.563734,15.693356,15.397078,15.415596,172600,0.000,0.0,-,14.175660,14.935253,15.279951,15.172089,146924.00
01/29/2015,15.258197,15.730386,15.202646,15.721128,96700,0.000,0.0,-,14.165452,14.891367,15.301708,15.126721,145412.00
01/28/2015,15.461887,15.545215,15.017473,15.230422,154300,0.000,0.0,-,14.154265,14.852851,15.316522,15.108203,144630.00
01/27/2015,15.137835,15.369301,15.054507,15.313749,57600,0.000,0.0,-,14.145806,14.824149,15.360500,15.144312,142546.00
01/26/2015,15.110051,15.489654,15.045241,15.378551,68500,0.000,0.0,-,14.138029,14.798781,15.401238,15.167457,142854.00
01/23/2015,15.100793,15.230414,14.906363,15.165603,83800,0.000,0.0,-,14.131622,14.769338,15.427625,15.168383,143654.00
01/22/2015,14.786006,15.211903,14.508248,15.100799,100800,0.000,0.0,-,14.125089,14.745822,15.461882,15.206344,143512.00
01/21/2015,14.628605,14.721190,14.480467,14.693415,147000,0.000,0.0,-,14.118697,14.720823,15.495676,15.218380,143774.00
01/20/2015,14.971173,15.008207,14.424915,14.693415,153300,0.000,0.0,-,14.115029,14.702862,15.554006,15.258192,144426.00
01/16/2015,14.878590,15.082281,14.702677,15.008210,161000,0.000,0.0,-,14.112962,14.685270,15.594744,15.325780,144564.00
01/15/2015,15.619281,15.628538,14.952660,14.961919,127100,0.000,0.0,-,14.108040,14.667285,15.603539,15.387813,144822.00
01/14/2015,15.369296,15.600762,15.285969,15.535952,85000,0.000,0.0,-,14.103533,14.647274,15.585022,15.476696,146206.00
01/13/2015,15.711864,15.785933,15.221159,15.591503,209200,0.000,0.0,-,14.095606,14.619841,15.528545,15.524841,148734.00
01/12/2015,15.387812,15.591500,15.211897,15.545208,168000,0.000,0.0,-,14.087814,14.588161,15.467901,15.576689,148638.00
01/09/2015,15.498914,15.619277,15.221156,15.387812,133900,0.000,0.0,-,14.080527,14.564968,15.423922,15.635018,147470.00
01/08/2015,15.378553,15.674828,15.267449,15.545208,269100,0.000,0.0,-,14.075355,14.545662,15.385962,15.686867,148696.00
01/07/2015,15.147088,15.230416,15.035984,15.221157,118300,0.000,0.0,-,14.070998,14.508268,15.365131,15.717421,145684.00
01/06/2015,15.369299,15.471142,15.008212,15.091539,208000,0.000,0.0,-,14.067895,14.475327,15.342910,15.772973,144956.00
01/05/2015,15.508174,15.572984,15.230416,15.369295,132400,0.000,0.0,-,14.067041,14.442580,15.342910,15.849819,142912.00
01/02/2015,15.887777,15.906295,15.369295,15.628535,119300,0.000,0.0,-,14.064433,14.400221,15.308190,15.863707,143074.00
12/31/2014,16.100730,16.202576,15.841490,15.850749,113600,0.000,0.0,-,14.060209,14.354152,15.252175,15.819266,143222.00
12/30/2014,16.109989,16.276644,15.906300,16.017403,67700,0.000,0.0,-,14.054827,14.297922,15.159589,15.693349,143660.00
12/29/2014,15.971107,16.295158,15.841487,16.109985,106200,0.000,0.0,-,14.048246,14.234486,15.039690,15.532248,148214.00
12/26/2014,15.998880,16.202569,15.878517,16.128500,45300,0.000,0.0,-,14.043399,14.167723,14.899422,15.359112,151774.00
12/24/2014,15.804450,15.980365,15.637795,15.906296,73600,0.000,0.0,-,14.038048,14.098560,14.788782,15.212826,155576.00
12/23/2014,15.897041,16.128507,15.804455,15.850749,133100,0.000,0.0,-,14.034174,14.024805,14.690641,15.085058,157442.00
12/22/2014,15.897039,15.961849,15.554470,15.776678,125000,0.000,0.0,-,14.030257,13.950316,14.592962,15.012840,157914.00
12/19/2014,15.508173,15.915553,15.452622,15.860000,647800,0.000,0.0,-,14.028541,13.874358,14.485562,14.912847,158600.00
12/18/2014,15.406333,15.572989,15.211903,15.508179,115100,0.000,0.0,-,14.027187,13.793413,14.362886,14.836001,147904.00
12/17/2014,14.619348,15.276710,14.480469,15.184123,209300,0.000,0.0,-,14.026631,13.724300,14.243449,14.752673,148404.00
12/16/2014,14.406401,14.804520,14.406401,14.591573,166800,0.000,0.0,-,14.026482,13.660009,14.148548,14.685085,146266.00
12/15/2014,14.424918,14.674901,14.350850,14.406402,114700,0.000,0.0,-,14.029296,13.612179,14.080035,14.625830,145332.00
12/12/2014,14.415658,14.600831,14.323073,14.378624,153100,0.000,0.0,-,14.030298,13.572848,14.049481,14.547132,145554.00
12/11/2014,14.647123,15.091536,14.647123,14.665641,127900,0.000,0.0,-,14.033356,13.535179,14.020317,14.439732,145442.00
12/10/2014,15.026729,15.045247,14.610092,14.628610,217500,0.000,0.0,-,14.037259,13.489003,13.989301,14.364738,145832.00
12/09/2014,14.591576,15.156352,14.517507,15.128575,214000,0.000,0.0,-,14.039705,13.446334,13.953192,14.296224,144406.00
12/08/2014,15.045242,15.128569,14.767483,14.776742,259600,0.000,0.0,-,14.039332,13.399568,13.896251,14.173084,141962.00
12/05/2014,14.665644,15.128575,14.665644,15.091539,168100,0.000,0.0,-,14.041631,13.361129,13.849958,14.058277,138718.00
12/04/2014,14.461951,14.739709,14.378623,14.674899,146500,0.000,0.0,-,14.041625,13.313444,13.785148,13.889770,137562.00
12/03/2014,13.943469,14.554537,13.943469,14.508244,231200,0.000,0.0,-,14.042928,13.277595,13.742096,13.734225,137750.00
12/02/2014,13.721266,14.137904,13.721266,13.999024,204300,0.000,0.0,-,14.043741,13.248215,13.722130,13.612012,135348.00
12/01/2014,13.350919,13.758298,13.286109,13.619419,146200,0.000,0.0,-,14.047647,13.233446,13.720249,13.534239,133476.00
11/28/2014,13.850887,13.850887,13.239818,13.304628,96800,0.000,0.0,-,14.051900,13.230511,13.747491,13.551831,135580.00
11/26/2014,13.952729,13.971246,13.795332,13.915694,81700,0.000,0.0,-,14.057864,13.234978,13.782635,13.600902,136078.00
11/25/2014,13.906437,13.971247,13.786074,13.943471,76500,0.000,0.0,-,14.059359,13.225011,13.806130,13.613864,138194.00
11/24/2014,13.693488,13.924953,13.536091,13.897178,178400,0.000,0.0,-,14.060623,13.215410,13.830080,13.610160,139016.00
11/21/2014,13.600900,13.786073,13.536090,13.628676,104800,0.000,0.0,-,14.065084,13.209686,13.818997,13.619419,137126.00
11/20/2014,13.082418,13.489797,13.082418,13.406469,95100,0.000,0.0,-,14.072667,13.213574,13.816268,13.641640,137008.00
11/19/2014,13.313881,13.313881,12.952795,13.119451,68400,0.000,0.0,-,14.080631,13.222090,13.818655,13.680526,136838.00
11/18/2014,13.193522,13.452762,13.165746,13.286108,92000,0.000,0.0,-,14.089163,13.234687,13.825250,13.749966,138550.00
11/17/2014,13.712007,13.804593,13.184266,13.221300,97000,0.000,0.0,-,14.097044,13.240816,13.827200,13.832249,138904.00
11/14/2014,13.841627,13.887920,13.749042,13.795334,57600,0.000,0.0,-,14.105797,13.251560,13.818097,13.906258,139334.00
11/13/2014,14.008282,14.193455,13.776817,13.795334,50100,0.000,0.0,-,14.114554,13.249717,13.770610,13.943152,141236.00
11/12/2014,13.795333,14.119385,13.712006,14.045316,73000,0.000,0.0,-,14.125272,13.248612,13.719434,13.964369,143456.00
11/11/2014,13.934210,13.989761,13.739779,13.906434,108500,0.000,0.0,-,14.134421,13.246196,13.650687,13.998396,144296.00
11/10/2014,13.860145,14.082352,13.841627,13.989765,76700,0.000,0.0,-,14.146819,13.250615,13.566291,14.049999,143862.00
11/07/2014,13.730523,13.869402,13.730523,13.850885,113900,0.000,0.0,-,14.159621,13.251154,13.473119,14.018576,143432.00
11/06/2014,13.850886,13.934214,13.684231,13.795334,179600,0.060,0.0,-,14.174897,13.252073,13.379512,13.990897,142154.00
11/05/2014,14.164268,14.210375,13.758521,13.813849,160200,0.000,0.0,-,14.194100,13.256317,13.280385,13.956784,139830.00
11/04/2014,13.952172,14.330255,13.952172,14.108938,173900,0.000,0.0,-,14.214534,13.261112,13.192319,13.900533,139300.00
11/03/2014,14.228816,14.339474,13.850733,13.961391,196300,0.000,0.0,-,14.232579,13.257792,13.085350,13.822150,136826.00
10/31/2014,14.238042,14.247263,14.035169,14.164269,211400,0.000,0.0,-,14.249994,13.258161,12.997284,13.729935,134422.00
10/30/2014,12.762598,14.072056,12.762598,14.007504,204400,0.000,0.0,-,14.266486,13.254288,12.911062,13.598067,132428.00
10/29/2014,14.477802,14.523909,14.136605,14.385587,109600,0.000,0.0,-,14.282028,13.248755,12.835446,13.474499,130500.00
10/28/2014,13.693969,14.422470,13.610976,14.422470,195200,0.000,0.0,-,14.295269,13.236951,12.734009,13.302978,129984.00
10/27/2014,13.546427,13.693972,13.380440,13.675529,118500,0.000,0.0,-,14.306501,13.226992,12.637644,13.082583,128542.00
10/24/2014,13.500322,13.592536,13.306669,13.574094,81900,0.000,0.0,-,14.324570,13.223672,12.593381,12.927661,129208.00
10/23/2014,13.361997,13.638643,13.269782,13.454212,105800,0.000,0.0,-,14.343191,13.224226,12.557417,12.768128,129010.00
10/22/2014,13.398880,13.444988,13.205228,13.251336,140500,0.000,0.0,-,14.361591,13.226254,12.520069,12.603985,128260.00
10/21/2014,13.076127,13.325108,13.030019,13.325108,126700,0.000,0.0,-,14.381325,13.232525,12.501626,12.484105,129020.00
10/20/2014,12.771820,13.057687,12.771820,13.039245,135500,0.000,0.0,-,14.399777,13.239718,12.487333,12.348549,128278.00
10/17/2014,12.910140,13.048463,12.762596,12.845590,295400,0.000,0.0,-,14.420936,13.251706,12.498399,12.264633,130730.00
10/16/2014,12.421398,13.002354,12.375290,12.771816,284200,0.000,0.0,-,14.443839,13.262864,12.529752,12.224058,130620.00
10/15/2014,12.034093,12.753372,11.978763,12.670378,235400,0.000,0.0,-,14.468433,13.276600,12.567561,12.196393,129322.00
10/14/2014,12.218525,12.605829,12.135531,12.218525,166900,0.000,0.0,-,14.493307,13.291997,12.604908,12.165040,128414.00
10/13/2014,11.987988,12.227748,11.969544,12.126310,156700,0.000,0.0,-,14.520302,13.312940,12.667154,12.192705,129078.00
10/10/2014,11.711339,12.070979,11.646789,11.978764,159300,0.000,0.0,-,14.549082,13.333339,12.741387,12.259100,130770.00
10/09/2014,12.015654,12.015654,11.766674,11.812781,113000,0.000,0.0,-,14.577368,13.367530,12.833602,12.346705,140638.00
10/08/2014,11.904992,12.209302,11.821998,12.052536,140100,0.000,0.0,-,14.607077,13.419004,12.934578,12.436153,141276.00
10/07/2014,12.070983,12.163198,11.932659,11.969545,102400,0.000,0.0,-,14.631619,13.464764,13.019416,12.519147,140926.00
10/06/2014,12.449063,12.559721,12.163195,12.200081,120100,0.000,0.0,-,14.656895,13.510163,13.100565,12.626117,141306.00
10/03/2014,12.596605,12.744150,12.430618,12.439839,125800,0.000,0.0,-,14.681975,13.551318,13.178487,12.732165,141476.00
10/02/2014,12.356850,12.578167,12.310743,12.495173,147500,0.000,0.0,-,14.705812,13.591537,13.241655,12.835447,141292.00
10/01/2014,12.439839,12.532054,12.172415,12.356845,147400,0.000,0.0,-,14.730284,13.635243,13.303900,12.938728,140458.00
09/30/2014,12.771820,12.864034,12.495173,12.495173,146200,0.000,0.0,-,14.754627,13.679326,13.382284,13.044776,138972.00
09/29/2014,12.707265,12.900918,12.707265,12.790259,91800,0.000,0.0,-,14.778734,13.718806,13.463894,13.141602,138564.00
09/26/2014,12.725715,12.900923,12.725715,12.854815,97400,0.000,0.0,-,14.802644,13.754772,13.525217,13.223674,139546.00
09/25/2014,12.827145,12.919360,12.642714,12.707265,110300,0.000,0.0,-,14.829606,13.782282,13.577318,13.320500,140170.00
09/24/2014,13.030018,13.113012,12.781037,12.882474,155900,0.000,0.0,-,14.857808,13.815315,13.642330,13.433003,140556.00
09/23/2014,13.186789,13.288226,12.965472,13.039245,111100,0.000,0.0,-,14.884951,13.843374,13.700887,13.519685,139608.00
09/22/2014,13.426549,13.426549,13.223675,13.260561,110700,0.000,0.0,-,14.911675,13.872340,13.746072,13.575013,138652.00
09/19/2014,13.583315,13.721638,13.408106,13.472656,251400,0.000,0.0,-,14.936335,13.892837,13.782036,13.624810,138430.00
09/18/2014,13.444992,13.629422,13.444992,13.527986,121700,0.000,0.0,-,14.961622,13.909092,13.806934,13.647863,135672.00
09/17/2014,13.435768,13.629420,13.260559,13.417325,187500,0.000,0.0,-,14.986222,13.931774,13.817078,13.669073,136172.00
09/16/2014,13.546428,13.638644,13.426549,13.463435,117600,0.000,0.0,-,15.012652,13.955567,13.835982,13.719791,137224.00
09/15/2014,13.767744,13.767744,13.463434,13.610978,83900,0.000,0.0,-,15.038533,13.979723,13.859036,13.786186,137718.00
09/12/2014,13.850736,13.906064,13.730856,13.823071,98900,0.000,0.0,-,15.062353,14.007543,13.853964,13.826760,137244.00
09/11/2014,13.666308,13.915289,13.666308,13.832295,86600,0.000,0.0,-,15.083425,14.028366,13.842898,13.834137,137580.00
09/10/2014,13.555644,13.795404,13.472650,13.749296,154000,0.000,0.0,-,15.107780,14.052678,13.829066,13.851658,140318.00
09/09/2014,13.675525,13.786183,13.564867,13.592531,109700,0.000,0.0,-,15.132916,14.067994,13.819844,13.882089,140056.00
09/08/2014,13.666308,13.933733,13.620201,13.758524,118500,0.000,0.0,-,15.153498,14.088466,13.824455,13.917132,142074.00
09/05/2014,13.712414,13.869181,13.527984,13.703193,152700,0.000,0.0,-,15.174254,14.100107,13.818461,13.939263,141742.00
09/04/2014,13.915288,14.108940,13.675528,13.740078,161100,0.000,0.0,-,15.196016,14.111568,13.803476,13.966005,140432.00
09/03/2014,14.238041,14.321035,13.832294,13.924510,115000,0.000,0.0,-,15.217320,14.121004,13.789403,13.965083,140090.00
09/02/2014,14.099715,14.191931,13.915285,14.127379,86800,0.000,0.0,-,15.238523,14.131714,13.765189,13.952173,139562.00
08/29/2014,13.896843,14.044387,13.786184,14.016723,55200,0.000,0.0,-,15.258803,14.142592,13.722105,13.931886,142692.00
08/28/2014,13.970615,13.989059,13.693970,13.896843,50000,0.000,0.0,-,15.281051,14.155499,13.678581,13.881167,143270.00
08/27/2014,14.044391,14.108942,13.924511,14.007504,63400,0.000,0.0,-,15.301206,14.171538,13.668154,13.851659,143978.00
08/26/2014,13.942951,14.182711,13.878400,14.053609,133700,0.000,0.0,-,15.321721,14.184079,13.687102,13.806473,145504.00
08/25/2014,14.053610,14.136604,13.859958,13.942952,50200,0.000,0.0,-,15.340955,14.194778,13.701448,13.757599,144502.00
08/22/2014,13.915286,14.053609,13.749298,13.979836,76100,0.000,0.0,-,15.362249,14.208793,13.716275,13.731779,146158.00
08/21/2014,13.712414,14.035168,13.601756,13.970616,111700,0.000,0.0,-,15.383198,14.227399,13.730176,13.697659,146258.00
08/20/2014,13.795407,13.952173,13.657085,13.730857,108000,0.000,0.0,-,15.403192,14.253171,13.754185,13.640946,147300.00
08/19/2014,13.998280,14.035166,13.767742,13.795406,83800,0.000,0.0,-,15.420564,14.293476,13.801665,13.613722,147286.00
08/18/2014,13.684750,13.924510,13.601756,13.924510,123100,0.000,0.0,-,15.436340,14.332490,13.839945,13.578205,149326.00
08/15/2014,13.767742,13.832292,13.325108,13.509539,151800,0.000,0.0,-,15.450151,14.359552,13.867178,13.512323,149918.00
08/14/2014,13.537207,13.703194,13.500321,13.601757,72000,0.000,0.0,-,15.466900,14.388482,13.921130,13.475996,150054.00
08/13/2014,13.601754,13.795406,13.546424,13.555646,68300,0.000,0.0,-,15.482916,14.405095,13.952557,13.484648,150926.00
08/12/2014,13.583314,13.776967,13.444992,13.564872,178500,0.000,0.0,-,15.499163,14.423733,13.992721,13.567731,152242.00
08/11/2014,13.703189,13.878399,13.601753,13.684747,89600,0.000,0.0,-,15.515636,14.446596,14.028748,13.645298,151266.00
08/08/2014,13.380439,13.804629,13.380439,13.638641,258100,0.055,0.0,-,15.531237,14.476064,14.068887,13.700772,154942.00
08/07/2014,13.431050,13.559665,13.320809,13.403490,289900,0.000,0.0,-,15.546522,14.494879,14.101226,13.762694,150932.00
08/06/2014,13.412680,13.559668,13.403493,13.458613,219300,0.000,0.0,-,15.561573,14.516744,14.145323,13.867423,148290.00
08/05/2014,13.146264,13.541294,13.146264,13.440240,190000,0.000,0.0,-,15.575439,14.546325,14.205496,13.989607,145538.00
08/04/2014,13.164636,13.311624,13.063582,13.265690,200100,0.000,0.0,-,15.587758,14.569660,14.263832,14.101685,143760.00
08/01/2014,13.614785,13.623972,13.091139,13.146260,241300,0.000,0.0,-,15.599495,14.589503,14.334110,14.222032,141464.00
07/31/2014,13.440242,13.853646,12.200028,13.688284,652700,0.000,0.0,-,15.611510,14.612102,14.426897,14.366265,139560.00
07/30/2014,14.414035,14.487530,14.257860,14.386475,144900,0.000,0.0,-,15.622772,14.625148,14.485692,14.420466,132936.00
07/29/2014,14.248671,14.459966,14.248671,14.340538,122600,0.000,0.0,-,15.629905,14.626066,14.518765,14.417710,132234.00
07/28/2014,14.248677,14.267051,14.037381,14.239491,121400,0.000,0.0,-,15.634448,14.625515,14.527492,14.412198,132292.00
07/25/2014,14.294605,14.395659,14.221110,14.257858,128600,0.000,0.0,-,15.637358,14.622392,14.546325,14.437002,133550.00
07/24/2014,14.643705,14.662079,14.404850,14.450783,116600,0.000,0.0,-,15.639584,14.623310,14.550459,14.439758,136454.00
07/23/2014,14.588584,14.799880,14.515090,14.680451,105800,0.000,0.0,-,15.641938,14.627536,14.541731,14.423222,141130.00
07/22/2014,14.533464,14.763133,14.533464,14.561025,73100,0.000,0.0,-,15.645054,14.632681,14.518305,14.421385,144904.00
07/21/2014,14.459970,14.570211,14.340542,14.469157,125800,0.000,0.0,-,15.647948,14.621105,14.513253,14.425978,145310.00
07/18/2014,14.239487,14.616144,14.239487,14.588584,140900,0.000,0.0,-,15.652121,14.607509,14.523358,14.446189,146390.00
07/17/2014,14.193553,14.349728,14.193553,14.230300,128600,0.000,0.0,-,15.658062,14.597496,14.527033,14.487530,146770.00
07/16/2014,14.312981,14.432409,14.083312,14.358915,129600,0.000,0.0,-,15.663383,14.593000,14.550459,14.550918,149874.00
07/15/2014,14.441595,14.616143,14.165991,14.285419,108500,0.000,0.0,-,15.668107,14.585566,14.564239,14.619819,150916.00
07/14/2014,14.496716,14.616144,14.450782,14.487530,63300,0.000,0.0,-,15.673926,14.588939,14.579397,14.642786,154232.00
07/11/2014,14.248672,14.377287,14.120057,14.285419,99600,0.000,0.0,-,15.678689,14.572158,14.587206,14.655647,161788.00
07/10/2014,14.349727,14.459968,14.202738,14.285419,113500,0.000,0.0,-,15.683371,14.561068,14.618441,14.661159,163252.00
07/09/2014,14.671264,14.946867,14.634517,14.662077,146700,0.000,0.0,-,15.687962,14.549612,14.667131,14.660241,163294.00
07/08/2014,14.588583,14.662077,14.414034,14.606956,240100,0.000,0.0,-,15.690624,14.533185,14.721333,14.615226,165244.00
07/07/2014,14.974430,14.974430,14.588586,14.671268,142300,0.000,0.0,-,15.693198,14.524452,14.778291,14.600527,164458.00
07/03/2014,14.891750,15.121419,14.873378,15.001992,60200,0.000,0.0,-,15.694768,14.517545,14.808607,14.600527,165106.00
07/02/2014,15.001988,15.139790,14.845813,14.864187,115700,0.000,0.0,-,15.693319,14.505305,14.806311,14.566536,168584.00
07/01/2014,14.616143,15.250030,14.606956,15.047920,223500,0.000,0.0,-,15.692150,14.498017,14.784722,14.550000,172986.00
06/30/2014,14.561027,14.625334,14.377291,14.515093,140900,0.000,0.0,-,15.689880,14.479733,14.756702,14.508660,174578.00
06/27/2014,14.257859,14.698823,14.221111,14.616142,210600,0.000,0.0,-,15.689092,14.462035,14.766348,14.516009,176356.00
06/26/2014,14.331352,14.395659,14.037375,14.340538,101900,0.000,0.0,-,15.688754,14.438106,14.793449,14.518765,174026.00
06/25/2014,14.165994,14.303795,13.954697,14.276235,87200,0.000,0.0,-,15.689703,14.418773,14.805393,14.575723,174736.00
06/24/2014,14.414034,14.588583,14.175178,14.211926,144000,0.000,0.0,-,15.690882,14.402923,14.816417,14.674022,178068.00
06/23/2014,14.680456,14.680456,14.303798,14.459973,88600,0.000,0.0,-,15.691200,14.389458,14.852704,14.827441,180104.00
06/20/2014,14.643707,14.772322,14.597773,14.671268,243300,0.000,0.0,-,15.688413,14.375426,14.860054,14.956055,182440.00
06/19/2014,14.689637,14.799879,14.441595,14.662077,84100,0.000,0.0,-,15.684205,14.363942,14.839383,15.016687,183550.00
06/18/2014,14.634521,14.708015,14.459972,14.698828,85400,0.000,0.0,-,15.681044,14.347881,14.820091,15.046085,185382.00
06/17/2014,14.515090,14.845813,14.478343,14.634518,139700,0.000,0.0,-,15.676243,14.330353,14.802177,15.019444,188952.00
06/16/2014,14.680451,14.689638,14.312981,14.588584,83600,0.000,0.0,-,15.673994,14.316858,14.792071,15.004745,193552.00
06/13/2014,14.910120,14.910120,14.634517,14.643703,133000,0.000,0.0,-,15.671291,14.310689,14.778291,15.016688,198260.00
06/12/2014,15.231659,15.231659,14.836628,14.910122,81100,0.000,0.0,-,15.669132,14.298292,14.750272,15.068134,199154.00
06/11/2014,15.635874,15.654248,15.130601,15.259217,163800,0.000,0.0,-,15.668233,14.281298,14.719955,15.035062,201174.00
06/10/2014,15.626691,15.828800,15.571571,15.746119,107300,0.000,0.0,-,15.666818,14.255126,14.690098,14.958812,203180.00
06/09/2014,15.231660,15.792053,15.213286,15.746119,185800,0.000,0.0,-,15.663059,14.220863,14.649676,14.877968,204066.00
06/06/2014,15.093855,15.360270,14.937680,15.277589,152700,0.000,0.0,-,15.658026,14.187699,14.561483,14.764052,203094.00
06/05/2014,14.432410,14.965244,14.368103,14.956057,158600,0.000,0.0,-,15.655564,14.169214,14.487071,14.662079,203172.00
06/04/2014,14.487531,14.634519,14.331356,14.432410,115600,0.000,0.0,-,15.652343,14.163568,14.443663,14.594097,203262.00
06/03/2014,14.689638,14.845813,14.377288,14.487530,134100,0.000,0.0,-,15.652195,14.166931,14.422319,14.584909,205516.00
06/02/2014,15.093856,15.139789,14.625331,14.708012,129700,0.000,0.0,-,15.652091,14.175598,14.397303,14.579397,207264.00
05/30/2014,14.781510,15.185728,14.772323,15.158167,273400,0.000,0.0,-,15.652567,14.178392,14.384606,14.539895,208088.00
05/29/2014,14.597773,14.597773,14.404851,14.579399,57600,0.000,0.0,-,15.651202,14.170901,14.309123,14.432409,209024.00
05/28/2014,14.864190,14.937684,14.469158,14.496718,157800,0.000,0.0,-,15.651639,14.174802,14.266698,14.404849,217188.00
05/27/2014,14.680451,15.047921,14.606957,14.937681,81700,0.000,0.0,-,15.652353,14.178892,14.227492,14.421385,219534.00
05/23/2014,14.221112,14.616143,14.211926,14.606956,101100,0.000,0.0,-,15.650452,14.182950,14.172646,14.421385,220298.00
05/22/2014,14.276231,14.377285,14.193550,14.257858,85300,0.000,0.0,-,15.650592,14.191976,14.150812,14.358915,221690.00
05/21/2014,14.368103,14.478344,14.193554,14.276235,146100,0.000,0.0,-,15.652432,14.209447,14.154215,14.312063,223700.00
05/20/2014,14.358912,14.487527,14.165990,14.340538,321500,0.000,0.0,-,15.655359,14.225270,14.159902,14.293230,228660.00
05/19/2014,14.340542,14.708013,14.257862,14.432410,109800,0.000,0.0,-,15.657602,14.247130,14.167867,14.259728,225210.00
05/16/2014,14.046569,14.331359,13.973075,14.312985,125500,0.000,0.0,-,15.658932,14.270265,14.152930,14.215209,227086.00
05/15/2014,14.193551,14.193551,13.789334,14.083310,184300,0.000,0.0,-,15.657413,14.291944,14.118792,14.229317,228880.00
05/14/2014,14.588584,14.588584,14.239487,14.303794,273800,0.000,0.0,-,15.657134,14.313364,14.085610,14.185837,229878.00
05/13/2014,14.891745,14.946867,14.542649,14.662077,350400,0.000,0.0,-,15.655344,14.330375,14.039115,14.128548,241752.00
05/12/2014,14.129246,14.937681,14.037378,14.937681,294500,0.000,0.0,-,15.654483,14.329272,13.980199,14.033600,242422.00
05/09/2014,13.679097,13.991447,13.651537,13.982261,93400,0.000,0.0,-,15.652833,14.330321,13.910248,13.923907,250958.00
05/08/2014,14.055752,14.276235,13.761775,13.789336,179800,0.055,0.0,-,15.654555,14.359601,13.899053,13.942710,253340.00
05/07/2014,13.978061,14.097061,13.822444,14.087908,159900,0.000,0.0,-,15.658556,14.386172,13.914439,13.996367,253736.00
05/06/2014,14.005520,14.216060,13.831595,14.005520,283800,0.000,0.0,-,15.662288,14.405493,13.902997,14.026575,254396.00
05/05/2014,14.289296,14.380836,13.712598,13.987216,181700,0.000,0.0,-,15.665662,14.430112,13.893843,14.076006,252622.00
05/02/2014,13.694286,14.692064,13.657670,14.454062,274300,0.000,0.0,-,15.668855,14.452177,13.892470,14.090652,253702.00
05/01/2014,13.035200,13.904824,12.852122,13.648514,441100,0.000,0.0,-,15.668626,14.461803,13.883774,14.008267,250612.00
04/30/2014,13.721749,13.804135,13.373900,13.730904,172800,0.000,0.0,-,15.672425,14.482249,13.902539,13.985383,244542.00
04/29/2014,13.877366,13.950598,13.630210,13.712595,115600,0.000,0.0,-,15.675902,14.503236,13.919016,13.949682,247168.00
04/28/2014,14.170295,14.280143,13.675982,13.840754,244200,0.000,0.0,-,15.679653,14.518385,13.930916,13.926798,247636.00
04/25/2014,14.316753,14.316753,14.115366,14.170289,200800,0.000,0.0,-,15.683034,14.531519,13.940528,13.896589,246086.00
04/24/2014,14.527295,14.527295,14.225215,14.325908,174700,0.000,0.0,-,15.684541,14.532405,13.936409,13.855397,246772.00
04/23/2014,14.435757,14.637143,14.362525,14.389987,234100,0.000,0.0,-,15.685225,14.529814,13.937782,13.832512,251106.00
04/22/2014,14.216060,14.545602,14.069597,14.499832,335800,0.000,0.0,-,15.684047,14.537803,13.951970,13.779419,250514.00
04/21/2014,14.252678,14.582220,13.923136,14.133677,303100,0.000,0.0,-,15.682093,14.550710,13.957005,13.711680,247334.00
04/17/2014,13.401365,13.694291,13.337287,13.630214,229800,0.000,0.0,-,15.681199,14.568021,13.996367,13.694287,244966.00
04/16/2014,13.492902,13.584442,13.383055,13.419671,94100,0.000,0.0,-,15.681825,14.591935,14.057240,13.759280,244162.00
04/15/2014,13.502054,13.529515,13.163358,13.373899,137400,0.000,0.0,-,15.684229,14.620789,14.125437,13.819695,246454.00
04/14/2014,13.648518,13.730903,13.419669,13.483747,253800,0.000,0.0,-,15.685003,14.652749,14.195464,13.888350,247764.00
04/11/2014,13.602747,13.776672,13.437977,13.538670,245800,0.000,0.0,-,15.687086,14.694007,14.256338,13.935035,247568.00
04/10/2014,14.133674,14.261829,13.675977,13.758363,205400,0.000,0.0,-,15.685767,14.742013,14.336435,13.984466,245844.00
04/09/2014,13.978061,14.188601,13.886521,14.097061,298800,0.000,0.0,-,15.681037,14.784348,14.401428,14.017421,245076.00
04/08/2014,13.785824,13.932287,13.767516,13.859056,175700,0.000,0.0,-,15.673843,14.830127,14.453148,14.043052,242090.00
04/07/2014,13.978060,14.042137,13.538671,13.822443,263900,0.000,0.0,-,15.669425,14.883951,14.513564,14.124522,241338.00
04/04/2014,14.371679,14.627989,13.950598,13.959752,369700,0.000,0.0,-,15.664556,14.945624,14.594118,14.202330,238772.00
04/03/2014,14.069598,14.399139,14.005521,14.280139,319000,0.000,0.0,-,15.661267,15.019148,14.675588,14.298446,234964.00
04/02/2014,14.051289,14.151982,13.941441,14.023827,177700,0.000,0.0,-,15.657646,15.091556,14.731427,14.355200,231032.00
04/01/2014,13.978059,14.087906,13.968905,14.060444,182100,0.000,0.0,-,15.653176,15.165441,14.787953,14.431178,230828.00
03/31/2014,14.078754,14.161140,13.941445,13.950599,264100,0.000,0.0,-,15.648023,15.233120,14.842648,14.502579,229652.00
03/28/2014,14.161135,14.243521,13.923133,14.032980,151600,0.000,0.0,-,15.645687,15.303360,14.875464,14.577641,232170.00
03/27/2014,14.344218,14.454065,14.078754,14.087908,137200,0.000,0.0,-,15.640718,15.365019,14.923321,14.688404,233034.00
03/26/2014,14.820224,14.829378,14.353373,14.353373,156600,0.000,0.0,-,15.636879,15.423937,14.991240,14.785436,234188.00
03/25/2014,14.746990,14.838528,14.600526,14.673759,163100,0.000,0.0,-,15.632529,15.470247,15.029464,14.863244,237658.00
03/24/2014,14.966681,15.067373,14.481522,14.600523,228300,0.000,0.0,-,15.626033,15.522557,15.048475,14.902606,239554.00
03/21/2014,14.875143,15.140608,14.847680,14.920912,221500,0.000,0.0,-,15.620447,15.576514,15.080271,14.985907,241036.00
03/20/2014,14.820221,14.920913,14.719527,14.847682,170900,0.000,0.0,-,15.611718,15.620779,15.088750,15.052731,242094.00
03/19/2014,14.774450,14.829374,14.655449,14.783604,320200,0.000,0.0,-,15.603672,15.667786,15.093134,15.107654,242906.00
03/18/2014,14.737835,14.829375,14.664604,14.774450,465800,0.000,0.0,-,15.595901,15.712425,15.087493,15.144728,240792.00
03/17/2014,15.250455,15.250455,14.655450,14.701219,275100,0.000,0.0,-,15.584685,15.762357,15.087784,15.182717,234704.00
03/14/2014,15.021609,15.232150,14.930070,15.140612,119900,0.000,0.0,-,15.574198,15.816855,15.076227,15.173287,231946.00
03/13/2014,15.232150,15.232150,14.994148,15.058227,170700,0.000,0.0,-,15.560880,15.867857,15.044068,15.158237,233972.00
03/12/2014,15.012452,15.149761,14.719527,15.131454,185800,0.000,0.0,-,15.549061,15.919594,15.001887,15.197045,233128.00
03/11/2014,15.433532,15.433532,14.856833,15.067373,394100,0.000,0.0,-,15.534972,15.969319,14.955132,15.195683,232300.00
03/10/2014,15.607458,15.781383,15.396918,15.433535,149000,0.000,0.0,-,15.521249,16.025618,14.941233,15.194344,227422.00
03/07/2014,15.534227,15.644075,15.351150,15.589152,203600,0.000,0.0,-,15.505196,16.069666,14.926817,15.174636,226970.00
03/06/2014,15.241299,15.506763,15.204684,15.396915,215200,0.055,0.0,-,15.488773,16.112975,14.897321,15.124768,227620.00
03/05/2014,15.163465,15.254699,15.053980,15.154341,234200,0.000,0.0,-,15.472994,16.144253,14.868770,15.078614,239040.00
03/04/2014,14.825890,15.218206,14.789394,15.154341,867500,0.000,0.0,-,15.458473,16.181660,14.854172,15.030259,239274.00
03/03/2014,14.771146,14.780270,14.460942,14.606920,383900,0.000,0.0,-,15.443091,16.222898,14.845049,14.992852,228128.00
02/28/2014,15.418926,15.510162,14.625171,14.990116,721300,0.000,0.0,-,15.431035,16.274903,14.892036,14.979166,226744.00
02/27/2014,15.090477,15.464545,14.962745,15.446298,212500,0.000,0.0,-,15.417290,16.322893,14.939478,14.929898,219230.00
02/26/2014,15.090474,15.400675,14.980990,15.117844,199600,0.000,0.0,-,15.400448,16.358475,14.960919,14.806729,218866.00
02/25/2014,15.272947,15.272947,14.999239,15.053980,192900,0.000,0.0,-,15.385385,16.402451,15.024328,14.714581,221724.00
02/24/2014,15.063100,15.327684,14.990111,15.236449,195100,0.000,0.0,-,15.369461,16.452814,15.099141,14.688122,223592.00
02/21/2014,15.008366,15.108725,14.880634,15.090479,235700,0.000,0.0,-,15.354258,16.513030,15.182623,14.678999,225066.00
02/20/2014,14.725527,15.053978,14.661662,14.935371,119800,0.000,0.0,-,15.339739,16.578172,15.309897,14.669875,223478.00
02/19/2014,14.762025,14.999240,14.606924,14.670789,137600,0.000,0.0,-,15.325951,16.645687,15.458156,14.658926,226902.00
02/18/2014,14.470066,14.862383,14.378831,14.780271,304100,0.000,0.0,-,15.313169,16.719953,15.610520,14.678086,229430.00
02/14/2014,14.488313,14.552178,14.086873,14.470065,139000,0.000,0.0,-,15.297401,16.788198,15.743725,14.697246,230912.00
02/13/2014,14.041258,14.515686,14.041258,14.497439,166700,0.000,0.0,-,15.277899,16.869398,15.893353,14.804905,236770.00
02/12/2014,14.260224,14.287594,14.141616,14.214605,235100,0.000,0.0,-,15.263365,16.948409,16.024277,14.949058,237644.00
02/11/2014,14.771149,14.771149,14.096000,14.196361,391400,0.000,0.0,-,15.249386,17.038185,16.165237,15.115108,235592.00
02/10/2014,15.145217,15.145217,14.734653,14.789394,204500,0.000,0.0,-,15.235318,17.127049,16.288862,15.334075,233076.00
02/07/2014,15.053978,15.190831,14.853258,15.145214,176800,0.000,0.0,-,15.218872,17.198761,16.413856,15.510161,236038.00
02/06/2014,14.853259,15.218204,14.853259,14.999237,184700,0.000,0.0,-,15.200375,17.256605,16.521515,15.686246,238910.00
02/05/2014,14.816765,14.935373,14.524809,14.825889,189600,0.000,0.0,-,15.183015,17.330688,16.628261,15.949919,241890.00
02/04/2014,15.008362,15.145216,14.679911,14.862384,208700,0.000,0.0,-,15.165303,17.409699,16.746869,16.257385,249140.00
02/03/2014,15.537534,15.537534,14.670789,14.971869,202900,0.000,0.0,-,15.146233,17.466630,16.854527,16.542954,247622.00
01/31/2014,15.583151,15.747377,15.491915,15.546658,244000,0.000,0.0,-,15.125803,17.525386,16.969485,16.790205,245172.00
01/30/2014,15.966346,16.121448,15.637895,15.938974,159600,0.000,0.0,-,15.103177,17.575566,17.063458,16.981801,244946.00
01/29/2014,16.148814,16.240049,15.783867,15.875104,167000,0.000,0.0,-,15.080170,17.616805,17.151045,17.099496,244046.00
01/28/2014,16.550252,16.769219,16.294792,16.386026,149500,0.000,0.0,-,15.056804,17.662606,17.239544,17.215365,243812.00
01/27/2014,16.896950,16.915197,16.249172,16.550251,138100,0.000,0.0,-,15.035763,17.698553,17.301128,17.243649,243830.00
01/24/2014,17.480858,17.544723,16.750969,16.906071,135600,0.000,0.0,-,15.014081,17.736872,17.367731,17.317551,248924.00
01/23/2014,17.845804,17.900547,17.535601,17.635962,179300,0.000,0.0,-,14.990620,17.757309,17.404225,17.356783,250952.00
01/22/2014,17.690704,17.964414,17.599469,17.900549,122400,0.000,0.0,-,14.961476,17.766798,17.410156,17.306604,251866.00
01/21/2014,17.608594,17.763696,17.362258,17.718079,167500,0.000,0.0,-,14.932004,17.766798,17.363169,17.236352,254804.00
01/17/2014,17.462620,17.672465,17.325766,17.444374,123300,0.000,0.0,-,14.902450,17.776469,17.328500,17.166100,259068.00
01/16/2014,17.134170,17.480867,17.079427,17.462620,390000,0.000,0.0,-,14.875665,17.790975,17.317095,17.148765,263106.00
01/15/2014,17.097675,17.334890,16.988193,17.115923,194800,0.000,0.0,-,14.848156,17.801113,17.304322,17.145115,263314.00
01/14/2014,16.823957,17.143284,16.787462,17.033800,194900,0.000,0.0,-,14.822743,17.802900,17.318007,17.202593,265382.00
01/13/2014,17.161542,17.170666,16.395157,16.668867,330100,0.000,0.0,-,14.799230,17.801234,17.327587,17.263722,268860.00
01/10/2014,17.289270,17.426124,17.134169,17.289270,257900,0.000,0.0,-,14.779530,17.801589,17.359975,17.358607,266246.00
01/09/2014,17.243646,17.517356,17.097668,17.298388,302400,0.000,0.0,-,14.756818,17.792994,17.374117,17.417910,264380.00
01/08/2014,17.225402,17.334886,17.070300,17.134167,274400,0.000,0.0,-,14.734421,17.783125,17.421560,17.451667,260704.00
01/07/2014,17.115923,17.398755,16.988193,17.198036,211500,0.000,0.0,-,14.712439,17.776540,17.482232,17.513708,256618.00
01/06/2014,17.362253,17.362253,17.006431,17.015554,214500,0.000,0.0,-,14.689551,17.769769,17.537886,17.489987,255598.00
01/03/2014,17.453494,17.453494,17.152415,17.271023,161400,0.000,0.0,-,14.666717,17.765557,17.606313,17.490900,253464.00
01/02/2014,17.708953,17.763694,17.325760,17.426121,137200,0.000,0.0,-,14.642967,17.754051,17.652387,17.485425,252386.00
12/31/2013,17.736327,17.809316,17.645091,17.690708,221200,0.000,0.0,-,14.617538,17.733802,17.707585,17.463529,251534.00
12/30/2013,17.553850,17.809312,17.544726,17.645086,128500,0.000,0.0,-,14.590560,17.704622,17.745448,17.433421,250556.00
12/27/2013,17.964414,17.964414,17.508233,17.617716,144400,0.000,0.0,-,14.563810,17.669804,17.798365,17.391452,251706.00
12/26/2013,17.727198,18.019153,17.654209,17.882299,150200,0.000,0.0,-,14.535797,17.629710,17.849457,17.361344,250836.00
12/24/2013,17.745446,17.800187,17.608590,17.635962,126400,0.000,0.0,-,14.504519,17.583051,17.874091,17.330325,249716.00
12/23/2013,17.061184,17.873186,17.015564,17.754578,236100,0.000,0.0,-,14.474111,17.549143,17.894163,17.391453,248530.00
12/20/2013,17.033808,17.152415,16.878706,16.960819,786200,0.000,0.0,-,14.442839,17.510315,17.941606,17.450756,245990.00
12/19/2013,17.234528,17.307517,16.915202,17.024685,245900,0.000,0.0,-,14.416213,17.476080,18.032386,17.585785,232480.00
12/18/2013,17.280141,17.289265,16.896949,17.216276,310200,0.000,0.0,-,14.387326,17.432015,18.066599,17.721726,231618.00
12/17/2013,17.435252,17.471745,17.188913,17.207161,314700,0.000,0.0,-,14.358926,17.381753,18.101269,17.819348,227162.00
12/16/2013,17.271017,17.462613,17.261893,17.389624,345600,0.000,0.0,-,14.327962,17.336041,18.143693,17.951640,222146.00
12/13/2013,17.426118,17.517354,17.170656,17.225397,194300,0.000,0.0,-,14.295681,17.294322,18.174258,18.057475,216034.00
12/12/2013,17.553851,17.572099,17.188907,17.316637,342500,0.000,0.0,-,14.267055,17.252612,18.221245,18.205278,214012.00
12/11/2013,18.238134,18.256381,17.353142,17.572109,286300,0.000,0.0,-,14.236624,17.212352,18.264582,18.337570,209282.00
12/10/2013,18.374978,18.657811,18.238124,18.247248,268800,0.000,0.0,-,14.205545,17.176446,18.309287,18.417857,209434.00
12/09/2013,18.384093,18.420588,18.156002,18.347599,156300,0.000,0.0,-,14.170235,17.117392,18.293321,18.396873,207074.00
12/06/2013,18.575697,18.575697,18.283742,18.311111,291000,0.000,0.0,-,14.133659,17.056514,18.281461,18.432456,205052.00
12/05/2013,18.256364,18.520948,18.192499,18.384094,264000,0.000,0.0,-,14.099560,16.999276,18.260933,18.478987,200912.00
12/04/2013,18.511830,18.603065,18.110390,18.192503,378200,0.000,0.0,-,14.064107,16.940398,18.251809,18.411473,197130.00
12/03/2013,18.457092,18.758171,18.301990,18.530081,431900,0.000,0.0,-,14.028936,16.880983,18.250669,18.383189,191344.00
12/02/2013,18.621317,18.730801,18.192507,18.447968,210400,0.000,0.0,-,13.994012,16.814453,18.222641,18.335746,184850.00
11/29/2013,18.703430,18.904149,18.657813,18.703430,132500,0.000,0.0,-,13.957789,16.749384,18.160506,18.291041,186454.00
11/27/2013,18.457088,18.986258,18.457088,18.639561,265600,0.000,0.0,-,13.919164,16.677749,18.072859,18.237211,186394.00
11/26/2013,18.028280,18.475338,17.882302,18.374977,352600,0.000,0.0,-,13.880723,16.604662,17.975213,18.191593,183196.00
11/25/2013,18.438847,18.566579,17.854936,18.037409,320400,0.000,0.0,-,13.843470,16.531408,17.899440,18.200718,177766.00
11/22/2013,18.895025,19.086622,18.685183,18.703430,333700,0.000,0.0,-,13.807230,16.463268,17.837815,18.189768,173262.00
11/21/2013,17.845807,19.113992,17.818437,18.776417,552100,0.000,0.0,-,13.767840,16.381079,17.742890,18.130465,167584.00
11/20/2013,17.973540,18.019157,17.617717,17.708954,132800,0.000,0.0,-,13.727725,16.292699,17.647044,18.042878,157680.00
11/19/2013,18.028276,18.247243,17.827557,17.909668,80400,0.000,0.0,-,13.692722,16.229490,17.601843,18.092145,157978.00
11/18/2013,18.128640,18.411471,17.882301,18.055651,232700,0.000,0.0,-,13.658290,16.161903,17.541146,18.118149,158164.00
11/15/2013,18.128647,18.192513,17.927927,18.000916,114600,0.000,0.0,-,13.622409,16.091031,17.459048,18.109537,155380.00
11/14/2013,18.219872,18.356728,17.991781,18.165131,155300,0.000,0.0,-,13.590941,16.016524,17.370588,18.029970,157492.00
11/13/2013,18.301988,18.301988,18.000909,18.183382,150400,0.000,0.0,-,13.558202,15.931271,17.257539,17.908507,156166.00
11/12/2013,17.918801,18.557456,17.873184,18.466219,392800,0.000,0.0,-,13.524156,15.844198,17.129021,17.758833,156970.00
11/11/2013,18.110389,18.201625,17.909668,17.927916,237000,0.000,0.0,-,13.490227,15.755471,16.983177,17.598162,151452.00
11/08/2013,17.891431,18.274623,17.791070,18.110397,225000,0.000,0.0,-,13.458764,15.671688,16.883809,17.485862,149240.00
11/07/2013,18.374976,18.520954,17.882301,17.900549,269300,0.000,0.0,-,13.425848,15.593171,16.768949,17.355314,145794.00
11/06/2013,18.247243,18.384097,17.918792,18.201626,380700,0.055,0.0,-,13.393577,15.516121,16.636375,17.251210,142240.00
11/05/2013,17.924042,18.196997,17.641988,18.169701,325200,0.000,0.0,-,13.360430,15.436326,16.467367,17.111540,136338.00
11/04/2013,17.387227,18.078713,17.387227,17.969530,400400,0.000,0.0,-,13.327308,15.367541,16.294040,16.964144,131250.00
11/01/2013,16.832214,17.369025,16.613850,17.205252,298200,0.000,0.0,-,13.293837,15.307673,16.141640,16.808559,124718.00
10/31/2013,17.687474,18.015019,16.941398,16.950495,368800,0.000,0.0,-,13.264008,15.263454,16.046561,16.711205,120978.00
10/30/2013,16.923205,16.932303,16.550166,16.686644,199400,0.000,0.0,-,13.235182,15.219236,15.956031,16.606572,114552.00
10/29/2013,16.868607,16.968689,16.704834,16.859509,164600,0.000,0.0,-,13.208575,15.181204,15.886882,16.499210,114258.00
10/28/2013,16.786725,16.804920,16.659344,16.804920,118600,0.000,0.0,-,13.181195,15.130252,15.832746,16.368192,114372.00
10/25/2013,16.923202,16.968693,16.686641,16.804920,70100,0.000,0.0,-,13.153817,15.082212,15.757229,16.281756,114586.00
10/24/2013,16.895902,16.932296,16.641145,16.859509,160500,0.000,0.0,-,13.126844,15.035446,15.682167,16.182584,114998.00
10/23/2013,16.604754,17.041481,16.604754,16.804920,107800,0.000,0.0,-,13.099238,14.994321,15.611653,16.021540,113932.00
10/22/2013,16.422782,16.768526,16.422782,16.695738,107500,0.000,0.0,-,13.071635,14.955925,15.543415,15.823193,113792.00
10/21/2013,16.331796,16.422780,16.204416,16.413683,94600,0.000,0.0,-,13.045118,14.915346,15.469717,15.623937,113972.00
10/18/2013,16.095237,16.240813,15.867775,16.231714,172300,0.000,0.0,-,13.020551,14.879862,15.409212,15.474722,113866.00
10/17/2013,15.558425,15.904167,15.558425,15.904167,186000,0.000,0.0,-,12.995859,14.846380,15.357351,15.381917,114180.00
10/16/2013,15.649412,15.658509,15.467441,15.613017,100900,0.000,0.0,-,12.972355,14.820995,15.318228,15.305490,114212.00
10/15/2013,15.831383,15.831383,15.485641,15.549330,94200,0.000,0.0,-,12.949002,14.801252,15.286838,15.274555,114556.00
10/14/2013,15.731297,16.004251,15.731297,15.940562,67100,0.000,0.0,-,12.923987,14.787498,15.244985,15.297301,116456.00
10/11/2013,15.130808,15.885983,15.112612,15.813195,109100,0.000,0.0,-,12.897422,14.764468,15.179476,15.232702,118420.00
10/10/2013,15.094401,15.285469,15.094401,15.249076,110700,0.000,0.0,-,12.871988,14.742172,15.118516,15.181750,120706.00
10/09/2013,14.785056,15.112603,14.593989,14.821451,202800,0.000,0.0,-,12.848880,14.717376,15.073933,15.201767,121246.00
10/08/2013,14.957928,15.039815,14.612185,14.703170,87400,0.000,0.0,-,12.827639,14.701495,15.060286,15.263637,119280.00
10/07/2013,15.121701,15.158094,14.876041,14.921533,63900,0.000,0.0,-,12.806946,14.686348,15.051642,15.315498,118750.00
10/04/2013,15.103503,15.458343,15.039814,15.303669,40000,0.000,0.0,-,12.785295,14.677714,15.031170,15.343703,119252.00
10/03/2013,15.303672,15.303672,14.839648,15.139898,93200,0.000,0.0,-,12.762139,14.663795,14.979764,15.332785,121050.00
10/02/2013,15.631215,15.785890,15.212684,15.303669,106000,0.000,0.0,-,12.739622,14.647530,14.917894,15.330965,121318.00
10/01/2013,15.276371,15.794985,15.249075,15.776788,293900,0.000,0.0,-,12.714171,14.633249,14.844196,15.299121,122212.00
09/30/2013,15.094407,15.385558,15.003421,15.294573,150800,0.000,0.0,-,12.686580,14.614401,14.756851,15.192669,118638.00
09/27/2013,15.294570,15.440146,15.285472,15.303669,55200,0.000,0.0,-,12.661579,14.602115,14.679059,15.126250,119156.00
09/26/2013,15.512937,15.558430,15.203588,15.449247,84000,0.000,0.0,-,12.636533,14.588559,14.623103,15.055282,121826.00
09/25/2013,15.294574,15.558432,15.112606,15.440150,74900,0.000,0.0,-,12.608510,14.567739,14.553044,14.946100,123500.00
09/24/2013,15.230883,15.431050,14.985223,15.221785,88900,0.000,0.0,-,12.579632,14.547101,14.491629,14.856934,123774.00
09/23/2013,15.194489,15.258178,14.967026,15.203586,107200,0.000,0.0,-,12.553735,14.531193,14.467063,14.787786,123850.00
09/20/2013,15.076205,15.230880,14.957926,15.194487,290600,0.000,0.0,-,12.527840,14.516374,14.455690,14.718637,123350.00
09/19/2013,15.058008,15.185389,14.967025,15.121699,129500,0.000,0.0,-,12.502080,14.502825,14.445682,14.626742,120162.00
09/18/2013,14.703170,15.258179,14.630382,14.985223,105700,0.000,0.0,-,12.475875,14.489826,14.426575,14.504823,119588.00
09/17/2013,14.630386,14.775962,14.630386,14.712273,81100,0.000,0.0,-,12.449586,14.479374,14.416567,14.389272,120602.00
09/16/2013,14.757761,14.830549,14.512102,14.630383,95200,0.000,0.0,-,12.425023,14.468216,14.396550,14.321033,120642.00
09/13/2013,14.448413,14.675874,14.348330,14.593989,49800,0.000,0.0,-,12.399969,14.457788,14.385176,14.231867,120044.00
09/12/2013,14.503001,14.666775,14.330129,14.357425,56900,0.000,0.0,-,12.375457,14.445006,14.378807,14.190924,119898.00
09/11/2013,14.457512,14.684973,14.430216,14.548496,147700,0.000,0.0,-,12.351767,14.432965,14.401099,14.159989,120450.00
09/10/2013,14.675874,14.703170,14.421117,14.530299,89700,0.000,0.0,-,12.326313,14.420005,14.417931,14.126324,120070.00
09/09/2013,14.330129,14.593986,14.311931,14.512098,93500,0.000,0.0,-,12.300320,14.399973,14.424755,14.146341,126076.00
09/06/2013,14.048076,14.311932,13.847910,14.275538,220200,0.000,0.0,-,12.273652,14.387740,14.431124,14.192743,127038.00
09/05/2013,13.838812,14.057176,13.838812,13.902501,89000,0.000,0.0,-,12.248978,14.367725,14.445227,14.264621,126190.00
09/04/2013,14.038982,14.139065,13.784223,13.829716,190600,0.000,0.0,-,12.224549,14.345922,14.481848,14.348327,125826.00
09/03/2013,14.011684,14.239146,13.857010,14.029881,116900,0.000,0.0,-,12.198999,14.322492,14.521656,14.443862,123606.00
08/30/2013,14.129963,14.202751,13.656842,13.738729,126400,0.000,0.0,-,12.172088,14.301406,14.563242,14.472067,125924.00
08/29/2013,14.057174,14.357424,14.020780,14.184553,52700,0.000,0.0,-,12.148433,14.283605,14.615760,14.538486,124858.00
08/28/2013,14.239144,14.266440,14.048076,14.048076,91600,0.000,0.0,-,12.123448,14.265954,14.641452,14.566691,125688.00
08/27/2013,14.466608,14.584889,14.184555,14.211850,85600,0.000,0.0,-,12.099191,14.256110,14.639512,14.642209,126566.00
08/26/2013,15.021617,15.021617,14.612184,14.730465,70800,0.000,0.0,-,12.072675,14.234468,14.630290,14.709538,125802.00
08/23/2013,15.021613,15.076203,14.821446,14.976119,73800,0.000,0.0,-,12.045231,14.200458,14.591057,14.703169,125358.00
08/22/2013,14.775959,15.048915,14.775959,14.994323,111200,0.000,0.0,-,12.019258,14.170603,14.566744,14.669505,124646.00
08/21/2013,14.684970,14.876039,14.584888,14.739562,47500,0.000,0.0,-,11.992299,14.131497,14.547414,14.625832,124858.00
08/20/2013,14.293739,14.839649,14.293739,14.785058,184700,0.000,0.0,-,11.966254,14.103109,14.526768,14.615369,125774.00
08/19/2013,14.421114,14.785054,14.257341,14.311932,170300,0.000,0.0,-,11.940700,14.077075,14.516994,14.599450,124558.00
08/16/2013,14.330131,14.675873,14.275540,14.402919,129300,0.000,0.0,-,11.917958,14.058327,14.543119,14.654418,127854.00
08/15/2013,14.448411,14.757759,14.357425,14.466607,90700,0.000,0.0,-,11.894000,14.039936,14.556986,14.693034,128242.00
08/14/2013,14.948829,14.976123,14.766858,14.803253,107200,0.000,0.0,-,11.870082,14.014105,14.564949,14.716213,129432.00
08/13/2013,14.730466,14.939731,14.493905,14.885140,100800,0.000,0.0,-,11.843317,13.982811,14.545199,14.636815,142800.00
08/12/2013,14.566694,14.794156,14.521201,14.666778,116500,0.000,0.0,-,11.814843,13.949698,14.521354,14.551042,147494.00
08/09/2013,14.530298,14.657677,14.239145,14.639480,89300,0.000,0.0,-,11.787282,13.906987,14.509334,14.478945,146586.00
08/08/2013,14.839647,14.839647,14.457511,14.557594,188000,0.055,0.0,-,11.759991,13.866274,14.500492,14.463982,145844.00
08/07/2013,14.589594,14.716538,14.290367,14.634931,187600,0.000,0.0,-,11.735932,13.824660,14.498465,14.468996,146836.00
08/06/2013,14.743740,14.743740,14.498918,14.625862,118100,0.000,0.0,-,11.711262,13.785851,14.490305,14.438166,147330.00
08/05/2013,14.798147,14.870687,14.580527,14.861619,189200,0.000,0.0,-,11.686055,13.739607,14.482144,14.434539,146196.00
08/02/2013,14.653064,14.861616,14.553321,14.789076,165300,0.000,0.0,-,11.658953,13.688829,14.446781,14.431819,145326.00
08/01/2013,14.353836,15.614216,14.353836,14.698400,223400,0.000,0.0,-,11.631228,13.637507,14.412778,14.420938,144194.00
07/31/2013,14.099951,14.163423,13.836993,14.009275,137700,0.000,0.0,-,11.604001,13.589630,14.375601,14.413685,141784.00
07/30/2013,14.090883,14.090883,13.782588,14.027411,104500,0.000,0.0,-,11.580220,13.554267,14.362907,14.453582,140632.00
07/29/2013,14.480782,14.553321,13.918598,13.945800,60900,0.000,0.0,-,11.555990,13.518723,14.356559,14.491665,141062.00
07/26/2013,14.417313,14.616799,14.362909,14.489853,89000,0.000,0.0,-,11.534542,13.481365,14.335704,14.539723,140620.00
07/25/2013,14.281301,14.625865,14.281301,14.607731,129900,0.000,0.0,-,11.511762,13.435483,14.306234,14.537002,140236.00
07/24/2013,14.671201,14.780010,14.317569,14.326636,106600,0.000,0.0,-,11.487497,13.388151,14.239588,14.527934,139482.00
07/23/2013,14.961360,15.033900,14.553322,14.589593,150700,0.000,0.0,-,11.464189,13.343176,14.163875,14.542443,138140.00
07/22/2013,14.743743,14.906958,14.653068,14.834418,115200,0.000,0.0,-,11.440283,13.293486,14.067306,14.529749,136366.00
07/19/2013,14.625860,14.716535,14.498916,14.680266,176700,0.000,0.0,-,11.415019,13.234185,13.974364,14.461742,136674.00
07/18/2013,14.480783,14.816280,14.417310,14.625862,188700,0.000,0.0,-,11.390570,13.184495,13.882782,14.404617,135948.00
07/17/2013,14.507988,14.507988,14.335706,14.408246,167700,0.000,0.0,-,11.367827,13.135713,13.816590,14.337518,133510.00
07/16/2013,14.489853,14.535191,14.381043,14.408246,88600,0.000,0.0,-,11.345813,13.091102,13.773972,14.272231,131214.00
07/15/2013,14.390105,14.544254,14.335701,14.426375,92700,0.000,0.0,-,11.324516,13.045226,13.710047,14.221453,133640.00
07/12/2013,14.489853,14.553325,14.381043,14.462650,82200,0.000,0.0,-,11.304651,12.989232,13.640227,14.131685,139508.00
07/11/2013,14.734670,14.743738,14.462645,14.517051,131200,0.000,0.0,-,11.285276,12.911372,13.591262,14.075466,141004.00
07/10/2013,14.489854,14.580530,14.281302,14.471720,100800,0.000,0.0,-,11.264017,12.852841,13.517362,13.951242,141302.00
07/09/2013,14.317571,14.480786,14.199693,14.462650,156400,0.000,0.0,-,11.242806,12.791784,13.459783,13.785307,140358.00
07/08/2013,14.226891,14.263161,14.027407,14.154351,83100,0.000,0.0,-,11.221953,12.730185,13.410819,13.604863,138992.00
07/05/2013,14.054610,14.109015,13.836991,14.109015,65300,0.000,0.0,-,11.203448,12.677102,13.371829,13.486986,138370.00
07/03/2013,13.746318,13.963938,13.737251,13.954871,42500,0.000,0.0,-,11.184588,12.623841,13.340546,13.360948,138004.00
07/02/2013,13.927666,14.018342,13.528697,13.755384,84500,0.000,0.0,-,11.166409,12.575288,13.301556,13.295662,138190.00
07/01/2013,13.737245,13.991135,13.691908,13.900460,128700,0.000,0.0,-,11.147928,12.525848,13.275713,13.275713,138596.00
06/28/2013,13.891399,13.982075,13.528700,13.528700,390000,0.000,0.0,-,11.129035,12.468808,13.242164,13.198640,137432.00
06/27/2013,13.438018,13.918596,13.338276,13.900460,141600,0.000,0.0,-,11.111598,12.415951,13.192292,13.148769,131258.00
06/26/2013,13.265738,13.519628,13.102523,13.274806,177800,0.000,0.0,-,11.091497,12.358369,13.127460,13.107058,131268.00
06/25/2013,12.857705,12.912110,12.739828,12.812367,70800,0.000,0.0,-,11.074478,12.319624,13.087563,13.083483,129360.00
06/24/2013,12.794229,12.875837,12.603812,12.658217,79600,0.000,0.0,-,11.056010,12.287418,13.081669,13.134260,130130.00
06/21/2013,12.830499,13.066254,12.640081,12.975579,232800,0.000,0.0,-,11.038984,12.277808,13.064441,13.216774,129380.00
06/20/2013,12.966513,13.039053,12.757960,12.848636,73100,0.000,0.0,-,11.020327,12.262573,13.031798,13.256671,125514.00
06/19/2013,13.510561,13.628439,13.229470,13.302010,94200,0.000,0.0,-,11.003916,12.249877,13.000515,13.320144,125844.00
06/18/2013,13.211333,13.564965,13.138793,13.555898,135500,0.000,0.0,-,10.986404,12.219983,12.950644,13.307449,125112.00
06/17/2013,13.166000,13.193202,13.002785,13.129729,47400,0.000,0.0,-,10.967890,12.188987,12.884905,13.275713,123410.00
06/14/2013,13.483358,13.483358,12.993714,13.029984,48600,0.000,0.0,-,10.951105,12.162538,12.840927,13.285687,124600.00
06/13/2013,13.075321,13.555898,13.029984,13.483358,38200,0.000,0.0,-,10.934460,12.143686,12.793323,13.235816,124374.00
06/12/2013,13.492424,13.492424,12.921172,13.039049,121800,0.000,0.0,-,10.914876,12.113237,12.728944,13.147861,125426.00
06/11/2013,13.229468,13.428953,13.138793,13.320143,93300,0.000,0.0,-,10.897827,12.093119,12.689047,13.091643,124008.00
06/10/2013,13.492426,13.564966,13.311076,13.483358,123900,0.000,0.0,-,10.880671,12.073342,12.626935,13.029078,124594.00
06/07/2013,13.492427,13.583102,13.238538,13.374550,335100,0.000,0.0,-,10.862610,12.058250,12.558022,12.912107,123808.00
06/06/2013,13.147861,13.510561,13.048119,13.483358,148700,0.000,0.0,-,10.844869,12.045696,12.482762,12.806924,118200.00
06/05/2013,13.247604,13.292942,12.993714,13.175064,150200,0.000,0.0,-,10.826405,12.032411,12.418383,12.680886,116420.00
06/04/2013,13.283872,13.483357,13.156927,13.238535,775600,0.000,0.0,-,10.808318,12.023666,12.368967,12.593839,115446.00
06/03/2013,12.812367,13.265742,12.676355,13.229472,335500,0.000,0.0,-,10.788838,12.011303,12.315926,12.494096,101466.00
05/31/2013,12.467801,12.767028,12.467801,12.531273,71100,0.000,0.0,-,10.771106,11.995688,12.260176,12.396168,97742.00
05/30/2013,12.558475,12.640082,12.358990,12.603812,52200,0.000,0.0,-,10.756014,11.995482,12.214944,12.350830,98138.00
05/29/2013,12.603810,12.667283,12.322718,12.476866,237600,0.000,0.0,-,10.740962,11.990213,12.113237,12.310027,99262.00
05/28/2013,12.558479,12.966516,12.558479,12.694491,212300,0.000,0.0,-,10.726455,11.986578,12.068919,12.286452,95716.00
05/24/2013,12.259246,12.377122,12.177638,12.313650,61400,0.000,0.0,-,10.710816,11.978591,12.005137,12.224792,94346.00
05/23/2013,12.050697,12.440600,12.050697,12.322722,145700,0.000,0.0,-,10.696813,11.972620,11.958591,12.203938,94538.00
05/22/2013,12.295518,12.585678,12.123236,12.222978,108700,0.000,0.0,-,10.683122,11.958699,11.917463,12.158600,92596.00
05/21/2013,12.259250,12.467802,12.159507,12.304586,102900,0.000,0.0,-,10.666720,11.945326,11.878612,12.155880,91660.00
05/20/2013,12.222978,12.277384,12.123236,12.241114,80100,0.000,0.0,-,10.645764,11.929238,11.839746,12.144096,90758.00
05/17/2013,12.195779,12.286454,12.068834,12.250184,126000,0.000,0.0,-,10.628201,11.917129,11.791858,12.137755,91728.00
05/16/2013,12.123237,12.259250,12.032562,12.077899,38800,0.000,0.0,-,10.611439,11.897070,11.731772,12.124184,90516.00
05/15/2013,12.159509,12.232049,12.041631,12.195779,69800,0.000,0.0,-,10.596431,11.886238,11.672170,12.079058,91074.00
05/14/2013,12.068832,12.286451,11.960021,12.241114,92200,0.000,0.0,-,10.577802,11.862610,11.613450,11.916447,92728.00
05/13/2013,12.114169,12.222979,11.978157,12.077899,39500,0.000,0.0,-,10.558679,11.836455,11.568272,11.851386,94308.00
05/10/2013,11.932819,12.141372,11.869347,12.105102,62000,0.000,0.0,-,10.541397,11.824903,11.524479,11.785482,95374.00
05/09/2013,12.204843,12.250180,11.860278,11.869346,130600,0.050,0.0,-,10.525763,11.807408,11.528109,11.713244,95686.00
05/08/2013,12.177708,12.249980,12.024132,12.195776,140400,0.000,0.0,-,10.511530,11.797148,11.545334,11.676326,94442.00
05/07/2013,12.240950,12.457764,12.141577,12.186747,66800,0.000,0.0,-,10.497180,11.776939,11.546238,11.601345,92372.00
05/06/2013,12.150605,12.231911,12.024131,12.177707,52900,0.000,0.0,-,10.482876,11.753852,11.527266,11.535396,93008.00
05/03/2013,11.870556,12.376455,11.572437,12.114471,209900,0.000,0.0,-,10.468528,11.740124,11.518684,11.445961,93148.00
05/02/2013,11.111708,11.969929,11.111708,11.626640,386100,0.000,0.0,-,10.454674,11.723701,11.503326,11.339361,89918.00
05/01/2013,11.491133,11.509200,10.533538,10.569674,157000,0.000,0.0,-,10.443750,11.714336,11.526363,11.265283,84336.00
04/30/2013,11.445961,11.653741,11.256249,11.590504,146100,0.000,0.0,-,10.437219,11.733848,11.595924,11.310452,84310.00
04/29/2013,11.491128,11.545331,11.355619,11.418857,53600,0.000,0.0,-,10.423801,11.726105,11.618057,11.285157,83044.00
04/26/2013,11.482096,11.482096,11.274316,11.382724,88100,0.000,0.0,-,10.411063,11.717296,11.663679,11.263476,83148.00
04/25/2013,11.464029,11.807318,11.464029,11.500165,52000,0.000,0.0,-,10.399396,11.708669,11.730981,11.342974,83120.00
04/24/2013,11.554365,11.662772,11.391754,11.445958,47000,0.000,0.0,-,10.387232,11.697153,11.793315,11.414342,83418.00
04/23/2013,11.418859,11.563401,11.256248,11.527266,51800,0.000,0.0,-,10.378014,11.684022,11.861973,11.491131,83664.00
04/22/2013,11.120742,11.409827,10.723250,11.283352,104800,0.000,0.0,-,10.368211,11.669985,11.922500,11.519136,83296.00
04/19/2013,10.903929,11.075574,10.777455,11.048471,70500,0.000,0.0,-,10.358156,11.659386,11.989351,11.591408,83256.00
04/18/2013,11.075572,11.138809,10.822622,10.885859,81300,0.000,0.0,-,10.347582,11.652585,12.059364,11.667292,84106.00
04/17/2013,11.238179,11.337552,10.795518,11.021365,142100,0.000,0.0,-,10.335814,11.655336,12.141120,11.787443,85082.00
04/16/2013,11.364656,11.445962,11.202046,11.337555,82400,0.000,0.0,-,10.322522,11.652496,12.207068,11.881396,85490.00
04/15/2013,12.024131,12.078334,11.093638,11.202044,109300,0.000,0.0,-,10.307204,11.659891,12.254948,11.950957,86156.00
04/12/2013,12.123504,12.222876,12.024131,12.177707,42100,0.000,0.0,-,10.292206,11.668196,12.309603,12.063881,85568.00
04/11/2013,12.177711,12.376457,12.114474,12.213847,39500,0.000,0.0,-,10.272776,11.652128,12.301472,12.118988,86072.00
04/10/2013,11.807321,12.349355,11.807321,12.213847,89600,0.000,0.0,-,10.253165,11.641456,12.272112,12.172288,87000.00
04/09/2013,12.024129,12.087366,11.789248,11.807315,57600,0.000,0.0,-,10.236006,11.629885,12.239138,12.232815,87472.00
04/08/2013,11.879589,12.042200,11.807318,12.006064,50400,0.000,0.0,-,10.221727,11.624285,12.223781,12.325864,87866.00
04/05/2013,11.852485,11.997027,11.653738,11.807315,106900,0.000,0.0,-,10.204938,11.613090,12.205261,12.387295,90220.00
04/04/2013,11.978962,12.123505,11.978962,12.087369,37300,0.000,0.0,-,10.189811,11.608389,12.177256,12.451436,90022.00
04/03/2013,12.042201,12.159642,11.843455,11.960896,90800,0.000,0.0,-,10.171501,11.597548,12.149703,12.494798,91900.00
04/02/2013,12.484861,12.530031,11.978963,12.033166,50900,0.000,0.0,-,10.153200,11.583837,12.102377,12.532740,91842.00
04/01/2013,12.710710,12.792015,12.213845,12.331285,122600,0.000,0.0,-,10.134760,11.567960,12.047388,12.558938,93032.00
03/28/2013,12.819116,12.828151,12.665541,12.728778,84600,0.000,0.0,-,10.113938,11.545042,12.005839,12.555325,91924.00
03/27/2013,12.728776,12.810081,12.665539,12.746843,54700,0.000,0.0,-,10.092911,11.517773,11.930917,12.483957,92072.00
03/26/2013,12.864288,12.891391,12.620373,12.819118,59700,0.000,0.0,-,10.070680,11.490502,11.861392,12.371936,96174.00
03/25/2013,12.647470,12.810080,12.493893,12.737809,101500,0.000,0.0,-,10.047998,11.460707,11.779703,12.245461,100056.00
03/22/2013,12.557131,12.647470,12.466792,12.620369,76600,0.000,0.0,-,10.024519,11.434157,11.694431,12.121697,99604.00
03/21/2013,12.511960,12.511960,12.150603,12.448722,149300,0.000,0.0,-,10.001716,11.408516,11.637978,12.023227,99704.00
03/20/2013,12.548096,12.611333,12.358384,12.520993,90900,0.000,0.0,-,9.979594,11.385228,11.580209,11.903077,97368.00
03/19/2013,12.349352,12.412589,12.150606,12.340318,108400,0.000,0.0,-,9.957466,11.362655,11.512077,11.804607,96342.00
03/18/2013,12.105436,12.367419,12.105436,12.295148,60300,0.000,0.0,-,9.935618,11.345854,11.472326,11.672013,96226.00
03/15/2013,11.960893,12.340318,11.951859,12.295148,143800,0.000,0.0,-,9.915200,11.325818,11.417736,11.535838,96490.00
03/14/2013,11.680844,12.096404,11.617606,12.015099,71000,0.000,0.0,-,9.895182,11.303982,11.351898,11.456353,98876.00
03/13/2013,11.554369,11.735047,11.454996,11.626640,48600,0.000,0.0,-,9.876521,11.282528,11.298712,11.377878,99940.00
03/12/2013,11.527267,11.590504,11.346589,11.554368,61900,0.000,0.0,-,9.859935,11.260924,11.263600,11.350847,100568.00
03/11/2013,11.572437,11.698911,11.436928,11.500165,57800,0.000,0.0,-,9.843086,11.242386,11.225352,11.313945,100802.00
03/08/2013,11.400790,11.662773,11.238179,11.635672,128600,0.000,0.0,-,9.828069,11.226911,11.191614,11.267166,101682.00
03/07/2013,11.509201,11.518235,11.229150,11.247217,65400,0.050,0.0,-,9.811572,11.206746,11.147501,11.252729,100482.00
03/06/2013,11.059371,11.545300,11.059371,11.536301,66700,0.000,0.0,-,9.796973,11.193270,11.120561,11.257341,105958.00
03/05/2013,11.059368,11.140356,10.942385,11.014375,152500,0.000,0.0,-,9.782176,11.173833,11.094915,11.219547,106392.00
03/04/2013,11.419320,11.455315,10.816410,10.933392,171200,0.000,0.0,-,9.769900,11.165375,11.088166,11.272639,105040.00
03/01/2013,11.050371,11.563296,10.870397,11.500304,92800,0.000,0.0,-,9.757984,11.160155,11.126860,11.299635,104582.00
02/28/2013,11.365328,11.473312,11.194353,11.230348,77600,0.000,0.0,-,9.743724,11.142878,11.132709,11.247443,108576.00
02/27/2013,11.203350,11.545299,11.203350,11.356327,68400,0.000,0.0,-,9.731126,11.122541,11.139908,11.219547,108168.00
02/26/2013,11.113361,11.392319,10.969382,11.185350,36900,0.000,0.0,-,9.717586,11.100584,11.156106,11.176353,107710.00
02/25/2013,11.563295,11.563295,11.005377,11.032373,98600,0.000,0.0,-,9.705787,11.082767,11.178602,11.136759,110648.00
02/22/2013,11.410316,11.509301,11.239341,11.491304,59900,0.000,0.0,-,9.694177,11.068009,11.203349,11.116062,110922.00
02/21/2013,11.149359,11.356328,11.122363,11.293338,48400,0.000,0.0,-,9.680184,11.035074,11.201099,11.042273,110640.00
02/20/2013,11.590292,11.626286,11.158355,11.158355,107000,0.000,0.0,-,9.668866,11.002499,11.215047,10.983781,110980.00
02/19/2013,11.248343,11.554298,11.248343,11.545300,155700,0.000,0.0,-,9.660218,10.980182,11.234394,10.970283,110416.00
02/15/2013,11.023377,11.383323,10.969384,11.203350,82800,0.000,0.0,-,9.648439,10.949767,11.220896,10.903693,108310.00
02/14/2013,10.906392,11.050370,10.888395,10.978381,58800,0.000,0.0,-,9.639345,10.926550,11.222696,10.954085,107974.00
02/13/2013,10.978383,11.086367,10.834405,10.951387,86700,0.000,0.0,-,9.632440,10.904593,11.233044,11.017976,107608.00
02/12/2013,10.834404,11.023376,10.825405,10.924391,66900,0.000,0.0,-,9.624206,10.880117,11.253741,11.060270,108056.00
02/11/2013,10.852402,10.861400,10.699424,10.789411,59300,0.000,0.0,-,9.616285,10.857620,11.276688,11.135858,108208.00
02/08/2013,10.807405,10.888394,10.735416,10.825402,33400,0.000,0.0,-,9.607930,10.834224,11.303684,11.220446,108164.00
02/07/2013,10.726419,10.843402,10.564443,10.753415,102800,0.000,0.0,-,9.598065,10.811547,11.332929,11.290635,108270.00
02/06/2013,10.933388,10.942386,10.645430,10.708421,113000,0.000,0.0,-,9.589136,10.788870,11.362175,11.359925,107342.00
02/05/2013,10.933389,11.068370,10.888397,11.023376,130100,0.000,0.0,-,9.579057,10.763854,11.390971,11.446312,105612.00
02/04/2013,11.185351,11.185351,10.708421,10.879396,162500,0.000,0.0,-,9.567492,10.730019,11.409418,11.498504,103976.00
02/01/2013,11.707273,11.743268,11.653281,11.707273,115700,0.000,0.0,-,9.557667,10.696004,11.440464,11.538099,101614.00
01/31/2013,11.374326,11.635287,11.356328,11.617290,79900,0.000,0.0,-,9.542860,10.648671,11.419767,11.491306,100102.00
01/30/2013,11.698273,11.698273,11.311330,11.374321,67300,0.000,0.0,-,9.528503,10.596659,11.399070,11.448112,100680.00
01/29/2013,11.626286,11.824257,11.563296,11.680278,85900,0.000,0.0,-,9.516380,10.543566,11.377473,11.447212,100690.00
01/28/2013,11.545295,11.716271,11.401317,11.635283,113200,0.000,0.0,-,9.501398,10.482915,11.320782,11.417517,100818.00
01/25/2013,11.545299,11.545299,11.365325,11.527302,77300,0.000,0.0,-,9.486374,10.430363,11.270389,11.386922,99292.00
01/24/2013,11.608287,11.671279,11.419315,11.446312,168100,0.000,0.0,-,9.473088,10.383570,11.230345,11.375223,98232.00
01/23/2013,11.572289,11.581288,11.455307,11.572289,97000,0.000,0.0,-,9.462025,10.338577,11.189401,11.364425,95954.00
01/22/2013,11.248343,11.572295,11.203350,11.545300,131200,0.000,0.0,-,9.450510,10.285305,11.139459,11.335630,95606.00
01/18/2013,11.257344,11.329333,11.230347,11.275341,87900,0.000,0.0,-,9.441302,10.239232,11.090416,11.320332,94174.00
01/17/2013,11.293336,11.356327,11.185352,11.239344,110400,0.000,0.0,-,9.434819,10.209356,11.056221,11.342828,93342.00
01/16/2013,11.329329,11.329329,11.131358,11.185350,67200,0.000,0.0,-,9.427009,10.176617,11.027875,11.348228,92078.00
01/15/2013,11.266339,11.446312,11.230343,11.365324,92000,0.000,0.0,-,9.420754,10.143525,11.000430,11.350028,92478.00
01/14/2013,11.284339,11.554299,11.275340,11.383324,259800,0.000,0.0,-,9.413511,10.109700,10.942838,11.307734,91972.00
01/11/2013,11.410319,11.410319,11.158355,11.329330,253800,0.000,0.0,-,9.405646,10.077307,10.886596,11.224047,87698.00
01/10/2013,11.428315,11.473309,11.320331,11.410318,78900,0.000,0.0,-,9.398716,10.042947,10.834854,11.153857,84288.00
01/09/2013,11.356326,11.410319,11.275338,11.338329,81600,0.000,0.0,-,9.389474,10.008401,10.779062,11.085467,84016.00
01/08/2013,11.374323,11.491306,11.212347,11.284336,32500,0.000,0.0,-,9.379173,9.970637,10.704373,11.014378,84990.00
01/07/2013,11.419318,11.428317,11.329332,11.392323,39600,0.000,0.0,-,9.370161,9.928758,10.623385,10.943288,85190.00
01/04/2013,11.392320,11.662281,11.329330,11.500304,102600,0.000,0.0,-,9.360699,9.884002,10.555895,10.860500,85230.00
01/03/2013,11.248344,11.356328,11.176355,11.293338,73500,0.000,0.0,-,9.352116,9.837624,10.482106,10.769614,84718.00
01/02/2013,11.257342,11.410320,11.014378,11.203350,263100,0.000,0.0,-,9.343858,9.806672,10.419565,10.707523,84128.00
12/31/2012,10.591442,10.987383,10.465460,10.942389,124200,0.000,0.0,-,9.335917,9.776624,10.353425,10.650832,79834.00
12/28/2012,10.555445,10.771414,10.510452,10.546447,80000,0.000,0.0,-,9.328659,9.749466,10.292684,10.577942,78164.00
12/27/2012,10.762415,10.771413,10.420465,10.627435,73600,0.000,0.0,-,9.323559,9.727360,10.255340,10.549146,77610.00
12/26/2012,10.672428,10.834404,10.537448,10.726420,101800,0.000,0.0,-,9.316768,9.699694,10.204947,10.515851,77258.00
12/24/2012,10.564443,10.663429,10.312481,10.627435,68600,0.000,0.0,-,9.308994,9.670227,10.153204,10.472658,76064.00
12/21/2012,10.420463,10.627433,10.357473,10.573441,339200,0.000,0.0,-,9.300961,9.642739,10.102812,10.394369,75780.00
12/20/2012,10.591440,10.618436,10.492454,10.564444,88400,0.000,0.0,-,9.292666,9.614899,10.047020,10.303483,71058.00
12/19/2012,10.672431,10.699428,10.519454,10.591444,84900,0.000,0.0,-,9.283842,9.596733,9.985379,10.251290,69834.00
12/18/2012,10.645431,10.681426,10.537447,10.672427,148300,0.000,0.0,-,9.276207,9.583581,9.914739,10.194599,68648.00
12/17/2012,10.267490,10.654433,10.186502,10.636436,292500,0.000,0.0,-,9.267770,9.565226,9.848149,10.131608,66508.00
12/14/2012,10.195495,10.330474,10.078512,10.213492,57200,0.000,0.0,-,9.262823,9.545800,9.767161,10.056019,61302.00
12/13/2012,10.321483,10.348479,10.150507,10.258492,45500,0.000,0.0,-,9.262241,9.537698,9.692472,10.007426,60954.00
12/12/2012,10.303482,10.537448,10.195498,10.294483,183800,0.000,0.0,-,9.262890,9.528160,9.611934,9.961533,61322.00
12/11/2012,9.961532,10.321480,9.916540,10.294483,112300,0.000,0.0,-,9.264198,9.518080,9.547593,9.894042,58826.00
12/10/2012,9.727566,9.880543,9.664575,9.844548,45800,0.000,0.0,-,9.266036,9.513734,9.492251,9.833751,58044.00
12/07/2012,9.961535,9.961535,9.610587,9.664578,65400,0.000,0.0,-,9.271182,9.516953,9.459856,9.811255,58204.00
12/06/2012,10.033521,10.069515,9.862546,10.042520,78800,0.000,0.0,-,9.275286,9.526637,9.422062,9.790557,58952.00
12/05/2012,10.069519,10.096516,9.943538,10.024527,50400,0.000,0.0,-,9.278383,9.534854,9.382018,9.719468,59124.00
12/04/2012,9.898541,10.060517,9.790557,10.042520,66000,0.000,0.0,-,9.281659,9.546118,9.369869,9.634880,61996.00
12/03/2012,9.817555,9.898543,9.718570,9.880546,40500,0.000,0.0,-,9.285109,9.550573,9.347864,9.564690,61262.00
11/30/2012,9.853546,9.853546,9.583585,9.727565,109100,0.000,0.0,-,9.288266,9.557551,9.330374,9.478303,61422.00
11/29/2012,9.583590,9.835553,9.403616,9.799559,74500,0.000,0.0,-,9.293159,9.568842,9.327699,9.377518,61214.00
11/28/2012,9.601582,9.673572,9.448605,9.619579,57100,0.000,0.0,-,9.298662,9.581919,9.325904,9.262334,60694.00
11/27/2012,9.619583,9.763562,9.601586,9.691573,38700,0.000,0.0,-,9.304492,9.596265,9.325493,9.201144,62010.00
11/26/2012,9.412610,9.628578,9.403611,9.619579,56400,0.000,0.0,-,9.311948,9.608814,9.325066,9.150751,63230.00
11/23/2012,9.349621,9.466604,9.340623,9.457605,26500,0.000,0.0,-,9.320117,9.617607,9.316593,9.108458,63092.00
11/21/2012,9.187645,9.376618,8.980675,9.331624,48300,0.000,0.0,-,9.328786,9.630894,9.303231,9.053566,63316.00
11/20/2012,9.286630,9.376617,9.151650,9.178646,44400,0.000,0.0,-,9.339145,9.645088,9.294376,9.044568,63264.00
11/19/2012,9.169651,9.349626,9.070666,9.340627,40100,0.000,0.0,-,9.350357,9.659117,9.294514,9.104859,63260.00
11/16/2012,8.665724,9.097659,8.548741,9.016672,108800,0.000,0.0,-,9.359920,9.669727,9.314769,9.131037,64180.00
11/15/2012,8.665722,8.836696,8.566737,8.719713,67800,0.000,0.0,-,9.370309,9.671768,9.348983,9.182445,64258.00
11/14/2012,9.061664,9.061664,8.611730,8.647725,92300,0.000,0.0,-,9.379491,9.682435,9.392222,9.277881,65042.00
11/13/2012,9.142655,9.295633,8.989677,9.007675,36900,0.000,0.0,-,9.390665,9.694362,9.431894,9.389473,65710.00
11/12/2012,9.268634,9.331625,9.115657,9.187646,24300,0.000,0.0,-,9.399687,9.705540,9.443716,9.449842,65530.00
11/09/2012,8.863697,9.403617,8.863697,9.196648,54200,0.000,0.0,-,9.407015,9.717777,9.446987,9.499380,66336.00
11/08/2012,9.187648,9.187648,8.908689,8.908689,79600,0.000,0.0,-,9.413900,9.730908,9.449808,9.524728,66432.00
11/07/2012,9.601587,9.691574,9.241640,9.241640,59600,0.050,0.0,-,9.421078,9.748187,9.463444,9.552895,65522.00
11/06/2012,9.674067,9.790514,9.548662,9.781556,46300,0.000,0.0,-,9.425620,9.757373,9.484169,9.544185,64904.00
11/05/2012,9.512834,9.862176,9.512834,9.602409,47200,0.000,0.0,-,9.428168,9.753073,9.491783,9.484170,64396.00
11/02/2012,9.709901,9.826348,9.405346,9.530751,87200,0.000,0.0,-,9.431127,9.753610,9.499397,9.498501,64948.00
11/01/2012,9.817387,9.826345,9.647195,9.674067,66700,0.000,0.0,-,9.433606,9.760776,9.506115,9.515520,64570.00
10/31/2012,9.647198,9.790517,9.602410,9.763644,46100,0.000,0.0,-,9.433735,9.764718,9.512833,9.506563,64120.00
10/26/2012,9.700940,9.835302,9.548663,9.611365,83300,0.000,0.0,-,9.433770,9.765972,9.513729,9.474316,64856.00
10/25/2012,9.566580,9.691984,9.432217,9.683027,65300,0.000,0.0,-,9.436022,9.769555,9.522687,9.437590,64292.00
10/24/2012,9.262023,9.459087,9.163490,9.450130,130300,0.000,0.0,-,9.436459,9.767047,9.542393,9.394594,64278.00
10/23/2012,9.082874,9.235151,9.047045,9.190364,42500,0.000,0.0,-,9.437752,9.764897,9.570161,9.374887,63796.00
10/22/2012,9.163491,9.226194,9.064959,9.154534,41600,0.000,0.0,-,9.438932,9.774750,9.618084,9.373992,63864.00
10/19/2012,9.629279,9.629279,9.082874,9.181406,77000,0.000,0.0,-,9.441130,9.781916,9.683025,9.424154,64398.00
10/18/2012,9.718853,9.880087,9.709896,9.745726,44000,0.000,0.0,-,9.443855,9.790157,9.753342,9.499397,63780.00
10/17/2012,9.629279,9.700938,9.468044,9.700938,48400,0.000,0.0,-,9.443361,9.786753,9.779319,9.500293,63960.00
10/16/2012,9.485960,9.700939,9.485960,9.584492,40700,0.000,0.0,-,9.443488,9.784067,9.805743,9.496711,64952.00
10/15/2012,9.279942,9.459092,9.127665,9.441176,52300,0.000,0.0,-,9.442874,9.782640,9.841125,9.519104,65722.00
10/12/2012,9.279939,9.405344,9.154535,9.244109,56000,0.000,0.0,-,9.443152,9.785505,9.891735,9.553142,66522.00
10/11/2012,9.378469,9.468043,9.244106,9.253064,42100,0.000,0.0,-,9.443446,9.779473,9.946376,9.607783,67778.00
10/10/2012,9.199320,9.288894,9.047043,9.253064,54400,0.000,0.0,-,9.445901,9.756679,9.999673,9.690192,70302.00
10/09/2012,9.638237,9.638237,9.127661,9.181406,103100,0.000,0.0,-,9.448003,9.746188,10.039981,9.765435,70274.00
10/08/2012,9.844264,9.853221,9.647200,9.656157,27200,0.000,0.0,-,9.450683,9.740519,10.087008,9.862176,68826.00
10/05/2012,9.781557,10.032366,9.781557,9.933834,25600,0.000,0.0,-,9.451079,9.728921,10.106266,9.941897,69652.00
10/04/2012,9.718860,9.754690,9.441178,9.754690,41300,0.000,0.0,-,9.448762,9.699644,10.103579,10.007287,69792.00
10/03/2012,9.817392,9.817392,9.656157,9.665114,32200,0.000,0.0,-,9.444649,9.672880,10.109401,10.058344,69780.00
10/02/2012,9.853215,9.853215,9.727810,9.808428,39800,0.000,0.0,-,9.442042,9.652009,10.082081,10.114776,70042.00
10/01/2012,9.871131,9.978621,9.709896,9.781556,63900,0.000,0.0,-,9.438411,9.635404,10.054313,10.163146,70124.00
09/28/2012,10.005496,10.032368,9.772601,9.790517,59000,0.000,0.0,-,9.434163,9.620228,10.027440,10.230328,70720.00
09/27/2012,10.059241,10.112986,9.889049,10.077156,73200,0.000,0.0,-,9.432386,9.610935,10.016244,10.284968,70182.00
09/26/2012,10.220473,10.301091,9.933834,10.005494,53800,0.000,0.0,-,9.430456,9.595910,10.002359,10.309153,70596.00
09/25/2012,10.560857,10.641474,10.130899,10.148813,102800,0.000,0.0,-,9.429502,9.581961,9.994746,10.314528,70328.00
09/24/2012,10.507112,10.632516,10.363792,10.453367,87400,0.000,0.0,-,9.425713,9.565860,9.975935,10.311840,69746.00
09/21/2012,10.435454,10.596689,10.417540,10.587731,194000,0.000,0.0,-,9.422475,9.545628,9.938314,10.270636,69774.00
09/20/2012,10.175688,10.310050,10.077156,10.265263,29300,0.000,0.0,-,9.417860,9.519143,9.887256,10.199872,67072.00
09/19/2012,10.319009,10.319009,10.121944,10.229434,48500,0.000,0.0,-,9.414459,9.491975,9.855457,10.160459,67706.00
09/18/2012,10.435453,10.435453,10.238389,10.292133,98700,0.000,0.0,-,9.409694,9.464810,9.838438,10.049386,67662.00
09/17/2012,10.301090,10.471282,10.005494,10.453367,48500,0.000,0.0,-,9.404129,9.439958,9.817388,9.945479,68016.00
09/14/2012,10.399623,10.507112,10.220474,10.336921,122900,0.000,0.0,-,9.397890,9.412237,9.786037,9.824553,68716.00
09/13/2012,10.104029,10.417541,9.898007,10.319009,99700,0.000,0.0,-,9.388306,9.397545,9.758717,9.747519,67782.00
09/12/2012,10.193599,10.193599,9.898003,10.059237,49500,0.000,0.0,-,9.378591,9.382497,9.720647,9.695566,67034.00
09/11/2012,10.077155,10.229432,9.969665,10.121943,37700,0.000,0.0,-,9.366247,9.366760,9.684818,9.674964,69278.00
09/10/2012,9.898002,10.193599,9.898002,10.041322,45700,0.000,0.0,-,9.355355,9.342993,9.662872,9.640030,70612.00
09/07/2012,9.960707,9.987579,9.799472,9.880090,44200,0.000,0.0,-,9.347294,9.312815,9.636447,9.605991,70812.00
09/06/2012,9.226196,9.933836,9.226196,9.871134,86100,0.000,0.0,-,9.339731,9.282473,9.622115,9.574640,71274.00
09/05/2012,9.279940,9.306813,9.082876,9.118706,112700,0.000,0.0,-,9.333617,9.250527,9.607335,9.550455,70622.00
09/04/2012,9.226192,9.297852,9.109745,9.253064,107000,0.000,0.0,-,9.330388,9.232203,9.629731,9.627489,69924.00
08/31/2012,9.700940,9.700940,9.190365,9.244109,125700,0.000,0.0,-,9.326838,9.212975,9.642734,9.689296,75730.00
08/30/2012,9.718856,9.718856,9.539706,9.566579,27900,0.000,0.0,-,9.323114,9.193926,9.659751,9.747520,74494.00
08/29/2012,9.898006,9.906963,9.781558,9.799473,64600,0.000,0.0,-,9.316416,9.178235,9.628548,9.769914,75040.00
08/28/2012,9.745729,9.942793,9.709899,9.853218,59000,0.000,0.0,-,9.309476,9.161274,9.544242,9.745729,75170.00
08/27/2012,9.736773,9.781561,9.512836,9.772603,34100,0.000,0.0,-,9.301476,9.137176,9.488008,9.694671,75292.00
08/24/2012,9.512831,9.700938,9.494917,9.700938,28700,0.000,0.0,-,9.293968,9.117364,9.444275,9.685714,77516.00
08/23/2012,9.647196,9.647196,9.521791,9.566579,20900,0.000,0.0,-,9.289847,9.091854,9.413040,9.666903,78334.00
08/22/2012,9.889045,9.889045,9.557619,9.629278,74800,0.000,0.0,-,9.286617,9.066534,9.358211,9.669590,79900.00
08/21/2012,9.942797,10.265265,9.835306,9.889051,68300,0.000,0.0,-,9.285313,9.040851,9.297571,9.664216,79500.00
08/20/2012,9.772601,9.871134,9.656154,9.871134,44200,0.000,0.0,-,9.287451,9.006407,9.234196,9.631973,80800.00
08/17/2012,9.665114,9.898008,9.611368,9.826348,82900,0.000,0.0,-,9.286913,8.979454,9.189548,9.596172,81788.00
08/16/2012,9.530750,9.817389,9.405345,9.790517,55100,0.000,0.0,-,9.284097,8.948939,9.149369,9.571982,81998.00
08/15/2012,9.333685,9.602409,9.333685,9.557622,64600,0.000,0.0,-,9.283435,8.918783,9.126138,9.487182,83040.00
08/14/2012,9.790516,9.790516,9.279940,9.342643,106200,0.000,0.0,-,9.284904,8.888471,9.114551,9.342755,83580.00
08/13/2012,9.521793,9.683027,9.494920,9.683027,45900,0.000,0.0,-,9.287667,8.862816,9.112822,9.281345,83270.00
08/10/2012,9.575535,9.593450,9.396385,9.512833,68300,0.000,0.0,-,9.283723,8.829639,9.095857,9.202835,85312.00
08/09/2012,9.575533,9.691980,9.557619,9.593449,46100,0.050,0.0,-,9.280060,8.801293,9.092306,9.159178,87026.00
08/08/2012,9.513129,9.620118,9.468549,9.575539,53000,0.000,0.0,-,9.277091,8.768838,9.075808,9.046831,89940.00
08/07/2012,9.629031,9.691441,9.522042,9.566620,98000,0.000,0.0,-,9.272412,8.741555,9.042373,8.930926,91452.00
08/06/2012,9.620116,9.629031,9.343726,9.513126,79200,0.000,0.0,-,9.266943,8.716056,9.007602,8.836419,90636.00
08/03/2012,9.147577,9.584450,9.120829,9.584450,92300,0.000,0.0,-,9.261478,8.691449,8.984421,8.782924,90040.00
08/02/2012,8.514559,9.227821,8.514559,8.942515,118800,0.000,0.0,-,9.257237,8.665950,8.958565,8.726755,89934.00
08/01/2012,8.808778,9.004925,8.006358,8.113348,168300,0.000,0.0,-,9.255153,8.650793,8.991554,8.765093,89698.00
07/31/2012,8.835528,9.058422,8.719623,8.728539,53000,0.000,0.0,-,9.259233,8.658460,9.064217,8.886348,87906.00
07/30/2012,9.111914,9.165408,8.880104,8.897935,30700,0.000,0.0,-,9.259359,8.650614,9.091410,8.944300,88836.00
07/27/2012,8.514563,9.138667,8.282753,9.076257,68500,0.000,0.0,-,9.259297,8.639202,9.093194,8.988880,89666.00
07/26/2012,8.603716,8.666127,8.407570,8.469980,32600,0.000,0.0,-,9.256939,8.629217,9.066000,9.025434,89488.00
07/25/2012,8.701793,8.764203,8.407573,8.416488,40700,0.000,0.0,-,9.257261,8.631000,9.060651,9.104784,90216.00
07/24/2012,9.022762,9.076257,8.585889,8.621552,45300,0.000,0.0,-,9.254513,8.633675,9.053518,9.153821,91508.00
07/23/2012,8.826612,9.085169,8.790949,8.978180,43900,0.000,0.0,-,9.253067,8.634209,9.032566,9.178785,91882.00
07/20/2012,9.201076,9.227824,9.004929,9.022760,93700,0.000,0.0,-,9.247556,8.628860,8.998240,9.185918,92054.00
07/19/2012,9.379388,9.415051,9.263483,9.325893,32100,0.000,0.0,-,9.241250,8.621371,8.961686,9.190375,91300.00
07/18/2012,9.316977,9.504209,9.245651,9.325893,93900,0.000,0.0,-,9.229215,8.611367,8.934493,9.218014,92382.00
07/17/2012,9.450718,9.450718,9.120834,9.308065,40400,0.000,0.0,-,9.219111,8.599057,8.915770,9.242087,91684.00
07/16/2012,9.397221,9.539873,9.308063,9.343726,73700,0.000,0.0,-,9.211159,8.586748,8.882781,9.238520,93608.00
07/13/2012,9.281317,9.539874,9.281317,9.441801,88800,0.000,0.0,-,9.202020,8.580468,8.854697,9.197508,95132.00
07/12/2012,8.844442,9.325893,8.790947,9.263483,58900,0.000,0.0,-,9.194234,8.580209,8.803876,9.106567,95216.00
07/11/2012,8.915771,8.960350,8.799865,8.906855,61000,0.000,0.0,-,9.186417,8.578727,8.755731,9.016518,96444.00
07/10/2012,9.147580,9.147580,8.808781,8.871191,46300,0.000,0.0,-,9.179945,8.588280,8.727647,8.953216,96944.00
07/09/2012,9.049507,9.165412,8.915771,9.049507,116400,0.000,0.0,-,9.172949,8.602804,8.692429,8.886348,97738.00
07/06/2012,9.459630,9.539873,9.022758,9.067337,83500,0.000,0.0,-,9.165631,8.607907,8.666128,8.810563,96356.00
07/05/2012,9.522042,9.718189,9.441800,9.602284,76200,0.000,0.0,-,9.160727,8.613364,8.627790,8.732996,97124.00
07/03/2012,9.308063,9.584452,9.263484,9.566620,62300,0.000,0.0,-,9.154861,8.603686,8.561813,8.650971,97682.00
07/02/2012,8.915769,9.299148,8.880106,9.272400,161700,0.000,0.0,-,9.150358,8.589400,8.485583,8.589452,99064.00
06/29/2012,8.773117,8.987096,8.728538,8.933601,104400,0.000,0.0,-,9.147765,8.583304,8.424956,8.527042,97474.00
06/28/2012,8.264917,8.532390,8.220338,8.532390,55700,0.000,0.0,-,9.146076,8.578485,8.379486,8.511885,98468.00
06/27/2012,8.291667,8.389740,8.273835,8.362993,67300,0.000,0.0,-,9.145339,8.582045,8.357642,8.501186,98448.00
06/26/2012,8.193592,8.354076,8.113351,8.273834,53500,0.000,0.0,-,9.144264,8.593073,8.338028,8.494945,98488.00
06/25/2012,8.157933,8.318417,8.149018,8.202512,77800,0.000,0.0,-,9.143854,8.602514,8.334907,8.502077,98460.00
06/22/2012,8.371904,8.425398,8.184673,8.291662,397300,0.000,0.0,-,9.144504,8.613381,8.339364,8.498511,98994.00
06/21/2012,8.746366,8.862271,8.273830,8.291662,63900,0.000,0.0,-,9.145234,8.626546,8.338919,8.521692,93522.00
06/20/2012,8.969265,8.996012,8.746371,8.782034,55200,0.000,0.0,-,9.143857,8.634388,8.339810,8.522584,94446.00
06/19/2012,8.666128,8.996011,8.657212,8.951432,71100,0.000,0.0,-,9.139458,8.631358,8.309943,8.472656,95708.00
06/18/2012,8.675044,8.808781,8.621550,8.648297,65100,0.000,0.0,-,9.136011,8.629731,8.287207,8.381715,95922.00
06/15/2012,8.416487,8.826612,8.354077,8.782034,145300,0.000,0.0,-,9.134739,8.641439,8.271605,8.322871,96252.00
06/14/2012,8.336244,8.505643,8.336244,8.425401,69600,0.000,0.0,-,9.133720,8.651182,8.248869,8.247087,95038.00
06/13/2012,8.336242,8.469978,8.247084,8.300579,99200,0.000,0.0,-,9.134133,8.676751,8.256448,8.214099,95608.00
06/12/2012,8.247086,8.354076,8.086602,8.345160,54800,0.000,0.0,-,9.133765,8.710315,8.269376,8.181110,97182.00
06/11/2012,8.666130,8.666130,8.140099,8.166846,133300,0.000,0.0,-,9.131506,8.736957,8.279629,8.167736,97812.00
06/08/2012,8.256004,8.559141,8.166846,8.523478,93600,0.000,0.0,-,9.131500,8.772309,8.303702,8.180218,97288.00
06/07/2012,8.434315,8.505641,8.264916,8.300579,93400,0.000,0.0,-,9.128920,8.800173,8.313063,8.156145,97370.00
06/06/2012,8.140098,8.282750,8.113351,8.282750,107200,0.000,0.0,-,9.126538,8.830367,8.330449,8.157037,97358.00
06/05/2012,8.033108,8.256002,8.006360,8.042024,91600,0.000,0.0,-,9.124288,8.863579,8.357596,8.147230,97014.00
06/04/2012,8.068773,8.184678,8.015278,8.059857,90700,0.000,0.0,-,9.123155,8.893977,8.391015,8.192700,97290.00
06/01/2012,7.854793,8.184676,7.854793,8.024192,148000,0.000,0.0,-,9.125077,8.918341,8.422654,8.220339,97130.00
05/31/2012,8.006363,8.149016,7.863711,8.095521,154000,0.000,0.0,-,9.127875,8.947499,8.472930,8.250652,95080.00
05/30/2012,8.095519,8.095519,7.943951,7.970698,191800,0.000,0.0,-,9.130971,8.975585,8.539597,8.298797,94206.00
05/29/2012,8.211420,8.398651,7.997442,8.211420,128600,0.000,0.0,-,9.133731,9.011844,8.600531,8.357642,92426.00
05/25/2012,8.300578,8.336241,8.166841,8.291662,57200,0.000,0.0,-,9.135244,9.040450,8.659185,8.391522,93470.00
05/24/2012,8.300582,8.434318,8.015277,8.282750,49400,0.000,0.0,-,9.133955,9.066920,8.724472,8.427186,93658.00
05/23/2012,8.086602,8.345159,8.006360,8.309496,87000,0.000,0.0,-,9.136202,9.091084,8.775568,8.469981,94692.00
05/22/2012,8.478896,8.603717,8.140097,8.184676,107000,0.000,0.0,-,9.136570,9.115423,8.827101,8.503861,95726.00
05/21/2012,8.389738,8.550222,8.166844,8.496727,78700,0.000,0.0,-,9.141971,9.137113,8.873788,8.567963,101546.00
05/18/2012,8.300583,8.469983,8.256004,8.336246,99500,0.000,0.0,-,9.148432,9.150611,8.891567,8.589329,102926.00
05/17/2012,8.585884,8.594800,8.318411,8.327327,72200,0.000,0.0,-,9.158621,9.164303,8.923136,8.624969,105932.00
05/16/2012,8.585886,8.728538,8.559139,8.576970,59600,0.000,0.0,-,9.160515,9.176044,8.941402,8.695208,105950.00
05/15/2012,8.541312,8.808785,8.469986,8.559144,69000,0.000,0.0,-,9.162863,9.180498,8.948072,8.780397,107724.00
05/14/2012,8.514559,8.630464,8.461064,8.550222,105300,0.000,0.0,-,9.165650,9.190604,8.965835,8.843420,109850.00
05/11/2012,8.630466,8.764202,8.568055,8.648297,64000,0.000,0.0,-,9.167608,9.199300,8.975617,8.926849,112274.00
05/10/2012,8.737452,8.782031,8.639378,8.710705,52500,0.050,0.0,-,9.169120,9.219273,8.980496,9.021758,114474.00
05/09/2012,8.674907,8.825698,8.648297,8.648297,56000,0.000,0.0,-,9.171323,9.247001,8.992455,9.081155,116352.00
05/08/2012,8.648293,8.878915,8.515243,8.825694,86200,0.000,0.0,-,9.174188,9.281803,8.994229,9.150342,117086.00
05/07/2012,8.657167,8.816828,8.657167,8.710387,59000,0.000,0.0,-,9.176734,9.316410,8.984472,9.179613,116326.00
05/04/2012,8.958750,8.958750,8.692648,8.692648,136600,0.000,0.0,-,9.181079,9.355442,8.992455,9.193805,116148.00
05/03/2012,9.366773,9.402253,8.958750,9.029711,149900,0.000,0.0,-,9.184464,9.399065,9.019508,9.221302,115794.00
05/02/2012,9.091802,9.455474,8.949882,9.428864,93000,0.000,0.0,-,9.186688,9.428180,9.031483,9.187596,114264.00
05/01/2012,9.393382,9.668353,9.162760,9.189370,120300,0.000,0.0,-,9.185519,9.452842,9.045231,9.115748,113626.00
04/30/2012,9.553042,9.553042,9.366771,9.384511,86000,0.000,0.0,-,9.186290,9.482647,9.084702,9.088251,113166.00
04/27/2012,9.331291,9.632872,9.242590,9.597392,86000,0.000,0.0,-,9.186173,9.509608,9.099338,9.024386,112996.00
04/26/2012,9.304677,9.357898,9.251457,9.304677,47300,0.000,0.0,-,9.185166,9.527899,9.116191,8.939234,114280.00
04/25/2012,9.278070,9.455471,9.189369,9.340160,121900,0.000,0.0,-,9.185491,9.555927,9.146793,8.903754,115032.00
04/24/2012,8.878918,9.118409,8.816827,9.118409,104100,0.000,0.0,-,9.185945,9.587130,9.170299,8.838116,113964.00
04/23/2012,8.754736,8.887787,8.657166,8.852306,131400,0.000,0.0,-,9.188642,9.620472,9.211544,8.789330,116366.00
04/20/2012,8.816826,9.100668,8.781346,8.967617,82200,0.000,0.0,-,9.193500,9.667081,9.247024,8.791105,114120.00
04/19/2012,8.719258,8.763608,8.506377,8.692648,154100,0.000,0.0,-,9.196340,9.712795,9.262547,8.817715,114006.00
04/18/2012,8.816828,8.861178,8.595076,8.710387,54700,0.000,0.0,-,9.200642,9.762773,9.302019,8.875370,111770.00
04/17/2012,8.852307,9.020839,8.852307,8.914398,69300,0.000,0.0,-,9.204550,9.816632,9.341490,8.974714,111838.00
04/16/2012,8.816828,8.887789,8.639427,8.745868,52100,0.000,0.0,-,9.206303,9.866765,9.384954,9.081154,119468.00
04/13/2012,8.905529,8.905529,8.701518,8.745868,104500,0.000,0.0,-,9.208200,9.916914,9.429748,9.174290,120372.00
04/12/2012,8.666036,9.029708,8.639426,8.949878,123700,0.000,0.0,-,9.210141,9.963885,9.473211,9.293148,121706.00
04/11/2012,8.337844,8.754736,8.337844,8.683776,110100,0.000,0.0,-,9.210930,9.996009,9.500265,9.389832,121436.00
04/10/2012,8.834569,8.887789,8.524117,8.630557,118300,0.000,0.0,-,9.212919,10.039986,9.542397,9.502482,120520.00
04/09/2012,8.994230,9.020839,8.834568,8.870049,81800,0.000,0.0,-,9.215786,10.083615,9.574330,9.633758,119602.00
04/05/2012,9.198238,9.304678,9.153887,9.233718,81600,0.000,0.0,-,9.216712,10.119277,9.589409,9.702944,120192.00
04/04/2012,9.526429,9.561909,9.215978,9.269197,84600,0.000,0.0,-,9.215952,10.146077,9.578765,9.707379,119662.00
04/03/2012,9.943320,10.049761,9.588519,9.703829,98100,0.000,0.0,-,9.213922,10.167578,9.561025,9.728668,119304.00
04/02/2012,9.615133,9.978805,9.570782,9.978805,177900,0.000,0.0,-,9.209283,10.176502,9.515816,9.708267,118038.00
03/30/2012,10.049761,10.067502,9.668349,9.677219,86300,0.000,0.0,-,9.203487,10.182752,9.470098,9.688753,115314.00
03/29/2012,9.801405,10.005416,9.748185,9.934456,107100,0.000,0.0,-,9.199810,10.193091,9.435488,9.685206,114486.00
03/28/2012,9.819141,9.925581,9.624000,9.916712,97700,0.000,0.0,-,9.195065,10.194932,9.421113,9.653273,113294.00
03/27/2012,9.925585,10.085246,9.810275,9.810275,92800,0.000,0.0,-,9.189449,10.190596,9.430133,9.610697,113008.00
03/26/2012,9.712701,9.961062,9.668350,9.943322,90000,0.000,0.0,-,9.184321,10.189801,9.459037,9.582313,112230.00
03/23/2012,9.260329,9.606261,9.180499,9.561911,105400,0.000,0.0,-,9.179707,10.192170,9.489674,9.514901,111746.00
03/22/2012,9.331288,9.331288,9.162757,9.278068,82700,0.000,0.0,-,9.177087,10.196343,9.544677,9.475873,111496.00
03/21/2012,9.561910,9.641741,9.473210,9.482080,45500,0.000,0.0,-,9.176061,10.204956,9.624464,9.450150,111030.00
03/20/2012,9.659484,9.659484,9.464342,9.499823,110300,0.000,0.0,-,9.174189,10.203841,9.674632,9.393382,111304.00
03/19/2012,9.588528,9.943330,9.553048,9.783669,102800,0.000,0.0,-,9.172054,10.205725,9.732740,9.323366,110254.00
03/16/2012,9.659486,9.712706,9.597395,9.641746,180800,0.000,0.0,-,9.168369,10.204580,9.777538,9.251443,109290.00
03/15/2012,9.499821,9.632871,9.393380,9.615131,66600,0.000,0.0,-,9.165088,10.204684,9.832080,9.185769,106658.00
03/14/2012,9.517560,9.570781,9.473211,9.490951,101100,0.000,0.0,-,9.162289,10.206910,9.876920,9.188953,107474.00
03/13/2012,9.375644,9.535305,9.286944,9.526435,138700,0.000,0.0,-,9.159937,10.206323,9.937677,9.249568,107166.00
03/12/2012,9.162757,9.295807,9.145017,9.269197,398000,0.000,0.0,-,9.158018,10.205733,10.006369,9.335761,105800.00
03/09/2012,9.003100,9.340162,9.003100,9.171632,147700,0.000,0.0,-,9.156513,10.206404,10.082186,9.464447,99168.00
03/08/2012,9.011966,9.056316,8.843435,9.020836,249800,0.050,0.0,-,9.154709,10.217852,10.182740,9.613482,96768.00
03/07/2012,8.817313,8.940879,8.817313,8.914401,73100,0.000,0.0,-,9.155875,10.230904,10.294365,9.798778,92302.00
03/06/2012,8.914400,8.958530,8.799660,8.799660,148300,0.000,0.0,-,9.158442,10.246968,10.408222,9.955883,92238.00
03/05/2012,8.976181,9.170356,8.976181,9.064443,175300,0.000,0.0,-,9.161800,10.265679,10.538407,10.142115,90456.00
03/02/2012,9.664621,9.673448,8.905574,8.985009,226500,0.000,0.0,-,9.163834,10.273799,10.656236,10.303633,89334.00
03/01/2012,10.194190,10.194190,9.646970,9.646970,174000,0.000,0.0,-,9.165657,10.272740,10.769652,10.478390,86360.00
02/29/2012,10.467799,10.485452,10.026492,10.097101,146400,0.000,0.0,-,9.164996,10.262678,10.842026,10.564886,88664.00
02/28/2012,10.538407,10.538407,10.291276,10.388364,92700,0.000,0.0,-,9.162475,10.242378,10.864974,10.625786,87222.00
02/27/2012,10.529580,10.697276,10.273622,10.556058,48200,0.000,0.0,-,9.159193,10.213252,10.889687,10.676977,88724.00
02/24/2012,10.838498,10.856151,10.609019,10.661976,50100,0.000,0.0,-,9.154334,10.190834,10.902485,10.699925,90334.00
02/23/2012,10.538404,10.909102,10.529579,10.873797,118900,0.000,0.0,-,9.149814,10.171416,10.902043,10.751999,91072.00
02/22/2012,10.600192,10.661974,10.255972,10.485452,73400,0.000,0.0,-,9.141759,10.150233,10.887039,10.789952,91574.00
02/21/2012,10.714933,10.847325,10.600193,10.661976,61100,0.000,0.0,-,9.136210,10.128345,10.879978,10.860561,92504.00
02/17/2012,10.679627,10.750236,10.450148,10.679627,97300,0.000,0.0,-,9.131125,10.111222,10.854382,10.934700,93238.00
02/16/2012,10.520755,10.750235,10.520755,10.732582,77500,0.000,0.0,-,9.126995,10.090922,10.834964,11.008839,94220.00
02/15/2012,10.794361,10.794361,10.450142,10.511925,150200,0.000,0.0,-,9.124381,10.067974,10.808045,11.060913,95258.00
02/14/2012,10.856144,10.900275,10.617838,10.706100,84900,0.000,0.0,-,9.123523,10.043261,10.783773,11.119166,93716.00
02/13/2012,10.979715,11.015019,10.829671,10.900280,68500,0.000,0.0,-,9.123040,10.012722,10.733464,11.104162,95186.00
02/10/2012,11.006189,11.156234,10.767883,10.785536,224200,0.000,0.0,-,9.120544,9.978830,10.676977,11.102396,99832.00
02/09/2012,11.315109,11.315109,11.165065,11.182717,19100,0.000,0.0,-,9.118447,9.931522,10.640790,11.105045,98462.00
02/08/2012,11.253321,11.288625,11.129755,11.253321,76500,0.000,0.0,-,9.115538,9.875388,10.570180,11.052087,101416.00
02/07/2012,11.394545,11.394545,11.067978,11.191545,42300,0.000,0.0,-,9.111407,9.802131,10.492951,10.984126,101174.00
02/06/2012,11.368065,11.429848,11.129759,11.403370,58100,0.000,0.0,-,9.107497,9.737170,10.404690,10.899395,102004.00
02/03/2012,11.421020,11.518108,11.359237,11.421020,450800,0.000,0.0,-,9.104441,9.677682,10.314222,10.774064,103060.00
02/02/2012,11.103276,11.368061,11.023841,11.253321,97300,0.000,0.0,-,9.101687,9.616612,10.229491,10.661089,96014.00
02/01/2012,10.661972,11.165062,10.547233,11.094453,171200,0.000,0.0,-,9.099685,9.564515,10.149174,10.555176,96088.00
01/31/2012,10.962060,10.962060,10.503101,10.556058,110200,0.000,0.0,-,9.099780,9.512083,10.080771,10.448380,94412.00
01/30/2012,10.706101,10.962059,10.600188,10.882624,64300,0.000,0.0,-,9.102611,9.471824,10.026049,10.362766,94420.00
01/27/2012,10.600191,10.864976,10.600191,10.812018,72400,0.000,0.0,-,9.102809,9.424155,9.956764,10.251557,99734.00
01/26/2012,10.591363,10.759059,10.397188,10.653146,111300,0.000,0.0,-,9.104100,9.372455,9.881301,10.176535,100970.00
01/25/2012,10.291274,10.582537,10.176534,10.573710,55100,0.000,0.0,-,9.108140,9.327620,9.835846,10.088273,102070.00
01/24/2012,10.079449,10.388364,10.079449,10.344234,66700,0.000,0.0,-,9.115400,9.281213,9.790833,10.001777,104450.00
01/23/2012,10.247145,10.423668,10.088275,10.150058,34800,0.000,0.0,-,9.125112,9.239747,9.759500,9.909985,106204.00
01/20/2012,10.185360,10.388361,10.158881,10.291273,41700,0.000,0.0,-,9.136490,9.214281,9.738759,9.854380,108324.00
01/19/2012,10.026487,10.211836,10.000009,10.194184,44900,0.000,0.0,-,9.146553,9.186868,9.697717,9.797893,110542.00
01/18/2012,9.691099,10.035318,9.664621,10.026492,47500,0.000,0.0,-,9.157233,9.170353,9.634611,9.743172,111410.00
01/17/2012,9.849969,9.858795,9.594011,9.699924,83400,0.000,0.0,-,9.167881,9.176157,9.590480,9.713163,114270.00
01/13/2012,9.920572,9.973529,9.735223,9.770528,53900,0.000,0.0,-,9.180510,9.177430,9.559588,9.689332,116978.00
01/12/2012,9.832317,10.097101,9.708751,10.061796,65800,0.000,0.0,-,9.192482,9.167281,9.517664,9.661972,120146.00
01/11/2012,9.629310,9.894094,9.629310,9.770528,92900,0.000,0.0,-,9.201217,9.159209,9.486332,9.586067,122126.00
01/10/2012,9.611662,9.735227,9.585183,9.708749,59400,0.000,0.0,-,9.210973,9.160825,9.482360,9.583420,123102.00
01/09/2012,9.682271,9.682271,9.408661,9.426313,59200,0.000,0.0,-,9.222124,9.164555,9.487656,9.579889,126448.00
01/06/2012,9.735232,9.735232,9.488101,9.594014,57800,0.000,0.0,-,9.235253,9.153915,9.485891,9.609016,127568.00
01/05/2012,9.541055,9.761709,9.355706,9.726404,54600,0.000,0.0,-,9.248411,9.137638,9.496482,9.623137,128610.00
01/04/2012,9.629317,9.726405,9.532230,9.646970,49200,0.000,0.0,-,9.260821,9.123103,9.493393,9.597541,129538.00
01/03/2012,9.779361,9.849970,9.638142,9.726404,107400,0.000,0.0,-,9.272499,9.102958,9.490304,9.526049,130634.00
12/30/2011,9.443964,9.567530,9.443964,9.461617,85700,0.000,0.0,-,9.281259,9.077887,9.467797,9.467797,129660.00
12/29/2011,9.346878,9.664619,9.346878,9.496922,70400,0.000,0.0,-,9.290127,9.057058,9.453675,9.429844,129362.00
12/28/2011,9.717576,9.735228,9.232139,9.302748,66400,0.000,0.0,-,9.298470,9.041845,9.439112,9.373357,130892.00
12/27/2011,9.594011,9.814665,9.594011,9.744056,27700,0.000,0.0,-,9.309219,9.026301,9.394982,9.386596,131058.00
12/23/2011,9.779358,9.814663,9.549879,9.673445,26500,0.000,0.0,-,9.318934,9.010008,9.326579,9.381301,131946.00
12/22/2011,9.788187,9.973536,9.682273,9.717578,69900,0.000,0.0,-,9.328958,8.991616,9.222431,9.395423,132612.00
12/21/2011,9.417490,9.752883,9.249793,9.735230,59200,0.000,0.0,-,9.338718,8.974975,9.133728,9.362766,133270.00
12/20/2011,9.188008,9.496923,9.152703,9.470444,119200,0.000,0.0,-,9.350910,8.952362,9.068415,9.369827,134092.00
12/19/2011,9.249790,9.426314,8.905572,8.932050,77800,0.000,0.0,-,9.363166,8.933639,9.013267,9.389245,134582.00
12/16/2011,9.188008,9.549879,9.055616,9.143877,289200,0.000,0.0,-,9.376772,8.912339,8.999088,9.454558,134678.00
12/15/2011,9.108573,9.135052,8.949703,9.082095,74300,0.000,0.0,-,9.391267,8.896109,8.965537,9.467798,131534.00
12/14/2011,9.267443,9.267443,8.896745,8.932050,167800,0.000,0.0,-,9.406201,8.871983,8.938588,9.477506,132634.00
12/13/2011,9.832317,10.000014,9.338053,9.435141,128700,0.000,0.0,-,9.421062,8.848575,8.916945,9.504867,135228.00
12/12/2011,9.655795,9.726405,9.496925,9.691099,87000,0.000,0.0,-,9.430118,8.798248,8.856539,9.403367,137184.00
12/09/2011,9.443968,9.982363,9.382185,9.814666,144000,0.000,0.0,-,9.439106,8.750528,8.792554,9.271857,138488.00
12/08/2011,9.682274,9.682274,9.355707,9.391011,119900,0.000,0.0,-,9.445442,8.708590,8.714489,9.049438,137238.00
12/07/2011,9.585186,9.841144,9.443968,9.805840,97800,0.000,0.0,-,9.452597,8.671086,8.658484,8.904690,137188.00
12/06/2011,9.567534,9.717579,9.505751,9.664621,146400,0.000,0.0,-,9.457246,8.632661,8.612030,8.767002,138690.00
12/05/2011,9.452791,9.708748,9.364529,9.585182,129400,0.000,0.0,-,9.464332,8.593373,8.574831,8.637290,138420.00
12/02/2011,9.346880,9.541055,9.214487,9.276271,73100,0.000,0.0,-,9.472638,8.553917,8.563994,8.543618,139094.00
12/01/2011,9.152703,9.355704,9.064442,9.179181,158400,0.000,0.0,-,9.482098,8.517831,8.616015,8.463277,141160.00
11/30/2011,8.870268,9.267444,8.861442,9.205662,300800,0.000,0.0,-,9.492261,8.485968,8.645233,8.399669,141028.00
11/29/2011,8.367176,8.508395,8.296567,8.420134,155700,0.000,0.0,-,9.501295,8.463586,8.648104,8.329023,136838.00
11/28/2011,7.864087,8.402482,7.864087,8.376003,166800,0.000,0.0,-,9.514994,8.463762,8.710007,8.309711,134982.00
11/25/2011,7.881742,8.058264,7.590479,7.590479,64400,0.000,0.0,-,9.528609,8.469563,8.783774,8.313251,136124.00
11/23/2011,8.340701,8.340701,7.917047,7.943525,83800,0.050,0.0,-,9.545936,8.492830,8.899012,8.379539,136756.00
11/22/2011,8.393840,8.648465,8.279698,8.428961,110900,0.000,0.0,-,9.562277,8.505875,8.946552,8.412278,137712.00
11/21/2011,8.446519,8.507980,8.332377,8.367497,98500,0.000,0.0,-,9.576494,8.504997,8.964112,8.457057,136962.00
11/18/2011,8.472863,8.683588,8.472863,8.648467,101000,0.000,0.0,-,9.591364,8.500607,8.995720,8.512372,136688.00
11/17/2011,8.525543,8.613345,8.341159,8.472861,87400,0.000,0.0,-,9.604007,8.491475,8.995281,8.584369,138660.00
11/16/2011,8.428962,8.762607,8.428962,8.543103,110600,0.000,0.0,-,9.617572,8.488666,8.995281,8.768753,139428.00
11/15/2011,8.174334,8.551880,7.867028,8.499200,330000,0.000,0.0,-,9.631174,8.486558,8.989135,8.890797,140566.00
11/14/2011,8.341158,8.481640,8.095313,8.227015,134200,0.000,0.0,-,9.644823,8.476900,9.000988,8.967185,137008.00
11/11/2011,8.385061,8.499204,8.270919,8.411402,166300,0.000,0.0,-,9.658794,8.470403,9.015915,9.110302,138358.00
11/10/2011,8.464080,8.516760,8.191894,8.253355,174100,0.000,0.0,-,9.671930,8.467418,9.041816,9.254297,139780.00
11/09/2011,8.587006,8.753829,8.235799,8.270920,154400,0.000,0.0,-,9.687631,8.470227,9.066840,9.418486,139528.00
11/08/2011,9.026013,9.069914,8.604565,8.876750,140800,0.000,0.0,-,9.704153,8.476373,9.097570,9.480825,138658.00
11/07/2011,9.342097,9.491360,8.841627,8.920649,152600,0.000,0.0,-,9.715222,8.468998,9.083961,9.471167,138510.00
11/04/2011,10.536202,10.536202,9.271858,9.368440,88300,0.000,0.0,-,9.725335,8.455125,9.064644,9.479069,137394.00
11/03/2011,9.921590,10.386938,9.710866,10.316697,190500,0.000,0.0,-,9.730958,8.425624,8.989574,9.406193,137830.00
11/02/2011,9.447461,9.789887,9.377220,9.763547,218800,0.000,0.0,-,9.732576,8.382601,8.890358,9.221810,136368.00
11/01/2011,9.227958,9.535263,9.052355,9.263079,212300,0.000,0.0,-,9.738259,8.347480,8.795971,9.087473,135704.00
10/31/2011,9.675742,9.798664,9.500138,9.658181,164800,0.000,0.0,-,9.749214,8.318702,8.720901,9.034792,133400.00
10/28/2011,9.877690,10.176216,9.842569,9.851350,141700,0.000,0.0,-,9.758583,8.282195,8.583930,8.921527,134768.00
10/27/2011,9.254295,9.939148,9.148933,9.895247,226700,0.000,0.0,-,9.765731,8.241476,8.456617,8.829335,136944.00
10/26/2011,8.990892,8.999672,8.648466,8.894310,115200,0.000,0.0,-,9.772876,8.212454,8.347744,8.715193,134240.00
10/25/2011,8.867972,8.973333,8.666027,8.780169,109900,0.000,0.0,-,9.783597,8.206245,8.278819,8.714315,134470.00
10/24/2011,8.648461,9.052349,8.604560,8.999667,101000,0.000,0.0,-,9.794500,8.204938,8.234040,8.696755,133684.00
10/21/2011,8.674805,8.683586,8.402620,8.639685,104000,0.000,0.0,-,9.805127,8.195399,8.169067,8.650220,133974.00
10/20/2011,8.420181,8.481642,8.077754,8.472861,58700,0.000,0.0,-,9.818247,8.192885,8.117703,8.572955,137180.00
10/19/2011,8.701145,8.736266,8.376279,8.420180,70800,0.000,0.0,-,9.832763,8.184102,8.067656,8.558906,140942.00
10/18/2011,8.595782,8.780165,8.420179,8.736264,146900,0.000,0.0,-,9.847067,8.190344,8.025951,8.504469,145648.00
10/17/2011,8.806504,8.867966,8.507979,8.525539,74700,0.000,0.0,-,9.861782,8.183279,7.993464,8.407010,149286.00
10/14/2011,8.867967,8.938208,8.736264,8.929428,72100,0.000,0.0,-,9.876165,8.198067,7.988635,8.246333,155380.00
10/13/2011,8.780168,8.797729,8.578225,8.753828,59800,0.000,0.0,-,9.889178,8.215257,7.975465,8.083900,159018.00
10/12/2011,8.692366,8.973332,8.534323,8.885530,102800,0.000,0.0,-,9.903026,8.247660,7.975465,7.980294,170316.00
10/11/2011,8.411399,8.701144,8.402619,8.604563,100300,0.000,0.0,-,9.916432,8.244071,7.960978,7.843323,171518.00
10/10/2011,8.068972,8.543101,8.042632,8.534322,143700,0.000,0.0,-,9.931372,8.252913,7.950002,7.771326,175892.00
10/07/2011,8.306041,8.306041,7.805571,7.867032,82600,0.000,0.0,-,9.945798,8.264557,7.930686,7.687915,175486.00
10/06/2011,7.814348,8.341159,7.779228,8.332378,132000,0.000,0.0,-,9.962997,8.286053,7.946929,7.662452,175418.00
10/05/2011,7.805569,7.963612,7.612405,7.875811,129300,0.000,0.0,-,9.977567,8.298418,7.946929,7.576406,176826.00
10/04/2011,6.874868,7.814345,6.857307,7.761664,297500,0.000,0.0,-,9.993641,8.323930,7.975026,7.547432,177132.00
10/03/2011,7.269978,7.392901,6.892431,6.918772,226500,0.000,0.0,-,10.010285,8.353123,7.987757,7.579919,172526.00
09/30/2011,7.559722,7.708985,7.296318,7.305097,152200,0.000,0.0,-,10.030104,8.401444,8.036926,7.730937,169418.00
09/29/2011,7.700209,7.779230,7.498265,7.717769,81500,0.000,0.0,-,10.047343,8.446929,8.084778,7.867030,168576.00
09/28/2011,7.875812,7.875812,7.515825,7.515825,117400,0.000,0.0,-,10.062389,8.479968,8.118582,7.970636,170482.00
09/27/2011,7.902151,8.130435,7.796789,7.884590,172900,0.000,0.0,-,10.077751,8.519143,8.171702,8.078632,171504.00
09/26/2011,7.700207,7.770449,7.489483,7.700207,132900,0.000,0.0,-,10.091833,8.545353,8.202872,8.128679,169668.00
09/23/2011,7.498263,7.752888,7.498263,7.612405,163100,0.000,0.0,-,10.106447,8.578220,8.229212,8.173458,169000.00
09/22/2011,7.375340,7.629965,7.331440,7.471922,176400,0.000,0.0,-,10.121413,8.613192,8.243260,8.231407,167726.00
09/21/2011,8.104092,8.183114,7.568503,7.586063,151800,0.000,0.0,-,10.136735,8.651672,8.277942,8.317452,165920.00
09/20/2011,8.402619,8.543102,8.086534,8.086534,91300,0.000,0.0,-,10.151487,8.687346,8.299014,8.402620,164286.00
09/19/2011,8.507982,8.595784,8.314819,8.428961,62900,0.000,0.0,-,10.163260,8.714233,8.285894,8.395596,163574.00
09/16/2011,8.824067,8.911869,8.666024,8.666024,223900,0.000,0.0,-,10.172672,8.738812,8.256090,8.342915,164202.00
09/15/2011,8.657246,8.815289,8.525543,8.753828,96000,0.000,0.0,-,10.180032,8.761968,8.213559,8.302526,161216.00
09/14/2011,8.455301,8.701145,8.218236,8.595783,131600,0.000,0.0,-,10.184530,8.777605,8.198074,8.266528,161392.00
09/13/2011,8.191895,8.464081,8.121654,8.385059,73400,0.000,0.0,-,10.190856,8.796752,8.197477,8.264772,160776.00
09/12/2011,8.033856,8.314822,7.998735,8.147998,84800,0.000,0.0,-,10.198064,8.818891,8.213965,8.277064,163224.00
09/09/2011,8.218236,8.428960,8.104093,8.191895,199600,0.000,0.0,-,10.206369,8.841230,8.232701,8.284966,163448.00
09/08/2011,8.367499,8.516762,8.253357,8.332378,125800,0.000,0.0,-,10.213378,8.859897,8.248806,8.255114,160912.00
09/07/2011,8.156775,8.534323,8.147995,8.437740,167500,0.000,0.0,-,10.219598,8.875929,8.233872,8.238431,160216.00
09/06/2011,7.673867,8.033853,7.673867,8.016294,152100,0.000,0.0,-,10.225723,8.889330,8.248600,8.195408,158772.00
09/02/2011,8.060195,8.165557,7.893372,7.902152,201700,0.000,0.0,-,10.233308,8.910636,8.266935,8.176192,162090.00
09/01/2011,8.411399,8.551882,8.147994,8.262136,237400,0.000,0.0,-,10.240688,8.936669,8.335076,8.169264,160156.00
08/31/2011,8.630907,8.718709,8.332381,8.393843,161500,0.000,0.0,-,10.247001,8.952534,8.411414,8.124591,156770.00
08/30/2011,8.437741,8.666025,8.288478,8.578224,110900,0.000,0.0,-,10.253948,8.966289,8.510420,8.129619,155604.00
08/29/2011,8.349941,8.516764,8.235798,8.507983,133400,0.000,0.0,-,10.259586,8.971990,8.516814,8.130181,154706.00
08/26/2011,7.831908,8.235796,7.770447,8.227015,96800,0.000,0.0,-,10.266436,8.977350,8.543747,8.150865,155808.00
08/25/2011,8.227018,8.288479,7.884591,7.893371,110100,0.000,0.0,-,10.274907,8.989202,8.588222,8.180436,156676.00
08/24/2011,7.963608,8.191892,7.954828,8.165552,117400,0.050,0.0,-,10.284012,9.010172,8.640647,8.242497,156726.00
08/23/2011,7.815400,8.007511,7.754275,8.007511,185600,0.000,0.0,-,10.291584,9.026571,8.679899,8.229313,156482.00
08/22/2011,8.068640,8.068640,7.780475,7.824136,97100,0.000,0.0,-,10.300549,9.042289,8.737096,8.301792,154256.00
08/19/2011,7.666953,7.955119,7.666953,7.832867,233200,0.000,0.0,-,10.309396,9.061500,8.806954,8.357678,154136.00
08/18/2011,8.138498,8.234554,7.754278,7.815403,250500,0.000,0.0,-,10.316261,9.085252,8.882052,8.500888,151214.00
08/17/2011,8.653705,8.749761,8.417933,8.444130,91500,0.000,0.0,-,10.327092,9.109703,8.970248,8.698237,148056.00
08/16/2011,8.601306,8.697361,8.496518,8.583841,126700,0.000,0.0,-,10.333831,9.122277,9.016529,8.891221,147470.00
08/15/2011,8.601308,8.784686,8.505252,8.714827,70600,0.000,0.0,-,10.340259,9.132756,9.061064,8.903446,148706.00
08/12/2011,8.566383,8.644973,8.269485,8.522721,115500,0.000,0.0,-,10.345730,9.139917,9.085078,8.936629,151026.00
08/11/2011,8.103567,8.662434,8.077370,8.513985,264300,0.000,0.0,-,10.351818,9.150395,9.126119,8.996008,151616.00
08/10/2011,8.452860,8.575112,7.972584,8.033710,246800,0.000,0.0,-,10.358423,9.159826,9.168471,9.038797,154422.00
08/09/2011,8.627508,8.819618,7.990050,8.732295,306100,0.000,0.0,-,10.367602,9.180260,9.236583,9.130485,153970.00
08/08/2011,9.020458,9.238766,8.383001,8.383001,328800,0.000,0.0,-,10.373116,9.186023,9.268455,9.172400,149238.00
08/05/2011,9.884955,9.919884,9.212569,9.264962,379400,0.000,0.0,-,10.380376,9.201217,9.320849,9.256230,144994.00
08/04/2011,10.216783,10.426357,9.780168,9.788900,254000,0.000,0.0,-,10.381804,9.195279,9.340497,9.263216,140340.00
08/03/2011,9.911153,10.941563,9.762704,10.373964,624700,0.000,0.0,-,10.380181,9.175719,9.342244,9.242259,138864.00
08/02/2011,8.994263,9.151444,8.697365,8.706098,162900,0.000,0.0,-,10.377271,9.153320,9.300328,9.141837,127998.00
08/01/2011,9.203837,9.343554,8.810884,9.046656,319000,0.000,0.0,-,10.382183,9.167755,9.342680,9.218681,126900.00
07/29/2011,8.802151,9.142711,8.802151,9.116513,123400,0.000,0.0,-,10.385435,9.176247,9.364947,9.233526,122810.00
07/28/2011,8.924404,9.099049,8.819616,8.941868,79200,0.000,0.0,-,10.387907,9.183342,9.372370,9.256230,121886.00
07/27/2011,9.133974,9.177636,8.941863,8.950596,202400,0.000,0.0,-,10.391295,9.191497,9.381539,9.298145,126418.00
07/26/2011,9.195103,9.361017,9.081583,9.151442,144600,0.000,0.0,-,10.394640,9.202779,9.390708,9.342680,124740.00
07/25/2011,9.195106,9.369751,9.160176,9.221303,67200,0.000,0.0,-,10.397196,9.211609,9.388525,9.364511,124688.00
07/22/2011,9.570591,9.570591,9.291158,9.334819,71100,0.000,0.0,-,10.398368,9.221822,9.381539,9.385468,125944.00
07/21/2011,9.439614,9.614260,9.387220,9.579330,110100,0.000,0.0,-,10.398929,9.226810,9.374990,9.417778,130876.00
07/20/2011,9.465804,9.465804,9.212567,9.369748,176800,0.000,0.0,-,10.397837,9.230383,9.348793,9.442228,131710.00
07/19/2011,9.273697,9.492004,9.142712,9.474540,168500,0.000,0.0,-,10.397061,9.228243,9.334384,9.458820,130174.00
07/18/2011,9.291160,9.317357,9.168908,9.195105,81100,0.000,0.0,-,10.396234,9.226266,9.303821,9.466678,129178.00
07/15/2011,9.378481,9.404678,9.282426,9.343552,99500,0.000,0.0,-,10.396503,9.235265,9.282864,9.496369,131354.00
07/14/2011,9.439607,9.439607,9.326087,9.361016,99400,0.000,0.0,-,10.395986,9.245465,9.256667,9.488510,134104.00
07/13/2011,9.413413,9.561862,9.343554,9.395948,86100,0.000,0.0,-,10.394909,9.262442,9.235710,9.464932,135836.00
07/12/2011,9.404678,9.492000,9.334819,9.369748,70100,0.000,0.0,-,10.393096,9.281327,9.215189,9.438735,136454.00
07/11/2011,9.509468,9.526933,9.352287,9.430878,55700,0.000,0.0,-,10.391845,9.306123,9.186372,9.412539,137432.00
07/08/2011,9.666649,9.710310,9.579326,9.657917,94300,0.000,0.0,-,10.389513,9.325526,9.154063,9.377609,138222.00
07/07/2011,9.657919,9.867494,9.614258,9.823833,74600,0.000,0.0,-,10.386519,9.339693,9.122190,9.332201,141172.00
07/06/2011,9.500733,9.614252,9.483268,9.535662,104800,0.000,0.0,-,10.382826,9.355233,9.082895,9.255357,141578.00
07/05/2011,9.474535,9.579323,9.387212,9.553125,100800,0.000,0.0,-,10.380831,9.373062,9.059754,9.209949,140792.00
07/01/2011,9.291165,9.526936,9.282432,9.492007,195800,0.000,0.0,-,10.378319,9.390193,9.037487,9.140964,143124.00
06/30/2011,9.125246,9.326089,9.090317,9.264962,96000,0.000,0.0,-,10.376543,9.416194,9.016529,9.069359,147760.00
06/29/2011,9.168906,9.168906,9.037922,9.125244,72800,0.000,0.0,-,10.377238,9.448299,9.005614,9.024825,146836.00
06/28/2011,9.133973,9.160170,9.072847,9.133973,91000,0.000,0.0,-,10.378675,9.482851,8.998628,9.006487,146712.00
06/27/2011,9.090320,9.186376,9.020462,9.107785,95300,0.000,0.0,-,10.380241,9.522442,8.994699,8.991643,148076.00
06/24/2011,9.221302,9.247499,9.037924,9.081585,318000,0.000,0.0,-,10.380817,9.562731,8.990333,8.960206,147524.00
06/23/2011,8.924403,9.221301,8.906938,9.203836,105000,0.000,0.0,-,10.381740,9.599547,8.993389,8.930516,143990.00
06/22/2011,9.011724,9.107780,9.002992,9.055386,68100,0.000,0.0,-,10.382138,9.636872,8.981600,8.912179,144760.00
06/21/2011,8.950601,9.099050,8.906939,9.081585,103200,0.000,0.0,-,10.383450,9.684986,8.969375,8.910433,149760.00
06/20/2011,8.767223,8.950601,8.714828,8.863277,66000,0.000,0.0,-,10.385493,9.743872,8.977997,8.909559,148884.00
06/17/2011,8.863278,8.994263,8.741026,8.775955,188500,0.000,0.0,-,10.387981,9.812338,9.006225,8.934010,148442.00
06/16/2011,8.933139,8.959337,8.749762,8.819620,140200,0.000,0.0,-,10.391165,9.885331,9.040990,8.963700,145652.00
06/15/2011,8.863277,8.976797,8.784687,8.941868,112600,0.000,0.0,-,10.392018,9.955018,9.073572,8.986403,144438.00
06/14/2011,8.906939,9.029192,8.906939,8.985530,105200,0.000,0.0,-,10.392778,10.022781,9.093960,8.990769,144070.00
06/13/2011,8.810886,8.889477,8.741027,8.793421,74300,0.000,0.0,-,10.394051,10.086195,9.120419,8.997755,146462.00
06/10/2011,8.933134,8.968064,8.758489,8.784686,91100,0.000,0.0,-,10.394691,10.154842,9.160394,9.020459,147638.00
06/09/2011,9.064121,9.072853,8.994263,9.020459,87100,0.000,0.0,-,10.395803,10.222447,9.207757,9.056261,147484.00
06/08/2011,9.011727,9.099051,8.994263,9.037925,92600,0.000,0.0,-,10.395221,10.278211,9.235945,9.051022,147082.00
06/07/2011,9.203835,9.238764,9.064119,9.072851,62200,0.000,0.0,-,10.394510,10.331888,9.271949,9.028318,146146.00
06/06/2011,9.055391,9.238769,8.959336,9.107785,188500,0.000,0.0,-,10.394095,10.389211,9.281443,9.046436,146860.00
06/03/2011,8.863276,9.099048,8.837079,9.072851,186600,0.000,0.0,-,10.393463,10.448095,9.294838,9.078439,144534.00
06/02/2011,8.976797,9.107782,8.959333,9.046656,145000,0.000,0.0,-,10.394164,10.511153,9.323448,9.118281,141948.00
06/01/2011,9.020459,9.090317,8.810884,8.985530,404600,0.000,0.0,-,10.394781,10.574387,9.363795,9.160742,141740.00
05/31/2011,9.107780,9.186370,8.959331,9.055386,224200,0.000,0.0,-,10.394932,10.634326,9.425011,9.197150,135266.00
05/27/2011,9.168908,9.230034,9.011727,9.020459,69500,0.000,0.0,-,10.393533,10.682788,9.489251,9.243083,133538.00
05/26/2011,8.924403,9.203836,8.863277,9.142711,116600,0.000,0.0,-,10.393466,10.727082,9.568706,9.300329,133232.00
05/25/2011,8.784687,9.055388,8.784687,8.968065,146700,0.050,0.0,-,10.392874,10.767541,9.631621,9.359252,133234.00
05/24/2011,9.306168,9.306168,8.802192,8.810882,180200,0.000,0.0,-,10.395771,10.817228,9.701530,9.420868,132576.00
05/23/2011,9.210588,9.410440,9.149762,9.254033,81400,0.000,0.0,-,10.401041,10.874751,9.791030,9.515581,130336.00
05/20/2011,9.410441,9.540780,9.349617,9.427820,108000,0.000,0.0,-,10.403452,10.923237,9.849682,9.516450,130190.00
05/19/2011,9.549469,9.627672,9.340928,9.471266,114500,0.000,0.0,-,10.405509,10.968073,9.898776,9.511236,130556.00
05/18/2011,9.401752,9.514712,9.366995,9.471266,77200,0.000,0.0,-,10.407992,11.022120,9.964814,9.528615,131580.00
05/17/2011,9.558158,9.645051,9.323549,9.349617,305800,0.000,0.0,-,10.410733,11.071127,10.034763,9.566848,135760.00
05/16/2011,9.558158,9.671118,9.488644,9.514711,118500,0.000,0.0,-,10.414425,11.117200,10.109925,9.652871,131912.00
05/13/2011,9.723254,9.758011,9.566848,9.592916,142000,0.000,0.0,-,10.415790,11.167762,10.189865,9.735418,132260.00
05/12/2011,9.514715,9.844906,9.514715,9.731946,130000,0.000,0.0,-,10.416978,11.217280,10.266331,9.837082,134416.00
05/11/2011,9.697187,9.697187,9.453888,9.584227,317700,0.000,0.0,-,10.417729,11.260728,10.325852,9.903989,139410.00
05/10/2011,9.280100,9.810143,9.271411,9.758007,151800,0.000,0.0,-,10.419218,11.293970,10.400145,9.982193,137812.00
05/09/2011,9.393063,9.410441,9.175832,9.262724,100000,0.000,0.0,-,10.418766,11.328584,10.485299,10.066478,138602.00
05/06/2011,9.792767,9.818835,9.358306,9.375684,118700,0.000,0.0,-,10.419504,11.364967,10.623458,10.182914,138554.00
05/05/2011,9.731944,9.897040,9.427821,9.645052,189900,0.000,0.0,-,10.418090,11.393895,10.769003,10.286316,138968.00
05/04/2011,10.096890,10.122958,9.731942,9.853592,237000,0.000,0.0,-,10.413528,11.415705,10.908030,10.401014,137430.00
05/03/2011,10.270673,10.409700,10.166402,10.209848,186000,0.000,0.0,-,10.407837,11.440270,11.030549,10.502678,134332.00
05/02/2011,10.609555,10.618244,10.192471,10.340188,117000,0.000,0.0,-,10.399636,11.460999,11.136557,10.566978,132208.00
04/29/2011,10.444462,10.713828,10.444462,10.609557,119000,0.000,0.0,-,10.389883,11.477564,11.227360,10.644313,131356.00
04/28/2011,10.340189,10.444461,10.296744,10.401014,95200,0.000,0.0,-,10.380798,11.489606,11.308170,10.695579,130120.00
04/27/2011,10.592178,10.592178,10.288055,10.366259,241800,0.000,0.0,-,10.372928,11.501838,11.396365,10.747714,130856.00
04/26/2011,10.453147,10.765960,10.453147,10.600864,94900,0.000,0.0,-,10.365918,11.517708,11.468486,10.818097,127064.00
04/25/2011,10.435770,10.540040,10.409701,10.427080,65500,0.000,0.0,-,10.356619,11.527673,11.524532,10.904120,126416.00
04/21/2011,10.861543,10.861543,10.348878,10.409702,217400,0.000,0.0,-,10.348919,11.540249,11.600128,11.064002,126670.00
04/20/2011,9.827526,10.792030,9.827526,10.792030,427600,0.000,0.0,-,10.340877,11.556289,11.682242,11.251689,125472.00
04/19/2011,10.922367,11.000570,10.774650,10.870232,49800,0.000,0.0,-,10.330108,11.565894,11.753928,11.415047,118674.00
04/18/2011,10.913682,10.983196,10.757275,10.852857,66600,0.000,0.0,-,10.317318,11.575321,11.820835,11.558420,119656.00
04/15/2011,11.096153,11.156977,10.948436,11.113531,159200,0.000,0.0,-,10.305301,11.581805,11.877315,11.706136,120100.00
04/14/2011,10.826787,11.217802,10.800719,11.122221,67700,0.000,0.0,-,10.291767,11.583249,11.895562,11.810407,118224.00
04/13/2011,11.113530,11.113530,10.731204,10.922366,141300,0.000,0.0,-,10.277589,11.586078,11.901210,11.920760,118360.00
04/12/2011,11.348139,11.382896,11.061393,11.070083,143500,0.000,0.0,-,10.265610,11.592211,11.913375,12.045016,119748.00
04/11/2011,11.956386,11.965075,11.417653,11.461099,318100,0.000,0.0,-,10.254524,11.591234,11.932491,12.118875,120048.00
04/08/2011,12.399537,12.399537,12.008521,12.025900,59400,0.000,0.0,-,10.241868,11.582783,11.943787,12.144943,117490.00
04/07/2011,12.399536,12.521185,12.286576,12.286576,43900,0.000,0.0,-,10.225144,11.570135,11.926409,12.136254,118134.00
04/06/2011,12.390850,12.477742,12.269200,12.425607,49000,0.000,0.0,-,10.208746,11.555910,11.895562,12.112794,119194.00
04/05/2011,12.269200,12.512498,12.208376,12.303957,79500,0.000,0.0,-,10.191011,11.529208,11.882963,12.092808,120100.00
04/04/2011,12.190995,12.347402,12.095414,12.330023,94200,0.000,0.0,-,10.174526,11.501995,11.863846,12.083250,119478.00
04/01/2011,12.243134,12.364783,12.121485,12.156241,224800,0.000,0.0,-,10.158126,11.465256,11.830007,12.048493,120048.00
03/31/2011,12.104101,12.225750,12.078033,12.225750,133100,0.000,0.0,-,10.142209,11.434938,11.824337,11.980717,117904.00
03/30/2011,11.904249,12.243130,11.834736,12.164927,83400,0.000,0.0,-,10.126502,11.408423,11.816490,11.881659,117084.00
03/29/2011,11.739155,11.834737,11.374207,11.808669,67000,0.000,0.0,-,10.111785,11.394207,11.803459,11.781733,116726.00
03/28/2011,11.965081,11.991148,11.721782,11.721782,45800,0.000,0.0,-,10.097391,11.388674,11.775342,11.746108,116410.00
03/25/2011,12.112795,12.217067,11.921633,11.939011,97900,0.000,0.0,-,10.084290,11.379858,11.763690,11.742631,116650.00
03/24/2011,12.269203,12.277893,11.991148,12.051972,72200,0.000,0.0,-,10.069030,11.367562,11.720832,11.716564,115850.00
03/23/2011,12.173615,12.251818,11.982452,12.225750,57300,0.000,0.0,-,10.052090,11.347294,11.659338,11.678331,115196.00
03/22/2011,11.982455,12.225753,11.921630,12.208375,134600,0.000,0.0,-,10.034110,11.321991,11.584827,11.673117,115980.00
03/21/2011,11.652263,11.991144,11.652263,11.982454,80900,0.000,0.0,-,10.014500,11.300326,11.528500,11.644443,114330.00
03/18/2011,11.339449,11.487166,11.243867,11.478477,137800,0.000,0.0,-,9.997136,11.285950,11.491694,11.611521,115174.00
03/17/2011,11.408962,11.417651,11.217798,11.235177,54200,0.000,0.0,-,9.984522,11.283905,11.476191,11.667957,113778.00
03/16/2011,11.426342,11.469788,11.148287,11.165666,116700,0.000,0.0,-,9.972781,11.284820,11.475017,11.751321,114448.00
03/15/2011,11.374209,11.521926,11.330763,11.452413,113800,0.000,0.0,-,9.961517,11.295091,11.467362,11.825186,114398.00
03/14/2011,11.478478,11.756533,11.252558,11.687019,68200,0.000,0.0,-,9.951520,11.294086,11.452729,11.804577,113736.00
03/11/2011,11.582751,11.773914,11.478480,11.678332,74100,0.000,0.0,-,9.940351,11.290987,11.423336,11.784749,114238.00
03/10/2011,11.973765,11.982455,11.591439,11.669642,126300,0.000,0.0,-,9.926223,11.287888,11.392212,11.725100,113258.00
03/09/2011,11.912942,12.208376,11.886875,12.173619,165700,0.050,0.0,-,9.912868,11.285828,11.369315,11.640346,111862.00
03/08/2011,11.635925,12.016863,11.575321,11.921629,286200,0.000,0.0,-,9.897334,11.274209,11.324250,11.496537,109348.00
03/07/2011,11.973574,12.016863,11.558006,11.653240,113400,0.000,0.0,-,9.884255,11.264166,11.295247,11.412558,104776.00
03/04/2011,12.103440,12.224648,11.930286,12.042836,135900,0.000,0.0,-,9.872262,11.257240,11.271438,11.371866,104040.00
03/03/2011,12.060152,12.155386,11.982232,12.068809,249800,0.000,0.0,-,9.859986,11.241309,11.228583,11.284424,102572.00
03/02/2011,11.575324,12.337200,11.575324,11.904316,379700,0.000,0.0,-,9.848861,11.221743,11.188325,11.198713,99934.00
03/01/2011,11.523372,11.644579,11.133776,11.246325,237800,0.000,0.0,-,9.840094,11.205467,11.154560,11.109539,98060.00
02/28/2011,11.194383,11.687871,11.194383,11.488745,191300,0.000,0.0,-,9.832868,11.198194,11.143305,11.100882,95282.00
02/25/2011,10.874052,11.099152,10.796133,11.081837,97600,0.000,0.0,-,9.825326,11.183476,11.120795,11.061922,94160.00
02/24/2011,10.770160,10.917341,10.683584,10.822106,139400,0.000,0.0,-,9.820971,11.176377,11.136379,11.059325,94392.00
02/23/2011,11.055863,11.055863,10.666267,10.735528,113000,0.000,0.0,-,9.814714,11.171702,11.174039,11.098284,94704.00
02/22/2011,11.107810,11.185729,11.038548,11.081837,82100,0.000,0.0,-,9.808419,11.171009,11.191788,11.151962,94218.00
02/18/2011,11.229011,11.246325,11.116461,11.246325,79800,0.000,0.0,-,9.799667,11.161832,11.184861,11.177935,94832.00
02/17/2011,11.194383,11.229014,10.977941,11.168409,74400,0.000,0.0,-,9.791673,11.149019,11.147201,11.171010,94970.00
02/16/2011,11.073179,11.263648,11.073179,11.211701,57200,0.000,0.0,-,9.787483,11.136378,11.120795,11.172741,95706.00
02/15/2011,11.133781,11.254989,11.012574,11.012574,132000,0.000,0.0,-,9.792040,11.122872,11.105211,11.177936,96292.00
02/14/2011,11.064522,11.185729,11.064522,11.159757,52200,0.000,0.0,-,9.798362,11.111444,11.127288,11.199580,96744.00
02/11/2011,11.021229,11.099148,10.900022,11.099148,62500,0.000,0.0,-,9.802667,11.094475,11.145902,11.185728,98112.00
02/10/2011,11.107806,11.220356,11.012572,11.055861,78200,0.000,0.0,-,9.808983,11.075255,11.154992,11.179667,99406.00
02/09/2011,11.194386,11.324251,11.116467,11.211701,157500,0.000,0.0,-,9.813808,11.047204,11.168412,11.213433,100586.00
02/08/2011,11.298281,11.350227,11.211704,11.272308,87700,0.000,0.0,-,9.817341,11.020192,11.159754,11.249795,98654.00
02/07/2011,11.151099,11.410829,11.151099,11.341568,98900,0.000,0.0,-,9.820401,10.991275,11.144170,11.231613,97266.00
02/04/2011,11.177071,11.254990,11.064521,11.177071,88800,0.000,0.0,-,9.823029,10.960627,11.133348,11.191787,97338.00
02/03/2011,11.280959,11.280959,10.969283,11.185725,65400,0.000,0.0,-,9.824174,10.928959,11.137677,11.123391,96806.00
02/02/2011,11.168415,11.272308,11.168415,11.263650,74500,0.000,0.0,-,9.824934,10.896773,11.147200,11.068848,96502.00
02/01/2011,11.099150,11.246330,11.029888,11.229015,210700,0.000,0.0,-,9.825177,10.864752,11.148066,11.032486,96414.00
01/31/2011,11.099149,11.159753,10.977942,11.021230,158500,0.000,0.0,-,9.824569,10.830839,11.170576,11.054996,93782.00
01/28/2011,11.341565,11.393510,10.960626,11.038546,190200,0.000,0.0,-,9.825298,10.797977,11.189623,11.106076,91972.00
01/27/2011,11.532034,11.549349,11.358880,11.393511,91600,0.000,0.0,-,9.825855,10.767701,11.214297,11.130317,90790.00
01/26/2011,11.151097,11.661900,11.151097,11.575323,96900,0.000,0.0,-,9.824168,10.735496,11.220791,11.123391,91452.00
01/25/2011,10.839419,11.099148,10.778814,11.090491,94300,0.000,0.0,-,9.821102,10.698104,11.220358,11.069713,91248.00
01/24/2011,10.467138,10.960626,10.467138,10.943311,48400,0.000,0.0,-,9.821058,10.673857,11.245465,11.056727,93448.00
01/21/2011,10.692238,10.726868,10.458480,10.493111,122700,0.000,0.0,-,9.821536,10.653415,11.269274,11.074908,96072.00
01/20/2011,10.830766,10.934658,10.631639,10.640297,117600,0.000,0.0,-,9.824181,10.637839,11.309965,11.151962,96486.00
01/19/2011,11.419484,11.506061,10.891366,10.900023,92100,0.000,0.0,-,9.826729,10.618631,11.340267,11.225552,96574.00
01/18/2011,11.480087,11.523375,11.298275,11.454113,65500,0.000,0.0,-,9.826997,10.596641,11.349790,11.263646,98294.00
01/14/2011,11.272304,11.583980,11.220358,11.532034,51200,0.000,0.0,-,9.825220,10.559432,11.331609,11.286156,101928.00
01/13/2011,11.341564,11.341564,11.159753,11.280960,57800,0.000,0.0,-,9.821261,10.512907,11.299143,11.273170,113760.00
01/12/2011,11.177067,11.419482,11.107805,11.324247,57900,0.000,0.0,-,9.818173,10.486918,11.272737,11.298277,115006.00
01/11/2011,11.021230,11.254988,10.969284,11.038546,39500,0.000,0.0,-,9.815082,10.456272,11.242868,11.318191,116508.00
01/10/2011,11.029888,11.125123,10.882707,10.960627,96500,0.000,0.0,-,9.812651,10.432891,11.220358,11.371003,117496.00
01/07/2011,11.306936,11.341567,10.934656,11.125125,52100,0.000,0.0,-,9.810610,10.409861,11.207372,11.434204,117618.00
01/06/2011,11.402173,11.402173,11.073181,11.263650,123100,0.000,0.0,-,9.808173,10.382163,11.182265,11.463640,119218.00
01/05/2011,11.246331,11.384854,11.142439,11.376197,68000,0.000,0.0,-,9.807263,10.353590,11.149365,11.467969,118766.00
01/04/2011,11.679214,11.679214,11.177068,11.280960,87700,0.000,0.0,-,9.806815,10.323456,11.107375,11.454981,120282.00
01/03/2011,11.480089,11.826396,11.306936,11.679215,114200,0.000,0.0,-,9.805648,10.294537,11.070147,11.435935,120672.00
12/31/2010,11.480091,11.618614,11.376199,11.402172,80700,0.000,0.0,-,9.801380,10.257653,11.008245,11.377062,121668.00
12/30/2010,11.497403,12.034179,11.497403,11.532034,93300,0.000,0.0,-,9.797557,10.220621,10.953701,11.325116,121498.00
12/29/2010,11.583984,11.635929,11.480092,11.523380,25100,0.000,0.0,-,9.792403,10.179268,10.884007,11.247196,121614.00
12/28/2010,11.635931,11.635931,11.445462,11.566669,56500,0.000,0.0,-,9.787590,10.144638,10.790503,11.167546,122296.00
12/27/2010,11.428140,11.687870,11.384851,11.592636,40000,0.000,0.0,-,9.782519,10.107074,10.705225,11.069714,123844.00
12/23/2010,11.289621,11.523379,11.289621,11.419486,57600,0.000,0.0,-,9.777531,10.069164,10.616916,10.980540,125934.00
12/22/2010,11.254989,11.393512,11.151097,11.306935,76600,0.000,0.0,-,9.772982,10.032992,10.536400,10.900889,129674.00
12/21/2010,11.159749,11.246325,11.099145,11.246325,62500,0.000,0.0,-,9.766691,9.999244,10.450736,10.830762,132208.00
12/20/2010,11.125122,11.246329,11.021229,11.090491,117900,0.000,0.0,-,9.760403,9.966708,10.367241,10.759769,133328.00
12/17/2010,10.882706,11.090491,10.813445,11.090491,286000,0.000,0.0,-,9.755194,9.938150,10.295848,10.704360,133172.00
12/16/2010,10.761502,10.951970,10.692240,10.882709,98900,0.000,0.0,-,9.750540,9.905455,10.217990,10.639427,129828.00
12/15/2010,10.735525,10.865391,10.674922,10.752841,135200,0.000,0.0,-,9.746372,9.876744,10.142763,10.582286,130146.00
12/14/2010,10.648952,10.804790,10.640294,10.726871,109200,0.000,0.0,-,9.742683,9.848906,10.081356,10.520817,131158.00
12/13/2010,10.735531,10.761505,10.501774,10.588350,155000,0.000,0.0,-,9.739804,9.818656,10.034177,10.413461,132034.00
12/10/2010,10.666267,10.822105,10.527744,10.700897,88700,0.000,0.0,-,9.738426,9.793074,9.990046,10.340736,131924.00
12/09/2010,10.709556,10.718213,10.545060,10.622979,112800,0.000,0.0,-,9.734742,9.764033,9.948907,10.253293,132352.00
12/08/2010,10.571030,10.726868,10.571030,10.605660,86700,0.000,0.0,-,9.731745,9.736379,9.913818,10.171911,132580.00
12/07/2010,10.622977,10.735526,10.467138,10.536400,111200,0.000,0.0,-,9.728877,9.707174,9.869252,10.070711,137170.00
12/06/2010,10.397877,10.545058,10.293985,10.536400,86500,0.000,0.0,-,9.726611,9.677114,9.826425,9.974714,137488.00
12/03/2010,10.224723,10.475796,10.172776,10.441165,154600,0.000,0.0,-,9.724770,9.648778,9.789632,9.887336,139642.00
12/02/2010,10.129485,10.319954,10.068882,10.311296,120600,0.000,0.0,-,9.722852,9.619243,9.747257,9.796552,142200.00
12/01/2010,9.852444,10.138147,9.809155,10.138147,127200,0.000,0.0,-,9.721329,9.594202,9.691981,9.703240,144924.00
11/30/2010,9.731234,9.731234,9.584053,9.653315,137200,0.000,0.0,-,9.719693,9.573141,9.684151,9.641896,146342.00
11/29/2010,9.748549,9.895730,9.566738,9.861099,60900,0.000,0.0,-,9.720099,9.562811,9.691081,9.654894,149414.00
11/26/2010,9.731233,9.887072,9.696603,9.826468,18300,0.050,0.0,-,9.719424,9.546602,9.691500,9.639356,153786.00
11/24/2010,9.705723,9.903974,9.688483,9.809158,102500,0.000,0.0,-,9.718667,9.532809,9.690635,9.644520,156844.00
11/23/2010,9.429887,9.653998,9.386789,9.593660,62200,0.000,0.0,-,9.717444,9.524706,9.687187,9.655725,157528.00
11/22/2010,9.619525,9.645384,9.395414,9.576427,50200,0.000,0.0,-,9.717978,9.521086,9.699254,9.667793,158212.00
11/19/2010,9.481610,9.697101,9.455751,9.662622,70100,0.000,0.0,-,9.717833,9.518500,9.713908,9.678137,160352.00
11/18/2010,9.507466,9.636761,9.447128,9.533325,79100,0.000,0.0,-,9.718788,9.509708,9.722527,9.691928,160638.00
11/17/2010,9.541948,9.541948,9.352316,9.378175,68000,0.000,0.0,-,9.719837,9.504364,9.737612,9.697961,161364.00
11/16/2010,9.722957,9.731577,9.447129,9.524706,131100,0.000,0.0,-,9.723446,9.502468,9.746231,9.680722,163264.00
11/15/2010,9.757437,9.895351,9.636763,9.783297,124700,0.000,0.0,-,9.726154,9.498330,9.743214,9.726406,162510.00
11/12/2010,9.757435,9.783295,9.619521,9.705718,86700,0.000,0.0,-,9.727653,9.492469,9.743645,9.727268,162024.00
11/11/2010,9.791915,9.972928,9.774676,9.878112,204300,0.000,0.0,-,9.728987,9.485573,9.742783,9.743645,161840.00
11/10/2010,9.757438,9.938451,9.636764,9.921212,179600,0.000,0.0,-,9.729842,9.476264,9.733733,9.736749,160766.00
11/09/2010,9.705720,9.783297,9.593665,9.714340,143400,0.000,0.0,-,9.731289,9.457646,9.718217,9.718648,159710.00
11/08/2010,9.619521,9.722957,9.541944,9.679858,122000,0.000,0.0,-,9.733813,9.445233,9.713476,9.730716,159534.00
11/05/2010,9.636762,9.826394,9.541946,9.800535,178100,0.000,0.0,-,9.736935,9.436441,9.710460,9.749679,159086.00
11/04/2010,9.360930,9.653998,9.352311,9.593660,247200,0.000,0.0,-,9.739283,9.418857,9.703564,9.753126,157594.00
11/03/2010,10.024645,10.067743,9.110962,9.205779,642800,0.000,0.0,-,9.743516,9.407126,9.696668,9.777262,155960.00
11/02/2010,9.921209,10.050503,9.895350,9.981546,120100,0.000,0.0,-,9.750580,9.401094,9.708736,9.811741,147588.00
11/01/2010,9.878114,10.067746,9.619524,9.791917,133000,0.000,0.0,-,9.755934,9.379375,9.677706,9.760023,149008.00
10/29/2010,9.757432,9.921206,9.722954,9.869488,88900,0.000,0.0,-,9.762619,9.363336,9.648830,9.760023,149720.00
10/28/2010,9.826397,9.835017,9.636766,9.809158,102600,0.000,0.0,-,9.769638,9.345574,9.620816,9.741922,150562.00
10/27/2010,9.740199,9.783297,9.602285,9.740199,132100,0.000,0.0,-,9.775812,9.333650,9.592802,9.730716,150504.00
10/26/2010,9.783297,9.895352,9.671241,9.835014,100500,0.000,0.0,-,9.782202,9.322248,9.567805,9.717787,152192.00
10/25/2010,9.921206,10.050500,9.809151,9.869488,143800,0.000,0.0,-,9.788204,9.305862,9.533326,9.696237,153520.00
10/22/2010,9.878113,9.947070,9.774677,9.835014,107200,0.000,0.0,-,9.794798,9.283982,9.491521,9.671241,153182.00
10/21/2010,9.619523,9.843634,9.412652,9.835014,164000,0.000,0.0,-,9.801905,9.267424,9.455749,9.654002,153954.00
10/20/2010,9.533331,9.679864,9.481612,9.550570,72200,0.000,0.0,-,9.807014,9.251209,9.412220,9.616075,154540.00
10/19/2010,9.619523,9.826394,9.421271,9.464369,99100,0.000,0.0,-,9.812737,9.251149,9.387654,9.605731,155320.00
10/18/2010,9.714341,9.809157,9.662622,9.791917,59200,0.000,0.0,-,9.819487,9.259160,9.368691,9.595388,155540.00
10/15/2010,9.817771,9.826390,9.628138,9.688476,133900,0.000,0.0,-,9.822983,9.258047,9.335936,9.537636,157438.00
10/14/2010,9.628142,9.705719,9.567804,9.697099,144500,0.000,0.0,-,9.828102,9.261062,9.304043,9.499710,157012.00
10/13/2010,9.679862,9.791917,9.550567,9.610905,244600,0.000,0.0,-,9.833178,9.266477,9.276030,9.454887,158172.00
10/12/2010,9.559185,9.654001,9.421271,9.619522,203300,0.000,0.0,-,9.839195,9.274646,9.265686,9.417823,157502.00
10/11/2010,9.654001,9.688479,9.541945,9.619522,118500,0.000,0.0,-,9.845338,9.284015,9.255342,9.370415,157252.00
10/08/2010,9.490230,9.705721,9.378174,9.662622,110100,0.000,0.0,-,9.850930,9.287379,9.246723,9.311801,157922.00
10/07/2010,9.498848,9.559185,9.421271,9.455750,118800,0.000,0.0,-,9.855923,9.290739,9.224743,9.257497,159024.00
10/06/2010,9.317835,9.447129,9.300595,9.447129,114800,0.000,0.0,-,9.862163,9.299266,9.215261,9.208365,160586.00
10/05/2010,9.335079,9.404036,9.214404,9.360938,185800,0.000,0.0,-,9.867978,9.307965,9.207072,9.169577,163356.00
10/04/2010,9.266115,9.326452,9.179918,9.214396,153000,0.000,0.0,-,9.873204,9.314099,9.204917,9.141994,163990.00
10/01/2010,9.343694,9.360933,9.205780,9.309216,149500,0.000,0.0,-,9.880014,9.318017,9.218709,9.134236,165776.00
09/30/2010,9.335069,9.378168,9.093720,9.248873,110100,0.000,0.0,-,9.886179,9.313690,9.221295,9.108377,166580.00
09/29/2010,9.085104,9.248877,9.085104,9.240258,124200,0.000,0.0,-,9.892688,9.303365,9.229484,9.097172,167688.00
09/28/2010,9.085106,9.154063,8.895473,9.145443,316200,0.000,0.0,-,9.897582,9.292869,9.216985,9.113549,167772.00
09/27/2010,9.136824,9.154063,8.998909,9.033387,127100,0.000,0.0,-,9.902866,9.281353,9.214400,9.140270,164242.00
09/24/2010,9.119582,9.119582,9.050625,9.119582,194200,0.000,0.0,-,9.907944,9.268475,9.224743,9.181644,165256.00
09/23/2010,8.964430,9.050627,8.912712,8.964430,282500,0.000,0.0,-,9.912465,9.261936,9.214831,9.191988,163486.00
09/22/2010,9.076485,9.119583,9.007528,9.059246,256800,0.000,0.0,-,9.917420,9.259187,9.216965,9.222157,159016.00
09/21/2010,9.145442,9.171302,9.085105,9.085105,198100,0.000,0.0,-,9.922242,9.257286,9.209211,9.244568,157320.00
09/20/2010,9.050625,9.231638,8.964428,9.136822,290800,0.000,0.0,-,9.926382,9.250408,9.199736,9.267841,154976.00
09/17/2010,9.188538,9.188538,8.947188,9.050624,279500,0.000,0.0,-,9.930008,9.245412,9.192392,9.303181,150700.00
09/16/2010,9.369552,9.369552,9.102343,9.136822,171200,0.000,0.0,-,9.934193,9.240424,9.188930,9.334213,146556.00
09/15/2010,9.352312,9.481606,9.343692,9.404029,136700,0.000,0.0,-,9.936927,9.230453,9.192739,9.361796,146816.00
09/14/2010,9.404033,9.472990,9.274739,9.412653,96400,0.000,0.0,-,9.938154,9.208618,9.181042,9.320422,147938.00
09/13/2010,9.283356,9.481608,9.214398,9.447129,157200,0.000,0.0,-,9.940656,9.189355,9.161194,9.288529,148772.00
09/10/2010,9.326454,9.378172,9.136823,9.223019,84400,0.000,0.0,-,9.942221,9.168546,9.127613,9.267842,149838.00
09/09/2010,9.438510,9.438510,9.093724,9.266117,115400,0.000,0.0,-,9.944779,9.149816,9.116818,9.237673,153140.00
09/08/2010,9.326455,9.464369,9.205781,9.283358,163000,0.000,0.0,-,9.945174,9.135028,9.104725,9.211773,154194.00
09/07/2010,9.455748,9.541944,9.300594,9.317834,93400,0.000,0.0,-,9.945864,9.126415,9.117934,9.173855,154022.00
09/03/2010,9.490230,9.541947,9.291977,9.490230,100400,0.000,0.0,-,9.946805,9.118657,9.145289,9.131631,161028.00
09/02/2010,9.369558,9.421276,9.248883,9.360938,77500,0.000,0.0,-,9.947941,9.102475,9.157591,9.081604,162856.00
09/01/2010,9.154063,9.412653,9.016149,9.412653,150600,0.000,0.0,-,9.950360,9.095399,9.181504,9.043648,167136.00
08/31/2010,9.059247,9.257498,8.938571,8.990290,126800,0.000,0.0,-,9.950869,9.084714,9.209265,9.023681,173244.00
08/30/2010,9.205781,9.231639,9.067867,9.093725,134600,0.000,0.0,-,9.953913,9.085051,9.260718,9.041662,177732.00
08/27/2010,9.050626,9.240258,8.947190,9.240258,99600,0.050,0.0,-,9.957921,9.084176,9.310430,9.033859,179264.00
08/26/2010,9.032847,9.075738,8.878440,8.921330,103500,0.000,0.0,-,9.961578,9.078827,9.337803,8.987383,190528.00
08/25/2010,8.835550,9.024270,8.826971,9.007113,165500,0.000,0.0,-,9.965390,9.082087,9.383268,8.995962,190188.00
08/24/2010,8.749768,9.041427,8.732612,8.904176,224200,0.000,0.0,-,9.966911,9.086376,9.427017,8.997677,189748.00
08/23/2010,9.050003,9.170098,8.869861,8.895596,191100,0.000,0.0,-,9.971063,9.086891,9.475913,9.062014,187824.00
08/20/2010,8.912754,8.998535,8.784080,8.989957,168600,0.000,0.0,-,9.971829,9.091008,9.514515,9.158948,187790.00
08/19/2010,9.152943,9.152943,8.938488,8.981380,131000,0.000,0.0,-,9.973774,9.088949,9.535531,9.233578,188048.00
08/18/2010,9.144364,9.333085,9.084317,9.212990,99700,0.000,0.0,-,9.975001,9.082602,9.541107,9.319360,195798.00
08/17/2010,9.144364,9.298772,9.127208,9.170098,216500,0.000,0.0,-,9.975069,9.070935,9.517088,9.394849,206148.00
08/16/2010,8.706878,9.015694,8.578205,9.015694,166900,0.000,0.0,-,9.976198,9.053264,9.494356,9.479773,206032.00
08/13/2010,8.947066,8.947066,8.689720,8.775501,126900,0.000,0.0,-,9.976915,9.043142,9.472052,9.587000,207388.00
08/12/2010,8.826971,9.075739,8.758346,9.007113,145800,0.000,0.0,-,9.980017,9.046745,9.452752,9.688223,211056.00
08/11/2010,9.333084,9.341662,8.964221,9.024269,193300,0.000,0.0,-,9.981877,9.044343,9.442029,9.770574,220150.00
08/10/2010,9.719104,9.727682,9.384553,9.547540,111200,0.000,0.0,-,9.984412,9.042113,9.432164,9.856356,224384.00
08/09/2010,9.770574,9.899247,9.710526,9.864934,110100,0.000,0.0,-,9.985305,9.040225,9.402998,9.889811,226404.00
08/06/2010,9.667637,9.882092,9.530385,9.736262,154100,0.000,0.0,-,9.983172,9.031990,9.346811,9.870082,229114.00
08/05/2010,9.882093,9.959296,9.822045,9.839202,112600,0.000,0.0,-,9.982740,9.014319,9.304349,9.837485,230068.00
08/04/2010,10.070810,10.148014,9.873512,9.967872,202500,0.000,0.0,-,9.982089,8.997506,9.252450,9.762854,230418.00
08/03/2010,10.070809,10.242373,9.710525,10.019341,211100,0.000,0.0,-,9.980246,8.979485,9.185969,9.639328,228692.00
08/02/2010,9.942140,10.087970,9.822045,10.087970,190800,0.000,0.0,-,9.978018,8.965216,9.100616,9.508939,231352.00
07/30/2010,9.641902,9.916405,9.607589,9.787731,152000,0.000,0.0,-,9.975827,8.948550,9.018694,9.357105,234454.00
07/29/2010,9.993605,9.993605,9.761994,9.830620,165200,0.000,0.0,-,9.974334,8.944548,8.949640,9.217280,235786.00
07/28/2010,9.873513,9.942139,9.804888,9.882092,196900,0.000,0.0,-,9.972161,8.944810,8.872436,9.113484,236252.00
07/27/2010,9.770575,10.045077,9.693371,9.882092,253300,0.000,0.0,-,9.970111,8.950190,8.804668,9.007972,238602.00
07/26/2010,9.470339,9.753419,9.436026,9.667638,217500,0.000,0.0,-,9.967807,8.948570,8.753198,8.916185,239996.00
07/23/2010,9.024271,9.427446,9.015692,9.410290,242300,0.000,0.0,-,9.967930,8.954824,8.716312,8.823540,239188.00
07/22/2010,8.878439,9.118628,8.869860,9.092894,189700,0.000,0.0,-,9.969340,8.970835,8.679854,8.771213,240412.00
07/21/2010,8.801236,8.809815,8.612516,8.732611,165500,0.000,0.0,-,9.971024,8.980388,8.675565,8.742047,246038.00
07/20/2010,8.449531,8.732612,8.406640,8.715455,128400,0.000,0.0,-,9.974976,8.995269,8.682857,8.732611,251330.00
07/19/2010,8.406639,8.595360,8.312279,8.569625,139700,0.000,0.0,-,9.979690,9.007590,8.697440,8.692293,261956.00
07/16/2010,8.775504,8.792661,8.372329,8.389485,177800,0.000,0.0,-,9.985896,9.029145,8.721459,8.680284,273988.00
07/15/2010,8.844125,8.852702,8.578200,8.792655,105700,0.000,0.0,-,9.995669,9.067963,8.750625,8.681999,294988.00
07/14/2010,8.904176,8.904176,8.706877,8.826972,59000,0.000,0.0,-,10.004441,9.134575,8.765208,8.631388,301782.00
07/13/2010,8.887017,9.015691,8.809814,8.964221,172000,0.000,0.0,-,10.012450,9.203575,8.784938,8.601364,304214.00
07/12/2010,8.826976,8.998540,8.638255,8.741194,80900,0.000,0.0,-,10.020026,9.264706,8.783222,8.590212,307830.00
07/09/2010,8.758344,8.904173,8.663984,8.887016,77000,0.000,0.0,-,10.028548,9.337129,8.801236,8.609084,309570.00
07/08/2010,8.732611,8.826971,8.595359,8.801236,72300,0.000,0.0,-,10.033336,9.399805,8.801236,8.588496,311426.00
07/07/2010,8.380907,8.638252,8.363750,8.638252,184200,0.000,0.0,-,10.039272,9.462147,8.794373,8.609084,315900.00
07/06/2010,8.518154,8.655405,8.269386,8.312277,192800,0.000,0.0,-,10.046785,9.527067,8.793945,8.633102,317262.00
07/02/2010,8.458109,8.535313,8.320858,8.449532,138100,0.000,0.0,-,10.054912,9.598164,8.792658,8.702586,317458.00
07/01/2010,8.303697,8.458104,8.157868,8.406635,210500,0.000,0.0,-,10.061676,9.657295,8.795660,8.762634,318872.00
06/30/2010,8.535313,8.663986,8.226498,8.286545,249500,0.000,0.0,-,10.067638,9.715919,8.823111,8.819250,317058.00
06/29/2010,8.689717,8.689717,8.440949,8.526731,168100,0.000,0.0,-,10.073989,9.776432,8.853134,8.899028,314918.00
06/28/2010,8.921332,9.032848,8.766924,8.852706,154400,0.000,0.0,-,10.078928,9.828043,8.872436,8.968511,314690.00
06/25/2010,8.724030,9.084315,8.518154,8.929907,443700,0.000,0.0,-,10.081475,9.874331,8.902459,8.976231,315054.00
06/24/2010,8.904172,9.058580,8.672561,8.681139,191800,0.000,0.0,-,10.084525,9.918732,8.928623,8.993388,314678.00
06/23/2010,8.835550,9.118630,8.758346,9.007113,291500,0.000,0.0,-,10.087887,9.966231,8.937201,9.013976,314520.00
06/22/2010,9.007113,9.127208,8.835549,8.878440,456000,0.000,0.0,-,10.090424,10.005332,8.936772,8.979663,312500.00
06/21/2010,9.195834,9.255881,8.895597,9.007113,351200,0.000,0.0,-,10.092673,10.049397,8.946192,8.954787,307342.00
06/18/2010,9.050006,9.187257,8.964224,9.050006,211200,0.000,0.0,-,10.092585,10.090035,8.961131,8.882730,301824.00
06/17/2010,9.084317,9.101473,8.869862,8.972800,662800,0.000,0.0,-,10.094654,10.129473,8.971363,8.828687,299192.00
06/16/2010,9.110054,9.204414,9.032850,9.084320,86500,0.000,0.0,-,10.100028,10.173017,9.002104,8.826971,289030.00
06/15/2010,8.929908,9.264458,8.887017,9.221567,143500,0.000,0.0,-,10.105226,10.210403,9.040076,8.807241,289714.00
06/14/2010,9.152940,9.298770,8.895594,8.929907,128000,0.000,0.0,-,10.110246,10.247947,9.086552,8.776360,289592.00
06/11/2010,8.775503,9.170100,8.775503,9.101475,189400,0.000,0.0,-,10.117782,10.284153,9.130110,8.828687,290094.00
06/10/2010,8.844126,8.912751,8.646827,8.887016,181500,0.000,0.0,-,10.124545,10.315390,9.174054,8.863858,290792.00
06/09/2010,8.749770,8.844130,8.569627,8.663988,518500,0.000,0.0,-,10.133349,10.351770,9.240246,8.860427,289728.00
06/08/2010,8.363748,8.809815,8.295123,8.629673,617200,0.000,0.0,-,10.143227,10.389538,9.285574,8.893882,281422.00
06/07/2010,8.492421,8.655408,8.286545,8.286545,210700,0.000,0.0,-,10.152896,10.427992,9.327922,8.937598,272136.00
06/04/2010,8.844128,8.844128,8.466687,8.509578,234700,0.000,0.0,-,10.163733,10.475016,9.380170,9.039532,271124.00
06/03/2010,8.972801,9.152944,8.861285,8.955645,310300,0.000,0.0,-,10.174088,10.526458,9.437060,9.114040,271764.00
06/02/2010,8.895595,9.032846,8.792656,8.887016,600500,0.000,0.0,-,10.179177,10.573077,9.505797,9.177237,269552.00
06/01/2010,9.221571,9.333088,8.895599,8.912756,405000,0.000,0.0,-,10.185747,10.616287,9.667610,9.272910,260602.00
05/28/2010,9.375977,9.573276,9.290195,9.453181,212200,0.000,0.0,-,10.193200,10.654543,9.835819,9.396745,258654.00
05/27/2010,9.058584,9.487494,8.998536,9.453181,245600,0.000,0.0,-,10.198626,10.678234,9.964200,9.431533,256916.00
05/26/2010,9.024271,9.221569,8.818393,8.852706,201800,0.050,0.0,-,10.202955,10.699193,10.109657,9.484249,257288.00
05/25/2010,8.896086,9.032686,8.733873,8.998536,130100,0.000,0.0,-,10.209234,10.733357,10.268062,9.620065,256118.00
05/24/2010,9.271734,9.357110,9.041222,9.066834,116200,0.000,0.0,-,10.214909,10.764434,10.414054,9.677266,257216.00
05/21/2010,9.160746,9.476634,9.083909,9.305883,344100,0.000,0.0,-,10.216196,10.794998,10.554923,9.718246,259718.00
05/20/2010,9.399798,9.527861,9.211973,9.254661,345900,0.000,0.0,-,10.217258,10.819074,10.682986,9.720808,258044.00
05/19/2010,9.783982,9.886432,9.485169,9.587619,218600,0.000,0.0,-,10.218702,10.834954,10.790558,9.760081,254716.00
05/18/2010,10.304773,10.373073,9.801059,9.843747,188500,0.000,0.0,-,10.218776,10.842979,10.878068,9.834357,257002.00
05/17/2010,9.886433,10.176709,9.698608,10.151096,314400,0.000,0.0,-,10.219214,10.847077,10.951490,10.062309,259092.00
05/14/2010,9.929126,9.929126,9.527862,9.801063,323000,0.000,0.0,-,10.217483,10.847248,10.999301,10.274893,256906.00
05/13/2010,10.134025,10.262088,9.809599,9.980350,177100,0.000,0.0,-,10.215858,10.852209,11.067601,10.496868,254330.00
05/12/2010,9.587620,10.279158,9.493708,10.210858,303500,0.000,0.0,-,10.213589,10.852904,11.126083,10.735065,259434.00
05/11/2010,9.357110,9.749836,9.305885,9.570548,471000,0.000,0.0,-,10.210126,10.851710,11.168344,10.916060,266340.00
05/10/2010,9.681538,9.775450,9.391262,9.476638,430100,0.000,0.0,-,10.209569,10.866552,11.237924,11.150842,264970.00
05/07/2010,9.553475,9.869363,9.271737,9.331500,659700,0.000,0.0,-,10.209355,10.876301,11.318177,11.391599,259956.00
05/06/2010,10.116951,10.193788,9.510787,9.647388,741300,0.000,0.0,-,10.208687,10.890143,11.403552,11.645163,250346.00
05/05/2010,11.423188,11.423188,10.031574,10.330387,1227800,0.000,0.0,-,10.206270,10.897838,11.472279,11.821036,238162.00
05/04/2010,12.080574,12.276937,11.909824,12.123261,445400,0.000,0.0,-,10.200059,10.892892,11.513259,11.921778,217172.00
05/03/2010,12.131802,12.302552,11.986664,12.276939,180600,0.000,0.0,-,10.184758,10.853790,11.454777,11.840672,213762.00
04/30/2010,12.328162,12.379387,12.012274,12.020812,352800,0.000,0.0,-,10.167929,10.809403,11.395868,11.723708,214276.00
04/29/2010,12.131804,12.362316,12.012278,12.362316,167900,0.000,0.0,-,10.153266,10.769119,11.331837,11.638333,209912.00
04/28/2010,11.961050,12.089112,11.867137,12.020812,169800,0.000,0.0,-,10.133692,10.718094,11.246889,11.517101,212870.00
04/27/2010,11.867138,12.200101,11.781764,11.918364,296000,0.000,0.0,-,10.114940,10.672369,11.181150,11.420627,214344.00
04/26/2010,11.884215,11.918365,11.713465,11.884215,252300,0.000,0.0,-,10.096490,10.628522,11.112850,11.325007,214218.00
04/23/2010,11.406112,11.884212,11.397575,11.867137,202600,0.000,0.0,-,10.078084,10.584339,11.046258,11.244754,215746.00
04/22/2010,11.201214,11.440264,11.201214,11.406114,208800,0.000,0.0,-,10.059847,10.538286,10.984788,11.161940,214346.00
04/21/2010,11.303662,11.354888,11.175600,11.337812,119800,0.000,0.0,-,10.044001,10.504175,10.968567,11.123522,212974.00
04/20/2010,11.081685,11.354885,11.081685,11.312198,142500,0.000,0.0,-,10.029507,10.468369,10.966005,11.104739,215278.00
04/19/2010,11.090227,11.226827,10.928015,11.107303,156700,0.000,0.0,-,10.016321,10.439196,10.952772,11.068882,214938.00
04/16/2010,11.167063,11.226825,11.004850,11.167063,172600,0.000,0.0,-,10.004498,10.411911,10.938685,11.068029,214338.00
04/15/2010,11.004851,11.175601,10.987776,11.149989,424900,0.000,0.0,-,9.991869,10.390572,10.912219,11.025341,212742.00
04/14/2010,10.987777,11.081689,10.928015,11.056077,183900,0.000,0.0,-,9.979327,10.368895,10.879776,10.976677,206530.00
04/13/2010,11.021924,11.064612,10.928012,10.962162,190500,0.000,0.0,-,9.967127,10.349436,10.855017,10.941673,205578.00
04/12/2010,11.021925,11.141450,10.987775,11.081687,198100,0.000,0.0,-,9.956240,10.329645,10.834528,10.900694,204958.00
04/09/2010,11.004850,11.115837,11.004850,11.039000,75300,0.000,0.0,-,9.942731,10.308993,10.810196,10.847762,203486.00
04/08/2010,11.081690,11.107303,11.013390,11.021928,79600,0.000,0.0,-,9.928594,10.292426,10.783729,10.807635,204842.00
04/07/2010,10.885326,11.167064,10.842638,11.149989,154700,0.000,0.0,-,9.914583,10.276370,10.735065,10.813611,205440.00
04/06/2010,11.004851,11.115839,10.928013,10.953626,120700,0.000,0.0,-,9.901071,10.259454,10.677010,10.827271,203530.00
04/05/2010,10.740191,11.098766,10.680428,11.098766,137400,0.000,0.0,-,9.889425,10.245785,10.631761,10.836663,203780.00
04/01/2010,10.808488,10.962163,10.671888,10.740188,153100,0.000,0.0,-,9.877054,10.232613,10.584805,10.809342,204658.00
03/31/2010,10.637739,10.919477,10.637739,10.663351,224300,0.000,0.0,-,9.866181,10.230184,10.550251,10.799096,206468.00
03/30/2010,10.603587,10.791412,10.501137,10.706037,128300,0.000,0.0,-,9.855355,10.237964,10.517839,10.782875,205568.00
03/29/2010,10.552367,10.603593,10.475530,10.552367,103200,0.000,0.0,-,9.846085,10.246420,10.490094,10.768361,208126.00
03/26/2010,10.706043,10.714580,10.501143,10.552367,152900,0.000,0.0,-,9.837121,10.260840,10.478109,10.768361,208828.00
03/25/2010,11.115835,11.115835,10.629197,10.637734,160100,0.000,0.0,-,9.827903,10.270669,10.448695,10.772630,210230.00
03/24/2010,11.209750,11.286588,11.056075,11.081687,266700,0.000,0.0,-,9.817500,10.278281,10.417989,10.759823,208694.00
03/23/2010,11.021925,11.303663,10.851175,11.286589,199700,0.000,0.0,-,9.804371,10.277353,10.365510,10.656519,206182.00
03/22/2010,10.731652,11.064615,10.714577,11.047540,153000,0.000,0.0,-,9.790091,10.275389,10.305337,10.526749,205758.00
03/19/2010,10.825559,10.834096,10.671883,10.825559,307600,0.000,0.0,-,9.777470,10.279565,10.261367,10.426860,206440.00
03/18/2010,10.526747,10.671884,10.526747,10.637734,125300,0.000,0.0,-,9.765833,10.280190,10.222969,10.360268,207214.00
03/17/2010,10.552360,10.620660,10.458448,10.501136,264200,0.000,0.0,-,9.755345,10.281340,10.191413,10.301406,207954.00
03/16/2010,10.560901,10.620663,10.492601,10.560901,143300,0.000,0.0,-,9.743813,10.287603,10.156909,10.252802,204840.00
03/15/2010,10.612130,10.620667,10.466993,10.552367,185000,0.000,0.0,-,9.730337,10.286209,10.115591,10.211826,205104.00
03/12/2010,10.526750,10.620662,10.415762,10.595050,241300,0.000,0.0,-,9.715850,10.289407,10.074275,10.187856,203516.00
03/11/2010,9.997421,10.509672,9.954734,10.509672,260400,0.000,0.0,-,9.700349,10.291751,10.028274,10.124760,200922.00
03/10/2010,9.963272,10.151097,9.946196,10.048647,179500,0.000,0.0,-,9.685802,10.297843,9.981016,10.076154,197468.00
03/09/2010,10.031576,10.125488,9.946200,9.988888,332900,0.000,0.0,-,9.673015,10.313835,9.963611,10.074500,194416.00
03/08/2010,10.193784,10.321847,10.031572,10.048647,293000,0.050,0.0,-,9.661239,10.328813,9.941542,10.083924,189310.00
03/05/2010,10.066115,10.219148,10.066115,10.159635,205100,0.000,0.0,-,9.649710,10.341065,9.931788,10.095873,188752.00
03/04/2010,10.100124,10.134131,9.989601,10.049113,194200,0.000,0.0,-,9.637542,10.351947,9.910959,10.085671,189020.00
03/03/2010,10.142632,10.244653,9.981097,10.015104,432300,0.000,0.0,-,9.626975,10.363169,9.913510,10.081420,195080.00
03/02/2010,10.355178,10.542217,9.972597,10.151134,648800,0.000,0.0,-,9.614440,10.370991,9.916060,10.061015,191032.00
03/01/2010,10.040610,10.346674,10.040610,10.312667,402500,0.000,0.0,-,9.601895,10.379493,9.912660,10.019356,183106.00
02/26/2010,10.032110,10.091623,9.904583,9.964096,179400,0.000,0.0,-,9.587997,10.384084,9.895656,9.960694,183448.00
02/25/2010,9.904584,10.032111,9.717545,10.023609,179200,0.000,0.0,-,9.577226,10.395816,9.899907,9.931788,185752.00
02/24/2010,10.083121,10.159638,9.981100,10.032111,132100,0.000,0.0,-,9.567919,10.399727,9.909259,9.885878,186820.00
02/23/2010,10.125632,10.193647,9.913088,10.083123,178300,0.000,0.0,-,9.561968,10.403128,9.918611,9.852722,194650.00
02/22/2010,10.057613,10.202144,10.040610,10.168137,274900,0.000,0.0,-,9.553705,10.402447,9.929663,9.799160,193454.00
02/19/2010,10.015102,10.125626,9.964092,10.057611,206300,0.000,0.0,-,9.545438,10.399557,9.934764,9.767703,191788.00
02/18/2010,9.836566,10.032107,9.811061,10.006602,134600,0.000,0.0,-,9.537052,10.397516,9.953894,9.736247,190084.00
02/17/2010,9.794057,9.853569,9.700537,9.811060,315800,0.000,0.0,-,9.527746,10.397857,9.984500,9.745600,191158.00
02/16/2010,9.768555,9.836569,9.624024,9.734548,243500,0.000,0.0,-,9.519712,10.399897,10.046563,9.771105,189372.00
02/12/2010,9.573012,9.760051,9.573012,9.726044,289700,0.000,0.0,-,9.516296,10.402448,10.116278,9.805963,187464.00
02/11/2010,9.530506,9.683538,9.496499,9.675036,328700,0.000,0.0,-,9.515230,10.405678,10.193644,9.830618,185572.00
02/10/2010,9.717544,9.717544,9.513500,9.564511,132600,0.000,0.0,-,9.512113,10.405848,10.262083,9.868025,185504.00
02/09/2010,9.675039,9.768559,9.539011,9.700544,140200,0.000,0.0,-,9.507492,10.407549,10.334774,9.932639,185256.00
02/08/2010,9.819562,9.904579,9.530501,9.547504,235000,0.000,0.0,-,9.503869,10.411799,10.401513,9.984500,186726.00
02/05/2010,9.751551,9.853572,9.547507,9.853572,125500,0.000,0.0,-,9.501179,10.416050,10.483555,10.060166,186462.00
02/04/2010,10.040614,10.083122,9.700541,9.743051,126700,0.000,0.0,-,9.497253,10.413670,10.553695,10.101825,188936.00
02/03/2010,10.040613,10.210649,9.947093,10.100125,92800,0.000,0.0,-,9.493921,10.405712,10.609381,10.171540,189496.00
02/02/2010,10.057612,10.210645,9.972594,10.066114,114300,0.000,0.0,-,9.486371,10.392137,10.639138,10.223401,190764.00
02/01/2010,9.998106,10.108629,9.751554,10.083123,136300,0.000,0.0,-,9.481214,10.380934,10.676546,10.322022,191450.00
01/29/2010,10.100122,10.261655,9.972594,9.972594,159500,0.000,0.0,-,9.475804,10.373624,10.696950,10.426593,192644.00
01/28/2010,10.219150,10.219150,9.964096,10.049113,124500,0.000,0.0,-,9.469898,10.371064,10.733933,10.556671,195276.00
01/27/2010,10.151134,10.253156,10.108625,10.210647,143100,0.000,0.0,-,9.462393,10.360371,10.767090,10.656141,197978.00
01/26/2010,10.287166,10.312671,10.185144,10.219151,109500,0.000,0.0,-,9.456723,10.348140,10.797271,10.736909,198806.00
01/25/2010,10.363681,10.372183,10.202147,10.304169,59200,0.000,0.0,-,9.451891,10.341665,10.828728,10.818526,204054.00
01/22/2010,10.414695,10.533720,10.168143,10.270164,133200,0.000,0.0,-,9.445544,10.335013,10.850407,10.906944,209548.00
01/21/2010,10.661244,10.814276,10.372183,10.440197,181300,0.000,0.0,-,9.438695,10.323284,10.869961,11.005564,213224.00
01/20/2010,10.941800,10.984310,10.584725,10.618732,243600,0.000,0.0,-,9.432171,10.300707,10.883139,11.047223,214504.00
01/19/2010,11.171350,11.179851,10.967306,11.052324,179300,0.000,0.0,-,9.427187,10.283023,10.882713,11.054875,218286.00
01/15/2010,11.298873,11.307375,10.805770,11.128838,256200,0.000,0.0,-,9.418273,10.242954,10.850406,11.031070,220544.00
01/14/2010,11.060825,11.298875,10.890790,11.273370,138300,0.000,0.0,-,9.406922,10.207958,10.822776,10.967307,220086.00
01/13/2010,11.026817,11.137341,10.975806,11.043820,223000,0.000,0.0,-,9.394051,10.167024,10.786218,10.911195,222790.00
01/12/2010,10.992814,11.069330,10.797272,11.018319,83300,0.000,0.0,-,9.382453,10.130681,10.761563,10.878038,226816.00
01/11/2010,11.239367,11.239367,10.992815,11.035323,141100,0.000,0.0,-,9.373080,10.098233,10.721604,10.857634,228852.00
01/08/2010,11.188354,11.341386,11.145844,11.188354,178500,0.000,0.0,-,9.364042,10.060706,10.679945,10.838930,230138.00
01/07/2010,10.865281,11.264865,10.822772,11.256363,187100,0.000,0.0,-,9.352225,10.024858,10.622983,10.793870,228952.00
01/06/2010,10.712253,10.950303,10.644239,10.856784,346300,0.000,0.0,-,9.339145,9.987311,10.561346,10.734358,230098.00
01/05/2010,10.831280,10.831280,10.567725,10.695251,162300,0.000,0.0,-,9.328525,9.960803,10.516286,10.719054,226394.00
01/04/2010,10.652742,10.822778,10.567725,10.814277,108500,0.000,0.0,-,9.317034,9.941420,10.482704,10.710552,226368.00
12/31/2009,10.737759,10.771766,10.482705,10.491207,156500,0.000,0.0,-,9.305997,9.913900,10.437644,10.669743,228924.00
12/30/2009,10.720753,10.780266,10.584724,10.712252,105600,0.000,0.0,-,9.296827,9.897073,10.406188,10.678245,228172.00
12/29/2009,10.848280,10.848280,10.703750,10.712252,111600,0.000,0.0,-,9.285000,9.877011,10.364954,10.661241,228316.00
12/28/2009,10.848284,10.848284,10.729258,10.814277,87700,0.000,0.0,-,9.272418,9.854749,10.313518,10.645087,229510.00
12/24/2009,10.805774,10.865286,10.771767,10.848283,26900,0.000,0.0,-,9.259158,9.829937,10.255281,10.585575,233810.00
12/23/2009,10.746257,10.788765,10.695246,10.737755,77600,0.000,0.0,-,9.244050,9.805970,10.208521,10.520961,237250.00
12/22/2009,10.754761,10.797270,10.635736,10.661242,265100,0.000,0.0,-,9.228404,9.780996,10.159636,10.452097,240742.00
12/21/2009,10.678245,10.780266,10.567721,10.703750,218500,0.000,0.0,-,9.210709,9.755690,10.113301,10.388334,244356.00
12/18/2009,10.525213,10.610230,10.287163,10.610230,497200,0.000,0.0,-,9.191584,9.731058,10.045372,10.313518,244686.00
12/17/2009,10.542213,10.601726,10.304163,10.406184,229900,0.000,0.0,-,9.176869,9.707280,9.985928,10.254856,240058.00
12/16/2009,10.593227,10.712253,10.491206,10.576223,252500,0.000,0.0,-,9.162483,9.693001,9.940918,10.205546,238994.00
12/15/2009,10.567720,10.618731,10.499706,10.542214,419600,0.000,0.0,-,9.148624,9.675321,9.897988,10.134131,236732.00
12/14/2009,10.304163,10.610227,10.244651,10.550714,294600,0.000,0.0,-,9.133724,9.653073,9.863107,10.068667,233706.00
12/11/2009,10.193646,10.244657,10.015108,10.219151,232600,0.000,0.0,-,9.119199,9.632517,9.811294,9.981949,231628.00
12/10/2009,10.117127,10.202146,10.023608,10.202146,523600,0.000,0.0,-,9.107835,9.621302,9.780292,9.924987,232806.00
12/09/2009,10.057615,10.125629,9.845071,10.049113,118500,0.000,0.0,-,9.092424,9.613473,9.764954,9.896081,231424.00
12/08/2009,9.938591,10.066118,9.862076,10.023609,191600,0.000,0.0,-,9.079405,9.619371,9.761076,9.867175,326702.00
12/07/2009,10.049113,10.083121,9.904583,9.955594,121100,0.000,0.0,-,9.068852,9.629842,9.744083,9.838269,328066.00
12/04/2009,10.006606,10.159638,9.862076,10.023609,188300,0.000,0.0,-,9.056718,9.639304,9.711869,9.777226,333612.00
12/03/2009,9.921584,9.989598,9.819563,9.913082,226500,0.000,0.0,-,9.045789,9.648421,9.697416,9.716999,337200.00
12/02/2009,9.921587,10.074620,9.811064,9.862075,148100,0.000,0.0,-,9.037207,9.659071,9.654206,9.676291,356050.00
12/01/2009,9.811064,9.972597,9.751551,9.887580,195100,0.000,0.0,-,9.028504,9.658721,9.630054,9.661845,359300.00
11/30/2009,9.649528,9.743047,9.624022,9.683535,325300,0.000,0.0,-,9.022220,9.660739,9.597008,9.657546,359146.00
11/27/2009,9.649529,9.870575,9.641027,9.649529,120200,0.000,0.0,-,9.019710,9.669886,9.574164,9.640638,358212.00
11/25/2009,9.785556,10.032107,9.717541,9.913082,213700,0.000,0.0,-,9.017287,9.675649,9.561485,9.635596,359324.00
11/24/2009,9.777057,9.828068,9.649530,9.760053,221800,0.050,0.0,-,9.013421,9.673433,9.523778,9.633826,357350.00
11/23/2009,9.505997,9.836125,9.505997,9.734548,249200,0.000,0.0,-,9.010111,9.670214,9.505573,9.654977,356090.00
11/20/2009,9.379025,9.438278,9.243587,9.345165,154700,0.000,0.0,-,9.007639,9.666659,9.487797,9.649898,353300.00
11/19/2009,9.404416,9.472134,9.235119,9.421346,156200,0.000,0.0,-,9.006529,9.670045,9.497108,9.646512,354032.00
11/18/2009,9.717613,9.717613,9.455204,9.505993,148600,0.000,0.0,-,9.003619,9.668860,9.512345,9.677832,354632.00
11/17/2009,9.827660,9.827660,9.666829,9.717617,196000,0.000,0.0,-,9.000703,9.669537,9.508959,9.632122,354652.00
11/16/2009,9.539859,9.937705,9.522929,9.844592,291100,0.000,0.0,-,8.996855,9.662257,9.505574,9.598263,353916.00
11/13/2009,9.658360,9.700684,9.319767,9.514458,259600,0.000,0.0,-,8.992163,9.655655,9.498802,9.536470,351494.00
11/12/2009,9.844590,9.937703,9.531392,9.599111,184500,0.000,0.0,-,8.987285,9.651930,9.503034,9.507690,352102.00
11/11/2009,10.030818,10.030818,9.785338,9.895380,371900,0.000,0.0,-,8.983319,9.639741,9.501764,9.487374,358712.00
11/10/2009,9.666828,10.149323,9.666828,9.971561,333900,0.000,0.0,-,8.979249,9.631107,9.489490,9.413730,363866.00
11/09/2009,9.379024,9.709152,9.345164,9.683757,317000,0.000,0.0,-,8.973129,9.632630,9.465366,9.356170,360468.00
11/06/2009,9.658362,9.666827,9.243586,9.311304,245300,0.000,0.0,-,8.967530,9.641434,9.450976,9.325696,356306.00
11/05/2009,9.082756,9.743013,9.082756,9.734548,432700,0.000,0.0,-,8.963167,9.659718,9.459017,9.347705,353200.00
11/04/2009,9.455208,9.683758,9.040432,9.048896,292200,0.000,0.0,-,8.957064,9.673769,9.443357,9.346858,348950.00
11/03/2009,9.209727,9.463672,9.082754,9.379024,233300,0.000,0.0,-,8.955307,9.701871,9.475524,9.385797,346544.00
11/02/2009,9.252055,9.497535,9.031969,9.226660,273500,0.000,0.0,-,8.950564,9.727249,9.491184,9.412884,345010.00
10/30/2009,9.302843,9.353633,9.074293,9.226660,424300,0.000,0.0,-,8.948419,9.755505,9.501341,9.461133,345818.00
10/29/2009,9.226658,9.395955,9.226658,9.395955,185100,0.000,0.0,-,8.945773,9.782243,9.516154,9.498378,340816.00
10/28/2009,9.404417,9.438277,9.150473,9.158937,205400,0.000,0.0,-,8.941529,9.803404,9.529275,9.516154,340338.00
10/27/2009,9.362096,9.632970,9.226658,9.395955,119200,0.000,0.0,-,8.939556,9.831834,9.561865,9.565250,343450.00
10/26/2009,9.539856,9.776870,9.336699,9.379024,244400,0.000,0.0,-,8.935437,9.843384,9.609268,9.574562,344438.00
10/23/2009,9.726083,9.869985,9.455209,9.531392,161100,0.000,0.0,-,8.932864,9.859825,9.667675,9.576255,345270.00
10/22/2009,9.438278,9.827660,9.362095,9.726082,161000,0.000,0.0,-,8.932827,9.877265,9.712538,9.570330,344824.00
10/21/2009,9.599109,9.844589,9.421348,9.438277,236300,0.000,0.0,-,8.929436,9.893510,9.750207,9.539856,347374.00
10/20/2009,9.743014,9.743014,9.556788,9.649900,118900,0.000,0.0,-,8.929989,9.911126,9.800573,9.565251,349334.00
10/19/2009,9.658361,9.836122,9.616037,9.709150,112800,0.000,0.0,-,8.927523,9.920295,9.810307,9.569483,350104.00
10/16/2009,9.531392,9.700688,9.438278,9.599111,171300,0.000,0.0,-,8.924968,9.928784,9.824274,9.541549,352278.00
10/15/2009,9.624501,9.692219,9.522923,9.573712,302700,0.000,0.0,-,8.921462,9.923288,9.851362,9.533931,352050.00
10/14/2009,9.565253,9.734549,9.565253,9.649900,198900,0.000,0.0,-,8.916371,9.922177,9.869561,9.542396,349410.00
10/13/2009,9.429815,9.497534,9.260518,9.489069,252200,0.000,0.0,-,8.907310,9.920049,9.877179,9.558479,349906.00
10/12/2009,9.480603,9.692223,9.362096,9.395955,445800,0.000,0.0,-,8.901600,9.922317,9.882681,9.643973,354332.00
10/09/2009,9.404421,9.573718,9.370562,9.472139,235000,0.000,0.0,-,8.894393,9.933024,9.890723,9.759095,352174.00
10/08/2009,9.734544,9.827657,9.412881,9.421346,265800,0.000,0.0,-,8.887807,9.939678,9.892839,9.854747,351900.00
10/07/2009,9.683759,9.751478,9.607576,9.692224,176700,0.000,0.0,-,8.881767,9.940772,9.889876,9.960557,348870.00
10/06/2009,9.531392,9.700689,9.514462,9.692224,139400,0.000,0.0,-,8.876710,9.937460,9.882258,10.035894,347884.00
10/05/2009,9.539853,9.675290,9.404415,9.429811,268300,0.000,0.0,-,8.869441,9.933979,9.865328,10.051131,347894.00
10/02/2009,9.548321,9.709153,9.489067,9.522926,190700,0.000,0.0,-,8.863400,9.934566,9.869560,10.106999,344634.00
10/01/2009,9.734551,9.920777,9.607579,9.658367,291500,0.000,0.0,-,8.858981,9.932785,9.859826,10.168792,344434.00
09/30/2009,10.276295,10.327084,9.793800,9.810730,454500,0.000,0.0,-,8.851464,9.923574,9.826390,10.196726,340442.00
09/29/2009,10.589492,10.741858,10.327082,10.344012,4882400,0.000,0.0,-,8.843143,9.910642,9.809037,10.195879,333066.00
09/28/2009,10.445589,10.699534,10.428659,10.547167,259800,0.000,0.0,-,8.829944,9.885526,9.794223,10.121389,237634.00
09/25/2009,10.479450,10.699535,10.360942,10.428660,398400,0.000,0.0,-,8.817357,9.855842,9.773062,10.022351,236178.00
09/24/2009,10.437129,10.597961,10.327086,10.479453,367700,0.000,0.0,-,8.803943,9.825492,9.762904,9.930931,232056.00
09/23/2009,10.411736,10.665680,10.386341,10.445595,1169000,0.000,0.0,-,8.791986,9.797667,9.760788,9.819195,230202.00
09/22/2009,10.022353,10.098537,9.658366,9.844592,310600,0.000,0.0,-,8.776652,9.757705,9.761208,9.728621,210980.00
09/21/2009,10.064676,10.166253,9.903843,9.988492,187400,0.000,0.0,-,8.761985,9.726223,9.801373,9.679525,208316.00
09/18/2009,9.963095,10.157786,9.658361,10.140856,278600,0.000,0.0,-,8.747267,9.691019,9.833921,9.632121,207934.00
09/17/2009,9.819194,10.030815,9.717616,9.937701,175800,0.000,0.0,-,8.729157,9.652262,9.855058,9.550859,205846.00
09/16/2009,9.599109,9.836123,9.472136,9.802264,115000,0.000,0.0,-,8.709183,9.617905,9.880872,9.456054,207978.00
09/15/2009,9.641435,9.649899,9.438278,9.599111,158800,0.000,0.0,-,8.695021,9.586595,9.919781,9.422194,211412.00
09/14/2009,9.455208,9.573716,9.421349,9.556786,109700,0.000,0.0,-,8.682124,9.563394,9.938498,9.467058,213186.00
09/11/2009,9.353626,9.624500,9.328232,9.514458,191300,0.000,0.0,-,8.665891,9.545761,9.970712,9.523772,215966.00
09/10/2009,9.514463,9.599112,9.277448,9.362097,186200,0.000,0.0,-,8.649808,9.530323,10.015160,9.594878,215286.00
09/09/2009,9.362095,9.624504,9.362095,9.539856,149600,0.000,0.0,-,8.632826,9.515909,10.073970,9.702381,217894.00
09/08/2009,9.556784,9.734545,9.336698,9.353628,159200,0.000,0.0,-,8.612716,9.497940,10.112932,9.793794,220778.00
09/04/2009,9.302837,9.565247,9.235119,9.514458,170000,0.000,0.0,-,8.594698,9.483190,10.150667,9.923220,227374.00
09/03/2009,9.065827,9.362096,9.015037,9.328237,290000,0.000,0.0,-,8.578615,9.468595,10.181626,10.035721,235080.00
09/02/2009,9.463674,9.463674,8.803417,8.989643,515000,0.000,0.0,-,8.562965,9.449631,10.181428,10.159256,240986.00
09/01/2009,9.954631,9.988491,9.125078,9.463672,629600,0.000,0.0,-,8.547472,9.434067,10.207855,10.305691,239102.00
08/31/2009,10.073139,10.233971,9.920773,10.047745,164000,0.000,0.0,-,8.532514,9.409191,10.211846,10.417368,234568.00
08/28/2009,10.360943,10.360943,9.988491,10.123928,108900,0.000,0.0,-,8.514428,9.377186,10.189583,10.409938,242694.00
08/27/2009,10.479458,10.479458,10.030822,10.225513,90000,0.050,0.0,-,8.497952,9.347199,10.179951,10.417652,248254.00
08/26/2009,10.479280,10.555156,10.260084,10.437127,220200,0.000,0.0,-,8.481673,9.315179,10.158917,10.435442,250364.00
08/25/2009,10.774354,10.774354,10.445560,10.453990,171900,0.000,0.0,-,8.464130,9.277747,10.110862,10.445559,250878.00
08/24/2009,10.774351,10.782782,10.521432,10.647892,156600,0.000,0.0,-,8.447082,9.238629,10.064494,10.432070,252246.00
08/21/2009,10.723769,11.060994,10.437127,10.639462,313900,0.000,0.0,-,8.428858,9.202714,10.008009,10.378114,254920.00
08/20/2009,10.529865,10.656325,10.310668,10.563587,174200,0.000,0.0,-,8.412874,9.165114,9.948994,10.327530,254150.00
08/19/2009,10.487712,10.496143,10.226363,10.453990,161200,0.000,0.0,-,8.396648,9.128019,9.892509,10.203600,255096.00
08/18/2009,10.883952,10.883952,9.973443,10.580449,361000,0.000,0.0,-,8.383086,9.090081,9.829701,10.110020,255540.00
08/17/2009,10.040886,10.201069,9.804829,9.973441,168600,0.000,0.0,-,8.364991,9.047591,9.758884,10.006324,256094.00
08/14/2009,10.378116,10.378116,10.133628,10.201073,286000,0.000,0.0,-,8.352711,9.016735,9.714623,9.969229,256240.00
08/13/2009,10.538299,10.698481,10.361256,10.403409,138800,0.000,0.0,-,8.339833,8.983181,9.657716,9.942250,256202.00
08/12/2009,10.369683,10.732200,10.344391,10.538296,288500,0.000,0.0,-,8.324490,8.945074,9.583105,9.882392,259064.00
08/11/2009,10.032457,10.513004,9.998734,10.319098,334300,0.000,0.0,-,8.311709,8.905113,9.510601,9.776166,262038.00
08/10/2009,10.116766,10.142058,9.830124,10.108335,157400,0.000,0.0,-,8.301850,8.862622,9.417021,9.696918,262852.00
08/07/2009,9.476035,10.226362,9.450743,10.133625,221500,0.000,0.0,-,8.296280,8.817771,9.325127,9.637904,267566.00
08/06/2009,9.526622,9.653081,9.180966,9.324286,159900,0.000,0.0,-,8.291829,8.768199,9.229861,9.570459,268196.00
08/05/2009,9.518190,9.560344,9.315855,9.518190,170700,0.000,0.0,-,8.291839,8.731610,9.173797,9.581418,277012.00
08/04/2009,9.501328,9.644648,9.400160,9.543481,223700,0.000,0.0,-,8.289593,8.693251,9.108881,9.549381,287304.00
08/03/2009,9.324281,9.627783,8.987055,9.602491,473500,0.000,0.0,-,8.288964,8.652204,9.043544,9.511444,290690.00
07/31/2009,9.029213,10.049320,9.029213,9.931291,337900,0.000,0.0,-,8.285052,8.612830,8.985373,9.460017,290144.00
07/30/2009,9.560341,10.007165,9.425451,9.804830,221300,0.000,0.0,-,8.282525,8.569061,8.922565,9.373182,289586.00
07/29/2009,9.484463,9.602492,9.341142,9.476032,114300,0.000,0.0,-,8.281999,8.527485,8.869452,9.283817,290410.00
07/28/2009,9.492898,9.610927,9.374869,9.526621,127400,0.000,0.0,-,8.280213,8.496680,8.827720,9.245036,293100.00
07/27/2009,9.476037,9.518190,9.332716,9.518190,139900,0.000,0.0,-,8.276681,8.456306,8.783459,9.137124,295616.00
07/24/2009,9.332712,9.459172,9.121946,9.459172,105300,0.000,0.0,-,8.275722,8.418786,8.738355,9.012351,299386.00
07/23/2009,9.147244,9.568776,9.147244,9.433885,180700,0.000,0.0,-,8.276095,8.380265,8.704633,8.889264,304100.00
07/22/2009,9.113516,9.315851,9.054501,9.197822,91900,0.000,0.0,-,8.277382,8.347785,8.651941,8.766176,307842.00
07/21/2009,9.164104,9.231550,9.012353,9.164104,85700,0.000,0.0,-,8.280555,8.327074,8.602622,8.668381,311788.00
07/20/2009,9.079796,9.239978,8.995490,9.088226,110800,0.000,0.0,-,8.286345,8.320627,8.555411,8.575644,318442.00
07/17/2009,8.928045,9.147242,8.869031,9.062935,187000,0.000,0.0,-,8.294629,8.307477,8.523374,8.510728,323104.00
07/16/2009,9.071363,9.096655,8.810013,8.911180,192300,0.000,0.0,-,8.304741,8.296510,8.501454,8.471947,325930.00
07/15/2009,8.540235,9.164102,8.540235,9.088226,275000,0.000,0.0,-,8.316069,8.285894,8.487122,8.455086,331310.00
07/14/2009,8.245163,8.489652,8.194580,8.447499,207900,0.000,0.0,-,8.328876,8.267039,8.460987,8.410404,337418.00
07/13/2009,8.236734,8.295748,7.966953,8.270456,177400,0.000,0.0,-,8.345259,8.262174,8.463516,8.429794,346296.00
07/10/2009,8.135564,8.278884,8.068119,8.228301,168300,0.000,0.0,-,8.362113,8.277794,8.492602,8.464360,348224.00
07/09/2009,8.253595,8.380054,8.076551,8.203011,174200,0.000,0.0,-,8.381377,8.303485,8.519158,8.520002,350146.00
07/08/2009,8.295747,8.464360,8.084981,8.219872,282400,0.000,0.0,-,8.401390,8.320454,8.544450,8.537706,350682.00
07/07/2009,8.464359,8.464359,8.211440,8.236732,286700,0.000,0.0,-,8.422562,8.328865,8.561311,8.536863,350682.00
07/06/2009,8.599250,8.683556,8.346330,8.439068,247500,0.000,0.0,-,8.439627,8.343650,8.572271,8.535177,349668.00
07/02/2009,8.464362,8.675128,8.455931,8.675128,248700,0.000,0.0,-,8.454974,8.355059,8.571850,8.536020,349822.00
07/01/2009,8.725709,8.894322,8.616111,8.742570,157300,0.000,0.0,-,8.472294,8.362922,8.564262,8.530961,350924.00
06/30/2009,8.624541,8.734139,8.599249,8.641402,316600,0.000,0.0,-,8.488779,8.369603,8.552037,8.519158,352176.00
06/29/2009,8.759431,8.793154,8.531804,8.641402,293800,0.000,0.0,-,8.507180,8.368577,8.546979,8.511570,349396.00
06/26/2009,8.835308,8.835308,8.489652,8.616112,489000,0.000,0.0,-,8.525789,8.376443,8.524637,8.497238,347286.00
06/25/2009,8.346332,8.784725,8.186150,8.784725,555300,0.000,0.0,-,8.543861,8.384143,8.487121,8.520844,343674.00
06/24/2009,8.177717,8.455928,8.177717,8.380053,585300,0.000,0.0,-,8.560093,8.384277,8.430636,8.518314,335552.00
06/23/2009,8.228303,8.337901,8.101843,8.211441,420800,0.000,0.0,-,8.580963,8.387639,8.386375,8.551194,330152.00
06/22/2009,8.363192,8.380053,8.203010,8.219872,402900,0.000,0.0,-,8.600892,8.404943,8.355814,8.585760,325530.00
06/19/2009,8.675126,8.751002,8.388484,8.447499,570300,0.000,0.0,-,8.620944,8.425602,8.319379,8.609365,322706.00
06/18/2009,8.565523,8.717275,8.430633,8.624537,386900,0.000,0.0,-,8.640315,8.437346,8.278692,8.607679,314090.00
06/17/2009,8.498078,8.767858,8.413772,8.624537,195500,0.000,0.0,-,8.661415,8.442865,8.234607,8.597562,311620.00
06/16/2009,8.590818,8.691986,8.455928,8.565526,245900,0.000,0.0,-,8.681518,8.453081,8.189682,8.584916,311306.00
06/15/2009,8.632967,8.759427,8.447494,8.498077,240300,0.000,0.0,-,8.701959,8.474209,8.158194,8.582387,311452.00
06/12/2009,8.818448,8.911185,8.540237,8.852171,290300,0.000,0.0,-,8.721657,8.489639,8.108688,8.552037,313808.00
06/11/2009,8.691986,8.970197,8.607679,8.759431,275400,0.000,0.0,-,8.737449,8.489766,8.048187,8.453398,314700.00
06/10/2009,8.599251,8.734141,8.472791,8.708849,221500,0.000,0.0,-,8.752629,8.488561,7.986871,8.342957,314498.00
06/09/2009,8.523374,8.691987,8.455929,8.557096,183400,0.000,0.0,-,8.769303,8.488870,7.941925,8.221556,315716.00
06/08/2009,8.329466,8.666691,8.228298,8.455925,388700,0.000,0.0,-,8.786157,8.500603,7.922184,8.125868,316468.00
06/05/2009,8.531804,8.565526,8.380052,8.430636,175900,0.000,0.0,-,8.802523,8.516037,7.941475,8.029392,314596.00
06/04/2009,8.523372,8.641401,8.396912,8.523372,284100,0.000,0.0,-,8.817528,8.523924,7.941479,7.949706,316326.00
06/03/2009,8.489647,8.540231,8.363187,8.498077,281900,0.000,0.0,-,8.830373,8.526265,7.941040,7.871652,316662.00
06/02/2009,8.194578,8.590817,8.177716,8.540234,437200,0.000,0.0,-,8.842848,8.530958,7.935155,7.794449,316030.00
06/01/2009,8.118700,8.287313,8.009102,8.194576,375000,0.000,0.0,-,8.858628,8.528096,7.915418,7.734002,311804.00
05/29/2009,7.655021,7.933232,7.655021,7.865787,393100,0.000,0.0,-,8.875763,8.536342,7.915899,7.665339,308066.00
05/28/2009,7.469545,7.697172,7.267209,7.655019,253000,0.000,0.0,-,8.895288,8.552170,7.975184,7.642976,306382.00
05/27/2009,7.629724,7.798337,7.435819,7.494834,600700,0.045,0.0,-,8.915949,8.566006,8.068076,7.630785,305524.00
05/26/2009,7.457611,7.885437,7.432444,7.600220,685300,0.000,0.0,-,8.935963,8.580026,8.145908,7.662295,299674.00
05/22/2009,7.717664,7.885439,7.466001,7.491168,393000,0.000,0.0,-,8.951893,8.591267,8.197918,7.718500,290166.00
05/21/2009,7.667331,7.709274,7.549888,7.633776,446200,0.000,0.0,-,8.970809,8.597978,8.272158,7.853559,287774.00
05/20/2009,7.801547,8.002877,7.667327,7.742826,310000,0.000,0.0,-,8.988722,8.597474,8.340946,7.933251,285204.00
05/19/2009,7.868656,8.028043,7.684104,7.726048,262500,0.000,0.0,-,9.004601,8.585059,8.407217,8.010428,285980.00
05/18/2009,7.591830,7.969324,7.457609,7.935769,248800,0.000,0.0,-,9.024039,8.568114,8.474747,8.075861,289148.00
05/15/2009,7.591833,7.734442,7.474390,7.507945,253200,0.000,0.0,-,9.039201,8.562745,8.507463,8.096833,288450.00
05/14/2009,7.591829,7.793159,7.382110,7.642161,328400,0.000,0.0,-,9.057537,8.563165,8.583800,8.166460,287482.00
05/13/2009,7.709271,7.801548,7.281445,7.533107,341000,0.000,0.0,-,9.075036,8.566409,8.651749,8.307391,285936.00
05/12/2009,8.170650,8.229372,7.793156,7.809934,367800,0.000,0.0,-,9.091054,8.566992,8.714665,8.505366,288370.00
05/11/2009,8.690758,8.690758,8.078379,8.162266,289200,0.000,0.0,-,9.105812,8.563709,8.751576,8.629520,292814.00
05/08/2009,8.497817,8.883700,8.481039,8.841756,418400,0.000,0.0,-,9.118436,8.559389,8.797295,8.677336,303588.00
05/07/2009,8.481035,8.539757,8.220984,8.430703,343900,0.000,0.0,-,9.127248,8.524952,8.817847,8.690758,306618.00
05/06/2009,8.497818,8.598483,8.246155,8.514595,328300,0.000,0.0,-,9.138117,8.505247,8.848047,8.748641,305890.00
05/05/2009,8.137102,8.514596,8.019660,8.380376,461300,0.000,0.0,-,9.147283,8.493213,8.867341,8.804006,308182.00
05/04/2009,8.162264,8.355206,7.986101,8.145487,580400,0.000,0.0,-,9.156997,8.476183,8.905090,8.873632,304166.00
05/01/2009,9.051478,9.101811,7.986105,8.204212,651800,0.000,0.0,-,9.167554,8.470029,8.978911,8.918093,299654.00
04/30/2009,9.546412,9.596744,9.043086,9.051475,273800,0.000,0.0,-,9.178396,8.469878,9.032180,9.001141,291196.00
04/29/2009,9.152138,9.730963,9.126972,9.512855,264400,0.000,0.0,-,9.184382,8.451279,9.022533,8.996108,292534.00
04/28/2009,8.623647,9.303138,8.506205,9.051475,201000,0.000,0.0,-,9.188185,8.433636,8.981847,8.923965,293522.00
04/27/2009,8.824977,8.967585,8.497815,8.640424,282400,0.000,0.0,-,9.192848,8.436239,8.965489,8.873632,293606.00
04/24/2009,9.068255,9.168920,8.741093,8.975978,236000,0.000,0.0,-,9.201344,8.446728,8.990656,8.917254,291116.00
04/23/2009,9.101808,9.101808,8.623648,9.009531,255200,0.000,0.0,-,9.208327,8.450006,9.003239,8.944936,289598.00
04/22/2009,8.925642,9.428967,8.908864,9.068251,303800,0.000,0.0,-,9.216219,8.451778,8.994011,8.947453,291506.00
04/21/2009,8.623645,9.093416,8.489425,9.076638,219900,0.000,0.0,-,9.222700,8.455214,8.972620,8.930676,291566.00
04/20/2009,8.824976,8.866919,8.397149,8.590090,177600,0.000,0.0,-,9.229346,8.456145,8.955423,8.936548,292048.00
04/17/2009,9.009531,9.076641,8.917255,9.034698,188300,0.000,0.0,-,9.239417,8.461131,8.945776,9.039730,295286.00
04/16/2009,8.892086,9.051472,8.657200,9.001139,308400,0.000,0.0,-,9.248588,8.458894,8.924385,9.063219,297824.00
04/15/2009,8.514594,8.892089,8.397152,8.791423,149200,0.000,0.0,-,9.259169,8.457829,8.907188,9.048958,297358.00
04/14/2009,8.892092,8.967590,8.220991,8.548152,315300,0.000,0.0,-,9.270384,8.460123,8.884958,9.039730,298796.00
04/13/2009,9.118582,9.269580,8.791420,9.076638,189700,0.000,0.0,-,9.282195,8.459938,8.867341,9.057346,298752.00
04/09/2009,9.227639,9.487691,9.093419,9.252805,261700,0.000,0.0,-,9.290991,8.454525,8.821622,9.064058,299104.00
04/08/2009,8.942421,9.261194,8.766257,9.034698,139500,0.000,0.0,-,9.297914,8.451098,8.750318,9.061541,298042.00
04/07/2009,9.051474,9.227638,8.724312,8.900476,263400,0.000,0.0,-,9.306714,8.445355,8.679014,9.040569,298636.00
04/06/2009,9.546413,9.546413,8.967588,9.135364,179800,0.000,0.0,-,9.316102,8.438624,8.590093,9.014564,296310.00
04/03/2009,9.227639,9.621911,9.185695,9.621911,253200,0.000,0.0,-,9.325225,8.424691,8.477264,8.974298,295994.00
04/02/2009,9.085029,9.496078,8.908865,9.269582,358100,0.000,0.0,-,9.331791,8.402530,8.379535,8.851822,296954.00
04/01/2009,8.757865,9.009528,8.598479,8.858531,334900,0.000,0.0,-,9.341236,8.391088,8.292501,8.785551,299042.00
03/31/2009,8.858533,8.883699,8.472650,8.699146,265300,0.000,0.0,-,9.352943,8.382525,8.239793,8.765418,298274.00
03/30/2009,8.934031,8.934031,8.388762,8.724312,282400,0.000,0.0,-,9.365488,8.384495,8.182951,8.730185,297672.00
03/27/2009,9.085034,9.227643,8.984369,9.143755,221000,0.000,0.0,-,9.377825,8.383959,8.129024,8.677336,298624.00
03/26/2009,8.858532,9.454134,8.816588,9.227637,295100,0.000,0.0,-,9.387568,8.372028,8.069149,8.579187,301174.00
03/25/2009,8.732703,9.034699,8.330043,8.824980,262400,0.000,0.0,-,9.397429,8.362761,7.963763,8.439095,298618.00
03/24/2009,8.581702,8.850143,8.548147,8.640424,300900,0.000,0.0,-,9.409386,8.357707,7.894786,8.317458,298406.00
03/23/2009,8.606868,8.741088,8.321650,8.732699,250300,0.000,0.0,-,9.423052,8.362187,7.858409,8.165622,296856.00
03/20/2009,8.581705,8.682371,8.346820,8.397153,225900,0.000,0.0,-,9.437290,8.378009,7.798220,7.980230,297240.00
03/19/2009,8.724315,8.824981,8.497819,8.606873,188100,0.000,0.0,-,9.451346,8.391027,7.770249,7.907248,298370.00
03/18/2009,8.338428,8.799810,8.153876,8.657201,308900,0.000,0.0,-,9.463277,8.409867,7.749739,7.799452,301222.00
03/17/2009,8.212599,8.388763,7.994491,8.346819,210100,0.000,0.0,-,9.473881,8.419854,7.722956,7.714168,301040.00
03/16/2009,8.246150,8.338426,8.036431,8.195818,308200,0.000,0.0,-,9.487567,8.436884,7.737150,7.635717,300314.00
03/13/2009,7.843493,8.170655,7.809938,8.162266,209900,0.000,0.0,-,9.501719,8.450924,7.786440,7.580712,300960.00
03/12/2009,7.549887,7.902215,7.465999,7.826716,273400,0.000,0.0,-,9.516742,8.458790,7.836572,7.559111,305006.00
03/11/2009,7.189172,7.793163,7.180784,7.608610,317700,0.000,0.0,-,9.533049,8.459011,7.902229,7.488431,304632.00
03/10/2009,7.063340,7.247893,6.937509,7.122061,348800,0.000,0.0,-,9.550489,8.473777,7.976706,7.472115,301236.00
03/09/2009,7.549888,7.625387,6.744566,6.878787,420900,0.000,0.0,-,9.571680,8.490428,8.082604,7.551196,297640.00
03/06/2009,7.692495,7.818326,7.474387,7.667329,213900,0.045,0.0,-,9.593757,8.515950,8.194824,7.616209,292466.00
03/05/2009,7.645771,7.912872,7.478833,7.528914,204800,0.000,0.0,-,9.611892,8.526871,8.253426,7.633251,293350.00
03/04/2009,7.670811,7.904525,7.595689,7.804362,251100,0.000,0.0,-,9.629648,8.549908,8.323123,7.700026,301432.00
03/03/2009,7.737588,7.921220,7.462139,7.562303,462700,0.000,0.0,-,9.648210,8.558589,8.380299,7.731744,301692.00
03/02/2009,7.846096,8.179973,7.612383,7.645771,590000,0.000,0.0,-,9.667860,8.571777,8.447492,7.838584,302124.00
02/27/2009,7.428753,8.396995,7.412059,7.946262,827900,0.000,0.0,-,9.685814,8.591643,8.492148,7.992167,298758.00
02/26/2009,7.604036,7.612383,7.094874,7.119915,569900,0.000,0.0,-,9.703173,8.595816,8.535134,8.114032,289472.00
02/25/2009,7.854444,7.854444,7.286854,7.445446,307500,0.000,0.0,-,9.724251,8.616350,8.633211,8.316028,285228.00
02/24/2009,7.654118,8.029729,7.654118,7.912872,442900,0.000,0.0,-,9.743701,8.621525,8.698317,8.481297,286960.00
02/23/2009,7.929566,7.987994,7.503873,7.528914,260500,0.000,0.0,-,9.760732,8.623862,8.730870,8.614013,284832.00
02/20/2009,7.954603,8.346908,7.704195,7.837747,354800,0.000,0.0,-,9.778652,8.628202,8.776360,8.773439,291028.00
02/19/2009,8.146585,8.513848,8.146585,8.196666,228900,0.000,0.0,-,9.796100,8.633211,8.810166,8.873602,294554.00
02/18/2009,8.730870,8.797645,8.054770,8.121545,340700,0.000,0.0,-,9.809486,8.616851,8.835207,8.946221,296286.00
02/17/2009,8.805992,9.006318,8.555584,8.630707,313800,0.000,0.0,-,9.824320,8.592645,8.850649,9.028855,296504.00
02/13/2009,9.214989,9.390274,8.972929,9.181602,205200,0.000,0.0,-,9.837844,8.560926,8.858995,9.056400,298802.00
02/12/2009,8.989626,9.223339,8.739218,9.164910,157900,0.000,0.0,-,9.847995,8.507673,8.834790,8.992129,301036.00
02/11/2009,9.114828,9.256726,8.981278,9.139869,160100,0.000,0.0,-,9.859426,8.443235,8.803906,8.956237,306552.00
02/10/2009,9.231687,9.498788,8.956238,9.098136,350600,0.000,0.0,-,9.871805,8.399831,8.785125,8.950394,306116.00
02/09/2009,9.164909,9.331848,8.889461,9.240031,306800,0.000,0.0,-,9.882622,8.358263,8.758832,8.915337,304176.00
02/06/2009,8.789300,9.189952,8.764259,9.123177,244000,0.000,0.0,-,9.892481,8.299668,8.740052,8.847727,305782.00
02/05/2009,8.889463,9.131524,8.680790,8.839382,339500,0.000,0.0,-,9.901399,8.243159,8.760084,8.779282,315190.00
02/04/2009,8.947889,9.223337,8.722522,8.922848,315200,0.000,0.0,-,9.911036,8.185689,8.770518,8.746729,322942.00
02/03/2009,9.006316,9.114826,8.722521,8.947888,285100,0.000,0.0,-,9.923429,8.117587,8.801819,8.724193,328766.00
02/02/2009,8.447073,8.947888,8.355258,8.906154,221100,0.000,0.0,-,9.936686,8.053632,8.812252,8.672442,328446.00
01/30/2009,8.914503,8.914503,8.338565,8.538891,313100,0.000,0.0,-,9.948421,8.001464,8.826860,8.661591,330724.00
01/29/2009,9.014664,9.039704,8.664094,8.805991,207300,0.000,0.0,-,9.962652,7.954649,8.844805,8.677451,330980.00
01/28/2009,8.914503,9.240032,8.772605,9.081441,208600,0.000,0.0,-,9.973774,7.896353,8.832285,8.651575,336038.00
01/27/2009,8.555584,8.881114,8.480462,8.747562,169200,0.000,0.0,-,9.981912,7.844164,8.770100,8.619857,343434.00
01/26/2009,8.447075,8.831033,8.288484,8.563932,147100,0.000,0.0,-,9.991884,7.797823,8.750067,8.602328,347192.00
01/23/2009,8.430383,8.655749,8.146588,8.438729,164000,0.000,0.0,-,10.005206,7.763120,8.719601,8.632377,353570.00
01/22/2009,8.480465,8.697485,8.288487,8.513853,301200,0.000,0.0,-,10.018784,7.733742,8.705411,8.740887,357276.00
01/21/2009,8.438729,8.755912,8.113200,8.697484,462500,0.000,0.0,-,10.032233,7.702032,8.690386,8.794307,362324.00
01/20/2009,8.655750,8.697485,8.330220,8.430384,296500,0.000,0.0,-,10.044351,7.668972,8.689552,8.879445,358370.00
01/16/2009,8.764257,8.856073,8.346911,8.797645,235200,0.000,0.0,-,10.057764,7.640425,8.679953,8.952063,361362.00
01/15/2009,8.472117,8.889463,8.146588,8.697484,330000,0.000,0.0,-,10.070454,7.613328,8.651156,8.992128,364790.00
01/14/2009,8.630705,8.814337,8.346910,8.547235,348500,0.000,0.0,-,10.083520,7.585745,8.648234,9.012160,369488.00
01/13/2009,8.363607,8.864421,8.346913,8.764258,167300,0.000,0.0,-,10.097214,7.569630,8.628619,9.012994,398046.00
01/12/2009,8.822685,8.822685,8.405339,8.572278,251800,0.000,0.0,-,10.107021,7.533576,8.597735,8.920343,408422.00
01/09/2009,9.498784,9.498784,8.805991,8.864419,223400,0.000,0.0,-,10.118075,7.512480,8.554331,8.897806,409874.00
01/08/2009,8.997973,9.573910,8.906157,9.523829,269500,0.000,0.0,-,10.128164,7.487698,8.512597,8.806825,413442.00
01/07/2009,9.273419,9.398623,8.906155,9.048053,282400,0.000,0.0,-,10.134749,7.443920,8.423702,8.669935,415376.00
01/06/2009,9.214989,9.640682,8.931194,9.548865,330700,0.000,0.0,-,10.143301,7.422601,8.375707,8.586466,418790.00
01/05/2009,9.248376,9.406967,8.989622,9.156560,299800,0.000,0.0,-,10.149308,7.398568,8.267198,8.499658,421212.00
01/02/2009,8.914501,9.248378,8.722522,9.198297,173800,0.000,0.0,-,10.156823,7.395325,8.154932,8.407842,421406.00
12/31/2008,8.605662,8.972926,8.522193,8.897803,340500,0.000,0.0,-,10.160914,7.396226,8.047256,8.310184,422334.00
12/30/2008,7.946256,8.563927,7.821052,8.555580,412200,0.000,0.0,-,10.167744,7.404795,7.928313,8.284308,419868.00
12/29/2008,8.313520,8.313520,7.587339,7.837747,254700,0.000,0.0,-,10.174471,7.415066,7.797684,8.244243,420322.00
12/26/2008,8.004688,8.363606,7.937913,8.346911,147900,0.000,0.0,-,10.187467,7.446662,7.754280,8.275128,427188.00
12/24/2008,8.129894,8.238404,7.954608,7.954608,169000,0.000,0.0,-,10.199731,7.456127,7.687922,8.210856,428624.00
12/23/2008,8.288481,8.605663,8.079808,8.154930,162200,0.000,0.0,-,10.214039,7.485553,7.605705,8.218368,430246.00
12/22/2008,8.647397,8.672438,7.871135,8.213358,258100,0.000,0.0,-,10.225202,7.516448,7.512846,8.177469,431264.00
12/19/2008,8.505503,8.797645,8.288484,8.680788,608900,0.000,0.0,-,10.234218,7.534558,7.400470,8.164949,447754.00
12/18/2008,8.205015,8.380300,7.971301,8.238402,264100,0.000,0.0,-,10.242957,7.537345,7.242320,8.034737,445884.00
12/17/2008,8.555583,8.555583,8.071463,8.221707,484300,0.000,0.0,-,10.253249,7.559103,7.117906,7.902021,459492.00
12/16/2008,8.263440,8.672439,8.013033,8.639051,421700,0.000,0.0,-,10.264222,7.585344,7.021708,7.784329,460918.00
12/15/2008,8.313521,8.422031,7.946257,8.154930,363600,0.000,0.0,-,10.272246,7.606391,6.899664,7.572318,463774.00
12/12/2008,7.520570,8.238404,7.420407,8.146588,357700,0.000,0.0,-,10.284375,7.639941,6.786476,7.351125,464078.00
12/11/2008,7.996340,8.154931,7.570647,7.704197,394100,0.000,0.0,-,10.292520,7.683449,6.702746,7.233433,464534.00
12/10/2008,7.787668,8.154933,7.670811,8.029729,336500,0.000,0.0,-,10.301685,7.744269,6.639062,7.164989,462110.00
12/09/2008,8.179977,8.413691,7.687509,7.745937,570300,0.000,0.0,-,10.307334,7.805381,6.579014,6.993042,462398.00
12/08/2008,7.578996,8.255097,7.495527,8.088158,531100,0.000,0.0,-,10.317606,7.873995,6.540209,6.848223,459868.00
12/05/2008,6.844466,7.378668,6.777691,7.378668,315500,0.000,0.0,-,10.323907,7.945224,6.482219,6.635992,454156.00
12/04/2008,6.944630,7.353629,6.719264,6.911242,351600,0.000,0.0,-,10.332318,8.032135,6.465511,6.449904,452124.00
12/03/2008,6.368691,7.153300,6.326956,7.044790,428700,0.000,0.0,-,10.342943,8.126736,6.470100,6.333791,453290.00
12/02/2008,5.901267,6.552326,5.817798,6.518939,316900,0.000,0.0,-,10.353763,8.227461,6.490000,6.259086,454604.00
12/01/2008,6.752650,6.952975,5.917959,5.942999,433700,0.000,0.0,-,10.367171,8.341193,6.529969,6.227010,454792.00
11/28/2008,6.919591,7.044795,6.811081,6.969673,138300,0.000,0.0,-,10.382925,8.471421,6.619894,6.221827,467122.00
11/26/2008,6.151672,7.036445,6.093244,7.019751,253600,0.000,0.0,-,10.393709,8.565019,6.619487,6.172059,479830.00
11/25/2008,6.402082,6.468857,6.151675,6.310266,387100,0.045,0.0,-,10.406339,8.654795,6.644373,6.113134,493072.00
11/24/2008,5.974143,6.596450,5.841385,6.297743,714400,0.000,0.0,-,10.420133,8.771372,6.710126,6.164986,493632.00
11/21/2008,5.584167,6.023931,5.119511,5.965848,727100,0.000,0.0,-,10.434195,8.886209,6.761985,6.232195,485270.00
11/20/2008,5.625654,5.891171,5.426515,5.517787,606400,0.000,0.0,-,10.449547,9.013325,6.862799,6.328445,475342.00
11/19/2008,6.281148,6.380717,5.741816,5.750113,269100,0.000,0.0,-,10.469932,9.150233,7.004270,6.481118,468392.00
11/18/2008,6.239661,6.455394,6.007333,6.297743,335000,0.000,0.0,-,10.487431,9.279838,7.166485,6.606409,470024.00
11/17/2008,5.990741,6.413910,5.758414,6.198177,325900,0.000,0.0,-,10.503013,9.394509,7.313764,6.720913,469470.00
11/14/2008,6.389017,6.488586,5.891171,5.891171,460200,0.000,0.0,-,10.521762,9.521625,7.470170,6.832928,471500.00
11/13/2008,6.447099,6.513478,5.907766,6.471991,578400,0.000,0.0,-,10.540733,9.647746,7.629066,7.017961,469382.00
11/12/2008,6.704319,6.853673,6.422207,6.430504,357100,0.000,0.0,-,10.558770,9.762914,7.776345,7.066916,465854.00
11/11/2008,6.920051,7.036215,6.737508,6.828779,466000,0.000,0.0,-,10.574346,9.880737,7.895829,7.175612,477784.00
11/10/2008,6.920052,7.135785,6.886862,6.969836,349300,0.000,0.0,-,10.587642,10.001050,8.025683,7.255267,480820.00
11/07/2008,7.069405,7.135785,6.729210,6.928349,553600,0.000,0.0,-,10.600028,10.114559,8.162176,7.291776,478626.00
11/06/2008,6.853672,7.260245,6.853672,7.044512,264800,0.000,0.0,-,10.610978,10.229063,8.271702,7.397153,473856.00
11/05/2008,7.285136,7.417895,6.969834,7.003024,446100,0.000,0.0,-,10.620157,10.336930,8.360484,7.527423,478292.00
11/04/2008,7.401302,7.617035,7.260246,7.442789,406600,0.000,0.0,-,10.629008,10.437080,8.476648,7.726562,473678.00
11/03/2008,7.666820,7.857661,7.177272,7.318328,564900,0.000,0.0,-,10.633649,10.524133,8.581196,7.906615,473004.00
10/31/2008,6.803887,7.758091,5.940955,7.741496,1776400,0.000,0.0,-,10.637227,10.618639,8.699849,8.107413,469468.00
10/30/2008,7.575549,7.583847,6.812186,6.961540,686100,0.000,0.0,-,10.640087,10.702365,8.804397,8.240172,441028.00
10/29/2008,7.700010,7.774687,7.492574,7.517467,324400,0.000,0.0,-,10.648858,10.797720,8.972419,8.485775,434068.00
10/28/2008,7.442789,7.700008,7.036214,7.625331,401800,0.000,0.0,-,10.657109,10.876000,9.133804,8.616045,433366.00
10/27/2008,7.890851,7.982123,7.334924,7.334924,366200,0.000,0.0,-,10.666012,10.945341,9.306805,8.796099,428828.00
10/24/2008,7.824469,8.280827,7.666818,7.982120,453100,0.000,0.0,-,10.674848,11.018504,9.498891,9.032576,429460.00
10/23/2008,9.077383,9.102275,8.089989,8.347210,451800,0.000,0.0,-,10.682008,11.092786,9.682264,9.146250,424512.00
10/22/2008,9.168657,9.342902,8.795272,8.994411,309500,0.000,0.0,-,10.687014,11.158277,9.851116,9.193546,420540.00
10/21/2008,9.210137,9.492248,9.085675,9.243326,220200,0.000,0.0,-,10.687592,11.213801,9.983460,9.226735,419876.00
10/20/2008,9.301410,9.351194,8.928026,9.326302,217200,0.000,0.0,-,10.689350,11.264678,10.125346,9.255777,421204.00
10/17/2008,9.118870,9.633310,8.952922,9.069086,434900,0.000,0.0,-,10.689707,11.308106,10.269306,9.292286,422520.00
10/16/2008,8.811864,9.508847,8.621023,9.417576,598000,0.000,0.0,-,10.693527,11.342450,10.438573,9.368622,420262.00
10/15/2008,9.417581,9.757775,8.811868,8.820166,219700,0.000,0.0,-,10.697042,11.379585,10.550174,9.459063,414454.00
10/14/2008,9.749473,9.840744,9.201843,9.425873,250100,0.000,0.0,-,10.705434,11.427511,10.684592,9.651563,419820.00
10/13/2008,9.500549,9.716282,9.185247,9.699687,213100,0.000,0.0,-,10.712974,11.457367,10.820255,9.817512,427310.00
10/10/2008,8.504859,9.425872,8.347208,9.118868,1082600,0.000,0.0,-,10.718693,11.495642,10.937249,9.965206,439970.00
10/09/2008,9.243335,9.666503,8.762084,8.820166,515400,0.000,0.0,-,10.727070,11.532631,11.097389,10.218277,424094.00
10/08/2008,9.459060,9.666496,8.986107,9.326302,944500,0.000,0.0,-,10.737556,11.579729,11.274539,10.508687,418718.00
10/07/2008,9.873936,9.948613,9.475660,9.533742,555600,0.000,0.0,-,10.744854,11.616043,11.419743,10.740185,408326.00
10/06/2008,9.633309,9.849043,9.293115,9.691392,564500,0.000,0.0,-,10.749391,11.640101,11.544619,10.994915,403332.00
10/03/2008,10.463050,10.579214,9.766067,9.832446,378800,0.000,0.0,-,10.750838,11.661503,11.687750,11.246327,398418.00
10/02/2008,10.745163,10.745163,10.321994,10.321994,380500,0.000,0.0,-,10.750636,11.678595,11.805988,11.508525,399124.00
10/01/2008,11.077058,11.077058,10.579213,10.745161,272900,0.000,0.0,-,10.746220,11.684242,11.901408,11.641284,394502.00
09/30/2008,11.251308,11.251308,10.695380,11.085359,350900,0.000,0.0,-,10.739812,11.681426,11.980234,11.717621,393828.00
09/29/2008,11.450445,11.450445,10.786651,11.176630,443800,0.000,0.0,-,10.732811,11.666677,12.068186,11.822998,390050.00
09/26/2008,11.525120,11.707663,11.359171,11.649581,245500,0.000,0.0,-,10.724738,11.649606,12.141618,11.909291,385590.00
09/25/2008,11.408958,11.989778,11.408958,11.724260,213900,0.000,0.0,-,10.714834,11.621753,12.191818,11.976501,388582.00
09/24/2008,12.114236,12.188912,11.442144,11.641282,409900,0.000,0.0,-,10.706446,11.594722,12.227497,12.040391,391360.00
09/23/2008,12.014666,12.180615,11.906800,12.081046,494400,0.000,0.0,-,10.697774,11.566869,12.245959,12.099302,394926.00
09/22/2008,12.454429,12.786326,12.164019,12.205506,326300,0.000,0.0,-,10.685015,11.530717,12.231679,12.094324,400024.00
09/19/2008,12.844411,12.844411,12.105941,12.454432,1050200,0.000,0.0,-,10.671181,11.486286,12.223584,12.129173,409382.00
09/18/2008,11.774042,11.964883,10.604106,11.649581,773700,0.000,0.0,-,10.654748,11.443990,12.197253,12.103451,403916.00
09/17/2008,12.122539,12.769739,11.508530,11.508530,915700,0.000,0.0,-,10.642708,11.418453,12.201238,12.161532,395952.00
09/16/2008,11.657881,12.164024,11.201523,12.139132,415100,0.000,0.0,-,10.633427,11.400038,12.197386,12.242847,385032.00
09/15/2008,12.247000,12.437840,11.939995,12.039564,296300,0.000,0.0,-,10.622307,11.364545,12.145048,12.313374,381848.00
09/12/2008,12.238698,12.446133,12.114237,12.321672,230700,0.000,0.0,-,10.610495,11.331869,12.092724,12.373945,380420.00
09/11/2008,12.114239,12.437838,11.915100,12.363161,258900,0.000,0.0,-,10.597169,11.297523,12.061451,12.407135,384022.00
09/10/2008,12.006368,12.412942,11.790635,12.230398,350700,0.000,0.0,-,10.584535,11.267640,12.024380,12.414603,389886.00
09/09/2008,12.512510,12.529105,11.973178,12.031260,307300,0.000,0.0,-,10.573098,11.245375,12.001392,12.392615,390396.00
09/08/2008,12.537401,12.562294,12.246992,12.553996,427400,0.000,0.0,-,10.561715,11.225439,11.989188,12.369035,396134.00
09/05/2008,12.197213,12.363161,11.823829,12.197213,354300,0.000,0.0,-,10.548946,11.192567,11.936372,12.317996,400186.00
09/04/2008,12.139127,12.321670,11.873610,12.230398,402000,0.000,0.0,-,10.540375,11.165342,11.865827,12.291055,404608.00
09/03/2008,12.985466,12.985466,12.089344,12.321672,953600,0.000,0.0,-,10.530369,11.133482,11.818024,12.240943,401168.00
09/02/2008,12.578891,13.126520,12.429537,12.844408,617800,0.000,0.0,-,10.520930,11.102940,11.762762,12.151926,388656.00
08/29/2008,12.686760,12.861005,12.620380,12.645272,239600,0.000,0.0,-,10.508673,11.061613,11.666474,11.976721,388634.00
08/28/2008,12.504218,12.753141,12.446136,12.653572,315100,0.000,0.0,-,10.496962,11.027908,11.614885,11.811503,387986.00
08/27/2008,12.022968,12.728250,11.898507,12.437840,486600,0.045,0.0,-,10.485618,10.993540,11.530620,11.715766,395042.00
08/26/2008,11.811998,12.093237,11.729282,12.010520,215400,0.000,0.0,-,10.476457,10.967954,11.467482,11.634157,392846.00
08/25/2008,12.134594,12.159409,11.737552,11.795454,372900,0.000,0.0,-,10.470456,10.951741,11.424056,11.610169,398742.00
08/22/2008,11.969160,12.308300,11.944345,12.043606,388100,0.000,0.0,-,10.465817,10.939996,11.371117,11.609342,401268.00
08/21/2008,11.762370,12.035336,11.497675,11.927804,354400,0.000,0.0,-,10.460633,10.922956,11.307011,11.554749,399516.00
08/20/2008,11.505949,11.911262,11.290884,11.729285,338100,0.000,0.0,-,10.456887,10.906247,11.244973,11.440599,398208.00
08/19/2008,11.249518,11.621744,11.067540,11.431495,289300,0.000,0.0,-,10.452374,10.895659,11.188726,11.395104,397742.00
08/18/2008,11.059273,11.340511,10.993099,11.092360,174900,0.000,0.0,-,10.452296,10.891358,11.147368,11.373598,398798.00
08/15/2008,11.845084,11.845084,10.778034,10.993098,397800,0.000,0.0,-,10.456655,10.896983,11.110145,11.356228,401478.00
08/14/2008,11.406688,11.869904,11.406688,11.696198,205700,0.000,0.0,-,10.461347,10.908729,11.076645,11.418266,399894.00
08/13/2008,11.787183,11.836814,11.373598,11.621749,253200,0.000,0.0,-,10.462769,10.898968,11.004681,11.345475,402000.00
08/12/2008,11.770642,11.778914,11.456318,11.770642,276300,0.000,0.0,-,10.465299,10.886395,10.942229,11.300807,401402.00
08/11/2008,11.572118,11.795455,11.340511,11.787183,286600,0.000,0.0,-,10.466472,10.866543,10.866129,11.237942,400074.00
08/08/2008,10.844210,11.530762,10.786308,11.497675,283000,0.000,0.0,-,10.467562,10.852481,10.790443,11.132891,400332.00
08/07/2008,11.191618,11.191618,10.753218,10.786304,322000,0.000,0.0,-,10.470140,10.843051,10.714757,11.059273,399358.00
08/06/2008,11.274336,11.373596,10.496795,11.274336,307600,0.000,0.0,-,10.474679,10.850661,10.692424,11.049348,396644.00
08/05/2008,11.075820,11.497677,11.059276,11.216439,488000,0.000,0.0,-,10.476901,10.846939,10.647343,10.982347,395730.00
08/04/2008,11.125450,11.125450,10.356182,10.918657,624600,0.000,0.0,-,10.482522,10.844540,10.615910,10.921137,392470.00
08/01/2008,11.166804,12.084963,11.017913,11.613476,846100,0.000,0.0,-,10.490286,10.853372,10.588200,10.864062,386390.00
07/31/2008,11.034457,11.274337,10.893838,10.968284,288800,0.000,0.0,-,10.493718,10.846989,10.527816,10.735024,377426.00
07/30/2008,11.166806,11.431500,11.017915,11.175077,246600,0.000,0.0,-,10.499966,10.853510,10.509619,10.663887,379182.00
07/29/2008,10.852480,11.166805,10.720132,11.141990,424900,0.000,0.0,-,10.506243,10.851608,10.494316,10.583651,380424.00
07/28/2008,10.753220,10.794579,10.521612,10.736676,305900,0.000,0.0,-,10.512605,10.859106,10.493075,10.494317,379344.00
07/25/2008,10.802853,11.059276,10.678777,10.761495,318800,0.000,0.0,-,10.522016,10.874216,10.507965,10.447995,378056.00
07/24/2008,10.653963,10.802854,10.339638,10.687050,414100,0.000,0.0,-,10.529994,10.883719,10.515409,10.370241,377916.00
07/23/2008,10.596060,10.794581,10.521614,10.604331,149400,0.000,0.0,-,10.537525,10.898338,10.522853,10.335499,374910.00
07/22/2008,10.356180,10.629147,10.290006,10.604331,239200,0.000,0.0,-,10.545224,10.912962,10.524508,10.312338,377910.00
07/21/2008,10.380995,10.438897,10.223832,10.347908,162000,0.000,0.0,-,10.551983,10.927586,10.534020,10.310684,379766.00
07/18/2008,10.248651,10.471986,10.157661,10.323095,220800,0.000,0.0,-,10.559532,10.947009,10.555527,10.312338,384072.00
07/17/2008,10.438896,10.562972,10.091484,10.256918,395100,0.000,0.0,-,10.567533,10.962806,10.587372,10.320609,390112.00
07/16/2008,10.356176,10.554697,10.215557,10.372719,352800,0.000,0.0,-,10.575702,10.984214,10.621286,10.355350,391258.00
07/15/2008,10.124570,10.496796,9.884690,10.248646,588200,0.000,0.0,-,10.581940,10.994237,10.660577,10.404981,391724.00
07/14/2008,10.008767,10.579514,10.008767,10.273461,749300,0.000,0.0,-,10.588472,11.011029,10.708140,10.491834,391758.00
07/11/2008,10.256915,10.281731,9.669624,9.983949,794200,0.000,0.0,-,10.595903,11.032271,10.754875,10.567934,383556.00
07/10/2008,10.339634,10.794578,10.215559,10.339634,776900,0.000,0.0,-,10.604495,11.056829,10.815258,10.660577,374600.00
07/09/2008,10.612598,10.744945,10.347904,10.372719,375500,0.000,0.0,-,10.614786,11.079056,10.852895,10.710208,362628.00
07/08/2008,10.397538,10.728407,10.323092,10.587788,369700,0.000,0.0,-,10.625035,11.103918,10.894253,10.736678,360364.00
07/07/2008,10.397534,10.612599,10.157655,10.364448,255900,0.000,0.0,-,10.634577,11.117390,10.925686,10.757357,360374.00
07/03/2008,10.620875,10.645690,10.124572,10.405810,224900,0.000,0.0,-,10.644131,11.134338,10.976143,10.798715,361294.00
07/02/2008,10.893841,10.893841,10.562973,10.604331,410800,0.000,0.0,-,10.653150,11.144359,11.034872,10.854136,359826.00
07/01/2008,11.042729,11.166804,10.662231,10.869023,552100,0.000,0.0,-,10.655694,11.147607,11.065064,10.887223,359810.00
06/30/2008,11.067546,11.249524,11.034459,11.117176,376200,0.000,0.0,-,10.656833,11.158256,11.071268,10.916174,352142.00
06/27/2008,10.910383,11.150263,10.819395,11.034459,594200,0.000,0.0,-,10.657140,11.167900,11.054311,10.924445,350124.00
06/26/2008,10.678776,11.175078,10.678776,10.910383,630000,0.000,0.0,-,10.658310,11.172273,11.056792,10.941816,343048.00
06/25/2008,10.637418,10.902113,10.629147,10.835939,575400,0.000,0.0,-,10.662107,11.181765,11.062583,10.969940,338798.00
06/24/2008,10.753223,10.802854,10.538158,10.637419,230000,0.000,0.0,-,10.665334,11.185657,11.079126,10.995582,334510.00
06/23/2008,10.802852,10.910384,10.769766,10.794580,328000,0.000,0.0,-,10.671436,11.187089,11.101666,11.051829,333778.00
06/20/2008,10.960011,11.216434,10.306546,10.778033,616700,0.000,0.0,-,10.678470,11.186037,11.116761,11.094015,331028.00
06/19/2008,10.935197,11.067544,10.819392,10.960011,207200,0.000,0.0,-,10.684647,11.195043,11.145873,11.153571,324340.00
06/18/2008,11.092363,11.150265,10.703592,10.935201,667900,0.000,0.0,-,10.691304,11.198927,11.162589,11.215609,326266.00
06/17/2008,11.158533,11.241250,11.108903,11.158533,376800,0.000,0.0,-,10.696163,11.204296,11.180545,11.242906,318072.00
06/16/2008,11.125447,11.390142,11.075817,11.199892,510200,0.000,0.0,-,10.700641,11.203549,11.176617,11.226362,316552.00
06/13/2008,11.290884,11.522492,11.117178,11.208167,499200,0.000,0.0,-,10.704095,11.201810,11.192468,11.184176,312732.00
06/12/2008,11.282610,11.307425,11.100632,11.191621,300500,0.000,0.0,-,10.708714,11.204358,11.206669,11.171768,307314.00
06/11/2008,11.166805,11.307424,11.092360,11.092360,289000,0.000,0.0,-,10.714313,11.206741,11.208918,11.155225,308712.00
06/10/2008,11.158533,11.332239,11.042730,11.199892,314800,0.000,0.0,-,10.720981,11.210616,11.225200,11.162670,313532.00
06/09/2008,11.340515,11.605209,11.158537,11.216439,342100,0.000,0.0,-,10.724580,11.201128,11.231982,11.151504,315824.00
06/06/2008,11.522487,11.613476,11.257792,11.373596,308900,0.000,0.0,-,10.729852,11.192463,11.237938,11.139506,319452.00
06/05/2008,11.224705,11.687921,11.208162,11.580389,318600,0.000,0.0,-,10.732051,11.182633,11.235211,11.138174,321296.00
06/04/2008,10.968288,11.307428,10.844211,11.208167,311000,0.000,0.0,-,10.733585,11.167844,11.211839,11.109568,323786.00
06/03/2008,10.852479,11.084087,10.778034,10.993098,223300,0.000,0.0,-,10.737020,11.158850,11.217796,11.118184,325074.00
06/02/2008,10.960011,11.241249,10.753218,10.778033,209900,0.000,0.0,-,10.740428,11.153992,11.211835,11.126872,334624.00
05/30/2008,11.026188,11.199893,10.976558,11.084089,299500,0.000,0.0,-,10.744177,11.151622,11.227344,11.200760,343032.00
05/29/2008,11.158537,11.199896,10.976560,11.026190,234300,0.000,0.0,-,10.747212,11.130270,11.239917,11.241569,342198.00
05/28/2008,11.183350,11.282610,11.051002,11.166806,186300,0.045,0.0,-,10.752169,11.115023,11.249202,11.262611,345662.00
05/27/2008,11.162424,11.195400,10.915103,11.088227,261900,0.000,0.0,-,10.756954,11.089709,11.263410,11.287730,347334.00
05/23/2008,11.211885,11.319056,10.849147,11.096468,325000,0.000,0.0,-,10.759193,11.076683,11.289791,11.312461,345188.00
05/22/2008,11.352033,11.549889,11.253104,11.360276,320600,0.000,0.0,-,10.763187,11.070747,11.298035,11.336369,344272.00
05/21/2008,11.385011,11.566379,11.211886,11.294326,397900,0.000,0.0,-,10.765372,11.059865,11.290615,11.332247,348282.00
05/20/2008,11.137690,11.417987,11.137690,11.294326,376600,0.000,0.0,-,10.770213,11.041728,11.271242,11.314110,348738.00
05/19/2008,11.533400,11.599352,11.071735,11.079978,308700,0.000,0.0,-,10.771788,11.016172,11.244861,11.317408,346056.00
05/16/2008,11.492179,11.632327,11.211882,11.516912,370900,0.000,0.0,-,10.776803,11.003146,11.260937,11.296798,344660.00
05/15/2008,11.203639,11.516913,11.137687,11.492180,241500,0.000,0.0,-,10.772123,10.978744,11.265059,11.253929,341350.00
05/14/2008,11.409740,11.442716,11.187151,11.236615,311800,0.000,0.0,-,10.767484,10.957227,11.253105,11.238266,348724.00
05/13/2008,11.385013,11.566381,11.277840,11.417989,263800,0.000,0.0,-,10.764695,10.937371,11.260525,11.235793,352718.00
05/12/2008,11.376765,11.500425,11.302568,11.335545,299400,0.000,0.0,-,10.760304,10.920624,11.241152,11.239090,359796.00
05/09/2008,11.236616,11.442717,11.211884,11.335545,332000,0.000,0.0,-,10.757674,10.889425,11.209825,11.267120,361830.00
05/08/2008,11.137690,11.360279,11.038762,11.319058,377300,0.000,0.0,-,10.756022,10.853461,11.180146,11.259701,369244.00
05/07/2008,11.360277,11.615843,11.047004,11.112956,522800,0.000,0.0,-,10.755148,10.810269,11.175612,11.248983,370990.00
05/06/2008,10.865633,11.467447,10.733729,11.327298,452400,0.000,0.0,-,10.756691,10.784015,11.177673,11.228373,365318.00
05/05/2008,11.170664,11.244861,10.692510,10.873878,376100,0.000,0.0,-,10.757326,10.744437,11.171490,11.172314,358664.00
05/02/2008,12.052779,12.052779,10.873882,11.088227,589900,0.000,0.0,-,10.761902,10.708178,11.183856,11.225076,353774.00
05/01/2008,11.104712,11.417985,11.104712,11.335545,339200,0.000,0.0,-,10.765529,10.667138,11.185093,11.276189,344676.00
04/30/2008,11.434474,11.500426,11.096469,11.211885,346400,0.000,0.0,-,10.768286,10.624603,11.185093,11.267945,341136.00
04/29/2008,11.665306,11.681795,11.376766,11.450962,178300,0.000,0.0,-,10.771785,10.584376,11.190039,11.285258,336230.00
04/28/2008,11.269594,11.739504,11.269594,11.615844,262300,0.000,0.0,-,10.773230,10.537232,11.181795,11.243214,335682.00
04/25/2008,11.277840,11.319060,11.178912,11.261352,370200,0.000,0.0,-,10.774382,10.487447,11.137277,11.152529,332418.00
04/24/2008,10.948076,11.442718,10.733732,11.211885,301900,0.000,0.0,-,10.775633,10.453131,11.113369,11.100592,328384.00
04/23/2008,10.824416,11.071737,10.708999,10.906856,151500,0.000,0.0,-,10.777335,10.410276,11.096881,11.102241,324852.00
04/22/2008,11.319059,11.401500,10.502900,10.766709,410000,0.000,0.0,-,10.780276,10.374343,11.093584,11.126973,324474.00
04/21/2008,11.525159,11.574624,11.145934,11.401499,168700,0.000,0.0,-,10.784163,10.339733,11.093172,11.170666,321224.00
04/18/2008,11.442718,11.599355,11.269594,11.599355,275300,0.000,0.0,-,10.784754,10.303601,11.060607,11.142636,323158.00
04/17/2008,11.376768,11.442720,11.195399,11.253107,240400,0.000,0.0,-,10.784315,10.256610,11.013616,11.093997,321598.00
04/16/2008,11.162422,11.409744,11.038762,11.385012,417500,0.000,0.0,-,10.786219,10.219831,10.951786,11.102240,321860.00
04/15/2008,10.766712,11.030520,10.676027,11.030520,361000,0.000,0.0,-,10.787178,10.191092,10.895726,11.094820,319090.00
04/14/2008,10.717241,10.898610,10.643045,10.708997,193400,0.000,0.0,-,10.790195,10.164186,10.839255,11.120376,318314.00
04/11/2008,11.071739,11.071739,10.709001,10.741977,190500,0.000,0.0,-,10.793432,10.151597,10.825652,11.122025,320576.00
04/10/2008,11.022275,11.385014,11.022275,11.228376,282300,0.000,0.0,-,10.795606,10.127669,10.828537,11.126147,322204.00
04/09/2008,11.253106,11.393255,11.055249,11.154178,303500,0.000,0.0,-,10.795593,10.092863,10.807927,11.091522,320372.00
04/08/2008,10.989299,11.277840,10.873882,11.203644,258200,0.000,0.0,-,10.796481,10.058719,10.769592,11.060194,320912.00
04/07/2008,11.178907,11.327299,11.096467,11.121199,300800,0.000,0.0,-,10.796959,10.017014,10.710235,11.015677,321752.00
04/04/2008,11.253105,11.352034,11.038760,11.112956,319200,0.000,0.0,-,10.797400,9.972194,10.675610,10.978578,320388.00
04/03/2008,11.228372,11.352033,10.964563,11.335545,228300,0.000,0.0,-,10.798454,9.925402,10.634802,10.933236,321128.00
04/02/2008,11.211881,11.541642,11.088220,11.310809,370400,0.000,0.0,-,10.799293,9.866108,10.588842,10.801332,324840.00
04/01/2008,10.758461,11.286078,10.684265,11.286078,530000,0.000,0.0,-,10.800337,9.800573,10.535493,10.696633,323500.00
03/31/2008,10.799684,11.112957,10.626559,10.725488,429400,0.000,0.0,-,10.801178,9.741119,10.500220,10.558133,317738.00
03/28/2008,10.873882,10.997543,10.709002,10.783198,523500,0.000,0.0,-,10.804945,9.700926,10.452725,10.529279,317732.00
03/27/2008,10.816171,11.055248,10.700754,10.882123,401100,0.000,0.0,-,10.806913,9.668616,10.390433,10.530928,310904.00
03/26/2008,10.750221,10.939834,10.709001,10.840905,443100,0.000,0.0,-,10.809325,9.639092,10.304301,10.524333,305040.00
03/25/2008,10.758465,10.791441,10.610072,10.758465,375400,0.000,0.0,-,10.811739,9.604313,10.252267,10.478990,300028.00
03/24/2008,10.816167,10.882119,10.618310,10.750215,700800,0.000,0.0,-,10.812850,9.577427,10.181764,10.404794,296180.00
03/20/2008,10.469921,10.758463,9.769179,10.659534,630300,0.000,0.0,-,10.814738,9.549391,10.097298,10.372643,286212.00
03/19/2008,10.338019,10.758465,9.975282,10.016501,257800,0.000,0.0,-,10.818059,9.518404,10.016134,10.336369,279280.00
03/18/2008,10.189625,10.272066,9.859864,10.263822,407500,0.000,0.0,-,10.825044,9.509971,9.975748,10.376352,278052.00
03/17/2008,10.131915,10.222599,9.901082,9.901082,269900,0.000,0.0,-,10.830629,9.492648,9.922584,10.374352,273410.00
03/14/2008,10.915099,10.915099,10.263820,10.436945,154600,0.000,0.0,-,10.838273,9.491288,9.882217,10.442307,272518.00
03/13/2008,10.667780,10.923346,10.519388,10.799685,279200,0.000,0.0,-,10.843401,9.484962,9.816701,10.376171,274616.00
03/12/2008,10.436947,10.964565,10.230846,10.816173,521100,0.000,0.0,-,10.845858,9.478938,9.753995,10.249938,273520.00
03/11/2008,10.329773,10.560606,9.876351,10.387482,420700,0.000,0.0,-,10.847885,9.481292,9.666642,10.084268,268560.00
03/10/2008,10.511144,10.692513,9.975282,10.016501,242500,0.000,0.0,-,10.851975,9.490412,9.602777,10.025543,264600.00
03/07/2008,10.626557,10.659533,9.892838,10.428699,238900,0.000,0.0,-,10.858530,9.505966,9.553765,9.958734,262422.00
03/06/2008,10.428700,10.717242,10.272064,10.296796,205400,0.045,0.0,-,10.862698,9.515741,9.512073,9.821954,259522.00
03/05/2008,10.432763,10.646348,10.276683,10.416334,610200,0.000,0.0,-,10.867974,9.525525,9.459725,9.695900,267026.00
03/04/2008,10.482053,10.958510,10.235610,10.243825,511500,0.000,0.0,-,10.871430,9.526018,9.409615,9.575143,263704.00
03/03/2008,9.816659,10.597062,9.693437,10.580633,617700,0.000,0.0,-,10.875220,9.520760,9.394828,9.470816,258928.00
02/29/2008,9.463422,10.210967,9.389489,9.775583,401100,0.000,0.0,-,10.878466,9.504988,9.350057,9.322128,250904.00
02/28/2008,9.603075,9.677009,9.331988,9.537357,702700,0.000,0.0,-,10.884963,9.498252,9.365255,9.257231,250662.00
02/27/2008,9.718077,10.038454,9.159472,9.159472,464600,0.000,0.0,-,10.892896,9.496773,9.365665,9.258052,239824.00
02/26/2008,9.299124,9.907017,9.282694,9.800225,239200,0.000,0.0,-,10.903044,9.507288,9.382095,9.249016,235810.00
02/25/2008,9.044472,9.438781,8.913035,9.348418,119700,0.000,0.0,-,10.907261,9.502524,9.364433,9.180012,236902.00
02/22/2008,9.028041,9.118404,8.765168,9.060900,131600,0.000,0.0,-,10.914876,9.508931,9.352932,9.148795,244962.00
02/21/2008,9.340199,9.603071,9.003393,9.036252,135000,0.000,0.0,-,10.923766,9.528646,9.343896,9.202191,248304.00
02/20/2008,9.126619,9.323774,9.019827,9.208767,162200,0.000,0.0,-,10.932779,9.546062,9.330753,9.223550,256426.00
02/19/2008,9.233406,9.397702,9.143044,9.200547,101100,0.000,0.0,-,10.940564,9.552469,9.288857,9.244086,268254.00
02/15/2008,9.069109,9.126612,8.855524,9.093753,150900,0.000,0.0,-,10.947086,9.557234,9.230532,9.318841,272258.00
02/14/2008,9.586644,9.586644,9.069113,9.126616,99100,0.000,0.0,-,10.954102,9.558713,9.191512,9.377987,278322.00
02/13/2008,9.208764,9.619503,9.208764,9.545569,168500,0.000,0.0,-,10.959406,9.561013,9.170975,9.473278,286008.00
02/12/2008,9.143046,9.290912,8.945891,9.069113,125300,0.000,0.0,-,10.962534,9.563149,9.152081,9.473278,290458.00
02/11/2008,9.085541,9.356628,8.921244,9.110185,132600,0.000,0.0,-,10.968166,9.580071,9.168921,9.515174,291914.00
02/08/2008,9.561998,9.561998,8.781594,9.036252,247500,0.000,0.0,-,10.974285,9.591407,9.168511,9.548854,296444.00
02/07/2008,9.233407,9.603071,9.085541,9.594857,265400,0.000,0.0,-,10.980082,9.603812,9.187405,9.557069,296584.00
02/06/2008,9.504495,9.635932,9.143046,9.249838,197300,0.000,0.0,-,10.982475,9.608645,9.175083,9.485601,298994.00
02/05/2008,9.734505,9.939874,9.373054,9.414128,253500,0.000,0.0,-,10.987041,9.622506,9.168100,9.437956,297144.00
02/04/2008,9.685221,10.054886,9.488066,9.948093,279000,0.000,0.0,-,10.990907,9.629317,9.177136,9.333628,299504.00
02/01/2008,10.104172,10.104172,9.381272,9.685219,322200,0.000,0.0,-,10.991738,9.630358,9.149617,9.142224,305834.00
01/31/2008,9.348413,10.095957,9.241621,10.079528,306500,0.000,0.0,-,10.993638,9.646314,9.157010,9.005038,312192.00
01/30/2008,9.397703,10.079530,9.373059,9.545569,271900,0.000,0.0,-,10.993526,9.649309,9.159064,8.868672,313068.00
01/29/2008,9.488068,9.734511,9.258054,9.488068,190700,0.000,0.0,-,10.995432,9.667076,9.206710,8.830884,316136.00
01/28/2008,9.110186,9.537354,8.863743,9.446992,330500,0.000,0.0,-,10.996934,9.685174,9.279000,8.822669,321900.00
01/25/2008,9.003395,9.134832,8.789811,9.118402,300200,0.000,0.0,-,10.997664,9.702293,9.348825,8.788167,323660.00
01/24/2008,8.814457,9.003397,8.568014,8.880176,232600,0.000,0.0,-,11.000363,9.727621,9.432616,8.817740,326176.00
01/23/2008,8.157275,8.830886,7.820469,8.773383,356200,0.000,0.0,-,11.004497,9.762133,9.534479,8.864564,328620.00
01/22/2008,7.705457,8.444787,7.672598,8.370853,413900,0.000,0.0,-,11.009572,9.802872,9.635110,8.898244,326886.00
01/18/2008,8.338001,8.436579,7.828684,8.034054,303400,0.000,0.0,-,11.017148,9.852807,9.738616,9.020645,324564.00
01/17/2008,8.707660,8.822667,8.247633,8.313351,241900,0.000,0.0,-,11.026083,9.912261,9.835961,9.157009,325630.00
01/16/2008,9.184113,9.331979,8.625509,8.715871,429100,0.000,0.0,-,11.033906,9.969565,9.909894,9.308983,328156.00
01/15/2008,9.290913,9.299128,8.822671,9.167691,182100,0.000,0.0,-,11.039635,10.011782,9.946039,9.449456,328616.00
01/14/2008,9.184117,9.463419,9.143043,9.405915,107900,0.000,0.0,-,11.042576,10.056746,9.960826,9.582535,341406.00
01/11/2008,9.323775,9.446996,9.093760,9.101975,192500,0.000,0.0,-,11.043837,10.107912,9.974791,9.735330,346196.00
01/10/2008,9.241618,9.561994,9.134826,9.414128,183000,0.000,0.0,-,11.046943,10.164502,9.997792,9.909483,346692.00
01/09/2008,9.036257,9.348418,8.888390,9.348418,202400,0.000,0.0,-,11.048693,10.215831,10.010525,10.047492,349180.00
01/08/2008,9.627716,9.857729,9.044467,9.110185,283700,0.000,0.0,-,11.052033,10.271420,10.045438,10.204393,347936.00
01/07/2008,9.422347,9.792012,9.290911,9.594857,196400,0.000,0.0,-,11.056767,10.329319,10.085280,10.371975,346278.00
01/04/2008,9.718076,9.767365,9.340196,9.397699,175400,0.000,0.0,-,11.059038,10.377524,10.081994,10.456587,346290.00
01/03/2008,10.235612,10.284901,9.833088,9.833088,225300,0.000,0.0,-,11.062295,10.429836,10.084048,10.514913,347700.00
01/02/2008,10.506697,10.506697,10.005596,10.120603,259500,0.000,0.0,-,11.062601,10.467057,10.050778,10.510805,348900.00
12/31/2007,10.901007,10.925651,10.350617,10.498483,224400,0.000,0.0,-,11.061265,10.499019,10.006829,10.442623,348070.00
12/28/2007,10.843505,10.983157,10.835290,10.933868,273100,0.000,0.0,-,11.060850,10.535862,9.964523,10.339116,347774.00
12/27/2007,10.843505,10.999586,10.761358,10.843505,222700,0.000,0.0,-,11.059439,10.566616,9.913591,10.214251,345238.00
12/26/2007,10.868145,10.868145,10.703849,10.794212,133600,0.000,0.0,-,11.057747,10.595741,9.855266,10.086101,343802.00
12/24/2007,10.703849,10.917434,10.679205,10.917434,93900,0.000,0.0,-,11.055446,10.624214,9.798379,9.973558,344944.00
12/21/2007,10.629920,10.786001,10.588847,10.786001,580600,0.000,0.0,-,11.053587,10.654479,9.744332,9.886482,347028.00
12/20/2007,10.063100,10.440980,10.005597,10.440980,444100,0.000,0.0,-,11.052712,10.687045,9.702177,9.798584,341698.00
12/19/2007,9.742726,10.005599,9.693437,9.980954,272700,0.000,0.0,-,11.053806,10.730602,9.667861,9.707400,336884.00
12/18/2007,9.578428,9.849515,9.512710,9.792012,216500,0.000,0.0,-,11.056955,10.778124,9.668822,9.653183,335842.00
12/17/2007,9.373061,9.537356,9.200550,9.438779,389000,0.000,0.0,-,11.059238,10.826150,9.703371,9.590751,334994.00
12/14/2007,9.545565,9.792009,9.463418,9.463418,160800,0.000,0.0,-,11.062677,10.880259,9.742898,9.571034,336376.00
12/13/2007,9.463420,9.742722,9.463420,9.685219,263900,0.000,0.0,-,11.067740,10.930111,9.791422,9.589929,335562.00
12/12/2007,9.923447,10.038454,9.520923,9.561997,293800,0.000,0.0,-,11.072627,10.973563,9.826810,9.612931,333196.00
12/11/2007,10.063097,10.087741,9.553781,9.668788,522700,0.000,0.0,-,11.080080,11.020789,9.863858,9.624431,331236.00
12/10/2007,9.948095,10.079532,9.874162,10.046672,298700,0.000,0.0,-,11.085821,11.065224,9.899658,9.623199,326896.00
12/07/2007,9.529143,9.948096,9.405921,9.907022,541100,0.000,0.0,-,11.091540,11.096700,9.927612,9.602183,324498.00
12/06/2007,9.446991,9.685220,9.331984,9.529140,753600,0.000,0.0,-,11.098485,11.129661,9.972778,9.605769,316612.00
12/05/2007,9.356632,9.471638,9.315558,9.438779,301300,0.000,0.0,-,11.107645,11.174270,10.039702,9.628322,307172.00
12/04/2007,9.126617,9.348417,8.954107,9.167691,454100,0.000,0.0,-,11.115104,11.219541,10.118099,9.684462,306250.00
12/03/2007,9.701646,10.005592,9.241618,9.241618,483400,0.000,0.0,-,11.124082,11.284146,10.218644,9.815992,304388.00
11/30/2007,10.054890,10.063105,9.644151,9.652366,391000,0.000,0.0,-,11.132405,11.347763,10.297899,9.914761,300310.00
11/29/2007,9.685219,10.013810,9.644145,9.915233,198100,0.000,0.0,-,11.138269,11.404638,10.386076,9.992914,297198.00
11/28/2007,9.693436,10.005597,9.627718,9.677006,359100,0.045,0.0,-,11.142574,11.451837,10.488524,10.040689,299766.00
11/27/2007,9.852869,9.934704,9.607365,9.656466,254500,0.000,0.0,-,11.147625,11.502491,10.601248,10.103284,299148.00
11/26/2007,9.934707,10.180210,9.811955,9.836506,385900,0.000,0.0,-,11.151153,11.531624,10.717453,10.176117,302594.00
11/23/2007,9.852870,10.000172,9.852870,9.942887,104800,0.000,0.0,-,11.153782,11.556829,10.832021,10.253042,298114.00
11/21/2007,9.959256,10.024724,9.730120,9.754670,371500,0.000,0.0,-,11.156325,11.581543,10.935133,10.339786,299598.00
11/20/2007,10.507546,10.515730,9.820137,10.000173,595500,0.000,0.0,-,11.159931,11.611822,11.047655,10.451081,295104.00
11/19/2007,10.163842,10.753051,10.106558,10.482997,640100,0.000,0.0,-,11.161904,11.645210,11.148312,10.551737,287272.00
11/16/2007,10.392979,10.392979,10.016540,10.229310,350300,0.000,0.0,-,11.161259,11.665178,11.208869,10.621297,278490.00
11/15/2007,10.376609,10.523911,10.311142,10.433893,425300,0.000,0.0,-,11.162858,11.697748,11.283338,10.681036,277580.00
11/14/2007,10.319326,10.654848,10.302959,10.392977,478900,0.000,0.0,-,11.160997,11.733101,11.378676,10.779237,271848.00
11/13/2007,10.458447,10.597565,10.270228,10.302961,418500,0.000,0.0,-,11.158772,11.765507,11.482606,10.936360,267602.00
11/12/2007,10.589385,10.736688,10.294781,10.384799,426000,0.000,0.0,-,11.157444,11.805279,11.582444,11.099211,266928.00
11/09/2007,10.802153,10.883987,10.515732,10.605750,354800,0.000,0.0,-,11.156073,11.835721,11.674098,11.258788,260840.00
11/08/2007,10.982187,10.982187,10.630298,10.810334,269500,0.000,0.0,-,11.153109,11.864690,11.765344,11.411000,256596.00
11/07/2007,10.924898,11.096751,10.638478,10.867614,297800,0.000,0.0,-,11.148960,11.886295,11.845541,11.530479,255976.00
11/06/2007,11.178591,11.235875,10.949455,11.006739,356700,0.000,0.0,-,11.145499,11.911582,11.933105,11.644229,254576.00
11/05/2007,10.834884,11.276790,10.597564,11.178589,368200,0.000,0.0,-,11.140855,11.937678,12.000618,11.744886,253538.00
11/02/2007,11.456828,11.456828,10.703951,10.826702,452100,0.000,0.0,-,11.134093,11.962624,12.051356,11.796441,250982.00
11/01/2007,11.866000,12.070586,10.785785,11.415910,821600,0.000,0.0,-,11.129984,11.984484,12.117232,11.885641,244498.00
10/31/2007,11.882368,12.275173,11.743249,11.964202,347400,0.000,0.0,-,11.121752,12.001581,12.144238,11.978114,231394.00
10/30/2007,11.947839,11.964206,11.784169,11.931472,217300,0.000,0.0,-,11.111265,11.998568,12.138918,12.028851,228236.00
10/29/2007,12.168786,12.242437,11.825081,11.980567,307400,0.000,0.0,-,11.100982,11.997679,12.138509,12.065677,227152.00
10/26/2007,12.201524,12.291542,11.915103,12.127872,140200,0.000,0.0,-,11.091226,11.995972,12.134008,12.089408,228916.00
10/25/2007,12.095138,12.160605,11.866002,12.005120,200800,0.000,0.0,-,11.080651,11.986910,12.108639,12.119687,237554.00
10/24/2007,11.898735,12.160605,11.669599,12.005120,197000,0.000,0.0,-,11.069676,11.977364,12.086135,12.160604,238134.00
10/23/2007,11.784166,12.062403,11.702332,12.013303,245900,0.000,0.0,-,11.060486,11.971083,12.073859,12.221980,237918.00
10/22/2007,11.555027,11.865999,11.456826,11.694146,285300,0.000,0.0,-,11.051256,11.971170,12.058311,12.256350,238808.00
10/19/2007,12.316092,12.471577,11.661416,11.718699,218000,0.000,0.0,-,11.043013,11.979763,12.093500,12.306270,242732.00
10/18/2007,12.438840,12.447024,12.201520,12.340639,209600,0.000,0.0,-,11.036312,11.976109,12.128688,12.348823,251050.00
10/17/2007,12.455207,12.643426,12.316089,12.471574,146300,0.000,0.0,-,11.026095,11.967200,12.136463,12.310361,260252.00
10/16/2007,12.226073,12.438843,12.046038,12.299725,150900,0.000,0.0,-,11.015061,11.953713,12.126643,12.248985,264478.00
10/15/2007,12.275170,12.357005,12.005116,12.217886,190700,0.000,0.0,-,11.004967,11.952970,12.122142,12.211341,276410.00
10/12/2007,12.414294,12.717081,12.397926,12.430660,198100,0.000,0.0,-,10.994227,11.940802,12.066903,12.178607,282112.00
10/11/2007,12.684344,12.684344,12.078769,12.414290,314100,0.000,0.0,-,10.981286,11.933848,12.000208,12.097591,299148.00
10/10/2007,12.348821,12.684342,12.209702,12.618875,203400,0.000,0.0,-,10.968833,11.897178,11.938423,12.011665,297090.00
10/09/2007,12.299723,12.479759,11.972386,12.357008,220600,0.000,0.0,-,10.954789,11.856089,11.870910,11.925739,297914.00
10/08/2007,11.996937,12.226073,11.866002,12.193339,174100,0.000,0.0,-,10.944571,11.822523,11.836540,11.860271,298804.00
10/05/2007,12.037854,12.357008,11.931469,12.144238,458100,0.000,0.0,-,10.935294,11.789456,11.800941,11.880730,301318.00
10/04/2007,11.882366,12.070585,11.669596,11.956017,120100,0.000,0.0,-,10.925571,11.762758,11.786620,11.908553,298464.00
10/03/2007,11.816898,12.037852,11.759614,11.857816,145600,0.000,0.0,-,10.917115,11.743744,11.798895,11.962564,302266.00
10/02/2007,11.890549,12.037851,11.833265,11.923283,195800,0.000,0.0,-,10.911708,11.729470,11.806670,12.004300,304298.00
10/01/2007,11.505924,11.890546,11.350439,11.890546,305700,0.000,0.0,-,10.904674,11.719438,11.825083,12.032942,304120.00
09/28/2007,11.571396,11.882367,11.227691,11.620496,178800,0.000,0.0,-,10.897276,11.710713,11.825901,11.955200,302594.00
09/27/2007,11.833269,12.013305,11.514114,11.555032,146800,0.000,0.0,-,10.891959,11.714085,11.847587,11.902826,301126.00
09/26/2007,11.800530,11.996933,11.702329,11.759613,281600,0.000,0.0,-,10.886969,11.719255,11.864363,11.865182,302780.00
09/25/2007,12.291541,12.291541,11.546847,11.702332,255200,0.000,0.0,-,10.881931,11.721803,11.882980,11.816081,301240.00
09/24/2007,12.340642,12.635246,11.972387,12.397926,361000,0.000,0.0,-,10.877301,11.725988,11.913442,11.812808,299540.00
09/21/2007,12.602505,12.602505,12.357003,12.422470,279500,0.000,0.0,-,10.870452,11.712831,11.914840,11.721153,294614.00
09/20/2007,12.291540,12.561594,12.266989,12.496126,235400,0.000,0.0,-,10.862628,11.701306,11.889701,11.664687,291164.00
09/19/2007,12.275172,12.627061,12.226071,12.275172,326500,0.000,0.0,-,10.854070,11.681613,11.878432,11.635227,288556.00
09/18/2007,11.137673,12.234255,11.137673,12.209705,328200,0.000,0.0,-,10.847469,11.667155,11.855352,11.609040,286790.00
09/17/2007,11.186773,11.465010,11.047654,11.113122,426800,0.000,0.0,-,10.841317,11.652864,11.839218,11.617223,282844.00
09/14/2007,11.023109,11.374996,10.883990,11.096760,161900,0.000,0.0,-,10.841380,11.661485,11.878322,11.696603,275906.00
09/13/2007,11.301341,11.334075,11.047654,11.178589,179000,0.000,0.0,-,10.841463,11.669943,11.907222,11.792348,274538.00
09/12/2007,11.628681,11.767800,11.186775,11.268610,146800,0.000,0.0,-,10.841461,11.676600,11.924684,11.863544,272644.00
09/11/2007,11.497746,11.718699,11.424095,11.669599,203900,0.000,0.0,-,10.841211,11.683907,11.945808,11.949879,272084.00
09/10/2007,11.849630,11.849630,11.154037,11.481375,201000,0.000,0.0,-,10.839362,11.682051,11.963211,12.014077,273290.00
09/07/2007,11.956017,12.021485,11.784165,11.857816,304800,0.000,0.0,-,10.837522,11.685102,11.995332,12.108527,272152.00
09/06/2007,12.070585,12.258804,11.800531,12.201520,138700,0.000,0.0,-,10.833800,11.675073,11.979240,12.114715,269360.00
09/05/2007,12.357008,12.357008,11.874184,12.013303,266600,0.000,0.0,-,10.826577,11.654578,11.963924,12.121638,270540.00
09/04/2007,11.939651,12.520676,11.939651,12.291539,384800,0.000,0.0,-,10.820943,11.638827,11.953121,12.101663,271164.00
08/31/2007,12.217889,12.217889,11.866000,11.906918,121600,0.000,0.0,-,10.813270,11.619633,11.951673,12.061213,269900.00
08/30/2007,11.751430,12.357006,11.751430,12.054217,142600,0.000,0.0,-,10.806751,11.607479,11.936800,12.060041,272718.00
08/29/2007,12.275168,12.275168,11.726877,11.890546,238500,0.035,0.0,-,10.800184,11.590583,11.938238,12.022096,274382.00
08/28/2007,12.278915,12.327901,12.082975,12.131960,227800,0.000,0.0,-,10.793747,11.579246,11.872749,11.985823,274410.00
08/27/2007,12.434037,12.474858,12.189113,12.311575,304800,0.000,0.0,-,10.786791,11.566674,11.794373,11.941737,272712.00
08/24/2007,11.952353,12.548337,11.936024,12.425875,240400,0.000,0.0,-,10.776061,11.550835,11.712731,11.912346,272016.00
08/23/2007,12.246262,12.278918,11.919695,11.919695,127900,0.000,0.0,-,10.764477,11.531404,11.618435,11.882138,269440.00
08/22/2007,11.976844,12.319739,11.911531,12.270754,166400,0.000,0.0,-,10.755707,11.522587,11.562918,11.843766,269094.00
08/21/2007,11.772735,12.368719,11.674765,11.813556,189500,0.000,0.0,-,10.746801,11.500707,11.499645,11.806210,272008.00
08/20/2007,12.042153,12.148288,11.740079,11.887034,163100,0.000,0.0,-,10.733985,11.491726,11.466173,11.804578,272778.00
08/17/2007,11.674766,12.238093,11.519646,11.895198,395600,0.000,0.0,-,10.721571,11.480460,11.442905,11.842133,274852.00
08/16/2007,11.429843,12.189111,11.274724,11.674768,572100,0.000,0.0,-,10.708469,11.462172,11.420861,11.813559,274148.00
08/15/2007,11.601293,12.246262,11.438009,11.527815,229800,0.000,0.0,-,10.695172,11.451232,11.426576,11.854379,270582.00
08/14/2007,11.952351,12.033993,11.642113,11.691097,186200,0.000,0.0,-,10.683501,11.447150,11.440863,11.759674,269434.00
08/13/2007,12.327902,12.327902,11.731917,12.017663,290400,0.000,0.0,-,10.670407,11.441598,11.450660,11.647008,272470.00
08/10/2007,11.576799,12.295246,11.348201,12.123798,481500,0.000,0.0,-,10.655112,11.428862,11.445354,11.513116,275124.00
08/09/2007,11.658436,11.960510,11.250227,11.535974,633900,0.000,0.0,-,10.639327,11.414983,11.426168,11.354731,276468.00
08/08/2007,11.927855,12.278914,11.111437,11.895198,669700,0.000,0.0,-,10.627008,11.413514,11.441680,11.282070,268796.00
08/07/2007,12.140126,12.246260,11.438007,11.797231,357600,0.000,0.0,-,10.613298,11.401431,11.422494,11.193081,259278.00
08/06/2007,11.601291,12.360559,11.315545,12.262589,747500,0.000,0.0,-,10.600078,11.389919,11.410248,11.127767,257766.00
08/03/2007,12.042153,12.205436,11.429840,11.609452,475800,0.000,0.0,-,10.584895,11.368775,11.371876,11.043677,247566.00
08/02/2007,10.703230,14.940435,9.911306,12.082975,1049900,0.000,0.0,-,10.573383,11.363136,11.368611,11.028164,241424.00
08/01/2007,10.474632,10.776707,10.213379,10.580767,211200,0.000,0.0,-,10.558855,11.346724,11.340445,10.998773,223562.00
07/31/2007,10.784870,10.907332,10.548109,10.564437,244600,0.000,0.0,-,10.552122,11.362148,11.386980,11.122052,223534.00
07/30/2007,11.266560,11.266560,10.286860,10.678740,265100,0.000,0.0,-,10.544620,11.373012,11.440456,11.254312,223334.00
07/27/2007,10.735889,10.858353,10.368502,10.539949,299800,0.000,0.0,-,10.537033,11.379473,11.485358,11.377591,222248.00
07/26/2007,10.768541,11.046123,10.466467,10.809362,315400,0.000,0.0,-,10.529451,11.393270,11.540058,11.497605,226872.00
07/25/2007,11.184917,11.225738,10.784873,11.005305,310200,0.000,0.0,-,10.519955,11.398584,11.567408,11.601290,231768.00
07/24/2007,11.225739,11.299217,11.013471,11.144097,247200,0.000,0.0,-,10.510086,11.400957,11.575981,11.651908,232742.00
07/23/2007,11.454337,11.748248,11.266561,11.421680,186900,0.000,0.0,-,10.498188,11.401857,11.580063,11.692729,238314.00
07/20/2007,11.764568,11.764568,11.282882,11.454329,229400,0.000,0.0,-,10.483524,11.386292,11.575572,11.700076,240928.00
07/19/2007,11.927855,12.025825,11.789064,11.789064,105400,0.000,0.0,-,10.469224,11.374636,11.567816,11.709058,241954.00
07/18/2007,11.854377,11.870705,11.544138,11.813556,229500,0.000,0.0,-,10.456692,11.355633,11.538834,11.682116,247104.00
07/17/2007,11.887034,12.001332,11.756407,11.887034,204600,0.000,0.0,-,10.445820,11.336140,11.514341,11.651908,247390.00
07/16/2007,11.691100,12.050324,11.691100,11.911533,170200,0.000,0.0,-,10.434864,11.313712,11.495156,11.626599,251370.00
07/13/2007,11.813560,11.813560,11.609456,11.740083,114700,0.000,0.0,-,10.424029,11.285582,11.475561,11.593126,265520.00
07/12/2007,11.601294,11.846219,11.544145,11.846219,107000,0.000,0.0,-,10.414456,11.260718,11.461274,11.582512,279310.00
07/11/2007,11.519645,11.535974,11.307377,11.511481,105000,0.000,0.0,-,10.403177,11.227542,11.442904,11.533526,284268.00
07/10/2007,11.380858,11.650277,11.380858,11.552306,238200,0.000,0.0,-,10.393937,11.200736,11.426168,11.500053,288554.00
07/09/2007,11.535977,11.552305,11.364530,11.495156,130900,0.000,0.0,-,10.385627,11.173601,11.416779,11.467396,287632.00
07/06/2007,11.495157,11.650277,11.438008,11.544143,79900,0.000,0.0,-,10.377441,11.150379,11.408207,11.451068,287726.00
07/05/2007,11.478827,11.544141,11.380857,11.519648,93500,0.000,0.0,-,10.369414,11.123407,11.380040,11.426575,289904.00
07/03/2007,11.633944,11.707421,11.511481,11.511481,84300,0.000,0.0,-,10.361632,11.094483,11.360446,11.395552,291586.00
07/02/2007,11.658435,11.674764,11.535973,11.633943,118800,0.000,0.0,-,10.354862,11.067514,11.351057,11.376774,292908.00
06/29/2007,11.691095,11.780902,11.568633,11.576797,264200,0.000,0.0,-,10.345577,11.038584,11.340036,11.363712,295142.00
06/28/2007,11.380853,11.756405,11.380853,11.633943,144100,0.000,0.0,-,10.337266,11.009331,11.330239,11.357997,296100.00
06/27/2007,11.095109,11.380855,11.021631,11.356362,165200,0.000,0.0,-,10.328547,10.977958,11.320034,11.340036,298258.00
06/26/2007,11.242067,11.307380,11.127768,11.176753,197700,0.000,0.0,-,10.322189,10.951973,11.325341,11.352282,301146.00
06/25/2007,11.331873,11.413514,11.119604,11.225739,297800,0.000,0.0,-,10.317782,10.926975,11.331056,11.352282,300844.00
06/22/2007,11.299216,11.340037,11.184918,11.331873,321600,0.000,0.0,-,10.313089,10.898229,11.330852,11.366162,301616.00
06/21/2007,11.152260,11.331872,10.964484,11.299215,262500,0.000,0.0,-,10.309485,10.863450,11.324527,11.365345,302724.00
06/20/2007,11.315544,11.315544,11.111440,11.209410,225800,0.000,0.0,-,10.305883,10.830628,11.325942,11.333505,312340.00
06/19/2007,11.421677,11.421677,11.127767,11.323707,239900,0.000,0.0,-,10.302608,10.800580,11.328590,11.325341,314182.00
06/18/2007,11.519651,11.584964,11.340039,11.503323,142900,0.000,0.0,-,10.299248,10.769874,11.330002,11.325341,317466.00
06/15/2007,11.838051,11.870707,11.438006,11.519648,270000,0.000,0.0,-,10.293937,10.737530,11.310219,11.316360,316758.00
06/14/2007,11.478823,11.650270,11.429837,11.454329,111600,0.000,0.0,-,10.287106,10.703557,11.284326,11.302481,316708.00
06/13/2007,11.184918,11.495156,11.152261,11.478828,110600,0.000,0.0,-,10.280522,10.672030,11.273099,11.300032,318342.00
06/12/2007,11.282887,11.282887,11.119604,11.176753,312100,0.000,0.0,-,10.272966,10.639688,11.252912,11.298399,320318.00
06/11/2007,11.282889,11.364532,11.127770,11.364532,228000,0.000,0.0,-,10.267244,10.611269,11.250271,11.309830,320326.00
06/08/2007,11.021632,11.446170,10.972647,11.323707,266800,0.000,0.0,-,10.261754,10.577141,11.241498,11.295542,320418.00
06/07/2007,11.813561,11.813561,10.972651,10.980815,360400,0.000,0.0,-,10.256065,10.545132,11.207486,11.283708,324476.00
06/06/2007,11.217570,11.225735,11.086944,11.127765,393800,0.000,0.0,-,10.252656,10.520795,11.202020,11.318378,325316.00
06/05/2007,11.380856,11.446170,11.250229,11.323707,172400,0.000,0.0,-,10.248592,10.498569,11.187577,11.331840,329764.00
06/04/2007,11.282888,11.438008,11.282888,11.413515,338000,0.000,0.0,-,10.243468,10.473237,11.163338,11.334664,331440.00
06/01/2007,11.511485,11.601291,11.372694,11.380857,423100,0.000,0.0,-,10.237289,10.445947,11.130943,11.304078,331420.00
05/31/2007,11.462499,11.633946,11.429842,11.429842,548700,0.000,0.0,-,10.231718,10.419310,11.087152,11.266171,329362.00
05/30/2007,11.209412,11.486994,11.152263,11.462502,250300,0.000,0.0,-,10.224892,10.388599,11.040505,11.246167,323746.00
05/29/2007,11.266562,11.389025,11.233906,11.291055,193800,0.035,0.0,-,10.217580,10.356420,10.976752,11.207424,332490.00
05/25/2007,11.229798,11.270515,11.180937,11.221654,282000,0.000,0.0,-,10.210761,10.338908,10.920757,11.190712,334962.00
05/24/2007,11.286804,11.392669,11.132079,11.205370,237500,0.000,0.0,-,10.204613,10.327507,10.869453,11.187454,331850.00
05/23/2007,11.270515,11.384522,11.221654,11.327518,168700,0.000,0.0,-,10.202221,10.313500,10.825886,11.131264,330716.00
05/22/2007,11.319381,11.343811,11.123938,11.262377,156800,0.000,0.0,-,10.198209,10.293631,10.769289,11.085661,332174.00
05/21/2007,11.083217,11.457815,11.083217,11.351951,209800,0.000,0.0,-,10.196179,10.279298,10.709842,11.043315,332726.00
05/18/2007,11.001786,11.189085,10.952925,11.107651,234600,0.000,0.0,-,10.195558,10.264477,10.650395,10.992012,335410.00
05/17/2007,11.164655,11.221659,10.952925,11.001786,210800,0.000,0.0,-,10.194422,10.255519,10.604384,10.957809,336592.00
05/16/2007,11.075077,11.229802,11.034360,11.229802,531000,0.000,0.0,-,10.195310,10.247701,10.560002,10.908134,339448.00
05/15/2007,11.083218,11.246087,11.058788,11.075075,560200,0.000,0.0,-,10.193725,10.228076,10.501777,10.834843,335302.00
05/14/2007,11.189080,11.197224,11.099503,11.123933,358900,0.000,0.0,-,10.189885,10.209108,10.450880,10.746080,333306.00
05/11/2007,10.667902,11.189081,10.667902,11.189081,525800,0.000,0.0,-,10.186810,10.196147,10.391026,10.650801,337346.00
05/10/2007,10.830769,10.855199,10.594610,10.643470,317600,0.000,0.0,-,10.183894,10.185619,10.320992,10.551452,340732.00
05/09/2007,10.830771,10.977353,10.790054,10.871489,280700,0.000,0.0,-,10.183019,10.193800,10.268467,10.520507,340100.00
05/08/2007,10.773767,10.847058,10.676046,10.838915,362900,0.000,0.0,-,10.177612,10.192709,10.207799,10.452917,342530.00
05/07/2007,10.847058,10.847058,10.724906,10.838915,243800,0.000,0.0,-,10.173902,10.199742,10.151202,10.376368,341398.00
05/04/2007,10.513180,10.928496,10.488750,10.765627,403600,0.000,0.0,-,10.172535,10.208885,10.098677,10.308778,342114.00
05/03/2007,10.505035,10.733052,10.260733,10.505035,877700,0.000,0.0,-,10.169515,10.220794,10.054702,10.250959,341040.00
05/02/2007,10.505034,10.814485,10.350309,10.496891,804200,0.000,0.0,-,10.168080,10.229307,10.020500,10.211871,327806.00
05/01/2007,10.146725,10.285164,10.097864,10.187443,354900,0.000,0.0,-,10.166404,10.238632,9.989554,10.168710,314912.00
04/30/2007,10.187436,10.277013,10.081571,10.171148,319300,0.000,0.0,-,10.167123,10.253009,9.973267,10.155680,311644.00
04/27/2007,10.342165,10.358452,10.138579,10.195583,192100,0.000,0.0,-,10.169458,10.266088,9.952502,10.131250,308986.00
04/26/2007,10.179300,10.358456,10.106009,10.334025,135600,0.000,0.0,-,10.174660,10.277704,9.925628,10.090533,308068.00
04/25/2007,10.130435,10.220013,10.057145,10.195583,188800,0.000,0.0,-,10.178038,10.284765,9.895090,10.016428,309286.00
04/24/2007,10.179295,10.236299,10.008283,10.073430,177600,0.000,0.0,-,10.181624,10.288097,9.873510,9.962681,307344.00
04/23/2007,10.138580,10.285162,10.138580,10.163010,150400,0.000,0.0,-,10.188002,10.293873,9.870660,9.926035,307718.00
04/20/2007,10.220017,10.260734,10.122295,10.187443,230500,0.000,0.0,-,10.193488,10.299643,9.865367,9.888576,306694.00
04/19/2007,9.983855,10.146724,9.934994,10.114150,312100,0.000,0.0,-,10.200265,10.305412,9.858445,9.858445,305242.00
04/18/2007,10.008283,10.130434,9.975709,10.065287,252000,0.000,0.0,-,10.207409,10.311023,9.855187,9.829129,301038.00
04/17/2007,9.943135,10.065286,9.894274,10.057143,309600,0.000,0.0,-,10.212939,10.316799,9.846637,9.810399,300354.00
04/16/2007,9.853559,9.975710,9.788412,9.926849,182600,0.000,0.0,-,10.214471,10.326636,9.836458,9.790854,301086.00
04/13/2007,9.592968,9.812841,9.568538,9.788411,336400,0.000,0.0,-,10.218633,10.329334,9.860888,9.773753,300096.00
04/12/2007,9.609257,9.763982,9.568540,9.592970,377000,0.000,0.0,-,10.224942,10.332526,9.904048,9.760724,297250.00
04/11/2007,9.690690,9.780268,9.568539,9.658116,743300,0.000,0.0,-,10.229885,10.341414,9.949651,9.773753,291642.00
04/10/2007,9.804697,9.894275,9.690689,9.706976,317900,0.000,0.0,-,10.233331,10.350461,9.983447,9.784340,280974.00
04/09/2007,9.877989,9.886132,9.731407,9.788411,404100,0.000,0.0,-,10.237058,10.356582,10.025386,9.815285,278028.00
04/05/2007,9.772126,9.934994,9.747696,9.886134,107500,0.000,0.0,-,10.237834,10.360424,10.066510,9.842158,273388.00
04/04/2007,9.820989,9.869849,9.780271,9.820989,267500,0.000,0.0,-,10.237474,10.366210,10.105191,9.858445,273688.00
04/03/2007,9.869842,10.032711,9.780265,9.877986,193300,0.000,0.0,-,10.239541,10.371350,10.144687,9.881246,271056.00
04/02/2007,9.755836,9.926848,9.706976,9.861701,209400,0.000,0.0,-,10.242332,10.370315,10.163213,9.882875,271408.00
03/30/2007,9.649972,9.853558,9.649972,9.755836,312500,0.000,0.0,-,10.241530,10.373178,10.176463,9.882061,271626.00
03/29/2007,9.772125,9.772125,9.552252,9.658116,232600,0.000,0.0,-,10.240529,10.373449,10.212466,9.948023,269384.00
03/28/2007,9.731410,9.845419,9.649976,9.723267,469700,0.000,0.0,-,10.240300,10.377624,10.262694,10.047373,267746.00
03/27/2007,10.000142,10.000142,9.698835,9.763983,402400,0.000,0.0,-,10.240836,10.380657,10.329155,10.125550,262920.00
03/26/2007,10.057143,10.106004,9.902418,10.016426,616200,0.000,0.0,-,10.243753,10.385963,10.381805,10.182554,257584.00
03/23/2007,10.081573,10.179294,9.959421,10.057143,256200,0.000,0.0,-,10.243671,10.385894,10.440510,10.235486,249998.00
03/22/2007,10.122291,10.138577,10.008282,10.049000,337000,0.000,0.0,-,10.243184,10.380951,10.502458,10.290862,247812.00
03/21/2007,9.894274,10.114147,9.812840,10.049000,320200,0.000,0.0,-,10.244070,10.383317,10.568062,10.351937,243990.00
03/20/2007,9.820984,9.975709,9.772123,9.894275,267900,0.000,0.0,-,10.248106,10.385683,10.612145,10.408127,242044.00
03/19/2007,10.334024,10.334024,9.772127,9.853561,687500,0.000,0.0,-,10.251866,10.388708,10.665589,10.443551,242046.00
03/16/2007,10.659761,10.659761,10.374740,10.415458,317400,0.000,0.0,-,10.255103,10.399206,10.718226,10.470865,234106.00
03/15/2007,10.464317,10.765625,10.350309,10.651616,126400,0.000,0.0,-,10.255005,10.396841,10.738708,10.476910,236580.00
03/14/2007,10.301449,10.562040,10.179298,10.505035,180800,0.000,0.0,-,10.254493,10.389104,10.744946,10.478016,238242.00
03/13/2007,10.464321,10.570185,10.211874,10.334025,241600,0.000,0.0,-,10.254614,10.384623,10.754046,10.532760,240458.00
03/12/2007,10.659759,10.749337,10.513177,10.545751,184400,0.000,0.0,-,10.254501,10.379340,10.755455,10.581055,239956.00
03/09/2007,10.741193,10.790054,10.513177,10.610898,344000,0.000,0.0,-,10.253693,10.365274,10.746279,10.645534,241952.00
03/08/2007,10.733046,10.928488,10.415452,10.659755,293700,0.000,0.0,-,10.254090,10.351530,10.738310,10.714054,240666.00
03/07/2007,10.277017,10.676045,10.163009,10.610898,353600,0.035,0.0,-,10.254847,10.334535,10.729118,10.784186,241258.00
03/06/2007,10.394690,10.719523,10.191668,10.248514,323700,0.000,0.0,-,10.253753,10.328586,10.718307,10.816163,237614.00
03/05/2007,10.313482,10.524625,10.069857,10.126703,460400,0.000,0.0,-,10.256767,10.330373,10.723586,10.887626,234696.00
03/02/2007,10.500263,10.540866,10.191670,10.475900,560900,0.000,0.0,-,10.263371,10.331835,10.744700,10.965586,233030.00
03/01/2007,10.240395,10.719525,9.582606,10.662680,695100,0.000,0.0,-,10.265853,10.327612,10.723991,11.000506,227652.00
02/28/2007,10.816975,11.076843,10.548987,11.052480,286000,0.000,0.0,-,10.270059,10.329886,10.688260,11.011875,218952.00
02/27/2007,10.922548,11.125569,10.719526,10.816977,402200,0.000,0.0,-,10.273686,10.319166,10.637504,10.975332,218312.00
02/26/2007,11.328586,11.328586,11.149927,11.190532,306300,0.000,0.0,-,10.280181,10.311045,10.602178,10.929855,215138.00
02/23/2007,11.361068,11.361068,11.166168,11.296102,279600,0.000,0.0,-,10.284729,10.298377,10.543302,10.847023,213570.00
02/22/2007,11.320471,11.369196,10.881945,11.361075,349900,0.000,0.0,-,10.288507,10.283597,10.477523,10.762567,211554.00
02/21/2007,10.890063,11.044359,10.800733,10.930667,216000,0.000,0.0,-,10.292041,10.271415,10.418241,10.674049,211258.00
02/20/2007,10.849457,10.963149,10.573349,10.963149,159500,0.000,0.0,-,10.297283,10.268330,10.375606,10.620451,212542.00
02/16/2007,10.825094,10.955027,10.540864,10.906302,191500,0.000,0.0,-,10.305062,10.269629,10.318760,10.559545,214078.00
02/15/2007,10.800736,10.930669,10.670802,10.825098,186400,0.000,0.0,-,10.312159,10.268654,10.273690,10.523813,217282.00
02/14/2007,10.662681,10.914427,10.654560,10.776373,146200,0.000,0.0,-,10.318856,10.267842,10.220904,10.447476,218366.00
02/13/2007,10.419056,10.743890,10.419056,10.687044,196500,0.000,0.0,-,10.326441,10.271415,10.175427,10.364644,221666.00
02/12/2007,10.394696,10.492146,10.313487,10.362212,91700,0.000,0.0,-,10.332297,10.277262,10.134822,10.299676,225986.00
02/09/2007,10.435300,10.613958,10.354091,10.362212,196300,0.000,0.0,-,10.340705,10.292529,10.118174,10.274501,229198.00
02/08/2007,10.475897,10.475897,10.313480,10.451534,99200,0.000,0.0,-,10.347944,10.307553,10.100714,10.239580,232144.00
02/07/2007,10.410933,10.492142,10.378450,10.475900,157900,0.000,0.0,-,10.355098,10.322086,10.068637,10.192480,230856.00
02/06/2007,10.402810,10.427172,10.272875,10.394689,101900,0.000,0.0,-,10.361769,10.336942,10.053207,10.162432,229644.00
02/05/2007,10.500258,10.500258,10.191665,10.354082,217800,0.000,0.0,-,10.369893,10.355042,10.041838,10.130761,230656.00
02/02/2007,10.102337,10.638313,10.069853,10.548984,346200,0.000,0.0,-,10.378462,10.370228,10.026408,10.077976,230014.00
02/01/2007,9.988647,10.069855,9.907439,10.061735,133100,0.000,0.0,-,10.385129,10.381516,10.017882,10.023566,229752.00
01/31/2007,10.004890,10.094219,9.769385,9.948044,194100,0.000,0.0,-,10.392300,10.395421,10.029657,9.994331,229248.00
01/30/2007,10.110458,10.199788,9.956163,10.037371,96600,0.000,0.0,-,10.399072,10.414191,10.045493,9.986210,229808.00
01/29/2007,10.004887,10.232272,9.891196,10.110458,209900,0.000,0.0,-,10.404874,10.428584,10.057674,9.969969,232976.00
01/26/2007,9.972403,10.110457,9.728777,10.013007,170600,0.000,0.0,-,10.409102,10.438436,10.055644,9.961848,235070.00
01/25/2007,10.199789,10.232273,9.866834,9.980526,172100,0.000,0.0,-,10.416033,10.452991,10.047117,9.961848,236758.00
01/24/2007,10.061738,10.224155,9.996771,10.175429,122500,0.000,0.0,-,10.421394,10.465443,10.044275,9.944794,241104.00
01/23/2007,9.793746,10.134821,9.704416,10.077975,135900,0.000,0.0,-,10.425700,10.476750,10.026003,9.943982,244886.00
01/22/2007,9.964287,10.004891,9.745024,9.826233,210900,0.000,0.0,-,10.431581,10.478504,10.037778,9.952915,246992.00
01/19/2007,9.753138,10.021126,9.704413,10.004884,220300,0.000,0.0,-,10.438238,10.484158,10.063359,9.974841,246760.00
01/18/2007,9.842471,9.842471,9.663812,9.769383,200400,0.000,0.0,-,10.442591,10.487374,10.073104,10.012197,248524.00
01/17/2007,9.834350,9.907438,9.793747,9.866834,150700,0.000,0.0,-,10.448122,10.501780,10.097873,10.064983,261860.00
01/16/2007,10.094219,10.110460,9.834351,9.874955,228400,0.000,0.0,-,10.452923,10.489450,10.143350,10.104775,263694.00
01/12/2007,10.013009,10.207909,9.907438,10.029251,135600,0.000,0.0,-,10.458289,10.480036,10.175427,10.145380,264348.00
01/11/2007,9.809986,10.183545,9.761261,10.013007,236900,0.000,0.0,-,10.461956,10.464944,10.194511,10.149440,267492.00
01/10/2007,10.110460,10.167307,9.712539,9.809989,146900,0.000,0.0,-,10.465826,10.444993,10.221716,10.132387,265370.00
01/09/2007,10.232272,10.232272,10.102337,10.167305,145900,0.000,0.0,-,10.470952,10.432667,10.259072,10.143756,265844.00
01/08/2007,10.045492,10.345963,9.988646,10.167305,222900,0.000,0.0,-,10.473486,10.410763,10.288307,10.108024,265610.00
01/05/2007,9.988647,10.345965,9.988647,10.045493,268000,0.000,0.0,-,10.472395,10.386592,10.318760,10.122642,262864.00
01/04/2007,10.248517,10.492143,10.118583,10.378450,290500,0.000,0.0,-,10.471792,10.365019,10.367891,10.151877,259356.00
01/03/2007,10.378450,10.516505,10.151067,10.297242,441100,0.000,0.0,-,10.470612,10.338893,10.391848,10.134011,256464.00
12/29/2006,10.264755,10.354084,10.159184,10.264755,209500,0.000,0.0,-,10.470483,10.316012,10.416210,10.130762,250258.00
12/28/2006,10.094218,10.427173,10.069855,10.280997,291600,0.000,0.0,-,10.471523,10.293780,10.450724,10.181924,247768.00
12/27/2006,9.826231,10.142943,9.826231,10.069856,216500,0.000,0.0,-,10.471193,10.272681,10.485643,10.205474,252416.00
12/26/2006,9.745025,9.923684,9.745025,9.842475,284200,0.000,0.0,-,10.470105,10.257425,10.538429,10.239582,251190.00
12/22/2006,9.850591,10.110458,9.793745,9.923678,279700,0.000,0.0,-,10.469632,10.244124,10.601974,10.311045,248262.00
12/21/2006,10.337844,10.516503,9.777506,9.809989,323300,0.000,0.0,-,10.468550,10.230334,10.664700,10.374388,246334.00
12/20/2006,10.337842,10.459655,10.280996,10.313479,171400,0.000,0.0,-,10.467755,10.215415,10.735135,10.468590,242960.00
12/19/2006,10.151065,10.370328,10.061736,10.337844,177800,0.000,0.0,-,10.462711,10.192371,10.784445,10.514879,245368.00
12/18/2006,10.272880,10.386572,10.159188,10.199793,377100,0.000,0.0,-,10.455591,10.166085,10.823223,10.583906,245822.00
12/15/2006,11.166169,11.369191,10.264755,10.264755,292000,0.000,0.0,-,10.450447,10.140292,10.868902,10.649685,241664.00
12/14/2006,10.508384,10.849460,10.508384,10.776373,260100,0.000,0.0,-,10.446945,10.115630,10.893513,10.701658,242704.00
12/13/2006,10.492140,10.557107,10.394690,10.516502,254000,0.000,0.0,-,10.438837,10.075389,10.899024,10.719523,251724.00
12/12/2006,10.557105,10.557105,10.345963,10.410930,243500,0.000,0.0,-,10.431627,10.034838,10.911048,10.765812,260354.00
12/11/2006,10.557107,10.630195,10.427173,10.557107,227900,0.000,0.0,-,10.423701,9.998504,10.920655,10.837276,271478.00
12/08/2006,10.703283,10.752007,10.540865,10.557107,178800,0.000,0.0,-,10.415806,9.973017,10.929839,10.892904,270422.00
12/07/2006,10.760127,10.881939,10.573347,10.752006,335100,0.000,0.0,-,10.405181,9.954658,10.932137,10.955012,268892.00
12/06/2006,10.946910,10.946910,10.735768,10.776373,280200,0.000,0.0,-,10.392457,9.933535,10.931576,11.001680,265928.00
12/05/2006,10.906303,11.084961,10.825094,11.028115,236300,0.000,0.0,-,10.379691,9.912897,10.901041,11.054012,265330.00
12/04/2006,10.825095,11.109325,10.727645,10.857578,351700,0.000,0.0,-,10.365667,9.888844,10.855084,11.062539,263342.00
12/01/2006,10.898180,10.922542,10.654554,10.784488,240600,0.000,0.0,-,10.352978,9.863504,10.820489,11.088120,260740.00
11/30/2006,10.963146,11.084958,10.890058,10.955025,311200,0.000,0.0,-,10.341015,9.841083,10.805748,11.085369,258272.00
11/29/2006,11.190531,11.434156,10.898180,10.979389,412500,0.000,0.0,-,10.328400,9.819788,10.720515,11.078525,254752.00
11/28/2006,11.101206,11.304227,10.971273,11.125568,252300,0.035,0.0,-,10.315663,9.797358,10.641758,11.056284,249678.00
11/27/2006,11.137688,11.178189,10.894684,11.113388,343600,0.000,0.0,-,10.301835,9.773624,10.549212,11.004035,247748.00
11/24/2006,11.178188,11.291590,11.178188,11.178188,34800,0.000,0.0,-,10.288187,9.750619,10.444315,10.966774,246434.00
11/22/2006,11.356390,11.404991,11.202487,11.218688,97300,0.000,0.0,-,10.274657,9.730207,10.345089,10.909263,248452.00
11/21/2006,11.178189,11.364491,11.170088,11.299690,152500,0.000,0.0,-,10.260885,9.701370,10.237762,10.861473,253722.00
11/20/2006,11.056687,11.291591,11.016187,11.113388,185700,0.000,0.0,-,10.246788,9.673668,10.120715,10.748071,253662.00
11/17/2006,10.854183,11.218690,10.789382,11.113388,333100,0.000,0.0,-,10.233582,9.649205,10.013388,10.647629,252816.00
11/16/2006,10.862280,10.967582,10.692177,10.756978,107900,0.000,0.0,-,10.220537,9.628631,9.911326,10.552857,249948.00
11/15/2006,10.756978,10.927081,10.732678,10.886580,222100,0.000,0.0,-,10.208872,9.619397,9.831135,10.526127,251574.00
11/14/2006,10.611176,10.837980,10.530174,10.756978,255000,0.000,0.0,-,10.196559,9.607409,9.744463,10.362504,250486.00
11/13/2006,10.716480,10.821782,10.594979,10.603079,314600,0.000,0.0,-,10.184975,9.604493,9.667917,10.227233,248766.00
11/10/2006,10.611181,10.773183,10.578780,10.740783,255000,0.000,0.0,-,10.174200,9.604007,9.603116,10.094390,244076.00
11/09/2006,10.789382,10.789382,10.473477,10.603079,389400,0.000,0.0,-,10.163942,9.600281,9.524949,9.921856,241968.00
11/08/2006,10.157573,10.756983,10.125172,10.740783,311600,0.000,0.0,-,10.155054,9.601253,9.456503,9.780914,236742.00
11/07/2006,10.092771,10.295274,10.052270,10.165672,241200,0.000,0.0,-,10.143872,9.595258,9.372667,9.614051,234396.00
11/06/2006,10.206170,10.311471,10.060367,10.108968,199300,0.000,0.0,-,10.135324,9.595015,9.322446,9.493358,232866.00
11/03/2006,10.449177,10.489677,10.141372,10.165672,308500,0.000,0.0,-,10.126538,9.595583,9.268175,9.379146,230818.00
11/02/2006,9.720163,10.586877,9.703962,10.489676,867200,0.000,0.0,-,10.116586,9.591625,9.205399,9.269794,226924.00
11/01/2006,9.404257,9.460958,9.177453,9.250355,242400,0.000,0.0,-,10.105856,9.582478,9.132497,9.136142,212022.00
10/31/2006,9.307059,9.509563,9.307059,9.404261,261100,0.000,0.0,-,10.100439,9.602803,9.108197,9.126422,208878.00
10/30/2006,8.950649,9.315155,8.893948,9.274654,292800,0.000,0.0,-,10.094253,9.618435,9.062431,9.108601,208708.00
10/27/2006,9.185548,9.274650,8.958745,9.015446,130800,0.000,0.0,-,10.088595,9.638920,9.028411,9.111841,204772.00
10/26/2006,9.169352,9.274654,8.934448,9.193653,170600,0.000,0.0,-,10.083871,9.664912,9.041776,9.128042,204962.00
10/25/2006,8.934449,9.209854,8.934449,9.072151,134200,0.000,0.0,-,10.077976,9.687018,9.064051,9.132093,205652.00
10/24/2006,8.942548,9.112651,8.934448,8.958749,85600,0.000,0.0,-,10.073370,9.709130,9.095237,9.131283,207164.00
10/23/2006,9.064050,9.145052,8.910148,8.966848,92600,0.000,0.0,-,10.067123,9.735287,9.134522,9.151533,211696.00
10/20/2006,9.193654,9.193654,9.007350,9.072151,145900,0.000,0.0,-,10.060193,9.757243,9.177453,9.157204,212688.00
10/19/2006,9.112653,9.274655,9.096452,9.153153,130800,0.000,0.0,-,10.052776,9.775801,9.203374,9.141003,213830.00
10/18/2006,9.315156,9.396158,9.153153,9.153153,85000,0.000,0.0,-,10.044995,9.791285,9.228889,9.128853,216858.00
10/17/2006,9.193651,9.274652,9.047848,9.226051,524000,0.000,0.0,-,10.036933,9.808061,9.265745,9.089972,219298.00
10/16/2006,9.177456,9.363760,9.177456,9.307058,155200,0.000,0.0,-,10.027743,9.838081,9.297336,9.016261,211754.00
10/13/2006,9.234156,9.282757,9.169355,9.177455,137800,0.000,0.0,-,10.018750,9.862441,9.328926,8.944980,218016.00
10/12/2006,9.112655,9.315158,9.112655,9.234157,183300,0.000,0.0,-,10.010928,9.896018,9.368212,8.955509,223280.00
10/11/2006,9.153153,9.193653,8.885848,9.064051,154600,0.000,0.0,-,10.002461,9.935891,9.414382,8.996010,224946.00
10/10/2006,9.064050,9.177452,8.942548,9.161252,291800,0.000,0.0,-,9.995285,9.972220,9.450023,9.059191,225306.00
10/09/2006,8.845352,9.112656,8.748150,9.023555,200500,0.000,0.0,-,9.987624,10.012583,9.487688,9.117512,223606.00
10/06/2006,8.991148,9.047849,8.821046,8.910147,169200,0.000,0.0,-,9.980210,10.050368,9.531024,9.197703,223166.00
10/05/2006,8.788644,9.080249,8.723843,9.031648,344000,0.000,0.0,-,9.973202,10.078305,9.589750,9.265744,223496.00
10/04/2006,8.497042,8.821048,8.497042,8.764346,711100,0.000,0.0,-,9.966309,10.107851,9.652931,9.328926,219604.00
10/03/2006,8.594241,8.780545,8.440339,8.488939,685500,0.000,0.0,-,9.959870,10.144681,9.729072,9.441518,211056.00
10/02/2006,9.201757,9.201757,8.521346,8.594247,799700,0.000,0.0,-,9.954767,10.184273,9.835184,9.578411,201954.00
09/29/2006,9.606757,9.614857,9.250352,9.282752,175100,0.000,0.0,-,9.949740,10.208189,9.934411,9.712873,189050.00
09/28/2006,9.695865,9.784966,9.566262,9.639163,102300,0.000,0.0,-,9.940709,10.224473,9.997997,9.780914,190342.00
09/27/2006,9.663461,9.768763,9.631061,9.695862,186900,0.000,0.0,-,9.929855,10.243000,10.048623,9.832754,192116.00
09/26/2006,9.825463,9.906464,9.679660,9.744461,250300,0.000,0.0,-,9.919521,10.252314,10.085884,9.840855,192130.00
09/25/2006,9.590560,9.882165,9.436657,9.825464,136900,0.000,0.0,-,9.908944,10.261788,10.106337,9.857865,191846.00
09/22/2006,9.614860,9.671561,9.558159,9.590560,221600,0.000,0.0,-,9.897520,10.268510,10.121932,9.864345,193102.00
09/21/2006,9.922666,9.971267,9.598661,9.663462,117200,0.000,0.0,-,9.887592,10.283324,10.140790,9.913756,192824.00
09/20/2006,9.938869,10.003670,9.784965,9.890267,135200,0.000,0.0,-,9.876616,10.302818,10.159235,9.976937,193100.00
09/19/2006,9.914568,9.930769,9.720165,9.857867,158800,0.000,0.0,-,9.865310,10.329731,10.178052,10.016627,193308.00
09/18/2006,9.890269,9.995571,9.598665,9.938870,155800,0.000,0.0,-,9.853764,10.352769,10.194450,10.091958,193196.00
09/15/2006,10.262868,10.287168,9.922663,9.963163,277900,0.000,0.0,-,9.841773,10.372247,10.212453,10.155949,191912.00
09/14/2006,9.768761,10.287169,9.768761,10.157567,135700,0.000,0.0,-,9.829581,10.399964,10.230048,10.215081,189146.00
09/13/2006,9.946966,10.003667,9.720162,9.776863,360800,0.000,0.0,-,9.816617,10.422016,10.237115,10.264492,190354.00
09/12/2006,9.971266,9.995566,9.801163,9.914564,149500,0.000,0.0,-,9.806982,10.457336,10.257160,10.330913,184754.00
09/11/2006,9.963169,10.027970,9.776865,9.890267,143400,0.000,0.0,-,9.796338,10.489902,10.274762,10.354809,191258.00
09/08/2006,10.287171,10.327671,10.044166,10.084667,189700,0.000,0.0,-,9.786056,10.515522,10.283482,10.379518,195738.00
09/07/2006,10.206168,10.343870,10.044165,10.295269,189200,0.000,0.0,-,9.774281,10.521100,10.279251,10.367825,197996.00
09/06/2006,10.530178,10.538278,10.125171,10.287173,167700,0.000,0.0,-,9.761173,10.530381,10.260855,10.341534,200378.00
09/05/2006,10.619277,10.935183,10.489675,10.611177,169000,0.000,0.0,-,9.747064,10.545640,10.246095,10.339477,204718.00
09/01/2006,10.570681,10.700283,10.432978,10.578781,80100,0.000,0.0,-,9.730854,10.545049,10.251887,10.296942,205482.00
08/31/2006,10.659781,10.789383,10.546379,10.554479,149600,0.000,0.0,-,9.716008,10.540421,10.249202,10.268956,209062.00
08/30/2006,10.465376,10.748881,10.311473,10.651679,128100,0.000,0.0,-,9.701884,10.538379,10.264292,10.245015,210818.00
08/29/2006,10.141367,10.441072,9.971264,10.441072,194300,0.035,0.0,-,9.687074,10.524216,10.293100,10.209739,213780.00
08/28/2006,10.177754,10.702796,10.080822,10.153521,164700,0.000,0.0,-,9.673117,10.511680,10.315072,10.183407,217600.00
08/25/2006,9.967732,10.177750,9.878878,10.137362,96900,0.000,0.0,-,9.660197,10.513295,10.366364,10.194715,230462.00
08/24/2006,10.056590,10.177755,9.830418,9.967737,113800,0.000,0.0,-,9.646757,10.519273,10.405137,10.187446,233770.00
08/23/2006,10.339305,10.379693,10.016202,10.032357,122100,0.000,0.0,-,9.634205,10.513942,10.422100,10.190676,235478.00
08/22/2006,10.145439,10.379689,10.105051,10.266603,85200,0.000,0.0,-,9.620529,10.504410,10.445929,10.180176,239060.00
08/21/2006,10.298920,10.298920,9.895041,10.185834,252600,0.000,0.0,-,9.605562,10.491325,10.462892,10.152713,243342.00
08/18/2006,10.315073,10.339306,10.096978,10.298918,96000,0.000,0.0,-,9.588875,10.484216,10.477027,10.206832,243360.00
08/17/2006,10.290836,10.355456,10.218138,10.315069,140300,0.000,0.0,-,9.571424,10.485186,10.451583,10.229449,249154.00
08/16/2006,10.210065,10.581633,10.161599,10.298918,205100,0.000,0.0,-,9.553891,10.478885,10.440678,10.283569,251140.00
08/15/2006,10.298918,10.420081,10.121211,10.177754,209800,0.000,0.0,-,9.537120,10.472100,10.454006,10.376461,253638.00
08/14/2006,10.113129,10.541240,10.096973,10.266603,312200,0.000,0.0,-,9.520635,10.473069,10.453198,10.446736,253584.00
08/11/2006,9.919267,10.169673,9.870802,10.064664,142200,0.000,0.0,-,9.504065,10.484862,10.450775,10.538013,252460.00
08/10/2006,9.854648,10.113131,9.773873,10.000045,203000,0.000,0.0,-,9.487664,10.496494,10.455622,10.622828,255458.00
08/09/2006,10.177757,10.234300,9.854654,9.927352,282200,0.000,0.0,-,9.472748,10.506510,10.472181,10.653523,258144.00
08/08/2006,10.727032,10.727032,9.935429,9.991972,207000,0.000,0.0,-,9.457114,10.515880,10.507722,10.711682,261872.00
08/07/2006,10.484698,10.783570,10.379691,10.727026,146800,0.000,0.0,-,9.440797,10.527027,10.569919,10.773071,260758.00
08/04/2006,10.864346,10.864346,10.056588,10.525087,468300,0.000,0.0,-,9.422326,10.523069,10.584055,10.747223,262828.00
08/03/2006,11.187452,11.284383,10.783573,10.856271,401000,0.000,0.0,-,9.402822,10.518800,10.603442,10.673717,258896.00
08/02/2006,10.961277,11.413622,10.928967,11.227838,266600,0.000,0.0,-,9.382743,10.509357,10.628078,10.597788,262230.00
08/01/2006,11.066289,11.066289,10.727030,10.880505,172600,0.000,0.0,-,9.361929,10.498605,10.629693,10.531551,270534.00
07/31/2006,10.872424,11.179372,10.622018,11.179372,206800,0.000,0.0,-,9.342210,10.497217,10.662811,10.459660,274472.00
07/28/2006,10.298918,10.977435,10.298918,10.912814,178500,0.000,0.0,-,9.320476,10.481473,10.680986,10.363537,277250.00
07/27/2006,10.581633,10.710875,10.185831,10.306995,185700,0.000,0.0,-,9.300395,10.480244,10.693910,10.288415,281592.00
07/26/2006,10.525092,10.654333,10.218143,10.508937,149400,0.000,0.0,-,9.284825,10.503054,10.696737,10.290838,287372.00
07/25/2006,10.492778,10.823959,10.452390,10.605865,283700,0.000,0.0,-,9.268446,10.512319,10.709257,10.303763,290548.00
07/24/2006,9.991968,10.630097,9.919270,10.468546,230400,0.000,0.0,-,9.251862,10.530280,10.731470,10.366768,293776.00
07/21/2006,10.096977,10.096977,9.483080,9.790029,154500,0.000,0.0,-,9.236206,10.556465,10.737125,10.420888,296142.00
07/20/2006,10.638174,10.702795,10.072744,10.096976,239700,0.000,0.0,-,9.225584,10.602987,10.764992,10.533166,299574.00
07/19/2006,10.193906,10.743181,10.193906,10.565475,191000,0.000,0.0,-,9.212706,10.643049,10.782763,10.658368,303046.00
07/18/2006,10.242371,10.339302,9.927346,10.161595,187600,0.000,0.0,-,9.195163,10.672773,10.751665,10.727836,305094.00
07/17/2006,10.016200,10.258528,9.959657,10.218140,236100,0.000,0.0,-,9.178999,10.710898,10.734298,10.865962,308788.00
07/14/2006,10.250448,10.274682,9.773872,10.161595,199700,0.000,0.0,-,9.161951,10.746119,10.735106,10.998434,313066.00
07/13/2006,10.557397,10.557397,10.210062,10.331225,207700,0.000,0.0,-,9.145906,10.793266,10.748838,11.099404,315576.00
07/12/2006,11.187456,11.187456,10.630102,10.638180,131000,0.000,0.0,-,9.128493,10.833153,10.717336,11.102635,315912.00
07/11/2006,10.969358,11.235918,10.654332,11.235918,145600,0.000,0.0,-,9.109946,10.863679,10.663215,11.114751,320188.00
07/10/2006,10.928967,11.284381,10.904734,11.009743,153200,0.000,0.0,-,9.087048,10.884829,10.582035,11.096173,324760.00
07/07/2006,11.324771,11.324771,10.904736,10.912814,91600,0.000,0.0,-,9.064640,10.901801,10.523069,11.053362,329548.00
07/06/2006,11.260145,11.437852,11.195525,11.348999,139600,0.000,0.0,-,9.043318,10.924418,10.494798,10.996818,347926.00
07/05/2006,11.462087,11.510552,11.147061,11.260147,196100,0.000,0.0,-,9.019294,10.933638,10.427350,10.907157,351032.00
07/03/2006,11.623637,11.712490,11.486318,11.542861,80800,0.000,0.0,-,8.995635,10.946085,10.362325,10.775494,351462.00
06/30/2006,11.252068,11.559017,11.033973,11.542861,474700,0.000,0.0,-,8.970281,10.951429,10.296493,10.602634,354198.00
06/29/2006,10.525088,11.260147,10.476623,11.171294,367400,0.000,0.0,-,8.944246,10.960961,10.262164,10.471777,348686.00
06/28/2006,10.767416,10.767416,10.234296,10.363537,302600,0.000,0.0,-,8.921311,10.978891,10.235912,10.398271,348090.00
06/27/2006,11.082443,11.260149,10.678564,10.759339,308300,0.000,0.0,-,8.901934,11.009271,10.242778,10.332036,348190.00
06/26/2006,10.694717,11.187450,10.638174,11.050131,384700,0.000,0.0,-,8.880498,11.024001,10.224603,10.211679,346590.00
06/23/2006,10.315072,10.654329,10.218140,10.581632,207200,0.000,0.0,-,8.857448,11.029048,10.199562,10.067898,344790.00
06/22/2006,10.484701,10.484701,10.177753,10.347383,259100,0.000,0.0,-,8.837621,11.041371,10.196937,9.992777,344574.00
06/21/2006,9.919269,10.581631,9.919269,10.452389,237400,0.000,0.0,-,8.818966,11.053545,10.195149,9.992777,344892.00
06/20/2006,9.773880,10.113138,9.701181,9.943509,276200,0.000,0.0,-,8.799025,11.072481,10.191736,9.947543,347830.00
06/19/2006,10.218143,10.258531,9.733488,9.814263,385300,0.000,0.0,-,8.782949,11.094666,10.229072,9.949157,347630.00
06/16/2006,10.476622,10.743183,10.096976,10.234295,807800,0.000,0.0,-,8.766840,11.119114,10.278914,9.990353,343482.00
06/15/2006,9.773875,10.525090,9.773875,10.436236,262300,0.000,0.0,-,8.746907,11.139511,10.286808,10.052551,332958.00
06/14/2006,9.547706,9.895042,9.547706,9.701180,199200,0.000,0.0,-,8.726005,11.153936,10.307564,10.073552,334138.00
06/13/2006,9.612319,9.967733,9.547699,9.555777,301200,0.000,0.0,-,8.708859,11.177423,10.394880,10.153520,335356.00
06/12/2006,9.854648,9.943501,9.612320,9.612320,299300,0.000,0.0,-,8.693240,11.203818,10.465702,10.237526,336226.00
06/09/2006,10.363539,10.710875,9.830419,9.830419,253500,0.000,0.0,-,8.676058,11.228116,10.560281,10.331227,336340.00
06/08/2006,9.935426,10.444313,9.749641,10.347383,385700,0.000,0.0,-,8.657664,11.250468,10.657650,10.401098,335374.00
06/07/2006,9.854648,10.290837,9.830416,10.000045,239600,0.000,0.0,-,8.637207,11.258776,10.746088,10.397521,333898.00
06/06/2006,10.193904,10.201981,9.749637,9.959654,330000,0.000,0.0,-,8.617565,11.274513,10.851088,10.435929,339276.00
06/05/2006,10.864350,10.864350,10.218143,10.226221,207100,0.000,0.0,-,8.599166,11.292025,10.955690,10.508988,348926.00
06/02/2006,10.702797,10.953202,10.452392,10.856271,256000,0.000,0.0,-,8.580155,11.300983,11.047769,10.567474,368484.00
06/01/2006,10.500855,10.823958,10.468545,10.646252,292100,0.000,0.0,-,8.558034,11.282840,11.103916,10.521065,370020.00
05/31/2006,10.379692,10.581632,10.298916,10.500855,337300,0.000,0.0,-,8.537484,11.268413,11.197550,10.541576,368926.00
05/30/2006,10.751257,10.953197,10.339301,10.395844,468600,0.000,0.0,-,8.517180,11.261245,11.288788,10.636241,365346.00
05/26/2006,10.589710,10.638176,10.420081,10.549323,151300,0.035,0.0,-,8.497441,11.258755,11.377220,10.693877,367624.00
05/25/2006,10.432458,10.601633,10.311619,10.529129,250300,0.000,0.0,-,8.476495,11.257223,11.464423,10.789335,370002.00
05/24/2006,10.351896,10.440511,10.069937,10.311616,271700,0.000,0.0,-,8.456330,11.250939,11.530884,10.914202,371520.00
05/23/2006,10.690247,11.020541,10.303561,10.384121,567700,0.000,0.0,-,8.437453,11.241756,11.617486,11.094655,374002.00
05/22/2006,10.633854,10.939981,10.069938,10.690247,681800,0.000,0.0,-,8.417692,11.229027,11.688781,11.266247,369902.00
05/19/2006,10.376065,10.875534,10.134387,10.811087,369500,0.000,0.0,-,8.396602,11.209371,11.748394,11.402392,361648.00
05/18/2006,10.714411,11.068873,10.271334,10.392173,345700,0.000,0.0,-,8.374587,11.186169,11.798341,11.528064,359372.00
05/17/2006,11.246105,11.246105,10.714413,10.851364,395600,0.000,0.0,-,8.353905,11.164418,11.879706,11.686767,355884.00
05/16/2006,10.891647,11.616682,10.891647,11.447507,474700,0.000,0.0,-,8.331488,11.125669,11.940529,11.853525,353300.00
05/15/2006,11.358891,11.358891,10.778863,10.972205,308200,0.000,0.0,-,8.305290,11.080137,11.962279,11.941335,348704.00
05/12/2006,11.697242,11.697242,10.948038,11.503899,445100,0.000,0.0,-,8.281187,11.051980,11.988461,12.060563,347554.00
05/11/2006,12.059758,12.083926,11.753632,11.777800,348700,0.000,0.0,-,8.254106,11.004999,11.978391,12.139511,344566.00
05/10/2006,12.116149,12.220876,12.003365,12.116149,326100,0.000,0.0,-,8.224975,10.950933,11.949389,12.147567,344290.00
05/09/2006,12.059759,12.204765,11.930864,12.100039,413300,0.000,0.0,-,8.193590,10.885122,11.891386,12.140316,342726.00
05/08/2006,12.019474,12.212817,11.834187,12.051698,293400,0.000,0.0,-,8.163208,10.822684,11.856343,12.111314,342000.00
05/05/2006,11.995308,12.285322,11.995308,12.067811,372300,0.000,0.0,-,8.131866,10.750292,11.806396,12.094397,341554.00
05/04/2006,12.325602,12.390049,11.689182,11.979196,450000,0.000,0.0,-,8.101084,10.673080,11.754838,12.068617,340726.00
05/03/2006,12.365882,12.663952,12.204762,12.518945,325200,0.000,0.0,-,8.070385,10.597962,11.718587,12.072646,335130.00
05/02/2006,12.172543,12.510893,12.011424,12.325606,224500,0.000,0.0,-,8.036066,10.512048,11.650514,12.027533,333102.00
05/01/2006,12.245043,12.365883,12.027533,12.164484,344800,0.000,0.0,-,8.003634,10.431929,11.578010,11.983224,331648.00
04/28/2006,11.777801,12.317550,11.761690,12.293383,374200,0.000,0.0,-,7.971888,10.356478,11.513563,11.916360,329118.00
04/27/2006,12.003366,12.091982,11.761688,11.858359,392600,0.000,0.0,-,7.939658,10.279252,11.440253,11.817271,326734.00
04/26/2006,12.277266,12.277266,11.987253,12.043644,1010500,0.000,0.0,-,7.909403,10.210726,11.394737,11.751212,321502.00
04/25/2006,12.043641,12.043641,11.705291,11.810019,294900,0.000,0.0,-,7.877460,10.137049,11.330693,11.642457,302896.00
04/24/2006,11.963080,11.963080,11.600562,11.882521,217600,0.000,0.0,-,7.845644,10.068527,11.279538,11.601371,299110.00
04/21/2006,12.204760,12.236984,11.801962,11.810019,217600,0.000,0.0,-,7.812144,10.000321,11.227174,11.518396,298262.00
04/20/2006,12.067817,12.140321,11.777803,12.019482,199100,0.000,0.0,-,7.778806,9.933405,11.170380,11.441059,296098.00
04/19/2006,11.922804,12.212818,11.793909,12.067811,337600,0.000,0.0,-,7.744942,9.862620,11.066860,11.364527,297808.00
04/18/2006,11.536115,11.906688,11.495836,11.882521,307600,0.000,0.0,-,7.710636,9.790708,10.959716,11.273495,295320.00
04/17/2006,11.342778,11.536120,11.157491,11.495841,228300,0.000,0.0,-,7.677576,9.723145,10.872712,11.172796,295774.00
04/13/2006,11.173596,11.399162,10.980254,11.302491,294700,0.000,0.0,-,7.646530,9.661709,10.811487,11.110765,294856.00
04/12/2006,10.875532,11.205826,10.593574,11.197770,196400,0.000,0.0,-,7.616451,9.604140,10.769999,11.063236,295650.00
04/11/2006,11.415281,11.415281,10.899700,10.956092,275000,0.000,0.0,-,7.586174,9.548987,10.720858,11.038263,297010.00
04/10/2006,11.101091,11.479721,11.028588,11.399161,384300,0.000,0.0,-,7.557827,9.498828,10.665675,11.018929,293226.00
04/07/2006,11.044713,11.246111,10.883594,11.052769,266200,0.000,0.0,-,7.527144,9.444626,10.583102,10.957704,287412.00
04/06/2006,11.254168,11.254168,10.843315,11.036657,177900,0.000,0.0,-,7.498514,9.400082,10.515834,10.935952,284922.00
04/05/2006,11.109153,11.358887,10.972201,11.254160,281600,0.000,0.0,-,7.469924,9.349436,10.446553,10.899700,283560.00
04/04/2006,10.883589,11.213883,10.754694,11.157492,321300,0.000,0.0,-,7.439926,9.293476,10.349076,10.769194,280138.00
04/03/2006,10.875531,11.052762,10.730524,10.875531,260100,0.000,0.0,-,7.410772,9.237361,10.236897,10.645937,275264.00
03/31/2006,10.859419,10.883587,10.674132,10.875531,344700,0.000,0.0,-,7.383268,9.183353,10.151665,10.572628,272112.00
03/30/2006,10.996373,11.004429,10.738583,10.827198,305000,0.000,0.0,-,7.354803,9.132717,10.086107,10.512209,268690.00
03/29/2006,10.754697,10.956096,10.649970,10.948040,205200,0.000,0.0,-,7.326420,9.079514,10.002489,10.476763,265138.00
03/28/2006,10.786917,10.851365,10.585518,10.762749,311900,0.000,0.0,-,7.297392,9.023895,9.908812,10.403453,264270.00
03/27/2006,10.835251,10.875531,10.682188,10.786916,508500,0.000,0.0,-,7.268930,8.971499,9.811954,10.312421,259876.00
03/24/2006,10.706356,10.939978,10.674132,10.835251,812500,0.000,0.0,-,7.240507,8.917175,9.721516,10.208500,251794.00
03/23/2006,9.949099,10.674134,9.949099,10.674134,1185000,0.000,0.0,-,7.211643,8.860760,9.601357,10.095716,240410.00
03/22/2006,9.924926,10.045766,9.779920,9.949095,332800,0.000,0.0,-,7.183584,8.810297,9.478011,9.993406,226572.00
03/21/2006,10.118272,10.231055,9.868537,9.924929,237400,0.000,0.0,-,7.159030,8.765502,9.391721,9.928958,228266.00
03/20/2006,10.158552,10.263280,10.005490,10.142441,158300,0.000,0.0,-,7.134637,8.718620,9.306638,9.827856,225340.00
03/17/2006,10.472736,10.593575,10.158554,10.271338,582500,0.000,0.0,-,7.109637,8.667549,9.215499,9.730701,229870.00
03/16/2006,10.247170,10.537184,10.247170,10.472736,270200,0.000,0.0,-,7.083873,8.614060,9.121528,9.660006,221652.00
03/15/2006,9.892705,10.222999,9.747699,10.214944,326200,0.000,0.0,-,7.056701,8.555419,9.019495,9.528214,219646.00
03/14/2006,9.852430,10.053829,9.787983,9.852430,395800,0.000,0.0,-,7.030778,8.498882,8.930352,9.414172,215342.00
03/13/2006,9.828261,9.932988,9.667142,9.747702,362700,0.000,0.0,-,7.006787,8.452005,8.855720,9.311486,210986.00
03/10/2006,9.651024,9.852423,9.457682,9.707417,269100,0.000,0.0,-,6.983120,8.409310,8.787530,9.234531,205600.00
03/09/2006,9.312677,9.723529,9.304621,9.651026,255700,0.000,0.0,-,6.959775,8.365976,8.725770,9.106997,201732.00
03/08/2006,8.780982,9.385178,8.772926,9.304619,171300,0.035,0.0,-,6.937472,8.325535,8.666429,8.962617,196914.00
03/07/2006,9.130736,9.138767,8.841637,8.913912,266400,0.000,0.0,-,6.916942,8.292023,8.625211,8.854483,195470.00
03/06/2006,9.628630,9.636661,9.138767,9.170889,244900,0.000,0.0,-,6.898365,8.264559,8.603127,8.785421,191610.00
03/03/2006,9.154824,9.676811,9.106642,9.564383,250700,0.000,0.0,-,6.878062,8.231312,8.569800,8.700296,188376.00
03/02/2006,9.074518,9.235129,8.978152,9.154823,295700,0.000,0.0,-,6.855552,8.193087,8.512783,8.583050,190282.00
03/01/2006,8.825570,9.114670,8.785417,9.074517,334900,0.000,0.0,-,6.835651,8.159519,8.476244,8.510776,190332.00
02/28/2006,8.978154,9.034367,8.536473,8.825573,247900,0.000,0.0,-,6.815310,8.127397,8.444523,8.446532,187664.00
02/27/2006,8.512382,9.219070,8.512382,8.978154,377000,0.000,0.0,-,6.797174,8.102663,8.425652,8.399955,184404.00
02/24/2006,8.191162,8.512384,7.998429,8.432078,271100,0.000,0.0,-,6.778637,8.072629,8.411197,8.340528,182066.00
02/23/2006,8.038579,8.351770,8.038579,8.207221,330900,0.000,0.0,-,6.763070,8.053355,8.430871,8.344543,179258.00
02/22/2006,8.215253,8.327681,8.134948,8.223284,170200,0.000,0.0,-,6.748787,8.041791,8.445728,8.370241,174440.00
02/21/2006,8.303590,8.432078,8.151009,8.223284,223800,0.000,0.0,-,6.732742,8.029906,8.457372,8.395938,174066.00
02/17/2006,8.407984,8.432076,8.311618,8.319648,151800,0.000,0.0,-,6.717058,8.016254,8.463797,8.420833,171118.00
02/16/2006,8.432075,8.432075,8.303586,8.391922,218300,0.000,0.0,-,6.702694,8.001960,8.456569,8.439303,171996.00
02/15/2006,8.416017,8.432078,8.319650,8.432078,255000,0.000,0.0,-,6.687328,7.983490,8.454160,8.442515,169786.00
02/14/2006,8.367834,8.432078,8.110857,8.432078,131000,0.000,0.0,-,6.673803,7.967428,8.440909,8.441712,168382.00
02/13/2006,8.343738,8.432073,8.231310,8.359798,80200,0.000,0.0,-,6.660239,7.949761,8.427659,8.442515,169176.00
02/10/2006,8.448135,8.472227,8.231310,8.383890,105600,0.000,0.0,-,6.647156,7.933379,8.416818,8.451349,170216.00
02/09/2006,8.432073,8.560562,8.367829,8.472226,175200,0.000,0.0,-,6.633792,7.916194,8.401158,8.481865,170756.00
02/08/2006,8.488289,8.512381,8.247373,8.464197,109400,0.000,0.0,-,6.619787,7.898045,8.378271,8.517200,170176.00
02/07/2006,8.472231,8.672995,8.215253,8.480262,284600,0.000,0.0,-,6.606342,7.885758,8.362611,8.521215,168594.00
02/06/2006,8.512379,8.544501,8.383890,8.472226,213200,0.000,0.0,-,6.593418,7.871868,8.324065,8.518806,164706.00
02/03/2006,8.440107,8.592687,8.399954,8.504352,330300,0.000,0.0,-,6.582416,7.859101,8.279495,8.506760,163584.00
02/02/2006,8.424046,8.480260,8.255404,8.424046,182400,0.000,0.0,-,6.569572,7.843608,8.233721,8.473835,159844.00
02/01/2006,8.351771,8.576626,8.335710,8.424046,334400,0.000,0.0,-,6.557489,7.828600,8.192364,8.465805,160432.00
01/31/2006,8.424042,8.576623,8.191156,8.440104,264400,0.000,0.0,-,6.546087,7.809426,8.148196,8.440106,156836.00
01/30/2006,8.624811,8.697086,8.440108,8.448139,85800,0.000,0.0,-,6.533684,7.788009,8.095596,8.412803,154180.00
01/27/2006,8.753299,8.833605,8.640872,8.689054,93600,0.000,0.0,-,6.522322,7.771238,8.048618,8.382287,155578.00
01/26/2006,8.480260,8.825573,8.480260,8.825573,141700,0.000,0.0,-,6.510837,7.752051,7.994813,8.320451,155828.00
01/25/2006,8.416015,8.504352,8.303588,8.504352,109800,0.000,0.0,-,6.497829,7.729333,7.930569,8.239342,157232.00
01/24/2006,8.351771,8.488290,8.134947,8.456168,110500,0.000,0.0,-,6.485505,7.712238,7.886802,8.204008,161540.00
01/23/2006,8.199191,8.552535,8.199191,8.351771,77600,0.000,0.0,-,6.473782,7.694505,7.845445,8.129324,162496.00
01/20/2006,8.351770,8.351770,7.958273,8.175098,102500,0.000,0.0,-,6.463944,7.676456,7.804890,8.052231,163362.00
01/19/2006,8.142977,8.351770,8.078732,8.343740,173600,0.000,0.0,-,6.454828,7.662102,7.771564,7.993608,165042.00
01/18/2006,8.086759,8.191156,7.966301,8.167065,127400,0.000,0.0,-,6.444949,7.641170,7.737032,7.918924,163572.00
01/17/2006,8.078729,8.207218,7.693262,8.167065,161800,0.000,0.0,-,6.435874,7.623292,7.702501,7.856286,166142.00
01/13/2006,8.062673,8.207223,8.062673,8.142979,92200,0.000,0.0,-,6.425156,7.596922,7.667568,7.778390,164902.00
01/12/2006,7.990395,8.175098,7.910090,8.070701,104400,0.000,0.0,-,6.415480,7.570234,7.639863,7.714949,164046.00
01/11/2006,8.159035,8.416013,7.749477,8.014485,243300,0.000,0.0,-,6.406927,7.544991,7.610150,7.669175,164548.00
01/10/2006,7.709324,8.311614,7.596896,8.151003,493100,0.000,0.0,-,6.398094,7.523596,7.582846,7.621795,160900.00
01/09/2006,7.588869,7.709328,7.588869,7.709328,417500,0.000,0.0,-,6.388578,7.498189,7.556747,7.569597,152636.00
01/06/2006,7.620994,7.669178,7.548719,7.580841,91100,0.000,0.0,-,6.381391,7.483057,7.552731,7.561566,146064.00
01/05/2006,7.629022,7.709328,7.580838,7.588869,384800,0.000,0.0,-,6.373444,7.467130,7.550724,7.557550,148678.00
01/04/2006,7.540689,7.669177,7.532658,7.596902,171600,0.000,0.0,-,6.365537,7.455689,7.551527,7.549520,142570.00
01/03/2006,7.420229,7.556749,7.131130,7.540688,169900,0.000,0.0,-,6.357871,7.439762,7.545102,7.555141,143114.00
12/30/2005,7.444318,7.484470,7.267646,7.388103,111000,0.000,0.0,-,6.351006,7.423517,7.549518,7.548716,141368.00
12/29/2005,7.612962,7.637054,7.372046,7.508565,178000,0.000,0.0,-,6.345465,7.416412,7.557549,7.556747,142286.00
12/28/2005,7.588871,7.629024,7.460382,7.612962,93400,0.000,0.0,-,6.338721,7.398727,7.559155,7.564777,141678.00
12/27/2005,7.629024,7.661146,7.516596,7.540688,75700,0.000,0.0,-,6.331856,7.383280,7.554738,7.551125,141728.00
12/23/2005,7.620988,7.637049,7.548713,7.629018,14800,0.000,0.0,-,6.325391,7.373764,7.555943,7.543897,141796.00
12/22/2005,7.564774,7.813720,7.564774,7.629018,99100,0.000,0.0,-,6.317684,7.359917,7.566985,7.543897,142726.00
12/21/2005,7.508566,7.637055,7.476444,7.540688,73400,0.000,0.0,-,6.310979,7.343989,7.574823,7.543897,143174.00
12/20/2005,7.653115,7.653115,7.508565,7.508565,83200,0.000,0.0,-,6.304795,7.331108,7.589481,7.543897,143730.00
12/19/2005,7.492503,7.749480,7.364014,7.653113,346000,0.000,0.0,-,6.298852,7.324798,7.600538,7.553533,143658.00
12/16/2005,7.468409,7.548714,7.396134,7.476440,298200,0.000,0.0,-,6.292627,7.316397,7.601564,7.535063,139688.00
12/15/2005,7.588866,7.604927,7.428255,7.468408,201500,0.000,0.0,-,6.287405,7.312651,7.601011,7.550321,138382.00
12/14/2005,7.548716,7.725388,7.548716,7.588869,84900,0.000,0.0,-,6.282944,7.310028,7.596054,7.558351,138822.00
12/13/2005,7.428256,7.645081,7.396134,7.476440,260100,0.000,0.0,-,6.276479,7.311563,7.597088,7.553533,144304.00
12/12/2005,7.620988,7.645080,7.452347,7.468408,130700,0.000,0.0,-,6.270697,7.312463,7.609751,7.558352,146220.00
12/09/2005,7.629018,7.709324,7.516590,7.629018,90000,0.000,0.0,-,6.264274,7.304232,7.620814,7.567989,145278.00
12/08/2005,7.572805,7.701293,7.572805,7.629018,151500,0.000,0.0,-,6.256126,7.290226,7.621844,7.590073,145494.00
12/07/2005,7.629024,7.629024,7.452351,7.540688,76400,0.000,0.0,-,6.246577,7.273816,7.618869,7.605749,145668.00
12/06/2005,7.508563,7.709327,7.508563,7.604929,195700,0.000,0.0,-,6.237550,7.262057,7.614302,7.635065,146828.00
12/05/2005,7.629019,7.629019,7.331889,7.468408,107800,0.000,0.0,-,6.228401,7.246931,7.606924,7.647543,145802.00
12/02/2005,7.508560,7.669171,7.444316,7.629018,184800,0.000,0.0,-,6.221337,7.236137,7.598362,7.668066,147376.00
12/01/2005,7.588870,7.669176,7.548717,7.548717,170700,0.000,0.0,-,6.213430,7.216684,7.580568,7.651702,147806.00
11/30/2005,7.556749,7.661146,7.508566,7.540688,132200,0.000,0.0,-,6.206285,7.196273,7.545562,7.633756,147098.00
11/29/2005,7.604930,7.661143,7.468410,7.524624,132600,0.000,0.0,-,6.198579,7.178427,7.508955,7.640643,148578.00
11/28/2005,7.813724,7.869939,7.492503,7.564778,146200,0.025,0.0,-,6.190513,7.158819,7.473152,7.661151,147024.00
11/25/2005,7.753740,7.865881,7.721700,7.849861,30300,0.000,0.0,-,6.182327,7.138087,7.442149,7.673640,148400.00
11/23/2005,7.825831,7.970012,7.697670,7.785781,90200,0.000,0.0,-,6.171673,7.110533,7.393688,7.653615,149136.00
11/22/2005,7.737721,7.865882,7.721701,7.833842,157100,0.000,0.0,-,6.161580,7.081536,7.352036,7.631988,148358.00
11/21/2005,7.673638,7.841849,7.673638,7.729708,143300,0.000,0.0,-,6.151007,7.056545,7.299570,7.593539,146790.00
11/18/2005,7.545481,7.745733,7.473391,7.673642,211800,0.000,0.0,-,6.141515,7.031713,7.263926,7.566305,145468.00
11/17/2005,7.385278,7.609559,7.377267,7.465378,154600,0.000,0.0,-,6.132344,7.007683,7.220271,7.528658,141536.00
11/16/2005,7.569510,7.585530,7.241097,7.369258,131600,0.000,0.0,-,6.123893,6.987177,7.183424,7.509434,139702.00
11/15/2005,7.737717,7.745727,7.537466,7.609556,155700,0.000,0.0,-,6.116524,6.972119,7.166603,7.457368,138136.00
11/14/2005,7.745729,7.809809,7.665628,7.729708,106100,0.000,0.0,-,6.107192,6.952254,7.117341,7.377268,137680.00
11/11/2005,7.657626,7.833847,7.553495,7.689666,211900,0.000,0.0,-,6.095818,6.926942,7.072885,7.285153,137462.00
11/10/2005,7.569511,7.737722,7.457371,7.649612,325200,0.000,0.0,-,6.084564,6.907718,7.041646,7.210658,137792.00
11/09/2005,7.449359,7.593539,7.369258,7.569510,158300,0.000,0.0,-,6.074351,6.886571,7.006001,7.133762,136246.00
11/08/2005,7.449356,7.489407,7.305175,7.449356,120900,0.000,0.0,-,6.064498,6.860138,6.969155,7.072084,134660.00
11/07/2005,7.345225,7.497416,7.321195,7.457366,186500,0.000,0.0,-,6.055207,6.836268,6.941520,7.005601,133370.00
11/04/2005,7.209056,7.313187,7.209056,7.297166,100100,0.000,0.0,-,6.045795,6.812558,6.928303,6.961546,130864.00
11/03/2005,6.928705,7.297168,6.848604,7.273138,255900,0.000,0.0,-,6.037224,6.795257,6.925100,6.911884,132178.00
11/02/2005,6.808553,6.864623,6.704422,6.848604,99800,0.000,0.0,-,6.027612,6.773309,6.925901,6.857415,128560.00
11/01/2005,6.808555,6.840595,6.728454,6.808555,49400,0.000,0.0,-,6.021685,6.759371,6.950331,6.875838,127620.00
10/31/2005,6.960746,7.040846,6.736464,6.808555,129500,0.000,0.0,-,6.017199,6.748317,6.993185,6.857415,128284.00
10/28/2005,6.920693,7.008804,6.880643,6.944723,60900,0.000,0.0,-,6.011672,6.733579,7.028830,6.860618,127534.00
10/27/2005,6.928703,6.968754,6.648352,6.880643,79900,0.000,0.0,-,6.004984,6.720282,7.034437,6.872634,127896.00
10/26/2005,6.744475,6.984777,6.704424,6.952736,88900,0.000,0.0,-,5.999016,6.711151,7.036840,6.878241,128870.00
10/25/2005,7.024829,7.209060,6.488154,6.784527,221800,0.000,0.0,-,5.992128,6.700738,7.029631,6.866226,128828.00
10/24/2005,6.816564,7.201046,6.816564,7.016815,79400,0.000,0.0,-,5.986761,6.695771,7.038041,6.877439,126418.00
10/21/2005,6.736461,6.856612,6.696410,6.800541,198800,0.000,0.0,-,5.979392,6.684237,7.029630,6.895061,126210.00
10/20/2005,6.992785,7.056866,6.648353,6.728453,82600,0.000,0.0,-,5.973424,6.677188,7.036038,6.938315,123192.00
10/19/2005,6.584267,7.128951,6.464116,7.032830,156900,0.000,0.0,-,5.967857,6.669819,7.032434,6.994386,123746.00
10/18/2005,6.800543,6.888654,6.488151,6.624322,147600,0.000,0.0,-,5.960528,6.659085,7.007203,7.024825,122996.00
10/17/2005,7.048855,7.056865,6.688402,6.840593,95900,0.000,0.0,-,5.957124,6.657323,7.008404,7.128955,122700.00
10/14/2005,7.016816,7.072886,6.776514,7.064876,79100,0.000,0.0,-,5.953679,6.649153,6.993586,7.197041,124600.00
10/13/2005,6.768506,6.968757,6.648355,6.936717,61300,0.000,0.0,-,5.948953,6.637298,6.966752,7.196240,127906.00
10/12/2005,6.896662,6.928702,6.648350,6.832582,121500,0.000,0.0,-,5.945629,6.626725,6.943523,7.195438,129806.00
10/11/2005,7.209052,7.225072,6.888650,6.896659,101200,0.000,0.0,-,5.942705,6.615190,6.918691,7.193036,130132.00
10/10/2005,7.273136,7.273136,7.048854,7.193035,79600,0.000,0.0,-,5.939021,6.604617,6.903072,7.198643,131454.00
10/07/2005,7.305179,7.441350,7.185028,7.233088,147500,0.000,0.0,-,5.933814,6.584912,6.867828,7.164200,133044.00
10/06/2005,7.305178,7.433339,7.160997,7.289158,232900,0.000,0.0,-,5.928047,6.563285,6.829780,7.133762,132490.00
10/05/2005,7.585530,7.601549,7.152986,7.337217,223500,0.000,0.0,-,5.921559,6.539255,6.787326,7.070482,129050.00
10/04/2005,7.609558,7.681649,7.481397,7.665628,359000,0.000,0.0,-,5.914590,6.511540,6.751281,6.989581,126544.00
10/03/2005,7.072883,7.553487,7.072883,7.521447,355900,0.000,0.0,-,5.905619,6.475014,6.698815,6.887853,120572.00
09/30/2005,6.936713,7.056865,6.816563,7.056865,83600,0.000,0.0,-,5.898009,6.445057,6.645949,6.790130,114644.00
09/29/2005,6.800542,6.968753,6.728451,6.928702,100800,0.000,0.0,-,5.893604,6.419585,6.629528,6.737264,113894.00
09/28/2005,6.928705,6.928705,6.776514,6.808555,160200,0.000,0.0,-,5.890240,6.399239,6.612707,6.691607,113234.00
09/27/2005,6.848605,7.000796,6.712434,6.952736,134400,0.000,0.0,-,5.886595,6.379855,6.584672,6.644347,111536.00
09/26/2005,6.944724,6.960744,6.768503,6.848604,144400,0.000,0.0,-,5.881789,6.353902,6.549828,6.607501,111122.00
09/23/2005,6.656361,6.944723,6.632330,6.928702,186500,0.000,0.0,-,5.877103,6.333717,6.520992,6.571455,110490.00
09/22/2005,6.488153,6.808555,6.432082,6.656364,206300,0.000,0.0,-,5.872297,6.311449,6.496161,6.525798,108512.00
09/21/2005,6.648353,6.648353,6.448101,6.528202,135300,0.000,0.0,-,5.867291,6.295269,6.472131,6.504171,106214.00
09/20/2005,6.568252,6.648353,6.448101,6.648353,206200,0.000,0.0,-,5.863166,6.280850,6.453307,6.512982,105504.00
09/19/2005,6.512181,6.584271,6.448100,6.544221,54900,0.000,0.0,-,5.859761,6.260985,6.433682,6.509778,104760.00
09/16/2005,6.528202,6.560242,6.400041,6.528202,215000,0.000,0.0,-,5.856918,6.239038,6.410053,6.501768,104974.00
09/15/2005,6.368001,6.472132,6.335961,6.472132,67100,0.000,0.0,-,5.854114,6.212124,6.397637,6.521793,102468.00
09/14/2005,6.504169,6.560239,6.335958,6.335958,51300,0.000,0.0,-,5.850590,6.185531,6.395234,6.533808,102524.00
09/13/2005,6.440088,6.616309,6.384017,6.584269,78700,0.000,0.0,-,5.847746,6.163743,6.400040,6.524997,102878.00
09/12/2005,6.408048,6.608300,6.351978,6.488149,77200,0.000,0.0,-,5.843661,6.136189,6.397637,6.492156,102008.00
09/09/2005,6.448102,6.504172,6.440092,6.472132,15200,0.000,0.0,-,5.840017,6.111838,6.395234,6.470529,102742.00
09/08/2005,6.544220,6.552230,6.351978,6.440089,62900,0.000,0.0,-,5.835771,6.088128,6.394032,6.466524,104040.00
09/07/2005,6.600292,6.632333,6.512182,6.616313,53300,0.000,0.0,-,5.831606,6.065059,6.390027,6.440091,104306.00
09/06/2005,6.504172,6.704423,6.432081,6.616313,132900,0.000,0.0,-,5.826159,6.035582,6.384020,6.393632,105106.00
09/02/2005,6.768502,6.792532,6.392030,6.464120,95200,0.000,0.0,-,5.820512,6.008989,6.380015,6.357587,105664.00
09/01/2005,6.600292,6.808554,6.496161,6.728453,228400,0.000,0.0,-,5.815546,5.984959,6.378413,6.318338,105986.00
08/31/2005,6.223819,6.600292,6.159739,6.592282,247900,0.000,0.0,-,5.808417,5.956923,6.365597,6.273481,103754.00
08/30/2005,6.263871,6.271880,6.151729,6.247850,79000,0.000,0.0,-,5.802129,5.931451,6.356385,6.256660,100546.00
08/29/2005,6.263870,6.311930,6.119688,6.255859,56400,0.000,0.0,-,5.797123,5.911586,6.356786,6.275083,99840.00
08/26/2005,6.432080,6.440091,6.199789,6.271879,61200,0.000,0.0,-,5.792237,5.893003,6.362392,6.303118,103658.00
08/25/2005,6.408049,6.560240,6.359989,6.432079,165800,0.000,0.0,-,5.787030,5.875061,6.359188,6.319939,103852.00
08/24/2005,6.135707,6.408050,6.135707,6.175758,75000,0.000,0.0,-,5.780582,5.850069,6.345171,6.321541,102064.00
08/23/2005,6.255859,6.351980,6.127698,6.151728,52800,0.000,0.0,-,5.775415,5.829563,6.340765,6.339964,101962.00
08/22/2005,6.111678,6.400040,6.111678,6.255859,82600,0.000,0.0,-,5.770489,5.809378,6.330753,6.374408,104022.00
08/19/2005,6.287899,6.287899,5.991527,6.071627,92000,0.000,0.0,-,5.766004,5.785668,6.309927,6.402443,104314.00
08/18/2005,6.424070,6.424070,6.087646,6.279888,79000,0.000,0.0,-,5.762679,5.766284,6.307524,6.438488,104490.00
08/17/2005,6.384020,6.520191,6.231829,6.424071,128600,0.000,0.0,-,5.758234,5.741933,6.282693,6.457712,104526.00
08/16/2005,6.496160,6.496160,6.367999,6.432079,86800,0.000,0.0,-,5.753388,5.714699,6.257060,6.456110,103336.00
08/15/2005,6.448101,6.568252,6.263870,6.536211,101300,0.000,0.0,-,5.748982,5.686824,6.227423,6.438488,103498.00
08/12/2005,6.367999,6.488150,6.239838,6.440089,69000,0.000,0.0,-,5.743816,5.657027,6.183368,6.421667,102730.00
08/11/2005,6.359989,6.472130,6.335958,6.448100,47900,0.000,0.0,-,5.738449,5.631074,6.153330,6.398438,103872.00
08/10/2005,6.536210,6.600291,6.207798,6.359989,110300,0.000,0.0,-,5.732562,5.604481,6.121691,6.368801,104246.00
08/09/2005,6.528202,6.632333,6.440092,6.496162,119400,0.000,0.0,-,5.726554,5.578047,6.096058,6.341566,103286.00
08/08/2005,6.464121,6.608302,6.368000,6.536211,132800,0.000,0.0,-,5.718624,5.548731,6.061615,6.287098,101930.00
08/05/2005,6.408049,6.512180,6.271878,6.432079,190900,0.000,0.0,-,5.711175,5.519093,6.017560,6.217410,101184.00
08/04/2005,6.327951,6.600293,6.255860,6.472132,244400,0.000,0.0,-,5.704246,5.490738,5.968298,6.176559,99062.00
08/03/2005,6.255858,6.408050,6.199788,6.408050,156300,0.000,0.0,-,5.697157,5.462062,5.903817,6.107673,96478.00
08/02/2005,6.327950,6.335960,6.143719,6.255859,137800,0.000,0.0,-,5.690268,5.437711,5.840537,6.058010,95152.00
08/01/2005,6.223816,6.367997,6.127696,6.367997,167300,0.000,0.0,-,5.684421,5.416565,5.790074,6.016358,93584.00
07/29/2005,6.143718,6.311929,6.087647,6.207798,159100,0.000,0.0,-,5.677813,5.393175,5.732001,5.945069,92456.00
07/28/2005,6.111678,6.151728,5.991527,6.151728,119800,0.000,0.0,-,5.672286,5.371228,5.685142,5.908223,91546.00
07/27/2005,5.951476,6.087647,5.927446,6.087647,60900,0.000,0.0,-,5.667560,5.349440,5.641888,5.874580,91922.00
07/26/2005,5.847346,6.087648,5.767245,5.951477,98200,0.000,0.0,-,5.662113,5.331177,5.601838,5.850551,92832.00
07/25/2005,6.047599,6.111679,5.839337,5.839337,60400,0.000,0.0,-,5.657027,5.312274,5.561387,5.836132,94640.00
07/22/2005,5.807295,6.023567,5.807295,6.023567,59500,0.000,0.0,-,5.653222,5.299458,5.533752,5.817709,96774.00
07/21/2005,5.919437,5.967497,5.727195,5.783266,46100,0.000,0.0,-,5.650298,5.284399,5.495704,5.760037,100952.00
07/20/2005,5.807297,5.975508,5.679136,5.911427,67800,0.000,0.0,-,5.648336,5.275107,5.472875,5.699961,104444.00
07/19/2005,5.695156,5.919437,5.615055,5.839337,75300,0.000,0.0,-,5.645933,5.263893,5.443238,5.623064,110846.00
07/18/2005,5.823316,5.863366,5.583014,5.655105,113700,0.000,0.0,-,5.644050,5.247392,5.414001,5.563790,114464.00
07/15/2005,5.807297,5.919437,5.687146,5.839337,112800,0.000,0.0,-,5.642208,5.236018,5.397581,5.518933,117084.00
07/14/2005,5.895407,5.983517,5.807296,5.815306,87600,0.000,0.0,-,5.640246,5.228168,5.374351,5.462062,117392.00
07/13/2005,5.807297,5.951478,5.767246,5.847347,91400,0.000,0.0,-,5.638243,5.218235,5.342712,5.409195,117412.00
07/12/2005,5.639084,5.959487,5.542964,5.807296,99800,0.000,0.0,-,5.636641,5.215832,5.307868,5.353125,117026.00
07/11/2005,5.446843,5.727195,5.446843,5.655105,169000,0.000,0.0,-,5.636401,5.214070,5.274626,5.286641,116416.00
07/08/2005,5.182510,5.526943,5.126440,5.446842,65600,0.000,0.0,-,5.636681,5.215832,5.245389,5.249795,115182.00
07/07/2005,5.086388,5.230569,4.982257,5.182508,89700,0.000,0.0,-,5.637762,5.221119,5.228168,5.231372,115620.00
07/06/2005,5.238581,5.262611,5.126440,5.142460,69900,0.000,0.0,-,5.640886,5.230891,5.222160,5.245790,116018.00
07/05/2005,5.206541,5.286642,5.182511,5.246592,69000,0.000,0.0,-,5.644090,5.243547,5.218155,5.263412,117316.00
07/01/2005,5.222561,5.246591,5.134450,5.206541,35200,0.000,0.0,-,5.646894,5.256524,5.207742,5.264213,119248.00
06/30/2005,5.286642,5.286642,5.126441,5.270622,113900,0.000,0.0,-,5.649617,5.277830,5.199732,5.276228,120522.00
06/29/2005,5.278631,5.286641,5.166490,5.286641,80100,0.000,0.0,-,5.651500,5.291127,5.193324,5.286641,120882.00
06/28/2005,5.166490,5.286641,5.102409,5.286641,76200,0.000,0.0,-,5.653342,5.305545,5.184913,5.276228,121264.00
06/27/2005,5.254601,5.254601,5.110420,5.142460,93300,0.000,0.0,-,5.654744,5.322687,5.172498,5.262611,121868.00
06/24/2005,5.254600,5.286641,5.126440,5.286641,160800,0.000,0.0,-,5.657707,5.339027,5.166891,5.262611,121894.00
06/23/2005,5.302662,5.318682,5.254602,5.262612,111300,0.000,0.0,-,5.659309,5.356810,5.155276,5.240984,121358.00
06/22/2005,5.326691,5.406791,5.246590,5.326691,116800,0.000,0.0,-,5.660511,5.379398,5.142860,5.224963,124374.00
06/21/2005,5.262611,5.342712,5.246591,5.318681,87500,0.000,0.0,-,5.660831,5.397340,5.128442,5.198530,124756.00
06/20/2005,5.318682,5.342712,5.214551,5.254601,43700,0.000,0.0,-,5.660631,5.411759,5.122034,5.172898,124572.00
06/17/2005,5.366741,5.366741,5.238580,5.326691,247300,0.000,0.0,-,5.661552,5.428900,5.119231,5.151271,125312.00
06/16/2005,5.190521,5.382762,5.110420,5.374753,70900,0.000,0.0,-,5.660952,5.450047,5.112823,5.123236,121436.00
06/15/2005,5.206539,5.230569,5.046338,5.182508,76400,0.000,0.0,-,5.660911,5.469591,5.099606,5.100007,122138.00
06/14/2005,5.150469,5.198529,5.078379,5.150469,69900,0.000,0.0,-,5.661392,5.493301,5.093599,5.093599,122194.00
06/13/2005,5.078380,5.198531,5.030320,5.142460,155800,0.000,0.0,-,5.662674,5.517331,5.094801,5.082385,123704.00
06/10/2005,5.126440,5.134450,5.014299,5.070369,97200,0.000,0.0,-,5.664476,5.534953,5.087992,5.071171,123946.00
06/09/2005,5.046341,5.158482,5.030321,5.102411,100800,0.000,0.0,-,5.666358,5.557702,5.094400,5.069569,125226.00
06/08/2005,5.054349,5.166490,5.014299,5.062359,80800,0.000,0.0,-,5.667440,5.582854,5.102811,5.060757,124840.00
06/07/2005,5.046339,5.126440,4.966238,5.062359,69100,0.000,0.0,-,5.668962,5.606563,5.115627,5.058355,126062.00
06/06/2005,5.086390,5.086390,4.966239,5.038330,94900,0.000,0.0,-,5.671405,5.630273,5.130045,5.071171,126372.00
06/03/2005,5.142460,5.174500,5.030319,5.046339,62900,0.000,0.0,-,5.673087,5.654944,5.128843,5.087191,126316.00
06/02/2005,5.126440,5.166490,5.062360,5.142460,126100,0.000,0.0,-,5.674609,5.673848,5.130846,5.102410,127330.00
06/01/2005,5.038330,5.142461,5.030320,5.118431,66600,0.000,0.0,-,5.675089,5.691150,5.146065,5.099206,126102.00
05/31/2005,5.022309,5.126440,5.022309,5.038330,62300,0.000,0.0,-,5.675530,5.710053,5.156078,5.093599,126918.00
05/27/2005,5.054350,5.086390,5.006290,5.030320,51600,0.000,0.0,-,5.675530,5.732642,5.190521,5.107216,130052.00
05/26/2005,5.030318,5.150469,4.982258,5.054348,95500,0.000,0.0,-,5.674529,5.757633,5.224964,5.104813,130054.00
05/25/2005,5.046339,5.166489,4.926188,5.014298,84800,0.000,0.0,-,5.674569,5.779741,5.259407,5.119232,131088.00
05/24/2005,5.166490,5.182511,4.982259,5.038330,115200,0.000,0.0,-,5.674368,5.804252,5.294251,5.144864,131826.00
05/23/2005,5.174500,5.302661,5.158480,5.190520,90000,0.000,0.0,-,5.674368,5.828442,5.325891,5.172899,131222.00
05/20/2005,5.222563,5.326694,5.070372,5.198533,59400,0.000,0.0,-,5.672806,5.846385,5.355128,5.188920,131182.00
05/19/2005,5.030322,5.366744,5.030322,5.198533,110900,0.000,0.0,-,5.671605,5.868172,5.389971,5.170496,132530.00
05/18/2005,5.142462,5.286643,4.990271,5.110422,113600,0.000,0.0,-,5.670644,5.890280,5.443639,5.159282,132512.00
05/17/2005,5.182510,5.182510,4.942208,5.062359,138600,0.000,0.0,-,5.669562,5.914470,5.484890,5.192924,133380.00
05/16/2005,5.006289,5.198530,5.006289,5.174500,106400,0.000,0.0,-,5.668962,5.941384,5.532150,5.218556,135116.00
05/13/2005,5.206541,5.262612,4.966239,5.006289,188600,0.000,0.0,-,5.667079,5.966535,5.580611,5.273826,138022.00
05/12/2005,5.302664,5.318684,5.166492,5.198533,167100,0.000,0.0,-,5.665677,5.997935,5.628271,5.345115,156952.00
05/11/2005,5.358733,5.398783,5.262612,5.270622,268400,0.000,0.0,-,5.663515,6.019882,5.677132,5.399583,161952.00
05/10/2005,5.270621,5.350721,5.206540,5.318681,220700,0.000,0.0,-,5.659630,6.040869,5.733202,5.443639,161416.00
05/09/2005,5.006291,5.414805,5.006291,5.350724,387900,0.000,0.0,-,5.654303,6.058170,5.778459,5.478883,161164.00
05/06/2005,5.126439,5.198529,4.966238,5.014298,256200,0.000,0.0,-,5.650378,6.071147,5.812902,5.521336,155538.00
05/05/2005,5.406793,5.414803,5.006290,5.086390,244700,0.000,0.0,-,5.649297,6.085244,5.867771,5.609447,151862.00
05/04/2005,5.398781,5.510923,5.302661,5.446842,128200,0.000,0.0,-,5.646774,6.098221,5.932653,5.727996,148804.00
05/03/2005,5.735204,5.791275,5.294651,5.318681,88600,0.000,0.0,-,5.643850,6.104789,5.977910,5.776857,155660.00
05/02/2005,5.719185,5.791276,5.631075,5.727196,72100,0.000,0.0,-,5.641127,6.119528,6.030375,5.845744,157984.00
04/29/2005,5.759234,5.807295,5.607043,5.719184,69300,0.000,0.0,-,5.635520,6.125936,6.061615,5.887396,171000.00
04/28/2005,5.711174,5.887395,5.631073,5.743214,107300,0.000,0.0,-,5.631434,6.133946,6.076834,5.911426,173442.00
04/27/2005,5.679135,5.943467,5.558984,5.711175,87500,0.000,0.0,-,5.627590,6.139072,6.100063,5.954680,189310.00
04/26/2005,5.695154,6.071627,5.647094,5.671124,109600,0.000,0.0,-,5.624306,6.143077,6.132504,6.022766,188952.00
04/25/2005,5.975507,6.087648,5.631075,5.775256,134800,0.000,0.0,-,5.621622,6.148204,6.161340,6.078035,187902.00
04/22/2005,6.215807,6.319937,5.855354,5.895404,165600,0.000,0.0,-,5.617737,6.147082,6.184970,6.104469,186252.00
04/21/2005,6.015557,6.319940,5.927447,6.271879,98900,0.000,0.0,-,5.613292,6.144519,6.203794,6.126096,184666.00
04/20/2005,6.015557,6.047597,5.791275,5.935456,131900,0.000,0.0,-,5.609567,6.133465,6.189776,6.137310,183296.00
04/19/2005,6.199789,6.207799,5.975507,6.007547,99200,0.000,0.0,-,5.607484,6.131382,6.193380,6.178962,181832.00
04/18/2005,5.903417,6.327950,5.903417,6.143719,106400,0.000,0.0,-,5.604280,6.128018,6.196184,6.215007,182646.00
04/15/2005,6.175757,6.207797,5.831324,5.959485,94600,0.000,0.0,-,5.599074,6.120649,6.197385,6.235833,182398.00
04/14/2005,6.408050,6.440090,6.167748,6.175758,134000,0.000,0.0,-,5.594869,6.119367,6.213405,6.242242,184426.00
04/13/2005,6.223819,6.448101,6.127698,6.392030,262100,0.000,0.0,-,5.590383,6.110717,6.212604,6.245446,196586.00
04/12/2005,6.007548,6.247850,5.863367,6.223819,135900,0.000,0.0,-,5.585457,6.091973,6.204995,6.242242,194366.00
04/11/2005,6.143718,6.151728,6.015557,6.039587,78300,0.000,0.0,-,5.579169,6.076273,6.206196,6.244645,192882.00
04/08/2005,6.384020,6.392030,6.103667,6.111678,80700,0.000,0.0,-,5.577327,6.067622,6.208599,6.265471,192356.00
04/07/2005,6.335959,6.400039,6.247849,6.384019,53500,0.000,0.0,-,5.575684,6.057369,6.217410,6.281491,192076.00
04/06/2005,6.368000,6.408051,6.287900,6.351980,106000,0.000,0.0,-,5.572961,6.041510,6.213405,6.242242,192644.00
04/05/2005,6.271877,6.367997,6.247847,6.367997,79200,0.000,0.0,-,5.570558,6.025970,6.211803,6.207799,192234.00
04/04/2005,5.967497,6.368000,5.967497,6.351980,145400,0.000,0.0,-,5.569036,6.010270,6.213806,6.177360,193304.00
04/01/2005,6.207798,6.279889,5.951476,6.023567,167900,0.000,0.0,-,5.567795,5.990245,6.217811,6.158937,193666.00
03/31/2005,6.327949,6.327949,6.111678,6.207798,161200,0.000,0.0,-,5.568115,5.983036,6.245446,6.184569,196218.00
03/30/2005,6.271878,6.359989,6.079637,6.359989,81500,0.000,0.0,-,5.567114,5.977109,6.249851,6.179763,193886.00
03/29/2005,6.247850,6.319941,6.167749,6.247850,141900,0.000,0.0,-,5.565712,5.963972,6.247849,6.167748,192960.00
03/28/2005,6.287901,6.295911,6.183770,6.247850,84600,0.000,0.0,-,5.564991,5.951156,6.244645,6.167748,191058.00
03/24/2005,6.015557,6.319940,6.007547,6.271879,92100,0.000,0.0,-,5.564190,5.939942,6.232229,6.151728,190372.00
03/23/2005,5.975506,6.127697,5.975506,5.991526,113600,0.000,0.0,-,5.563349,5.926004,6.204594,6.153330,189538.00
03/22/2005,6.087648,6.207799,5.983517,6.007547,64700,0.000,0.0,-,5.564470,5.920397,6.191778,6.184569,188268.00
03/21/2005,6.167746,6.167746,5.983515,6.063616,107400,0.000,0.0,-,5.563469,5.911106,6.180164,6.215808,188560.00
03/18/2005,6.351979,6.351979,6.063617,6.167748,219000,0.000,0.0,-,5.562187,5.901974,6.179763,6.250252,187792.00
03/17/2005,6.223818,6.279888,6.087646,6.279888,51700,0.000,0.0,-,5.560225,5.890920,6.173756,6.276685,185440.00
03/16/2005,6.183768,6.247848,6.047597,6.159738,147200,0.000,0.0,-,5.557061,5.876662,6.165746,6.306322,187290.00
03/15/2005,6.287898,6.287898,6.071627,6.239838,121700,0.000,0.0,-,5.554498,5.872337,6.157736,6.319939,188782.00
03/14/2005,6.087649,6.255860,6.071629,6.247850,85000,0.000,0.0,-,5.551254,5.870575,6.141315,6.327949,187670.00
03/11/2005,6.247848,6.247848,6.023567,6.087647,88000,0.000,0.0,-,5.548010,5.868012,6.125295,6.321541,186768.00
03/10/2005,6.343970,6.400040,6.215809,6.287899,126800,0.000,0.0,-,5.545567,5.871696,6.106872,6.312730,185954.00
03/09/2005,6.327948,6.448099,6.303918,6.303918,110000,0.000,0.0,-,5.542162,5.870895,6.080839,6.255859,185574.00
03/08/2005,6.368000,6.480141,6.319940,6.319940,157000,0.000,0.0,-,5.538638,5.868012,6.051602,6.198988,185010.00
03/07/2005,6.392029,6.488151,6.359989,6.408050,225400,0.000,0.0,-,5.535073,5.864647,6.027172,6.144519,182610.00
03/04/2005,6.528200,6.568250,6.311929,6.432079,251700,0.000,0.0,-,5.530628,5.858079,5.998736,6.109275,180552.00
03/03/2005,6.327950,6.848604,6.327950,6.576262,1135100,0.000,0.0,-,5.525702,5.849268,5.965895,6.070827,177290.00
03/02/2005,6.207799,6.327950,6.119688,6.295910,417100,0.000,0.0,-,5.519974,5.836612,5.931852,6.025169,156266.00
03/01/2005,6.167748,6.384020,6.167748,6.319940,241600,0.000,0.0,-,5.516891,5.828122,5.904217,5.995532,149656.00
02/28/2005,6.007548,6.207799,5.927447,6.183769,208100,0.000,0.0,-,5.512765,5.821714,5.860963,5.954681,146820.00
02/25/2005,5.759236,6.039588,5.751226,5.999538,106600,0.000,0.0,-,5.509682,5.821553,5.823716,5.929048,145990.00
02/24/2005,5.743214,5.783264,5.607043,5.719184,72400,0.000,0.0,-,5.507719,5.826680,5.804091,5.901013,148694.00
02/23/2005,5.855356,5.911427,5.735205,5.735205,91800,0.000,0.0,-,5.507158,5.833889,5.798084,5.905819,148644.00
02/22/2005,5.975507,6.007547,5.751225,5.775256,471000,0.000,0.0,-,5.507479,5.839015,5.790875,5.904217,147514.00
02/18/2005,6.079637,6.111677,5.983516,6.055606,204800,0.000,0.0,-,5.507839,5.841739,5.780862,5.909824,139148.00
02/17/2005,6.111678,6.151728,6.031578,6.047598,722900,0.000,0.0,-,5.506998,5.839977,5.757232,5.888197,136402.00
02/16/2005,5.999536,6.151727,5.847345,6.119687,191400,0.000,0.0,-,5.505596,5.832127,5.722389,5.860963,123658.00
02/15/2005,5.847347,6.007548,5.751226,5.999538,900700,0.000,0.0,-,5.502993,5.823796,5.699560,5.838535,122392.00
02/14/2005,5.847347,5.919437,5.807297,5.911427,69600,0.000,0.0,-,5.500310,5.823155,5.695154,5.812902,105618.00
02/11/2005,5.687143,5.927445,5.607043,5.927445,57100,0.000,0.0,-,5.498828,5.824437,5.684741,5.767245,106688.00
02/10/2005,5.719184,5.783264,5.623063,5.719184,52300,0.000,0.0,-,5.498267,5.825238,5.668721,5.718384,108770.00
02/09/2005,5.631075,5.823316,5.631075,5.767245,86300,0.000,0.0,-,5.498908,5.826199,5.667119,5.707169,109220.00
02/08/2005,5.751224,5.791275,5.607043,5.719184,30400,0.000,0.0,-,5.499549,5.826199,5.657507,5.690348,108604.00
02/07/2005,5.895407,5.911428,5.743216,5.831327,58700,0.000,0.0,-,5.499709,5.827160,5.657107,5.677533,108168.00
02/04/2005,5.695156,5.871377,5.623065,5.839337,139900,0.000,0.0,-,5.499268,5.825719,5.642689,5.651900,107918.00
02/03/2005,5.895407,5.895407,5.751225,5.775256,94000,0.000,0.0,-,5.498588,5.821393,5.631074,5.626268,107374.00
02/02/2005,5.703163,5.927445,5.703163,5.895404,196000,0.000,0.0,-,5.498307,5.818029,5.623064,5.583814,106992.00
02/01/2005,5.414802,5.743214,5.382761,5.743214,742000,0.000,0.0,-,5.497546,5.810660,5.606643,5.560585,105072.00
01/31/2005,5.607044,5.607044,5.382762,5.454853,151100,0.000,0.0,-,5.497666,5.805533,5.616656,5.577407,91442.00
01/28/2005,5.575004,5.575004,5.374752,5.438833,61700,0.000,0.0,-,5.498588,5.805854,5.651500,5.602238,89464.00
01/27/2005,5.558981,5.607041,5.526941,5.607041,52000,0.000,0.0,-,5.499709,5.803130,5.685542,5.619058,89724.00
01/26/2005,5.591025,5.607046,5.486894,5.599035,66700,0.000,0.0,-,5.500430,5.797683,5.718784,5.627069,90364.00
01/25/2005,5.639085,5.647095,5.406793,5.591025,81900,0.000,0.0,-,5.501671,5.790635,5.751225,5.624666,90440.00
01/24/2005,5.566992,5.687143,5.542962,5.575003,85500,0.000,0.0,-,5.503033,5.784387,5.779661,5.636681,90554.00
01/21/2005,5.366740,5.655102,5.366740,5.583011,132700,0.000,0.0,-,5.504155,5.777498,5.808497,5.633477,89632.00
01/20/2005,5.607046,5.615056,5.342714,5.350724,163500,0.000,0.0,-,5.505476,5.768687,5.833328,5.635880,87774.00
01/19/2005,5.831324,5.847345,5.631073,5.663113,295500,0.000,0.0,-,5.507559,5.764522,5.865368,5.662313,85470.00
01/18/2005,5.743216,5.927448,5.599035,5.911427,44600,0.000,0.0,-,5.508400,5.754589,5.879386,5.652701,80340.00
01/14/2005,5.647093,5.711174,5.558983,5.703164,35200,0.000,0.0,-,5.507959,5.743535,5.877383,5.655905,82918.00
01/13/2005,5.687142,5.687142,5.542961,5.607041,46800,0.000,0.0,-,5.508360,5.737608,5.892202,5.700762,88030.00
01/12/2005,5.615057,5.719187,5.518936,5.687147,50300,0.000,0.0,-,5.509081,5.733283,5.920638,5.752026,88526.00
01/11/2005,5.687143,5.783264,5.566992,5.575003,50400,0.000,0.0,-,5.508280,5.728637,5.949074,5.810499,88950.00
01/10/2005,5.542964,5.855356,5.542964,5.711175,50100,0.000,0.0,-,5.508921,5.728156,5.974305,5.877784,89470.00
01/07/2005,5.631074,5.631074,5.502913,5.542964,79300,0.000,0.0,-,5.508320,5.723991,5.988323,5.922640,89892.00
01/06/2005,5.655102,5.687142,5.575001,5.607041,69000,0.000,0.0,-,5.507679,5.720466,6.006746,5.983517,90264.00
01/05/2005,5.566995,5.847347,5.526945,5.615056,101400,0.000,0.0,-,5.507279,5.713738,6.024769,6.030776,90730.00
01/04/2005,6.007547,6.047597,5.542963,5.566993,144200,0.000,0.0,-,5.507839,5.704607,6.026771,6.068423,89768.00
01/03/2005,6.279890,6.327951,5.863367,5.943468,221800,0.000,0.0,-,5.509001,5.691470,6.033580,6.106071,88828.00
12/31/2004,6.119688,6.175759,5.967497,6.151728,66100,0.000,0.0,-,5.508520,5.673527,6.034781,6.098862,85288.00
12/30/2004,6.223817,6.255858,6.039586,6.119687,39900,0.000,0.0,-,5.506598,5.651420,6.025970,6.083643,85000.00
12/29/2004,6.231829,6.311930,6.191779,6.271879,47300,0.000,0.0,-,5.505436,5.630113,6.018361,6.089250,84956.00
12/28/2004,6.135709,6.271880,6.127699,6.247850,107800,0.000,0.0,-,5.502673,5.605282,5.993129,6.087648,85548.00
12/27/2004,6.151727,6.167747,6.015557,6.159738,81800,0.000,0.0,-,5.500670,5.582053,5.969099,6.070827,84098.00
12/23/2004,6.151728,6.167748,6.111678,6.151728,37000,0.000,0.0,-,5.498628,5.559785,5.949474,6.054005,83640.00
12/22/2004,6.007547,6.167748,6.007547,6.079638,122500,0.000,0.0,-,5.497106,5.538798,5.929850,6.029975,84556.00
12/21/2004,5.943466,6.079637,5.871375,5.991526,88600,0.000,0.0,-,5.496705,5.521336,5.907021,6.018761,82712.00
12/20/2004,5.847347,6.047599,5.847347,5.943468,83900,0.000,0.0,-,5.496185,5.501471,5.887797,5.985119,82138.00
12/17/2004,5.983517,5.999537,5.703165,5.871376,86600,0.000,0.0,-,5.493181,5.481286,5.866971,5.961089,82134.00
12/16/2004,6.175760,6.207800,5.871377,5.999538,99800,0.000,0.0,-,5.490457,5.465426,5.847746,5.970701,81640.00
12/15/2004,6.335959,6.343969,6.167748,6.175758,166600,0.000,0.0,-,5.487053,5.454212,5.821313,5.968298,80936.00
12/14/2004,6.047598,6.368000,6.047598,6.255859,241800,0.000,0.0,-,5.482848,5.438512,5.777658,5.947472,78728.00
12/13/2004,5.999537,6.079638,5.863366,6.079638,69900,0.000,0.0,-,5.478002,5.422011,5.731600,5.898610,75574.00
12/10/2004,5.887395,6.007546,5.791275,5.991526,35300,0.000,0.0,-,5.473596,5.409676,5.689948,5.867371,79340.00
12/09/2004,5.927448,5.959488,5.783266,5.911427,52700,0.000,0.0,-,5.469471,5.395578,5.654303,5.844943,80828.00
12/08/2004,5.607046,5.967498,5.607046,5.967498,67500,0.000,0.0,-,5.466347,5.386286,5.620261,5.829724,81170.00
12/07/2004,5.687145,5.751225,5.615055,5.655105,85700,0.000,0.0,-,5.462462,5.375233,5.579009,5.795281,81226.00
12/06/2004,5.783264,5.991526,5.703164,5.703164,128100,0.000,0.0,-,5.459899,5.372669,5.553376,5.790474,80132.00
12/03/2004,5.991529,6.007549,5.887398,5.967498,62000,0.000,0.0,-,5.457656,5.373791,5.526543,5.772852,79054.00
12/02/2004,5.927445,6.015556,5.895405,5.975505,123100,0.000,0.0,-,5.454052,5.368664,5.496104,5.724792,78428.00
12/01/2004,5.831328,6.007549,5.767247,5.967498,161200,0.000,0.0,-,5.450727,5.362416,5.467669,5.674328,77180.00
11/30/2004,5.719185,5.847346,5.623064,5.767245,74800,0.000,0.0,-,5.447604,5.359212,5.438833,5.607845,74886.00
11/29/2004,5.687145,5.847346,5.647095,5.767245,55500,0.000,0.0,-,5.445601,5.359533,5.423213,5.564590,74366.00
11/26/2004,5.783265,5.831326,5.767245,5.767245,8600,0.000,0.0,-,5.443598,5.360334,5.412399,5.512525,78588.00
11/24/2004,5.647094,5.759235,5.623064,5.759235,46200,0.000,0.0,-,5.441636,5.360013,5.399183,5.463664,83486.00
11/23/2004,5.591027,5.719188,5.502916,5.623067,112700,0.000,0.0,-,5.439273,5.357771,5.379558,5.410797,85096.00
11/22/2004,5.462860,5.607041,5.446840,5.607041,74900,0.000,0.0,-,5.436790,5.358411,5.361936,5.362736,86738.00
11/19/2004,5.486891,5.607042,5.406791,5.526942,100000,0.000,0.0,-,5.435989,5.357610,5.339508,5.316278,89670.00
11/18/2004,5.486891,5.542961,5.414801,5.486891,60500,0.000,0.0,-,5.434667,5.361776,5.308669,5.280233,90576.00
11/17/2004,5.358733,5.607045,5.358733,5.470874,52200,0.000,0.0,-,5.434427,5.364179,5.286641,5.267417,94732.00
11/16/2004,5.286642,5.390773,5.230572,5.302662,74700,0.000,0.0,-,5.433906,5.364819,5.265415,5.261009,99196.00
11/15/2004,5.238580,5.366741,5.102409,5.334701,84000,0.000,0.0,-,5.434147,5.366582,5.252999,5.269820,103196.00
11/12/2004,5.286642,5.286642,5.174501,5.246592,70500,0.000,0.0,-,5.434267,5.365460,5.237780,5.281836,102896.00
11/11/2004,5.198532,5.366743,5.110421,5.278633,87600,0.000,0.0,-,5.433906,5.369305,5.229770,5.312273,102798.00
11/10/2004,5.142458,5.326690,5.062358,5.230569,39400,0.000,0.0,-,5.434948,5.367863,5.218155,5.334701,103962.00
11/09/2004,5.094400,5.262611,4.974249,5.142460,39800,0.000,0.0,-,5.435829,5.370587,5.211747,5.348319,104340.00
11/08/2004,5.126440,5.206541,5.046340,5.142460,48300,0.000,0.0,-,5.437431,5.373310,5.214951,5.361135,104752.00
11/05/2004,5.358731,5.366741,5.086389,5.166490,39000,0.000,0.0,-,5.438832,5.378597,5.207742,5.362737,106634.00
11/04/2004,5.366743,5.414803,5.326692,5.358733,173500,0.000,0.0,-,5.439994,5.385325,5.196128,5.337105,109600.00
11/03/2004,5.390773,5.462864,4.966239,5.406793,290800,0.000,0.0,-,5.440234,5.387087,5.182110,5.305866,108510.00
11/02/2004,5.486893,5.526944,5.342712,5.390773,71600,0.000,0.0,-,5.440234,5.385325,5.183712,5.269820,104962.00
11/01/2004,5.502913,5.550974,5.382762,5.454853,71500,0.000,0.0,-,5.439513,5.384845,5.183712,5.236178,106742.00
10/29/2004,5.470871,5.566991,5.406790,5.550971,76400,0.000,0.0,-,5.438272,5.386767,5.182510,5.193724,107688.00
10/28/2004,5.318681,5.510923,5.278631,5.502913,71200,0.000,0.0,-,5.435949,5.383243,5.178105,5.147266,109476.00
10/27/2004,5.310671,5.446843,5.262611,5.366742,97900,0.000,0.0,-,5.433266,5.380199,5.167291,5.101609,111158.00
10/26/2004,5.166491,5.342712,5.142461,5.270622,92300,0.000,0.0,-,5.430502,5.377636,5.171296,5.075176,111260.00
10/25/2004,4.910170,5.206542,4.910170,5.158482,53300,0.000,0.0,-,5.428339,5.376354,5.178505,5.068768,111312.00
10/22/2004,5.014299,5.126440,4.886138,4.910168,97200,0.000,0.0,-,5.426978,5.373951,5.196928,5.052747,111708.00
10/21/2004,5.070369,5.190520,5.014299,5.046339,44800,0.000,0.0,-,5.425376,5.372349,5.239382,5.055150,111212.00
10/20/2004,5.014299,5.126440,4.982258,5.046339,51700,0.000,0.0,-,5.422973,5.372669,5.272623,5.058354,112206.00
10/19/2004,5.078379,5.174499,4.990268,5.054348,37700,0.000,0.0,-,5.420570,5.371228,5.303462,5.097604,114378.00
10/18/2004,5.046340,5.150471,4.966239,5.030320,76900,0.000,0.0,-,5.416525,5.370907,5.341110,5.131246,119422.00
10/15/2004,5.046340,5.086390,5.006290,5.086390,35300,0.000,0.0,-,5.413320,5.367863,5.378757,5.171296,120434.00
10/14/2004,5.062359,5.102409,5.006289,5.046339,58900,0.000,0.0,-,5.410637,5.365300,5.414802,5.208943,126480.00
10/13/2004,5.206542,5.206542,4.830069,5.102411,82800,0.000,0.0,-,5.406512,5.364499,5.450046,5.232974,129156.00
10/12/2004,4.998279,5.254601,4.966239,5.206541,30300,0.000,0.0,-,5.402307,5.360334,5.477281,5.267417,134176.00
10/11/2004,4.934196,5.046337,4.910166,4.998277,59900,0.000,0.0,-,5.397501,5.355047,5.499709,5.288243,136794.00
10/08/2004,4.998277,5.222559,4.862107,4.934197,83700,0.000,0.0,-,5.393736,5.351042,5.528145,5.341109,138238.00
10/07/2004,5.414802,5.454852,5.046339,5.078379,61900,0.000,0.0,-,5.390412,5.346877,5.568195,5.423613,137974.00
10/06/2004,5.326692,5.446843,5.326692,5.438833,64600,0.000,0.0,-,5.386246,5.340629,5.594628,5.486893,140778.00
10/05/2004,5.414803,5.486893,5.310672,5.390773,56200,0.000,0.0,-,5.380479,5.321726,5.597832,5.509321,145716.00
10/04/2004,5.446843,5.583014,5.406793,5.430823,84100,0.000,0.0,-,5.374632,5.298977,5.597832,5.550973,150752.00
10/01/2004,5.326690,5.526941,5.286640,5.462861,258200,0.000,0.0,-,5.368624,5.281675,5.590223,5.586217,151978.00
09/30/2004,5.446842,5.494902,5.246591,5.286641,109700,0.000,0.0,-,5.362857,5.268379,5.589021,5.620661,150648.00
09/29/2004,5.414802,5.526943,5.406792,5.446842,69800,0.000,0.0,-,5.357570,5.254281,5.585016,5.667119,150916.00
09/28/2004,5.526944,5.607044,5.406793,5.414803,70300,0.000,0.0,-,5.351363,5.242586,5.581011,5.687144,151992.00
09/27/2004,5.711173,5.711173,5.502911,5.526942,31000,0.000,0.0,-,5.344033,5.229770,5.574203,5.711175,152462.00
09/24/2004,5.687144,5.791275,5.687144,5.759235,74200,0.000,0.0,-,5.335823,5.211347,5.568195,5.715180,160306.00
09/23/2004,5.671125,5.783266,5.647095,5.711175,30700,0.000,0.0,-,5.326451,5.194205,5.555379,5.712777,160544.00
09/22/2004,5.767244,5.783264,5.631073,5.663113,60700,0.000,0.0,-,5.317360,5.179467,5.542162,5.702363,162188.00
09/21/2004,5.783265,5.807296,5.735205,5.807296,46500,0.000,0.0,-,5.308669,5.167291,5.524941,5.686343,162872.00
09/20/2004,5.767245,5.807296,5.655105,5.783266,48800,0.000,0.0,-,5.299257,5.153835,5.502913,5.644691,164194.00
09/17/2004,5.807296,5.839336,5.727195,5.807296,266600,0.000,0.0,-,5.290126,5.138135,5.491298,5.594228,167400.00
09/16/2004,5.687145,5.767246,5.679136,5.751226,253500,0.000,0.0,-,5.280393,5.122115,5.469671,5.557381,165032.00
09/15/2004,5.679134,5.679134,5.607043,5.647093,126700,0.000,0.0,-,5.270902,5.117629,5.449646,5.502913,162900.00
09/14/2004,5.534954,5.679135,5.494904,5.655105,194800,0.000,0.0,-,5.261330,5.115066,5.429221,5.474878,166422.00
09/13/2004,5.687144,5.727195,5.334701,5.566993,221500,0.000,0.0,-,5.252438,5.109299,5.406792,5.437231,167808.00
09/10/2004,5.607044,5.767245,5.566994,5.735205,145300,0.000,0.0,-,5.243627,5.100007,5.380359,5.421211,168512.00
09/09/2004,5.518931,5.607041,5.382760,5.607041,268300,0.000,0.0,-,5.232253,5.087671,5.335102,5.397981,172426.00
09/08/2004,5.406792,5.542963,5.406792,5.502913,275400,0.000,0.0,-,5.221279,5.081103,5.307868,5.381961,175428.00
09/07/2004,5.278632,5.406793,5.206541,5.390773,274700,0.000,0.0,-,5.210506,5.079181,5.281435,5.363538,185022.00
09/03/2004,5.406794,5.438834,5.126441,5.278633,69000,0.000,0.0,-,5.200573,5.070690,5.263813,5.361135,219830.00
09/02/2004,5.126440,5.502913,5.086390,5.438833,65600,0.000,0.0,-,5.191001,5.078540,5.243788,5.388369,224366.00
09/01/2004,5.350722,5.518933,5.102410,5.206541,145800,0.000,0.0,-,5.180949,5.085429,5.219758,5.381961,227128.00
08/31/2004,5.294651,5.374752,5.134450,5.366742,58300,0.000,0.0,-,5.171497,5.098085,5.209745,5.396379,226298.00
08/30/2004,5.366743,5.398783,5.246592,5.278633,60400,0.000,0.0,-,5.162205,5.108177,5.186115,5.383563,226756.00
08/27/2004,5.486894,5.494904,5.286642,5.406793,142400,0.000,0.0,-,5.152353,5.123877,5.169294,5.376354,228308.00
08/26/2004,5.406792,5.502913,5.358732,5.502913,187300,0.000,0.0,-,5.141419,5.137814,5.138856,5.339508,227080.00
08/25/2004,5.286641,5.478882,5.286641,5.446842,119000,0.000,0.0,-,5.131086,5.149509,5.100007,5.272223,225536.00
08/24/2004,5.398782,5.478883,5.126440,5.318681,113400,0.000,0.0,-,5.120873,5.160723,5.065964,5.233775,225708.00
08/23/2004,5.526943,5.566993,5.326692,5.366742,160600,0.000,0.0,-,5.111541,5.175942,5.024713,5.199332,225792.00
08/20/2004,5.374750,5.550971,5.350720,5.550971,118800,0.000,0.0,-,5.101729,5.190681,4.969043,5.166491,223528.00
08/19/2004,5.350722,5.478883,5.270622,5.374753,165800,0.000,0.0,-,5.090555,5.201414,4.919781,5.099207,224492.00
08/18/2004,5.190523,5.390774,5.070372,5.350724,155300,0.000,0.0,-,5.080222,5.215993,4.890945,5.057554,225232.00
08/17/2004,5.230574,5.238584,5.062363,5.238584,103000,0.000,0.0,-,5.070209,5.233294,4.852496,5.023111,230134.00
08/16/2004,5.110420,5.206541,5.014299,5.206541,94900,0.000,0.0,-,5.061038,5.244669,4.833672,4.988667,229018.00
08/13/2004,4.830068,5.046340,4.822058,5.038330,73100,0.000,0.0,-,5.051426,5.256684,4.812045,4.962234,230244.00
08/12/2004,4.982258,4.998279,4.806037,4.830068,72400,0.000,0.0,-,5.043456,5.271422,4.790418,4.938204,231892.00
08/11/2004,4.942208,5.166490,4.806037,5.062359,94500,0.000,0.0,-,5.036527,5.287763,4.794022,4.927791,232220.00
08/10/2004,5.006291,5.030321,4.870119,4.974250,160300,0.000,0.0,-,5.029478,5.299457,4.789617,4.898153,231582.00
08/09/2004,4.886138,5.086390,4.773998,5.038330,289900,0.000,0.0,-,5.022830,5.311793,4.793622,4.850093,229190.00
08/06/2004,4.878128,4.990269,4.822057,4.878128,127500,0.000,0.0,-,5.015461,5.323007,4.798428,4.771594,224140.00
08/05/2004,4.926189,5.046340,4.878129,4.958230,337600,0.000,0.0,-,5.008131,5.337425,4.804435,4.740355,223648.00
08/04/2004,4.886138,5.070370,4.741957,5.006289,192700,0.000,0.0,-,5.000402,5.350401,4.806838,4.724335,218472.00
08/03/2004,4.950217,5.054348,4.741956,4.894147,333800,0.000,0.0,-,4.992352,5.362256,4.832871,4.681882,215174.00
08/02/2004,4.717928,4.942210,4.621808,4.942210,161200,0.000,0.0,-,4.984822,5.376514,4.864110,4.678678,209762.00
07/30/2004,4.645836,4.862108,4.549715,4.798027,132100,0.000,0.0,-,4.977173,5.388049,4.885337,4.661856,207244.00
07/29/2004,4.806036,4.870117,4.605785,4.725936,70500,0.000,0.0,-,4.969643,5.401025,4.900556,4.642632,205546.00
07/28/2004,4.445585,4.862108,4.421554,4.765987,202100,0.000,0.0,-,4.962074,5.415123,4.920181,4.660254,205222.00
07/27/2004,4.317425,4.621808,4.309416,4.493647,311500,0.000,0.0,-,4.954064,5.433386,4.945813,4.681081,201980.00
07/26/2004,4.509666,4.621807,4.205283,4.253344,308000,0.000,0.0,-,4.947415,5.453411,4.991470,4.737151,196640.00
07/23/2004,4.717929,4.717929,4.477627,4.565737,145400,0.000,0.0,-,4.941968,5.479684,5.027115,4.825261,192108.00
07/22/2004,4.645836,4.846088,4.645836,4.798027,191700,0.000,0.0,-,4.935080,5.500510,5.082385,4.868515,190452.00
07/21/2004,4.942206,4.998276,4.581753,4.581753,123100,0.000,0.0,-,4.926629,5.516690,5.131647,4.889342,188944.00
07/20/2004,4.806037,4.926188,4.677876,4.862108,123600,0.000,0.0,-,4.919821,5.541041,5.194526,4.983860,187260.00
07/19/2004,4.565735,4.773997,4.565735,4.773997,93800,0.000,0.0,-,4.911570,5.560746,5.244989,5.049543,186782.00
07/16/2004,4.878126,4.926186,4.525683,4.605784,423200,0.000,0.0,-,4.902959,5.583014,5.309470,5.108818,187534.00
07/15/2004,5.006290,5.054350,4.870119,4.902159,86100,0.000,0.0,-,4.895470,5.606243,5.384364,5.158480,183796.00
07/14/2004,4.982260,5.158482,4.966240,4.974250,112900,0.000,0.0,-,4.886539,5.620180,5.443639,5.180107,185814.00
07/13/2004,5.142459,5.174499,5.054348,5.054348,94900,0.000,0.0,-,4.878008,5.629953,5.495304,5.210546,186666.00
07/12/2004,5.006289,5.198530,5.006289,5.134450,112600,0.000,0.0,-,4.869477,5.641167,5.546568,5.245790,186238.00
07/09/2004,4.966237,5.062358,4.757975,4.998277,209100,0.000,0.0,-,4.860346,5.654784,5.595029,5.228969,184660.00
07/08/2004,5.446843,5.454853,4.942209,5.006289,148200,0.000,0.0,-,4.851295,5.671765,5.649497,5.296254,181952.00
07/07/2004,5.526942,5.607042,5.374751,5.526942,146900,0.000,0.0,-,4.842283,5.689548,5.704366,5.373951,182566.00
07/06/2004,5.414804,5.566995,5.326693,5.518934,302800,0.000,0.0,-,4.830669,5.694033,5.738810,5.405191,180262.00
07/02/2004,5.366742,5.406792,5.286641,5.366742,264100,0.000,0.0,-,4.819014,5.698519,5.753228,5.440435,175298.00
07/01/2004,5.078381,5.190522,5.070371,5.102411,256700,0.000,0.0,-,4.808361,5.705247,5.775255,5.510123,171402.00
06/30/2004,5.182511,5.238582,5.086390,5.118431,341000,0.000,0.0,-,4.798749,5.717583,5.808898,5.610248,167992.00
06/29/2004,5.406794,5.446844,5.246592,5.278633,418400,0.000,0.0,-,4.789136,5.730078,5.835331,5.707170,163484.00
06/28/2004,5.246592,5.510924,5.246592,5.406793,755100,0.000,0.0,-,4.778683,5.739851,5.853754,5.780061,156090.00
06/25/2004,5.703166,5.823317,4.966240,4.966240,2015100,0.000,0.0,-,4.767870,5.744496,5.862965,5.847346,142076.00
06/24/2004,5.863366,5.879386,5.599033,5.671124,295800,0.000,0.0,-,4.759059,5.758434,5.894605,5.961089,103246.00
06/23/2004,5.839336,5.847346,5.695155,5.783266,203700,0.000,0.0,-,4.745842,5.760036,5.891001,6.002741,98894.00
06/22/2004,5.847347,6.031579,5.807297,5.839337,104300,0.000,0.0,-,4.732265,5.761318,5.882190,6.034781,97676.00
06/21/2004,6.063618,6.087648,5.783265,5.871376,81200,0.000,0.0,-,4.718688,5.761798,5.870174,6.072428,97904.00
06/18/2004,6.103666,6.159736,6.007545,6.063616,138000,0.000,0.0,-,4.704830,5.760356,5.856958,6.066020,97246.00
06/17/2004,6.087648,6.119688,5.903417,6.103668,81000,0.000,0.0,-,4.689331,5.756031,5.829724,6.040388,95384.00
06/16/2004,5.967496,6.119687,5.935456,6.087647,110100,0.000,0.0,-,4.673711,5.749303,5.796882,6.007547,95018.00
06/15/2004,6.063618,6.087648,5.871376,6.007547,127600,0.000,0.0,-,4.658252,5.744176,5.764041,5.963492,95062.00
06/14/2004,6.103668,6.127698,6.039587,6.079638,117600,0.000,0.0,-,4.643033,5.740491,5.747621,5.927446,94828.00
06/10/2004,6.127699,6.127699,6.015558,6.103668,47400,0.000,0.0,-,4.627774,5.734564,5.718384,5.878585,97052.00
06/09/2004,6.167748,6.191778,6.015557,6.087647,167000,0.000,0.0,-,4.612875,5.727515,5.691550,5.828122,99328.00
06/08/2004,6.167749,6.175759,6.015558,6.103668,202800,0.000,0.0,-,4.596374,5.716301,5.667520,5.779261,98278.00
06/07/2004,5.783264,6.327949,5.687144,6.215808,400400,0.000,0.0,-,4.579833,5.708291,5.642688,5.729598,95586.00
06/04/2004,5.783265,5.839336,5.687145,5.807296,47200,0.000,0.0,-,4.562652,5.695795,5.621862,5.667921,89348.00
06/03/2004,5.807296,5.847346,5.767245,5.807296,156200,0.000,0.0,-,4.546872,5.687945,5.623865,5.647895,90488.00
06/02/2004,5.647095,5.807296,5.591024,5.775256,155500,0.000,0.0,-,4.531012,5.682338,5.627870,5.619059,90786.00
06/01/2004,5.647093,5.647093,5.534952,5.647093,88800,0.000,0.0,-,4.515753,5.681377,5.627469,5.586218,89988.00
05/28/2004,5.591023,5.647093,5.591023,5.647093,62600,0.000,0.0,-,4.500974,5.684421,5.625066,5.564591,90602.00
05/27/2004,5.599035,5.607045,5.534954,5.591025,40700,0.000,0.0,-,4.486276,5.688426,5.615855,5.567795,90692.00
05/26/2004,5.607046,5.607046,5.526945,5.599035,37400,0.000,0.0,-,4.471537,5.691950,5.617056,5.558183,91822.00
05/25/2004,5.566995,5.623066,5.502915,5.599035,102900,0.000,0.0,-,4.456679,5.697718,5.627870,5.554979,94876.00
05/24/2004,5.599031,5.607041,5.534951,5.607041,78800,0.000,0.0,-,4.441900,5.700121,5.640286,5.555779,95242.00
05/21/2004,5.591025,5.607046,5.534955,5.599035,27800,0.000,0.0,-,4.427082,5.704927,5.654704,5.555779,96546.00
05/20/2004,5.502910,5.607041,5.486890,5.607041,63200,0.000,0.0,-,4.412223,5.707971,5.662313,5.575804,100676.00
05/19/2004,5.454854,5.550974,5.406793,5.518934,35300,0.000,0.0,-,4.397605,5.712777,5.669122,5.599835,103568.00
05/18/2004,5.430822,5.486892,5.406792,5.446842,47200,0.000,0.0,-,4.383186,5.722389,5.678333,5.636681,111764.00
05/17/2004,5.607045,5.607045,5.366742,5.430823,54300,0.000,0.0,-,4.369209,5.731200,5.691950,5.668721,142256.00
05/14/2004,5.494903,5.679135,5.494903,5.679135,40000,0.000,0.0,-,4.355071,5.729438,5.707570,5.685542,146350.00
05/13/2004,5.566994,5.591025,5.414803,5.494904,44500,0.000,0.0,-,4.338851,5.722389,5.711976,5.663915,147458.00
05/12/2004,5.566993,5.599033,5.406792,5.566993,81400,0.000,0.0,-,4.324192,5.718864,5.719184,5.675930,149836.00
05/11/2004,5.607041,5.647092,5.583011,5.607041,62600,0.000,0.0,-,4.309454,5.714218,5.723990,5.700761,151168.00
05/10/2004,5.767242,5.767242,5.422810,5.607041,116300,0.000,0.0,-,4.294475,5.707810,5.731200,5.724792,155360.00
05/07/2004,5.863365,5.903415,5.719183,5.799284,38900,0.000,0.0,-,4.279016,5.699640,5.743215,5.753628,160206.00
05/06/2004,5.903417,5.919438,5.831327,5.847347,99700,0.000,0.0,-,4.262154,5.686984,5.746419,5.748822,160638.00
05/05/2004,5.767246,5.967497,5.767246,5.887397,131400,0.000,0.0,-,4.244933,5.675770,5.744016,5.738409,160544.00
05/04/2004,5.695155,5.951477,5.687145,5.767245,236300,0.000,0.0,-,4.227070,5.661833,5.742013,5.719986,160210.00
05/03/2004,5.462864,5.599035,5.406794,5.599035,187000,0.000,0.0,-,4.209328,5.649337,5.742013,5.715180,163028.00
04/30/2004,5.607042,5.607042,5.366740,5.462861,155500,0.000,0.0,-,4.192587,5.642448,5.753628,5.729598,160618.00
04/29/2004,5.791277,5.807297,5.607045,5.615056,73500,0.000,0.0,-,4.176086,5.638123,5.771651,5.760036,160968.00
04/28/2004,5.831326,5.847346,5.687145,5.815306,33700,0.000,0.0,-,4.158825,5.632035,5.780061,5.762439,161612.00
04/27/2004,5.839337,5.927448,5.807297,5.847347,73700,0.000,0.0,-,4.140361,5.622583,5.776857,5.747219,161752.00
04/26/2004,5.759233,5.967495,5.759233,5.895404,178900,0.000,0.0,-,4.122419,5.612971,5.760837,5.737607,162010.00
04/23/2004,5.759236,5.783266,5.719186,5.751226,31700,0.000,0.0,-,4.104797,5.602398,5.751225,5.732802,161504.00
04/22/2004,5.623063,5.767244,5.623063,5.743214,54600,0.000,0.0,-,4.088016,5.594868,5.743215,5.744015,162790.00
04/21/2004,5.687144,5.767244,5.583013,5.703164,69300,0.000,0.0,-,4.070594,5.585737,5.726794,5.749622,165552.00
04/20/2004,5.751224,5.783264,5.711174,5.719184,86200,0.000,0.0,-,4.053052,5.574203,5.717983,5.764041,166358.00
04/19/2004,5.767244,5.767244,5.566993,5.743214,115600,0.000,0.0,-,4.035550,5.568756,5.718384,5.768847,167260.00
04/16/2004,5.639084,5.767245,5.623064,5.767245,48700,0.000,0.0,-,4.017888,5.559144,5.721187,5.777658,169000.00
04/15/2004,5.607043,5.727194,5.542962,5.639083,54400,0.000,0.0,-,4.000105,5.552575,5.725192,5.783265,172496.00
04/14/2004,5.671123,5.671123,5.486892,5.663113,73600,0.000,0.0,-,3.982443,5.547129,5.731600,5.797683,174548.00
04/13/2004,5.767246,5.775256,5.607045,5.751226,78200,0.000,0.0,-,3.965742,5.540881,5.742814,5.806495,177572.00
04/12/2004,5.895408,5.919438,5.847347,5.847347,142800,0.000,0.0,-,3.947719,5.533031,5.741212,5.784066,178238.00
04/08/2004,5.735203,5.967495,5.607042,5.863364,115700,0.000,0.0,-,3.929296,5.519574,5.741212,5.769648,180364.00
04/07/2004,5.847345,5.847345,5.735204,5.799284,48300,0.000,0.0,-,3.910152,5.512044,5.735605,5.742414,182546.00
04/06/2004,5.767246,5.847347,5.735206,5.847347,44900,0.000,0.0,-,3.891369,5.504195,5.738009,5.703966,184540.00
04/05/2004,5.839336,5.839336,5.751225,5.767245,62700,0.000,0.0,-,3.873146,5.496505,5.745618,5.671925,188532.00
04/02/2004,5.831327,5.847347,5.727196,5.831327,112300,0.000,0.0,-,3.854843,5.489616,5.751626,5.667920,192208.00
04/01/2004,5.831323,5.847343,5.775252,5.823313,115900,0.000,0.0,-,3.836379,5.480965,5.727195,5.664716,193568.00
03/31/2004,5.751225,5.847346,5.735205,5.783266,228800,0.000,0.0,-,3.817796,5.472635,5.702364,5.667119,202744.00
03/30/2004,5.510924,5.767246,5.446844,5.751226,161200,0.000,0.0,-,3.800214,5.465106,5.679135,5.665517,205974.00
03/29/2004,5.607042,5.623062,5.470871,5.526942,114500,0.000,0.0,-,3.782912,5.455013,5.658308,5.679134,211076.00
03/26/2004,5.599033,5.751224,5.591023,5.703164,68200,0.000,0.0,-,3.767253,5.448605,5.646293,5.698359,214522.00
03/25/2004,5.462864,5.599035,5.406793,5.591025,88500,0.000,0.0,-,3.751072,5.436269,5.621062,5.712777,217268.00
03/24/2004,5.486893,5.550974,5.406793,5.414803,104200,0.000,0.0,-,3.735373,5.423774,5.599835,5.728797,217606.00
03/23/2004,5.711173,5.719183,5.486891,5.526942,171100,0.000,0.0,-,3.721435,5.411759,5.593427,5.772052,216546.00
03/22/2004,5.719185,5.807296,5.647095,5.727196,115600,0.000,0.0,-,3.706897,5.397981,5.576606,5.819311,217108.00
03/19/2004,5.831325,5.831325,5.727194,5.799284,119500,0.000,0.0,-,3.691477,5.381160,5.547369,5.835331,224082.00
03/18/2004,5.807297,5.887397,5.703166,5.847347,67100,0.000,0.0,-,3.675017,5.356970,5.520135,5.789674,223788.00
03/17/2004,5.887396,5.967497,5.727195,5.767245,97200,0.000,0.0,-,3.658035,5.331338,5.490097,5.737608,229406.00
03/16/2004,5.759236,5.887397,5.655105,5.887397,190100,0.000,0.0,-,3.640413,5.307307,5.467268,5.692752,231906.00
03/15/2004,5.815305,5.823315,5.655103,5.719184,121200,0.000,0.0,-,3.622190,5.274466,5.440034,5.637482,229908.00
03/12/2004,5.767246,5.887397,5.735206,5.847347,144000,0.000,0.0,-,3.604608,5.247873,5.422412,5.594228,232982.00
03/11/2004,5.799286,5.967498,5.687145,5.751226,234300,0.000,0.0,-,3.585905,5.221920,5.398382,5.529347,236248.00
03/10/2004,5.999538,5.999538,5.847347,5.847347,207800,0.000,0.0,-,3.567882,5.191322,5.379558,5.470873,235630.00
03/09/2004,5.927448,5.999538,5.783266,5.999538,445100,0.000,0.0,-,3.548298,5.159602,5.351523,5.414802,231654.00
03/08/2004,5.927447,6.167749,5.671125,5.887397,1571800,0.000,0.0,-,3.527752,5.124518,5.307868,5.333900,223626.00
03/05/2004,5.286640,5.486892,5.286640,5.342711,259000,0.000,0.0,-,3.507847,5.091676,5.285840,5.259407,194072.00
03/04/2004,5.318680,5.326691,5.278630,5.326691,95400,0.000,0.0,-,3.490825,5.070209,5.281835,5.250596,191428.00
03/03/2004,5.334701,5.334701,5.246591,5.318681,163400,0.000,0.0,-,3.474044,5.048582,5.287442,5.242586,190664.00
03/02/2004,5.222560,5.358731,5.206540,5.334701,148000,0.000,0.0,-,3.457423,5.027916,5.289845,5.241785,190594.00
03/01/2004,5.118429,5.350721,5.022309,5.286641,272200,0.000,0.0,-,3.440762,5.005648,5.290646,5.242586,189876.00
02/27/2004,5.086392,5.286643,4.806040,5.198533,358600,0.000,0.0,-,3.423941,4.984502,5.294251,5.250596,188176.00
02/26/2004,5.286641,5.286641,5.110419,5.166490,60500,0.000,0.0,-,3.408722,4.966719,5.293049,5.267417,186232.00
02/25/2004,5.190520,5.286641,5.166490,5.286641,95000,0.000,0.0,-,3.393703,4.947976,5.309069,5.288243,191014.00
02/24/2004,5.110419,5.206540,5.110419,5.190520,114700,0.000,0.0,-,3.378044,4.926349,5.315077,5.288243,200200.00
02/23/2004,5.254601,5.254601,5.086390,5.142460,377200,0.000,0.0,-,3.362704,4.901517,5.328694,5.281835,200920.00
02/20/2004,5.262612,5.318682,5.206541,5.254601,66500,0.000,0.0,-,3.348006,4.876366,5.342712,5.312273,195426.00
02/19/2004,5.342712,5.366742,5.206541,5.246592,173000,0.000,0.0,-,3.330985,4.848971,5.349921,5.313074,195812.00
02/18/2004,5.326690,5.350720,5.206539,5.310670,105700,0.000,0.0,-,3.312922,4.821897,5.357931,5.332298,193030.00
02/17/2004,5.366741,5.366741,5.326691,5.342711,40700,0.000,0.0,-,3.294619,4.794183,5.362737,5.337906,193714.00
02/13/2004,5.342712,5.406792,5.286641,5.366742,86600,0.000,0.0,-,3.275755,4.765827,5.357931,5.338707,194746.00
02/12/2004,5.374752,5.406792,5.310671,5.366742,153600,0.000,0.0,-,3.256811,4.737632,5.349921,5.337906,214952.00
02/11/2004,5.286642,5.374753,5.270622,5.374753,96000,0.000,0.0,-,3.237948,4.707514,5.335903,5.318682,216288.00
02/10/2004,5.190520,5.326691,5.190520,5.286641,192700,0.000,0.0,-,3.218964,4.677076,5.315478,5.329896,217146.00
02/09/2004,5.470872,5.470872,5.062359,5.126440,109600,0.000,0.0,-,3.199780,4.645997,5.291848,5.341911,219038.00
02/06/2004,5.286641,5.446842,5.278631,5.446842,131300,0.000,0.0,-,3.181837,4.621005,5.277430,5.375553,225540.00
02/05/2004,5.414803,5.430823,5.166491,5.262612,202600,0.000,0.0,-,3.162213,4.588164,5.249395,5.373150,231632.00
02/04/2004,5.390772,5.438833,5.366742,5.438833,223500,0.000,0.0,-,3.143589,4.552119,5.215752,5.386767,232374.00
02/03/2004,5.390772,5.486893,5.334701,5.366742,157000,0.000,0.0,-,3.123444,4.511588,5.172098,5.383563,229378.00
02/02/2004,5.510925,5.542966,5.342714,5.350724,224800,0.000,0.0,-,3.103939,4.471217,5.132047,5.387568,227504.00
01/30/2004,5.198531,5.446844,5.166491,5.358733,111500,0.000,0.0,-,3.084155,4.432288,5.076778,5.377155,224164.00
01/29/2004,5.526943,5.558983,5.046340,5.174500,249100,0.000,0.0,-,3.064450,4.392398,5.028317,5.361936,223882.00
01/28/2004,5.486891,5.607042,5.470871,5.486891,224800,0.000,0.0,-,3.045826,4.357474,4.997078,5.353125,220776.00
01/27/2004,5.486894,5.526944,5.398783,5.406793,148000,0.000,0.0,-,3.025521,4.314060,4.933798,5.301059,217424.00
01/26/2004,5.406791,5.486891,5.358730,5.462861,244500,0.000,0.0,-,3.005896,4.276092,4.876526,5.241785,217194.00
01/23/2004,5.398780,5.478881,5.342710,5.422810,246500,0.000,0.0,-,2.986071,4.232998,4.815650,5.179307,212868.00
01/22/2004,5.422812,5.470872,5.310671,5.398782,180300,0.000,0.0,-,2.966567,4.188942,4.756776,5.125639,208586.00
01/21/2004,5.406793,5.478884,5.382763,5.406793,574700,0.000,0.0,-,2.947463,4.149693,4.700305,5.044738,206168.00
01/20/2004,5.278632,5.494904,5.270622,5.406793,390300,0.000,0.0,-,2.928839,4.109643,4.642232,4.960632,195258.00
01/16/2004,5.206541,5.246592,5.182511,5.246592,416300,0.000,0.0,-,2.911097,4.070554,4.586162,4.876527,191780.00
01/15/2004,5.086390,5.286641,5.046339,5.206541,286800,0.000,0.0,-,2.894636,4.033707,4.534897,4.776401,191188.00
01/14/2004,4.966239,5.086390,4.870119,5.086390,205500,0.000,0.0,-,2.878296,3.995900,4.486036,4.694698,186742.00
01/13/2004,4.773999,4.966240,4.773999,4.966240,105400,0.000,0.0,-,2.861715,3.960335,4.447187,4.641031,182866.00
01/12/2004,4.838078,4.846088,4.806038,4.814048,51200,0.000,0.0,-,2.846496,3.927975,4.410340,4.566537,182462.00
01/09/2004,4.830068,4.870118,4.806038,4.838078,199200,0.000,0.0,-,2.832438,3.899779,4.379902,4.511267,183548.00
01/08/2004,4.589766,4.902159,4.589766,4.886138,464300,0.000,0.0,-,2.817860,3.868700,4.335446,4.451993,182142.00
01/07/2004,4.589766,4.629816,4.557725,4.589766,104800,0.000,0.0,-,2.803963,3.839864,4.285383,4.387912,173074.00
01/06/2004,4.525687,4.613798,4.485637,4.565737,348000,0.000,0.0,-,2.791186,3.816955,4.250139,4.355872,174126.00
01/05/2004,4.245335,4.645838,4.213295,4.565737,222200,0.000,0.0,-,2.779171,3.798692,4.216497,4.323832,167772.00
01/02/2004,4.357474,4.381504,4.157222,4.245333,90200,0.000,0.0,-,2.767116,3.780269,4.184457,4.295796,166576.00
12/31/2003,4.525686,4.525686,4.293394,4.389514,274900,0.000,0.0,-,2.756703,3.766652,4.168436,4.293393,166264.00
12/30/2003,4.229312,4.581754,4.229312,4.549714,307300,0.000,0.0,-,2.745529,3.747107,4.146809,4.277373,161456.00
12/29/2003,4.245332,4.325432,4.221302,4.221302,203400,0.000,0.0,-,2.733594,3.724359,4.112366,4.253343,156452.00
12/26/2003,4.261354,4.277375,4.245334,4.261354,9000,0.000,0.0,-,2.722981,3.707858,4.093943,4.254144,153030.00
12/24/2003,4.253343,4.277373,4.205283,4.245333,43700,0.000,0.0,-,2.712568,3.690396,4.067510,4.248537,153248.00
12/23/2003,4.285383,4.285383,4.181252,4.245333,94100,0.000,0.0,-,2.701794,3.673735,4.049087,4.218900,153816.00
12/22/2003,4.213292,4.285383,4.189262,4.269362,126800,0.000,0.0,-,2.691021,3.654671,4.027059,4.182854,153258.00
12/19/2003,4.229313,4.285383,4.205283,4.245333,57200,0.000,0.0,-,2.680127,3.633525,3.986608,4.144406,152902.00
12/18/2003,4.237325,4.285385,4.149214,4.285385,159900,0.000,0.0,-,2.669794,3.611898,3.944956,4.109162,152418.00
12/17/2003,4.245332,4.317422,4.205281,4.221302,112100,0.000,0.0,-,2.659341,3.589470,3.898097,4.073117,150082.00
12/16/2003,4.317423,4.317423,4.149212,4.229312,187200,0.000,0.0,-,2.649048,3.568323,3.857246,4.043479,149022.00
12/15/2003,4.405534,4.421554,4.189262,4.309413,261400,0.000,0.0,-,2.638915,3.547497,3.813991,4.016245,146038.00
12/12/2003,4.205282,4.229312,4.101151,4.229312,299600,0.000,0.0,-,2.628382,3.523467,3.769936,3.971389,144796.00
12/11/2003,3.948961,4.221304,3.940952,4.205284,554300,0.000,0.0,-,2.618129,3.503281,3.724279,3.933742,140954.00
12/10/2003,3.900899,4.005030,3.876869,3.948959,150700,0.000,0.0,-,2.608157,3.483416,3.689435,3.886483,132134.00
12/09/2003,3.940952,3.940952,3.868861,3.884881,102500,0.000,0.0,-,2.599426,3.465474,3.657395,3.879274,129778.00
12/08/2003,3.892891,3.964982,3.844831,3.884881,85800,0.000,0.0,-,2.591215,3.449934,3.624153,3.871263,129316.00
12/05/2003,3.900900,3.908911,3.884880,3.892890,33900,0.000,0.0,-,2.582725,3.434555,3.601725,3.828810,129914.00
12/04/2003,3.884880,3.932940,3.876870,3.924931,139900,0.000,0.0,-,2.574835,3.422059,3.577294,3.780750,130364.00
12/03/2003,3.956971,3.956971,3.852840,3.924931,92300,0.000,0.0,-,2.566344,3.410525,3.553664,3.723077,128920.00
12/02/2003,3.860851,3.989011,3.812790,3.956971,1096900,0.000,0.0,-,2.557773,3.398189,3.527632,3.671012,128010.00
12/01/2003,3.908910,3.908910,3.732689,3.860850,220400,0.000,0.0,-,2.549683,3.382810,3.495592,3.611737,107654.00
11/28/2003,3.740701,3.852842,3.740701,3.852842,138900,0.000,0.0,-,2.541713,3.369673,3.467957,3.568483,105052.00
11/26/2003,3.908910,3.964981,3.724679,3.732689,287300,0.000,0.0,-,2.534264,3.356697,3.442725,3.514815,105090.00
11/25/2003,3.796769,3.948961,3.724679,3.876870,434700,0.000,0.0,-,2.527015,3.345803,3.426304,3.492387,101084.00
11/24/2003,3.492386,3.916919,3.492386,3.804778,435900,0.000,0.0,-,2.519045,3.332987,3.396667,3.435516,93832.00
11/21/2003,3.428306,3.524426,3.428306,3.460346,239700,0.000,0.0,-,2.511876,3.320492,3.378645,3.377043,86396.00
11/20/2003,3.356218,3.412289,3.356218,3.412289,73700,0.000,0.0,-,2.505988,3.315205,3.377844,3.374640,82366.00
11/19/2003,3.388256,3.388256,3.324175,3.348205,63300,0.000,0.0,-,2.500782,3.310719,3.389859,3.373838,82328.00
11/18/2003,3.356217,3.404277,3.332187,3.404277,57800,0.000,0.0,-,2.496136,3.308637,3.404678,3.384252,83992.00
11/17/2003,3.396267,3.412287,3.268106,3.364226,97400,0.000,0.0,-,2.491450,3.304632,3.412688,3.384252,87924.00
11/14/2003,3.332186,3.428307,3.332186,3.428307,93800,0.000,0.0,-,2.486844,3.297903,3.415091,3.379446,86902.00
11/13/2003,3.444327,3.444327,3.308156,3.316166,57200,0.000,0.0,-,2.482078,3.290694,3.414290,3.367431,86088.00
11/12/2003,3.316166,3.508408,3.308156,3.508408,136500,0.000,0.0,-,2.477552,3.286849,3.418295,3.370635,86694.00
11/11/2003,3.220046,3.324177,3.220046,3.308156,28200,0.000,0.0,-,2.472506,3.278679,3.412287,3.360222,87156.00
11/10/2003,3.436316,3.436316,3.163974,3.220045,32400,0.000,0.0,-,2.468381,3.271790,3.417494,3.357819,88796.00
11/07/2003,3.428307,3.484377,3.404276,3.436316,59400,0.000,0.0,-,2.464576,3.266984,3.421098,3.380247,88636.00
11/06/2003,3.452338,3.452338,3.380247,3.404277,29200,0.000,0.0,-,2.459610,3.258173,3.409884,3.381048,88470.00
11/05/2003,3.380248,3.508409,3.380248,3.452338,216400,0.000,0.0,-,2.455325,3.249362,3.397869,3.405879,89090.00
11/04/2003,3.340197,3.404277,3.340197,3.404277,386700,0.000,0.0,-,2.450398,3.240871,3.383451,3.425103,86574.00
11/03/2003,3.284126,3.380247,3.220045,3.316166,64500,0.000,0.0,-,2.445793,3.235264,3.371436,3.441123,81680.00
10/31/2003,3.324177,3.348207,3.284126,3.308156,11700,0.000,0.0,-,2.441667,3.224691,3.365028,3.450736,82344.00
10/30/2003,3.412286,3.412286,3.324175,3.348205,85200,0.000,0.0,-,2.438183,3.214438,3.355015,3.461149,84334.00
10/29/2003,3.284126,3.484378,3.268106,3.404277,105500,0.000,0.0,-,2.435099,3.203064,3.348607,3.465955,90464.00
10/28/2003,3.404277,3.484377,3.196015,3.284126,128900,0.000,0.0,-,2.431414,3.188005,3.338995,3.464353,96474.00
10/27/2003,3.444329,3.460349,3.428308,3.444329,10900,0.000,0.0,-,2.428090,3.175029,3.327381,3.477169,98332.00
10/24/2003,3.660600,3.660600,3.428308,3.444329,157400,0.000,0.0,-,2.423885,3.160611,3.310559,3.461950,98794.00
10/23/2003,3.628559,3.660599,3.564478,3.652589,30300,0.000,0.0,-,2.419600,3.145552,3.294139,3.438720,95924.00
10/22/2003,3.604529,3.844831,3.596518,3.644579,162400,0.000,0.0,-,2.414033,3.126648,3.274914,3.389859,108056.00
10/21/2003,3.412286,3.604527,3.404275,3.564476,74600,0.000,0.0,-,2.408426,3.106623,3.260096,3.341799,105594.00
10/20/2003,3.444329,3.444329,3.380248,3.412289,34500,0.000,0.0,-,2.404060,3.087879,3.247280,3.301749,104764.00
10/17/2003,3.388259,3.428309,3.388259,3.412289,57100,0.000,0.0,-,2.400055,3.072500,3.236066,3.279320,105028.00
10/16/2003,3.364226,3.396267,3.364226,3.396267,32300,0.000,0.0,-,2.396410,3.057120,3.225652,3.248882,105160.00
10/15/2003,3.412286,3.412286,3.380246,3.388256,19900,0.000,0.0,-,2.392846,3.041741,3.216040,3.231259,105622.00
10/14/2003,3.348208,3.412289,3.340198,3.412289,72100,0.000,0.0,-,2.389322,3.027643,3.206028,3.213637,108480.00
10/13/2003,3.236064,3.324175,3.171984,3.292135,66200,0.000,0.0,-,2.385837,3.012104,3.197217,3.177592,108592.00
10/10/2003,3.163975,3.228056,3.147955,3.212035,109000,0.000,0.0,-,2.383474,2.999288,3.191610,3.159169,109126.00
10/09/2003,3.179996,3.179996,3.139945,3.163975,33000,0.000,0.0,-,2.381752,2.987113,3.190809,3.149557,108316.00
10/08/2003,3.188006,3.188006,3.155965,3.163975,43100,0.000,0.0,-,2.380230,2.972534,3.192010,3.159970,109346.00
10/07/2003,3.204026,3.212036,3.139945,3.163975,59100,0.000,0.0,-,2.378628,2.960519,3.196015,3.178393,109942.00
10/06/2003,3.115914,3.212035,3.115914,3.188005,38000,0.000,0.0,-,2.377026,2.949625,3.198017,3.192811,110910.00
10/03/2003,3.204025,3.228055,3.051833,3.107904,199300,0.000,0.0,-,2.374863,2.938091,3.190007,3.192811,124062.00
10/02/2003,3.188004,3.244075,3.147954,3.220045,107500,0.000,0.0,-,2.373502,2.926236,3.188005,3.202423,123816.00
10/01/2003,3.027804,3.212035,3.027804,3.212035,113300,0.000,0.0,-,2.371219,2.910376,3.183199,3.200821,122826.00
09/30/2003,3.115915,3.115915,3.043824,3.051834,32900,0.000,0.0,-,2.368696,2.894196,3.177592,3.198418,122230.00
09/29/2003,3.091884,3.171984,2.963723,3.107904,79400,0.000,0.0,-,2.366653,2.879457,3.173186,3.216841,122266.00
09/26/2003,3.268106,3.268106,3.051834,3.115915,115700,0.000,0.0,-,2.363529,2.861675,3.166778,3.224050,122346.00
09/25/2003,3.348206,3.348206,3.220045,3.268106,56400,0.000,0.0,-,2.360686,2.844373,3.160771,3.232060,124438.00
09/24/2003,3.284125,3.356216,3.284125,3.348205,67700,0.000,0.0,-,2.356440,2.822265,3.145551,3.224050,125456.00
09/23/2003,3.204026,3.324177,3.204026,3.308156,46800,0.000,0.0,-,2.352195,2.798556,3.129531,3.213637,124678.00
09/22/2003,3.204025,3.244076,3.147955,3.188005,79100,0.000,0.0,-,2.347990,2.774846,3.120320,3.203224,131820.00
09/19/2003,3.204025,3.204025,3.188005,3.204025,90300,0.000,0.0,-,2.345226,2.756263,3.100295,3.187204,131102.00
09/18/2003,3.188005,3.204025,3.179995,3.204025,140800,0.000,0.0,-,2.341942,2.739602,3.079869,3.173587,129586.00
09/17/2003,3.244076,3.244076,3.163975,3.188005,87000,0.000,0.0,-,2.339299,2.723421,3.058642,3.165577,136080.00
09/16/2003,3.179996,3.244076,3.179996,3.236066,72100,0.000,0.0,-,2.335975,2.704838,3.031809,3.156765,136924.00
09/15/2003,3.196015,3.204025,3.099894,3.179995,64100,0.000,0.0,-,2.333491,2.684012,3.001771,3.129531,137200.00
09/12/2003,3.188005,3.204025,3.155965,3.196015,38200,0.000,0.0,-,2.330368,2.664788,2.978942,3.109506,136908.00
09/11/2003,3.220045,3.236065,3.179995,3.188005,71800,0.000,0.0,-,2.326883,2.645083,2.953710,3.089481,138476.00
09/10/2003,3.204024,3.260095,3.188004,3.244075,146500,0.000,0.0,-,2.322918,2.625538,2.929680,3.067053,140864.00
09/09/2003,3.011783,3.204025,2.987753,3.204025,254400,0.000,0.0,-,2.318713,2.602790,2.899642,3.045425,155440.00
09/08/2003,3.083874,3.083874,3.003773,3.027803,46300,0.000,0.0,-,2.314708,2.585168,2.870806,3.037415,153388.00
09/05/2003,3.083873,3.155963,3.043823,3.067853,53100,0.000,0.0,-,2.311744,2.567545,2.851582,3.013385,153818.00
09/04/2003,3.099895,3.163975,3.059845,3.123925,87500,0.000,0.0,-,2.308540,2.549443,2.830356,2.986151,154438.00
09/03/2003,2.963723,3.099894,2.939692,3.099894,159600,0.000,0.0,-,2.305697,2.527655,2.805524,2.951708,153862.00
09/02/2003,2.971733,2.971733,2.787501,2.963723,110200,0.000,0.0,-,2.303093,2.506509,2.784698,2.906852,152654.00
08/29/2003,2.963722,2.987753,2.931682,2.979743,24400,0.000,0.0,-,2.301091,2.491290,2.768278,2.874010,151420.00
08/28/2003,2.947703,2.995763,2.835562,2.995763,51100,0.000,0.0,-,2.298688,2.473828,2.751857,2.848378,152936.00
08/27/2003,2.995763,2.995763,2.939693,2.963723,60200,0.000,0.0,-,2.295524,2.456686,2.732232,2.817940,154234.00
08/26/2003,3.107904,3.107904,3.003773,3.027803,90600,0.000,0.0,-,2.292720,2.439545,2.705799,2.792308,155096.00
08/25/2003,2.803523,3.123925,2.683372,3.123925,142000,0.000,0.0,-,2.290558,2.424326,2.682570,2.753860,154892.00
08/22/2003,2.787501,2.803521,2.723421,2.787501,97700,0.000,0.0,-,2.287954,2.407665,2.657338,2.704197,154802.00
08/21/2003,2.787502,2.803522,2.747452,2.795512,111200,0.000,0.0,-,2.287193,2.399815,2.648527,2.689779,155680.00
08/20/2003,2.635310,2.787501,2.635310,2.779491,391700,0.000,0.0,-,2.287193,2.393246,2.634510,2.674560,154858.00
08/19/2003,2.619291,2.699392,2.619291,2.651331,406000,0.000,0.0,-,2.286873,2.386678,2.616888,2.659341,151684.00
08/18/2003,2.723422,2.747452,2.619291,2.635311,221800,0.000,0.0,-,2.286833,2.386198,2.604472,2.662545,146594.00
08/15/2003,2.683371,2.723421,2.667351,2.723421,34000,0.000,0.0,-,2.286633,2.385877,2.588452,2.662545,143992.00
08/14/2003,2.715411,2.715411,2.691381,2.691381,13900,0.000,0.0,-,2.285992,2.384275,2.563220,2.655336,146766.00
08/13/2003,2.643321,2.707402,2.643321,2.707402,636900,0.000,0.0,-,2.285751,2.380591,2.541193,2.646525,149976.00
08/12/2003,2.635310,2.699391,2.627300,2.643320,39300,0.000,0.0,-,2.286152,2.375464,2.513958,2.619290,139516.00
08/11/2003,2.643321,2.667351,2.547200,2.627301,33100,0.000,0.0,-,2.285031,2.367454,2.489928,2.611280,141012.00
08/08/2003,2.635310,2.683371,2.611280,2.643320,47700,0.000,0.0,-,2.284069,2.359764,2.464696,2.610480,141952.00
08/07/2003,2.603270,2.643320,2.475109,2.643320,63700,0.000,0.0,-,2.282507,2.350953,2.445472,2.607276,142392.00
08/06/2003,2.683371,2.683371,2.547200,2.627301,55400,0.000,0.0,-,2.280905,2.340220,2.431855,2.594460,141786.00
08/05/2003,2.635311,2.683371,2.443069,2.683371,162800,0.000,0.0,-,2.279383,2.330608,2.420241,2.574434,143580.00
08/04/2003,2.667351,2.675361,2.579240,2.635311,77700,0.000,0.0,-,2.276940,2.315549,2.399014,2.546399,143198.00
08/01/2003,2.587251,2.651331,2.539190,2.651331,92900,0.000,0.0,-,2.274497,2.300650,2.376986,2.514359,144460.00
07/31/2003,2.467099,2.603270,2.419039,2.603270,68500,0.000,0.0,-,2.272335,2.285751,2.355359,2.471105,145234.00
07/30/2003,2.547200,2.563220,2.435059,2.435059,84500,0.000,0.0,-,2.270012,2.272455,2.335734,2.435860,146878.00
07/29/2003,2.627300,2.627300,2.507149,2.563220,72900,0.000,0.0,-,2.268810,2.263163,2.324520,2.408626,145870.00
07/28/2003,2.595262,2.723423,2.595262,2.619292,107500,0.000,0.0,-,2.266848,2.251789,2.301692,2.368576,145058.00
07/25/2003,2.523171,2.707402,2.523171,2.611281,695600,0.000,0.0,-,2.264365,2.239453,2.286873,2.318913,146148.00
07/24/2003,2.435059,2.563220,2.427049,2.515160,187000,0.000,0.0,-,2.262322,2.225676,2.263644,2.283669,133386.00
07/23/2003,2.443069,2.491129,2.403019,2.427049,58000,0.000,0.0,-,2.260640,2.218467,2.246021,2.269251,133236.00
07/22/2003,2.362968,2.403018,2.346948,2.403018,83500,0.000,0.0,-,2.259559,2.213180,2.226397,2.266047,134052.00
07/21/2003,2.202768,2.314909,2.202768,2.314909,34700,0.000,0.0,-,2.259198,2.208214,2.208374,2.251629,133014.00
07/18/2003,2.266848,2.266848,2.178738,2.218788,83400,0.000,0.0,-,2.259318,2.204369,2.202767,2.239613,137570.00
07/17/2003,2.162717,2.306898,2.162717,2.250828,220300,0.000,0.0,-,2.259999,2.204049,2.197160,2.239613,143068.00
07/16/2003,2.154707,2.186747,2.146697,2.162717,107300,0.000,0.0,-,2.260920,2.196039,2.191553,2.235608,140956.00
07/15/2003,2.202767,2.210777,2.154707,2.162717,28800,0.000,0.0,-,2.262322,2.185465,2.188749,2.240414,139714.00
07/14/2003,2.266848,2.354958,2.082616,2.122667,403900,0.000,0.0,-,2.264084,2.175212,2.193956,2.234807,140070.00
07/11/2003,2.419038,2.419038,2.242817,2.258837,43200,0.000,0.0,-,2.266487,2.164159,2.202366,2.254832,132320.00
07/10/2003,2.475109,2.507150,2.354958,2.370979,14500,0.000,0.0,-,2.267969,2.150542,2.209175,2.243618,131998.00
07/09/2003,2.242817,2.467099,2.242817,2.395008,465500,0.000,0.0,-,2.268610,2.135002,2.213981,2.222792,132728.00
07/08/2003,2.226797,2.298887,2.162716,2.258837,129200,0.000,0.0,-,2.269411,2.118661,2.216785,2.186747,124436.00
07/07/2003,2.274858,2.274858,2.178737,2.194757,85900,0.000,0.0,-,2.270933,2.102481,2.235208,2.165120,123164.00
07/03/2003,2.178738,2.242818,2.178738,2.218788,49500,0.000,0.0,-,2.272815,2.089345,2.256434,2.165921,124426.00
07/02/2003,2.242818,2.242818,2.162717,2.210777,116600,0.000,0.0,-,2.274617,2.075407,2.277661,2.154706,125864.00
07/01/2003,2.114657,2.226797,2.114657,2.210777,191200,0.000,0.0,-,2.276940,2.061950,2.292480,2.147497,130816.00
06/30/2003,2.362967,2.395008,2.066595,2.106646,875300,0.000,0.0,-,2.279303,2.045930,2.304495,2.137084,130078.00
06/27/2003,2.122666,2.322917,2.122666,2.322917,151800,0.000,0.0,-,2.281626,2.033114,2.311303,2.153105,114242.00
06/26/2003,2.202767,2.202767,2.098636,2.146696,67800,0.000,0.0,-,2.283028,2.014531,2.307298,2.149900,112640.00
06/25/2003,2.042566,2.170727,2.042566,2.162717,84100,0.000,0.0,-,2.285511,1.999952,2.310102,2.174732,112808.00
06/24/2003,2.026545,2.050575,2.018535,2.034555,58700,0.000,0.0,-,2.287994,1.985694,2.307298,2.205170,112260.00
06/23/2003,2.258838,2.258838,2.034556,2.042566,99200,0.000,0.0,-,2.291359,1.973519,2.312905,2.246822,112642.00
06/20/2003,2.186747,2.226797,2.138686,2.202767,48500,0.000,0.0,-,2.294362,1.962305,2.307298,2.305296,112300.00
06/19/2003,2.138686,2.162716,2.106646,2.106646,100200,0.000,0.0,-,2.296926,1.948207,2.291679,2.346948,112170.00
06/18/2003,2.082617,2.170727,2.082617,2.138687,116000,0.000,0.0,-,2.298808,1.936513,2.281666,2.400616,112208.00
06/17/2003,2.322917,2.322917,2.042565,2.106646,103300,0.000,0.0,-,2.300730,1.925299,2.271654,2.437462,113468.00
06/16/2003,2.306899,2.370979,2.082617,2.266848,80400,0.000,0.0,-,2.302933,1.916808,2.264845,2.471905,113520.00
06/13/2003,2.403018,2.427048,2.282867,2.290877,137500,0.000,0.0,-,2.304215,1.908638,2.251228,2.469502,113720.00
06/12/2003,2.443069,2.467099,2.362968,2.395008,141600,0.000,0.0,-,2.305456,1.901909,2.236810,2.464696,111806.00
06/11/2003,2.451078,2.467098,2.354958,2.467098,70100,0.000,0.0,-,2.306297,1.892778,2.213180,2.445472,113374.00
06/10/2003,2.619291,2.667351,2.419039,2.451079,233000,0.000,0.0,-,2.306538,1.878840,2.197561,2.409427,112630.00
06/09/2003,2.603271,2.643321,2.523170,2.627301,151500,0.000,0.0,-,2.307138,1.868267,2.183143,2.378989,108532.00
06/06/2003,2.643322,2.763473,2.579242,2.619292,91700,0.000,0.0,-,2.306938,1.855771,2.159513,2.309301,107824.00
06/05/2003,2.507149,2.643320,2.507149,2.643320,172700,0.000,0.0,-,2.306217,1.841834,2.134682,2.236409,106488.00
06/04/2003,2.451079,2.515159,2.403018,2.507149,174400,0.000,0.0,-,2.306017,1.831100,2.112654,2.162717,103760.00
06/03/2003,2.282868,2.467099,2.274858,2.451079,113900,0.000,0.0,-,2.306778,1.821648,2.079813,2.105845,100580.00
06/02/2003,2.242818,2.403019,2.242818,2.242818,114100,0.000,0.0,-,2.307659,1.815881,2.038961,2.057785,99448.00
05/30/2003,2.242818,2.322919,2.162717,2.242818,80100,0.000,0.0,-,2.309902,1.814119,2.009324,2.032954,97668.00
05/29/2003,2.122666,2.338938,2.122666,2.202767,69700,0.000,0.0,-,2.311504,1.812517,1.975682,2.008924,96946.00
05/28/2003,2.226796,2.234806,2.090625,2.106646,33400,0.000,0.0,-,2.313867,1.811556,1.944443,1.980889,95780.00
05/27/2003,1.906395,2.202767,1.906395,2.146696,145100,0.000,0.0,-,2.316350,1.812677,1.918811,1.985695,95840.00
05/23/2003,1.866344,1.930425,1.858334,1.930425,143700,0.000,0.0,-,2.320595,1.811716,1.890375,1.987297,93220.00
05/22/2003,1.922416,1.922416,1.842315,1.890375,140800,0.000,0.0,-,2.325722,1.816682,1.866345,2.009725,90684.00
05/21/2003,1.970475,2.002516,1.842314,1.906395,131600,0.000,0.0,-,2.329687,1.820687,1.848723,2.032954,88242.00
05/20/2003,1.938435,1.970475,1.898385,1.938435,150700,0.000,0.0,-,2.332891,1.824372,1.829498,2.062591,86200.00
05/19/2003,2.002516,2.042566,1.770224,1.970475,34100,0.000,0.0,-,2.336095,1.827416,1.809473,2.053780,83530.00
05/16/2003,1.962465,2.010526,1.922415,1.994506,32300,0.000,0.0,-,2.341381,1.831581,1.781438,2.020138,82972.00
05/15/2003,1.962465,2.066596,1.938435,2.002516,162000,0.000,0.0,-,2.346227,1.835586,1.755005,1.985695,82740.00
05/14/2003,2.162718,2.162718,1.890376,1.922416,57500,0.000,0.0,-,2.350833,1.838790,1.724566,1.942440,83158.00
05/13/2003,2.082616,2.154707,1.802264,2.154707,179500,0.000,0.0,-,2.356560,1.844397,1.699335,1.907997,82776.00
05/12/2003,2.162717,2.162717,2.082616,2.162717,98800,0.000,0.0,-,2.360485,1.845358,1.664090,1.851926,79430.00
05/09/2003,2.162717,2.234807,2.130677,2.154707,31600,0.000,0.0,-,2.363689,1.845679,1.627244,1.793453,77758.00
05/08/2003,2.362968,2.362968,2.090626,2.122667,262500,0.000,0.0,-,2.367134,1.846800,1.593602,1.722964,77344.00
05/07/2003,1.930425,2.282867,1.842314,2.202767,358300,0.000,0.0,-,2.369296,1.848402,1.562363,1.664491,72450.00
05/06/2003,1.634053,1.946446,1.634053,1.850325,114700,0.000,0.0,-,2.371459,1.849203,1.528320,1.596406,66386.00
05/05/2003,1.650073,1.658083,1.610023,1.634053,45200,0.000,0.0,-,2.375825,1.855932,1.514703,1.565166,64932.00
05/02/2003,1.602013,1.666093,1.602013,1.650073,46600,0.000,0.0,-,2.382073,1.869549,1.517106,1.542738,64506.00
05/01/2003,1.561962,1.577982,1.529922,1.569972,16400,0.000,0.0,-,2.389642,1.881083,1.527519,1.524315,63810.00
04/30/2003,1.634053,1.634053,1.561963,1.577983,27100,0.000,0.0,-,2.396010,1.893899,1.546743,1.506693,64114.00
04/29/2003,1.602013,1.618033,1.585992,1.594002,51000,0.000,0.0,-,2.404140,1.909118,1.564766,1.490673,63946.00
04/28/2003,1.481862,1.577983,1.481862,1.577983,50900,0.000,0.0,-,2.412190,1.922575,1.573577,1.476254,63490.00
04/25/2003,1.577982,1.602012,1.433801,1.449821,65600,0.000,0.0,-,2.419640,1.938275,1.590798,1.461035,62726.00
04/24/2003,1.553952,1.561962,1.481862,1.537932,149000,0.000,0.0,-,2.428931,1.954936,1.618433,1.464239,61870.00
04/23/2003,1.553952,1.553952,1.505892,1.521912,121400,0.000,0.0,-,2.439264,1.969835,1.637657,1.460234,59192.00
04/22/2003,1.409771,1.537932,1.401761,1.537932,364200,0.000,0.0,-,2.449637,1.986816,1.666894,1.460234,60374.00
04/21/2003,1.473851,1.489871,1.321660,1.409771,154300,0.000,0.0,-,2.459970,2.001715,1.691725,1.464239,53862.00
04/17/2003,1.441811,1.465841,1.401761,1.465841,83500,0.000,0.0,-,2.470944,2.020939,1.729373,1.491474,51138.00
04/16/2003,1.481861,1.521912,1.361710,1.393751,71700,0.000,0.0,-,2.482358,2.040003,1.763816,1.530723,49910.00
04/15/2003,1.409771,1.441811,1.385741,1.417781,76200,0.000,0.0,-,2.494614,2.061470,1.802264,1.586793,48906.00
04/14/2003,1.433801,1.465841,1.433801,1.449821,56700,0.000,0.0,-,2.507430,2.081976,1.839110,1.638859,47514.00
04/11/2003,1.513902,1.513902,1.401761,1.425791,77800,0.000,0.0,-,2.519605,2.102481,1.874755,1.670899,46734.00
04/10/2003,1.521912,1.585992,1.449821,1.481861,82100,0.000,0.0,-,2.530899,2.122186,1.908398,1.720562,45862.00
04/09/2003,1.481861,1.594002,1.481861,1.497882,42000,0.000,0.0,-,2.541313,2.142532,1.943241,1.772627,44528.00
04/08/2003,1.513902,1.553952,1.481861,1.521912,102100,0.000,0.0,-,2.553448,2.162236,1.972879,1.815081,43896.00
04/07/2003,1.746194,1.762214,1.553952,1.577983,179000,0.000,0.0,-,2.565423,2.180980,2.001314,1.873554,42452.00
04/04/2003,1.786244,1.858335,1.682113,1.682113,105900,0.000,0.0,-,2.576917,2.198282,2.026947,1.919211,39496.00
04/03/2003,1.930425,1.962465,1.826294,1.858334,90400,0.000,0.0,-,2.586970,2.215583,2.051778,1.967272,37998.00
04/02/2003,1.978486,2.082617,1.882365,1.954456,41800,0.000,0.0,-,2.597303,2.227759,2.068599,1.996909,36994.00
04/01/2003,1.770224,1.938435,1.762214,1.938435,220000,0.000,0.0,-,2.607075,2.238332,2.079012,2.017735,36484.00
03/31/2003,1.890375,1.914405,1.770224,1.770224,32900,0.000,0.0,-,2.616167,2.249386,2.092229,2.039362,32408.00
03/28/2003,2.002517,2.242819,1.882366,1.922416,28100,0.000,0.0,-,2.626139,2.266207,2.113856,2.078611,33522.00
03/27/2003,1.922415,2.002516,1.698133,2.002516,116100,0.000,0.0,-,2.635311,2.282387,2.126672,2.096233,34038.00
03/26/2003,2.082618,2.082618,1.922416,1.922416,24900,0.000,0.0,-,2.643521,2.295684,2.137085,2.113856,32960.00
03/25/2003,2.034555,2.146696,2.018535,2.106646,36300,0.000,0.0,-,2.651651,2.309621,2.151102,2.130677,32852.00
03/24/2003,2.162716,2.202766,2.026545,2.034555,15400,0.000,0.0,-,2.658700,2.319554,2.157911,2.129075,32444.00
03/21/2003,2.130677,2.202767,2.050576,2.162717,57300,0.000,0.0,-,2.665469,2.330608,2.165520,2.134682,32748.00
03/20/2003,2.122666,2.154707,2.066596,2.154707,25100,0.000,0.0,-,2.670875,2.338137,2.173130,2.136284,32138.00
03/19/2003,2.146697,2.162717,2.010526,2.162717,44000,0.000,0.0,-,2.677163,2.345507,2.176735,2.140289,32142.00
03/18/2003,2.122666,2.162717,2.106646,2.154707,11400,0.000,0.0,-,2.684132,2.356080,2.179138,2.140289,31408.00
03/17/2003,2.098636,2.242818,2.098636,2.162717,36400,0.000,0.0,-,2.692182,2.365211,2.188349,2.145095,31580.00
03/14/2003,2.202768,2.202768,2.098637,2.098637,14100,0.000,0.0,-,2.699992,2.375624,2.193556,2.149100,32132.00
03/13/2003,2.082617,2.178737,2.082617,2.178737,16900,0.000,0.0,-,2.708402,2.387319,2.206772,2.157110,33526.00
03/12/2003,2.090627,2.090627,2.058586,2.090627,18700,0.000,0.0,-,2.716493,2.397412,2.211979,2.160314,34110.00
03/11/2003,2.090627,2.090627,2.042566,2.090627,29500,0.000,0.0,-,2.724463,2.409907,2.221591,2.171528,34180.00
03/10/2003,2.146697,2.170727,2.090627,2.090627,17200,0.000,0.0,-,2.733114,2.424486,2.235608,2.186747,34262.00
03/07/2003,2.186747,2.210778,2.178737,2.178737,6200,0.000,0.0,-,2.741604,2.440025,2.245221,2.196359,34270.00
03/06/2003,2.154707,2.194757,2.154707,2.194757,20700,0.000,0.0,-,2.749935,2.453642,2.254833,2.209976,34908.00
03/05/2003,2.194757,2.210777,2.122667,2.162717,182900,0.000,0.0,-,2.758586,2.466619,2.266047,2.213180,36448.00
03/04/2003,2.186747,2.202767,2.130676,2.202767,38400,0.000,0.0,-,2.767517,2.480236,2.281266,2.217986,33274.00
03/03/2003,2.178736,2.210777,2.178736,2.202767,12200,0.000,0.0,-,2.775487,2.491290,2.293281,2.231603,33064.00
02/28/2003,2.186747,2.210778,2.178737,2.178737,15200,0.000,0.0,-,2.782175,2.503946,2.306898,2.238011,34798.00
02/27/2003,2.210777,2.210777,2.178737,2.210777,10900,0.000,0.0,-,2.789344,2.515640,2.318513,2.256434,35038.00
02/26/2003,2.226797,2.226797,2.170726,2.202767,17800,0.000,0.0,-,2.795512,2.525573,2.332931,2.263644,36136.00
02/25/2003,2.178737,2.298888,2.170727,2.242818,55100,0.000,0.0,-,2.801960,2.534384,2.346948,2.271654,37260.00
02/24/2003,2.322916,2.322916,2.178735,2.186745,42000,0.000,0.0,-,2.807567,2.539190,2.357762,2.284470,36934.00
02/21/2003,2.234808,2.322919,2.178738,2.314909,23900,0.000,0.0,-,2.813214,2.546399,2.370578,2.294082,37012.00
02/20/2003,2.194757,2.250828,2.194757,2.226798,11800,0.000,0.0,-,2.817259,2.548482,2.382193,2.299689,37084.00
02/19/2003,2.322918,2.395009,2.154707,2.210777,31600,0.000,0.0,-,2.823667,2.553928,2.394208,2.318913,37548.00
02/18/2003,2.306897,2.338937,2.258837,2.338937,18700,0.000,0.0,-,2.830236,2.559055,2.407825,2.344545,37218.00
02/14/2003,2.362969,2.403019,2.242818,2.266848,28200,0.000,0.0,-,2.836083,2.564982,2.415435,2.354959,37526.00
02/13/2003,2.282867,2.362968,2.282867,2.362968,12700,0.000,0.0,-,2.842571,2.570589,2.432656,2.375785,37312.00
02/12/2003,2.282869,2.290879,2.282869,2.282869,22800,0.000,0.0,-,2.849580,2.576837,2.451079,2.380591,37494.00
02/11/2003,2.346949,2.346949,2.282869,2.282869,15100,0.000,0.0,-,2.857229,2.581643,2.470303,2.402218,37350.00
02/10/2003,2.242818,2.370979,2.242818,2.370979,180500,0.000,0.0,-,2.865240,2.590775,2.487125,2.422243,38162.00
02/07/2003,2.370979,2.370979,2.266849,2.282869,38600,0.000,0.0,-,2.872769,2.594459,2.498739,2.431054,35312.00
02/06/2003,2.403019,2.411029,2.362969,2.370979,18100,0.000,0.0,-,2.880779,2.598785,2.513958,2.447074,35962.00
02/05/2003,2.467099,2.467099,2.411029,2.419039,22100,0.000,0.0,-,2.888349,2.599265,2.522369,2.464696,37182.00
02/04/2003,2.443068,2.467098,2.443068,2.467098,21500,0.000,0.0,-,2.895678,2.598945,2.527575,2.469502,37728.00
02/03/2003,2.459089,2.483119,2.443069,2.443069,6600,0.000,0.0,-,2.902526,2.597663,2.538789,2.471104,39392.00
01/31/2003,2.411029,2.483120,2.411029,2.475110,17700,0.000,0.0,-,2.909936,2.597503,2.547200,2.475910,40438.00
01/30/2003,2.499140,2.499140,2.411029,2.411029,34200,0.000,0.0,-,2.917185,2.596542,2.557613,2.489528,40978.00
01/29/2003,2.467098,2.499138,2.443068,2.499138,15400,0.000,0.0,-,2.924714,2.599426,2.571230,2.521568,40652.00
01/28/2003,2.483120,2.483120,2.443070,2.483120,10400,0.000,0.0,-,2.931563,2.601028,2.580442,2.538389,41202.00
01/27/2003,2.443070,2.523171,2.443070,2.459090,29900,0.000,0.0,-,2.938011,2.602630,2.592056,2.552006,42262.00
01/24/2003,2.531180,2.531180,2.443069,2.443069,31200,0.000,0.0,-,2.945340,2.603431,2.610079,2.566424,42660.00
01/23/2003,2.499140,2.571231,2.467100,2.547200,31000,0.000,0.0,-,2.952910,2.601829,2.631306,2.580842,42772.00
01/22/2003,2.467098,2.539189,2.403018,2.467098,40200,0.000,0.0,-,2.959718,2.598945,2.646925,2.580041,44086.00
01/21/2003,2.523170,2.523170,2.451080,2.483120,16300,0.000,0.0,-,2.966286,2.601508,2.665749,2.585648,44560.00
01/17/2003,2.627300,2.627300,2.475109,2.491129,16200,0.000,0.0,-,2.971853,2.603911,2.683772,2.606474,45596.00
01/16/2003,2.723422,2.723422,2.563221,2.611281,88600,0.000,0.0,-,2.977661,2.606795,2.696988,2.618490,48340.00
01/15/2003,2.675360,2.763471,2.667350,2.731431,53900,0.000,0.0,-,2.983508,2.610479,2.708202,2.625699,46966.00
01/14/2003,2.643320,2.699391,2.627300,2.667351,62200,0.000,0.0,-,2.986592,2.610159,2.709804,2.620893,46574.00
01/13/2003,2.603272,2.699393,2.603272,2.619292,19500,0.000,0.0,-,2.989516,2.609678,2.711807,2.622495,45564.00
01/10/2003,2.619290,2.643321,2.555210,2.603270,15900,0.000,0.0,-,2.992960,2.609198,2.713008,2.632107,45544.00
01/09/2003,2.563220,2.627301,2.563220,2.587250,30600,0.000,0.0,-,2.996565,2.609038,2.707001,2.653734,45758.00
01/08/2003,2.523169,2.579240,2.515159,2.539190,26800,0.000,0.0,-,3.000049,2.610159,2.704998,2.681769,45522.00
01/07/2003,2.659340,2.659340,2.507149,2.523170,25300,0.000,0.0,-,3.003413,2.615125,2.698991,2.713809,45874.00
01/06/2003,2.627300,2.707401,2.627300,2.691381,7300,0.000,0.0,-,3.006377,2.613043,2.697789,2.745850,46400.00
01/03/2003,2.651331,2.651331,2.579241,2.611281,20000,0.000,0.0,-,3.008379,2.607916,2.686575,2.761069,47254.00
01/02/2003,2.659341,2.683371,2.595260,2.683371,64000,0.000,0.0,-,3.010742,2.602309,2.687777,2.775487,47632.00
12/31/2002,2.699391,2.755462,2.643321,2.683371,83800,0.000,0.0,-,3.012545,2.595100,2.680968,2.790706,46528.00
12/30/2002,2.699391,2.739441,2.651331,2.683371,46100,0.000,0.0,-,3.014387,2.587891,2.680568,2.798716,45820.00
12/27/2002,2.843573,2.843573,2.715412,2.715412,22200,0.000,0.0,-,3.015989,2.578119,2.672558,2.801119,45316.00
12/26/2002,2.883622,2.883622,2.739441,2.819541,33600,0.000,0.0,-,3.018031,2.566744,2.673759,2.793910,45546.00
12/24/2002,2.859593,2.867603,2.811532,2.867603,17600,0.000,0.0,-,3.019553,2.554729,2.660543,2.760268,45840.00
12/23/2002,2.803522,2.867602,2.803522,2.859592,38100,0.000,0.0,-,3.021676,2.540151,2.642119,2.728228,45786.00
12/20/2002,2.843574,2.843574,2.787503,2.843574,97700,0.000,0.0,-,3.023679,2.526854,2.618890,2.684172,45512.00
12/19/2002,2.763473,2.843574,2.739443,2.843574,24200,0.000,0.0,-,3.025481,2.513397,2.596862,2.649729,44348.00
12/18/2002,2.827552,2.843573,2.747452,2.755462,27900,0.000,0.0,-,3.027283,2.498979,2.574835,2.612081,44990.00
12/17/2002,2.739441,2.867602,2.723421,2.835562,98900,0.000,0.0,-,3.029125,2.487925,2.558814,2.600066,46216.00
12/16/2002,2.667350,2.763471,2.667350,2.763471,27200,0.000,0.0,-,3.031689,2.474789,2.538389,2.571230,45762.00
12/13/2002,2.603271,2.707402,2.563220,2.707402,65800,0.000,0.0,-,3.033811,2.463735,2.527976,2.562419,46658.00
12/12/2002,2.483119,2.675361,2.467099,2.643320,74000,0.000,0.0,-,3.036294,2.456206,2.521568,2.543996,46250.00
12/11/2002,2.571231,2.579241,2.467100,2.483120,38800,0.000,0.0,-,3.038697,2.450118,2.517563,2.553608,45830.00
12/10/2002,2.443070,2.603271,2.403019,2.547200,45900,0.000,0.0,-,3.041781,2.447555,2.518364,2.560817,47652.00
12/09/2002,2.531180,2.563220,2.403019,2.419039,27500,0.000,0.0,-,3.044665,2.445312,2.509152,2.556011,47806.00
12/06/2002,2.547199,2.643319,2.499138,2.499138,35000,0.000,0.0,-,3.047108,2.445792,2.508351,2.553608,48350.00
12/05/2002,2.603270,2.603270,2.451078,2.467098,15100,0.000,0.0,-,3.049151,2.446113,2.513157,2.543996,48356.00
12/04/2002,2.523170,2.659341,2.523170,2.635311,34100,0.000,0.0,-,3.052234,2.448836,2.519966,2.537588,48884.00
12/03/2002,2.627301,2.643321,2.499140,2.547200,17500,0.000,0.0,-,3.054678,2.447234,2.519966,2.517563,49730.00
12/02/2002,2.523171,2.675362,2.483120,2.675362,21800,0.000,0.0,-,3.058042,2.446273,2.532381,2.505548,50606.00
11/29/2002,2.691381,2.723421,2.483119,2.523170,15600,0.000,0.0,-,3.060765,2.443870,2.534384,2.493532,52032.00
11/27/2002,2.555210,2.739442,2.483120,2.739442,55700,0.000,0.0,-,3.064330,2.444671,2.540391,2.499140,52996.00
11/26/2002,2.523171,2.555211,2.483120,2.555211,38000,0.000,0.0,-,3.066412,2.441307,2.533182,2.481517,52318.00
11/25/2002,2.370978,2.547199,2.362967,2.499138,71100,0.000,0.0,-,3.069256,2.441787,2.535185,2.475910,52004.00
11/22/2002,2.403018,2.443069,2.362968,2.395008,79100,0.000,0.0,-,3.073181,2.445312,2.542394,2.462293,51096.00
11/21/2002,2.403018,2.403018,2.362968,2.403018,49400,0.000,0.0,-,3.076825,2.451079,2.562018,2.463094,49944.00
11/20/2002,2.411029,2.443069,2.395008,2.403018,104700,0.000,0.0,-,3.081031,2.454443,2.562819,2.482318,49820.00
11/19/2002,2.435059,2.523170,2.427049,2.435059,58900,0.000,0.0,-,3.085196,2.458448,2.564421,2.502343,47988.00
11/18/2002,2.595260,2.603270,2.411029,2.427049,44700,0.000,0.0,-,3.088881,2.462614,2.559215,2.522369,47534.00
11/15/2002,2.571231,2.643321,2.547201,2.555211,17900,0.000,0.0,-,3.093006,2.467259,2.554008,2.559215,47438.00
11/14/2002,2.563221,2.683372,2.443070,2.579241,42900,0.000,0.0,-,3.097051,2.470303,2.542394,2.575235,47446.00
11/13/2002,2.467099,2.595260,2.443069,2.563220,63400,0.000,0.0,-,3.100655,2.471585,2.523169,2.581643,47038.00
11/12/2002,2.395008,2.499138,2.395008,2.499138,49800,0.000,0.0,-,3.103619,2.474629,2.502343,2.584847,47762.00
11/11/2002,2.403018,2.427048,2.362968,2.362968,36800,0.000,0.0,-,3.106543,2.474308,2.488326,2.594459,47558.00
11/08/2002,2.515159,2.515159,2.370978,2.403018,96700,0.000,0.0,-,3.110307,2.477512,2.477112,2.622494,47288.00
11/07/2002,2.595260,2.611280,2.579240,2.595260,63900,0.000,0.0,-,3.113912,2.480396,2.466699,2.660943,48290.00
11/06/2002,2.643321,2.643321,2.555210,2.603270,68100,0.000,0.0,-,3.116916,2.478954,2.445472,2.643321,48806.00
11/05/2002,2.787502,2.787502,2.603271,2.635311,153400,0.000,0.0,-,3.119599,2.477673,2.421442,2.626500,48216.00
11/04/2002,2.715412,2.795512,2.683371,2.795512,19900,0.000,0.0,-,3.122443,2.476231,2.399815,2.596061,46576.00
11/01/2002,2.643321,2.755462,2.635311,2.715412,34300,0.000,0.0,-,3.123324,2.470624,2.368976,2.548802,47262.00
10/31/2002,2.563220,2.659340,2.531180,2.643320,11700,0.000,0.0,-,3.126768,2.467740,2.343744,2.509552,47646.00
10/30/2002,2.587250,2.627300,2.507149,2.595260,18500,0.000,0.0,-,3.130373,2.466619,2.328125,2.464696,48152.00
10/29/2002,2.587250,2.595260,2.411028,2.595260,26600,0.000,0.0,-,3.134217,2.464216,2.315308,2.419840,53364.00
10/28/2002,2.787501,2.787501,2.643320,2.643320,18800,0.000,0.0,-,3.137341,2.464376,2.303293,2.382192,53896.00
10/25/2002,2.483119,2.787501,2.411028,2.787501,44400,0.000,0.0,-,3.140545,2.464696,2.292880,2.331729,55126.00
10/24/2002,2.403019,2.467099,2.403019,2.419039,51600,0.000,0.0,-,3.143830,2.461492,2.275659,2.272455,55600.00
10/23/2002,2.322919,2.443069,2.322919,2.435059,50000,0.000,0.0,-,3.149557,2.466939,2.280465,2.247623,56208.00
10/22/2002,2.322918,2.362968,2.282868,2.330928,38900,0.000,0.0,-,3.153802,2.469502,2.288875,2.216384,55922.00
10/21/2002,2.322917,2.338937,2.282867,2.322917,8800,0.000,0.0,-,3.158168,2.476391,2.300089,2.203568,57352.00
10/18/2002,2.202766,2.403018,2.178736,2.322917,48400,0.000,0.0,-,3.162693,2.481998,2.308901,2.189150,59298.00
10/17/2002,2.146697,2.194757,2.138687,2.194757,20900,0.000,0.0,-,3.165977,2.495455,2.320515,2.177936,58656.00
10/16/2002,2.162716,2.162716,2.122666,2.146696,33700,0.000,0.0,-,3.169622,2.510674,2.338938,2.191553,59294.00
10/15/2002,2.162718,2.322919,2.162718,2.218788,48300,0.000,0.0,-,3.173707,2.521408,2.360165,2.210777,59220.00
10/14/2002,2.194758,2.234808,2.138687,2.138687,14900,0.000,0.0,-,3.177071,2.527976,2.378188,2.224394,59238.00
10/11/2002,2.162717,2.234807,2.162717,2.194757,24400,0.000,0.0,-,3.180115,2.536787,2.405021,2.254032,60022.00
10/10/2002,2.122667,2.202767,2.122667,2.170727,39500,0.000,0.0,-,3.182678,2.553448,2.429452,2.278863,61452.00
10/09/2002,2.162717,2.370978,2.122667,2.122667,56300,0.000,0.0,-,3.185001,2.569308,2.449477,2.313306,63296.00
10/08/2002,2.162716,2.202767,2.122666,2.202767,89200,0.000,0.0,-,3.187565,2.585328,2.473507,2.361367,63230.00
10/07/2002,2.202768,2.266848,2.162717,2.178737,76200,0.000,0.0,-,3.189807,2.602630,2.495535,2.396611,63530.00
10/04/2002,2.330928,2.338938,2.210777,2.210777,72000,0.000,0.0,-,3.191850,2.617849,2.519565,2.428651,63250.00
10/03/2002,2.346948,2.362968,2.322918,2.330928,45400,0.000,0.0,-,3.193812,2.629704,2.544397,2.463094,62696.00
10/02/2002,2.346947,2.411028,2.338937,2.338937,53000,0.000,0.0,-,3.195094,2.639957,2.560016,2.486324,63008.00
10/01/2002,2.435060,2.443070,2.338939,2.354959,129900,0.000,0.0,-,3.196215,2.644282,2.578840,2.509553,64870.00
09/30/2002,2.403019,2.443069,2.403019,2.435059,53600,0.000,0.0,-,3.197457,2.649889,2.585248,2.531981,63480.00
09/27/2002,2.499140,2.499140,2.435059,2.443069,54700,0.000,0.0,-,3.198298,2.655656,2.589653,2.556011,65900.00
09/26/2002,2.643321,2.643321,2.451079,2.515160,35300,0.000,0.0,-,3.199099,2.664467,2.594860,2.580041,66090.00
09/25/2002,2.483119,2.603270,2.483119,2.603270,41500,0.000,0.0,-,3.199860,2.677444,2.595260,2.585648,66800.00
09/24/2002,2.499140,2.587251,2.483120,2.555211,76400,0.000,0.0,-,3.200661,2.682250,2.592056,2.585648,67616.00
09/23/2002,2.563219,2.579239,2.499138,2.499138,61300,0.000,0.0,-,3.201422,2.695226,2.592457,2.594459,68100.00
09/20/2002,2.635311,2.643321,2.523171,2.555211,93100,0.000,0.0,-,3.202263,2.709324,2.593258,2.610480,69538.00
09/19/2002,2.635310,2.635310,2.555210,2.563220,63800,0.000,0.0,-,3.203104,2.719577,2.594059,2.625699,70406.00
09/18/2002,2.547200,2.635311,2.547200,2.571230,21800,0.000,0.0,-,3.203505,2.734475,2.595260,2.633709,71576.00
09/17/2002,2.667352,2.667352,2.563221,2.579241,22300,0.000,0.0,-,3.204265,2.755141,2.590454,2.648127,72704.00
09/16/2002,2.683372,2.683372,2.563221,2.675362,25700,0.000,0.0,-,3.205107,2.775487,2.591656,2.638515,75886.00
09/13/2002,2.571230,2.723421,2.571230,2.683371,21500,0.000,0.0,-,3.204746,2.794070,2.590855,2.623296,75764.00
09/12/2002,2.571230,2.611280,2.547200,2.571230,43200,0.000,0.0,-,3.204546,2.812493,2.588051,2.609678,77170.00
09/11/2002,2.683371,2.723421,2.579240,2.603270,13100,0.000,0.0,-,3.204466,2.836043,2.594059,2.604872,77878.00
09/10/2002,2.699391,2.707401,2.507149,2.643320,36200,0.000,0.0,-,3.204426,2.860874,2.592056,2.598464,79194.00
09/09/2002,2.723421,2.755461,2.563220,2.659341,39900,0.000,0.0,-,3.203224,2.887628,2.593658,2.590454,104634.00
09/06/2002,2.643321,2.707402,2.579240,2.707402,18300,0.000,0.0,-,3.202023,2.912138,2.590855,2.576036,113270.00
09/05/2002,2.723421,2.723421,2.643320,2.643320,22500,0.000,0.0,-,3.200501,2.931683,2.605273,2.562419,116632.00
09/04/2002,2.483120,2.715412,2.483120,2.715412,99600,0.000,0.0,-,3.199179,2.950106,2.620893,2.556812,122834.00
09/03/2002,2.523170,2.523170,2.443070,2.483120,39600,0.000,0.0,-,3.197817,2.974296,2.619291,2.532782,122556.00
08/30/2002,2.531180,2.587250,2.491129,2.523170,23300,0.000,0.0,-,3.197577,3.002973,2.622495,2.544797,123618.00
08/29/2002,2.483120,2.563221,2.459090,2.547200,146800,0.000,0.0,-,3.197257,3.030047,2.625298,2.558414,124866.00
08/28/2002,2.523170,2.539190,2.459089,2.523170,89700,0.000,0.0,-,3.196536,3.052955,2.649328,2.566424,123780.00
08/27/2002,2.547200,2.603270,2.451079,2.539190,38600,0.000,0.0,-,3.195855,3.080990,2.671356,2.583245,129862.00
08/26/2002,2.515159,2.619290,2.507149,2.563220,71400,0.000,0.0,-,3.194894,3.108385,2.690580,2.585648,132762.00
08/23/2002,2.563220,2.603271,2.515160,2.515160,54200,0.000,0.0,-,3.193812,3.132255,2.715812,2.596862,132140.00
08/22/2002,2.603270,2.667351,2.571230,2.571230,53500,0.000,0.0,-,3.193131,3.157246,2.737038,2.605673,132916.00
08/21/2002,2.523170,2.619290,2.523170,2.587250,37000,0.000,0.0,-,3.192250,3.180956,2.748653,2.648127,132934.00
08/20/2002,2.563220,2.595261,2.242818,2.475110,279100,0.000,0.0,-,3.191529,3.202103,2.761469,2.684973,132882.00
08/19/2002,2.627300,2.707401,2.603270,2.603270,53200,0.000,0.0,-,3.191449,3.223570,2.765474,2.705799,127758.00
08/16/2002,2.619290,2.763472,2.603270,2.659341,80300,0.000,0.0,-,3.189647,3.241833,2.767076,2.700192,126908.00
08/15/2002,2.691381,2.691381,2.587250,2.627301,68100,0.000,0.0,-,3.186683,3.256411,2.770280,2.692182,126018.00
08/14/2002,2.803521,2.803521,2.603270,2.691381,82000,0.000,0.0,-,3.184120,3.268746,2.783096,2.732232,125770.00
08/13/2002,2.707401,2.731431,2.563220,2.563220,35700,0.000,0.0,-,3.180916,3.283165,2.806726,2.759467,125098.00
08/12/2002,2.547201,2.675362,2.459090,2.675362,110400,0.000,0.0,-,3.178273,3.303030,2.820744,2.795512,125010.00
08/09/2002,2.923673,2.963723,2.403019,2.603270,106100,0.000,0.0,-,3.174548,3.324817,2.847177,2.834761,123192.00
08/08/2002,2.891632,2.995763,2.883622,2.995763,16300,0.000,0.0,-,3.171024,3.347245,2.877215,2.868403,121692.00
08/07/2002,2.683371,3.003774,2.683371,2.955714,52800,0.000,0.0,-,3.165537,3.362945,2.880819,2.849179,121940.00
08/06/2002,2.563220,2.683371,2.539190,2.683371,30000,0.000,0.0,-,3.160050,3.379766,2.898441,2.837965,122278.00
08/05/2002,2.619291,2.619291,2.547200,2.547200,49200,0.000,0.0,-,3.155805,3.399791,2.944499,2.825149,123562.00
08/02/2002,3.003774,3.027805,2.555211,2.579241,54100,0.000,0.0,-,3.152681,3.425263,2.996965,2.833960,123652.00
08/01/2002,2.963723,3.027803,2.867602,3.027803,95900,0.000,0.0,-,3.149797,3.449453,3.048229,2.848378,124450.00
07/31/2002,2.683370,3.131934,2.451079,2.963723,131700,0.000,0.0,-,3.144791,3.465794,3.077065,2.833960,124148.00
07/30/2002,3.107905,3.107905,2.883623,2.923674,53000,0.000,0.0,-,3.140305,3.485018,3.116315,2.853985,123924.00
07/29/2002,2.883621,3.083873,2.883621,3.067853,104200,0.000,0.0,-,3.136100,3.505524,3.162373,2.845975,126704.00
07/26/2002,2.883622,3.067854,2.883622,2.939693,62200,0.000,0.0,-,3.131294,3.520102,3.208030,2.859593,127262.00
07/25/2002,2.803521,2.803521,2.611279,2.803521,44300,0.000,0.0,-,3.127809,3.532117,3.255290,2.886026,132342.00
07/24/2002,2.539191,2.843574,2.451080,2.843574,61000,0.000,0.0,-,3.125607,3.548298,3.299345,2.912459,138838.00
07/23/2002,2.683372,2.723422,2.002516,2.555211,146100,0.000,0.0,-,3.123124,3.560313,3.335390,2.958917,138368.00
07/22/2002,2.731432,2.739442,2.635311,2.635311,60400,0.000,0.0,-,3.122282,3.579056,3.403876,3.063849,136652.00
07/19/2002,2.819542,2.819542,2.579240,2.723421,174600,0.000,0.0,-,3.120881,3.593635,3.467957,3.159970,137018.00
07/18/2002,3.188005,3.188005,2.883623,2.883623,64200,0.000,0.0,-,3.119399,3.605490,3.525629,3.248080,136066.00
07/17/2002,2.843573,3.163975,2.843573,3.163975,70800,0.000,0.0,-,3.117156,3.610296,3.566080,3.320171,137228.00
07/16/2002,3.139946,3.139946,2.843574,2.843574,82300,0.000,0.0,-,3.113431,3.617184,3.604128,3.378644,137148.00
07/15/2002,3.204025,3.204025,2.923673,3.204025,100600,0.000,0.0,-,3.110187,3.630801,3.657395,3.478770,137312.00
07/12/2002,3.123924,3.204025,3.043824,3.204025,133200,0.000,0.0,-,3.103379,3.636889,3.685029,3.556468,136890.00
07/11/2002,3.276114,3.276114,2.915662,3.067853,136500,0.000,0.0,-,3.096490,3.644098,3.713065,3.624553,138036.00
07/10/2002,3.540448,3.540448,3.244076,3.308156,122300,0.000,0.0,-,3.090162,3.658036,3.747508,3.686231,138004.00
07/09/2002,3.604527,3.604527,3.508406,3.604527,78200,0.000,0.0,-,3.082232,3.668128,3.764329,3.711863,138078.00
07/08/2002,3.564477,3.644578,3.564477,3.596517,181400,0.000,0.0,-,3.073741,3.673735,3.761526,3.743903,139792.00
07/05/2002,3.612537,3.636567,3.588507,3.604527,19600,0.000,0.0,-,3.067774,3.679342,3.757520,3.775944,137228.00
07/03/2002,3.604527,3.684627,3.564476,3.604527,91800,0.000,0.0,-,3.062047,3.684949,3.746707,3.803178,139940.00
07/02/2002,3.844833,3.844833,3.724682,3.748712,78600,0.000,0.0,-,3.056720,3.690556,3.728684,3.811989,140316.00
07/01/2002,3.981004,3.981004,3.780752,3.844833,78900,0.000,0.0,-,3.050713,3.693280,3.711863,3.829611,140940.00
06/28/2002,3.884880,3.981001,3.844830,3.981001,1308200,0.000,0.0,-,3.044585,3.693120,3.697445,3.836019,141342.00
06/27/2002,3.644579,3.948961,3.596519,3.884881,471700,0.000,0.0,-,3.037896,3.691998,3.686631,3.813591,117138.00
06/26/2002,3.564478,3.684629,3.524428,3.684629,186400,0.000,0.0,-,3.031689,3.692799,3.678621,3.801576,115052.00
06/25/2002,3.924929,4.005030,3.556467,3.564476,332600,0.000,0.0,-,3.026883,3.697445,3.683427,3.808785,115936.00
06/24/2002,3.932940,3.932940,3.844830,3.924931,85700,0.000,0.0,-,3.023118,3.703533,3.695042,3.816795,116310.00
06/21/2002,3.884881,3.940951,3.860851,3.916921,92700,0.000,0.0,-,3.017351,3.700489,3.683027,3.779148,120478.00
06/20/2002,3.724679,3.948961,3.724679,3.876870,85700,0.000,0.0,-,3.011704,3.700649,3.678221,3.739097,121964.00
06/19/2002,3.892889,3.892889,3.644577,3.692637,92500,0.000,0.0,-,3.006257,3.702251,3.673816,3.690236,127728.00
06/18/2002,3.908910,3.956971,3.868860,3.924931,393800,0.000,0.0,-,3.002051,3.706577,3.681425,3.645380,136424.00
06/17/2002,3.756721,3.981003,3.748711,3.908912,183600,0.000,0.0,-,2.996685,3.703693,3.681425,3.594115,136162.00
06/14/2002,3.764731,3.772741,3.724681,3.756721,40300,0.000,0.0,-,2.991358,3.697445,3.683428,3.558871,136948.00
06/13/2002,3.756719,3.804779,3.732689,3.764729,93000,0.000,0.0,-,2.986993,3.695362,3.685430,3.559672,139484.00
06/12/2002,3.644580,3.804781,3.588510,3.756721,54400,0.000,0.0,-,2.982587,3.695683,3.674216,3.555667,150948.00
06/11/2002,3.564478,3.684629,3.548458,3.644579,34400,0.000,0.0,-,2.978542,3.687513,3.667007,3.558070,154344.00
06/10/2002,3.484376,3.564477,3.484376,3.548457,22900,0.000,0.0,-,2.974737,3.679663,3.656994,3.573289,154644.00
06/07/2002,3.364224,3.516415,3.364224,3.516415,10700,0.000,0.0,-,2.971573,3.674857,3.654191,3.586906,156548.00
06/06/2002,3.252085,3.452337,3.244075,3.388256,35800,0.000,0.0,-,2.968609,3.671012,3.646581,3.617345,160576.00
06/05/2002,3.388256,3.388256,3.244075,3.244075,55700,0.000,0.0,-,2.966086,3.668929,3.642977,3.657395,164084.00
06/04/2002,3.564480,3.564480,3.396268,3.412289,48400,0.000,0.0,-,2.964685,3.668289,3.636969,3.717471,168738.00
06/03/2002,3.788761,3.788761,3.524428,3.556469,31300,0.000,0.0,-,2.963643,3.662361,3.641775,3.768735,168050.00
05/31/2002,3.708659,3.764729,3.692639,3.764729,19500,0.000,0.0,-,2.962402,3.653069,3.640173,3.807984,168128.00
05/30/2002,3.780748,3.788758,3.636567,3.724678,31100,0.000,0.0,-,2.961200,3.639452,3.627357,3.811188,168108.00
05/29/2002,3.788761,3.796771,3.684630,3.780751,28700,0.000,0.0,-,2.958997,3.625835,3.619347,3.792765,167856.00
05/28/2002,3.684630,3.796771,3.684630,3.796771,69700,0.000,0.0,-,2.955873,3.611257,3.618546,3.775944,167606.00
05/24/2002,3.812790,3.924931,3.684629,3.684629,94200,0.000,0.0,-,2.952910,3.595397,3.619347,3.740700,167114.00
05/23/2002,3.772740,3.820801,3.764730,3.820801,53700,0.000,0.0,-,2.950026,3.584183,3.629360,3.721476,165678.00
05/22/2002,3.844832,3.844832,3.764731,3.788762,94000,0.000,0.0,-,2.946101,3.570245,3.632163,3.675818,166458.00
05/21/2002,3.924934,3.924934,3.812793,3.844833,80800,0.000,0.0,-,2.942016,3.560313,3.636969,3.628559,165584.00
05/20/2002,3.932940,3.932940,3.836820,3.924931,120500,0.000,0.0,-,2.937570,3.548618,3.638971,3.556468,165220.00
05/17/2002,3.844829,3.989010,3.804778,3.948959,192000,0.000,0.0,-,2.932564,3.534200,3.636969,3.514815,164530.00
05/16/2002,3.604529,3.804781,3.564479,3.796771,132100,0.000,0.0,-,2.927037,3.519301,3.631362,3.472362,163876.00
05/15/2002,3.420296,3.604528,3.324176,3.540447,316200,0.000,0.0,-,2.922912,3.505844,3.637770,3.443526,164100.00
05/14/2002,3.484375,3.644577,3.444325,3.612537,369100,0.000,0.0,-,2.919828,3.502000,3.656994,3.445929,161718.00
05/13/2002,3.460349,3.460349,3.420298,3.444329,37500,0.000,0.0,-,2.916904,3.493509,3.672213,3.461148,156114.00
05/10/2002,3.364226,3.516417,3.300145,3.492387,60300,0.000,0.0,-,2.914622,3.488703,3.693440,3.497994,156908.00
05/09/2002,3.300146,3.364226,3.292136,3.364226,78700,0.000,0.0,-,2.911217,3.481334,3.707458,3.537244,156640.00
05/08/2002,3.188005,3.316166,3.123925,3.316166,127000,0.000,0.0,-,2.908173,3.476047,3.735493,3.588508,155934.00
05/07/2002,3.564479,3.580499,3.123925,3.123925,122300,0.000,0.0,-,2.904809,3.472202,3.767533,3.645379,155458.00
05/06/2002,3.524428,3.652589,3.476367,3.508408,66800,0.000,0.0,-,2.902246,3.467877,3.806782,3.721475,153900.00
05/03/2002,3.492386,3.644577,3.444325,3.524426,90500,0.000,0.0,-,2.897961,3.455862,3.820400,3.759122,154768.00
05/02/2002,3.564478,3.580498,3.508408,3.508408,79500,0.000,0.0,-,2.893155,3.447051,3.824004,3.790362,155864.00
05/01/2002,3.764728,3.764728,3.508406,3.564476,190500,0.000,0.0,-,2.888028,3.439361,3.831213,3.832014,155826.00
04/30/2002,3.844830,3.844830,3.724679,3.764729,134900,0.000,0.0,-,2.883262,3.432472,3.842027,3.868060,153136.00
04/29/2002,3.900900,3.924931,3.684629,3.812790,126000,0.000,0.0,-,2.877695,3.421579,3.821201,3.883279,150970.00
04/26/2002,3.820801,3.892891,3.820801,3.884881,163900,0.000,0.0,-,2.872649,3.410044,3.793165,3.888886,150352.00
04/25/2002,3.836820,3.876870,3.764729,3.876870,53200,0.000,0.0,-,2.867723,3.395466,3.764329,3.877672,151480.00
04/24/2002,3.884881,3.884881,3.860851,3.884881,155200,0.000,0.0,-,2.862877,3.380407,3.736695,3.882478,157354.00
04/23/2002,3.884881,3.892891,3.844831,3.884881,110600,0.000,0.0,-,2.858111,3.368392,3.706657,3.889687,156026.00
04/22/2002,3.804780,3.908911,3.724680,3.884881,109800,0.000,0.0,-,2.853184,3.353173,3.673015,3.892090,154958.00
04/19/2002,3.924932,3.924932,3.828811,3.836821,99000,0.000,0.0,-,2.848338,3.340356,3.634566,3.881677,153474.00
04/18/2002,3.924931,3.924931,3.860850,3.924931,98000,0.000,0.0,-,2.843733,3.328341,3.597319,3.857646,152276.00
04/17/2002,3.924931,3.989011,3.884880,3.924931,367400,0.000,0.0,-,2.838806,3.313282,3.555267,3.830412,151434.00
04/16/2002,3.804780,3.924931,3.644579,3.916921,230600,0.000,0.0,-,2.833520,3.299826,3.511211,3.815994,145020.00
04/15/2002,3.804779,3.884880,3.708659,3.868860,351300,0.000,0.0,-,2.828353,3.288772,3.467957,3.759123,140988.00
04/12/2002,3.956972,3.989012,3.684630,3.772741,294100,0.000,0.0,-,2.823387,3.277397,3.424703,3.697445,136486.00
04/11/2002,3.948961,3.956971,3.884880,3.924931,167000,0.000,0.0,-,2.819021,3.265062,3.392262,3.650987,131994.00
04/10/2002,3.908911,3.964981,3.884880,3.956971,373900,0.000,0.0,-,2.813615,3.248241,3.352212,3.590911,129288.00
04/09/2002,3.804781,3.997023,3.804781,3.908912,527300,0.000,0.0,-,2.808648,3.231420,3.318970,3.523627,122378.00
04/08/2002,3.596519,3.780751,3.572489,3.780751,380700,0.000,0.0,-,2.803923,3.215720,3.286529,3.453939,112476.00
04/05/2002,3.644578,3.692638,3.572487,3.596517,222900,0.000,0.0,-,2.800278,3.204025,3.257693,3.387456,105118.00
04/04/2002,3.740700,3.756720,3.604529,3.652589,167100,0.000,0.0,-,2.797715,3.194894,3.238068,3.336992,101514.00
04/03/2002,3.324177,3.780751,3.324177,3.780751,666200,0.000,0.0,-,2.795272,3.185922,3.211635,3.280121,100204.00
04/02/2002,3.244075,3.356216,3.244075,3.348205,224200,0.000,0.0,-,2.791867,3.169742,3.190007,3.206428,93920.00
04/01/2002,3.340196,3.340196,3.244075,3.252085,49400,0.000,0.0,-,2.791187,3.170864,3.181997,3.176791,89610.00
03/28/2002,3.340197,3.356217,3.228056,3.308156,118100,0.000,0.0,-,2.790946,3.173106,3.179594,3.151960,89042.00
03/27/2002,3.324176,3.404277,3.268106,3.324176,212100,0.000,0.0,-,2.790185,3.174228,3.170383,3.133537,88120.00
03/26/2002,3.236065,3.348206,3.204025,3.284126,211200,0.000,0.0,-,2.788783,3.172145,3.159169,3.113512,85944.00
03/25/2002,3.123925,3.212035,3.091884,3.212035,288400,0.000,0.0,-,2.786100,3.172145,3.151159,3.114313,83318.00
03/22/2002,3.091885,3.123925,3.091885,3.115915,14000,0.000,0.0,-,2.784058,3.176791,3.135940,3.119119,78814.00
03/21/2002,3.059844,3.115915,3.059844,3.091884,35200,0.000,0.0,-,2.782976,3.185762,3.125527,3.127929,83604.00
03/20/2002,3.003773,3.083874,3.003773,3.083874,18500,0.000,0.0,-,2.782816,3.189607,3.125126,3.139144,84234.00
03/19/2002,3.051834,3.059844,3.003773,3.043823,18500,0.000,0.0,-,2.783216,3.192010,3.127129,3.143149,85224.00
03/18/2002,3.027804,3.115915,3.027804,3.051834,16200,0.000,0.0,-,2.784979,3.195695,3.135940,3.173587,88176.00
03/15/2002,3.107905,3.163975,3.003774,3.003774,45100,0.000,0.0,-,2.784258,3.194253,3.144350,3.187204,88468.00
03/14/2002,3.163975,3.163975,3.123925,3.123925,22400,0.000,0.0,-,2.783096,3.192651,3.155965,3.207229,88912.00
03/13/2002,3.284126,3.316167,3.083875,3.123925,92700,0.000,0.0,-,2.780894,3.189447,3.157567,3.207229,92122.00
03/12/2002,3.244074,3.324175,3.204024,3.292135,50300,0.000,0.0,-,2.778450,3.184801,3.157567,3.204826,91872.00
03/11/2002,3.236065,3.284126,3.212035,3.260096,62600,0.000,0.0,-,2.774606,3.173907,3.157166,3.188005,93062.00
03/08/2002,3.188005,3.236065,3.083874,3.204025,86000,0.000,0.0,-,2.771522,3.162853,3.150358,3.152761,93002.00
03/07/2002,3.123924,3.220045,3.083874,3.204025,159300,0.000,0.0,-,2.768518,3.151479,3.152360,3.123124,91508.00
03/06/2002,3.348207,3.348207,3.083875,3.123925,143300,0.000,0.0,-,2.765434,3.140105,3.153962,3.111108,89186.00
03/05/2002,3.188004,3.356216,3.163974,3.348205,197100,0.000,0.0,-,2.762551,3.130653,3.156365,3.111108,87860.00
03/04/2002,3.188005,3.212035,3.139945,3.188005,88900,0.000,0.0,-,2.758505,3.115434,3.151559,3.098292,84492.00
03/01/2002,3.123924,3.220045,3.123924,3.204025,77200,0.000,0.0,-,2.754180,3.103739,3.160370,3.101496,83380.00
02/28/2002,3.123925,3.147955,3.123925,3.123925,46900,0.000,0.0,-,2.747091,3.091404,3.165176,3.104700,82474.00
02/27/2002,3.123924,3.123924,3.083873,3.099894,43400,0.000,0.0,-,2.739802,3.080190,3.166778,3.107904,82368.00
02/26/2002,2.963724,3.123925,2.963724,3.123925,103200,0.000,0.0,-,2.732433,3.070257,3.165977,3.110308,82554.00
02/25/2002,2.923673,2.987754,2.907653,2.907653,44400,0.000,0.0,-,2.725864,3.059844,3.165577,3.126328,81262.00
02/22/2002,3.083874,3.083874,2.803522,2.907653,110200,0.000,0.0,-,2.719897,3.053756,3.176391,3.147955,81326.00
02/21/2002,3.163975,3.188005,3.083874,3.083874,145300,0.000,0.0,-,2.713449,3.048950,3.190809,3.181597,80192.00
02/20/2002,3.204026,3.204026,3.123925,3.123925,77600,0.000,0.0,-,2.705239,3.042542,3.193612,3.196816,80348.00
02/19/2002,3.228055,3.228055,3.163974,3.220045,56000,0.000,0.0,-,2.696988,3.034212,3.197617,3.201622,79442.00
02/15/2002,3.236065,3.244075,3.212035,3.220045,26600,0.000,0.0,-,2.688097,3.023158,3.185202,3.204826,80820.00
02/14/2002,3.155966,3.244076,3.155966,3.236066,95100,0.000,0.0,-,2.679366,3.013225,3.194413,3.219244,80626.00
02/13/2002,3.123925,3.196016,3.043824,3.155965,220300,0.000,0.0,-,2.670755,3.001371,3.200821,3.225652,79458.00
02/12/2002,3.364227,3.572489,3.003774,3.123925,346900,0.000,0.0,-,2.662385,2.992720,3.211234,3.225652,75506.00
02/11/2002,3.107904,3.284126,3.107904,3.284126,88800,0.000,0.0,-,2.654375,2.985190,3.216040,3.221647,69690.00
02/08/2002,3.268106,3.268106,3.099895,3.123925,57200,0.000,0.0,-,2.645804,2.971573,3.216040,3.204826,68354.00
02/07/2002,3.284125,3.324175,3.244075,3.244075,35600,0.000,0.0,-,2.637994,2.961961,3.232060,3.204826,68740.00
02/06/2002,3.171986,3.284126,3.163976,3.236066,39100,0.000,0.0,-,2.629583,2.948184,3.248081,3.200020,69804.00
02/05/2002,3.260096,3.260096,3.075865,3.171985,55900,0.000,0.0,-,2.621493,2.935368,3.250484,3.190408,70358.00
02/04/2002,3.348206,3.348206,3.244075,3.252085,46700,0.000,0.0,-,2.613964,2.919988,3.252086,3.193612,70238.00
02/01/2002,3.324176,3.364226,3.300146,3.364226,29000,0.000,0.0,-,2.605914,2.903327,3.250884,3.165577,70104.00
01/31/2002,3.155965,3.380246,3.155965,3.300146,126200,0.000,0.0,-,2.597503,2.884103,3.231660,3.169582,71132.00
01/30/2002,3.083875,3.163975,3.059844,3.155965,69500,0.000,0.0,-,2.589653,2.865680,3.212836,3.175990,71290.00
01/29/2002,3.163975,3.163975,3.043824,3.083874,31700,0.000,0.0,-,2.582404,2.851422,3.203224,3.196816,70968.00
01/28/2002,3.147955,3.163975,3.115915,3.115915,28400,0.000,0.0,-,2.575556,2.838446,3.193612,3.210433,77766.00
01/25/2002,3.163975,3.204026,3.123925,3.123925,32200,0.000,0.0,-,2.568707,2.825309,3.175189,3.227254,82378.00
01/24/2002,3.163975,3.204025,3.163975,3.196015,12800,0.000,0.0,-,2.561698,2.810891,3.154363,3.259295,82520.00
01/23/2002,3.228055,3.228055,3.107904,3.139944,42700,0.000,0.0,-,2.554729,2.794711,3.126327,3.296141,83048.00
01/22/2002,3.011783,3.236065,3.003773,3.204025,101600,0.000,0.0,-,2.548281,2.778851,3.101096,3.310559,83844.00
01/18/2002,3.444328,3.444328,2.803522,2.971734,352000,0.000,0.0,-,2.542033,2.761709,3.073461,3.310559,82440.00
01/17/2002,3.324177,3.404277,3.324177,3.404277,8700,0.000,0.0,-,2.536867,2.749855,3.054237,3.336191,76288.00
01/16/2002,3.372237,3.484377,3.364226,3.364226,21000,0.000,0.0,-,2.529458,2.729669,3.014187,3.293738,77708.00
01/15/2002,3.212035,3.564478,3.212035,3.364226,72000,0.000,0.0,-,2.522249,2.711246,2.975338,3.249682,78268.00
01/14/2002,3.268105,3.268105,3.043823,3.220045,103300,0.000,0.0,-,2.515200,2.693143,2.935287,3.209632,78280.00
01/11/2002,3.444327,3.468357,3.284126,3.284126,79900,0.000,0.0,-,2.508912,2.673599,2.904449,3.176791,79296.00
01/10/2002,3.564479,3.564479,3.444329,3.444329,63200,0.000,0.0,-,2.502183,2.649248,2.870406,3.123123,78546.00
01/09/2002,3.284124,3.652587,3.284124,3.564476,253500,0.000,0.0,-,2.494494,2.622655,2.828353,3.049431,79432.00
01/08/2002,3.204025,3.324176,3.204025,3.284126,66700,0.000,0.0,-,2.485883,2.592377,2.783497,2.956514,75488.00
01/07/2002,3.204025,3.244075,3.196015,3.204025,68000,0.000,0.0,-,2.478834,2.567385,2.757464,2.891633,75264.00
01/04/2002,2.963723,3.244075,2.963723,3.228055,166100,0.000,0.0,-,2.472626,2.541913,2.732633,2.836363,75586.00
01/03/2002,2.923672,2.995763,2.923672,2.979743,30800,0.000,0.0,-,2.466338,2.515320,2.704598,2.772283,73190.00
01/02/2002,2.963724,2.979744,2.883623,2.923674,67300,0.000,0.0,-,2.461412,2.493693,2.691782,2.734636,74118.00
12/31/2001,2.883622,3.075863,2.883622,2.963723,182900,0.000,0.0,-,2.456566,2.472386,2.677764,2.700993,73604.00
12/28/2001,2.755462,2.891633,2.755462,2.891633,80200,0.000,0.0,-,2.451560,2.449798,2.665749,2.660943,73270.00
12/27/2001,2.723422,2.795512,2.715412,2.747452,109800,0.000,0.0,-,2.447114,2.430413,2.658540,2.632107,76514.00
12/26/2001,2.627301,2.747452,2.619291,2.707402,59600,0.000,0.0,-,2.443590,2.415515,2.651331,2.617689,76586.00
12/24/2001,2.635311,2.635311,2.603271,2.635311,11300,0.000,0.0,-,2.441067,2.401897,2.648127,2.607275,76838.00
12/21/2001,2.643321,2.651331,2.627301,2.635311,43200,0.000,0.0,-,2.439024,2.390523,2.644122,2.610479,77468.00
12/20/2001,2.723422,2.723422,2.643321,2.651331,77000,0.000,0.0,-,2.436821,2.379469,2.642119,2.623295,79502.00
12/19/2001,2.587250,2.595260,2.579240,2.587250,28700,0.000,0.0,-,2.434699,2.368575,2.629703,2.628902,79674.00
12/18/2001,2.579240,2.635311,2.563220,2.603270,33300,0.000,0.0,-,2.431975,2.361687,2.621293,2.636912,80566.00
12/17/2001,2.563220,2.587250,2.555210,2.587250,31900,0.000,0.0,-,2.428891,2.356881,2.611280,2.648928,80646.00
12/14/2001,2.579240,2.603270,2.563220,2.563220,41600,0.000,0.0,-,2.425807,2.352075,2.600867,2.654535,80836.00
12/13/2001,2.579240,2.635311,2.563220,2.603270,52700,0.000,0.0,-,2.422924,2.348550,2.594860,2.670555,81154.00
12/12/2001,2.579240,2.627300,2.563220,2.603270,38600,0.000,0.0,-,2.419680,2.343584,2.586449,2.684973,81150.00
12/11/2001,2.683371,2.683371,2.563220,2.603270,47600,0.000,0.0,-,2.416436,2.340060,2.579240,2.684973,81346.00
12/10/2001,2.747451,2.763471,2.667351,2.667351,53500,0.000,0.0,-,2.413112,2.336695,2.569228,2.688978,80596.00
12/07/2001,2.699390,2.795511,2.683370,2.763471,153100,0.000,0.0,-,2.409507,2.331729,2.555210,2.677764,82122.00
12/06/2001,2.683371,2.707402,2.643321,2.707402,32300,0.000,0.0,-,2.405542,2.320355,2.534384,2.660943,79930.00
12/05/2001,2.723421,2.723421,2.635310,2.667351,124900,0.000,0.0,-,2.402018,2.303053,2.516361,2.630504,79994.00
12/04/2001,2.667351,2.731431,2.667351,2.723421,16900,0.000,0.0,-,2.398653,2.286232,2.501943,2.605673,78584.00
12/03/2001,2.723421,2.723421,2.643320,2.643320,36700,0.000,0.0,-,2.394969,2.267809,2.485522,2.573633,82924.00
11/30/2001,2.747451,2.747451,2.715411,2.723421,22700,0.000,0.0,-,2.391765,2.249386,2.475510,2.547200,84446.00
11/29/2001,2.603271,2.747452,2.603271,2.747452,56100,0.000,0.0,-,2.388160,2.233045,2.462293,2.519165,85288.00
11/28/2001,2.627300,2.635311,2.603270,2.603270,22000,0.000,0.0,-,2.384235,2.226157,2.437062,2.487925,86066.00
11/27/2001,2.595260,2.643320,2.563220,2.643320,76500,0.000,0.0,-,2.381191,2.223273,2.410228,2.473507,86098.00
11/26/2001,2.595261,2.643321,2.499140,2.555211,88800,0.000,0.0,-,2.377947,2.221190,2.383795,2.449477,84970.00
11/23/2001,2.411028,2.595260,2.411028,2.595260,66800,0.000,0.0,-,2.375184,2.221030,2.358563,2.432656,83890.00
11/21/2001,2.411029,2.419039,2.386998,2.403018,49900,0.000,0.0,-,2.372100,2.221511,2.330528,2.407825,83324.00
11/20/2001,2.403019,2.451079,2.403019,2.419039,40000,0.000,0.0,-,2.369897,2.226317,2.306898,2.402218,82540.00
11/19/2001,2.403018,2.427049,2.386998,2.403018,80400,0.000,0.0,-,2.367694,2.230803,2.280865,2.398213,82088.00
11/16/2001,2.451079,2.475109,2.362969,2.378989,134100,0.000,0.0,-,2.365492,2.237211,2.255634,2.397412,81100.00
11/15/2001,2.443069,2.523170,2.443069,2.443069,53400,0.000,0.0,-,2.363409,2.245861,2.229601,2.403820,79820.00
11/14/2001,2.603271,2.843573,2.411029,2.435059,371600,0.000,0.0,-,2.360706,2.252430,2.199163,2.405422,79206.00
11/13/2001,2.419040,2.459090,2.395010,2.459090,259000,0.000,0.0,-,2.358042,2.259479,2.173531,2.386198,72274.00
11/12/2001,2.378988,2.403018,2.378988,2.403018,39300,0.000,0.0,-,2.355009,2.266047,2.150702,2.346948,67770.00
11/09/2001,2.370978,2.386998,2.362968,2.386998,39200,0.000,0.0,-,2.352255,2.275018,2.131878,2.318112,67576.00
11/08/2001,2.362968,2.362968,2.322918,2.346948,82500,0.000,0.0,-,2.349081,2.284310,2.115858,2.284470,67048.00
11/07/2001,2.370979,2.378989,2.346948,2.346948,31400,0.000,0.0,-,2.345857,2.294242,2.102641,2.253231,66042.00
11/06/2001,2.395009,2.403019,2.370979,2.378989,44400,0.000,0.0,-,2.342883,2.304976,2.090626,2.211578,66068.00
11/05/2001,2.467099,2.491129,2.378988,2.395008,79700,0.000,0.0,-,2.339499,2.315068,2.083818,2.163518,65480.00
11/02/2001,2.419039,2.443069,2.395009,2.443069,49000,0.000,0.0,-,2.336035,2.326122,2.082216,2.113856,64394.00
11/01/2001,2.242818,2.467100,2.242818,2.459090,72600,0.000,0.0,-,2.333832,2.334933,2.077410,2.055382,63856.00
10/31/2001,2.066596,2.242818,2.066596,2.242818,154100,0.000,0.0,-,2.331549,2.344065,2.073805,1.992904,63180.00
10/30/2001,2.114657,2.114657,2.066596,2.066596,42400,0.000,0.0,-,2.329597,2.357682,2.079412,1.960863,61544.00
10/29/2001,2.082616,2.114656,2.082616,2.114656,107500,0.000,0.0,-,2.328275,2.374022,2.097435,1.954455,64340.00
10/26/2001,2.002516,2.074606,2.002516,2.050576,56300,0.000,0.0,-,2.326212,2.391004,2.113455,1.945644,65196.00
10/25/2001,1.938434,2.034555,1.938434,2.034555,55500,0.000,0.0,-,2.324720,2.414073,2.131878,1.947246,65390.00
10/24/2001,1.898385,1.930425,1.898385,1.930425,84100,0.000,0.0,-,2.323058,2.439545,2.139888,1.952052,68268.00
10/23/2001,1.890375,1.898385,1.882365,1.898385,46300,0.000,0.0,-,2.322167,2.471425,2.135483,1.969674,75726.00
10/22/2001,1.874355,1.898385,1.850325,1.898385,77200,0.000,0.0,-,2.321186,2.499140,2.131878,2.004118,76110.00
10/19/2001,1.842314,1.858334,1.842314,1.858334,41600,0.000,0.0,-,2.320205,2.524291,2.127072,2.050576,75476.00
10/18/2001,1.922415,1.922415,1.826294,1.834304,166200,0.000,0.0,-,2.319674,2.551205,2.120264,2.099437,75912.00
10/17/2001,2.002517,2.002517,1.914406,1.922416,242400,0.000,0.0,-,2.318763,2.576677,2.123868,2.154707,73474.00
10/16/2001,2.042566,2.042566,2.002516,2.002516,113400,0.000,0.0,-,2.317662,2.598945,2.147898,2.197961,68954.00
10/15/2001,2.058586,2.058586,2.010526,2.026546,72200,0.000,0.0,-,2.316160,2.618329,2.170727,2.240414,67318.00
10/12/2001,2.082616,2.082616,2.042566,2.066596,42800,0.000,0.0,-,2.314538,2.636913,2.196359,2.281266,66154.00
10/11/2001,2.106646,2.122666,2.082616,2.082616,144900,0.000,0.0,-,2.312966,2.654054,2.220389,2.316510,65674.00
10/10/2001,2.242816,2.242816,2.106646,2.106646,85600,0.000,0.0,-,2.312065,2.669273,2.247223,2.327724,63190.00
10/09/2001,2.346949,2.346949,2.242818,2.242818,73300,0.000,0.0,-,2.311794,2.686575,2.274057,2.301291,61844.00
10/08/2001,2.322918,2.362968,2.282867,2.362968,37300,0.000,0.0,-,2.310843,2.700192,2.294082,2.259639,61214.00
10/05/2001,2.354958,2.362968,2.322918,2.346948,41400,0.000,0.0,-,2.309291,2.713489,2.312105,2.203568,62644.00
10/04/2001,2.370978,2.403019,2.362968,2.386998,57500,0.000,0.0,-,2.307819,2.726305,2.335334,2.141090,63000.00
10/03/2001,2.403020,2.403020,2.338939,2.354959,52500,0.000,0.0,-,2.307148,2.734796,2.354558,2.093030,62674.00
10/02/2001,2.435059,2.483119,2.427049,2.427049,48400,0.000,0.0,-,2.306888,2.742806,2.376185,2.097835,62394.00
10/01/2001,2.435059,2.443069,2.419039,2.435059,10100,0.000,0.0,-,2.306518,2.747131,2.394208,2.101040,62168.00
09/28/2001,2.242818,2.427049,2.242818,2.419039,129800,0.000,0.0,-,2.306107,2.750656,2.415034,2.111453,62316.00
09/27/2001,1.842314,2.202767,1.842314,2.194757,43500,0.000,0.0,-,2.305777,2.755302,2.436661,2.124269,60414.00
09/26/2001,1.802264,1.906395,1.778234,1.842314,35500,0.000,0.0,-,2.307569,2.762671,2.469102,2.166722,61110.00
09/25/2001,1.802264,1.842315,1.778234,1.826295,54400,0.000,0.0,-,2.310873,2.775487,2.521167,2.246823,61020.00
09/24/2001,1.746193,1.842314,1.746193,1.802263,233900,0.000,0.0,-,2.314508,2.791187,2.574034,2.328525,60690.00
09/21/2001,1.906396,1.906396,1.602013,1.722164,112800,0.000,0.0,-,2.318012,2.808168,2.631306,2.420641,56986.00
09/20/2001,2.362968,2.362968,1.906395,1.906395,64800,0.000,0.0,-,2.321667,2.829795,2.689379,2.529578,56036.00
09/19/2001,2.443069,2.523169,2.362968,2.403018,95000,0.000,0.0,-,2.324901,2.849660,2.739842,2.616087,55450.00
09/18/2001,2.483120,2.483120,2.459090,2.459090,23600,0.000,0.0,-,2.326152,2.859753,2.765875,2.654535,54004.00
09/17/2001,2.523169,2.563220,2.483119,2.539190,20100,0.000,0.0,-,2.327123,2.869205,2.787101,2.687376,56702.00
09/10/2001,2.603271,2.603271,2.547200,2.547200,34800,0.000,0.0,-,2.327444,2.876414,2.808328,2.718615,62058.00
09/07/2001,2.643322,2.683372,2.619292,2.619292,38500,0.000,0.0,-,2.327724,2.883783,2.841169,2.749054,62130.00
09/06/2001,2.643320,2.643320,2.643320,2.643320,10700,0.000,0.0,-,2.328145,2.889710,2.875613,2.771482,61978.00
09/05/2001,2.699391,2.699391,2.643320,2.643320,17400,0.000,0.0,-,2.328445,2.895638,2.919668,2.795512,62572.00
09/04/2001,2.803522,2.803522,2.723421,2.723421,31000,0.000,0.0,-,2.328495,2.900123,2.951708,2.819542,62826.00
08/31/2001,2.787503,2.875614,2.787503,2.811533,70100,0.000,0.0,-,2.326893,2.903327,2.973335,2.841970,62570.00
08/30/2001,2.803522,2.803522,2.763472,2.771482,22700,0.000,0.0,-,2.324851,2.904609,2.992960,2.849179,61326.00
08/29/2001,2.771481,2.803521,2.771481,2.787501,25000,0.000,0.0,-,2.322508,2.907172,3.009781,2.863597,61640.00
08/28/2001,2.819542,2.843572,2.771481,2.787501,33800,0.000,0.0,-,2.320585,2.908294,3.022197,2.877215,62456.00
08/27/2001,2.803521,2.867602,2.803521,2.851582,29600,0.000,0.0,-,2.318913,2.911818,3.031408,2.886827,62132.00
08/24/2001,2.843572,2.867602,2.843572,2.851582,12800,0.000,0.0,-,2.317171,2.914061,3.036615,2.898041,62312.00
08/23/2001,2.875614,2.875614,2.843574,2.843574,32200,0.000,0.0,-,2.315429,2.918066,3.040219,2.933285,62506.00
08/22/2001,2.883623,2.939693,2.875613,2.883623,32700,0.000,0.0,-,2.313476,2.922872,3.040219,2.979743,62478.00
08/21/2001,2.963723,2.963723,2.883623,2.883623,15000,0.000,0.0,-,2.311574,2.928479,3.044625,3.043824,62290.00
08/20/2001,2.883622,2.947702,2.883622,2.947702,25400,0.000,0.0,-,2.309171,2.932804,3.046627,3.083874,63494.00
08/17/2001,2.907653,2.979744,2.883623,2.883623,22100,0.000,0.0,-,2.305947,2.938091,3.050633,3.104700,63174.00
08/16/2001,2.923674,2.995764,2.891633,2.915663,38800,0.000,0.0,-,2.303293,2.944499,3.055839,3.136741,63486.00
08/15/2001,2.883623,2.971734,2.883623,2.923674,72300,0.000,0.0,-,2.299979,2.949305,3.050633,3.155965,63322.00
08/14/2001,2.963723,2.987754,2.843572,2.883623,182200,0.000,0.0,-,2.296875,2.951708,3.042222,3.167179,64612.00
08/13/2001,3.196014,3.196014,2.883622,2.963723,150300,0.000,0.0,-,2.294472,2.948985,3.030207,3.175990,62516.00
08/10/2001,3.244075,3.244075,3.204025,3.204025,66000,0.000,0.0,-,2.291669,2.945781,3.012585,3.175189,62404.00
08/09/2001,3.532438,3.588509,3.244076,3.308156,199400,0.000,0.0,-,2.288164,2.939693,2.984950,3.147154,63334.00
08/08/2001,3.284124,3.804778,3.284124,3.524426,457000,0.000,0.0,-,2.284390,2.934727,2.947703,3.100695,61982.00
08/07/2001,3.163975,3.284126,3.163975,3.284126,65500,0.000,0.0,-,2.278783,2.927518,2.895638,3.045426,54326.00
08/06/2001,3.212036,3.252086,3.139945,3.155965,45500,0.000,0.0,-,2.274377,2.929761,2.861996,3.009381,55816.00
08/03/2001,3.147954,3.244075,3.107904,3.204025,63400,0.000,0.0,-,2.270362,2.924794,2.836764,2.996565,57214.00
08/02/2001,3.059843,3.179994,3.059843,3.107904,44300,0.000,0.0,-,2.266858,2.916144,2.816739,2.974938,57852.00
08/01/2001,2.963723,3.035814,2.963723,3.035814,16400,0.000,0.0,-,2.263333,2.907653,2.806326,2.945301,58768.00
07/31/2001,2.963724,3.027804,2.963724,2.971734,31600,0.000,0.0,-,2.259919,2.899643,2.799918,2.917265,59882.00
07/30/2001,2.899643,2.979744,2.899643,2.955714,14000,0.000,0.0,-,2.256825,2.890672,2.797915,2.884424,60664.00
07/27/2001,2.835563,2.923674,2.835563,2.923674,18800,0.000,0.0,-,2.255313,2.884424,2.795112,2.849981,61860.00
07/26/2001,2.947705,2.947705,2.843574,2.843574,20700,0.000,0.0,-,2.255213,2.878016,2.794711,2.822746,66722.00
07/25/2001,2.923673,2.971734,2.923673,2.971734,18300,0.000,0.0,-,2.255513,2.872889,2.798316,2.794711,69022.00
07/24/2001,3.043824,3.075865,2.883623,2.923674,41800,0.000,0.0,-,2.255924,2.864398,2.796713,2.745850,71476.00
07/23/2001,3.067853,3.244075,3.027803,3.027803,108800,0.000,0.0,-,2.257826,2.856709,2.793910,2.714610,76994.00
07/20/2001,2.811531,2.987753,2.787501,2.987753,59200,0.000,0.0,-,2.259959,2.842611,2.786701,2.676963,84946.00
07/19/2001,2.739443,2.819544,2.739443,2.811533,41200,0.000,0.0,-,2.263043,2.818581,2.781094,2.658540,88624.00
07/18/2001,2.683371,2.771482,2.667351,2.755462,38500,0.000,0.0,-,2.268510,2.795672,2.785499,2.667351,88994.00
07/17/2001,2.619290,2.643320,2.603270,2.643320,37100,0.000,0.0,-,2.275509,2.773084,2.789905,2.682570,91884.00
07/16/2001,2.675362,2.675362,2.603271,2.611281,17500,0.000,0.0,-,2.283068,2.756423,2.805925,2.711406,93180.00
07/13/2001,2.587251,2.675361,2.571231,2.651331,34700,0.000,0.0,-,2.290537,2.738480,2.823547,2.740242,94138.00
07/12/2001,2.491129,2.579240,2.491129,2.563220,78300,0.000,0.0,-,2.298057,2.717814,2.843572,2.766676,95636.00
07/11/2001,2.595261,2.595261,2.483120,2.483120,31000,0.000,0.0,-,2.306017,2.695386,2.869605,2.801920,95604.00
07/10/2001,2.651331,2.659342,2.603271,2.611281,37900,0.000,0.0,-,2.313877,2.675201,2.903648,2.847577,95536.00
07/09/2001,2.803522,2.803522,2.651331,2.651331,48700,0.000,0.0,-,2.321096,2.651811,2.928078,2.873209,95474.00
07/06/2001,2.891631,2.891631,2.803521,2.803521,65300,0.000,0.0,-,2.329116,2.628262,2.956114,2.896439,94646.00
07/05/2001,2.883622,2.915662,2.883622,2.899642,35500,0.000,0.0,-,2.336375,2.602469,2.976139,2.903648,93834.00
07/03/2001,2.931683,2.939693,2.891633,2.907653,22700,0.000,0.0,-,2.342903,2.574114,2.988955,2.903648,93570.00
07/02/2001,2.899642,3.003773,2.899642,2.931682,158500,0.000,0.0,-,2.349892,2.546399,2.995763,2.897240,93714.00
06/29/2001,2.915662,2.915662,2.899642,2.899642,287900,0.000,0.0,-,2.356510,2.519165,2.986552,2.900444,92502.00
06/28/2001,2.907653,2.915663,2.907653,2.915663,38400,0.000,0.0,-,2.363789,2.492411,2.981746,2.906852,87390.00
06/27/2001,2.939694,2.939694,2.899643,2.915663,30900,0.000,0.0,-,2.371239,2.465337,2.980945,2.920469,88562.00
06/26/2001,2.867602,2.939693,2.843572,2.939693,40400,0.000,0.0,-,2.377937,2.439384,2.988154,2.937290,88518.00
06/25/2001,2.843572,2.923673,2.843572,2.867603,30100,0.000,0.0,-,2.384265,2.413912,2.999368,2.959718,88072.00
06/22/2001,2.843572,2.947703,2.843572,2.883623,18200,0.000,0.0,-,2.390453,2.389402,3.025801,2.982947,88242.00
06/21/2001,2.899643,2.939694,2.867603,2.875613,7900,0.000,0.0,-,2.396561,2.365371,3.027003,3.015789,88772.00
06/20/2001,2.819541,2.899642,2.723421,2.899642,38400,0.000,0.0,-,2.403710,2.342463,3.021796,3.048630,89528.00
06/19/2001,2.971735,2.971735,2.843574,2.843574,65800,0.000,0.0,-,2.411239,2.318593,3.010983,3.074262,88962.00
06/18/2001,2.931682,2.971733,2.923672,2.963723,17600,0.000,0.0,-,2.419049,2.296004,3.000569,3.094287,87796.00
06/15/2001,3.027803,3.067853,2.931682,2.963723,38600,0.000,0.0,-,2.426508,2.271654,2.978542,3.072660,87762.00
06/14/2001,3.107905,3.107905,3.003774,3.051834,22500,0.000,0.0,-,2.433217,2.246823,2.962522,3.056640,88062.00
06/13/2001,3.188005,3.188005,3.059844,3.083874,30800,0.000,0.0,-,2.438483,2.221831,2.940093,3.041421,88218.00
06/12/2001,3.083875,3.171986,3.083875,3.163975,23300,0.000,0.0,-,2.442839,2.197160,2.915262,3.039018,88720.00
06/11/2001,3.204024,3.236065,3.099894,3.099894,75200,0.000,0.0,-,2.445542,2.172970,2.884424,3.039018,88534.00
06/08/2001,3.188005,3.236065,3.188005,3.212035,9400,0.000,0.0,-,2.448065,2.149741,2.856388,3.068655,87920.00
06/07/2001,3.188005,3.204025,3.083874,3.204025,37700,0.000,0.0,-,2.449026,2.123948,2.811932,3.038217,89082.00
06/06/2001,3.043824,3.163975,3.043824,3.155965,30600,0.000,0.0,-,2.449527,2.098316,2.741043,2.994962,88942.00
06/05/2001,2.707401,3.043823,2.643320,3.043823,136800,0.000,0.0,-,2.449016,2.074286,2.666550,2.947703,88728.00
06/04/2001,2.747452,2.803522,2.723422,2.747452,77400,0.000,0.0,-,2.450819,2.052659,2.595661,2.906852,86324.00
06/01/2001,2.923672,2.963722,2.723420,2.803521,144700,0.000,0.0,-,2.453602,2.036478,2.548802,2.884423,85116.00
05/31/2001,3.059843,3.123924,2.883622,2.899642,112500,0.000,0.0,-,2.456105,2.018536,2.494333,2.868403,82358.00
05/30/2001,3.163974,3.284125,3.059843,3.059843,131800,0.000,0.0,-,2.457878,1.997389,2.430253,2.838766,80488.00
05/29/2001,3.404277,3.404277,3.163975,3.163975,74200,0.000,0.0,-,2.458598,1.973680,2.349351,2.791507,78766.00
05/25/2001,2.955713,3.444327,2.955713,3.396267,140000,0.000,0.0,-,2.458048,1.949649,2.264845,2.729829,78184.00
05/24/2001,2.851583,2.907653,2.803522,2.907653,115400,0.000,0.0,-,2.456336,1.921133,2.167122,2.644122,75918.00
05/23/2001,2.723421,2.843572,2.723421,2.771482,95300,0.000,0.0,-,2.457567,1.902871,2.095432,2.585648,74406.00
05/22/2001,2.611280,2.723421,2.603270,2.683371,90100,0.000,0.0,-,2.460230,1.886530,2.032553,2.487124,73356.00
05/21/2001,2.579240,2.635311,2.547200,2.635311,72100,0.000,0.0,-,2.463585,1.872112,1.972478,2.385396,72026.00
05/18/2001,2.643320,2.643320,2.523170,2.523170,70700,0.000,0.0,-,2.467680,1.859456,1.916808,2.284470,71564.00
05/17/2001,2.611280,2.675361,2.611280,2.643320,73800,0.000,0.0,-,2.473087,1.849844,1.869148,2.213180,71786.00
05/16/2001,2.627300,2.683371,2.579240,2.603270,261900,0.000,0.0,-,2.477893,1.841033,1.815080,2.120263,70590.00
05/15/2001,2.523170,2.731431,2.483119,2.587250,135700,0.000,0.0,-,2.482649,1.833503,1.763015,2.021740,66096.00
05/14/2001,2.619291,2.803522,2.523170,2.547200,141000,0.000,0.0,-,2.486734,1.825654,1.714554,1.907196,64058.00
05/11/2001,2.403018,2.683371,2.395008,2.539190,317700,0.000,0.0,-,2.491269,1.819246,1.670498,1.799861,63856.00
05/10/2001,1.826293,2.322917,1.802263,2.322917,506400,0.000,0.0,-,2.496846,1.809313,1.625642,1.690123,60608.00
05/09/2001,1.682112,1.786243,1.682112,1.786243,243100,0.000,0.0,-,2.504506,1.802585,1.593602,1.605216,53126.00
05/08/2001,1.642062,1.666093,1.610022,1.666093,59700,0.000,0.0,-,2.514849,1.806269,1.590798,1.577982,48550.00
05/07/2001,1.802264,1.882364,1.618032,1.626042,183000,0.000,0.0,-,2.525292,1.812677,1.592801,1.559559,47902.00
05/04/2001,1.722163,1.810274,1.722163,1.810274,101900,0.000,0.0,-,2.535936,1.819246,1.597206,1.549146,44722.00
05/03/2001,1.682113,1.714154,1.650073,1.714154,65400,0.000,0.0,-,2.546409,1.822129,1.594002,1.525116,42878.00
05/02/2001,1.481862,1.682114,1.481862,1.618033,109600,0.000,0.0,-,2.557613,1.826615,1.594403,1.509897,41898.00
05/01/2001,1.449821,1.473852,1.361711,1.441811,76700,0.000,0.0,-,2.569297,1.833183,1.603615,1.504290,40292.00
04/30/2001,1.433801,1.481861,1.433801,1.473851,27600,0.000,0.0,-,2.581112,1.843756,1.624040,1.521912,39754.00
04/27/2001,1.513902,1.521912,1.433801,1.441811,34800,0.000,0.0,-,2.590264,1.854330,1.648070,1.541136,39684.00
04/26/2001,1.513901,1.513901,1.473851,1.473851,7300,0.000,0.0,-,2.597573,1.865384,1.672902,1.561161,39138.00
04/25/2001,1.489871,1.513902,1.481861,1.513902,24700,0.000,0.0,-,2.604972,1.875636,1.695330,1.581987,39738.00
04/24/2001,1.521912,1.521912,1.457831,1.481861,22300,0.000,0.0,-,2.612672,1.885409,1.715756,1.603614,40214.00
04/23/2001,1.521912,1.561962,1.521912,1.521912,29900,0.000,0.0,-,2.620282,1.895822,1.739385,1.626043,40114.00
04/20/2001,1.561962,1.577982,1.521912,1.569972,97900,0.000,0.0,-,2.628191,1.904633,1.761413,1.645267,40262.00
04/19/2001,1.585993,1.585993,1.553953,1.561963,32300,0.000,0.0,-,2.635861,1.913123,1.779836,1.662889,38434.00
04/18/2001,1.618033,1.618033,1.561963,1.561963,97000,0.000,0.0,-,2.643821,1.921774,1.797058,1.678909,38220.00
04/17/2001,1.682114,1.682114,1.610023,1.618033,28700,0.000,0.0,-,2.652031,1.930585,1.811075,1.702939,37336.00
04/16/2001,1.674103,1.674103,1.658082,1.666093,18100,0.000,0.0,-,2.659711,1.937794,1.823892,1.726169,38170.00
04/12/2001,1.714153,1.746194,1.642063,1.642063,38600,0.000,0.0,-,2.666900,1.943722,1.838710,1.755005,39240.00
04/11/2001,1.722164,1.730174,1.674103,1.682113,44700,0.000,0.0,-,2.677964,1.950450,1.855131,1.784642,39820.00
04/10/2001,1.746193,1.762213,1.722163,1.730173,45700,0.000,0.0,-,2.689328,1.956057,1.870750,1.808672,39562.00
04/09/2001,1.682114,1.722165,1.682114,1.706144,10100,0.000,0.0,-,2.700703,1.960703,1.881965,1.827897,40996.00
04/06/2001,1.746194,1.762214,1.706143,1.714154,7500,0.000,0.0,-,2.711947,1.964628,1.894781,1.852728,42082.00
04/05/2001,1.746193,1.746193,1.722163,1.746193,15900,0.000,0.0,-,2.723401,1.968393,1.909199,1.877559,42230.00
04/04/2001,1.802265,1.802265,1.722164,1.722164,53600,0.000,0.0,-,2.736197,1.970516,1.924017,1.896783,42342.00
04/03/2001,1.842314,1.842314,1.730173,1.802263,30300,0.000,0.0,-,2.749614,1.973119,1.948048,1.915206,41650.00
04/02/2001,1.938436,1.938436,1.802264,1.850325,55900,0.000,0.0,-,2.762630,1.972118,1.969274,1.919212,42094.00
03/30/2001,1.938436,1.954456,1.930426,1.954456,14000,0.000,0.0,-,2.775406,1.969154,1.986496,1.921615,42394.00
03/29/2001,1.930425,1.962465,1.922415,1.938435,44500,0.000,0.0,-,2.788162,1.965109,2.000113,1.922416,42528.00
03/28/2001,1.842316,1.962467,1.842316,1.922416,67500,0.000,0.0,-,2.800748,1.960383,2.005319,1.925620,43000.00
03/27/2001,1.930427,1.962467,1.890376,1.922416,30700,0.000,0.0,-,2.813664,1.955977,2.008523,1.932828,44850.00
03/26/2001,1.986496,2.002517,1.954456,1.954456,19900,0.000,0.0,-,2.825830,1.957579,2.010926,1.936032,44558.00
03/23/2001,1.938435,1.962465,1.938435,1.962465,16600,0.000,0.0,-,2.837084,1.958540,2.012528,1.936833,45280.00
03/22/2001,1.922415,1.938435,1.882365,1.938435,17000,0.000,0.0,-,2.849299,1.956338,2.012128,1.940838,45616.00
03/21/2001,1.842314,1.922415,1.810274,1.906395,6800,0.000,0.0,-,2.862636,1.953614,2.012929,1.951251,45800.00
03/20/2001,1.906395,1.906395,1.842314,1.842314,19000,0.000,0.0,-,2.877384,1.949529,2.014531,1.980889,45800.00
03/19/2001,1.922416,1.922416,1.818285,1.874356,45700,0.000,0.0,-,2.892954,1.947727,2.019737,2.019337,46280.00
03/16/2001,1.986495,1.986495,1.922415,1.962465,45100,0.000,0.0,-,2.907863,1.944282,2.024543,2.051377,46030.00
03/15/2001,2.018536,2.018536,1.946445,1.970475,26700,0.000,0.0,-,2.922331,1.940077,2.026546,2.077810,45968.00
03/14/2001,1.922415,2.002516,1.922415,1.994506,39800,0.000,0.0,-,2.937260,1.934710,2.027747,2.085019,46064.00
03/13/2001,1.962466,1.962466,1.882365,1.954456,42800,0.000,0.0,-,2.952068,1.928863,2.027347,2.084218,49796.00
03/12/2001,2.010526,2.010526,1.962465,1.962465,23600,0.000,0.0,-,2.967327,1.924818,2.029750,2.085820,51428.00
03/09/2001,2.018536,2.050576,2.002516,2.002516,49000,0.000,0.0,-,2.982797,1.918610,2.031752,2.088223,56446.00
03/08/2001,2.162717,2.162717,2.042566,2.042566,81800,0.000,0.0,-,2.998066,1.912603,2.029750,2.083417,56608.00
03/07/2001,2.202767,2.218787,2.186747,2.202767,14000,0.000,0.0,-,3.013636,1.905794,2.027347,2.074606,57104.00
03/06/2001,2.234808,2.242818,2.202767,2.226798,37200,0.000,0.0,-,3.028905,1.895781,2.016934,2.048173,58310.00
03/05/2001,2.234807,2.242818,2.186747,2.194757,33800,0.000,0.0,-,3.044805,1.886290,2.005720,2.020138,59282.00
03/02/2001,2.018536,2.242818,2.010526,2.226798,130900,0.000,0.0,-,3.061616,1.880442,1.994906,1.997710,60702.00
03/01/2001,1.986496,2.042566,1.986496,2.042566,155300,0.000,0.0,-,3.078267,1.876958,1.981689,1.975281,59214.00
02/28/2001,1.994504,2.042565,1.946444,1.986494,132300,0.000,0.0,-,3.096089,1.877158,1.978485,1.970475,56910.00
02/27/2001,1.994506,2.002516,1.962465,1.970475,14300,0.000,0.0,-,3.113691,1.878480,1.977284,1.970475,54950.00
02/26/2001,1.954454,1.986494,1.930424,1.986494,27300,0.000,0.0,-,3.131874,1.880122,1.976883,1.973679,60830.00
02/23/2001,1.954456,1.962466,1.882365,1.954456,24000,0.000,0.0,-,3.149977,1.885448,1.972678,1.975281,60398.00
02/22/2001,1.938436,1.970476,1.890376,1.954456,9700,0.000,0.0,-,3.168490,1.892417,1.970075,1.976082,60750.00
02/21/2001,1.946445,1.946445,1.898385,1.938435,16400,0.000,0.0,-,3.187003,1.900387,1.964968,1.980087,60932.00
02/20/2001,1.954455,1.962465,1.922415,1.946445,29300,0.000,0.0,-,3.205346,1.908678,1.960663,1.985694,60996.00
02/16/2001,2.002516,2.002516,1.962465,1.970475,49800,0.000,0.0,-,3.223900,1.916808,1.950951,1.991301,61462.00
02/15/2001,2.002516,2.002516,1.978485,2.002516,24100,0.000,0.0,-,3.241582,1.928462,1.937534,1.992102,61036.00
02/14/2001,1.986496,1.994506,1.986496,1.994506,7500,0.000,0.0,-,3.259104,1.938475,1.925018,1.988097,61042.00
02/13/2001,2.002514,2.002514,1.986494,1.986494,37300,0.000,0.0,-,3.276916,1.949649,1.910400,1.986495,61302.00
02/12/2001,2.002516,2.002516,1.994505,2.002516,48500,0.000,0.0,-,3.294518,1.959982,1.896182,1.984092,61274.00
02/09/2001,1.994505,2.002516,1.962465,2.002516,17300,0.000,0.0,-,3.312291,1.968993,1.896182,1.980087,60792.00
02/08/2001,2.002516,2.002516,1.962465,1.962465,37300,0.000,0.0,-,3.329062,1.980007,1.896182,1.970075,60908.00
02/07/2001,1.986496,1.994506,1.962465,1.994506,6500,0.000,0.0,-,3.346033,1.993825,1.890675,1.964067,62050.00
02/06/2001,2.002516,2.002516,1.962465,1.994506,21600,0.000,0.0,-,3.363094,2.007001,1.881063,1.949849,62160.00
02/05/2001,2.002516,2.002516,1.978485,2.002516,52800,0.000,0.0,-,3.379405,2.019176,1.866444,1.935631,62056.00
02/02/2001,1.994506,2.002516,1.970476,1.978486,70400,0.000,0.0,-,3.395926,2.031191,1.853929,1.910600,61538.00
02/01/2001,2.002516,2.042566,1.850324,1.962465,71600,0.000,0.0,-,3.411816,2.045690,1.840111,1.882965,60590.00
01/31/2001,1.962465,2.002516,1.962465,1.978486,67600,0.000,0.0,-,3.427535,2.060508,1.829598,1.861939,59802.00
01/30/2001,1.922415,1.962465,1.858334,1.962465,31800,0.000,0.0,-,3.442925,2.074005,1.815781,1.834304,60542.00
01/29/2001,1.962465,1.986495,1.922415,1.962465,117400,0.000,0.0,-,3.459646,2.082816,1.802764,1.808271,60280.00
01/26/2001,1.852326,1.952452,1.852326,1.902389,64400,0.000,0.0,-,3.476617,2.091627,1.792251,1.812276,59220.00
01/25/2001,1.902389,1.902389,1.852326,1.902389,14900,0.000,0.0,-,3.492888,2.099637,1.779736,1.822289,58426.00
01/24/2001,1.852326,1.902389,1.802263,1.852326,21500,0.000,0.0,-,3.510910,2.109650,1.769723,1.817283,58402.00
01/23/2001,1.752201,1.852326,1.752201,1.852326,19000,0.000,0.0,-,3.529934,2.121665,1.762214,1.812276,58236.00
01/22/2001,1.802263,1.802263,1.702138,1.752201,52500,0.000,0.0,-,3.549208,2.134681,1.754704,1.797258,57992.00
01/19/2001,1.752202,1.802264,1.702139,1.702139,70900,0.000,0.0,-,3.567481,2.149700,1.754704,1.797258,58218.00
01/18/2001,1.752201,1.752201,1.702138,1.752201,20700,0.000,0.0,-,3.583001,2.164719,1.764717,1.797258,57806.00
01/17/2001,1.752202,1.852327,1.702139,1.702139,68100,0.000,0.0,-,3.600523,2.179738,1.779736,1.797258,57950.00
01/16/2001,2.052579,2.052579,1.702139,1.702139,160000,0.000,0.0,-,3.617544,2.193756,1.797258,1.797258,57176.00
01/12/2001,2.002516,2.052578,1.952453,2.002516,16100,0.000,0.0,-,3.637069,2.205771,1.814780,1.797258,54494.00
01/11/2001,1.852327,2.002516,1.802264,2.002516,56000,0.000,0.0,-,3.656593,2.212780,1.817283,1.772226,55564.00
01/10/2001,1.802263,1.902389,1.802263,1.852326,33400,0.000,0.0,-,3.676118,2.217786,1.829798,1.737182,56666.00
01/09/2001,1.752201,1.802263,1.752201,1.802263,26200,0.000,0.0,-,3.697645,2.226797,1.852327,1.722163,56548.00
01/08/2001,1.752202,1.752202,1.702139,1.702139,6800,0.000,0.0,-,3.719672,2.238812,1.879861,1.712151,56610.00
01/05/2001,1.752201,1.752201,1.652075,1.752201,43000,0.000,0.0,-,3.743202,2.252830,1.912402,1.712151,57066.00
01/04/2001,1.702139,1.752202,1.702139,1.702139,33200,0.000,0.0,-,3.763728,2.267849,1.942440,1.712151,57206.00
01/03/2001,1.702138,1.752201,1.702138,1.752201,42000,0.000,0.0,-,3.785255,2.284870,1.984993,1.732176,57188.00
01/02/2001,1.752202,1.802264,1.702139,1.702139,31500,0.000,0.0,-,3.807032,2.297886,2.022541,1.762214,56514.00
12/29/2000,1.802264,1.852327,1.652076,1.702139,226400,0.000,0.0,-,3.829811,2.311904,2.065094,1.797258,56184.00
12/28/2000,1.602012,1.752201,1.602012,1.752201,124400,0.000,0.0,-,3.852089,2.324920,2.105144,1.832301,52346.00
12/27/2000,1.652075,1.652075,1.602012,1.652075,274500,0.000,0.0,-,3.874617,2.339939,2.140188,1.862339,50208.00
12/26/2000,1.652076,1.702139,1.602013,1.702139,57100,0.000,0.0,-,3.898147,2.354958,2.185245,1.922415,45582.00
12/22/2000,1.702139,1.702139,1.602013,1.702139,106600,0.000,0.0,-,3.921176,2.367975,2.232805,1.982490,45634.00
12/21/2000,1.752202,1.752202,1.652076,1.702139,74300,0.000,0.0,-,3.943203,2.380991,2.280364,2.047572,45954.00
12/20/2000,1.852326,1.902389,1.752201,1.752201,85800,0.000,0.0,-,3.965231,2.400015,2.325421,2.112653,46012.00
12/19/2000,2.052578,2.052578,1.852326,1.902389,104800,0.000,0.0,-,3.988010,2.423044,2.367974,2.172729,44722.00
12/18/2000,2.052578,2.102641,1.952452,2.052578,56500,0.000,0.0,-,4.007284,2.443069,2.408025,2.237811,43404.00
12/15/2000,2.002515,2.102641,2.002515,2.052578,40100,0.000,0.0,-,4.026308,2.463094,2.440566,2.282867,42728.00
12/14/2000,2.052578,2.052578,2.002515,2.052578,34300,0.000,0.0,-,4.046583,2.488126,2.470604,2.332930,42494.00
12/13/2000,2.252829,2.252829,2.002515,2.052578,308300,0.000,0.0,-,4.067610,2.516161,2.488126,2.377987,42220.00
12/12/2000,2.252829,2.352955,2.252829,2.252829,5700,0.000,0.0,-,4.088636,2.547200,2.505648,2.418037,37310.00
12/11/2000,2.302892,2.352955,2.252829,2.302892,41600,0.000,0.0,-,4.108911,2.580241,2.508151,2.448075,37656.00
12/08/2000,2.302893,2.352956,2.252830,2.352956,18800,0.000,0.0,-,4.129187,2.617288,2.513157,2.483119,37972.00
12/07/2000,2.302893,2.352956,2.302893,2.352956,19600,0.000,0.0,-,4.147710,2.653333,2.518163,2.513157,38046.00
12/06/2000,2.503145,2.553208,2.352956,2.352956,52600,0.000,0.0,-,4.167986,2.688377,2.525673,2.538188,38908.00
12/05/2000,2.453081,2.553207,2.453081,2.553207,28500,0.000,0.0,-,4.191265,2.724422,2.533182,2.563220,38618.00
12/04/2000,2.503145,2.553208,2.453082,2.503145,24400,0.000,0.0,-,4.212041,2.756463,2.528176,2.578239,38366.00
12/01/2000,2.453081,2.553207,2.453081,2.553207,20500,0.000,0.0,-,4.232817,2.787501,2.528176,2.598264,38254.00
11/30/2000,2.453082,2.503145,2.403019,2.503145,35900,0.000,0.0,-,4.253093,2.817539,2.520666,2.608277,38666.00
11/29/2000,2.553207,2.553207,2.403018,2.453081,24400,0.000,0.0,-,4.270114,2.852583,2.510654,2.598264,39156.00
11/28/2000,2.603270,2.603270,2.553207,2.553207,23100,0.000,0.0,-,4.286635,2.888629,2.505648,2.593258,39090.00
11/27/2000,2.603270,2.803522,2.603270,2.653333,94400,0.000,0.0,-,4.302404,2.921670,2.490629,2.568226,39346.00
11/24/2000,2.603270,2.653333,2.603270,2.653333,12000,0.000,0.0,-,4.317173,2.954712,2.473107,2.543195,38312.00
11/22/2000,2.603270,2.603270,2.553207,2.603270,16400,0.000,0.0,-,4.332192,2.986752,2.460591,2.523170,38364.00
11/21/2000,2.703396,2.703396,2.603270,2.603270,26900,0.000,0.0,-,4.346960,3.021796,2.450578,2.513157,38322.00
11/20/2000,2.703397,2.753459,2.603271,2.703397,23000,0.000,0.0,-,4.361228,3.057841,2.445572,2.503144,38528.00
11/17/2000,2.803522,2.803522,2.703397,2.703397,32200,0.000,0.0,-,4.375496,3.088880,2.438063,2.478113,39122.00
11/16/2000,2.403019,2.653333,2.403019,2.653333,104600,0.000,0.0,-,4.389264,3.118918,2.423044,2.458088,39200.00
11/15/2000,2.403018,2.403018,2.403018,2.403018,18700,0.000,0.0,-,4.404032,3.147954,2.410528,2.433056,37582.00
11/14/2000,2.302893,2.453081,2.302893,2.403018,64400,0.000,0.0,-,4.420303,3.181997,2.408025,2.423044,38490.00
11/13/2000,2.403018,2.403018,2.302892,2.302892,24700,0.000,0.0,-,4.436573,3.220045,2.413031,2.418037,37576.00
11/10/2000,2.503144,2.503144,2.403018,2.403018,13700,0.000,0.0,-,4.453094,3.262098,2.418037,2.413031,37422.00
11/09/2000,2.553207,2.553207,2.453081,2.453081,13200,0.000,0.0,-,4.470115,3.302148,2.415534,2.403018,37920.00
11/08/2000,2.503145,2.553208,2.453082,2.503145,6800,0.000,0.0,-,4.486135,3.342198,2.410528,2.398012,38312.00
11/07/2000,2.403019,2.553208,2.352956,2.503145,63800,0.000,0.0,-,4.502406,3.378243,2.418037,2.388000,39500.00
11/06/2000,2.453081,2.503144,2.403018,2.453081,50300,0.000,0.0,-,4.518676,3.410284,2.438063,2.388000,40548.00
11/03/2000,2.403019,2.503145,2.403019,2.503145,27900,0.000,0.0,-,4.534947,3.440321,2.460591,2.398012,40540.00
11/02/2000,2.352956,2.403018,2.302893,2.403018,29400,0.000,0.0,-,4.550466,3.464352,2.488126,2.388000,41068.00
11/01/2000,2.352955,2.403018,2.302892,2.302892,25900,0.000,0.0,-,4.566486,3.488382,2.533182,2.388000,41152.00
10/31/2000,2.302893,2.352956,2.152704,2.352956,69600,0.000,0.0,-,4.583508,3.510409,2.590755,2.393006,42140.00
10/30/2000,2.302892,2.302892,2.152704,2.252829,111100,0.000,0.0,-,4.600529,3.529433,2.653333,2.408025,42872.00
10/27/2000,2.403018,2.403018,2.302892,2.302892,27500,0.000,0.0,-,4.618051,3.545453,2.735937,2.423044,51364.00
10/26/2000,2.352956,2.453081,2.352956,2.403018,29300,0.000,0.0,-,4.634572,3.567481,2.828553,2.428050,51548.00
10/25/2000,2.553207,2.553207,2.403018,2.403018,29600,0.000,0.0,-,4.649841,3.585504,2.916163,2.423044,51192.00
10/24/2000,2.653333,2.653333,2.453082,2.503145,50000,0.000,0.0,-,4.665611,3.603526,3.001270,2.448075,51556.00
10/23/2000,2.403019,2.553207,2.403019,2.553207,32300,0.000,0.0,-,4.681130,3.618545,3.083874,2.488126,51798.00
10/20/2000,2.352956,2.403018,2.352956,2.403018,8300,0.000,0.0,-,4.696149,3.631562,3.163974,2.523170,53134.00
10/19/2000,2.352956,2.403018,2.302893,2.403018,15000,0.000,0.0,-,4.712169,3.644578,3.246578,2.588252,53276.00
10/18/2000,2.503145,2.503145,2.352956,2.352956,34500,0.000,0.0,-,4.728189,3.657594,3.329182,2.678365,53536.00
10/17/2000,2.453082,2.503145,2.403019,2.503145,17500,0.000,0.0,-,4.744209,3.673615,3.424301,2.788503,53566.00
10/16/2000,2.352956,2.503144,2.352956,2.403018,43200,0.000,0.0,-,4.759979,3.689635,3.511911,2.898641,53904.00
10/13/2000,2.403019,2.453082,2.252830,2.352956,59700,0.000,0.0,-,4.777501,3.708659,3.602025,3.048830,54180.00
10/12/2000,2.703396,2.703396,2.302893,2.352956,122600,0.000,0.0,-,4.795524,3.730686,3.699647,3.229056,53366.00
10/11/2000,2.903648,2.903648,2.603270,2.653333,77200,0.000,0.0,-,4.812295,3.755718,3.794767,3.409283,51452.00
10/10/2000,2.903648,2.953711,2.903648,2.903648,21300,0.000,0.0,-,4.827564,3.774742,3.879874,3.554465,50336.00
10/09/2000,3.003774,3.003774,2.753459,2.903648,38900,0.000,0.0,-,4.842833,3.787758,3.954968,3.679622,50906.00
10/06/2000,3.254089,3.254089,2.953711,3.053837,22700,0.000,0.0,-,4.859104,3.797770,4.022553,3.804779,50480.00
10/05/2000,3.404276,3.404276,3.304150,3.304150,28400,0.000,0.0,-,4.872871,3.805781,4.080125,3.904905,51080.00
10/04/2000,3.654592,3.704655,3.404278,3.454340,20600,0.000,0.0,-,4.884636,3.812789,4.120175,3.979999,50862.00
10/03/2000,3.904904,3.954967,3.604527,3.604527,62800,0.000,0.0,-,4.895399,3.820799,4.152716,4.060099,50746.00
10/02/2000,4.155219,4.155219,3.904905,3.904905,23000,0.000,0.0,-,4.905662,3.825806,4.187760,4.125181,50056.00
09/29/2000,4.155219,4.205282,4.155219,4.155219,57400,0.000,0.0,-,4.912671,3.822802,4.212792,4.155219,50092.00
09/28/2000,4.105156,4.155219,4.055093,4.155219,22500,0.000,0.0,-,4.918679,3.814792,4.225307,4.170238,50454.00
09/27/2000,4.155218,4.155218,4.105155,4.105155,62700,0.000,0.0,-,4.925938,3.809786,4.240326,4.180251,50450.00
09/26/2000,4.155219,4.205282,4.105156,4.155219,38100,0.000,0.0,-,4.934198,3.806782,4.250339,4.205282,50696.00
09/25/2000,4.055093,4.155219,4.055093,4.155219,15900,0.000,0.0,-,4.942959,3.802777,4.247836,4.230314,51272.00
09/22/2000,4.055091,4.105154,4.005029,4.055091,18800,0.000,0.0,-,4.951720,3.795768,4.237823,4.240327,53556.00
09/21/2000,4.205280,4.205280,4.055091,4.055091,41100,0.000,0.0,-,4.960231,3.780749,4.220301,4.255346,54902.00
09/20/2000,4.205284,4.255347,4.105158,4.255347,60400,0.000,0.0,-,4.968491,3.757720,4.197773,4.260352,73364.00
09/19/2000,4.255347,4.305410,4.205284,4.255347,21100,0.000,0.0,-,4.976251,3.731688,4.155219,4.245333,73522.00
09/18/2000,4.305409,4.305409,4.205284,4.205284,35900,0.000,0.0,-,4.986514,3.707657,4.107660,4.250339,73568.00
09/15/2000,4.255344,4.305407,4.255344,4.305407,42700,0.000,0.0,-,4.995775,3.683627,4.050087,4.270364,74238.00
09/14/2000,4.305410,4.355473,4.255347,4.255347,14600,0.000,0.0,-,5.006038,3.659597,4.005031,4.280377,73750.00
09/13/2000,4.355472,4.355472,4.305409,4.355472,14300,0.000,0.0,-,5.017803,3.636568,3.957471,4.300402,74892.00
09/12/2000,4.255345,4.405533,4.205282,4.405533,37200,0.000,0.0,-,5.030569,3.612538,3.904905,4.295395,74950.00
09/11/2000,4.205284,4.305410,4.205284,4.255347,52700,0.000,0.0,-,5.043585,3.588508,3.847333,4.265357,76514.00
09/08/2000,4.055095,4.255347,4.055095,4.205284,36100,0.000,0.0,-,5.058354,3.566480,3.794766,4.235320,76448.00
09/07/2000,4.205281,4.205281,4.055093,4.105155,23700,0.000,0.0,-,5.069618,3.544452,3.737194,4.185256,80128.00
09/06/2000,4.205281,4.205281,4.005030,4.105155,64100,0.000,0.0,-,5.080882,3.539446,3.684628,4.135194,82046.00
09/05/2000,4.355469,4.405532,4.305407,4.305407,18700,0.000,0.0,-,5.093899,3.536442,3.637069,4.065106,82320.00
09/01/2000,4.405533,4.455596,4.355470,4.405533,17000,0.000,0.0,-,5.107416,3.530435,3.587006,3.964980,82642.00
08/31/2000,4.405533,4.405533,4.355470,4.405533,38600,0.000,0.0,-,5.118680,3.521424,3.534440,3.829810,83362.00
08/30/2000,4.355471,4.505660,4.355471,4.455597,32800,0.000,0.0,-,5.128943,3.513414,3.486880,3.729685,84184.00
08/29/2000,4.155218,4.405532,4.155218,4.305407,66200,0.000,0.0,-,5.138204,3.510410,3.444327,3.614540,83996.00
08/28/2000,4.005030,4.205281,4.005030,4.105155,116200,0.000,0.0,-,5.145463,3.512412,3.409283,3.514415,82768.00
08/25/2000,3.804780,3.954969,3.754717,3.954969,49900,0.000,0.0,-,5.153473,3.518420,3.381748,3.429308,81004.00
08/24/2000,3.604527,3.754715,3.604527,3.704653,54300,0.000,0.0,-,5.162485,3.527431,3.354214,3.354213,80252.00
08/23/2000,3.354212,3.604527,3.354212,3.604527,33600,0.000,0.0,-,5.172497,3.543451,3.341698,3.289132,79848.00
08/22/2000,3.354214,3.554466,3.354214,3.404277,75300,0.000,0.0,-,5.183762,3.560473,3.344201,3.234063,79994.00
08/21/2000,3.103898,3.304150,3.103898,3.304150,106200,0.000,0.0,-,5.195777,3.582500,3.366729,3.209031,79848.00
08/18/2000,3.454341,3.554466,3.053837,3.053837,535700,0.000,0.0,-,5.207541,3.603527,3.394264,3.209031,78306.00
08/17/2000,3.254089,3.404277,3.254089,3.404277,36700,0.000,0.0,-,5.221309,3.626556,3.429308,3.239069,69280.00
08/16/2000,3.304150,3.354213,3.254087,3.304150,11500,0.000,0.0,-,5.233073,3.646581,3.446830,3.244075,70420.00
08/15/2000,3.204024,3.354213,3.204024,3.304150,47800,0.000,0.0,-,5.247091,3.672613,3.476868,3.274113,71506.00
08/14/2000,3.153962,3.254088,3.103899,3.254088,62100,0.000,0.0,-,5.259607,3.703652,3.509409,3.304151,71206.00
08/11/2000,3.103899,3.304151,3.103899,3.204025,99100,0.000,0.0,-,5.273374,3.737695,3.544453,3.334188,71444.00
08/10/2000,3.053837,3.103900,3.053837,3.053837,15400,0.000,0.0,-,5.290646,3.770737,3.574490,3.354214,70748.00
08/09/2000,3.153963,3.204026,3.053837,3.053837,28000,0.000,0.0,-,5.309419,3.806782,3.587006,3.394264,72958.00
08/08/2000,3.304151,3.354213,3.153962,3.153962,36000,0.000,0.0,-,5.325690,3.844830,3.579497,3.454340,72630.00
08/07/2000,3.304150,3.354213,3.254087,3.304150,34400,0.000,0.0,-,5.339958,3.880875,3.569484,3.524428,72730.00
08/04/2000,3.354214,3.404277,3.304151,3.354214,57000,0.000,0.0,-,5.351723,3.914918,3.556968,3.579497,72410.00
08/03/2000,3.554466,3.554466,3.454340,3.454340,19000,0.000,0.0,-,5.363487,3.948960,3.539446,3.619547,72322.00
08/02/2000,3.604527,3.654590,3.504401,3.604527,26900,0.000,0.0,-,5.373500,3.981001,3.521924,3.649585,72536.00
08/01/2000,3.554464,3.604527,3.504401,3.604527,21400,0.000,0.0,-,5.382762,4.012040,3.496893,3.679622,72742.00
07/31/2000,3.454340,3.554465,3.304151,3.554465,49800,0.000,0.0,-,5.392273,4.045081,3.474365,3.714667,73156.00
07/28/2000,3.504403,3.504403,3.404277,3.404277,17600,0.000,0.0,-,5.403037,4.082128,3.456843,3.754717,72682.00
07/27/2000,3.654592,3.654592,3.354215,3.454340,52700,0.000,0.0,-,5.415052,4.125182,3.444327,3.794767,72610.00
07/26/2000,3.804781,3.854844,3.654593,3.654593,17500,0.000,0.0,-,5.426567,4.167235,3.426805,3.779748,71922.00
07/25/2000,3.904906,3.904906,3.804780,3.854843,14800,0.000,0.0,-,5.437831,4.206284,3.436817,3.704654,72098.00
07/24/2000,3.754717,3.904906,3.754717,3.854843,28300,0.000,0.0,-,5.448594,4.239325,3.441824,3.614540,72462.00
07/21/2000,3.754716,3.854841,3.704653,3.754716,24800,0.000,0.0,-,5.458106,4.274369,3.449333,3.534440,72230.00
07/20/2000,3.904904,3.954967,3.704653,3.754716,75500,0.000,0.0,-,5.466367,4.311416,3.459346,3.459345,72524.00
07/19/2000,3.954968,4.005031,3.904905,3.904905,22300,0.000,0.0,-,5.473626,4.349463,3.471861,3.394264,71440.00
07/18/2000,3.954969,4.005032,3.904906,3.954969,75000,0.000,0.0,-,5.500910,4.384507,3.491886,3.314163,71332.00
07/17/2000,3.904906,4.005032,3.904906,3.954969,66900,0.000,0.0,-,5.527694,4.417549,3.514415,3.234063,70210.00
07/14/2000,3.404275,3.854841,3.404275,3.804778,130100,0.000,0.0,-,5.555228,4.451592,3.536943,3.158968,70774.00
07/13/2000,2.953710,3.354213,2.953710,3.304150,86100,0.000,0.0,-,5.583013,4.485634,3.566981,3.093887,68238.00
07/12/2000,2.953711,2.953711,2.703396,2.903648,964200,0.000,0.0,-,5.613551,4.529690,3.627056,3.073862,66902.00
07/11/2000,3.053836,3.053836,2.903647,2.953710,68300,0.000,0.0,-,5.647094,4.582756,3.704654,3.168981,48054.00
07/10/2000,3.003774,3.103900,3.003774,3.053837,23400,0.000,0.0,-,5.681136,4.633821,3.782251,3.269107,47240.00
07/07/2000,3.053837,3.103899,3.003774,3.003774,69400,0.000,0.0,-,5.715930,4.683883,3.847333,3.364226,47468.00
07/06/2000,3.053836,3.103899,3.053836,3.103899,18300,0.000,0.0,-,5.751975,4.730943,3.907408,3.459346,46300.00
07/05/2000,3.204025,3.204025,3.003773,3.103899,71700,0.000,0.0,-,5.787520,4.775999,3.972490,3.549459,47498.00
07/03/2000,3.153962,3.204025,3.153962,3.153962,17200,0.000,0.0,-,5.827070,4.822057,4.047584,3.669610,46448.00
06/30/2000,3.103899,3.204025,3.103899,3.204025,115400,0.000,0.0,-,5.867120,4.864110,4.132691,3.794767,46398.00
06/29/2000,3.153962,3.153962,3.103899,3.153962,49400,0.000,0.0,-,5.907421,4.906163,4.220301,3.914918,44832.00
06/28/2000,3.504402,3.554465,3.103899,3.103899,220100,0.000,0.0,-,5.949223,4.946213,4.305408,4.040075,44712.00
06/27/2000,3.904906,3.904906,3.554466,3.854843,119600,0.000,0.0,-,5.991026,4.986263,4.393018,4.180251,41584.00
06/26/2000,4.005032,4.005032,3.904906,3.954969,77800,0.000,0.0,-,6.031326,5.010294,4.448087,4.240326,40714.00
06/23/2000,4.005031,4.005031,3.904905,4.005031,34800,0.000,0.0,-,6.071627,5.037327,4.498150,4.295395,41950.00
06/22/2000,4.055094,4.055094,3.854843,3.954969,53000,0.000,0.0,-,6.111177,5.064361,4.548213,4.330439,42062.00
06/21/2000,4.205283,4.205283,4.005031,4.005031,79700,0.000,0.0,-,6.151727,5.088392,4.603282,4.355471,41644.00
06/20/2000,4.355469,4.405532,4.255344,4.305407,23400,0.000,0.0,-,6.194531,5.118429,4.655848,4.395521,40476.00
06/19/2000,4.405533,4.405533,4.355470,4.405533,4800,0.000,0.0,-,6.234081,5.145463,4.698402,4.425559,40694.00
06/16/2000,4.455596,4.455596,4.405533,4.405533,28000,0.000,0.0,-,6.270126,5.171496,4.740955,4.470615,42474.00
06/15/2000,4.505659,4.505659,4.405533,4.405533,12300,0.000,0.0,-,6.305170,5.191521,4.791018,4.525685,43304.00
06/14/2000,4.455596,4.505659,4.405533,4.505659,34100,0.000,0.0,-,6.339714,5.199531,4.848590,4.570741,45116.00
06/13/2000,4.505660,4.505660,4.405534,4.455597,40900,0.000,0.0,-,6.373006,5.214550,4.901157,4.605785,45476.00
06/12/2000,4.405533,4.605784,4.405533,4.505659,68000,0.000,0.0,-,6.407549,5.227567,4.958729,4.655848,46694.00
06/09/2000,4.205283,4.405535,4.205283,4.355472,29100,0.000,0.0,-,6.441842,5.249594,5.008792,4.700905,46738.00
06/08/2000,4.405535,4.505661,4.205284,4.205284,84400,0.000,0.0,-,6.476886,5.280633,5.071370,4.765987,46544.00
06/07/2000,4.605785,4.605785,4.355470,4.405533,93700,0.000,0.0,-,6.512681,5.314676,5.141458,4.851093,45438.00
06/06/2000,4.755973,4.755973,4.505658,4.605784,65800,0.000,0.0,-,6.549727,5.349720,5.204037,4.916175,43948.00
06/05/2000,5.006289,5.006289,4.755974,4.856100,32800,0.000,0.0,-,6.582769,5.381760,5.256603,4.971244,43050.00
06/02/2000,4.856099,5.006288,4.856099,4.956225,74000,0.000,0.0,-,6.610304,5.412799,5.294150,5.011295,45450.00
06/01/2000,4.856100,4.856100,4.806037,4.856100,64300,0.000,0.0,-,6.639090,5.430822,5.329194,5.056352,44786.00
05/31/2000,5.006289,5.006289,4.806037,4.856100,125900,0.000,0.0,-,6.670379,5.453851,5.361735,5.126440,43980.00
05/30/2000,4.956225,5.006288,4.956225,4.956225,11600,0.000,0.0,-,6.702169,5.478882,5.394276,5.196528,42214.00
05/26/2000,5.006288,5.006288,4.856099,4.956225,41000,0.000,0.0,-,6.735961,5.504915,5.424313,5.261609,42574.00
05/25/2000,5.006289,5.156478,5.006289,5.006289,18400,0.000,0.0,-,6.770505,5.528945,5.451848,5.316679,42594.00
05/24/2000,5.056352,5.056352,4.956226,5.056352,52600,0.000,0.0,-,6.804047,5.553977,5.479382,5.376754,42672.00
05/23/2000,5.106415,5.306667,5.056352,5.056352,29700,0.000,0.0,-,6.835336,5.580009,5.494401,5.431823,43736.00
05/22/2000,5.306665,5.306665,5.056350,5.156476,37200,0.000,0.0,-,6.868127,5.605041,5.509420,5.491898,44390.00
05/19/2000,5.506919,5.506919,5.256605,5.256605,42100,0.000,0.0,-,6.902170,5.624065,5.521936,5.541961,45478.00
05/18/2000,5.506919,5.506919,5.406793,5.406793,26100,0.000,0.0,-,6.936213,5.641086,5.521936,5.577005,46936.00
05/17/2000,5.506917,5.556980,5.506917,5.556980,14000,0.000,0.0,-,6.973009,5.659109,5.516930,5.602036,50018.00
05/16/2000,5.607043,5.607043,5.506917,5.556980,18300,0.000,0.0,-,7.008804,5.663114,5.496905,5.597030,50296.00
05/15/2000,5.607041,5.607041,5.456853,5.607041,26300,0.000,0.0,-,7.044849,5.669121,5.474376,5.592024,50766.00
05/12/2000,5.607043,5.657106,5.506917,5.506917,33000,0.000,0.0,-,7.081395,5.679134,5.446842,5.587017,51298.00
05/11/2000,5.657104,5.657104,5.556978,5.607041,16700,0.000,0.0,-,7.120695,5.694153,5.436829,5.587017,52096.00
05/10/2000,5.657104,5.707167,5.607041,5.607041,39500,0.000,0.0,-,7.160495,5.707169,5.424314,5.582011,52626.00
05/09/2000,5.657106,5.707169,5.657106,5.657106,21300,0.000,0.0,-,7.200545,5.721187,5.401786,5.556980,55900.00
05/08/2000,5.657106,5.707169,5.657106,5.657106,16900,0.000,0.0,-,7.238843,5.735205,5.394276,5.526943,58686.00
05/05/2000,5.607041,5.707167,5.556978,5.607041,18900,0.000,0.0,-,7.278893,5.743215,5.394276,5.501911,60020.00
05/04/2000,5.456854,5.657106,5.456854,5.657106,95100,0.000,0.0,-,7.317442,5.759235,5.399283,5.466868,66184.00
05/03/2000,5.556980,5.556980,5.456855,5.506917,3300,0.000,0.0,-,7.357492,5.786269,5.386767,5.431824,68210.00
05/02/2000,5.506917,5.556980,5.456855,5.506917,19300,0.000,0.0,-,7.395790,5.810299,5.351723,5.396780,70468.00
05/01/2000,5.506917,5.556980,5.506917,5.556980,21800,0.000,0.0,-,7.432336,5.833328,5.339207,5.356729,73116.00
04/28/2000,5.506917,5.556980,5.456855,5.506917,27600,0.000,0.0,-,7.473137,5.854354,5.316679,5.306666,83154.00
04/27/2000,5.356728,5.556980,5.356728,5.556980,34800,0.000,0.0,-,7.515190,5.862364,5.321685,5.286641,83350.00
04/26/2000,5.356730,5.406793,5.306668,5.356730,11000,0.000,0.0,-,7.557243,5.866369,5.339207,5.266616,83652.00
04/25/2000,5.306668,5.356730,5.256605,5.356730,78200,0.000,0.0,-,7.599797,5.873378,5.366742,5.246591,84042.00
04/24/2000,5.306667,5.406793,5.306667,5.406793,19200,0.000,0.0,-,7.643602,5.878384,5.406792,5.261610,83902.00
04/20/2000,5.356730,5.356730,5.206542,5.256605,14700,0.000,0.0,-,7.688909,5.883391,5.446842,5.286641,86956.00
04/19/2000,5.156478,5.356729,5.106415,5.306666,37100,0.000,0.0,-,7.736468,5.889398,5.504414,5.331697,88382.00
04/18/2000,5.206539,5.206539,5.006287,5.156476,43400,0.000,0.0,-,7.782276,5.892402,5.531949,5.341710,88088.00
04/17/2000,5.006289,5.106414,4.956226,5.106414,63700,0.000,0.0,-,7.828584,5.900412,5.574502,5.306666,88742.00
04/14/2000,5.256604,5.356729,5.006289,5.056352,76100,0.000,0.0,-,7.875894,5.907421,5.624566,5.321685,88428.00
04/13/2000,5.306666,5.406792,5.306666,5.306666,139600,0.000,0.0,-,7.922953,5.918435,5.684641,5.326691,88388.00
04/12/2000,5.406793,5.506919,5.306668,5.356730,40400,0.000,0.0,-,7.968510,5.925443,5.727194,5.356729,87366.00
04/11/2000,5.506916,5.506916,5.156476,5.156476,32100,0.000,0.0,-,8.015319,5.931451,5.772251,5.411798,91074.00
04/10/2000,5.607043,5.707169,5.506917,5.506917,21300,0.000,0.0,-,8.060876,5.940462,5.832326,5.486892,92424.00
04/07/2000,5.707169,5.707169,5.456854,5.657106,34300,0.000,0.0,-,8.104180,5.946470,5.872377,5.551974,92902.00
04/06/2000,5.506918,6.007546,5.506918,5.707169,93800,0.000,0.0,-,8.146734,5.946470,5.894905,5.607043,92822.00
04/05/2000,5.006290,5.556982,5.006290,5.406793,69500,0.000,0.0,-,8.189788,5.947471,5.914930,5.677131,92526.00
04/04/2000,5.256603,5.306666,4.505660,4.806037,102900,0.000,0.0,-,8.233593,5.954480,5.959987,5.722188,93350.00
04/03/2000,5.306668,5.456856,5.206542,5.256605,52100,0.000,0.0,-,8.280151,5.972502,6.007547,5.842339,94484.00
03/31/2000,5.556980,5.657106,5.106414,5.106414,101800,0.000,0.0,-,8.323956,5.979511,6.037584,5.927446,94452.00
03/30/2000,6.007544,6.007544,5.506916,5.607041,70200,0.000,0.0,-,8.369514,5.989524,6.087647,6.042590,94864.00
03/29/2000,5.957483,6.007545,5.907420,5.907420,19400,0.000,0.0,-,8.410315,5.991526,6.120188,6.097660,94388.00
03/28/2000,6.107671,6.157734,5.907420,5.907420,29100,0.000,0.0,-,8.447111,5.988522,6.137710,6.132704,95596.00
03/27/2000,6.107672,6.257860,6.107672,6.157734,19200,0.000,0.0,-,8.480904,5.985519,6.157736,6.177760,96682.00
03/24/2000,6.408050,6.408050,6.207798,6.207798,20900,0.000,0.0,-,8.514195,5.974505,6.167748,6.192779,97800.00
03/23/2000,5.907421,6.408050,5.907421,6.408050,152800,0.000,0.0,-,8.546736,5.959486,6.160239,6.182767,99728.00
03/22/2000,6.057610,6.057610,5.757233,5.857358,40800,0.000,0.0,-,8.579277,5.942465,6.160239,6.152730,98068.00
03/21/2000,6.057610,6.107673,5.907422,6.007547,24000,0.000,0.0,-,8.614822,5.937458,6.217811,6.197786,98318.00
03/20/2000,6.207800,6.357989,6.107675,6.107675,37600,0.000,0.0,-,8.648364,5.928447,6.252855,6.172755,98924.00
03/17/2000,6.107672,6.357986,6.107672,6.257861,29600,0.000,0.0,-,8.681155,5.918434,6.280389,6.147723,98938.00
03/16/2000,6.157734,6.307923,6.157734,6.157734,42000,0.000,0.0,-,8.714197,5.905418,6.297911,6.132704,99254.00
03/15/2000,6.307924,6.357986,6.207798,6.257861,22300,0.000,0.0,-,8.746988,5.893403,6.285396,6.142717,99818.00
03/14/2000,6.357986,6.558238,6.257860,6.357986,105800,0.000,0.0,-,8.780029,5.881388,6.260364,6.142717,100904.00
03/13/2000,5.957484,6.307924,5.957484,6.307924,62400,0.000,0.0,-,8.811319,5.872376,6.227823,6.137711,99916.00
03/10/2000,6.207800,6.357989,6.007549,6.107675,91600,0.000,0.0,-,8.846363,5.865368,6.192779,6.142717,101364.00
03/09/2000,6.408052,6.508178,5.757234,6.107675,115000,0.000,0.0,-,8.884911,5.857357,6.170251,6.137710,100656.00
03/08/2000,6.408050,6.458112,6.257861,6.307924,180200,0.000,0.0,-,8.923209,5.849347,6.142716,6.167748,100486.00
03/07/2000,5.757232,5.807295,5.757232,5.757232,27900,0.000,0.0,-,8.957502,5.842339,6.100163,6.237836,98202.00
03/06/2000,6.007547,6.007547,5.807296,5.857358,41800,0.000,0.0,-,8.994799,5.850349,6.090150,6.332955,99566.00
03/03/2000,6.007549,6.157738,5.807297,6.107675,52900,0.000,0.0,-,9.030844,5.849347,6.070125,6.413056,102970.00
03/02/2000,6.257861,6.307924,6.007546,6.257861,72900,0.000,0.0,-,9.065888,5.840336,6.045093,6.463118,104036.00
03/01/2000,6.207798,6.307924,6.207798,6.257861,43200,0.000,0.0,-,9.102434,5.827320,6.015055,6.428074,104338.00
02/29/2000,6.408050,6.408050,6.207798,6.307924,203200,0.000,0.0,-,9.139231,5.815304,5.985018,6.378011,106210.00
02/28/2000,6.207797,6.458112,6.207797,6.357986,160600,0.000,0.0,-,9.176778,5.795279,5.949974,6.317936,104902.00
02/25/2000,6.307923,6.357986,6.007546,6.057609,83600,0.000,0.0,-,9.215576,5.775254,5.922439,6.242841,107422.00
02/24/2000,6.408050,6.508175,5.707169,6.408050,327100,0.000,0.0,-,9.256127,5.766243,5.902414,6.202791,107180.00
02/23/2000,6.708425,7.108928,6.608299,7.008802,196400,0.000,0.0,-,9.289419,5.753227,5.869873,6.117684,103480.00
02/22/2000,6.708428,7.008805,6.658365,6.708428,116200,0.000,0.0,-,9.314200,5.731199,5.807295,5.962490,101286.00
02/18/2000,6.608301,6.958742,6.608301,6.658364,151700,0.000,0.0,-,9.342236,5.715179,5.757232,5.847345,100760.00
02/17/2000,5.957482,7.509432,5.957482,6.608300,523700,0.000,0.0,-,9.373525,5.697156,5.704665,5.727194,99346.00
02/16/2000,5.807294,5.957483,5.707168,5.907420,37400,0.000,0.0,-,9.402061,5.679133,5.654603,5.627068,90468.00
02/15/2000,5.707169,5.807295,5.707169,5.757232,49900,0.000,0.0,-,9.437105,5.677131,5.644590,5.602037,94084.00
02/14/2000,5.607043,5.707169,5.607043,5.707169,30500,0.000,0.0,-,9.472900,5.688145,5.644590,5.592024,96768.00
02/11/2000,5.607041,5.707167,5.607041,5.607041,71200,0.000,0.0,-,9.507443,5.695154,5.647093,5.582011,101416.00
02/10/2000,5.506917,5.757232,5.506917,5.657106,171900,0.000,0.0,-,9.543488,5.710172,5.647093,5.602037,102502.00
02/09/2000,5.506917,5.556980,5.506917,5.556980,86000,0.000,0.0,-,9.578783,5.729196,5.637081,5.602037,103382.00
02/08/2000,5.506919,5.556982,5.456856,5.456856,22400,0.000,0.0,-,9.613576,5.756230,5.637081,5.622062,104984.00
02/07/2000,5.506917,5.556980,5.406791,5.556980,76100,0.000,0.0,-,9.648620,5.787269,5.644590,5.652100,105846.00
02/04/2000,5.556982,5.607044,5.456856,5.456856,48000,0.000,0.0,-,9.684415,5.820311,5.644590,5.667119,110546.00
02/03/2000,5.607041,5.707167,5.506916,5.607041,74100,0.000,0.0,-,9.719459,5.840336,5.652099,5.682137,114632.00
02/02/2000,5.607043,5.707169,5.607043,5.657106,88500,0.000,0.0,-,9.755254,5.855355,5.652099,5.682137,116344.00
02/01/2000,5.657106,5.757232,5.556980,5.657106,225800,0.000,0.0,-,9.789548,5.876381,5.647093,5.687143,117348.00
01/31/2000,5.707167,5.857356,5.607041,5.607041,99600,0.000,0.0,-,9.822589,5.903415,5.647093,5.697156,118496.00
01/28/2000,5.657107,5.857359,5.657107,5.807296,45200,0.000,0.0,-,9.853378,5.924442,5.662112,5.712175,120692.00
01/27/2000,5.757232,5.757232,5.607043,5.657106,30300,0.000,0.0,-,9.885168,5.937458,5.669621,5.692150,124474.00
01/26/2000,5.757232,5.807295,5.707169,5.757232,79000,0.000,0.0,-,9.918459,5.950474,5.672124,5.672125,126536.00
01/25/2000,5.807295,5.807295,5.707169,5.757232,110700,0.000,0.0,-,9.947246,5.950474,5.669621,5.652099,126728.00
01/24/2000,5.707169,5.807295,5.657106,5.707169,159600,0.000,0.0,-,9.973028,5.949473,5.679634,5.637080,125792.00
01/21/2000,5.556978,5.707167,5.556978,5.607041,50500,0.000,0.0,-,10.000312,5.950474,5.702162,5.622061,123732.00
01/20/2000,5.657104,5.657104,5.556978,5.607041,122400,0.000,0.0,-,10.028348,5.952477,5.712175,5.622061,124024.00
01/19/2000,5.607043,5.707169,5.556980,5.707169,46400,0.000,0.0,-,10.058385,5.957483,5.714678,5.622061,123436.00
01/18/2000,5.657106,5.757232,5.657106,5.757232,79800,0.000,0.0,-,10.089675,5.959486,5.709672,5.607042,132210.00
01/14/2000,5.657106,5.757232,5.657106,5.757232,83400,0.000,0.0,-,10.120964,5.957483,5.704665,5.597030,133728.00
01/13/2000,5.506916,5.757230,5.456853,5.607041,75100,0.000,0.0,-,10.151002,5.958484,5.682137,5.612049,134270.00
01/12/2000,5.506919,5.607044,5.406793,5.456856,117300,0.000,0.0,-,10.181540,5.961488,5.669622,5.647093,134874.00
01/11/2000,5.607043,5.607043,5.506917,5.556980,69800,0.000,0.0,-,10.213831,5.974505,5.677131,5.672124,134258.00
01/10/2000,5.607041,5.657104,5.607041,5.607041,53300,0.000,0.0,-,10.247623,5.979511,5.687143,5.687143,137506.00
01/07/2000,5.556980,5.657105,5.556980,5.556980,54300,0.000,0.0,-,10.279663,5.987521,5.702162,5.722187,139028.00
01/06/2000,5.556978,5.707167,5.556978,5.607041,38300,0.000,0.0,-,10.304945,6.009549,5.719684,5.782263,140512.00
01/05/2000,5.556978,5.707167,5.556978,5.607041,45400,0.000,0.0,-,10.326722,6.033579,5.727194,5.802288,146036.00
01/04/2000,5.607043,5.757231,5.556980,5.556980,70200,0.000,0.0,-,10.345746,6.047597,5.732200,5.807295,147916.00
01/03/2000,5.907420,5.907420,5.506917,5.657106,76600,0.000,0.0,-,10.364520,6.056608,5.744716,5.812301,148516.00
12/31/1999,5.857357,5.907420,5.757231,5.907420,56400,0.000,0.0,-,10.383544,6.056608,5.777257,5.812301,150986.00
12/30/1999,5.707170,5.957484,5.607044,5.957484,134800,0.000,0.0,-,10.401566,6.052603,5.784766,5.752226,153462.00
12/29/1999,5.607043,5.757232,5.607043,5.707169,56200,0.000,0.0,-,10.419339,6.042591,5.804792,5.692150,154830.00
12/28/1999,5.857358,5.857358,5.456855,5.707169,106500,0.000,0.0,-,10.439865,6.037584,5.849848,5.682137,155732.00
12/27/1999,6.107673,6.157736,5.957484,5.957484,66000,0.000,0.0,-,10.460891,6.033579,5.909924,5.687144,156086.00
12/23/1999,5.707168,6.157734,5.707168,6.157734,96100,0.000,0.0,-,10.480165,6.028573,5.962490,5.682137,160816.00
12/22/1999,5.607044,5.807296,5.506918,5.807296,212000,0.000,0.0,-,10.499189,6.021564,6.015056,5.657106,164644.00
12/21/1999,5.707169,5.707169,5.356729,5.657106,106200,0.000,0.0,-,10.519965,6.020563,6.047596,5.652100,168040.00
12/20/1999,5.607041,5.757230,5.607041,5.607041,88000,0.000,0.0,-,10.541743,6.025569,6.082640,5.657106,170154.00
12/17/1999,5.206540,5.657106,5.206540,5.657106,136800,0.000,0.0,-,10.564521,6.033579,6.137710,5.677131,175670.00
12/16/1999,5.456855,5.556981,5.206541,5.306666,137800,0.000,0.0,-,10.588802,6.035582,6.205295,5.742213,185324.00
12/15/1999,5.556982,5.556982,5.256605,5.356730,286600,0.000,0.0,-,10.613082,6.037584,6.272879,5.817307,210796.00
12/14/1999,5.707167,5.807293,5.607041,5.607041,71500,0.000,0.0,-,10.638364,6.034581,6.327948,5.917433,255360.00
12/13/1999,5.807295,5.907421,5.707169,5.757232,142100,0.000,0.0,-,10.665648,6.109675,6.362993,6.017559,254254.00
12/10/1999,5.857357,5.907420,5.657105,5.907420,86700,0.000,0.0,-,10.692432,6.180764,6.362993,6.132704,253008.00
12/09/1999,5.707168,5.907420,5.707168,5.907420,89900,0.000,0.0,-,10.716963,6.251853,6.352980,6.242842,263954.00
12/08/1999,5.707169,6.007547,5.607044,5.757232,81000,0.000,0.0,-,10.746500,6.320940,6.345471,6.373005,263316.00
12/07/1999,5.807295,5.907421,5.607043,5.707169,79800,0.000,0.0,-,10.777038,6.394032,6.342968,6.443093,262210.00
12/06/1999,6.207799,6.207799,5.807296,5.807296,218200,0.000,0.0,-,10.809078,6.472130,6.350477,6.508175,261028.00
12/03/1999,6.107672,6.307924,5.907421,6.307924,184100,0.000,0.0,-,10.840117,6.551230,6.350477,6.598288,257190.00
12/02/1999,6.207797,6.257860,5.957483,6.057609,262900,0.000,0.0,-,10.866651,6.625323,6.317936,6.668376,254356.00
12/01/1999,6.558238,6.758489,6.257860,6.357986,125500,0.000,0.0,-,10.896438,6.708427,6.305420,6.728452,249480.00
11/30/1999,6.808551,6.908677,6.408048,6.608300,215900,0.000,0.0,-,10.923973,6.785524,6.275383,6.738464,248956.00
11/29/1999,6.908681,7.158995,6.708429,6.908681,166100,0.000,0.0,-,10.951507,6.873635,6.250352,6.708427,244788.00
11/26/1999,7.209054,7.209054,7.008802,7.008802,65500,0.000,0.0,-,10.980544,6.958741,6.195282,6.593282,241742.00
11/24/1999,6.458110,7.209054,6.408048,7.209054,311100,0.000,0.0,-,11.009580,7.043848,6.145220,6.463118,240554.00
11/23/1999,6.357986,7.008804,6.257861,6.458112,252300,0.000,0.0,-,11.035863,7.129957,6.117685,6.317936,235082.00
11/22/1999,6.708426,6.708426,6.207797,6.357986,159700,0.000,0.0,-,11.066151,7.230082,6.135207,6.242842,230472.00
11/19/1999,7.058868,7.108931,6.608302,6.708428,138700,0.000,0.0,-,11.097441,7.341222,6.132704,6.192779,227452.00
11/18/1999,6.708425,7.209054,6.658362,7.008802,283200,0.000,0.0,-,11.128480,7.447355,6.097660,6.102666,225006.00
11/17/1999,6.508176,6.708427,6.508176,6.658364,209400,0.000,0.0,-,11.161521,7.545479,6.030075,5.967496,219480.00
11/16/1999,6.307924,6.808552,6.307924,6.458112,234300,0.000,0.0,-,11.195063,7.653615,5.982515,5.882389,216354.00
11/15/1999,5.757232,6.558238,5.707169,6.307924,133400,0.000,0.0,-,11.230608,7.775768,5.932453,5.812301,212398.00
11/12/1999,5.607044,5.757232,5.607044,5.757232,88600,0.000,0.0,-,11.270158,7.893917,5.889899,5.792277,210294.00
11/11/1999,5.657106,5.757232,5.607043,5.707169,63900,0.000,0.0,-,11.313462,8.011064,5.877384,5.797283,208740.00
11/10/1999,5.707169,5.757232,5.607044,5.757232,56600,0.000,0.0,-,11.353262,8.125207,5.877384,5.827321,207672.00
11/09/1999,5.957483,5.957483,5.707169,5.707169,65100,0.000,0.0,-,11.392311,8.236347,5.879887,5.917434,207034.00
11/08/1999,5.907421,6.107673,5.807296,5.857358,93000,0.000,0.0,-,11.431861,8.345484,5.882390,6.027572,206114.00
11/05/1999,5.607044,5.857359,5.556981,5.807296,485100,0.000,0.0,-,11.470910,8.455622,5.884893,6.072629,204426.00
11/04/1999,5.757232,5.807295,5.506917,5.657106,155700,0.000,0.0,-,11.509458,8.566762,5.894905,6.092654,195028.00
11/03/1999,5.807296,5.907422,5.707170,5.807296,110500,0.000,0.0,-,11.550260,8.680905,5.899912,6.092654,192498.00
11/02/1999,5.907421,5.907421,5.757232,5.757232,105300,0.000,0.0,-,11.591561,8.792045,5.879887,6.082642,192214.00
11/01/1999,5.857360,6.157738,5.757234,6.107675,86500,0.000,0.0,-,11.634866,8.913197,5.852352,6.052604,190736.00
10/29/1999,6.007547,6.157736,5.807296,5.807296,232200,0.000,0.0,-,11.676418,9.015325,6.015056,5.987522,193228.00
10/28/1999,6.608302,6.758491,5.957484,6.007547,129400,0.000,0.0,-,11.720473,9.106439,6.190276,5.957484,190656.00
10/27/1999,6.708427,6.808553,6.307924,6.658364,128500,0.000,0.0,-,11.761024,9.200558,6.362993,5.927446,188638.00
10/26/1999,6.558240,6.958743,6.558240,6.808555,314500,0.000,0.0,-,11.796819,9.289670,6.498163,5.842339,186630.00
10/25/1999,6.007546,6.357987,6.007546,6.307924,139400,0.000,0.0,-,11.833365,9.377780,6.628326,5.737207,181314.00
10/22/1999,5.657107,6.007547,5.657107,6.007547,100200,0.000,0.0,-,11.873666,9.485916,6.793534,5.697157,178896.00
10/21/1999,5.607043,5.707169,5.607043,5.657106,200100,0.000,0.0,-,11.913716,9.603063,6.981270,5.697157,177102.00
10/20/1999,5.506918,5.807295,5.456855,5.707169,180200,0.000,0.0,-,11.956270,9.724215,7.199043,5.707169,173252.00
10/19/1999,5.506919,5.657107,5.256604,5.456856,203200,0.000,0.0,-,11.998823,9.836356,7.424326,5.677132,171618.00
10/18/1999,5.506919,5.556982,5.306667,5.456856,101300,0.000,0.0,-,12.044130,9.959511,7.662125,5.652100,168368.00
10/15/1999,5.607043,5.657106,5.406792,5.506917,124200,0.000,0.0,-,12.088436,10.089674,7.939974,6.042591,167166.00
10/14/1999,5.807295,5.807295,5.506918,5.707169,302500,0.000,0.0,-,12.131990,10.220839,8.222829,6.423068,167750.00
10/13/1999,5.707170,5.857359,5.506918,5.807296,287500,0.000,0.0,-,12.175044,10.362017,8.500679,6.798540,162168.00
10/12/1999,6.007547,6.007547,5.607044,5.757232,381800,0.000,0.0,-,12.218098,10.500190,8.786037,7.153986,156932.00
10/11/1999,6.007545,6.107671,5.857357,5.907420,211900,0.000,0.0,-,12.258399,10.640366,9.071395,7.519446,149556.00
10/08/1999,5.807296,6.007547,5.757233,6.007547,363800,0.000,0.0,-,12.296948,10.780542,9.371773,7.889911,145618.00
10/07/1999,5.556981,5.757232,5.306666,5.757232,619500,0.000,0.0,-,12.334244,10.927727,9.672150,8.265383,138644.00
10/06/1999,5.356730,5.757233,5.306667,5.406793,1411400,0.000,0.0,-,12.375296,11.083923,9.980037,8.690917,126462.00
10/05/1999,6.007547,6.007547,5.156478,5.206541,2514800,0.000,0.0,-,12.419852,11.248130,10.312955,9.171521,98972.00
10/04/1999,9.311695,9.361758,9.211570,9.361758,16200,0.000,0.0,-,12.468663,11.410333,10.680917,9.672150,49114.00
10/01/1999,9.411821,9.612072,9.111444,9.311695,79800,0.000,0.0,-,12.497700,11.496442,10.823597,9.837357,49352.00
09/30/1999,9.361761,9.511949,9.011320,9.461886,634000,0.000,0.0,-,12.527237,11.576542,10.938742,10.022590,48082.00
09/29/1999,9.411821,9.411821,9.311695,9.361758,58000,0.000,0.0,-,12.555522,11.660648,11.036364,10.202817,37434.00
09/28/1999,9.662139,9.712202,9.361761,9.411824,25700,0.000,0.0,-,12.585059,11.736744,11.133987,10.418088,36838.00
09/27/1999,9.712200,9.862388,9.612074,9.612074,20700,0.000,0.0,-,12.615097,11.804829,11.221597,10.623345,37768.00
09/24/1999,9.962516,10.062642,9.712201,9.762264,26300,0.000,0.0,-,12.646887,11.886932,11.309207,10.853635,38006.00
09/23/1999,10.112705,10.212831,9.912453,10.012579,42400,0.000,0.0,-,12.677926,11.970037,11.389308,11.078918,38206.00
09/22/1999,10.262892,10.363017,10.162766,10.212829,19100,0.000,0.0,-,12.707964,12.049136,11.456892,11.269157,37650.00
09/21/1999,10.963772,10.963772,9.962514,10.212829,99300,0.000,0.0,-,12.734998,12.122228,11.514465,11.454389,37918.00
09/20/1999,11.063898,11.164024,10.963772,11.013835,7500,0.000,0.0,-,12.761281,12.200326,11.594565,11.689685,40022.00
09/17/1999,11.214088,11.314214,11.113962,11.164025,13800,0.000,0.0,-,12.784560,12.269413,11.604578,11.809836,41454.00
09/16/1999,11.514467,11.514467,11.264153,11.264153,6100,0.000,0.0,-,12.807339,12.341504,11.564527,11.854893,42404.00
09/15/1999,11.414339,11.714716,11.314213,11.514464,37500,0.000,0.0,-,12.826112,12.405584,11.536993,11.869911,43600.00
09/14/1999,11.914967,11.965030,11.414338,11.464401,21800,0.000,0.0,-,12.841381,12.463657,11.516967,11.849886,43376.00
09/13/1999,11.914968,11.914968,11.664654,11.914968,8700,0.000,0.0,-,12.857151,12.525735,11.504451,11.819849,45444.00
09/10/1999,11.814843,12.015095,11.664654,12.015095,16400,0.000,0.0,-,12.872921,12.576799,11.494439,11.764779,46308.00
09/09/1999,12.015094,12.015094,11.814843,11.914968,6900,0.000,0.0,-,12.890944,12.624860,11.486929,11.699697,49064.00
09/08/1999,12.515722,12.515722,12.015093,12.065156,53100,0.000,0.0,-,12.913472,12.680930,11.476917,11.644628,52460.00
09/07/1999,12.315468,12.565783,12.315468,12.565783,36500,0.000,0.0,-,12.932996,12.724985,11.439369,11.574540,52336.00
09/03/1999,11.664657,12.215349,11.614594,12.215349,28200,0.000,0.0,-,12.949768,12.757026,11.391810,11.499446,52102.00
09/02/1999,11.414340,11.614592,11.414340,11.614592,10900,0.000,0.0,-,12.967290,12.796075,11.379294,11.399319,52454.00
09/01/1999,11.214087,11.414338,11.214087,11.414338,10500,0.000,0.0,-,12.982308,12.850142,11.401822,11.274161,54140.00
08/31/1999,11.214086,11.364275,11.063897,11.314212,24700,0.000,0.0,-,12.996827,12.905212,11.469407,11.204074,55308.00
08/30/1999,11.314214,11.314214,11.164025,11.164025,19100,0.000,0.0,-,13.012346,12.961282,11.539495,11.184048,56884.00
08/27/1999,11.264149,11.414338,11.264149,11.364275,8600,0.000,0.0,-,13.031120,13.018354,11.619596,11.189054,57904.00
08/26/1999,11.264149,11.414338,11.264149,11.364275,15200,0.000,0.0,-,13.047891,13.075425,11.697193,11.224098,59800.00
08/25/1999,11.414338,11.464401,11.214086,11.364275,29200,0.000,0.0,-,13.065162,13.123486,11.797319,11.274161,63708.00
08/24/1999,11.914967,11.914967,11.214086,11.364275,96300,0.000,0.0,-,13.084186,13.161534,11.907457,11.309205,64690.00
08/23/1999,11.314211,11.965028,11.314211,11.814839,31400,0.000,0.0,-,13.103210,13.187566,12.020099,11.304199,63400.00
08/20/1999,10.413077,11.214083,10.413077,11.214083,211100,0.000,0.0,-,13.121233,13.207592,12.095193,11.284174,63058.00
08/19/1999,10.663393,10.663393,10.212827,10.363016,103600,0.000,0.0,-,13.141759,13.237629,12.217848,11.359269,59050.00
08/18/1999,11.214090,11.214090,10.713461,10.713461,28500,0.000,0.0,-,13.167291,13.288694,12.365533,11.529483,58924.00
08/17/1999,11.314211,11.314211,11.013834,11.113959,28100,0.000,0.0,-,13.189819,13.333750,12.513219,11.734741,64166.00
08/16/1999,11.614586,11.614586,11.164020,11.214083,48700,0.000,0.0,-,13.203837,13.365790,12.615848,11.894942,63894.00
08/13/1999,11.814843,11.914968,11.614591,11.714717,18500,0.000,0.0,-,13.215351,13.394827,12.695949,12.050137,63554.00
08/12/1999,11.814841,11.914966,11.664652,11.864903,10500,0.000,0.0,-,13.224863,13.417856,12.796074,12.170288,66116.00
08/11/1999,11.414340,11.714717,11.414340,11.714717,7600,0.000,0.0,-,13.233374,13.434877,12.898703,12.320477,66944.00
08/10/1999,11.514463,11.614589,11.113960,11.314212,98500,0.000,0.0,-,13.244888,13.457906,13.011345,12.505709,67736.00
08/09/1999,12.015095,12.115221,11.614592,11.614592,40700,0.000,0.0,-,13.255151,13.483939,13.139005,12.735999,67344.00
08/06/1999,12.065156,12.065156,11.464402,11.965031,41200,0.000,0.0,-,13.260908,13.517981,13.264163,12.906212,66804.00
08/05/1999,12.766036,12.766036,11.965030,12.065156,153400,0.000,0.0,-,13.265414,13.555028,13.389320,13.076426,68216.00
08/04/1999,12.766036,12.816099,12.615847,12.766036,23400,0.000,0.0,-,13.269795,13.589071,13.524490,13.201583,66074.00
08/03/1999,12.565783,12.766035,12.565783,12.715972,25700,0.000,0.0,-,13.270796,13.597081,13.609598,13.291697,67366.00
08/02/1999,12.816099,12.816099,12.615847,12.766036,13000,0.000,0.0,-,13.268293,13.607094,13.694704,13.336754,67368.00
07/30/1999,13.316728,13.366790,12.816099,12.916224,15000,0.000,0.0,-,13.261785,13.613101,13.784818,13.341760,68114.00
07/29/1999,13.466916,13.466916,13.316727,13.366790,15100,0.000,0.0,-,13.258280,13.617106,13.862416,13.421860,68160.00
07/28/1999,13.617102,13.617102,13.516977,13.567039,10400,0.000,0.0,-,13.252022,13.621111,13.914981,13.476930,68106.00
07/27/1999,13.316732,13.617109,13.066417,13.617109,36900,0.000,0.0,-,13.248768,13.622113,13.972554,13.516981,70918.00
07/26/1999,13.717232,13.817357,13.266666,13.316729,21900,0.000,0.0,-,13.246766,13.626118,14.005095,13.542012,71596.00
07/23/1999,13.266666,13.667170,13.116478,13.667170,28100,0.000,0.0,-,13.246766,13.642138,14.047648,13.622113,75888.00
07/22/1999,13.717232,13.767295,13.216603,13.316729,16300,0.000,0.0,-,13.245764,13.652150,14.072680,13.702215,81684.00
07/21/1999,13.316729,14.167798,13.316729,13.667170,101600,0.000,0.0,-,13.249269,13.647144,14.122742,13.847397,89254.00
07/20/1999,12.816101,13.466918,12.816101,13.166541,28200,0.000,0.0,-,13.254525,13.613101,14.147774,13.927499,89406.00
07/19/1999,13.516980,13.516980,12.615848,12.816099,72200,0.000,0.0,-,13.264788,13.596080,14.195333,14.052655,90974.00
07/16/1999,13.767292,13.917480,13.617103,13.717229,32600,0.000,0.0,-,13.281309,13.598082,14.255409,14.227875,92004.00
07/15/1999,14.017611,14.017611,13.867422,13.917485,36300,0.000,0.0,-,13.287317,13.570047,14.280440,14.302971,92392.00
07/14/1999,13.867424,13.967550,13.667173,13.967550,14600,0.000,0.0,-,13.290070,13.550022,14.272931,14.353033,92378.00
07/13/1999,14.117734,14.317985,13.817356,13.867419,32500,0.000,0.0,-,13.295076,13.528995,14.237887,14.428127,94536.00
07/12/1999,14.418116,14.468179,14.117739,14.117739,204500,0.000,0.0,-,13.296328,13.503964,14.177811,14.468178,95148.00
07/09/1999,14.818625,14.818625,14.418122,14.468184,79100,0.000,0.0,-,13.298080,13.477931,14.112729,14.473183,91832.00
07/08/1999,14.518241,14.918744,14.418115,14.768556,61300,0.000,0.0,-,13.292573,13.442887,14.025119,14.443145,90742.00
07/07/1999,14.418122,14.568310,14.368059,14.468184,65900,0.000,0.0,-,13.282310,13.397830,13.932502,14.398087,89740.00
07/06/1999,14.618359,14.618359,14.418107,14.418107,26300,0.000,0.0,-,13.273799,13.357780,13.857407,14.368048,89254.00
07/02/1999,14.568297,14.568297,14.317983,14.568297,125200,0.000,0.0,-,13.264538,13.323737,13.772300,14.338012,89372.00
07/01/1999,14.418122,14.718499,14.418122,14.468184,51900,0.000,0.0,-,13.256277,13.281685,13.677181,14.282942,87306.00
06/30/1999,14.768547,14.868673,14.418107,14.418107,154200,0.000,0.0,-,13.248768,13.247642,13.597080,14.257910,87246.00
06/29/1999,14.217860,14.818614,14.067671,14.718489,176700,0.000,0.0,-,13.241759,13.209594,13.511973,14.192829,85008.00
06/28/1999,14.217864,14.267927,14.067676,14.267927,46900,0.000,0.0,-,13.234500,13.160532,13.419357,14.047646,84748.00
06/25/1999,14.067671,14.167797,14.067671,14.167797,24800,0.000,0.0,-,13.224488,13.110469,13.336753,13.887445,84404.00
06/24/1999,14.317986,14.317986,13.967546,14.167797,45800,0.000,0.0,-,13.218981,13.070419,13.294199,13.752275,85060.00
06/23/1999,14.067667,14.317982,14.067667,14.317982,95200,0.000,0.0,-,13.219982,13.033372,13.276678,13.607092,87868.00
06/22/1999,14.117734,14.368049,14.117734,14.167797,68900,0.000,0.0,-,13.218480,12.977302,13.249143,13.466917,87114.00
06/21/1999,14.117739,14.117739,13.967550,14.117739,103500,0.000,0.0,-,13.221734,12.912220,13.199080,13.346766,87640.00
06/18/1999,14.317982,14.317982,13.967542,14.017605,70100,0.000,0.0,-,13.226991,12.853146,13.154024,13.206589,86294.00
06/17/1999,13.767295,14.267924,13.767295,14.217861,103400,0.000,0.0,-,13.233248,12.797076,13.106464,13.071420,87100.00
06/16/1999,13.216603,13.767295,13.216603,13.767295,210600,0.000,0.0,-,13.233749,12.745010,13.051395,12.936250,85724.00
06/15/1999,12.715973,13.266665,12.715973,13.266665,78300,0.000,0.0,-,13.242009,12.708965,13.041382,12.831117,83190.00
06/14/1999,12.665911,12.816099,12.415596,12.665911,31800,0.000,0.0,-,13.254525,12.683934,13.058904,12.791067,83764.00
06/11/1999,12.816099,12.816099,12.665911,12.816099,14300,0.000,0.0,-,13.271547,12.665911,13.116477,12.786061,85164.00
06/10/1999,12.866161,12.866161,12.665909,12.715972,10700,0.000,0.0,-,13.290570,12.643883,13.181559,12.836124,89346.00
06/09/1999,12.966287,12.966287,12.615847,12.916224,97300,0.000,0.0,-,13.307592,12.627863,13.254150,12.946263,91816.00
06/08/1999,12.766036,13.016350,12.766036,12.966288,290600,0.000,0.0,-,13.322360,12.615848,13.261660,13.031370,95270.00
06/07/1999,12.665909,12.816098,12.665909,12.715972,14500,0.000,0.0,-,13.337880,12.596824,13.211597,13.051395,103056.00
06/04/1999,12.916225,12.916225,12.615848,12.665911,31700,0.000,0.0,-,13.356403,12.554771,13.191572,13.101458,104604.00
06/03/1999,12.816098,12.916224,12.715973,12.866161,146600,0.000,0.0,-,13.379182,12.500704,13.204087,13.141508,105532.00
06/02/1999,12.866161,13.016349,12.615846,12.715972,51900,0.000,0.0,-,13.396954,12.431617,13.176553,13.166540,103894.00
06/01/1999,12.715973,12.866161,12.615847,12.866161,47200,0.000,0.0,-,13.415227,12.363531,13.186565,13.251647,105380.00
05/28/1999,13.316728,13.316728,12.215344,12.615848,78900,0.000,0.0,-,13.431998,12.295446,13.189069,13.326742,106698.00
05/27/1999,13.767295,13.767295,13.316729,13.316729,13700,0.000,0.0,-,13.452273,12.233368,13.189069,13.446893,109194.00
05/26/1999,13.767299,14.167802,13.767299,13.817362,111800,0.000,0.0,-,13.464289,12.157272,13.164037,13.526994,112344.00
05/25/1999,13.166540,13.767295,13.166540,13.767295,46300,0.000,0.0,-,13.476304,12.077172,13.108968,13.562038,110360.00
05/24/1999,13.316730,13.366793,13.066415,13.166541,88000,0.000,0.0,-,13.486066,12.000075,13.046389,13.491950,109842.00
05/21/1999,13.066411,13.216599,12.916222,13.216599,25800,0.000,0.0,-,13.500083,11.932990,13.011345,13.371799,109414.00
05/20/1999,13.216604,13.366793,13.066416,13.066416,50300,0.000,0.0,-,13.513851,11.867909,12.986314,13.281686,109978.00
05/19/1999,13.567045,13.567045,13.116479,13.116479,17300,0.000,0.0,-,13.531122,11.805831,12.956276,13.266667,110318.00
05/18/1999,13.717228,13.717228,13.416851,13.567039,12400,0.000,0.0,-,13.553150,11.743753,12.938754,13.186565,111988.00
05/17/1999,13.717235,13.717235,12.916229,13.617109,151000,0.000,0.0,-,13.574677,11.675667,12.886188,13.121484,113054.00
05/14/1999,14.017613,14.017613,13.717236,13.817362,70800,0.000,0.0,-,13.596705,11.613589,12.818603,13.051396,111008.00
05/13/1999,13.917487,14.518242,13.817361,14.117739,236500,0.000,0.0,-,13.618232,11.540497,12.715974,12.931244,111716.00
05/12/1999,12.966288,14.217860,12.966288,14.167797,317900,0.000,0.0,-,13.637256,11.466404,12.618351,12.801080,107990.00
05/11/1999,11.914969,13.116479,11.814843,13.066416,394800,0.000,0.0,-,13.659033,11.404326,12.525734,12.655898,103192.00
05/10/1999,12.365534,12.365534,11.965031,11.965031,109200,0.000,0.0,-,13.689321,11.365277,12.448137,12.600828,98316.00
05/07/1999,12.866160,12.966286,12.315469,12.315469,106600,0.000,0.0,-,13.726618,11.342248,12.395571,12.650891,100160.00
05/06/1999,12.265407,13.016350,12.215344,12.916224,123700,0.000,0.0,-,13.762413,11.332236,12.337999,12.690942,100348.00
05/05/1999,12.916223,12.916223,12.215343,12.315469,52000,0.000,0.0,-,13.796706,11.311209,12.252892,12.645886,98484.00
05/04/1999,13.016350,13.116476,12.866162,12.916224,35600,0.000,0.0,-,13.834253,11.307204,12.217848,12.690942,102676.00
05/03/1999,12.816099,13.216602,12.515721,12.916224,122500,0.000,0.0,-,13.868797,11.289181,12.170288,12.650892,102530.00
04/30/1999,12.816099,12.866162,12.465659,12.615848,63100,0.000,0.0,-,13.902589,11.263149,12.125232,12.585810,101596.00
04/29/1999,12.816099,13.016351,12.615848,12.816099,38700,0.000,0.0,-,13.940136,11.251134,12.082678,12.500704,101278.00
04/28/1999,12.615846,12.816098,12.415595,12.715972,24600,0.000,0.0,-,13.979686,11.232110,12.027609,12.435622,101132.00
04/27/1999,12.565784,12.615847,12.415596,12.515721,11200,0.000,0.0,-,14.020988,11.220095,11.987559,12.395571,101168.00
04/26/1999,12.766040,13.016355,12.265411,12.465663,41600,0.000,0.0,-,14.061038,11.224100,11.977546,12.295446,101294.00
04/23/1999,12.415595,12.766035,12.415595,12.715972,32200,0.000,0.0,-,14.099336,11.231108,11.955018,12.140250,101002.00
04/22/1999,12.816103,12.816103,12.165286,12.465663,21900,0.000,0.0,-,14.132127,11.226102,11.849886,11.985056,101108.00
04/21/1999,12.615847,12.866162,12.515722,12.766036,48900,0.000,0.0,-,14.167922,11.227103,11.724729,11.859898,101060.00
04/20/1999,12.165281,12.515721,12.065155,12.515721,42300,0.000,0.0,-,14.200713,11.224100,11.557018,11.744753,100778.00
04/19/1999,11.965031,12.766037,11.914968,12.265409,163700,0.000,0.0,-,14.232003,11.232110,11.396817,11.689684,100534.00
04/16/1999,12.115222,12.115222,11.714719,11.764782,29700,0.000,0.0,-,14.265545,11.259144,11.256641,11.664653,97976.00
04/15/1999,12.365528,12.515717,12.115214,12.165277,57600,0.000,0.0,-,14.300339,11.291184,11.143999,11.664653,97776.00
04/14/1999,12.115217,12.715972,12.115217,12.315469,186200,0.000,0.0,-,14.331878,11.319219,11.011333,11.619597,97698.00
04/13/1999,11.013835,11.564527,10.963773,11.514464,57500,0.000,0.0,-,14.364419,11.357267,10.886176,11.579547,94496.00
04/12/1999,10.613334,10.913712,10.513208,10.913712,95200,0.000,0.0,-,14.390452,11.415340,10.806075,11.659647,94248.00
04/09/1999,11.164025,11.164025,10.813585,11.164025,36200,0.000,0.0,-,14.418487,11.470409,10.751006,11.769786,92698.00
04/08/1999,11.614586,11.614586,10.613328,11.214083,110400,0.000,0.0,-,14.443268,11.518469,10.690930,11.714716,92360.00
04/07/1999,11.965032,11.965032,11.614592,11.614592,34600,0.000,0.0,-,14.469802,11.566530,10.628352,11.589560,90740.00
04/06/1999,11.965031,12.115219,11.814842,11.965031,83900,0.000,0.0,-,14.492830,11.607581,10.548251,11.369283,90512.00
04/05/1999,11.814843,12.115221,11.714717,12.015095,107000,0.000,0.0,-,14.513606,11.638621,10.458138,11.103949,89416.00
04/01/1999,11.714719,11.814845,11.614593,11.764782,101800,0.000,0.0,-,14.534383,11.674666,10.383044,10.848628,88812.00
03/31/1999,11.965031,11.965031,11.514465,11.714717,223400,0.000,0.0,-,14.554408,11.720724,10.302943,10.623345,89900.00
03/30/1999,12.415597,12.415597,11.814843,11.914968,134200,0.000,0.0,-,14.576435,11.774792,10.237861,10.403069,86238.00
03/29/1999,12.415595,13.216601,12.265406,12.315469,270000,0.000,0.0,-,14.600215,11.824854,10.195307,10.192804,84508.00
03/26/1999,12.415598,13.316730,11.414340,12.015095,679900,0.000,0.0,-,14.623494,11.870912,10.135232,9.952503,79552.00
03/25/1999,10.012578,10.713459,10.012578,10.613333,91900,0.000,0.0,-,14.650028,11.912965,10.075157,9.732226,66604.00
03/24/1999,9.461886,10.012578,9.461886,9.962515,78100,0.000,0.0,-,14.685072,11.977046,10.135232,9.667144,66136.00
03/23/1999,9.211573,9.461887,9.211573,9.411824,64700,0.000,0.0,-,14.727125,12.060150,10.230351,9.667144,66178.00
03/22/1999,9.411821,9.411821,9.111444,9.311695,126200,0.000,0.0,-,14.772181,12.159275,10.365521,9.727219,65788.00
03/19/1999,9.311698,9.511949,9.311698,9.461886,113100,0.000,0.0,-,14.816487,12.253393,10.500691,9.812327,63722.00
03/18/1999,9.461889,9.612077,9.311700,9.511951,203700,0.000,0.0,-,14.860041,12.347511,10.608326,9.917459,61744.00
03/17/1999,9.712203,9.712203,9.411826,9.511951,171200,0.000,0.0,-,14.903596,12.441630,10.733483,9.982541,58030.00
03/16/1999,9.912450,9.912450,9.762262,9.812325,12600,0.000,0.0,-,14.946150,12.541755,10.851131,10.072653,55996.00
03/15/1999,9.912450,9.962513,9.812324,9.912450,20400,0.000,0.0,-,14.985199,12.631868,10.966276,10.197811,56330.00
03/12/1999,10.012576,10.062639,9.812325,9.812325,66600,0.000,0.0,-,15.020743,12.717977,11.106452,10.317962,57284.00
03/11/1999,10.112704,10.112704,9.912452,9.962515,54000,0.000,0.0,-,15.055036,12.808090,11.256640,10.418088,56190.00
03/10/1999,10.062641,10.162766,9.962515,9.962515,67300,0.000,0.0,-,15.089580,12.897202,11.381798,10.603320,55610.00
03/09/1999,10.212831,10.212831,10.012579,10.012579,100800,0.000,0.0,-,15.127628,12.974299,11.509458,10.793559,54482.00
03/08/1999,10.513209,10.513209,10.112705,10.162768,65700,0.000,0.0,-,15.162171,13.046389,11.639622,11.003823,53966.00
03/05/1999,10.212832,10.613335,10.212832,10.513209,48700,0.000,0.0,-,15.195463,13.112472,11.777294,11.189055,53336.00
03/04/1999,10.513209,10.513209,10.062643,10.162768,106200,0.000,0.0,-,15.227002,13.181559,11.932489,11.299194,52824.00
03/03/1999,11.063899,11.063899,10.413081,10.413081,50200,0.000,0.0,-,15.259794,13.264663,12.092691,11.484426,51816.00
03/02/1999,11.113958,11.314210,11.013832,11.063895,78000,0.000,0.0,-,15.293586,13.355778,12.250388,11.629609,51760.00
03/01/1999,10.813582,11.214085,10.413079,11.113959,151000,0.000,0.0,-,15.330633,13.437881,12.408087,11.734741,50456.00
02/26/1999,11.814844,11.814844,10.613335,10.813586,201400,0.000,0.0,-,15.367679,13.519984,12.573294,11.894942,48214.00
02/25/1999,12.215342,12.515720,11.814839,11.814839,116000,0.000,0.0,-,15.406728,13.606092,12.715973,12.095193,44588.00
02/24/1999,12.215344,12.415595,11.864903,11.864903,30500,0.000,0.0,-,15.442022,13.675179,12.803583,12.160276,42972.00
02/23/1999,12.015091,12.215343,12.015091,12.115217,261600,0.000,0.0,-,15.477317,13.746268,12.891194,12.225357,42752.00
02/22/1999,11.714717,12.015095,11.714717,12.015095,28300,0.000,0.0,-,15.510609,13.823365,12.968791,12.275420,39390.00
02/19/1999,12.015095,12.015095,11.514466,11.614592,75800,0.000,0.0,-,15.542899,13.902464,13.043886,12.365533,39156.00
02/18/1999,12.015095,12.315472,11.965032,12.015095,47200,0.000,0.0,-,15.576441,13.990575,13.154024,12.565785,38464.00
02/17/1999,12.115218,12.115218,11.814841,11.864903,31400,0.000,0.0,-,15.606980,14.062665,13.256654,12.700955,38382.00
02/16/1999,12.665909,12.715972,12.065154,12.115217,26400,0.000,0.0,-,15.639771,14.134756,13.384314,12.871168,38148.00
02/12/1999,12.816098,12.866161,12.615846,12.715972,17500,0.000,0.0,-,15.672812,14.205846,13.499458,13.081433,38166.00
02/11/1999,12.565785,12.816099,12.565785,12.816099,27000,0.000,0.0,-,15.701849,14.265921,13.594578,13.251646,38024.00
02/10/1999,12.115223,12.465663,12.015097,12.465663,37500,0.000,0.0,-,15.730134,14.309976,13.659660,13.336753,38240.00
02/09/1999,12.665910,12.665910,12.415596,12.515721,19500,0.000,0.0,-,15.760172,14.352029,13.727245,13.446891,37552.00
02/08/1999,12.966288,13.066414,12.515722,12.615848,34800,0.000,0.0,-,15.790710,14.394082,13.807346,13.557030,37694.00
02/05/1999,13.516979,13.516979,12.916224,12.916224,30100,0.000,0.0,-,15.821749,14.443144,13.894956,13.662162,37288.00
02/04/1999,13.416858,13.617109,13.416858,13.617109,35800,0.000,0.0,-,15.853790,14.497212,13.950025,13.722238,37422.00
02/03/1999,13.567041,13.567041,13.216601,13.366790,19700,0.000,0.0,-,15.881825,14.553282,13.977559,13.742263,37126.00
02/02/1999,14.017605,14.017605,13.316725,13.567039,53700,0.000,0.0,-,15.910611,14.605347,14.020113,13.812352,37402.00
02/01/1999,14.418113,14.618364,13.917484,14.217861,26100,0.000,0.0,-,15.937395,14.652406,14.067673,13.897459,36604.00
01/29/1999,13.617101,14.418107,13.516975,14.418107,45100,0.000,0.0,-,15.958421,14.682444,14.072679,13.917484,38336.00
01/28/1999,13.667170,13.667170,13.617107,13.667170,17700,0.000,0.0,-,15.976944,14.686449,14.062667,13.937510,38348.00
01/27/1999,13.717228,13.717228,13.516977,13.567039,19300,0.000,0.0,-,15.996970,14.699466,14.095208,13.982567,38198.00
01/26/1999,13.617109,13.667172,13.617109,13.617109,29400,0.000,0.0,-,16.017495,14.716487,14.137761,14.007599,38634.00
01/25/1999,13.567044,13.667170,13.516981,13.667170,23200,0.000,0.0,-,16.037520,14.742520,14.147774,14.057662,38450.00
01/22/1999,13.817364,13.917490,13.416861,13.516987,29100,0.000,0.0,-,16.059298,14.763546,14.145270,14.127750,38414.00
01/21/1999,13.967551,14.067676,13.717236,13.817362,76800,0.000,0.0,-,16.077571,14.789578,14.142767,14.177812,38152.00
01/20/1999,14.017616,14.418120,13.917491,14.067679,156200,0.000,0.0,-,16.094342,14.816612,14.150277,14.212855,37316.00
01/19/1999,14.217856,14.418107,14.117730,14.418107,40300,0.000,0.0,-,16.109110,14.838640,14.162792,14.227874,35146.00
01/15/1999,14.568296,14.568296,14.368044,14.418107,47700,0.000,0.0,-,16.123128,14.858665,14.190327,14.237887,35792.00
01/14/1999,14.368056,14.818622,14.267930,14.618370,22200,0.000,0.0,-,16.137646,14.876688,14.227874,14.227875,35600.00
01/13/1999,13.717235,14.117739,13.617110,14.117739,32500,0.000,0.0,-,16.151163,14.893709,14.257911,14.187824,36302.00
01/12/1999,14.418117,14.443148,13.817362,13.817362,68500,0.000,0.0,-,16.165181,14.915736,14.307974,14.207848,36132.00
01/11/1999,14.418116,14.618368,14.117739,14.117739,80200,0.000,0.0,-,16.179699,14.917739,14.380564,14.267923,35680.00
01/08/1999,14.067672,14.418113,14.017609,14.368050,45200,0.000,0.0,-,16.192715,14.905724,14.445646,14.237885,34718.00
01/07/1999,14.117731,14.167793,14.017605,14.017605,22900,0.000,0.0,-,16.202978,14.890705,14.525746,14.162791,35662.00
01/06/1999,14.217860,14.317986,14.117734,14.167797,14200,0.000,0.0,-,16.215494,14.881694,14.623369,14.107722,36122.00
01/05/1999,14.518239,14.518239,14.217861,14.217861,18000,0.000,0.0,-,16.226758,14.878690,14.715985,14.087698,36272.00
01/04/1999,14.217865,14.618369,14.217865,14.518243,69500,0.000,0.0,-,16.236270,14.861669,14.786073,14.097710,36372.00
12/31/1998,14.217856,14.317982,14.117730,14.317982,29300,0.000,0.0,-,16.241777,14.826624,14.833633,14.142766,35574.00
12/30/1998,14.418113,14.418113,14.217861,14.217861,68100,0.000,0.0,-,16.249286,14.797588,14.901218,14.227873,35552.00
12/29/1998,14.418107,14.418107,14.167793,14.317982,11900,0.000,0.0,-,16.256045,14.772056,14.976313,14.327998,35748.00
12/28/1998,13.867415,14.418107,13.717227,14.418107,25000,0.000,0.0,-,16.261552,14.745022,15.011357,14.408100,35940.00
12/24/1998,13.617110,14.017613,13.617110,13.817362,10900,0.000,0.0,-,16.265557,14.700967,15.018866,14.493206,36210.00
12/23/1998,13.516983,13.617109,13.366795,13.617109,75000,0.000,0.0,-,16.272565,14.653908,15.058917,14.653407,37646.00
12/22/1998,13.917486,13.917486,13.316731,13.466920,34200,0.000,0.0,-,16.282328,14.625872,15.131508,14.888702,36862.00
12/21/1998,14.368054,14.368054,13.917487,13.967550,23100,0.000,0.0,-,16.291089,14.598838,15.239143,15.139016,46556.00
12/18/1998,15.018862,15.018862,14.317982,14.317982,55800,0.000,0.0,-,16.298097,14.577812,15.361796,15.344273,47012.00
12/17/1998,15.118994,15.118994,14.918742,14.968805,47400,0.000,0.0,-,16.304606,14.555784,15.444400,15.474437,47004.00
12/16/1998,15.219115,15.219115,15.118989,15.169052,12800,0.000,0.0,-,16.308360,14.522743,15.491960,15.524500,46392.00
12/15/1998,15.118987,15.219112,15.118987,15.219112,38900,0.000,0.0,-,16.309862,14.488700,15.519495,15.574564,46412.00
12/14/1998,15.219122,15.219122,15.068934,15.118997,20100,0.000,0.0,-,16.311364,14.464670,15.489457,15.624627,46092.00
12/11/1998,15.319236,15.319236,15.169048,15.269174,35200,0.000,0.0,-,16.313867,14.456660,15.449407,15.614614,46354.00
12/10/1998,16.020126,16.020126,15.419372,15.419372,19500,0.000,0.0,-,16.315119,14.455659,15.406853,15.544526,46748.00
12/09/1998,15.970057,16.020119,15.919994,15.970057,93500,0.000,0.0,-,16.317121,14.469676,15.381822,15.464426,47714.00
12/08/1998,15.869931,15.970057,15.869931,15.970057,16600,0.000,0.0,-,16.315369,14.448650,15.319243,15.374313,46656.00
12/07/1998,15.719747,16.020124,15.719747,16.020124,41200,0.000,0.0,-,16.314368,14.418612,15.261671,15.339270,47834.00
12/04/1998,15.369305,15.669682,15.319242,15.619619,43100,0.000,0.0,-,16.314368,14.397586,15.219117,15.379319,48116.00
12/03/1998,15.769816,15.920005,15.419376,15.469439,19700,0.000,0.0,-,16.316871,14.367548,15.196589,15.414363,47510.00
12/02/1998,15.619626,16.020130,15.619626,15.669689,27300,0.000,0.0,-,16.319875,14.347523,15.194086,15.459419,50390.00
12/01/1998,15.118994,15.719748,15.118994,15.719748,10400,0.000,0.0,-,16.321877,14.301465,15.176563,15.464425,50574.00
11/30/1998,14.618360,15.018863,14.568297,15.018863,37800,0.000,0.0,-,16.320876,14.241390,15.164048,15.354287,51076.00
11/27/1998,14.518235,14.568297,14.518235,14.568297,3100,0.000,0.0,-,16.321877,14.196333,15.174060,15.284199,51770.00
11/25/1998,15.068936,15.068936,14.618370,14.618370,26600,0.000,0.0,-,16.324631,14.156283,15.141520,15.269180,52682.00
11/24/1998,15.719743,15.719743,15.018863,15.068926,14500,0.000,0.0,-,16.327134,14.122240,15.086451,15.299217,52448.00
11/23/1998,16.420625,16.420625,15.619619,15.619619,36800,0.000,0.0,-,16.329887,14.080187,15.013860,15.264174,52584.00
11/20/1998,15.719742,16.420622,15.719742,16.420622,21000,0.000,0.0,-,16.328886,14.028122,14.911231,15.184073,52250.00
11/19/1998,15.819868,16.220371,15.719742,15.970057,33500,0.000,0.0,-,16.324130,13.965043,14.791080,15.058916,54070.00
11/18/1998,15.819875,16.020127,15.569561,15.920001,13800,0.000,0.0,-,16.322378,13.890950,14.660917,14.978815,53814.00
11/17/1998,14.618365,15.769811,14.618365,15.719748,112700,0.000,0.0,-,16.321126,13.833878,14.503218,14.928752,53934.00
11/16/1998,14.317993,14.668433,14.317993,14.618370,45700,0.000,0.0,-,16.321126,13.806844,14.360539,14.888701,52418.00
11/13/1998,14.518233,14.518233,14.317982,14.317982,10200,0.000,0.0,-,16.326884,13.794829,14.276683,14.973808,52674.00
11/12/1998,14.918736,14.968799,14.418107,14.418107,41100,0.000,0.0,-,16.332641,13.804841,14.209099,15.063921,52608.00
11/11/1998,14.718490,14.918741,14.718490,14.918741,20200,0.000,0.0,-,16.336896,13.819860,14.098961,15.013859,52106.00
11/10/1998,14.868677,14.868677,14.468174,14.718489,21400,0.000,0.0,-,16.338648,13.826869,13.926244,14.873684,54458.00
11/09/1998,15.219113,15.319239,14.818610,14.818610,16000,0.000,0.0,-,16.340901,13.818859,13.801087,14.763546,54900.00
11/06/1998,15.118989,15.369304,15.118989,15.169052,35000,0.000,0.0,-,16.342403,13.830874,13.665917,14.638389,54916.00
11/05/1998,15.519492,15.519492,15.018863,15.169052,47700,0.000,0.0,-,16.341903,13.842889,13.553276,14.523244,56208.00
11/04/1998,15.319246,15.419372,14.668428,15.419372,72600,0.000,0.0,-,16.341652,13.860912,13.455653,14.343018,55814.00
11/03/1998,15.469428,15.519491,15.269177,15.319240,38100,0.000,0.0,-,16.340150,13.884942,13.350521,14.077684,54808.00
11/02/1998,15.319250,16.020131,15.319250,15.469439,57300,0.000,0.0,-,16.339650,13.900962,13.257905,13.832376,54936.00
10/30/1998,13.917478,15.219112,13.917478,15.219112,24000,0.000,0.0,-,16.337397,13.908972,13.185313,13.579558,54152.00
10/29/1998,13.516982,13.917485,13.516982,13.917485,45900,0.000,0.0,-,16.336896,13.925993,13.160282,13.354276,53868.00
10/28/1998,13.667176,13.667176,13.416861,13.516987,32100,0.000,0.0,-,16.342904,13.976056,13.225363,13.184062,53202.00
10/27/1998,13.567046,13.817361,13.567046,13.617109,92400,0.000,0.0,-,16.350413,14.050149,13.355526,12.978804,54014.00
10/26/1998,14.117731,14.117731,13.466914,13.567039,45900,0.000,0.0,-,16.355169,14.106219,13.420608,12.838628,52500.00
10/23/1998,13.316725,14.017605,13.316725,14.017605,21700,0.000,0.0,-,16.360426,14.162290,13.465665,12.693445,52244.00
10/22/1998,12.816098,13.416853,12.816098,13.366790,23000,0.000,0.0,-,16.363430,14.206345,13.513225,12.583307,53010.00
10/21/1998,12.816099,12.866162,12.715973,12.766036,29600,0.000,0.0,-,16.371690,14.272428,13.550773,12.568288,55820.00
10/20/1998,12.966287,13.016350,12.816098,12.866161,28200,0.000,0.0,-,16.384206,14.331502,13.635880,12.623358,55736.00
10/19/1998,12.916227,13.016353,12.891196,12.941258,77900,0.000,0.0,-,16.395970,14.398586,13.660911,12.683434,55534.00
10/16/1998,12.415596,13.066413,12.415596,12.966288,21500,0.000,0.0,-,16.408111,14.454156,13.649647,12.791068,56746.00
10/15/1998,11.564531,12.215349,11.364280,12.215349,38500,0.000,0.0,-,16.422379,14.514231,13.639635,12.966288,59918.00
10/14/1998,12.215345,12.215345,11.464401,11.464401,82700,0.000,0.0,-,16.439400,14.589325,13.657156,13.266665,60564.00
10/13/1998,12.215349,12.515727,12.165286,12.215349,35800,0.000,0.0,-,16.459175,14.690453,13.729747,13.732249,59916.00
10/12/1998,12.916223,12.916223,12.015091,12.115217,518900,0.000,0.0,-,16.474444,14.796586,13.767294,14.002588,59738.00
10/09/1998,13.216602,13.216602,12.866162,12.916224,45900,0.000,0.0,-,16.490214,14.911731,13.812351,14.237885,49790.00
10/08/1998,13.316725,13.316725,13.016348,13.216599,55400,0.000,0.0,-,16.503230,15.013859,13.829873,14.443143,49402.00
10/07/1998,13.516980,13.516980,12.766037,13.316729,16800,0.000,0.0,-,16.513243,15.111982,13.782313,14.533257,48928.00
10/06/1998,13.717234,13.917486,13.366794,13.466920,13800,0.000,0.0,-,16.523756,15.204098,13.769798,14.648402,49176.00
10/05/1998,14.718485,14.718485,14.017605,14.017605,22900,0.000,0.0,-,16.532767,15.305225,13.814854,14.638389,49344.00
10/02/1998,15.269180,15.269180,14.618363,14.718489,33200,0.000,0.0,-,16.538775,15.407353,13.814854,14.508226,49468.00
10/01/1998,16.120244,16.120244,15.169050,15.219112,54900,0.000,0.0,-,16.537773,15.501471,13.819860,14.312981,49130.00
09/30/1998,14.918734,16.120243,14.918734,16.120243,67800,0.000,0.0,-,16.533268,15.586578,13.817357,14.047648,48754.00
09/29/1998,14.618364,15.018867,14.568301,14.918741,40600,0.000,0.0,-,16.523756,15.659671,13.774804,13.727246,47796.00
09/28/1998,14.918751,15.018877,14.468184,14.468184,75500,0.000,0.0,-,16.520502,15.757794,13.744766,13.532001,47090.00
09/25/1998,14.217862,15.219120,14.117736,14.968805,55300,0.000,0.0,-,16.518750,15.864928,13.792325,13.386817,45808.00
09/24/1998,14.368053,14.368053,13.917487,14.117739,12800,0.000,0.0,-,16.512492,15.959046,13.832375,13.216603,45460.00
09/23/1998,13.416863,14.818625,13.416863,14.468184,163700,0.000,0.0,-,16.509738,16.079197,13.929998,13.031370,45638.00
09/22/1998,12.715972,13.366790,12.515721,13.366790,36500,0.000,0.0,-,16.506484,16.204354,14.037632,12.891193,44012.00
09/21/1998,12.766035,12.816098,12.515720,12.715972,35500,0.000,0.0,-,16.505733,16.356545,14.175305,12.991319,46106.00
09/18/1998,12.816099,12.816099,12.515722,12.766036,72500,0.000,0.0,-,16.507986,16.512741,14.333003,13.121483,46370.00
09/17/1998,12.715971,12.715971,12.465657,12.565783,48700,0.000,0.0,-,16.510739,16.659926,14.498211,13.326740,47260.00
09/16/1998,13.166539,13.166539,12.816099,12.916224,14900,0.000,0.0,-,16.515996,16.794095,14.690953,13.587067,47476.00
09/15/1998,12.816099,12.966288,12.615847,12.966288,21300,0.000,0.0,-,16.519501,16.928263,14.906223,13.822362,47764.00
09/14/1998,13.366793,13.416856,13.016353,13.016353,20100,0.000,0.0,-,16.522504,17.055423,15.078939,13.957531,48370.00
09/11/1998,12.215344,13.266665,12.215344,13.266665,112000,0.000,0.0,-,16.525258,17.170568,15.246650,14.197833,48680.00
09/10/1998,13.116478,13.216603,12.265409,12.265409,20700,0.000,0.0,-,16.526760,17.284711,15.394335,14.448147,48060.00
09/09/1998,14.368051,14.368051,13.066416,13.066416,19800,0.000,0.0,-,16.534770,17.413874,15.614612,14.828625,50810.00
09/08/1998,14.317987,14.418113,14.317987,14.368050,36900,0.000,0.0,-,16.536522,17.522009,15.747278,15.184071,52794.00
09/04/1998,14.418108,14.468171,13.867416,14.017605,58500,0.000,0.0,-,16.530264,17.611121,15.839894,15.359291,55586.00
09/03/1998,15.068925,15.118987,14.818610,14.818610,6900,0.000,0.0,-,16.521503,17.665189,15.925001,15.544523,54804.00
09/02/1998,15.369304,15.369304,15.169052,15.169052,16000,0.000,0.0,-,16.509738,17.699232,15.982574,15.669681,55698.00
09/01/1998,14.217853,15.269174,14.217853,15.269174,137800,0.000,0.0,-,16.495971,17.718256,16.022624,15.794838,55998.00
08/31/1998,15.319239,15.319239,14.267919,14.317982,43500,0.000,0.0,-,16.483706,17.743288,16.085203,15.990083,54986.00
08/28/1998,15.769812,15.819875,15.369309,15.419372,16800,0.000,0.0,-,16.475195,17.781335,16.245404,16.200347,55006.00
08/27/1998,16.020119,16.070182,15.719742,15.769805,99600,0.000,0.0,-,16.464181,17.795353,16.368059,16.295467,55666.00
08/26/1998,16.520755,16.570817,16.020126,16.070189,28000,0.000,0.0,-,16.451916,17.803363,16.480700,16.340523,70030.00
08/25/1998,16.220373,17.021379,16.220373,16.620876,22300,0.000,0.0,-,16.437147,17.797355,16.583329,16.400598,97104.00
08/24/1998,15.919992,16.120243,15.919992,16.120243,44500,0.000,0.0,-,16.420126,17.787343,16.648411,16.310485,98704.00
08/21/1998,16.120245,16.120245,15.619616,15.869930,18100,0.000,0.0,-,16.406609,17.798357,16.768562,16.320498,98310.00
08/20/1998,16.470692,16.470692,16.070189,16.070189,9800,0.000,0.0,-,16.395094,17.820384,16.931266,16.305479,98482.00
08/19/1998,17.121502,17.121502,16.420622,16.420622,12600,0.000,0.0,-,16.383079,17.845416,17.098977,16.295466,98528.00
08/18/1998,16.420620,17.471941,16.420620,17.221626,72700,0.000,0.0,-,16.369062,17.869446,17.251669,16.250410,98704.00
08/17/1998,16.270433,16.420622,16.220370,16.420622,16700,0.000,0.0,-,16.350038,17.892475,17.379331,16.180323,97906.00
08/14/1998,16.220379,16.520756,16.220379,16.370567,33100,0.000,0.0,-,16.331765,17.932526,17.549545,16.290462,97752.00
08/13/1998,16.670931,16.670931,16.220366,16.220366,60000,0.000,0.0,-,16.314994,17.968571,17.722261,16.440651,98374.00
08/12/1998,15.769808,16.670940,15.769808,16.670940,163500,0.000,0.0,-,16.297472,18.007620,17.894978,16.620878,97588.00
08/11/1998,16.120252,16.120252,15.619623,15.719748,25400,0.000,0.0,-,16.282453,18.038659,18.067695,16.766059,96444.00
08/10/1998,15.719737,16.220366,15.719737,16.220366,18100,0.000,0.0,-,16.274944,18.084716,18.318010,16.986336,96942.00
08/07/1998,15.970063,16.220377,15.669686,15.719748,138500,0.000,0.0,-,16.264931,18.112752,18.555809,17.216626,97360.00
08/06/1998,16.020119,16.520748,15.919994,15.970057,180100,0.000,0.0,-,16.257422,18.138785,18.796111,17.557054,95164.00
08/05/1998,16.520748,16.620874,15.919994,15.970057,70800,0.000,0.0,-,16.251915,18.152802,19.003872,17.902488,92464.00
08/04/1998,17.522018,17.522018,15.920005,16.520760,50300,0.000,0.0,-,16.243404,18.170825,19.169080,18.252929,91446.00
08/03/1998,17.722258,17.772321,17.271693,17.522007,26900,0.000,0.0,-,16.233392,18.191851,19.324274,18.578338,90562.00
07/31/1998,18.022650,18.122776,17.872461,17.872461,21500,0.000,0.0,-,16.219624,18.179836,19.414388,18.808628,90594.00
07/30/1998,18.122760,18.172823,17.822383,18.022635,26500,0.000,0.0,-,16.203604,18.158810,19.459445,19.003872,90370.00
07/29/1998,18.022631,18.272946,18.022631,18.122757,31700,0.000,0.0,-,16.188335,18.134780,19.507004,19.169079,90142.00
07/28/1998,18.423145,18.423145,17.822390,17.922516,29200,0.000,0.0,-,16.172815,18.106745,19.537042,19.369331,90212.00
07/27/1998,19.124022,19.124022,18.373079,18.523268,22200,0.000,0.0,-,16.161802,18.091726,19.564577,19.649683,90564.00
07/24/1998,19.324271,19.424397,19.023894,19.124020,29100,0.000,0.0,-,16.145531,18.090725,19.579596,19.894991,90350.00
07/23/1998,19.474463,19.674715,19.324275,19.424400,16300,0.000,0.0,-,16.124505,18.078710,19.459445,20.035168,89956.00
07/22/1998,19.774844,19.774844,19.424403,19.474466,36100,0.000,0.0,-,16.102727,18.062689,19.314263,20.105256,89836.00
07/21/1998,19.824918,20.025169,19.724792,19.774855,19900,0.000,0.0,-,16.080700,18.050674,19.146552,20.085231,89520.00
07/20/1998,19.925025,19.925025,19.674711,19.824900,5300,0.000,0.0,-,16.055418,18.033653,18.983847,20.070210,89710.00
07/17/1998,19.874963,19.925025,19.624648,19.824900,11400,0.000,0.0,-,16.031638,18.012626,18.803620,20.020149,89850.00
07/16/1998,20.075210,20.075210,19.624645,19.674707,37900,0.000,0.0,-,16.009110,17.985593,18.618387,19.915018,89736.00
07/15/1998,20.425660,20.425660,20.075219,20.125282,21700,0.000,0.0,-,15.984579,17.958559,18.443168,19.844930,89048.00
07/14/1998,20.976347,21.026410,20.726032,20.726032,82400,0.000,0.0,-,15.960799,17.918508,18.225394,19.704753,88922.00
07/13/1998,20.525781,21.326787,20.525781,20.976347,141200,0.000,0.0,-,15.938771,17.872450,17.995104,19.479471,87358.00
07/10/1998,20.225414,20.525791,20.075225,20.525791,48700,0.000,0.0,-,15.919247,17.827394,17.779834,19.264201,84638.00
07/09/1998,19.324276,20.225408,19.224150,20.125282,117000,0.000,0.0,-,15.900473,17.787343,17.602110,18.883722,84036.00
07/08/1998,19.424402,19.424402,19.124025,19.274214,59500,0.000,0.0,-,15.883452,17.754302,17.461934,18.523269,82298.00
07/07/1998,19.224146,19.624649,19.023894,19.624649,29300,0.000,0.0,-,15.869434,17.738282,17.379330,18.207872,81792.00
07/06/1998,19.174095,19.624661,19.023906,19.324284,51600,0.000,0.0,-,15.854165,17.718257,17.316752,17.897483,82400.00
07/02/1998,18.873716,18.923779,18.723527,18.773590,35600,0.000,0.0,-,15.839647,17.708244,17.271695,17.587092,82140.00
07/01/1998,18.823639,19.023890,18.723513,18.973827,81000,0.000,0.0,-,15.826130,17.719258,17.241657,17.321757,82310.00
06/30/1998,18.473202,18.723516,18.423139,18.723516,158200,0.000,0.0,-,15.810861,17.724264,17.201607,17.041406,81486.00
06/29/1998,18.423148,18.573337,18.323023,18.473211,119000,0.000,0.0,-,15.797344,17.732274,17.176575,16.746035,78622.00
06/26/1998,16.821133,19.023900,16.821133,18.823648,176500,0.000,0.0,-,15.784578,17.741285,17.154046,16.510738,76708.00
06/25/1998,16.520744,16.720995,16.520744,16.720995,19400,0.000,0.0,-,15.770560,17.733275,17.093970,16.295467,74372.00
06/24/1998,16.120256,16.821137,16.070193,16.520760,51600,0.000,0.0,-,15.766805,17.761310,17.108990,16.320499,74656.00
06/23/1998,16.320495,16.520746,16.070180,16.120243,31000,0.000,0.0,-,15.764302,17.784339,17.116499,16.400599,74200.00
06/22/1998,16.220382,16.620885,16.020131,16.520760,87200,0.000,0.0,-,15.763802,17.815378,17.154046,16.550788,74284.00
06/19/1998,16.120240,16.320491,16.120240,16.220366,44500,0.000,0.0,-,15.758795,17.837405,17.206612,16.736021,73024.00
06/18/1998,16.120243,16.220369,16.070180,16.120243,49800,0.000,0.0,-,15.751787,17.873451,17.241657,16.956298,72694.00
06/17/1998,15.819875,16.370566,15.769812,16.170315,817800,0.000,0.0,-,15.743777,17.894477,17.276701,17.161556,71786.00
06/16/1998,15.819868,15.970056,15.319239,15.769805,1381700,0.000,0.0,-,15.734265,17.914503,17.309242,17.361807,55532.00
06/15/1998,16.470683,16.620872,15.819866,16.120243,102300,0.000,0.0,-,15.726505,17.939534,17.356802,17.607115,28010.00
06/12/1998,16.871192,16.921255,16.670940,16.670940,24800,0.000,0.0,-,15.716492,17.961562,17.409368,17.797354,26112.00
06/11/1998,17.321752,17.321752,16.971312,16.971312,26700,0.000,0.0,-,15.703726,17.974578,17.499482,17.892473,25746.00
06/10/1998,17.522016,17.622141,17.321764,17.321764,12100,0.000,0.0,-,15.692212,17.981587,17.577080,17.897481,25642.00
06/09/1998,18.172825,18.172825,17.622133,17.622133,21400,0.000,0.0,-,15.681699,17.973577,17.642161,17.832398,27074.00
06/08/1998,18.323024,18.373087,18.323024,18.373087,32800,0.000,0.0,-,15.668432,17.955554,17.704740,17.757305,27114.00
06/05/1998,18.272947,18.423136,18.172821,18.423136,9000,0.000,0.0,-,15.649158,17.922513,17.732274,17.677204,26550.00
06/04/1998,18.172827,18.222890,18.022638,18.172827,64200,0.000,0.0,-,15.630384,17.882462,17.749797,17.527016,26730.00
06/03/1998,18.122764,18.373078,18.122764,18.172827,20700,0.000,0.0,-,15.611110,17.849421,17.764816,17.391847,26048.00
06/02/1998,18.122754,18.423131,17.922502,18.222879,106300,0.000,0.0,-,15.590334,17.814377,17.772325,17.256677,26224.00
06/01/1998,17.622132,18.323012,17.622132,18.022635,50300,0.000,0.0,-,15.570309,17.772324,17.767319,17.106489,24524.00
05/29/1998,17.121504,17.622133,17.121504,17.622133,39000,0.000,0.0,-,15.552286,17.724264,17.787344,17.021383,23608.00
05/28/1998,16.721010,17.121513,16.721010,17.021387,28700,0.000,0.0,-,15.539770,17.688219,17.842413,17.106490,23166.00
05/27/1998,16.821129,16.821129,16.620878,16.670940,45100,0.000,0.0,-,15.530259,17.659182,17.917507,17.256678,22638.00
05/26/1998,16.921260,17.021385,16.871197,16.871197,19900,0.000,0.0,-,15.523250,17.634151,18.007621,17.451923,21806.00
05/22/1998,17.021387,17.572079,17.021387,17.572079,6100,0.000,0.0,-,15.517743,17.601109,18.087722,17.652175,22128.00
05/21/1998,16.821129,16.971318,16.771066,16.921255,28500,0.000,0.0,-,15.507730,17.554050,18.140287,17.787344,22086.00
05/20/1998,16.821135,16.821135,16.721009,16.821135,10300,0.000,0.0,-,15.501723,17.527016,18.235407,17.972578,21560.00
05/19/1998,16.721009,16.821135,16.721009,16.821135,15100,0.000,0.0,-,15.489707,17.494975,18.360564,18.137785,21624.00
05/18/1998,17.121498,17.121498,16.720995,16.720995,35200,0.000,0.0,-,15.478193,17.465939,18.480715,18.287973,21566.00
05/15/1998,18.323016,18.323016,17.121507,17.171570,46800,0.000,0.0,-,15.466178,17.443911,18.600866,18.428149,20956.00
05/14/1998,18.423148,18.523274,18.423148,18.473211,11500,0.000,0.0,-,15.452411,17.414875,18.688476,18.553306,20776.00
05/13/1998,18.823645,18.823645,18.423142,18.523268,9400,0.000,0.0,-,15.430633,17.354799,18.685973,18.578337,20590.00
05/12/1998,18.873705,18.923767,18.623390,18.623390,10300,0.000,0.0,-,15.409106,17.294724,18.665947,18.578337,20484.00
05/11/1998,18.923774,18.923774,18.823648,18.873711,20300,0.000,0.0,-,15.389081,17.234649,18.618387,18.563319,23096.00
05/08/1998,18.573333,19.124024,18.573333,18.923773,29400,0.000,0.0,-,15.366553,17.167564,18.558311,18.523269,23102.00
05/07/1998,18.523276,18.873716,18.523276,18.773590,12300,0.000,0.0,-,15.343524,17.105486,18.493229,18.493230,23834.00
05/06/1998,18.423148,18.473211,18.323023,18.473211,5700,0.000,0.0,-,15.320245,17.042407,18.455682,18.498236,23720.00
05/05/1998,18.022636,18.323013,17.922510,18.323013,3500,0.000,0.0,-,15.298467,16.988339,18.390599,18.583344,23942.00
05/04/1998,18.323008,18.323008,17.922505,18.122757,15400,0.000,0.0,-,15.278943,16.942281,18.333027,18.673457,24306.00
05/01/1998,18.723513,18.723513,18.423136,18.423136,4200,0.000,0.0,-,15.260419,16.902231,18.277959,18.773583,24390.00
04/30/1998,18.623391,18.723516,18.523265,18.723516,5200,0.000,0.0,-,15.239894,16.855172,18.217883,18.823647,24920.00
04/29/1998,18.473205,18.623394,18.323016,18.523268,18600,0.000,0.0,-,15.215864,16.802105,18.147796,18.793609,26014.00
04/28/1998,18.523274,18.623400,18.423148,18.473211,30100,0.000,0.0,-,15.193586,16.742030,18.087720,18.753558,26114.00
04/27/1998,18.573337,18.623400,18.373085,18.473211,34200,0.000,0.0,-,15.168304,16.676948,18.010123,18.673456,25872.00
04/24/1998,18.723516,18.723516,18.573327,18.623390,59700,0.000,0.0,-,15.143022,16.609864,17.922512,18.593354,25520.00
04/23/1998,19.324277,19.574592,18.823648,18.823648,38600,0.000,0.0,-,15.116989,16.539776,17.827392,18.493228,24672.00
04/22/1998,19.174095,19.824913,19.174095,19.324284,44100,0.000,0.0,-,15.090957,16.475695,17.707241,18.413127,24246.00
04/21/1998,19.124022,19.324274,18.973833,19.224148,39800,0.000,0.0,-,15.062421,16.397597,17.567065,18.197855,23586.00
04/20/1998,18.923768,19.224145,18.923768,19.124020,15000,0.000,0.0,-,15.031882,16.322503,17.426888,17.992598,23082.00
04/17/1998,18.423144,18.923773,18.423144,18.923773,23300,0.000,0.0,-,14.999842,16.252415,17.276699,17.782334,23000.00
04/16/1998,18.573324,18.723513,18.122759,18.423136,59700,0.000,0.0,-,14.970555,16.187333,17.111492,17.612120,23296.00
04/15/1998,17.622128,18.122757,17.522003,18.122757,33600,0.000,0.0,-,14.941018,16.133265,16.981329,17.501982,23260.00
04/14/1998,17.672192,17.772317,17.672192,17.672192,28800,0.000,0.0,-,14.914485,16.086206,16.853669,17.421883,22902.00
04/13/1998,17.622129,17.772317,17.522003,17.672192,35200,0.000,0.0,-,NaN,16.042151,16.741028,17.346790,23306.00
04/09/1998,18.022636,18.022636,17.522007,17.622133,24200,0.000,0.0,-,NaN,15.994091,16.618374,17.251670,23050.00
04/08/1998,17.121503,18.022635,17.121503,18.022635,28000,0.000,0.0,-,NaN,15.947032,16.498223,17.161556,22872.00
04/07/1998,17.121507,17.171570,17.021381,17.171570,4400,0.000,0.0,-,NaN,15.889960,16.375569,17.001355,24442.00
04/06/1998,17.071444,17.171570,17.071444,17.171570,5100,0.000,0.0,-,NaN,15.848909,16.277946,16.936274,26020.00
04/03/1998,17.221639,17.221639,17.021387,17.021387,5600,0.000,0.0,-,NaN,15.806856,16.187833,16.861179,26176.00
04/02/1998,17.221626,17.271689,17.171563,17.221626,7400,0.000,0.0,-,NaN,15.768808,16.117745,16.771065,26480.00
04/01/1998,17.321764,17.421890,17.121512,17.321764,6500,0.000,0.0,-,NaN,15.726755,16.042651,16.610864,27206.00
03/31/1998,17.021387,17.321764,16.971324,17.321764,21500,0.000,0.0,-,NaN,15.684702,15.950035,16.460675,27330.00
03/30/1998,16.821129,17.822387,16.821129,16.921255,83700,0.000,0.0,-,NaN,15.638644,15.859921,16.285454,27306.00
03/27/1998,16.771058,16.771058,16.720995,16.720995,23400,0.000,0.0,-,NaN,15.602599,15.794839,16.135266,25990.00
03/26/1998,16.420618,16.720995,16.420618,16.720995,4600,0.000,0.0,-,NaN,15.570559,15.734765,15.985078,26070.00
03/25/1998,16.470685,16.620873,16.420622,16.420622,18000,0.000,0.0,-,NaN,15.536516,15.689709,15.834890,26744.00
03/24/1998,16.370571,16.721011,16.370571,16.520760,30100,0.000,0.0,-,NaN,15.499470,15.649659,15.749783,26566.00
03/23/1998,16.220370,16.420622,16.220370,16.420622,29500,0.000,0.0,-,NaN,15.461422,15.612111,15.619619,26148.00
03/20/1998,15.819866,16.120243,15.819866,16.120243,21300,0.000,0.0,-,NaN,15.425377,15.592086,15.514487,26198.00
03/19/1998,15.719745,15.719745,15.619619,15.619619,4500,0.000,0.0,-,NaN,15.403350,15.592086,15.464425,25958.00
03/18/1998,15.569560,15.819875,15.519497,15.819875,16900,0.000,0.0,-,NaN,15.396341,15.614614,15.474438,26172.00
03/17/1998,15.419370,15.569559,15.419370,15.569559,2300,0.000,0.0,-,NaN,15.384325,15.627130,15.439394,30640.00
03/16/1998,15.219120,15.419372,15.219120,15.419372,3500,0.000,0.0,-,NaN,15.380320,15.624627,15.434388,30906.00
03/13/1998,15.219112,15.419364,15.118987,15.219112,36000,0.000,0.0,-,NaN,15.388330,15.614614,15.454413,33520.00
03/12/1998,15.619615,15.619615,15.219112,15.219112,4000,0.000,0.0,-,NaN,15.396341,15.609608,15.484451,33380.00
03/11/1998,15.319245,15.569559,15.319245,15.569559,2200,0.000,0.0,-,NaN,15.400346,15.604603,15.544528,33506.00
03/10/1998,15.469427,15.519490,15.219112,15.219112,13500,0.000,0.0,-,NaN,15.394338,15.607106,15.549534,33490.00
03/09/1998,15.519496,15.619622,15.319245,15.369308,12200,0.000,0.0,-,NaN,15.395339,15.617119,15.604603,33302.00
03/06/1998,15.619619,15.619619,15.569556,15.619619,4700,0.000,0.0,-,NaN,15.398343,15.622125,15.669685,33438.00
03/05/1998,15.369308,15.719748,15.118994,15.719748,37800,0.000,0.0,-,NaN,15.390333,15.622125,15.719747,33492.00
03/04/1998,15.569564,15.569564,15.469439,15.469439,2200,0.000,0.0,-,NaN,15.384325,15.619622,15.754791,33348.00
03/03/1998,15.419373,15.519499,15.319247,15.519499,4100,0.000,0.0,-,NaN,15.380320,15.632138,15.814866,34236.00
03/02/1998,15.469431,15.619619,15.169053,15.619619,140900,0.000,0.0,-,NaN,15.374312,15.644653,15.814866,36296.00
02/27/1998,15.920002,15.920002,15.469436,15.519499,20600,0.000,0.0,-,NaN,15.352285,15.637144,15.774815,34342.00
02/26/1998,15.920001,16.320504,15.819875,15.819875,66000,0.000,0.0,-,NaN,15.328254,15.624628,15.734765,34478.00
02/25/1998,15.819871,15.919997,15.519494,15.619619,6600,0.000,0.0,-,NaN,15.296214,15.597093,15.664677,33226.00
02/24/1998,15.919994,15.919994,15.719742,15.769805,16800,0.000,0.0,-,NaN,15.269180,15.574564,15.664677,34516.00
02/23/1998,16.020124,16.220376,15.970062,16.020124,21700,0.000,0.0,-,NaN,15.236139,15.542024,15.629634,37542.00
02/20/1998,16.020117,16.120243,16.020117,16.120243,19600,0.000,0.0,-,NaN,15.190081,15.494464,15.574565,37910.00
02/19/1998,16.120251,16.220377,16.070189,16.070189,30700,0.000,0.0,-,NaN,15.139017,15.444402,15.524503,38588.00
02/18/1998,15.619622,16.120251,15.619622,16.070189,59900,0.000,0.0,-,NaN,15.093961,15.396842,15.484453,38926.00
02/17/1998,15.319247,15.519499,15.319247,15.519499,23600,0.000,0.0,-,NaN,15.036889,15.354288,15.449409,38206.00
02/13/1998,15.219112,15.319238,15.068924,15.219112,18000,0.000,0.0,-,NaN,14.989830,15.329256,15.474440,37932.00
02/12/1998,15.219122,15.319248,15.068934,15.118997,16600,0.000,0.0,-,NaN,14.951782,15.324251,15.499472,38570.00
02/11/1998,15.619626,15.619626,15.118997,15.118997,17300,0.000,0.0,-,NaN,14.921744,15.324251,15.514490,38440.00
02/10/1998,15.469431,15.819871,15.369305,15.619619,17300,0.000,0.0,-,NaN,14.891706,15.319244,15.529508,38514.00
02/09/1998,15.569560,15.719749,15.419372,15.419372,11100,0.000,0.0,-,NaN,14.850655,15.266678,15.484451,38906.00
02/06/1998,15.619627,15.619627,15.319250,15.469439,14600,0.000,0.0,-,NaN,14.813608,15.226628,15.454414,39558.00
02/05/1998,15.719745,15.719745,15.419368,15.619619,10900,0.000,0.0,-,NaN,14.775560,15.184074,15.414362,39834.00
02/04/1998,15.619626,15.819878,15.519500,15.669689,38100,0.000,0.0,-,NaN,14.740516,15.154036,15.364300,40142.00
02/03/1998,15.719748,15.719748,15.569560,15.719748,57900,0.000,0.0,-,NaN,14.695460,15.134011,15.309231,40336.00
02/02/1998,15.369302,15.819868,15.369302,15.769805,15700,0.000,0.0,-,NaN,14.643394,15.108979,15.259167,40406.00
01/30/1998,15.319250,15.469439,15.219124,15.469439,49000,0.000,0.0,-,NaN,14.573306,15.088954,15.184073,41132.00
01/29/1998,15.269174,15.319236,15.219111,15.269174,22400,0.000,0.0,-,NaN,14.513231,15.106476,15.149029,41520.00
01/28/1998,15.169048,15.269174,15.118985,15.269174,15300,0.000,0.0,-,NaN,14.456159,15.123998,15.134011,43580.00
01/27/1998,15.068926,15.169052,15.018863,15.169052,106500,0.000,0.0,-,NaN,14.407098,15.131508,15.108980,48276.00
01/26/1998,15.068934,15.219122,15.068934,15.118997,83300,0.000,0.0,-,NaN,14.356034,15.136514,15.048904,46492.00
01/23/1998,15.068926,15.068926,15.068926,15.068926,12900,0.000,0.0,-,NaN,14.317986,15.144023,14.998842,45344.00
01/22/1998,15.068934,15.219122,15.018871,15.118997,20800,0.000,0.0,-,NaN,14.282942,15.166551,14.953786,45308.00
01/21/1998,15.118997,15.419374,15.118997,15.118997,43700,0.000,0.0,-,NaN,14.242891,15.171557,14.943773,46066.00
01/20/1998,15.118987,15.219112,15.018861,15.219112,12700,0.000,0.0,-,NaN,14.204843,15.186576,14.958790,45366.00
01/16/1998,15.118988,15.219114,15.018863,15.018863,20300,0.000,0.0,-,NaN,14.168798,15.189079,14.958790,45380.00
01/15/1998,15.118997,15.319248,15.118997,15.118997,17900,0.000,0.0,-,NaN,14.139762,15.199092,14.993835,45074.00
01/14/1998,15.018871,15.319248,15.018871,15.118997,27400,0.000,0.0,-,NaN,14.110725,15.169054,15.063923,45578.00
01/13/1998,14.568297,15.018863,14.568297,15.018863,38300,0.000,0.0,-,NaN,14.080688,15.129003,15.113985,47422.00
01/12/1998,14.518235,14.618360,14.518235,14.568297,9100,0.000,0.0,-,NaN,14.048647,15.088953,15.154036,47816.00
01/09/1998,14.618370,14.618370,14.518244,14.618370,9200,0.000,0.0,-,NaN,14.012602,15.073935,15.224124,50786.00
01/08/1998,14.918748,14.918748,14.618370,14.618370,32000,0.000,0.0,-,NaN,13.980562,15.048903,15.289204,53046.00
01/07/1998,15.219114,15.319240,15.018863,15.018863,9300,0.000,0.0,-,NaN,13.942514,15.003846,15.379317,53576.00
01/06/1998,15.269174,15.269174,15.018859,15.269174,15200,0.000,0.0,-,NaN,13.915480,14.931255,15.399342,54670.00
01/05/1998,15.219112,15.294207,14.918735,15.219112,240300,0.000,0.0,-,NaN,13.894454,14.858664,15.414362,54668.00
01/02/1998,15.719748,15.769811,15.319245,15.369308,15600,0.000,0.0,-,NaN,13.874429,14.758539,15.419368,50898.00
12/31/1997,15.619623,16.020126,15.619623,15.819875,134200,0.000,0.0,-,NaN,13.851400,14.648400,15.404348,51742.00
12/30/1997,15.419368,15.619619,15.369305,15.619619,29000,0.000,0.0,-,NaN,13.832376,14.523243,15.274185,49646.00
12/29/1997,15.269183,15.519497,15.219120,15.419372,10300,0.000,0.0,-,NaN,13.805342,14.423117,15.144021,49508.00
12/26/1997,15.269174,15.369299,15.269174,15.269174,1400,0.000,0.0,-,NaN,13.787319,14.333004,15.023870,49792.00
12/24/1997,15.619614,15.619614,15.269174,15.269174,4100,0.000,0.0,-,NaN,13.777307,14.247898,14.923746,53142.00
12/23/1997,15.219121,15.519499,15.169059,15.519499,19000,0.000,0.0,-,NaN,13.765292,14.162791,14.808602,53738.00
12/22/1997,15.419364,15.419364,15.219112,15.219112,7400,0.000,0.0,-,NaN,13.754278,14.065168,14.628375,55540.00
12/19/1997,15.219120,15.419372,15.118994,15.419372,30600,0.000,0.0,-,NaN,13.750273,13.997583,14.463168,56506.00
12/18/1997,15.118985,15.419362,15.118985,15.269174,46600,0.000,0.0,-,NaN,13.756281,13.897457,14.302967,56838.00
12/17/1997,14.468169,15.319238,14.468169,15.219112,107100,0.000,0.0,-,NaN,13.756281,13.789823,14.097709,56498.00
12/16/1997,14.418117,14.818620,14.217865,14.518243,43200,0.000,0.0,-,NaN,13.750273,13.642138,13.892452,55522.00
12/15/1997,14.117730,14.317982,14.067667,14.317982,27400,0.000,0.0,-,NaN,13.761287,13.539509,13.772301,56206.00
12/12/1997,14.317987,14.418113,14.217861,14.217861,3400,0.000,0.0,-,NaN,13.776306,13.444389,13.702214,56850.00
12/11/1997,14.117738,14.317990,14.117738,14.267927,71100,0.000,0.0,-,NaN,13.786318,13.374301,13.642138,58134.00
12/10/1997,13.717235,14.418116,13.617110,14.117739,168100,0.000,0.0,-,NaN,13.802338,13.291697,13.572050,57576.00
12/09/1997,13.516977,13.717229,13.466914,13.717229,40100,0.000,0.0,-,NaN,13.826368,13.246640,13.516980,60214.00
12/08/1997,13.817354,13.817354,13.416851,13.567039,53500,0.000,0.0,-,NaN,13.847395,13.226615,13.501961,61970.00
12/05/1997,13.216607,13.817362,13.166544,13.817362,47600,0.000,0.0,-,NaN,13.883440,13.204087,13.531999,61464.00
12/04/1997,13.166537,13.266662,13.116474,13.216599,23900,0.000,0.0,-,NaN,13.933503,13.174049,13.491948,61286.00
12/03/1997,13.366793,13.366793,13.066415,13.166541,9900,0.000,0.0,-,NaN,14.010600,13.184062,13.481936,63122.00
12/02/1997,13.516980,13.617106,13.316729,13.316729,49900,0.000,0.0,-,NaN,14.082691,13.204087,13.391823,66056.00
12/01/1997,13.667172,13.717235,13.617109,13.617109,10100,0.000,0.0,-,NaN,14.150776,13.221609,13.306716,65604.00
11/28/1997,13.667172,13.817361,13.617109,13.617109,21000,0.000,0.0,-,NaN,14.207848,13.221609,13.186565,65696.00
11/26/1997,13.617102,13.667165,13.567039,13.567039,36900,0.000,0.0,-,NaN,14.266922,13.211596,13.106464,66428.00
11/25/1997,13.466914,13.717228,13.466914,13.567039,43700,0.000,0.0,-,NaN,14.323993,13.171546,13.011345,66178.00
11/24/1997,13.967543,13.967543,13.516977,13.567039,28400,0.000,0.0,-,NaN,14.374056,13.144012,12.976301,65396.00
11/21/1997,13.516979,13.867419,13.516979,13.867419,26300,0.000,0.0,-,NaN,14.421116,13.101458,12.951270,65028.00
11/20/1997,13.316730,13.516982,13.066416,13.416856,47800,0.000,0.0,-,NaN,14.464170,13.091446,12.876176,65464.00
11/19/1997,12.165284,13.116479,12.165284,13.116479,61400,0.000,0.0,-,NaN,14.514233,13.131496,12.856150,64552.00
11/18/1997,12.015094,12.315471,12.015094,12.265409,52000,0.000,0.0,-,NaN,14.572306,13.186565,12.886188,64466.00
11/17/1997,12.515726,12.565789,12.415600,12.465663,68400,0.000,0.0,-,NaN,14.646399,13.284188,13.016351,64654.00
11/14/1997,12.866163,12.866163,12.415597,12.415597,125400,0.000,0.0,-,NaN,14.717488,13.404338,13.136502,63964.00
11/13/1997,12.766036,12.816099,12.515722,12.816099,250100,0.000,0.0,-,NaN,14.789578,13.496955,13.256653,62382.00
11/12/1997,13.116476,13.116476,12.615848,12.615848,17300,0.000,0.0,-,NaN,14.843646,13.582062,13.316728,59202.00
11/11/1997,13.216599,13.416851,13.116474,13.216599,25900,0.000,0.0,-,NaN,14.887702,13.689698,13.331747,60118.00
11/10/1997,13.216603,13.366791,13.216603,13.316729,11100,0.000,0.0,-,NaN,14.913734,13.762289,13.311723,60534.00
11/07/1997,12.916227,13.717234,12.916227,13.116479,58700,0.000,0.0,-,NaN,14.932758,13.844893,13.251647,61138.00
11/06/1997,13.516977,13.567040,13.216599,13.216599,8700,0.000,0.0,-,NaN,14.954786,13.940012,13.306716,60758.00
11/05/1997,13.466919,13.516982,13.316730,13.416856,13400,0.000,0.0,-,NaN,14.972809,14.065169,13.406842,60996.00
11/04/1997,13.617102,13.617102,13.516977,13.567039,5000,0.000,0.0,-,NaN,14.986826,14.157785,13.486943,61108.00
11/03/1997,13.516981,13.717232,13.516981,13.667170,43100,0.000,0.0,-,NaN,15.008854,14.225370,13.552025,62314.00
10/31/1997,13.617109,13.617109,13.266669,13.617109,119600,0.000,0.0,-,NaN,15.039893,14.295458,13.672175,61738.00
10/30/1997,12.715975,13.466919,12.715975,13.416856,58000,0.000,0.0,-,NaN,15.066927,14.368049,13.737257,60206.00
10/29/1997,13.016350,13.016350,12.615847,12.766036,157600,0.000,0.0,-,NaN,15.088955,14.433131,13.847396,59366.00
10/28/1997,12.215346,13.016353,12.015095,13.016353,122200,0.000,0.0,-,NaN,15.127002,14.548275,14.047648,56542.00
10/27/1997,13.567041,13.567041,12.415595,12.715972,58500,0.000,0.0,-,NaN,15.153035,14.663419,14.212855,54560.00
10/24/1997,14.317987,14.418113,13.617107,13.667170,64000,0.000,0.0,-,NaN,15.179068,14.766049,14.438138,54170.00
10/23/1997,14.117735,14.217861,14.017610,14.217861,15100,0.000,0.0,-,NaN,15.190082,14.851155,14.573308,54314.00
10/22/1997,14.317987,14.468176,14.067673,14.217861,51800,0.000,0.0,-,NaN,15.194086,14.956288,14.723496,55044.00
10/21/1997,14.768553,14.918742,13.917484,14.217861,57800,0.000,0.0,-,NaN,15.212109,15.098967,14.828628,55010.00
10/20/1997,14.368046,14.918738,14.368046,14.868675,29400,0.000,0.0,-,NaN,15.230132,15.226627,14.898716,54562.00
10/17/1997,14.418116,14.418116,14.217864,14.267927,22100,0.000,0.0,-,NaN,15.238142,15.319243,14.918741,55806.00
10/16/1997,14.818620,15.018872,14.418117,14.518243,24500,0.000,0.0,-,NaN,15.268179,15.429381,14.998841,59808.00
10/15/1997,14.618367,15.018870,14.418115,14.768556,168900,0.000,0.0,-,NaN,15.289206,15.532010,15.018865,60292.00
10/14/1997,14.968802,15.018865,14.518236,14.668425,33900,0.000,0.0,-,NaN,15.308230,15.614614,15.048902,58450.00
10/13/1997,15.068931,15.219120,14.918742,14.968805,109100,0.000,0.0,-,NaN,15.303223,15.684702,15.113984,59316.00
10/10/1997,15.569554,15.619617,15.018863,15.018863,55700,0.000,0.0,-,NaN,15.294212,15.732262,15.093959,58470.00
10/09/1997,15.319245,16.070189,15.219120,15.719748,47200,0.000,0.0,-,NaN,15.280194,15.782325,15.129003,58776.00
10/08/1997,15.018859,15.319236,14.968796,15.269174,29600,0.000,0.0,-,NaN,15.254162,15.792337,15.189079,59356.00
10/07/1997,15.018867,15.219119,14.918741,14.918741,58300,0.000,0.0,-,NaN,15.231133,15.829885,15.369306,60124.00
10/06/1997,15.169052,15.169052,14.918737,15.068926,77400,0.000,0.0,-,NaN,15.217115,15.882451,15.554539,59894.00
10/03/1997,14.818611,15.169052,14.818611,15.068926,59600,0.000,0.0,-,NaN,15.208104,15.930011,15.719746,61358.00
10/02/1997,15.169055,15.169055,14.718489,14.718489,67600,0.000,0.0,-,NaN,15.194087,15.977570,15.859922,61092.00
10/01/1997,15.469429,15.469429,14.818611,15.068926,43200,0.000,0.0,-,NaN,15.186076,16.017621,16.045155,61588.00
09/30/1997,14.818611,15.419365,14.818611,15.319240,300000,0.000,0.0,-,NaN,15.167053,16.005105,16.180325,62018.00
09/29/1997,15.419373,15.469436,14.468178,14.768556,127900,0.000,0.0,-,NaN,15.143023,15.965055,16.255420,57600.00
09/26/1997,16.220377,16.220377,15.369308,15.369308,28200,0.000,0.0,-,NaN,15.136014,15.940024,16.370564,58636.00
09/25/1997,17.071449,17.121512,16.320505,16.320505,38700,0.000,0.0,-,NaN,15.116990,15.882452,16.435646,61788.00
09/24/1997,17.071445,17.271697,16.921257,17.071445,115700,0.000,0.0,-,NaN,15.076939,15.772313,16.395596,63898.00
09/23/1997,16.821135,17.171576,16.721009,16.771072,156600,0.000,0.0,-,NaN,15.013860,15.624628,16.290464,62646.00
09/22/1997,16.420618,16.821121,16.420618,16.720995,27300,0.000,0.0,-,NaN,14.959792,15.519496,16.210362,62008.00
09/19/1997,16.520751,16.670939,16.420625,16.470688,14700,0.000,0.0,-,NaN,14.893709,15.444401,16.140275,64362.00
09/18/1997,16.420631,16.721009,16.420631,16.570820,57600,0.000,0.0,-,NaN,14.832633,15.369307,16.095219,65666.00
09/17/1997,16.120245,16.470685,15.919993,16.420622,24400,0.000,0.0,-,NaN,14.769553,15.266678,15.990087,66440.00
09/16/1997,15.920000,16.120251,15.920000,16.070189,4600,0.000,0.0,-,NaN,14.713483,15.179069,15.829885,69306.00
09/15/1997,16.070190,16.070190,15.920001,15.920001,10000,0.000,0.0,-,NaN,14.664422,15.091458,15.674691,70124.00
09/12/1997,16.020124,16.170313,15.919999,16.020124,48100,0.000,0.0,-,NaN,14.608351,14.996338,15.509483,72560.00
09/11/1997,16.020127,16.020127,15.869938,15.920001,2200,0.000,0.0,-,NaN,14.542268,14.906225,15.329257,78142.00
09/10/1997,15.970062,16.070187,15.819873,16.020124,57100,0.000,0.0,-,NaN,14.485196,14.831131,15.149031,88716.00
09/09/1997,16.020119,16.020119,15.619616,15.970057,61400,0.000,0.0,-,NaN,14.415108,14.786074,14.958792,97546.00
09/08/1997,15.970062,16.020124,15.819873,16.020124,33900,0.000,0.0,-,NaN,14.352029,14.743521,14.828629,152466.00
09/05/1997,15.619621,16.020124,15.519496,16.020124,46300,0.000,0.0,-,NaN,NaN,14.705974,14.748528,NaN
09/04/1997,14.918744,15.920002,14.918744,15.519499,91100,0.000,0.0,-,NaN,NaN,14.693458,14.643396,NaN
09/03/1997,14.618359,14.818610,14.418107,14.818610,63100,0.000,0.0,-,NaN,NaN,14.695961,14.543270,NaN
09/02/1997,14.368054,14.618369,14.317991,14.518243,46700,0.000,0.0,-,NaN,NaN,14.741018,14.528252,NaN
08/29/1997,14.217864,14.267927,14.167801,14.267927,41300,0.000,0.0,-,NaN,NaN,14.736011,14.508226,NaN
08/28/1997,14.117735,14.368050,14.017610,14.217861,39700,0.000,0.0,-,NaN,NaN,14.748527,14.483193,NaN
08/27/1997,14.167802,14.167802,13.917487,14.117739,20600,0.000,0.0,-,NaN,NaN,14.753533,14.483193,NaN
08/26/1997,14.668431,14.668431,14.017613,14.117739,19000,0.000,0.0,-,NaN,NaN,14.768551,14.513230,NaN
08/25/1997,15.118991,15.169053,14.418110,14.668425,65300,0.000,0.0,-,NaN,NaN,14.768551,14.613356,NaN
08/22/1997,14.868672,15.219112,14.718484,15.219112,14300,0.000,0.0,-,NaN,NaN,14.746023,14.658413,NaN
08/21/1997,14.568302,15.118994,14.568302,14.968805,43000,0.000,0.0,-,NaN,NaN,14.715986,14.663419,NaN
08/20/1997,14.568306,14.768557,14.518243,14.518243,16000,0.000,0.0,-,NaN,NaN,14.685948,14.743519,NaN
08/19/1997,14.518236,14.668425,14.117733,14.668425,16400,0.000,0.0,-,NaN,NaN,14.675935,14.848651,NaN
08/18/1997,13.917479,14.317982,13.817353,14.317982,23100,0.000,0.0,-,NaN,NaN,14.648401,14.953783,NaN
08/15/1997,14.267919,14.317982,13.917479,14.017605,39000,0.000,0.0,-,NaN,NaN,14.638388,14.963796,NaN
08/14/1997,14.368050,14.618364,13.617106,14.217861,71200,0.000,0.0,-,NaN,NaN,14.658414,15.013860,NaN
08/13/1997,15.018861,15.118987,14.217856,14.418107,51600,0.000,0.0,-,NaN,NaN,14.668426,15.023872,NaN
08/12/1997,15.219122,15.619626,15.018871,15.118997,50100,0.000,0.0,-,NaN,NaN,14.663420,15.023872,NaN
08/11/1997,15.319248,15.319248,14.818619,15.118997,35400,0.000,0.0,-,NaN,NaN,14.603344,14.923746,NaN
08/08/1997,15.669677,15.669677,15.169048,15.269174,91600,0.000,0.0,-,NaN,NaN,14.550778,14.833632,NaN
08/07/1997,15.619616,15.769805,15.219113,15.769805,222200,0.000,0.0,-,NaN,NaN,14.458162,14.768552,NaN
08/06/1997,15.819874,16.020125,15.369308,15.569559,48700,0.000,0.0,-,NaN,NaN,14.340515,14.628377,NaN
08/05/1997,14.518239,15.719748,14.468176,15.719748,76800,0.000,0.0,-,NaN,NaN,14.232880,14.503219,NaN
08/04/1997,14.418107,14.468170,14.317981,14.418107,77200,0.000,0.0,-,NaN,NaN,14.127748,14.343018,NaN
08/01/1997,14.267928,14.518243,14.017614,14.518243,66800,0.000,0.0,-,NaN,NaN,14.087698,14.312981,NaN
07/31/1997,14.518233,14.518233,14.117730,14.317982,71000,0.000,0.0,-,NaN,NaN,14.017610,14.302967,NaN
07/30/1997,14.067667,14.518233,14.067667,14.418107,76200,0.000,0.0,-,NaN,NaN,13.937509,14.312980,NaN
07/29/1997,14.267927,14.418116,14.117739,14.117739,68000,0.000,0.0,-,NaN,NaN,13.869925,14.302967,NaN
07/28/1997,14.518239,14.618364,14.117735,14.217861,46800,0.000,0.0,-,NaN,NaN,13.789824,14.282942,NaN
07/25/1997,14.518244,14.918748,14.518244,14.618370,150600,0.000,0.0,-,NaN,NaN,13.719736,14.267924,NaN
07/24/1997,14.317987,14.468175,14.267924,14.368050,46300,0.000,0.0,-,NaN,NaN,NaN,14.147773,NaN
07/23/1997,14.418107,14.418107,13.917479,14.317982,92400,0.000,0.0,-,NaN,NaN,NaN,14.052653,NaN
07/22/1997,14.117739,14.317990,14.117739,14.117739,64700,0.000,0.0,-,NaN,NaN,NaN,13.962541,NaN
07/21/1997,14.418116,14.418116,14.017613,14.117739,79100,0.000,0.0,-,NaN,NaN,NaN,13.912478,NaN
07/18/1997,14.618359,14.668421,14.117730,14.418107,179700,0.000,0.0,-,NaN,NaN,NaN,13.862415,NaN
07/17/1997,14.368044,14.618359,14.368044,14.418107,185800,0.000,0.0,-,NaN,NaN,NaN,13.732252,NaN
07/16/1997,13.967542,14.317982,13.967542,14.317982,144200,0.000,0.0,-,NaN,NaN,NaN,13.562038,NaN
07/15/1997,14.017611,14.217863,13.667171,13.917485,53100,0.000,0.0,-,NaN,NaN,NaN,13.436882,NaN
07/14/1997,13.617113,14.117742,13.516987,14.067679,124700,0.000,0.0,-,NaN,NaN,NaN,13.296705,NaN
07/11/1997,13.416856,13.717233,13.316730,13.416856,145000,0.000,0.0,-,NaN,NaN,NaN,13.171547,NaN
07/10/1997,13.266667,13.416856,13.216604,13.416856,79900,0.000,0.0,-,NaN,NaN,NaN,NaN,NaN
07/09/1997,13.617107,13.667170,13.316730,13.416856,96300,0.000,0.0,-,NaN,NaN,NaN,NaN,NaN
07/08/1997,13.717235,13.917487,13.617109,13.617109,167700,0.000,0.0,-,NaN,NaN,NaN,NaN,NaN
07/07/1997,13.216606,13.617109,12.916229,13.617109,45500,0.000,0.0,-,NaN,NaN,NaN,NaN,NaN
07/03/1997,12.816102,13.216605,12.715976,13.116479,131800,0.000,0.0,-,NaN,NaN,NaN,NaN,NaN
07/02/1997,13.166538,13.166538,12.515720,12.715972,327200,0.000,0.0,-,NaN,NaN,NaN,NaN,NaN
07/01/1997,12.615850,13.216604,12.415598,13.066416,530900,0.000,0.0,-,NaN,NaN,NaN,NaN,NaN
06/30/1997,12.816099,12.816099,12.465658,12.515721,498600,0.000,0.0,-,NaN,NaN,NaN,NaN,NaN
06/27/1997,12.816099,12.916225,12.615848,12.816099,2807400,0.000,0.0,-,NaN,NaN,NaN,NaN,NaN
