Date,Open,High,Low,Adj_Close,Volume,Dividends,Stock Splits,Empty_col_H,MA_Price_200_day,MA_Price_50_day,MA_Price_20_day,MA_Price_10_day,MA_Volume_50_day
01/03/2028
12/31/2027
12/30/2027
12/29/2027
12/28/2027
12/27/2027
12/24/2027
12/23/2027
12/22/2027
12/21/2027
12/20/2027
12/17/2027
12/16/2027
12/15/2027
12/14/2027
12/13/2027
12/10/2027
12/09/2027
12/08/2027
12/07/2027
12/06/2027
12/03/2027
12/02/2027
12/01/2027
11/30/2027
11/29/2027
11/26/2027
11/25/2027
11/24/2027
11/23/2027
11/22/2027
11/19/2027
11/18/2027
11/17/2027
11/16/2027
11/15/2027
11/12/2027
11/11/2027
11/10/2027
11/09/2027
11/08/2027
11/05/2027
11/04/2027
11/03/2027
11/02/2027
11/01/2027
10/29/2027
10/28/2027
10/27/2027
10/26/2027
10/25/2027
10/22/2027
10/21/2027
10/20/2027
10/19/2027
10/18/2027
10/15/2027
10/14/2027
10/13/2027
10/12/2027
10/11/2027
10/08/2027
10/07/2027
10/06/2027
10/05/2027
10/04/2027
10/01/2027
09/30/2027
09/29/2027
09/28/2027
09/27/2027
09/24/2027
09/23/2027
09/22/2027
09/21/2027
09/20/2027
09/17/2027
09/16/2027
09/15/2027
09/14/2027
09/13/2027
09/10/2027
09/09/2027
09/08/2027
09/07/2027
09/06/2027
09/03/2027
09/02/2027
09/01/2027
08/31/2027
08/30/2027
08/27/2027
08/26/2027
08/25/2027
08/24/2027
08/23/2027
08/20/2027
08/19/2027
08/18/2027
08/17/2027
08/16/2027
08/13/2027
08/12/2027
08/11/2027
08/10/2027
08/09/2027
08/06/2027
08/05/2027
08/04/2027
08/03/2027
08/02/2027
07/30/2027
07/29/2027
07/28/2027
07/27/2027
07/26/2027
07/23/2027
07/22/2027
07/21/2027
07/20/2027
07/19/2027
07/16/2027
07/15/2027
07/14/2027
07/13/2027
07/12/2027
07/09/2027
07/08/2027
07/07/2027
07/06/2027
07/05/2027
07/02/2027
07/01/2027
06/30/2027
06/29/2027
06/28/2027
06/25/2027
06/24/2027
06/23/2027
06/22/2027
06/21/2027
06/18/2027
06/17/2027
06/16/2027
06/15/2027
06/14/2027
06/11/2027
06/10/2027
06/09/2027
06/08/2027
06/07/2027
06/04/2027
06/03/2027
06/02/2027
06/01/2027
05/31/2027
05/28/2027
05/27/2027
05/26/2027
05/25/2027
05/24/2027
05/21/2027
05/20/2027
05/19/2027
05/18/2027
05/17/2027
05/14/2027
05/13/2027
05/12/2027
05/11/2027
05/10/2027
05/07/2027
05/06/2027
05/05/2027
05/04/2027
05/03/2027
04/30/2027
04/29/2027
04/28/2027
04/27/2027
04/26/2027
04/23/2027
04/22/2027
04/21/2027
04/20/2027
04/19/2027
04/16/2027
04/15/2027
04/14/2027
04/13/2027
04/12/2027
04/09/2027
04/08/2027
04/07/2027
04/06/2027
04/05/2027
04/02/2027
04/01/2027
03/31/2027
03/30/2027
03/29/2027
03/26/2027
03/25/2027
03/24/2027
03/23/2027
03/22/2027
03/19/2027
03/18/2027
03/17/2027
03/16/2027
03/15/2027
03/12/2027
03/11/2027
03/10/2027
03/09/2027
03/08/2027
03/05/2027
03/04/2027
03/03/2027
03/02/2027
03/01/2027
02/26/2027
02/25/2027
02/24/2027
02/23/2027
02/22/2027
02/19/2027
02/18/2027
02/17/2027
02/16/2027
02/15/2027
02/12/2027
02/11/2027
02/10/2027
02/09/2027
02/08/2027
02/05/2027
02/04/2027
02/03/2027
02/02/2027
02/01/2027
01/29/2027
01/28/2027
01/27/2027
01/26/2027
01/25/2027
01/22/2027
01/21/2027
01/20/2027
01/19/2027
01/18/2027
01/15/2027
01/14/2027
01/13/2027
01/12/2027
01/11/2027
01/08/2027
01/07/2027
01/06/2027
01/05/2027
01/04/2027
01/01/2027
12/31/2026
12/30/2026
12/29/2026
12/28/2026
12/24/2026
12/23/2026
12/22/2026
12/21/2026
12/18/2026
12/17/2026
12/16/2026
12/15/2026
12/14/2026
12/11/2026
12/10/2026
12/09/2026
12/08/2026
12/07/2026
12/04/2026
12/03/2026
12/02/2026
12/01/2026
11/30/2026
11/27/2026
11/25/2026
11/24/2026
11/23/2026
11/20/2026
11/19/2026
11/18/2026
11/17/2026
11/16/2026
11/13/2026
11/12/2026
11/11/2026
11/10/2026
11/09/2026
11/06/2026
11/05/2026
11/04/2026
11/03/2026
11/02/2026
10/30/2026
10/29/2026
10/28/2026
10/27/2026
10/26/2026
10/23/2026
10/22/2026
10/21/2026
10/20/2026
10/19/2026
10/16/2026
10/15/2026
10/14/2026
10/13/2026
10/12/2026
10/09/2026
10/08/2026
10/07/2026
10/06/2026
10/05/2026
10/02/2026
10/01/2026
09/30/2026
09/29/2026
09/28/2026
09/25/2026
09/24/2026
09/23/2026
09/22/2026
09/21/2026
09/18/2026
09/17/2026
09/16/2026
09/15/2026
09/14/2026
09/11/2026
09/10/2026
09/09/2026
09/08/2026
09/04/2026
09/03/2026
09/02/2026
09/01/2026
08/31/2026
08/28/2026
08/27/2026
08/26/2026
08/25/2026
08/24/2026
08/21/2026
08/20/2026
08/19/2026
08/18/2026
08/17/2026
08/14/2026
08/13/2026
08/12/2026
08/11/2026
08/10/2026
08/07/2026
08/06/2026
08/05/2026
08/04/2026
08/03/2026
07/31/2026
07/30/2026
07/29/2026
07/28/2026
07/27/2026,324.739990,330.101410,324.410004,326.369995,13035834,0.00,0.000000,-,323.256738,360.822777,349.929497,343.073996,22798288.68
07/24/2026,318.299988,323.980011,317.500000,319.089996,21579500,0.00,0.000000,-,322.858121,362.271377,350.345497,345.503998,22900774.00
07/23/2026,321.630005,324.450012,314.890015,318.339996,46751900,0.00,0.000000,-,322.517761,363.561360,351.500497,349.097998,22811262.00
07/22/2026,347.179993,349.450012,341.640015,341.910004,23273800,0.00,0.000000,-,322.155901,364.925307,352.835498,352.887997,22202522.00
07/21/2026,350.559998,350.739990,346.010010,346.190002,17419500,0.00,0.000000,-,321.676090,366.023331,353.043997,354.567996,22012296.00
07/20/2026,350.170013,359.489990,350.005005,351.369995,13203300,0.00,0.000000,-,321.170439,367.000775,353.173497,356.310995,21966978.00
07/17/2026,345.769989,348.170013,341.125000,346.119995,22023900,0.00,0.000000,-,320.628957,367.871422,353.977997,357.663995,22164858.00
07/16/2026,372.170013,374.350006,351.670013,353.809998,23603700,0.00,0.000000,-,320.117767,368.629799,354.776997,358.669995,22033030.00
07/15/2026,356.010010,372.140015,355.670013,370.209991,20258200,0.00,0.000000,-,319.582199,369.141833,355.641498,359.077997,21926456.00
07/14/2026,348.839996,357.880005,348.839996,357.329987,11252600,0.00,0.000000,-,318.961587,369.397423,355.486497,357.389996,22082250.00
07/13/2026,353.989990,355.750000,349.820007,350.670013,10583500,0.00,0.000000,-,318.411664,369.885029,355.527998,356.784998,22748608.00
07/10/2026,354.954010,355.679993,350.700012,355.029999,11618500,0.00,0.000000,-,317.917545,369.813651,355.822498,355.186996,22981582.00
07/09/2026,351.084991,356.730011,348.660004,356.239990,17217400,0.00,0.000000,-,317.404322,369.658870,355.736998,353.902997,23119258.00
07/08/2026,362.209991,364.980011,354.700012,358.709991,14710400,0.00,0.000000,-,316.896825,369.500278,356.039499,352.782999,23123770.00
07/07/2026,367.234985,370.890015,362.420013,363.619995,16443900,0.00,0.000000,-,316.362457,369.168360,356.162500,351.519998,23194780.00
07/06/2026,358.195007,365.679993,354.190002,364.899994,22652700,0.00,0.000000,-,315.791164,368.646897,356.258501,350.035999,23134744.00
07/02/2026,356.149994,360.989990,350.320007,356.179993,15532900,0.00,0.000000,-,315.221305,368.099435,356.465895,350.291998,22940774.00
07/01/2026,354.614990,359.559998,353.230011,357.890015,19546800,0.00,0.000000,-,314.696742,367.581260,356.430199,350.884000,22922592.00
06/30/2026,350.959991,355.390015,348.109985,353.329987,21278400,0.00,0.000000,-,314.111831,367.127425,356.444420,352.204999,22789602.00
06/29/2026,339.950012,351.970001,338.809998,351.279999,25565700,0.00,0.000000,-,313.546726,366.844742,357.395715,353.582999,22757710.00
06/26/2026,340.980011,344.119995,333.690002,334.690002,82484600,0.00,0.000000,-,312.985783,366.470539,358.641895,354.270999,22525388.00
06/25/2026,336.920013,343.190002,335.899994,342.190002,27687600,0.00,0.000000,-,312.509686,366.462115,361.201782,356.457999,21177778.00
06/24/2026,348.720001,352.829987,341.500000,345.040009,23898400,0.00,0.000000,-,311.967246,366.225939,363.322208,357.570999,20995176.00
06/23/2026,340.105011,348.720001,339.714996,346.079987,21820900,0.00,0.000000,-,311.414548,365.705499,365.300633,359.295999,20761464.00
06/22/2026,357.135010,358.200012,340.940002,348.779999,32211200,0.00,0.000000,-,310.844135,365.094501,366.954225,360.805002,20564998.00
06/18/2026,363.890015,369.000000,356.608002,367.459991,29339100,0.00,0.000000,-,310.252445,364.442495,368.677193,362.481003,20212910.00
06/17/2026,367.049988,370.149994,360.230011,362.100006,16003500,0.00,0.000000,-,309.472077,363.384309,369.537617,362.639792,20043878.00
06/16/2026,367.464996,373.600006,365.320007,371.100006,16492800,0.00,0.000000,-,308.726187,362.217253,370.666042,361.976398,20070162.00
06/15/2026,365.989990,370.649994,364.649994,367.109985,17268600,0.00,0.000000,-,307.929513,360.744872,371.754718,360.683841,19942740.00
06/12/2026,361.100006,364.773010,353.339996,358.160004,17637100,0.00,0.000000,-,307.132049,359.288329,373.053391,361.208432,19866036.00
06/11/2026,353.049988,358.010010,343.630005,356.559998,28771800,0.00,0.000000,-,306.378038,358.019582,374.991946,363.012790,20001366.00
06/10/2026,361.049988,366.309998,352.809998,353.320007,19878600,0.00,0.000000,-,305.638060,356.622131,377.103946,365.945566,20058432.00
06/09/2026,364.885010,369.691986,354.720001,362.290009,19873600,0.00,0.000000,-,304.902117,355.015245,378.617403,369.073416,20115906.00
06/08/2026,362.484985,363.380005,357.890015,361.170013,18739000,0.22,0.000000,-,304.090911,353.241352,379.829770,371.305267,20232500.00
06/05/2026,363.161435,368.977942,361.412488,365.540009,23411500,0.00,0.000000,-,303.283161,351.629374,381.611829,373.103448,20443344.00
06/04/2026,355.226214,369.637524,354.586584,369.047882,37746200,0.00,0.000000,-,302.465028,350.106890,383.087939,374.873383,20421974.00
06/03/2026,358.119466,362.281970,354.166859,355.466064,43031000,0.00,0.000000,-,301.638330,348.506454,384.380663,376.435443,20215274.00
06/02/2026,362.941558,369.567575,354.786463,358.174438,34648600,0.00,0.000000,-,300.882632,347.373936,385.809302,379.355685,19798736.00
06/01/2026,372.350925,374.374701,369.487627,372.355896,19091900,0.00,0.000000,-,300.107958,346.182653,386.871164,382.825595,19801034.00
05/29/2026,380.995712,381.420444,374.074859,376.203583,48018600,0.00,0.000000,-,299.258438,344.846457,387.402844,384.898349,19727190.00
05/28/2026,383.629106,389.765428,381.020690,385.887756,20795400,0.00,0.000000,-,298.395314,343.444700,387.678178,386.971103,19043786.00
05/27/2026,382.534781,389.490586,381.770226,384.598511,16893100,0.00,0.000000,-,297.471154,341.911423,385.738846,388.262326,18916350.00
05/26/2026,380.765832,385.158208,378.911967,384.608521,16150900,0.00,0.000000,-,296.555735,340.304191,383.873470,388.161389,18874928.00
05/22/2026,383.029496,384.638513,378.032503,379.151825,13382800,0.00,0.000000,-,295.616283,338.637595,382.058562,388.354272,18889060.00
05/21/2026,381.780236,388.446207,379.251759,383.239349,16837600,0.00,0.000000,-,294.702320,337.115110,380.206676,390.120209,18933608.00
05/20/2026,384.808418,390.465017,379.771441,384.668488,16488100,0.00,0.000000,-,293.759943,335.615013,377.922050,391.302496,18864390.00
05/19/2026,393.063429,393.126410,382.769636,384.668488,25559400,0.00,0.000000,-,292.812564,334.056552,375.564970,392.325882,18822356.00
05/18/2026,391.889142,404.226718,390.664873,392.873535,18592800,0.00,0.000000,-,291.836267,332.479701,372.845108,392.262918,18703822.00
05/15/2026,392.978487,395.641893,389.525579,393.083435,15801900,0.00,0.000000,-,290.833453,330.580444,369.961345,390.916733,18683926.00
05/14/2026,393.553150,398.863949,392.491777,396.931122,13805400,0.00,0.000000,-,289.852425,328.729122,367.266966,389.907339,18820766.00
05/13/2026,381.675285,399.689437,381.350468,398.799988,18160100,0.00,0.000000,-,288.847123,326.851580,364.048901,388.385254,18944970.00
05/12/2026,384.768425,386.207561,379.491602,383.589142,17103900,0.00,0.000000,-,287.817469,324.938856,360.822343,383.215366,18988990.00
05/11/2026,390.455009,394.092804,385.997700,386.537354,16314900,0.00,0.000000,-,286.867160,323.386277,358.161945,379.585550,19084000.00
05/08/2026,394.032861,398.130401,393.433246,396.811188,13762500,0.00,0.000000,-,285.897723,321.876001,354.785977,375.762851,19425486.00
05/07/2026,396.821177,397.116012,390.075236,395.062225,15153600,0.00,0.000000,-,284.868490,320.074761,350.721922,370.293143,19597836.00
05/06/2026,389.355664,396.141588,386.867171,394.902344,23097300,0.00,0.000000,-,283.850994,318.425946,346.777797,364.541605,19698946.00
05/05/2026,381.640299,388.726030,380.121224,384.038849,15432500,0.00,0.000000,-,282.829511,316.738184,342.760214,358.804059,19537814.00
05/04/2026,382.090063,383.948930,376.543383,379.411682,18275000,0.00,0.000000,-,281.836369,315.283072,338.745631,353.427298,19581988.00
05/01/2026,377.752663,383.159413,375.034298,382.989502,28047900,0.00,0.000000,-,280.860181,313.984619,334.649095,349.005957,19889750.00
04/30/2026,371.031696,382.399854,362.871598,381.710266,44570500,0.00,0.000000,-,279.861467,312.388105,330.213763,344.626593,19597764.00
04/29/2026,345.272219,353.187438,342.224035,347.101105,22232200,0.00,0.000000,-,278.865809,310.824767,325.864381,339.712549,19023308.00
04/28/2026,346.711347,349.689535,344.072921,347.290985,18502300,0.00,0.000000,-,278.041751,309.931241,322.843698,338.429321,19053680.00
04/27/2026,343.673170,350.688937,340.605010,348.310364,17443000,0.00,0.000000,-,277.209265,309.097834,319.127936,336.738339,19088354.00
04/24/2026,337.516866,343.483276,333.849060,342.114105,18260900,0.00,0.000000,-,276.358669,308.310952,315.392184,333.809103,19303374.00
04/23/2026,339.370759,339.955399,334.858460,337.546844,13442100,0.00,0.000000,-,275.533869,307.687144,312.315036,331.150702,19418318.00
04/22/2026,334.683596,337.826693,332.759735,337.526886,12954200,0.00,0.000000,-,274.719441,307.300491,309.908484,329.013989,19655114.00
04/21/2026,335.383154,336.967223,329.431749,330.271240,14623800,0.00,0.000000,-,273.917078,307.029486,307.483443,326.716370,19918096.00
04/20/2026,338.356376,338.956021,334.428747,335.198273,12897300,0.00,0.000000,-,273.165902,306.877629,305.911888,324.063965,20303160.00
04/17/2026,334.228850,339.780501,333.089551,339.195862,19683800,0.00,0.000000,-,272.386151,306.791615,304.082489,320.292233,21082054.00
04/16/2026,335.647989,337.177067,331.450503,332.569824,13949600,0.00,0.000000,-,271.572203,306.665797,302.400002,315.800934,21428200.00
04/15/2026,330.361177,334.798509,328.462326,334.268829,15104100,0.00,0.000000,-,270.793778,306.819509,301.077298,312.016214,21664938.00
04/14/2026,321.871302,330.441157,320.956843,330.381165,18557500,0.00,0.000000,-,270.011246,307.023130,299.825052,307.258075,21818360.00
04/13/2026,315.230307,319.237874,313.501336,319.018005,12212800,0.00,0.000000,-,269.229007,307.177271,298.517839,301.517532,21882014.00
04/10/2026,318.033588,319.307815,314.350807,315.530090,11997600,0.00,0.000000,-,268.488925,307.561272,297.630873,296.975266,22128724.00
04/09/2026,313.001638,317.239078,309.283874,316.179718,14606800,0.00,0.000000,-,267.747587,307.967493,297.005750,293.479370,22239542.00
04/08/2026,317.638828,319.197917,312.516910,314.550690,20887500,0.00,0.000000,-,266.994375,308.335155,296.608488,290.802979,22269024.00
04/07/2026,299.959494,303.917104,295.247303,303.747192,17317700,0.00,0.000000,-,266.257883,308.707234,296.218224,288.250516,22221324.00
04/06/2026,294.522746,298.245481,293.613290,297.480957,10121700,0.00,0.000000,-,265.606570,309.192319,296.322162,287.759811,22257182.00
04/02/2026,288.816157,295.722004,287.397028,294.282867,13433400,0.00,0.000000,-,265.002792,309.850864,296.343649,287.872745,22452790.00
04/01/2026,289.805602,297.805762,289.295899,294.722626,24403600,0.00,0.000000,-,264.418544,310.524236,296.655371,288.999069,22639956.00
03/31/2026,277.373068,286.877327,276.593539,286.687439,31625100,0.00,0.000000,-,263.821827,311.064575,297.071941,290.138382,22695282.00
03/30/2026,275.274343,276.093857,271.371693,272.975739,22752300,0.00,0.000000,-,263.270721,311.929005,297.895760,292.392029,22500152.00
03/27/2026,277.233132,278.922117,273.315507,273.595337,25703300,0.00,0.000000,-,262.797246,313.123994,299.544981,295.518146,22373604.00
03/26/2026,286.017871,286.342687,278.882151,280.571136,29281200,0.00,0.000000,-,262.326757,314.369509,301.416393,298.286481,22216324.00
03/25/2026,291.974260,294.482760,287.197136,289.415802,22343000,0.00,0.000000,-,261.809522,315.477905,302.725294,300.532129,22123034.00
03/24/2026,296.031825,296.921304,288.681268,289.026062,27411200,0.00,0.000000,-,261.233506,316.335505,303.885579,302.413998,22154050.00
03/23/2026,300.349251,303.187539,297.850754,298.840149,22204100,0.00,0.000000,-,260.633991,317.129193,304.959988,304.185931,21964180.00
03/20/2026,303.887113,304.186921,296.571509,298.610291,34763500,0.00,0.000000,-,259.983315,317.664081,305.582143,304.884512,21955890.00
03/19/2026,303.027608,306.495522,300.818946,305.546112,15399700,0.00,0.000000,-,259.325422,318.132059,306.376080,304.814554,21754256.00
03/18/2026,307.719799,310.563089,305.361233,306.115753,13848400,0.00,0.000000,-,258.646096,318.303927,306.256966,304.311673,21826060.00
03/17/2026,304.486768,309.863507,304.166953,309.223907,14423600,0.00,0.000000,-,257.976272,318.519730,306.128346,304.005499,21947772.00
03/16/2026,303.417394,305.386210,301.628462,304.236908,14822000,0.00,0.000000,-,257.291454,318.633422,305.788391,303.399490,22100174.00
03/13/2026,306.470569,307.075217,299.599704,301.278687,16857500,0.00,0.000000,-,256.633664,318.816493,305.857578,303.571817,22020164.00
03/12/2026,306.025814,308.454376,300.659049,303.027618,15610200,0.00,0.000000,-,255.993652,319.073709,306.241956,304.546304,21904064.00
03/11/2026,306.115747,310.881891,305.656032,308.234497,13376700,0.00,0.000000,-,255.323034,319.292751,306.636758,304.918460,21838214.00
03/10/2026,305.691034,308.964058,305.126371,306.745392,14386400,0.00,0.000000,-,254.638284,319.419041,307.135744,305.357159,21705298.00
03/09/2026,293.958101,306.315654,293.753207,305.825958,19632700,0.21,0.000000,-,253.951418,319.589294,307.997307,305.734045,21540334.00
03/06/2026,295.685616,299.938055,294.864698,297.910706,17598000,0.00,0.000000,-,253.245545,319.778135,308.839928,306.279773,21426908.00
03/05/2026,302.804323,302.974085,297.681013,300.517303,22643900,0.00,0.000000,-,252.591946,320.038395,310.489272,307.937607,21356776.00
03/04/2026,302.290000,305.061372,300.407450,303.054016,20015600,0.00,0.000000,-,251.923124,320.192194,312.108655,308.202258,21808586.00
03/03/2026,298.030542,303.543327,296.311780,303.163818,20361100,0.00,0.000000,-,251.231509,320.198185,313.968724,308.251193,21829084.00
03/02/2026,302.569616,307.737881,300.667103,305.960175,21854400,0.00,0.000000,-,250.546366,320.088329,316.033028,308.177292,22004270.00
02/27/2026,303.543344,311.672705,303.194801,311.023560,33389200,0.00,0.000000,-,249.817762,320.115694,317.639430,308.143338,21992886.00
02/26/2026,312.396795,312.591548,302.015371,306.749176,22380000,0.00,0.000000,-,249.057317,320.073549,318.999155,307.937607,21765680.00
02/25/2026,311.712674,313.250673,308.956266,312.621490,20209100,0.00,0.000000,-,248.292349,320.140861,320.453754,308.355057,21743376.00
02/24/2026,310.234618,311.962341,305.690538,310.514252,15040700,0.00,0.000000,-,247.504842,320.154243,321.550819,308.914328,21857436.00
02/23/2026,318.723523,319.038084,309.585440,311.283234,17641200,0.00,0.000000,-,246.713180,320.355580,322.682840,310.260568,22011912.00
02/20/2026,304.402219,316.346633,304.022740,314.489044,33663100,0.00,0.000000,-,245.979423,320.476622,323.518748,311.400082,21942114.00
02/19/2026,302.125167,305.630596,300.277606,303.163818,13448600,0.00,0.000000,-,245.233870,320.467634,324.314708,313.040936,21708990.00
02/18/2026,302.037338,305.510796,301.585932,303.543365,15847700,0.00,0.000000,-,244.543748,320.833555,325.554091,316.015051,21754416.00
02/17/2026,300.247657,304.492110,296.512517,302.424805,23750800,0.00,0.000000,-,243.836689,321.118031,326.463901,319.686255,21854094.00
02/13/2026,307.583068,308.486916,303.503407,305.620636,20236000,0.00,0.000000,-,243.125761,321.469391,327.838106,323.888763,22024780.00
02/12/2026,311.942369,316.066984,307.747839,308.966248,28194000,0.00,0.000000,-,242.404681,321.665014,329.193335,327.135522,22113424.00
02/11/2026,318.543723,320.626023,309.725260,310.923676,24008100,0.00,0.000000,-,241.668665,321.775760,330.538577,330.060703,22119956.00
02/10/2026,320.491226,321.210288,314.249382,318.214203,25281900,0.00,0.000000,-,240.929983,321.947162,331.791940,332.552451,22033710.00
02/09/2026,320.820774,327.312292,317.285416,323.976654,26103300,0.00,0.000000,-,240.142997,321.975947,332.496019,334.187311,22124864.00
02/06/2026,326.922829,330.208544,319.732213,322.678375,33877000,0.00,0.000000,-,239.308524,321.956552,332.732710,335.105112,22620784.00
02/05/2026,312.791269,332.209894,306.519466,330.897583,51842000,0.00,0.000000,-,238.461520,321.859925,332.878018,335.637415,23049480.00
02/04/2026,343.306385,343.800734,328.940148,332.904968,36991100,0.00,0.000000,-,237.553301,321.223250,332.433600,335.588480,22886052.00
02/03/2026,348.060206,349.693051,338.148139,340.255402,25786500,0.00,0.000000,-,236.652475,320.353406,331.495326,335.093130,22842258.00
02/02/2026,336.110781,344.714559,335.571508,344.449890,22775200,0.00,0.000000,-,235.725553,319.396635,330.327850,333.241547,23189000.00
01/30/2026,334.023530,339.845939,332.205928,338.088226,21740200,0.00,0.000000,-,234.793495,318.195688,328.850781,331.787448,23327540.00
01/29/2026,339.905845,341.843316,326.293628,338.218048,24548300,0.00,0.000000,-,233.907138,317.134750,327.615894,331.251147,23578458.00
01/28/2026,336.170712,337.189400,331.696578,335.841156,17538500,0.00,0.000000,-,233.009824,315.899153,326.411966,331.016452,23454102.00
01/27/2026,335.191988,337.773606,333.314436,334.562805,16080900,0.00,0.000000,-,232.104327,314.753809,325.318895,331.031430,23464536.00
01/26/2026,327.771713,335.911071,327.062617,333.154663,18502500,0.00,0.000000,-,231.233555,313.799907,324.318202,330.804727,23482894.00
01/23/2026,332.220896,333.594102,327.542013,328.001404,19110600,0.00,0.000000,-,230.297718,312.960200,323.423372,330.360309,23395978.00
01/22/2026,333.828782,334.772526,328.450800,330.408234,19902100,0.00,0.000000,-,229.400893,312.200603,322.786703,330.118622,23403930.00
01/21/2026,320.675980,332.290808,319.123017,327.951477,22791700,0.00,0.000000,-,228.484564,311.175496,321.812476,329.278720,23445710.00
01/20/2026,320.820750,327.661817,320.471231,321.739563,27169900,0.00,0.000000,-,227.604870,310.312103,320.825264,327.897522,23451952.00
01/16/2026,334.497910,334.802504,327.741754,329.908905,21868600,0.00,0.000000,-,226.787260,309.561171,319.905966,327.414154,23309818.00
01/15/2026,337.613821,337.688735,330.857665,332.725220,16424900,0.00,0.000000,-,225.928902,308.513314,318.294072,325.914114,23234920.00
01/14/2026,334.547811,336.590155,330.707858,335.871094,17839300,0.00,0.000000,-,225.043267,307.530094,317.024231,323.980640,23300258.00
01/13/2026,334.842443,340.754731,333.913664,335.990936,24616700,0.00,0.000000,-,224.141055,306.438047,315.676492,321.807480,23542128.00
01/12/2026,326.073896,334.003536,325.085198,332.295776,23893800,0.00,0.000000,-,223.278182,305.345199,314.382683,319.606360,24021194.00
01/09/2026,327.062609,331.047422,325.824237,328.710480,17917700,0.00,0.000000,-,222.449023,304.191918,313.432425,317.831677,24069076.00
01/08/2026,328.835290,330.108620,321.569761,325.584534,21789600,0.00,0.000000,-,221.665927,302.975806,313.025955,316.486435,24112746.00
01/07/2026,314.159488,326.038954,314.089572,322.009216,24681800,0.00,0.000000,-,220.884217,301.852154,312.613495,315.454785,24136708.00
01/06/2026,316.895904,321.140357,311.932388,314.139496,18989900,0.00,0.000000,-,220.102059,300.611977,312.215016,314.346231,24011192.00
01/05/2026,317.280394,318.833358,314.837572,316.905884,19934000,0.00,0.000000,-,219.353274,299.393860,312.581036,313.753006,23896220.00
01/02/2026,317.175535,322.492592,310.244589,314.908508,22043700,0.00,0.000000,-,218.596782,298.096462,312.624100,312.397778,23890544.00
12/31/2025,312.961041,314.978424,311.792585,313.390472,10821500,0.00,0.000000,-,217.832300,296.815259,312.878314,310.674030,24006398.00
12/30/2025,313.000999,317.285409,312.841205,314.139496,11052500,0.00,0.000000,-,217.094829,295.677794,312.978880,310.067822,24064504.00
12/29/2025,312.411778,314.558966,311.492965,313.979736,12317700,0.00,0.000000,-,216.358841,294.460874,312.997084,309.545505,24196530.00
12/26/2025,315.507719,316.146868,313.310578,314.548950,6730900,0.00,0.000000,-,215.609261,293.209025,313.272784,309.159006,24329096.00
12/24/2025,315.737411,315.877243,312.911117,315.258057,6138200,0.00,0.000000,-,214.878099,291.942398,313.528011,309.033173,24515440.00
12/23/2025,310.728984,315.887222,310.344477,315.268036,13961400,0.00,0.000000,-,214.128352,290.551405,313.915453,309.565475,24746784.00
12/22/2025,310.818832,311.293218,306.189871,310.923676,14091400,0.00,0.000000,-,213.387668,289.129273,314.044402,309.772205,24716856.00
12/19/2025,302.874217,308.586754,301.945438,308.207245,45234400,0.00,0.000000,-,212.707250,287.651308,313.451408,310.083801,24884010.00
12/18/2025,302.664505,304.861646,300.237684,303.353607,21040500,0.00,0.000000,-,212.032753,286.321887,312.511685,311.409067,24366836.00
12/17/2025,308.606743,308.791499,297.061831,297.671021,29120400,0.00,0.000000,-,211.386405,285.154412,311.964847,312.850421,24228756.00
12/16/2025,305.600646,311.438020,303.433465,307.328400,21285200,0.00,0.000000,-,210.756631,284.133922,311.301424,315.082599,23922572.00
12/15/2025,312.217000,312.291915,305.340976,308.916321,22028900,0.00,0.000000,-,210.058922,283.007714,310.187070,315.889938,23863048.00
12/12/2025,314.384191,315.727437,306.559394,310.114746,21264800,0.00,0.000000,-,209.370982,281.748746,308.563164,316.448663,23821298.00
12/11/2025,320.680955,321.569778,309.475597,313.290619,25912100,0.00,0.000000,-,208.667052,280.465410,306.986125,317.386563,23809152.00
12/10/2025,316.206796,321.449945,314.988387,320.581085,22764500,0.00,0.000000,-,207.969576,279.100791,305.664980,318.022849,23770264.00
12/09/2025,312.691402,318.293090,312.212017,317.335327,14151300,0.00,0.000000,-,207.248928,277.550641,304.194389,318.265430,23765798.00
12/08/2025,320.611042,320.810793,311.502949,314.039642,22006900,0.21,0.000000,-,206.563511,276.081574,302.828702,318.316599,23945916.00
12/05/2025,319.373992,323.196486,319.354042,321.459900,15719900,0.00,0.000000,-,205.896511,274.734710,301.084363,316.819016,23837670.00
12/04/2025,322.413043,322.466923,314.972610,317.767151,20831600,0.00,0.000000,-,205.217580,273.227266,299.250459,313.614304,23870868.00
12/03/2025,315.411780,321.410033,313.665204,319.992798,32285100,0.00,0.000000,-,204.559549,271.818827,297.571750,311.079272,23793406.00
12/02/2025,316.280078,317.976765,313.605328,315.401794,24668200,0.00,0.000000,-,203.883775,270.455898,295.447914,307.520248,23498126.00
12/01/2025,316.853975,319.004758,313.365816,314.503571,28520600,0.00,0.000000,-,203.236278,269.195569,293.856035,304.484201,23406342.00
11/28/2025,322.797266,326.240529,316.319972,319.493744,19695800,0.00,0.000000,-,202.598296,268.000311,292.194293,300.677664,23668266.00
11/26/2025,320.152495,324.354251,316.579511,319.653473,29839600,0.00,0.000000,-,201.923177,266.647164,290.287033,296.585687,23697678.00
11/25/2025,326.160688,328.027056,317.194285,323.006897,50899300,0.00,0.000000,-,201.255416,265.241320,288.035945,293.307111,23510712.00
11/24/2025,310.401617,319.174400,308.794751,317.847015,55311800,0.00,0.000000,-,200.576509,263.799745,285.280844,290.123349,22982596.00
11/21/2025,296.289252,303.365379,293.784152,299.063812,43670600,0.00,0.000000,-,199.918129,262.468155,282.858591,287.340805,22475064.00
11/20/2025,304.143888,306.289707,288.604368,289.412781,34801400,0.00,0.000000,-,199.384355,261.305035,280.905418,285.349710,21892384.00
11/19/2025,287.122225,303.654822,287.107270,292.416840,43123600,0.00,0.000000,-,198.898787,260.322960,279.096462,284.886615,21622528.00
11/18/2025,287.920656,288.868810,278.464215,284.402557,29702200,0.00,0.000000,-,198.469875,259.256450,277.077420,284.064227,21159858.00
11/17/2025,285.839744,293.943855,283.674006,285.041321,34286100,0.00,0.000000,-,198.055816,258.357812,275.399709,283.375580,21022910.00
11/14/2025,271.363127,278.603940,270.879090,276.438202,18330500,0.00,0.000000,-,197.653287,257.331024,273.973503,283.227869,20799764.00
11/13/2025,282.431404,282.955401,277.456170,278.573975,18060200,0.00,0.000000,-,197.279000,256.492267,272.816270,283.710922,20955708.00
11/12/2025,291.513599,291.788055,283.823685,286.867706,16998800,0.00,0.000000,-,196.866925,255.560738,271.456934,283.988379,21238424.00
11/11/2025,287.636228,291.768113,287.316847,291.169281,14156700,0.00,0.000000,-,196.412834,254.432223,269.674429,282.764780,22343454.00
11/10/2025,284.707010,290.889869,282.985379,290.021576,19508200,0.00,0.000000,-,195.920821,252.836565,267.401386,280.438339,22638322.00
11/07/2025,283.654019,283.943461,275.200587,279.152863,21991100,0.00,0.000000,-,195.474986,251.294573,265.108379,278.376376,22741802.00
11/06/2025,285.176046,288.245043,281.069105,284.781830,23103800,0.00,0.000000,-,195.071955,249.946821,263.002007,276.461127,22720294.00
11/05/2025,278.833472,286.139160,277.336407,284.192963,20063200,0.00,0.000000,-,194.643017,248.403528,260.849725,273.306310,22563198.00
11/04/2025,276.523034,281.282718,276.323413,277.516083,18123700,0.00,0.000000,-,194.215034,246.866826,258.889069,270.090613,22622954.00
11/03/2025,281.867553,285.380656,279.821545,283.564209,19691800,0.00,0.000000,-,193.810089,245.487792,257.345592,267.423837,22716256.00
10/31/2025,282.651008,285.725000,276.980146,281.268738,29932800,0.00,0.000000,-,193.359284,243.939136,255.718282,264.719138,22836894.00
10/30/2025,291.149339,291.358919,279.901396,281.348541,48570000,0.00,0.000000,-,192.932741,242.314736,253.953239,261.921617,22473616.00
10/29/2025,268.084519,275.430137,267.904878,274.631714,26287900,0.00,0.000000,-,192.476302,240.680164,252.183209,258.925490,21781650.00
10/28/2025,269.671434,270.849118,266.647362,267.904877,20101200,0.00,0.000000,-,192.059615,239.225799,250.704607,256.584079,21525424.00
10/27/2025,264.840880,270.270240,264.421718,269.401947,22987700,0.00,0.000000,-,191.680940,237.941867,249.463042,254.364433,21383404.00
10/24/2025,256.796624,261.996454,255.598990,260.000366,18406000,0.00,0.000000,-,191.305821,236.640359,248.187045,251.840382,21345878.00
10/23/2025,253.203718,255.359496,252.273549,253.233658,13241300,0.00,0.000000,-,190.984277,235.505145,247.521850,249.542888,21333300.00
10/22/2025,254.511140,256.676893,249.961068,252.035995,19650200,0.00,0.000000,-,190.702783,234.489509,247.164551,248.393141,21459934.00
10/21/2025,254.750683,254.880433,244.191377,250.848328,27836400,0.00,0.000000,-,190.403253,233.520362,246.930011,247.687524,21464010.00
10/20/2025,254.730720,257.375545,254.101963,256.517212,13726800,0.00,0.000000,-,190.097226,232.524513,246.979913,247.267348,21241086.00
10/17/2025,250.858319,254.381413,248.103709,253.293533,17653800,0.00,0.000000,-,189.761910,231.424460,246.773318,246.717426,21454148.00
10/16/2025,251.971115,257.076099,250.179628,251.387268,18946000,0.00,0.000000,-,189.453904,230.292955,246.845676,245.984862,21394284.00
10/15/2025,247.599697,252.265539,246.307217,251.217606,16048100,0.00,0.000000,-,189.162143,229.192395,246.868133,245.440929,21323038.00
10/14/2025,241.282098,247.539822,240.706215,245.708420,17705400,0.00,0.000000,-,188.886452,228.063320,246.775315,244.825136,21382280.00
10/13/2025,240.558499,244.510759,240.279048,244.161438,12465000,0.00,0.000000,-,188.640645,227.053004,247.036303,244.561652,21495892.00
10/10/2025,241.686284,244.361034,236.221988,237.025421,22449100,0.00,0.000000,-,188.394714,225.957957,247.391606,244.533707,21671326.00
10/09/2025,244.580606,245.074633,239.211126,241.736191,19375700,0.00,0.000000,-,188.169391,225.063665,247.585726,245.500812,21779384.00
10/08/2025,245.718371,246.776294,244.610541,244.979828,14136500,0.00,0.000000,-,187.904299,224.166498,247.514366,245.935960,21814880.00
10/07/2025,248.443027,251.057912,246.327179,246.646561,13811200,0.00,0.000000,-,187.625227,223.184314,247.219943,246.172498,22169982.00
10/06/2025,245.299203,251.706643,245.209383,251.017990,18309000,0.00,0.000000,-,187.372491,222.108768,246.861147,246.692477,22404828.00
10/03/2025,244.750281,246.634588,241.995685,245.967896,19941400,0.00,0.000000,-,187.103071,220.958955,245.995345,246.829210,22660684.00
10/02/2025,245.159489,247.150582,242.629444,245.947937,20657500,0.00,0.000000,-,186.825176,219.892595,245.421968,247.706491,23166898.00
10/01/2025,240.708205,246.666528,238.732083,245.059677,23967700,0.00,0.000000,-,186.558574,218.792930,244.724447,248.295337,23435110.00
09/30/2025,242.584531,243.198333,239.102358,243.073578,22541200,0.00,0.000000,-,186.311733,217.722996,243.993561,248.725494,23480014.00
09/29/2025,247.789323,251.155726,242.724254,243.881989,23157200,0.00,0.000000,-,186.024186,216.673638,242.409200,249.510954,23522490.00
09/26/2025,247.300300,249.630724,246.157535,246.696472,16594600,0.00,0.000000,-,185.685691,215.504209,240.861200,250.249506,23480014.00
09/25/2025,244.361050,246.831215,241.177288,246.087677,17379800,0.00,0.000000,-,185.329094,214.253761,239.114640,249.670641,23581210.00
09/24/2025,251.656741,252.465169,246.736392,247.345200,16958500,0.00,0.000000,-,184.964710,212.996942,237.191113,249.092772,23656666.00
09/23/2025,253.158789,254.271614,250.598805,251.846359,17521100,0.00,0.000000,-,184.602883,211.701611,235.191747,248.267389,23795728.00
09/22/2025,254.281592,255.808598,250.319357,252.385315,20079000,0.00,0.000000,-,184.203296,210.310473,233.027650,247.029817,23865114.00
09/19/2025,252.904295,256.197858,251.574900,254.740707,41616800,0.00,0.000000,-,183.800816,208.878641,230.714953,245.161479,23943048.00
09/18/2025,251.367313,253.642852,249.620737,251.836395,21166400,0.00,0.000000,-,183.374188,207.347650,227.980354,243.137445,23604586.00
09/17/2025,250.968103,251.457135,246.097644,249.361252,20491300,0.00,0.000000,-,182.963720,205.854005,225.369534,241.153557,23807018.00
09/16/2025,251.836400,252.734634,249.226510,250.928177,24493500,0.00,0.000000,-,182.564635,204.360005,222.997143,239.261627,23879364.00
09/15/2025,244.660457,252.255571,244.500766,251.267502,29935200,0.00,0.000000,-,182.151803,202.882530,220.636148,235.307446,23809322.00
09/12/2025,240.328954,241.948781,238.033451,240.907822,14536600,0.00,0.000000,-,181.723064,201.457897,218.289100,231.472894,23476366.00
09/11/2025,239.670243,242.095497,236.117209,240.308990,21308600,0.00,0.000000,-,181.359389,200.224704,216.405692,228.558640,23572152.00
09/10/2025,238.781978,241.606444,237.644209,239.091370,19990100,0.00,0.000000,-,181.038904,198.946649,214.512836,225.289455,23661550.00
09/09/2025,233.731890,240.119364,232.923477,239.470642,22854800,0.00,0.000000,-,180.735685,197.702520,212.737200,222.116104,24141040.00
09/08/2025,235.328736,237.933631,233.272768,233.701935,23128800,0.21,0.000000,-,180.416758,196.468355,210.816462,219.025482,25165006.00
09/05/2025,231.997519,235.457639,231.718317,234.500366,26127700,0.00,0.000000,-,180.112216,195.272983,209.207094,216.268427,25220612.00
09/04/2025,229.499641,232.107200,226.114304,231.997513,32196000,0.00,0.000000,-,179.820873,194.003009,207.317988,212.823264,25170606.00
09/03/2025,225.835101,231.139959,224.478972,230.441956,72250300,0.00,0.000000,-,179.557645,192.708307,205.536076,209.585510,25072892.00
09/02/2025,208.394910,211.764286,206.370692,211.386368,28900100,0.00,0.000000,-,179.316256,191.410214,203.752171,206.732658,24367398.00
08/29/2025,210.668423,214.726825,210.369274,212.921982,24682200,0.00,0.000000,-,179.163437,190.527534,202.942483,205.964850,24897448.00
08/28/2025,207.248174,212.293764,207.008868,211.765274,20915700,0.00,0.000000,-,178.992457,189.738786,201.766840,205.105305,25054440.00
08/27/2025,205.872125,208.973270,205.802317,207.617142,15249000,0.00,0.000000,-,178.839284,189.037988,200.794118,204.252744,24989248.00
08/26/2025,207.776667,207.866422,205.862136,207.357864,23051000,0.00,0.000000,-,178.687226,188.434311,200.257151,203.736217,25046918.00
08/25/2025,206.410570,210.488920,205.363556,208.564423,22788800,0.00,0.000000,-,178.502083,187.794738,199.682790,203.358296,25003362.00
08/22/2025,203.379243,208.634226,201.554452,206.131378,25723700,0.00,0.000000,-,178.307280,187.152771,198.898031,202.607442,24894504.00
08/21/2025,200.148458,202.780940,199.829362,200.048737,11768900,0.00,0.000000,-,178.134430,186.595762,198.267831,202.145761,24759918.00
08/20/2025,201.105727,201.594338,196.897758,199.619980,13971700,0.00,0.000000,-,177.992192,186.184735,197.897887,201.812712,25182700.00
08/19/2025,203.324401,203.708299,200.357866,201.913437,13476600,0.00,0.000000,-,177.869239,185.734820,197.465122,201.486642,25279618.00
08/18/2025,204.486075,205.553021,202.830799,203.708282,13000200,0.00,0.000000,-,177.709977,185.180801,196.947600,200.771683,25455248.00
08/15/2025,204.137077,206.739645,201.509585,204.326538,21111400,0.00,0.000000,-,177.527828,184.489099,196.292471,199.920116,25702752.00
08/14/2025,201.983233,204.835090,201.748901,203.239655,17777100,0.00,0.000000,-,177.335881,183.776666,195.346671,198.428374,25650698.00
08/13/2025,204.396318,204.845034,198.074375,202.451874,19573000,0.00,0.000000,-,177.137145,183.052507,194.393391,197.335492,25802890.00
08/12/2025,201.519537,204.545898,200.826508,203.578659,19854000,0.00,0.000000,-,176.942100,182.397088,193.433134,196.778085,25906288.00
08/11/2025,200.981079,201.584367,199.231087,201.055878,16690200,0.00,0.000000,-,176.753048,181.768532,192.383133,196.007285,26234374.00
08/08/2025,197.416274,202.850753,197.336500,201.514572,24379900,0.00,0.000000,-,176.571541,181.192624,191.444812,195.188620,26324064.00
08/07/2025,197.147030,197.805139,194.664115,196.718246,14660600,0.00,0.000000,-,176.384015,180.615908,190.408770,194.389900,26356450.00
08/06/2025,194.694040,196.817980,193.913265,196.359283,15383700,0.00,0.000000,-,176.217787,180.147069,189.482416,193.983063,26550064.00
08/05/2025,194.988190,198.134205,194.120672,194.763840,19010200,0.00,0.000000,-,176.064434,179.597965,188.522158,193.443602,26741662.00
08/04/2025,190.630642,195.521674,190.376363,195.192612,23386000,0.00,0.000000,-,175.919853,179.128377,187.517029,193.123517,27261940.00
08/01/2025,189.239605,191.072368,188.162678,189.409119,21236700,0.00,0.000000,-,175.770396,178.611968,186.610118,192.664825,27705572.00
07/31/2025,196.040193,196.269534,191.533059,192.310837,27852000,0.00,0.000000,-,175.640764,178.116813,186.141457,192.264967,27952104.00
07/30/2025,195.741054,197.914840,195.003156,196.877808,21150500,0.00,0.000000,-,175.489965,177.614417,185.488322,191.451291,27822558.00
07/29/2025,192.749574,196.100007,192.440460,195.870651,31891600,0.00,0.000000,-,175.315735,177.011917,184.464745,190.088184,28124976.00
07/28/2025,193.856419,194.265255,191.308686,192.869232,25553500,0.00,0.000000,-,175.159658,176.389124,183.515458,188.758981,27941496.00
07/25/2025,192.380640,194.718964,191.582930,193.527374,31101800,0.00,0.000000,-,175.012079,175.854445,182.760116,187.701004,28065810.00
07/24/2025,197.545895,198.403446,191.403431,192.649872,45252100,0.00,0.000000,-,174.881928,175.188683,181.780413,186.427640,27942660.00
07/23/2025,191.812262,192.809414,189.638461,190.964676,34068100,0.00,0.000000,-,174.749457,174.514377,180.698004,184.981769,27675316.00
07/22/2025,191.872103,192.809429,187.958276,191.562988,26212900,0.00,0.000000,-,174.625909,173.770196,179.512889,183.600714,27451374.00
07/21/2025,186.567242,190.715385,186.517381,190.605698,24665000,0.00,0.000000,-,174.504884,173.041337,178.211605,181.910541,27694866.00
07/18/2025,186.088594,186.826492,184.203977,185.410538,21033400,0.00,0.000000,-,174.382535,172.272863,177.043940,180.555411,28776162.00
07/17/2025,182.593594,184.659685,180.983187,184.174072,21654400,0.00,0.000000,-,174.276721,171.855289,176.447643,180.017946,28569332.00
07/16/2025,183.795172,184.807281,182.558697,183.246735,21152600,0.00,0.000000,-,174.169836,171.479375,176.075206,179.525354,28442430.00
07/15/2025,183.416233,184.882048,181.870644,182.578629,23911600,0.00,0.000000,-,174.063414,171.117228,175.784535,178.841307,28356276.00
07/14/2025,181.551576,184.203990,180.196437,182.289459,20990400,0.00,0.000000,-,173.963561,170.708287,175.424564,178.271935,28316130.00
07/11/2025,177.403419,182.090033,177.035466,180.793732,23975700,0.00,0.000000,-,173.862323,170.267283,175.133395,177.819228,28309112.00
07/10/2025,176.166944,179.078627,175.239599,178.191162,24693700,0.00,0.000000,-,173.776364,169.879500,175.007754,177.133186,28148702.00
07/09/2025,175.608540,179.766664,173.384894,177.154129,31288000,0.00,0.000000,-,173.696462,169.550938,175.073067,176.414240,28072252.00
07/08/2025,178.270942,178.280909,173.424780,174.661255,24108600,0.00,0.000000,-,173.609671,169.271601,175.071570,175.425064,28149454.00
07/07/2025,179.622062,179.826480,176.137019,177.054398,20991400,0.00,0.000000,-,173.532712,168.994714,175.049133,174.512669,28283032.00
07/03/2025,179.307972,180.255263,177.682608,180.035889,13287400,0.00,0.000000,-,173.437378,168.595268,174.652573,173.532469,28234718.00
07/02/2025,176.042312,179.422658,175.588605,179.248154,19325900,0.00,0.000000,-,173.324056,168.060101,174.086022,172.877339,28287176.00
07/01/2025,176.301553,176.715380,174.162672,176.406265,25778500,0.00,0.000000,-,173.200611,167.460215,173.475199,172.625058,28223614.00
06/30/2025,180.270240,181.062975,175.000285,176.884903,43964600,0.00,0.000000,-,173.074533,166.986884,173.138931,172.727763,28098312.00
06/27/2025,174.132755,178.330759,172.218224,177.762390,74053100,0.00,0.000000,-,172.935429,166.546608,172.902231,172.577193,27557450.00
06/26/2025,172.891296,174.152694,170.373492,173.933319,25909100,0.00,0.000000,-,172.789603,166.152124,172.627134,172.447562,26390204.00
06/25/2025,168.169769,172.866364,168.081033,171.001694,23627400,0.00,0.000000,-,172.674796,165.889796,172.564407,172.882321,26237140.00
06/24/2025,167.207524,168.768070,166.434736,167.262375,27310300,0.00,0.000000,-,172.606752,165.644868,172.678138,173.731894,26216232.00
06/23/2025,166.843591,168.000276,162.864946,165.537308,36975600,0.00,0.000000,-,172.553484,165.394453,172.760223,174.718076,26375436.00
06/20/2025,174.367089,174.865665,165.796561,167.252396,55402600,0.00,0.000000,-,172.512811,165.291878,173.047578,175.585597,26565514.00
06/18/2025,176.775195,177.317652,172.347835,173.484589,32531800,0.00,0.000000,-,172.495815,164.866573,173.153568,175.772676,26163550.00
06/17/2025,176.496001,178.206114,175.439022,176.725342,17656100,0.00,0.000000,-,172.439174,164.369609,172.711906,175.294705,26469374.00
06/16/2025,175.404110,177.737443,175.319361,177.433319,18132500,0.00,0.000000,-,172.371786,163.777951,172.235191,174.325340,26912896.00
06/13/2025,173.085742,177.835180,173.075776,175.379196,20873200,0.00,0.000000,-,172.310188,163.269538,171.701164,173.550099,27118568.00
06/12/2025,176.974622,177.622780,175.608528,176.466080,17345900,0.00,0.000000,-,172.266551,162.926304,171.168755,173.227269,27043370.00
06/11/2025,180.713969,181.232493,177.493170,178.280914,18994400,0.00,0.000000,-,172.214998,162.561731,170.652216,172.806706,27098680.00
06/10/2025,177.253828,181.925500,175.972499,179.497421,32908000,0.00,0.000000,-,172.144745,162.108075,169.750134,172.246492,27390624.00
06/09/2025,175.369193,177.408368,175.159800,177.124191,18817600,0.21,0.000000,-,172.079029,161.626702,168.721992,171.624382,27429794.00
06/06/2025,171.603126,175.118848,171.603126,174.212524,22258100,0.00,0.000000,-,172.031777,161.352546,167.553562,170.802371,27484866.00
06/05/2025,170.925861,171.662874,168.665053,169.123184,25375400,0.00,0.000000,-,171.996306,161.197575,166.598939,170.509560,27489664.00
06/04/2025,167.599369,168.894114,167.116330,168.704880,18508700,0.00,0.000000,-,171.968120,161.256934,165.751879,170.534459,27258988.00
06/03/2025,168.182020,169.113236,166.005844,167.031693,25386700,0.00,0.000000,-,171.934236,161.267690,165.543227,170.129108,27263670.00
06/02/2025,168.326408,170.370111,167.967864,169.680908,24742900,0.00,0.000000,-,171.903061,161.238607,165.460562,170.145041,27353578.00
05/30/2025,171.712671,172.738504,167.843375,172.150894,36258300,0.00,0.000000,-,171.877991,161.132638,165.233485,169.852229,27258350.00
05/29/2025,174.292195,174.690571,171.085217,172.260452,21174700,0.00,0.000000,-,171.830747,161.001770,164.732519,169.110240,27032298.00
05/28/2025,173.276336,175.766225,172.315243,172.678772,25999200,0.00,0.000000,-,171.790101,160.796802,164.131460,168.497726,27101140.00
05/27/2025,170.607168,173.585065,170.517536,173.276321,24341300,0.00,0.000000,-,171.739671,160.661153,163.567749,167.253777,26937938.00
05/23/2025,169.591295,170.512557,168.575416,168.904083,24963600,0.00,0.000000,-,171.670922,160.534467,162.992087,165.819601,26823334.00
05/22/2025,172.648878,177.409544,171.184822,171.284409,45024100,0.00,0.000000,-,171.622991,160.437661,162.706247,164.304753,26628186.00
05/21/2025,164.282844,173.824099,164.223089,169.372177,45567600,0.00,0.000000,-,171.563656,160.378302,162.182873,162.688318,26125306.00
05/20/2025,167.081486,168.993718,163.595642,164.651367,33563300,0.00,0.000000,-,171.552386,160.297032,161.568369,160.969299,25688072.00
05/19/2025,165.044742,167.270703,164.745952,167.191025,21374700,0.00,0.000000,-,171.584816,160.346630,160.999677,160.957346,25596620.00
05/16/2025,168.246725,169.959770,166.274738,166.752792,36271400,0.00,0.000000,-,171.608021,160.499609,160.102819,160.776083,25497032.00
05/15/2025,166.463971,166.832469,163.177315,164.731003,22717600,0.00,0.000000,-,171.627016,160.630712,159.402165,160.614740,25153252.00
05/14/2025,160.657560,167.659125,160.279092,166.135315,31769200,0.00,0.000000,-,171.652498,160.817770,158.909169,160.354797,25075860.00
05/13/2025,159.273195,161.404539,156.942663,160.239273,24944300,0.00,0.000000,-,171.658802,160.929388,158.504314,159.765193,25054704.00
05/12/2025,158.456516,159.791093,157.251403,158.934570,31884900,0.00,0.000000,-,171.696968,161.080337,158.533196,159.881721,25038258.00
05/09/2025,154.920866,155.797296,153.207821,153.755600,22871000,0.00,0.000000,-,171.767508,161.328210,158.524232,160.164572,25001556.00
05/08/2025,155.289367,156.773346,153.476736,155.120056,38387500,0.00,0.000000,-,171.909743,161.639672,158.573531,161.107741,25062746.00
05/07/2025,165.398324,166.314601,148.885382,152.181992,78729800,0.00,0.000000,-,172.043915,162.013180,158.837957,161.677428,24767740.00
05/06/2025,163.296855,166.065610,162.470210,164.531830,10691900,0.00,0.000000,-,172.173128,162.498571,158.528214,162.167438,23609794.00
05/05/2025,163.849607,166.424159,163.804791,165.378403,15309300,0.00,0.000000,-,172.239748,162.812971,157.733443,161.042007,23770636.00
05/02/2025,164.287821,166.025758,162.998061,165.139359,16844900,0.00,0.000000,-,172.319005,163.118199,156.821645,159.429555,23854866.00
05/01/2025,161.862680,163.276934,160.279099,162.131577,21904300,0.00,0.000000,-,172.413749,163.528883,156.165311,158.189590,23759244.00
04/30/2025,159.213440,160.721309,156.519379,160.239273,20639500,0.00,0.000000,-,172.536879,164.009473,155.969607,157.463541,23583568.00
04/29/2025,161.389618,162.022044,158.745357,161.404556,15955200,0.00,0.000000,-,172.662474,164.501447,155.869514,157.243434,23566698.00
04/28/2025,163.595631,164.282843,159.731334,161.763077,20871200,0.00,0.000000,-,172.784823,164.991403,155.579192,157.184671,23501878.00
04/25/2025,166.424141,167.559530,162.340718,163.187286,35148100,0.00,0.000000,-,172.931975,165.494285,155.262478,156.883891,23339040.00
04/24/2025,157.883829,161.055960,157.450591,160.816925,30787500,0.00,0.000000,-,173.060991,165.919936,155.273932,156.039322,22988724.00
04/23/2025,157.271326,159.372793,155.717638,157.082092,18575700,0.00,0.000000,-,173.202057,166.425625,155.556284,155.998486,22633536.00
04/22/2025,150.458987,153.984662,150.259783,153.277527,15910300,0.00,0.000000,-,173.369141,167.028494,156.306737,154.888991,22594142.00
04/21/2025,150.354402,150.449019,147.799774,149.253876,16147800,0.00,0.000000,-,173.532571,167.686363,157.104994,154.424878,22867250.00
04/17/2025,155.976571,156.434717,150.289659,152.739716,19513400,0.00,0.000000,-,173.712250,168.547466,157.921179,154.213736,22960626.00
04/16/2025,154.841201,157.540232,153.287513,154.871078,16921500,0.00,0.000000,-,173.863980,169.338654,158.503316,154.141032,23443686.00
04/15/2025,160.916534,161.394588,157.007406,158.038208,15690800,0.00,0.000000,-,173.999744,170.373922,159.040135,154.475673,23670964.00
04/14/2025,161.653524,163.366569,159.273191,160.816925,18255900,0.00,0.000000,-,174.136741,171.244973,159.238829,154.495593,23691538.00
04/11/2025,154.955723,159.213426,154.955723,158.755280,22582000,0.00,0.000000,-,174.252452,172.119343,159.492799,153.973712,23667626.00
04/10/2025,158.117881,159.382748,151.584415,154.741592,35270500,0.00,0.000000,-,174.379512,172.975853,159.902136,153.641064,23507416.00
04/09/2025,145.738151,161.215291,145.220250,160.408569,46479500,0.00,0.000000,-,174.502874,173.804202,160.368243,154.508542,23047762.00
04/08/2025,152.953840,153.815346,144.622683,145.987137,35304400,0.00,0.000000,-,174.595271,174.517022,160.763638,155.114082,22436956.00
04/07/2025,142.810053,154.303372,142.083010,148.636398,47823000,0.00,0.000000,-,174.747122,175.452613,161.729715,157.724483,22230272.00
04/04/2025,149.293708,152.470808,146.943253,147.142456,39832200,0.00,0.000000,-,174.879474,176.496976,162.654459,159.785110,21528460.00
04/03/2025,152.216853,154.061352,151.564488,152.012680,28416100,0.00,0.000000,-,175.030858,177.525058,164.039336,161.628622,21035232.00
04/02/2025,156.325174,159.626754,155.896905,158.217484,17113300,0.00,0.000000,-,175.155856,178.464690,165.104099,162.865599,20776458.00
04/01/2025,154.671889,159.432555,154.627073,158.237411,20111400,0.00,0.000000,-,175.241743,179.272267,165.897420,163.604597,20814296.00
03/31/2025,154.183859,156.494483,151.594384,155.598114,33591600,0.00,0.000000,-,175.341522,180.038061,166.571361,163.982065,20854250.00
03/28/2025,161.703325,163.147457,154.710726,155.428802,34866500,0.00,0.000000,-,175.447700,180.794166,167.180790,165.011885,20451410.00
03/27/2025,166.035734,166.762777,163.187301,163.416367,21571200,0.00,0.000000,-,175.546983,181.604791,167.975762,166.163208,20011978.00
03/26/2025,170.607152,171.244563,166.186096,166.463974,22498000,0.00,0.000000,-,175.601963,182.137679,168.271378,166.227945,19853578.00
03/25/2025,170.487652,172.210666,169.860210,172.091141,13841600,0.00,0.000000,-,175.653599,182.634286,168.637951,166.413194,19667000.00
03/24/2025,168.580372,169.810378,166.762757,169.242676,18742800,0.00,0.000000,-,175.670756,183.035858,168.855973,165.734947,19805244.00
03/21/2025,162.719189,165.796687,162.370598,165.577576,29882100,0.00,0.000000,-,175.692540,183.538570,169.406430,165.523808,19717094.00
03/20/2025,163.162395,166.354434,162.480168,164.382446,19981500,0.00,0.000000,-,175.729130,184.140848,170.159541,166.450049,19458788.00
03/19/2025,163.252028,167.452970,162.390536,165.607468,24955700,0.00,0.000000,-,175.769416,184.791898,171.224097,167.342599,19448824.00
03/18/2025,165.288787,165.766842,158.157742,162.012085,24616800,0.00,0.000000,-,175.801595,185.322349,172.251778,168.190242,19207210.00
03/17/2025,166.648253,167.778672,165.139381,165.896317,17839100,0.00,0.000000,-,175.870782,185.874966,173.393070,169.160657,19065778.00
03/14/2025,164.646362,167.569489,163.844610,166.942032,18611100,0.00,0.000000,-,175.923621,186.346118,174.393374,169.349695,18996100.00
03/13/2025,167.300591,167.440024,163.406417,164.063736,15206200,0.00,0.000000,-,175.962856,186.841122,175.391631,169.788316,18868068.00
03/12/2025,167.788612,168.844322,164.810700,168.316467,19880100,0.00,0.000000,-,176.010187,187.420553,176.411935,170.314812,18857804.00
03/11/2025,166.005836,167.972854,162.579762,165.308670,23705900,0.00,0.000000,-,176.050827,187.975812,177.301181,170.862708,18618360.00
03/10/2025,169.471788,169.760608,164.895371,167.131287,28990700,0.20,0.000000,-,176.114138,188.600579,178.397024,171.976999,18280438.00
03/07/2025,172.344972,175.984020,171.358104,174.839981,16395300,0.00,0.000000,-,176.162983,189.157456,179.349009,173.289052,18005342.00
03/06/2025,171.656545,175.814893,171.614755,173.307953,19082400,0.00,0.000000,-,176.167486,189.499874,180.222462,173.869032,18583830.00
03/05/2025,171.427720,174.839952,170.044903,174.083893,18848000,0.00,0.000000,-,176.170430,189.808070,181.172019,175.105595,18741806.00
03/04/2025,167.070415,174.257995,166.672477,171.716232,30711400,0.00,0.000000,-,176.161812,190.109700,182.799550,176.313313,18917614.00
03/03/2025,172.830437,174.093866,166.771975,167.786697,24122000,0.00,0.000000,-,176.155368,190.597362,184.293275,177.625484,18785976.00
02/28/2025,169.418191,171.606796,167.518077,171.328247,30049800,0.00,0.000000,-,176.163466,191.184307,186.130712,179.437053,18948508.00
02/27/2025,175.029016,175.675645,168.873053,169.328690,25930500,0.00,0.000000,-,176.150834,191.565523,187.643339,180.994945,18725176.00
02/26/2025,176.028811,177.157929,172.691172,173.795425,23637200,0.00,0.000000,-,176.154592,192.031497,188.984855,182.509059,18710522.00
02/25/2025,179.222167,179.824030,175.854700,176.451584,20832500,0.00,0.000000,-,176.133936,192.469418,190.097562,183.739655,19071068.00
02/24/2025,182.848302,184.131616,179.943423,180.251816,18734000,0.00,0.000000,-,176.109019,192.651670,190.913317,184.817049,19340766.00
02/21/2025,186.320211,186.499287,180.192119,180.639786,19520800,0.00,0.000000,-,176.049489,192.570293,191.943455,185.408966,19363842.00
02/20/2025,185.534310,186.151094,183.644154,185.673584,12063800,0.00,0.000000,-,175.983855,192.465041,192.838794,186.575893,19239816.00
02/19/2025,185.220958,186.389877,184.539507,186.161072,13120500,0.00,0.000000,-,175.890426,192.215788,193.504828,187.238443,19321450.00
02/18/2025,186.469444,186.807680,182.629430,184.837936,19796000,0.00,0.000000,-,175.780235,191.992160,194.126591,189.285786,19423836.00
02/14/2025,185.862603,187.175761,185.146330,185.902390,12714200,0.00,0.000000,-,175.672051,191.733983,194.711050,190.961067,19342346.00
02/13/2025,184.967250,187.016597,183.922699,186.907166,12729300,0.00,0.000000,-,175.574702,191.453721,195.086098,192.824371,19419930.00
02/12/2025,184.270872,185.862593,182.679166,184.469833,17632300,0.00,0.000000,-,175.501026,191.103878,195.538742,194.291733,19350358.00
02/11/2025,185.867596,187.822417,185.116500,186.101379,13028100,0.00,0.000000,-,175.361525,190.809340,195.818288,195.460651,19246380.00
02/10/2025,188.081073,189.006265,186.638583,187.225525,16606000,0.00,0.000000,-,175.229478,190.478196,196.077936,196.455470,19284568.00
02/07/2025,191.741999,192.015569,184.141560,186.170990,29565700,0.00,0.000000,-,175.085963,190.100919,196.325148,197.009586,19380362.00
02/06/2025,190.001072,192.826363,189.503661,192.309052,20816600,0.00,0.000000,-,174.937955,189.687894,196.735513,198.477943,19278988.00
02/05/2025,192.100126,193.542615,188.926642,192.299088,43666400,0.00,0.000000,-,174.748206,189.205171,196.904633,199.101695,19639444.00
02/04/2025,203.441121,207.619370,203.202358,206.634506,28285400,0.00,0.000000,-,174.567129,188.883426,197.136427,199.771213,19080712.00
02/03/2025,201.167942,204.157387,200.615823,201.590744,16719500,0.00,0.000000,-,174.311501,188.319690,196.411201,198.967395,18822862.00
01/31/2025,202.660182,206.007763,202.525886,204.535431,17060300,0.00,0.000000,-,174.076731,187.801580,195.813810,198.461032,18861728.00
01/30/2025,198.725631,202.185633,198.439128,201.580780,14571500,0.00,0.000000,-,173.828872,187.166743,195.059734,197.347824,18954700.00
01/29/2025,196.348030,197.432398,194.179326,196.159012,12287800,0.00,0.000000,-,173.609962,186.659763,194.565309,196.785751,19021786.00
01/28/2025,193.642093,196.208736,191.612663,196.049576,15939200,0.00,0.000000,-,173.426091,186.323621,194.409121,196.175926,19055424.00
01/27/2025,193.184501,197.641300,191.702211,192.766678,24970200,0.00,0.000000,-,173.227253,186.045912,194.410613,195.700401,19017956.00
01/24/2025,198.815195,201.521113,198.749528,200.854568,12732400,0.00,0.000000,-,173.047209,185.807030,194.599630,195.640710,18768620.00
01/23/2025,198.944493,200.894350,195.800867,198.546570,15170800,0.00,0.000000,-,172.816813,185.364457,194.305660,194.993082,18814402.00
01/22/2025,199.511574,201.073437,198.168559,198.994263,15477400,0.00,0.000000,-,172.587054,185.016139,193.976376,194.707571,18845594.00
01/21/2025,199.471762,202.784521,198.407310,198.596329,19005200,0.00,0.000000,-,172.345143,184.580366,193.462550,194.501642,19077276.00
01/17/2025,197.024526,197.780585,194.298708,196.527115,22109100,0.00,0.000000,-,172.127178,184.015024,192.991003,193.855006,18947538.00
01/16/2025,194.811017,195.960036,193.293920,193.403351,13449600,0.00,0.000000,-,171.917081,183.476558,192.969614,193.166588,18829236.00
01/15/2025,193.343681,196.775814,192.328958,195.960052,12894900,0.00,0.000000,-,171.725726,183.039718,193.156144,192.771645,18995302.00
01/14/2025,191.503249,192.269267,188.658058,190.060760,13651200,0.00,0.000000,-,171.500572,182.552540,192.877594,192.344867,19393442.00
01/13/2025,190.359207,191.493303,187.683133,191.294327,13169100,0.00,0.000000,-,171.303329,182.251913,193.005926,192.642316,20114384.00
01/10/2025,194.408119,196.596724,190.607907,192.169769,20753800,0.00,0.000000,-,171.098728,181.827244,193.225783,193.120825,20429324.00
01/08/2025,192.945734,196.616630,192.746773,194.378281,14335300,0.00,0.000000,-,170.887024,181.329420,192.895502,193.558549,20431414.00
01/07/2025,197.243387,201.093344,194.925450,195.691467,16966800,0.00,0.000000,-,170.667351,180.760596,191.985738,193.618239,20436036.00
01/06/2025,194.139505,198.526673,194.049974,196.934967,19483300,0.00,0.000000,-,170.426094,180.116618,190.970022,193.245180,20351988.00
01/03/2025,191.727073,193.492876,190.359192,192.129974,12875000,0.00,0.000000,-,170.183278,179.446777,189.783820,192.423457,20217408.00
01/02/2025,190.493498,192.199614,187.732873,189.642929,17545200,0.00,0.000000,-,169.955765,178.919541,188.926307,192.127000,20199080.00
12/31/2024,191.448542,192.249366,188.598371,189.453918,14355200,0.00,0.000000,-,169.743462,178.421774,188.040613,192.772639,20075856.00
12/30/2024,189.876729,192.776628,189.374339,191.692276,12209500,0.00,0.000000,-,169.500830,177.912882,187.162382,193.540643,20050578.00
12/27/2024,195.452673,195.780966,190.977963,193.035248,14693000,0.00,0.000000,-,169.257761,177.348491,186.048519,193.410321,20108656.00
12/26/2024,195.721285,197.133931,194.855780,196.079422,7907900,0.00,0.000000,-,168.990283,176.801559,184.883904,193.369536,20014166.00
12/24/2024,195.154252,196.646485,194.187285,196.547012,6809800,0.00,0.000000,-,168.701885,176.196924,183.557143,193.330740,20152594.00
12/23/2024,193.025316,195.472585,190.637749,194.975174,15235900,0.00,0.000000,-,168.407778,175.572006,182.147875,192.232455,20216034.00
12/20/2024,186.041673,193.129780,185.404987,191.960876,45319700,0.00,0.000000,-,168.108397,174.942155,180.675103,190.353236,20130236.00
12/19/2024,192.279208,193.592380,188.538682,188.717743,26981200,0.00,0.000000,-,167.818883,174.345960,179.485703,188.694864,19481852.00
12/18/2024,195.810824,197.661194,188.299915,189.165405,27638400,0.00,0.000000,-,167.532301,173.812242,178.860410,187.144183,19335556.00
12/17/2024,197.502022,201.829504,195.671553,196.099319,24129500,0.00,0.000000,-,167.249528,173.322038,178.324524,185.725613,19017266.00
12/16/2024,193.358609,199.601112,193.104924,197.133957,32248600,0.00,0.000000,-,166.934167,172.667121,177.303819,183.308586,18815370.00
12/13/2024,191.712169,193.333718,190.269664,190.389053,18883200,0.00,0.000000,-,166.632864,172.074385,176.086800,180.784120,18398840.00
12/12/2024,195.283569,195.686470,192.279202,192.627396,25197800,0.00,0.000000,-,166.373710,171.589718,175.378937,178.686717,18241262.00
12/11/2024,185.733288,195.870528,185.295564,195.691467,41664500,0.00,0.000000,-,166.091718,171.062271,174.715164,176.398271,17992206.00
12/10/2024,183.579498,187.056396,181.724149,185.564163,34317400,0.00,0.000000,-,165.807638,170.495603,174.038796,173.783545,17531506.00
12/09/2024,174.805145,177.118103,174.491774,176.182983,19887800,0.20,0.000000,-,165.567505,170.107036,173.801718,172.063295,17126560.00
12/06/2024,172.783608,175.723950,172.455687,175.377151,13319500,0.00,0.000000,-,165.406691,169.868332,173.928865,170.996970,17000890.00
12/05/2024,176.201969,176.589509,172.912826,173.210938,16145500,0.00,0.000000,-,165.250055,169.616729,174.216541,170.276543,17099190.00
12/04/2024,171.690579,175.317558,171.660769,174.979706,18239800,0.00,0.000000,-,165.096915,169.391756,174.416273,170.576636,17048438.00
12/03/2024,172.028407,173.220853,171.422253,171.929047,15721500,0.00,0.000000,-,164.926802,169.144326,174.183749,170.923434,17059124.00
12/02/2024,169.246081,172.505398,169.196393,171.889297,16593400,0.00,0.000000,-,164.769762,168.946581,174.067487,171.299052,17057662.00
11/29/2024,168.987727,169.792617,167.685989,169.415024,9250700,0.00,0.000000,-,164.623726,168.780833,174.051092,171.389481,17653048.00
11/27/2024,169.603803,170.060910,168.600177,169.742935,12433400,0.00,0.000000,-,164.505921,168.636747,174.160398,172.071156,17818998.00
11/26/2024,168.421340,170.413688,168.361705,169.544205,14937500,0.00,0.000000,-,164.382660,168.437809,174.424720,173.032057,17905460.00
11/25/2024,166.930756,169.385183,166.344465,168.361664,21395700,0.00,0.000000,-,164.272090,168.232313,174.450555,174.294048,17848006.00
11/22/2024,166.106006,167.204034,164.665152,165.519730,24497000,0.00,0.000000,-,164.174817,168.024830,174.396400,175.540141,17703244.00
11/21/2024,174.348690,174.472902,164.267654,168.172882,38839400,0.00,0.000000,-,164.076885,167.861864,174.417268,176.860760,17547982.00
11/20/2024,177.702410,177.980643,174.224479,176.211868,15729800,0.00,0.000000,-,163.963011,167.589592,174.183253,178.156538,17190810.00
11/19/2024,174.130088,179.033969,174.011835,178.447693,15392900,0.00,0.000000,-,163.802648,167.089167,173.544804,178.255911,17256044.00
11/18/2024,173.851859,175.794533,173.320228,175.685226,18662800,0.00,0.000000,-,163.628726,166.501497,172.910828,177.444064,17356222.00
11/15/2024,174.532545,174.771037,171.655794,172.793579,21708900,0.00,0.000000,-,163.461727,165.959734,172.364296,176.835922,17544120.00
11/14/2024,178.616642,179.307268,174.920097,176.231781,17925800,0.00,0.000000,-,163.305073,165.523303,171.925083,176.712703,17609924.00
11/13/2024,181.001465,181.463545,178.984267,179.351944,13969700,0.00,0.000000,-,163.126718,165.146524,171.287129,176.249640,17534198.00
11/12/2024,180.236338,182.864650,179.848798,182.164108,14065800,0.00,0.000000,-,162.988520,164.691661,170.603966,175.817383,17603018.00
11/11/2024,178.934588,180.936882,178.855090,180.822601,12503400,0.00,0.000000,-,162.845133,164.196433,169.788142,174.607063,17852364.00
11/08/2024,180.852428,181.200227,178.437757,178.725922,15021500,0.00,0.000000,-,162.703250,163.857046,169.012068,173.252660,17972272.00
11/07/2024,177.980651,181.428772,177.762037,181.130661,16730400,0.00,0.000000,-,162.571107,163.525653,168.249905,171.973776,18014518.00
11/06/2024,174.244391,177.513640,173.936333,177.205597,27061500,0.00,0.000000,-,162.410633,163.167997,167.300927,170.209967,17984084.00
11/05/2024,169.752879,171.011888,169.295773,170.329224,12518300,0.00,0.000000,-,162.261508,162.926157,166.542240,168.833696,17717218.00
11/04/2024,170.160287,170.835992,168.416348,169.603806,16194000,0.00,0.000000,-,162.141957,162.852608,166.258540,168.377591,17706658.00
11/01/2024,170.458384,172.724022,169.236144,171.561386,21752900,0.00,0.000000,-,162.027322,162.783643,165.946022,167.892670,17668410.00
10/31/2024,173.618350,177.295017,171.471965,171.601151,32801900,0.00,0.000000,-,161.888130,162.637023,165.742811,167.137463,17615828.00
10/30/2024,181.259843,182.631131,174.636860,175.029373,49698300,0.00,0.000000,-,161.738330,162.532081,165.470538,166.324619,17265182.00
10/29/2024,168.316974,170.776374,167.596554,170.060913,28916100,0.00,0.000000,-,161.577287,162.384973,165.031821,165.390549,16523666.00
10/28/2024,169.514378,169.530283,164.744640,167.278564,20858300,0.00,0.000000,-,161.441879,162.326118,164.896679,164.969221,16207360.00
10/25/2024,164.322334,166.344491,164.188176,165.937088,14566400,0.00,0.000000,-,161.317559,162.250269,164.839541,164.771477,16127256.00
10/24/2024,163.552188,164.009294,161.743672,163.492569,12764400,0.00,0.000000,-,161.200589,162.170087,164.755077,164.526035,16203778.00
10/23/2024,165.380588,166.543224,162.601227,163.442886,12754300,0.00,0.000000,-,161.089697,162.116169,164.720298,164.391887,16398808.00
10/22/2024,163.661530,166.414069,163.631720,165.768173,11958600,0.00,0.000000,-,160.968992,162.140652,164.646268,164.250784,16398074.00
10/21/2024,163.542284,165.171943,163.269009,164.754593,11384000,0.00,0.000000,-,160.821097,162.079330,164.488269,164.139488,16407602.00
10/18/2024,163.830450,165.320992,163.711212,164.009323,13091300,0.00,0.000000,-,160.681492,162.066860,164.352629,163.999374,16450906.00
10/17/2024,166.324616,166.871136,163.333585,163.472702,15113400,0.00,0.000000,-,160.557112,162.038532,164.332259,164.348158,16503752.00
10/16/2024,164.983145,166.225263,164.174282,165.688675,9968500,0.00,0.000000,-,160.431450,161.959607,164.269160,164.616458,16588168.00
10/15/2024,166.086133,168.023835,165.003010,165.847641,14829300,0.00,0.000000,-,160.301498,161.832193,163.974529,164.673094,17111728.00
10/14/2024,163.870194,166.563098,163.741009,165.301117,9981800,0.00,0.000000,-,160.172486,161.703586,163.645616,164.824136,17513298.00
10/11/2024,162.300167,164.227937,161.475398,163.482666,10946000,0.00,0.000000,-,160.047000,161.739927,163.279937,164.907605,17691818.00
10/10/2024,161.087847,163.274973,160.620809,162.151093,12900500,0.00,0.000000,-,159.937446,161.893021,162.974375,164.984119,17816454.00
10/09/2024,163.815541,165.211680,160.104090,162.031860,19666400,0.00,0.000000,-,159.834054,162.086640,162.594784,165.048709,17871448.00
10/08/2024,164.386911,165.052699,163.273977,164.655212,11723900,0.00,0.000000,-,159.726698,162.257040,162.052723,165.041753,17751748.00
10/07/2024,168.073504,168.828706,163.095099,163.353455,14034700,0.00,0.000000,-,159.595619,162.360484,161.273170,164.837050,17792648.00
10/04/2024,168.272242,168.480925,165.907260,167.497162,11422100,0.00,0.000000,-,159.463317,162.441336,160.535351,164.705884,18014956.00
10/03/2024,164.774466,166.851284,164.327291,166.155701,11004300,0.00,0.000000,-,159.305786,162.448841,159.709096,164.316359,18365872.00
10/02/2024,166.702195,167.815143,165.201722,166.255035,12745000,0.00,0.000000,-,159.138359,162.586582,159.270951,163.921863,18770800.00
10/01/2024,167.795291,169.365330,164.853948,167.358063,18629500,0.00,0.000000,-,158.967263,162.905531,158.788640,163.275963,18991352.00
09/30/2024,163.740996,166.304729,163.601879,166.135803,14070100,0.00,0.000000,-,158.794469,163.197458,158.290873,162.467096,18944840.00
09/27/2024,162.876514,165.917218,162.797017,164.247803,13604300,0.00,0.000000,-,158.626150,163.435233,158.176745,161.652269,18953156.00
09/26/2024,163.989428,164.456465,162.469076,162.796997,18234500,0.00,0.000000,-,158.472525,163.707394,158.072167,160.964632,19038614.00
09/25/2024,161.942417,163.181549,161.748640,161.962296,13607900,0.00,0.000000,-,158.335769,164.076053,158.094711,160.140858,19021456.00
09/24/2024,163.214339,163.512451,161.008336,162.608185,18774100,0.00,0.000000,-,158.212157,164.518568,158.252275,159.063693,19004500.00
09/23/2024,164.297470,165.559466,161.922540,162.041794,15648400,0.00,0.000000,-,158.050523,165.001555,158.454455,157.709290,18872738.00
09/20/2024,163.482675,163.711220,162.151112,163.601913,46362700,0.00,0.000000,-,157.896479,165.467885,158.660144,156.364818,18848752.00
09/19/2024,163.780779,163.949705,161.497264,162.210739,17548200,0.00,0.000000,-,157.725911,165.913334,158.691566,155.101833,18250538.00
09/18/2024,159.835792,160.610873,158.653293,159.796036,16756500,0.00,0.000000,-,157.575631,166.492990,158.898733,154.620039,18140632.00
09/17/2024,159.080589,160.571132,158.404884,159.269394,12064800,0.00,0.000000,-,157.440399,167.076878,159.292628,154.301317,18009472.00
09/16/2024,157.331691,158.235957,156.616230,157.987534,14157600,0.00,0.000000,-,157.320092,167.672093,159.685069,154.114650,18010128.00
09/13/2024,155.376095,158.270722,155.125685,157.371429,16733900,0.00,0.000000,-,157.217197,168.322320,159.959996,154.701221,18013044.00
09/12/2024,153.833872,154.628831,152.532135,154.559265,20980800,0.00,0.000000,-,157.114557,168.894165,160.187825,155.179703,17826548.00
09/11/2024,150.137329,151.518564,147.762400,151.190643,18991500,0.00,0.000000,-,157.026820,169.506771,160.499696,156.048564,17658042.00
09/10/2024,150.495071,151.339717,148.600097,149.064148,20401800,0.00,0.000000,-,156.964849,170.144673,161.173514,157.440857,17514530.00
09/09/2024,152.661299,153.664925,147.265529,148.597076,28057700,0.20,0.000000,-,156.906570,170.803867,161.855411,159.199620,17567142.00
09/06/2024,157.482127,158.008092,150.778538,150.972061,24999100,0.00,0.000000,-,156.847158,171.540679,162.632113,160.955470,17266502.00
09/05/2024,156.579041,159.789418,156.321026,157.392807,14139500,0.00,0.000000,-,156.771014,172.200418,163.213155,162.281300,17034034.00
09/04/2024,156.871793,159.179093,156.241632,156.608810,17410700,0.00,0.000000,-,156.671489,172.735910,163.319836,163.177426,17127184.00
09/03/2024,162.071914,162.136422,156.653467,157.402725,26533100,0.00,0.000000,-,156.564385,173.192012,163.455296,164.283940,17142936.00
08/30/2024,162.970016,164.021945,162.166184,163.853241,18498800,0.00,0.000000,-,156.448604,173.621716,163.556023,165.255487,17790338.00
08/29/2024,164.796007,166.354064,160.749044,162.156250,17133800,0.00,0.000000,-,156.291698,173.871797,163.719271,165.218771,17755426.00
08/28/2024,165.510523,166.115881,162.037164,163.247879,15208700,0.00,0.000000,-,156.145358,174.130811,164.168327,165.195947,17725556.00
08/27/2024,166.334205,166.964366,164.895245,165.113571,13718200,0.00,0.000000,-,155.981814,174.414238,164.597535,164.950829,17726840.00
08/26/2024,166.875073,168.090754,165.054048,166.651779,11990300,0.00,0.000000,-,155.816723,174.652213,164.869449,164.906171,17699708.00
08/23/2024,165.282287,166.671625,164.399062,166.155579,14281600,0.00,0.000000,-,155.639679,174.827072,165.028230,164.511201,17779040.00
08/22/2024,167.753329,168.130441,163.773857,164.230362,19123800,0.00,0.000000,-,155.460407,175.067825,165.090253,164.308755,17865416.00
08/21/2024,165.718937,167.356372,165.302136,166.354065,15269600,0.00,0.000000,-,155.285408,175.319892,165.272356,164.145010,17770988.00
08/20/2024,167.455624,169.112910,167.376231,167.673950,12622500,0.00,0.000000,-,155.090919,175.498521,165.606791,163.462247,17807592.00
08/19/2024,165.728857,167.187669,164.825780,167.118195,13100800,0.00,0.000000,-,154.884824,175.633287,166.333218,162.626653,17849468.00
08/16/2024,162.166205,165.679254,161.838715,163.486084,16853100,0.00,0.000000,-,154.670258,175.826750,167.075030,161.856560,17872568.00
08/15/2024,160.975325,162.275351,160.260804,161.928009,18392500,0.00,0.000000,-,154.476083,176.067478,167.801952,162.219771,17840184.00
08/14/2024,162.960106,163.704398,158.315721,160.796692,22515900,0.00,0.000000,-,154.278050,176.300906,168.598344,163.140706,17753666.00
08/13/2024,163.927668,165.272350,163.515833,164.666992,12717600,0.00,0.000000,-,154.085873,176.542885,169.620007,164.244241,17718204.00
08/12/2024,164.731520,165.431156,162.305138,162.702087,12435000,0.00,0.000000,-,153.890352,176.698338,170.591059,164.832727,18025556.00
08/09/2024,160.414629,164.260134,159.705060,164.131119,13549200,0.00,0.000000,-,153.771319,176.885160,171.793833,165.545259,18153382.00
08/08/2024,161.108296,164.240279,160.796690,162.592911,15733600,0.00,0.000000,-,153.634137,177.119529,172.855192,165.871751,18182874.00
08/07/2024,161.997481,163.535671,159.020316,159.526428,19334200,0.00,0.000000,-,153.498897,177.396953,174.019263,166.399702,18181308.00
08/06/2024,159.719940,161.114244,156.926364,159.318008,36146500,0.00,0.000000,-,153.390092,177.702204,175.602620,167.751335,18022696.00
08/05/2024,156.172153,164.676928,155.408025,159.417267,34907800,0.00,0.000000,-,153.283816,177.986443,177.086241,170.039784,17598334.00
08/02/2024,166.909802,168.914430,165.123499,167.118195,18907800,0.00,0.000000,-,153.185518,178.326985,178.566884,172.293500,17223966.00
08/01/2024,170.670936,174.342770,169.212124,171.137360,17177800,0.00,0.000000,-,153.046238,178.544039,179.735918,173.384134,17139930.00
07/31/2024,173.588578,174.571048,170.412938,171.832047,15650200,0.00,0.000000,-,152.877396,178.659299,180.477234,174.055981,17146276.00
07/30/2024,170.522079,171.633549,168.825088,170.551849,13681400,0.00,0.000000,-,152.713555,178.737468,181.145111,174.995772,17164200.00
07/29/2024,169.202198,170.849567,168.428137,169.827408,13768900,0.00,0.000000,-,152.563104,178.804367,181.771805,176.349391,17235518.00
07/26/2024,167.485368,168.547216,164.602482,167.396042,25150100,0.00,0.000000,-,152.403884,178.855026,182.381627,178.042407,17379304.00
07/25/2024,172.923674,173.866440,167.763258,167.872421,28967900,0.00,0.000000,-,152.258308,178.915653,183.283709,179.838632,17250892.00
07/24/2024,174.054996,176.595507,172.248857,173.042755,31250700,0.00,0.000000,-,152.106533,178.946332,184.088039,181.638824,17064506.00
07/23/2024,182.440663,183.810164,181.934550,182.202499,23772600,0.00,0.000000,-,151.915327,178.861511,184.644272,183.453905,16814302.00
07/22/2024,180.962034,182.897188,180.515447,181.954422,16303900,0.00,0.000000,-,151.679710,178.619070,184.504842,184.132698,16577604.00
07/19/2024,178.997072,180.584900,177.498572,178.024536,14485900,0.00,0.000000,-,151.430613,178.373263,184.351516,184.840268,16542924.00
07/18/2024,182.142945,182.649072,176.853528,177.855835,17877200,0.00,0.000000,-,151.210433,178.242137,184.268156,186.087703,16675254.00
07/17/2024,183.274267,183.820084,180.237562,181.229950,17376600,0.00,0.000000,-,150.974642,178.051935,184.130711,186.898486,16620668.00
07/16/2024,187.521714,188.891199,183.710931,184.088043,12760100,0.00,0.000000,-,150.728325,177.777598,183.940174,187.294450,16728478.00
07/15/2024,185.070511,188.454544,185.070511,186.757568,12186000,0.00,0.000000,-,150.459440,177.435591,183.586388,187.194218,16814098.00
07/12/2024,185.497225,187.253757,184.723164,185.358292,14449100,0.00,0.000000,-,150.167246,176.982900,183.018246,186.720847,17074842.00
07/11/2024,189.883586,190.945449,185.398002,185.874344,16452000,0.00,0.000000,-,149.895529,176.539756,182.659994,186.728786,17374276.00
07/10/2024,189.298092,191.838604,189.169077,191.193558,12052900,0.00,0.000000,-,149.616672,176.150921,182.207961,186.537254,17763528.00
07/09/2024,190.290459,191.392011,188.782025,188.990433,10198500,0.00,0.000000,-,149.311764,175.770490,181.412560,185.834639,18652486.00
07/08/2024,189.908394,190.220000,187.878962,189.030121,12097600,0.00,0.000000,-,149.033880,175.122073,180.683651,184.876985,19172472.00
07/05/2024,185.894204,190.796591,185.894204,190.498886,14303400,0.00,0.000000,-,148.776813,174.535311,180.071710,183.862764,19320234.00
07/03/2024,184.881969,186.191914,183.973925,185.963669,7409100,0.00,0.000000,-,148.513046,173.895781,179.322891,182.448608,19356474.00
07/02/2024,182.073492,185.526999,181.666609,185.189590,12555500,0.00,0.000000,-,148.268684,173.307899,178.704678,181.362936,19553170.00
07/01/2024,183.075790,183.929245,181.339111,183.085724,11815900,0.00,0.000000,-,148.031613,172.691288,178.089980,180.585898,19731658.00
06/28/2024,184.306345,185.159800,181.929571,182.023849,23032400,0.00,0.000000,-,147.797676,172.151251,177.557677,179.978557,19775662.00
06/27/2024,184.231935,186.072811,184.038412,185.437683,13025700,0.00,0.000000,-,147.561961,171.620952,177.058643,179.315645,19639770.00
06/26/2024,182.797938,184.514765,182.589544,183.959030,13375700,0.00,0.000000,-,147.317453,171.004931,176.579237,178.591202,19687520.00
06/25/2024,179.766165,184.336108,179.726461,184.167404,18797000,0.00,0.000000,-,147.077663,170.425025,176.204493,177.878667,19842824.00
06/24/2024,179.900170,180.694084,178.858160,179.413895,18198300,0.00,0.000000,-,146.831874,169.897652,175.735570,176.990482,19806680.00
06/21/2024,177.131393,181.122766,176.704658,178.887909,58903200,0.00,0.000000,-,146.605739,169.497068,175.441375,176.490317,19799548.00
06/20/2024,175.364942,177.379489,175.116845,176.357330,16753200,0.00,0.000000,-,146.388876,169.044952,175.319198,176.280656,18948268.00
06/18/2024,177.429134,177.548231,174.283265,175.106949,15640300,0.00,0.000000,-,146.185111,168.652964,175.399875,176.197174,19043634.00
06/17/2024,175.632902,178.550527,175.146642,177.419205,15272900,0.00,0.000000,-,145.990325,168.246332,175.489545,176.046420,19063658.00
06/14/2024,174.513490,177.369574,174.513490,177.012314,12361600,0.00,0.000000,-,145.781895,167.749840,175.405611,175.594063,19084146.00
06/13/2024,176.486348,177.151246,175.315337,175.394730,15956900,0.00,0.000000,-,145.568363,167.221836,175.249835,175.136797,19320610.00
06/12/2024,178.381809,180.694075,176.426802,178.193253,18600400,0.00,0.000000,-,145.344580,166.814009,175.098116,174.801640,19346796.00
06/11/2024,176.367255,177.032154,174.104611,176.833679,14402400,0.00,0.000000,-,145.101353,166.340299,174.709822,174.567273,19326750.00
06/10/2024,175.106915,177.111544,173.052679,175.285553,17099800,0.20,0.000000,-,144.863585,165.906270,174.338457,174.530319,19528098.00
06/07/2024,176.900320,177.851921,174.253641,174.412247,14716300,0.00,0.000000,-,144.647386,165.419146,174.014265,174.480658,19608214.00
06/06/2024,175.879333,177.148160,175.661269,176.791306,14255800,0.00,0.000000,-,144.418108,164.943143,173.797675,174.392433,19646328.00
06/05/2024,174.992179,176.414635,173.758049,175.522507,15233900,0.00,0.000000,-,144.173167,164.414800,173.441314,174.357739,19747466.00
06/04/2024,172.925346,173.658884,171.706100,173.599411,14066600,0.00,0.000000,-,143.930506,163.900930,173.238599,174.602576,19745082.00
06/03/2024,172.360356,174.323047,170.942846,172.895630,20742800,0.00,0.000000,-,143.709108,163.437814,172.975916,174.932669,19848808.00
05/31/2024,171.884533,172.895623,169.475778,172.439651,28085200,0.00,0.000000,-,143.484538,162.928703,172.706789,175.217159,19830830.00
05/30/2024,175.145817,175.145817,171.716049,172.043167,18826300,0.00,0.000000,-,143.267998,162.447347,172.434193,175.362874,19623726.00
05/29/2024,175.264739,176.672327,174.719543,175.849579,15023800,0.00,0.000000,-,143.061171,161.939028,172.038184,175.394591,19602168.00
05/28/2024,174.204070,176.949850,174.144582,176.464142,15655300,0.00,0.000000,-,142.827085,161.365684,171.405760,174.852371,20255226.00
05/24/2024,174.977282,175.754427,173.668811,174.788940,11403600,0.00,0.000000,-,142.590124,160.654951,170.904183,174.146594,20762910.00
05/23/2024,177.217488,178.337617,173.014539,173.529999,14928400,0.00,0.000000,-,142.361242,160.020742,170.773337,173.547871,21257196.00
05/22/2024,176.840865,177.288925,175.235027,176.444366,16189400,0.00,0.000000,-,142.147031,159.340937,169.925315,173.202916,21351368.00
05/21/2024,176.840835,178.248438,175.760365,177.970871,14706000,0.00,0.000000,-,141.918744,158.580045,169.087698,172.524889,21407974.00
05/20/2024,175.760386,178.377313,175.676138,176.900345,17495100,0.00,0.000000,-,141.665972,157.775141,168.115273,171.874623,21564582.00
05/17/2024,174.015741,175.943734,173.450716,175.740524,16546400,0.00,0.000000,-,141.419694,156.939112,167.098734,171.019164,21744584.00
05/16/2024,173.074072,174.798855,172.528876,173.896805,17247300,0.00,0.000000,-,141.178570,156.105462,166.029662,170.196419,21895802.00
05/15/2024,170.794143,172.524886,170.526499,172.360336,20958200,0.00,0.000000,-,140.962772,155.255555,165.139014,169.505511,22014360.00
05/14/2024,170.090359,171.269961,168.930586,170.427383,18729500,0.00,0.000000,-,140.760704,154.460565,164.296443,168.681776,22164148.00
05/13/2024,164.397540,169.455938,164.311295,169.406372,19648600,0.00,0.000000,-,140.567805,153.712560,163.506905,167.959149,22660988.00
05/10/2024,168.206965,169.842538,166.442523,168.801712,18740500,0.00,0.000000,-,140.364448,153.061897,162.784772,167.661772,22839046.00
05/09/2024,169.654195,170.932929,168.444856,170.080444,11937700,0.00,0.000000,-,140.163073,152.457030,162.234624,167.998802,23173936.00
05/08/2024,169.257673,170.406540,169.031669,169.664093,14569900,0.00,0.000000,-,139.921255,151.779999,161.699837,166.647714,23547756.00
05/07/2024,168.633211,171.953939,168.514264,171.468216,21102400,0.00,0.000000,-,139.677009,151.164229,161.030739,165.650508,23703638.00
05/06/2024,167.741079,168.415129,166.422701,168.345749,15147900,0.00,0.000000,-,139.415960,150.485613,160.295222,164.355922,23951850.00
05/03/2024,168.058258,168.365561,163.538113,167.513077,22767100,0.00,0.000000,-,139.166658,149.999102,159.616704,163.178304,23939280.00
05/02/2024,165.213367,167.057112,164.241936,166.987732,17041100,0.00,0.000000,-,138.937628,149.529840,158.870781,161.862904,23944432.00
05/01/2024,164.727640,167.334660,163.458828,164.122986,25223200,0.00,0.000000,-,138.717667,149.041743,158.052000,160.772516,23932426.00
04/30/2024,165.917170,168.385398,163.062335,163.201111,29420800,0.00,0.000000,-,138.516887,148.578428,157.596018,159.911110,23800474.00
04/29/2024,169.277529,169.882199,165.599947,166.432602,35914600,0.00,0.000000,-,138.323889,148.124827,157.161351,159.054660,23649360.00
04/26/2024,174.451914,174.878149,169.902018,172.172012,56500800,0.00,0.000000,-,138.110421,147.649815,156.596333,157.907771,23465554.00
04/25/2024,152.019684,156.896683,151.432862,156.569565,36197800,0.00,0.000000,-,137.842434,147.123456,155.534198,156.470445,22668574.00
04/24/2024,157.699589,159.979491,157.431960,159.692032,19485700,0.00,0.000000,-,137.642992,146.893880,155.236325,156.751961,22307388.00
04/23/2024,157.203976,159.077458,156.584438,158.522354,16115400,0.00,0.000000,-,137.423775,146.648642,154.770433,156.410970,22262396.00
04/22/2024,154.646517,157.793772,154.299585,156.569565,17243900,0.00,0.000000,-,137.226613,146.456338,154.335765,156.234523,22377642.00
04/19/2024,156.371343,156.609251,152.564906,154.359085,21479900,0.00,0.000000,-,137.043131,146.243613,154.029466,156.055104,22397590.00
04/18/2024,155.553519,157.099883,154.844772,156.083847,14016100,0.00,0.000000,-,136.879127,146.064393,153.683516,155.878658,22396714.00
04/17/2024,155.816215,157.294181,154.770427,155.508926,16237800,0.00,0.000000,-,136.696239,145.825500,153.297916,155.331483,22546746.00
04/16/2024,154.279758,155.855858,153.694918,154.636612,15413200,0.00,0.000000,-,136.518258,145.588588,152.853831,155.280927,22807078.00
04/15/2024,158.879190,159.424386,154.785280,154.963715,21140900,0.00,0.000000,-,136.339881,145.341566,152.481119,155.268042,23341536.00
04/12/2024,158.011869,160.286810,157.213912,157.798752,16989800,0.00,0.000000,-,136.165172,145.071547,151.779308,155.284895,23429256.00
04/11/2024,156.956135,159.711838,156.549715,159.384720,17841700,0.00,0.000000,-,135.966027,144.726786,151.043296,154.597951,23967632.00
04/10/2024,156.500198,156.777750,154.834873,156.282120,16339200,0.00,0.000000,-,135.759350,144.573339,150.051046,153.720689,24142376.00
04/09/2024,155.974800,158.492594,155.270998,156.757889,21521500,0.00,0.000000,-,135.587663,144.517432,149.156928,153.129897,24233778.00
04/08/2024,152.668947,155.285874,152.644172,154.775375,16641500,0.00,0.000000,-,135.417811,144.431193,148.205319,152.437007,24193238.00
04/05/2024,150.354362,153.486748,149.760598,152.594620,16297300,0.00,0.000000,-,135.244935,144.381630,147.221494,152.003828,24290310.00
04/04/2024,153.724663,154.815041,150.552633,150.612106,24184800,0.00,0.000000,-,135.095800,144.310458,146.294666,151.488374,24349264.00
04/03/2024,153.566033,155.181792,152.784925,155.003357,17266200,0.00,0.000000,-,134.957618,144.245827,145.334133,151.264349,24147840.00
04/02/2024,153.397560,154.626728,152.118840,154.507767,17598100,0.00,0.000000,-,134.806055,144.074142,144.214505,150.426736,24239100.00
04/01/2024,150.503064,155.627878,150.324629,155.132248,24469800,0.00,0.000000,-,134.649981,143.917522,143.140473,149.694196,24430758.00
03/28/2024,150.671584,151.335726,150.007441,150.929306,21105600,0.00,0.000000,-,134.491032,143.689334,142.227523,148.273720,24318898.00
03/27/2024,150.815317,151.355552,148.817927,150.612106,16622000,0.00,0.000000,-,134.352702,143.503572,141.608975,147.488641,24254476.00
03/26/2024,149.918220,151.861082,149.710049,150.374191,19312700,0.00,0.000000,-,134.208622,143.347746,140.889815,146.381403,24306014.00
03/25/2024,149.630746,150.132320,147.499542,149.828995,15114700,0.00,0.000000,-,134.064741,143.199850,140.314886,145.183960,24199734.00
03/22/2024,148.926961,151.226677,148.778263,150.443588,19252900,0.00,0.000000,-,133.924923,143.051557,139.700306,143.973631,24246862.00
03/21/2024,149.006272,149.982649,146.716448,147.440079,19843900,0.00,0.000000,-,133.806666,142.893551,139.379137,142.439159,24194642.00
03/20/2024,147.489635,148.451159,146.374467,148.371857,17730000,0.00,0.000000,-,133.697082,142.771031,139.209631,141.100957,24189358.00
03/19/2024,147.677961,148.312367,145.725177,146.627228,17748400,0.00,0.000000,-,133.575900,142.589630,138.920184,139.403917,24187664.00
03/18/2024,148.064579,151.593464,146.845333,147.182358,47676700,0.00,0.000000,-,133.459179,142.380871,138.636684,138.002274,24141486.00
03/15/2024,142.156659,143.078524,139.896586,140.927490,41039500,0.00,0.000000,-,133.334727,142.173895,138.303619,136.586751,23553018.00
03/14/2024,141.056357,143.465113,140.248478,143.078522,36117900,0.00,0.000000,-,133.247843,142.138011,138.391345,136.181326,23111714.00
03/13/2024,138.835917,140.947306,138.786351,139.539719,19637000,0.00,0.000000,-,133.154119,142.043247,138.530122,135.729309,22790794.00
03/12/2024,137.041743,139.054000,137.002099,138.399765,19019700,0.00,0.000000,-,133.072736,142.046419,138.807674,135.398227,22695674.00
03/11/2024,135.872056,138.756612,135.872056,137.725708,22536400,0.00,0.000000,-,132.983622,142.079329,139.259193,135.445811,22559130.00
03/08/2024,133.854840,137.770316,133.621894,135.098862,26495200,0.00,0.000000,-,132.906056,142.128892,139.818263,135.426981,22454170.00
03/07/2024,132.719852,134.632993,131.500606,134.058060,24107300,0.00,0.000000,-,132.854412,142.258352,140.359987,136.319115,22147668.00
03/06/2024,133.066784,133.562414,130.796789,131.401459,23175200,0.00,0.000000,-,132.794985,142.406644,140.926988,137.318306,22035792.00
03/05/2024,131.579890,132.848702,130.400288,132.610794,28447600,0.00,0.000000,-,132.750180,142.589828,141.563874,138.436450,21934318.00
03/04/2024,135.346676,135.435901,131.698845,133.027130,43571500,0.00,0.000000,-,132.689218,142.706401,142.116502,139.271094,22035512.00
03/01/2024,138.389873,138.776463,136.769167,136.873245,28551500,0.00,0.000000,-,132.619285,142.783719,142.579420,140.020486,21577302.00
02/29/2024,137.140855,138.726862,136.367673,138.558350,35485000,0.00,0.000000,-,132.514607,142.766075,142.808897,140.601364,21520268.00
02/28/2024,137.884315,138.062735,135.445808,136.228897,30628700,0.00,0.000000,-,132.406263,142.648314,142.909014,141.330934,21982448.00
02/27/2024,138.191638,139.262201,137.289587,138.875610,22364000,0.00,0.000000,-,132.304510,142.564453,143.683189,142.217122,21962256.00
02/26/2024,142.196321,142.582912,137.527492,137.537399,33513000,0.00,0.000000,-,132.166625,142.442924,144.413746,143.072574,22023266.00
02/23/2024,143.703007,144.679399,143.524572,144.020203,14519400,0.00,0.000000,-,132.013922,142.341617,145.159173,144.209546,21884686.00
02/22/2024,144.842969,144.922271,142.751409,144.049973,23024700,0.00,0.000000,-,131.830291,142.131668,145.573025,144.400859,22084356.00
02/21/2024,141.393391,142.721677,140.669776,142.582901,16440800,0.00,0.000000,-,131.636474,141.959585,145.822327,144.535670,22084184.00
02/20/2024,139.708247,142.076360,139.569471,140.957230,18625600,0.00,0.000000,-,131.445012,141.852726,146.062210,144.691298,22523756.00
02/16/2024,142.949657,143.217286,140.283164,140.521057,21865100,0.00,0.000000,-,131.266189,141.639208,146.335302,144.961909,22478456.00
02/15/2024,143.197482,143.494848,140.640028,142.682022,26724300,0.00,0.000000,-,131.088853,141.453446,146.643089,145.138354,22425856.00
02/14/2024,146.082035,146.538022,144.282895,145.854050,16651800,0.00,0.000000,-,130.909286,141.189572,146.695130,145.016431,22373712.00
02/13/2024,144.793409,146.746178,143.841792,145.090775,18138500,0.00,0.000000,-,130.716386,140.915588,146.484487,144.487094,22526036.00
02/12/2024,148.233048,149.273875,147.261618,147.430130,17236100,0.00,0.000000,-,130.528047,140.668764,146.370988,145.149255,22761536.00
02/09/2024,146.656955,149.377974,146.141495,148.907120,21877700,0.00,0.000000,-,130.308582,140.424320,146.148451,145.754918,22837108.00
02/08/2024,145.685519,146.319925,145.140323,145.933334,18241300,0.00,0.000000,-,130.082525,140.194348,145.823814,146.108800,22740492.00
02/07/2024,144.842983,145.715297,143.940947,145.398087,21436100,0.00,0.000000,-,129.882092,140.012551,145.654311,146.745190,22733394.00
02/06/2024,144.684372,145.457554,143.256954,144.139175,21517700,0.00,0.000000,-,129.680024,139.844829,145.450111,147.108983,22481244.00
02/05/2024,142.781124,145.388144,142.652271,143.663345,29254400,0.00,0.000000,-,129.484200,139.737971,145.208244,147.433122,22397018.00
02/02/2024,139.658673,142.622547,136.962444,142.285507,42136100,0.00,0.000000,-,129.286394,139.612874,144.834539,147.708694,22164892.00
02/01/2024,142.434215,143.356080,141.016705,141.462784,25526900,0.00,0.000000,-,129.095973,139.501457,144.561942,148.147823,21713558.00
01/31/2024,144.119304,144.317553,140.312869,140.560684,43908600,0.00,0.000000,-,128.916109,139.387065,144.445468,148.373830,21714326.00
01/30/2024,152.663988,153.684985,151.439781,151.712387,26578900,0.00,0.000000,-,128.755822,139.325608,144.334448,148.481880,21188456.00
01/29/2024,152.297246,153.843610,151.583537,153.486755,20909300,0.00,0.000000,-,128.533483,138.995122,143.733745,147.592722,20973696.00
01/26/2024,151.533980,152.763149,151.464600,152.445938,19494500,0.00,0.000000,-,128.287551,138.610315,143.061671,146.541985,21001856.00
01/25/2024,150.413853,153.407448,149.898393,152.297241,21495100,0.00,0.000000,-,128.051284,138.210837,142.449567,145.538829,20940164.00
01/24/2024,148.976522,150.245350,148.530458,149.036011,19245000,0.00,0.000000,-,127.819874,137.822659,141.913297,144.563431,20927720.00
01/23/2024,146.428968,147.559004,145.903601,147.380569,14113600,0.00,0.000000,-,127.614435,137.452720,141.535130,143.791240,20902350.00
01/22/2024,147.410328,148.703915,146.290199,146.419067,21829200,0.00,0.000000,-,127.397696,137.147016,141.194136,142.983365,20921950.00
01/19/2024,145.026331,146.746169,144.525755,146.676788,27181000,0.00,0.000000,-,127.186608,136.843492,140.795153,141.960384,20869842.00
01/18/2024,142.186398,144.312656,142.097188,143.722855,18876800,0.00,0.000000,-,126.973189,136.515980,140.305967,140.976062,20633430.00
01/17/2024,141.661019,142.156649,139.281985,141.641190,17884500,0.00,0.000000,-,126.770030,136.226135,139.919375,140.517107,20646482.00
01/16/2024,142.176472,144.565414,141.805748,142.820801,19198900,0.00,0.000000,-,126.563997,135.942436,139.470830,140.187016,20770626.00
01/12/2024,143.078502,143.475016,142.107072,142.979385,13998700,0.00,0.000000,-,126.354940,135.615122,138.931583,139.874768,20917380.00
01/11/2024,143.628683,145.378257,140.972097,142.414383,17471100,0.00,0.000000,-,126.142414,135.239633,138.422572,139.581357,21059874.00
01/10/2024,141.274446,143.261913,141.214973,142.543259,16641900,0.00,0.000000,-,125.941139,134.884365,137.925454,139.360306,21193764.00
01/09/2024,138.835951,141.552010,138.568306,141.314102,19579700,0.00,0.000000,-,125.754088,134.479930,137.474429,139.263164,21608280.00
01/08/2024,136.793931,139.410858,136.674985,139.301819,17645300,0.00,0.000000,-,125.574174,134.100871,137.181015,139.279021,21894834.00
01/05/2024,137.142853,137.596843,135.653981,136.189255,15439500,0.00,0.000000,-,125.394210,133.826094,137.077923,139.404907,22717850.00
01/04/2024,138.627766,139.405894,136.803836,136.833572,18253300,0.00,0.000000,-,125.237839,133.880217,136.782526,139.629922,22939764.00
01/03/2024,137.388688,139.856917,137.220160,139.133301,18974300,0.00,0.000000,-,125.058867,133.877441,136.502496,139.635872,22990312.00
01/02/2024,138.379945,139.386074,136.536200,138.340286,20071900,0.00,0.000000,-,124.871023,133.805673,136.020247,139.321643,23110232.00
12/29/2023,139.450503,140.198910,138.677321,139.698318,14881000,0.00,0.000000,-,124.680255,133.794175,135.710975,138.754643,23145418.00
12/28/2023,140.610299,141.026626,139.597227,140.045273,12192500,0.00,0.000000,-,124.460295,133.761463,135.363538,137.988399,23213896.00
12/27/2023,141.581724,142.067447,139.818265,140.203873,17288400,0.00,0.000000,-,124.227200,133.755714,135.121670,137.263786,23318526.00
12/26/2023,141.730429,142.687006,141.254628,141.571838,11170100,0.00,0.000000,-,123.980475,133.736880,134.981902,136.490602,23319670.00
12/22/2023,140.887832,141.998038,140.813475,141.472672,18513500,0.00,0.000000,-,123.723689,133.652820,134.745485,135.685695,23485042.00
12/21/2023,139.539688,140.788670,139.245286,140.560684,18101500,0.00,0.000000,-,123.475576,133.604645,134.522451,135.083009,23478234.00
12/20/2023,139.103550,141.827534,138.191592,138.439407,33507300,0.00,0.000000,-,123.241887,133.602664,134.434230,134.750938,23519130.00
12/19/2023,136.793934,137.557209,136.248738,136.893066,20661000,0.00,0.000000,-,123.016425,133.593544,134.382686,133.935130,23240082.00
12/18/2023,132.690114,137.170615,132.600904,135.991013,25699800,0.00,0.000000,-,122.805683,133.621299,134.373764,133.369119,23158844.00
12/15/2023,131.758330,133.651641,131.470871,132.670288,58594000,0.00,0.000000,-,122.591719,133.651830,134.361374,132.718851,23061382.00
12/14/2023,133.592159,133.854843,129.914577,132.035873,29619100,0.00,0.000000,-,122.385884,133.694454,134.602250,132.667307,22207960.00
12/13/2023,133.369120,133.602067,131.788059,132.799149,25414500,0.00,0.000000,-,122.174300,133.755317,134.759861,132.738676,22072538.00
12/12/2023,132.105269,133.364159,131.669112,132.472031,26584000,0.00,0.000000,-,121.957858,133.742034,134.832224,132.979553,21956822.00
12/11/2023,132.650467,133.611976,131.728587,133.522766,24502900,0.00,0.000000,-,121.742060,133.772367,134.832224,133.473203,21809350.00
12/08/2023,134.474385,136.784024,134.385175,135.445816,23016100,0.00,0.000000,-,121.517292,133.715865,134.800504,133.805275,21784038.00
12/07/2023,135.406153,138.776431,135.039376,137.239975,38419400,0.00,0.000000,-,121.291434,133.646279,134.555166,133.961893,21687744.00
12/06/2023,131.738480,132.144900,130.162380,130.281326,16360600,0.00,0.000000,-,121.060222,133.507701,134.297935,134.117522,21294640.00
12/05/2023,129.230606,132.372899,128.596200,131.232956,19235100,0.00,0.000000,-,120.865043,133.468447,134.346012,134.830241,21375004.00
12/04/2023,130.146525,130.301153,128.269066,129.488327,24117100,0.00,0.000000,-,120.677695,133.464086,134.299423,135.378409,21283302.00
12/01/2023,132.154846,132.333266,130.997040,132.154846,24268000,0.00,0.000000,-,120.504968,133.476378,134.286537,136.003897,21147934.00
11/30/2023,135.207894,135.763012,131.629444,132.749573,29913500,0.00,0.000000,-,120.325451,133.437520,134.051608,136.537193,21103742.00
11/29/2023,137.770331,138.449342,135.103838,135.207916,21014700,0.00,0.000000,-,120.132304,133.450803,133.736883,136.781046,20934942.00
11/28/2023,136.427185,137.448182,135.842330,137.408524,17046900,0.00,0.000000,-,119.927113,133.498979,133.186733,136.684894,20824230.00
11/27/2023,136.367690,138.409684,136.337938,136.843491,17886400,0.00,0.000000,-,119.710225,133.505719,132.548857,136.191245,20807964.00
11/24/2023,138.320449,138.456260,136.268548,137.011993,8828600,0.00,0.000000,-,119.499136,133.510675,131.822758,135.795732,21429412.00
11/22/2023,137.884307,139.866828,137.785175,138.796265,17306400,0.00,0.000000,-,119.309706,133.525941,131.090217,135.148439,21634132.00
11/21/2023,136.734474,137.750510,136.501527,137.408524,17648100,0.00,0.000000,-,119.151204,133.475982,130.428551,134.478348,21615902.00
11/20/2023,134.315782,137.215221,134.305875,136.714630,19569400,0.00,0.000000,-,118.976990,133.425428,130.502895,133.861783,21567198.00
11/17/2023,136.615524,136.793944,134.295963,135.743210,25565300,0.00,0.000000,-,118.814919,133.421860,130.501902,133.220438,21519426.00
11/16/2023,135.763025,137.666243,134.890711,137.487808,17615100,0.00,0.000000,-,118.675448,133.427014,130.491988,132.569177,21364334.00
11/15/2023,135.445817,135.644066,134.147269,135.188095,15840900,0.00,0.000000,-,118.490727,133.377451,130.505865,131.566022,21351552.00
11/14/2023,134.464477,136.040593,133.919296,134.246399,22317300,0.00,0.000000,-,118.309772,133.357427,130.649598,130.692720,21351020.00
11/13/2023,132.194479,132.937924,131.609639,132.472031,16409900,0.00,0.000000,-,118.124010,133.382804,130.925169,129.688573,21259278.00
11/10/2023,130.380479,133.096538,129.726244,132.888367,20872900,0.00,0.000000,-,117.960799,133.445452,131.264676,128.906469,21264512.00
11/09/2023,132.194465,132.789227,130.360628,130.539062,17976500,0.00,0.000000,-,117.787824,133.510677,131.488699,127.849785,21410012.00
11/08/2023,131.203224,132.372904,131.004975,132.095352,15093600,0.00,0.000000,-,117.614552,133.614561,131.914943,127.031995,21485950.00
11/07/2023,130.826547,132.115188,129.993891,131.242874,19223800,0.00,0.000000,-,117.445790,133.658771,132.333255,126.378755,21800144.00
11/06/2023,129.081932,130.410217,128.794458,130.301178,15360400,0.00,0.000000,-,117.291203,133.646677,132.670283,127.144006,21749978.00
11/03/2023,127.961794,129.587460,127.882491,129.230606,19529400,0.00,0.000000,-,117.131758,133.631609,133.069264,127.783366,21856332.00
11/02/2023,128.427684,128.953051,126.990359,127.456253,24091700,0.00,0.000000,-,116.951052,133.632601,133.483612,128.414798,21839352.00
11/01/2023,124.244564,126.623591,123.833198,126.455078,26536600,0.00,0.000000,-,116.768660,133.724391,133.850875,129.445709,21887458.00
10/31/2023,125.166442,125.453908,122.841943,124.204926,21123400,0.00,0.000000,-,116.593157,133.766421,134.282072,130.606476,21667884.00
10/30/2023,123.372267,125.444005,122.797334,124.650993,24165600,0.00,0.000000,-,116.432077,133.838386,134.678576,132.161765,21682438.00
10/27/2023,122.946017,123.352437,120.398478,122.321526,37367700,0.00,0.000000,-,116.264356,133.885174,135.145459,133.622883,21671670.00
10/26/2023,123.382165,124.363510,121.250954,122.361168,33907400,0.00,0.000000,-,116.110017,134.025139,135.564266,135.127614,21397628.00
10/25/2023,128.635863,128.962981,124.988017,125.562950,58796100,0.00,0.000000,-,115.940511,134.137549,136.044533,136.797890,21070448.00
10/24/2023,137.943784,139.480241,137.537364,138.895386,26535200,0.00,0.000000,-,115.752816,134.208920,136.281940,138.287755,20189910.00
10/23/2023,135.039376,137.805000,133.929169,136.694778,20780700,0.00,0.000000,-,115.495287,134.044568,135.753103,138.196559,20009730.00
10/20/2023,137.378744,137.824808,135.054238,135.544922,24970300,0.00,0.000000,-,115.241871,133.891320,135.469109,138.355162,19898226.00
10/19/2023,138.578206,139.772677,137.388697,137.765366,21831200,0.00,0.000000,-,115.003820,133.761862,135.197009,138.552426,19755934.00
10/18/2023,139.519898,140.749066,137.492772,138.062744,18304900,0.00,0.000000,-,114.759574,133.586805,134.819338,138.256041,19674214.00
10/17/2023,138.806196,140.015535,137.318322,139.757812,17424000,0.00,0.000000,-,114.509033,133.439306,134.586887,137.957669,19644836.00
10/16/2023,138.508809,139.673543,138.102404,139.262177,17345600,0.00,0.000000,-,114.251106,133.259888,134.479831,137.195387,19648776.00
10/13/2023,139.420736,140.104708,136.764166,137.368835,19438700,0.00,0.000000,-,113.983317,133.022976,134.403999,136.668034,19712302.00
10/12/2023,140.917602,141.135680,138.231279,139.063934,18173100,0.00,0.000000,-,113.732281,132.828491,134.390122,136.000919,19623890.00
10/11/2023,138.627771,140.977053,138.617849,140.461594,20146300,0.00,0.000000,-,113.482087,132.597527,134.325690,135.291176,19714544.00
10/10/2023,138.290717,139.509978,137.220154,137.983429,19554900,0.00,0.000000,-,113.217222,132.403042,134.117526,134.276125,19754704.00
10/09/2023,136.784010,138.746701,135.505276,138.280807,16599100,0.00,0.000000,-,112.974611,132.282306,133.962396,133.309647,19731244.00
10/06/2023,133.760692,137.969586,133.760692,137.517563,20826700,0.00,0.000000,-,112.727440,132.153641,133.875166,132.583055,19938682.00
10/05/2023,134.940290,135.307051,133.279925,134.801514,15922900,0.00,0.000000,-,112.481707,131.977989,133.799333,131.841591,20240780.00
10/04/2023,132.491836,135.376406,132.263835,135.079025,22848000,0.00,0.000000,-,112.258029,131.852495,133.809742,131.382635,20846660.00
10/03/2023,133.750738,134.058042,131.654233,132.134995,19628700,0.00,0.000000,-,112.034648,131.585252,133.765136,131.216106,21026116.00
10/02/2023,130.999998,134.176989,130.910789,133.988647,19210400,0.00,0.000000,-,111.846358,131.358848,133.934148,131.764275,21079064.00
09/29/2023,132.908184,133.711102,130.172311,130.697678,23237300,0.00,0.000000,-,111.651477,131.064246,134.014938,132.139964,21825148.00
09/28/2023,129.547829,133.007318,129.547829,131.966507,18201400,0.00,0.000000,-,111.461700,130.819999,134.287534,132.779326,21911236.00
09/27/2023,128.308731,130.568803,128.249258,130.311081,18764200,0.00,0.000000,-,111.263150,130.614808,134.475871,133.360204,21993484.00
09/26/2023,129.769859,130.256565,127.069667,128.318649,20378800,0.00,0.000000,-,111.077240,130.468498,134.675610,133.958928,22039116.00
09/25/2023,129.627134,131.064459,128.893596,131.014893,14650000,0.00,0.000000,-,110.907238,130.381465,134.791586,134.615146,22045046.00
09/22/2023,130.529155,131.847533,129.369382,130.102921,17348700,0.00,0.000000,-,110.734462,130.253196,134.718232,135.167278,22162042.00
09/21/2023,131.232957,132.025968,129.944315,130.211960,22058400,0.00,0.000000,-,110.578933,130.125918,134.677094,135.757076,22445786.00
09/20/2023,137.616676,137.626583,133.344346,133.413727,21473500,0.00,0.000000,-,110.427617,129.893170,134.768786,136.236848,22445810.00
09/19/2023,137.041751,137.958670,136.298306,137.616684,15479100,0.00,0.000000,-,110.262523,129.558521,134.525927,136.314166,22382072.00
09/18/2023,136.427166,138.707053,136.427166,137.745544,16233600,0.00,0.000000,-,110.077256,129.123159,134.035253,136.104021,22731692.00
09/15/2023,137.586923,138.142027,135.981072,137.091293,48958800,0.00,0.000000,-,109.861558,128.750049,133.497493,135.889911,22826974.00
09/14/2023,137.180522,138.330387,135.862143,137.775284,19064600,0.00,0.000000,-,109.653145,128.405685,133.108919,135.795741,22202448.00
09/13/2023,134.712302,136.496574,133.750778,136.298325,16394900,0.00,0.000000,-,109.448004,128.081344,132.619237,135.591539,22177762.00
09/12/2023,135.931563,136.437100,134.742038,134.880829,15212900,0.00,0.000000,-,109.256294,127.745504,132.260896,135.392291,22127630.00
09/11/2023,136.179355,137.055632,135.356607,136.536209,17180800,0.00,0.000000,-,109.064287,127.446143,132.050745,134.968025,22300808.00
09/08/2023,134.682522,136.313150,134.682522,136.000900,17810700,0.00,0.000000,-,108.856568,127.094642,131.675552,134.269186,22327542.00
09/07/2023,133.423681,135.386373,132.789275,135.009689,16976000,0.00,0.000000,-,108.661290,126.775060,131.329109,133.597113,22366390.00
09/06/2023,135.817532,136.278465,133.512855,134.186905,15814300,0.00,0.000000,-,108.474437,126.434264,131.029251,133.300723,22571304.00
09/05/2023,135.247584,136.169449,134.375270,135.515228,17730200,0.00,0.000000,-,108.294127,126.111510,130.854294,132.737688,22718718.00
09/01/2023,137.220191,137.368889,134.751962,135.604446,16671600,0.00,0.000000,-,108.105837,125.840102,130.617878,131.966485,22955576.00
08/31/2023,135.852216,137.190408,135.624230,136.149597,28147900,0.00,0.000000,-,107.903768,125.583762,130.208485,131.105076,23037782.00
08/30/2023,134.385162,136.050472,133.840949,135.733261,21773400,0.00,0.000000,-,107.702443,125.264774,129.783235,130.422097,22927064.00
08/29/2023,131.835622,136.095065,131.817774,134.305847,30803300,0.00,0.000000,-,107.490512,125.005461,129.372358,129.646935,22945556.00
08/28/2023,130.925642,132.075508,129.706397,130.638168,16715500,0.00,0.000000,-,107.252164,124.778859,129.193932,129.129500,23463474.00
08/25/2023,129.002625,130.251607,126.920972,129.547821,20678100,0.00,0.000000,-,107.039637,124.659909,129.259357,129.133466,23619506.00
08/24/2023,133.549532,133.790404,129.161220,129.280167,18680400,0.00,0.000000,-,106.831275,124.534812,129.374342,129.081918,23699136.00
08/23/2023,129.706417,132.898276,129.369377,132.045792,26497000,0.00,0.000000,-,106.614585,124.416059,129.347083,129.061105,23711282.00
08/22/2023,128.001446,129.805532,127.798236,128.556549,15557900,0.00,0.000000,-,106.368158,124.240407,129.171134,128.757779,23626456.00
08/21/2023,126.732644,128.130318,126.048680,127.803200,21851100,0.00,0.000000,-,106.156920,124.105200,128.829150,128.970900,23721388.00
08/18/2023,127.932051,128.695325,125.890057,126.990356,23627200,0.00,0.000000,-,105.966450,123.981094,128.479731,129.269271,23780666.00
08/17/2023,129.309887,131.333049,128.715140,129.319809,23665600,0.00,0.000000,-,105.800661,123.878597,128.093139,129.311894,23991708.00
08/16/2023,128.150149,129.754004,127.337323,127.981636,17548400,0.00,0.000000,-,105.632742,123.828043,127.551416,129.144373,23907398.00
08/15/2023,130.439956,130.836469,128.684438,129.131500,14769200,0.00,0.000000,-,105.451787,123.778877,127.237681,129.097781,24009880.00
08/14/2023,128.715135,130.757129,128.457398,130.677826,17526200,0.00,0.000000,-,105.276086,123.678957,126.930885,129.258365,24101846.00
08/11/2023,128.072806,129.299993,127.624761,129.032349,15205500,0.00,0.000000,-,105.142762,123.531062,126.595345,129.385248,24251676.00
08/10/2023,130.816650,131.487735,128.898563,129.072037,17855700,0.00,0.000000,-,105.007950,123.396251,126.373798,129.666766,24778542.00
08/09/2023,131.034707,131.312259,128.373175,129.012527,17745200,0.00,0.000000,-,104.865556,123.285824,126.107148,129.633061,24966042.00
08/08/2023,129.835275,130.786891,128.992713,130.687759,16836000,0.00,0.000000,-,104.718750,123.192249,125.585249,129.584489,25114232.00
08/07/2023,128.378140,130.905857,128.298838,130.786911,17621000,0.00,0.000000,-,104.562379,123.043758,124.884925,128.687399,25453766.00
08/04/2023,128.467336,130.776960,127.193563,127.416588,20521900,0.00,0.000000,-,104.410964,122.839558,124.138010,127.690190,25563104.00
08/03/2023,127.248087,128.635860,126.658293,127.644600,15018100,0.00,0.000000,-,104.273377,122.735476,123.721681,126.874384,25642224.00
08/02/2023,128.705226,129.280159,126.732620,127.515717,22705800,0.00,0.000000,-,104.116807,122.677983,123.333107,125.958459,25937066.00
08/01/2023,129.711377,131.758332,129.607299,130.737335,22154300,0.00,0.000000,-,103.973422,122.571125,123.035233,125.377581,26088328.00
07/31/2023,131.847523,132.660364,130.975224,131.946655,18381900,0.00,0.000000,-,103.806939,122.405188,122.473683,124.603406,26185532.00
07/28/2023,129.825370,132.898283,129.775804,131.847534,26971000,0.00,0.000000,-,103.633172,122.174621,121.871988,123.805442,26351086.00
07/27/2023,130.648126,132.432398,128.051013,128.734985,35931600,0.00,0.000000,-,103.463170,121.918479,121.227670,123.080830,26459068.00
07/26/2023,129.220689,130.221856,127.585115,128.526810,46216900,0.00,0.000000,-,103.312994,121.662536,120.792010,122.581234,26182594.00
07/25/2023,120.814807,122.608994,120.467868,121.716858,31820800,0.00,0.000000,-,103.177093,121.429788,120.264165,121.586009,25884132.00
07/24/2023,120.860423,122.271973,120.319189,120.814819,22276100,0.00,0.000000,-,103.075141,121.313017,120.080782,121.082450,26390018.00
07/21/2023,119.813633,120.239875,118.029361,119.258522,56514600,0.00,0.000000,-,102.978642,121.122695,120.137283,120.585829,26895166.00
07/20/2023,121.052720,123.610166,117.647735,118.485352,27541700,0.00,0.000000,-,102.874510,120.877458,120.313728,120.568979,26260522.00
07/19/2023,123.699375,124.373432,121.399651,121.706940,22313800,0.00,0.000000,-,102.758632,120.653631,120.399472,120.707755,26055008.00
07/18/2023,123.813369,123.897626,122.222401,122.995583,21045800,0.00,0.000000,-,102.636261,120.325227,120.452504,120.692885,26022944.00
07/17/2023,124.958278,126.167617,123.411915,123.967018,20675300,0.00,0.000000,-,102.520581,119.951125,120.451513,120.343961,25997640.00
07/14/2023,124.036399,125.979269,123.808414,124.601418,20499800,0.00,0.000000,-,102.386909,119.575636,120.487695,119.938534,25926460.00
07/13/2023,120.477774,124.239605,120.001966,123.739021,31535900,0.00,0.000000,-,102.253634,119.184683,120.422271,119.374509,25923326.00
07/12/2023,118.257359,119.902847,117.959978,118.574562,22059600,0.00,0.000000,-,102.126456,118.845275,120.402447,119.002787,25711134.00
07/11/2023,115.739572,117.191765,114.817700,116.681267,18286600,0.00,0.000000,-,102.032038,118.619267,120.636880,118.942320,25749100.00
07/10/2023,118.029380,118.029380,115.620617,115.848610,32960100,0.00,0.000000,-,101.944312,118.434100,120.892625,119.079113,26148072.00
07/07/2023,119.833464,120.685949,119.040453,119.090019,20997700,0.00,0.000000,-,101.869769,118.187870,121.180089,119.688736,26230234.00
07/06/2023,119.585642,120.091186,118.207790,119.873108,17732500,0.00,0.000000,-,101.789031,117.879985,121.318865,120.058477,26438442.00
07/05/2023,119.010704,122.291781,119.010704,121.558243,17830300,0.00,0.000000,-,101.703287,117.599458,121.664815,120.091189,26512010.00
07/03/2023,119.268440,119.962319,118.658817,119.506340,13888300,0.00,0.000000,-,101.610455,117.267981,121.863068,120.212124,26602984.00
06/30/2023,120.041611,120.963484,119.823533,119.912750,23871800,0.00,0.000000,-,101.537647,116.977344,122.094527,120.559065,26775524.00
06/29/2023,119.040461,119.853302,118.168155,118.961166,18517500,0.00,0.000000,-,101.460031,116.661132,122.263043,121.036855,26632728.00
06/28/2023,116.929070,120.210139,116.572215,120.021805,19753100,0.00,0.000000,-,101.419687,116.365934,122.429574,121.470034,26615206.00
06/27/2023,116.810114,118.847154,115.888249,117.969894,27221700,0.00,0.000000,-,101.373593,116.075297,122.606018,121.802106,26801012.00
06/26/2023,120.404436,121.647474,117.950070,118.049194,23185000,0.00,0.000000,-,101.326062,115.885966,122.924213,122.331439,26671752.00
06/23/2023,120.973409,122.361175,120.794981,121.944839,29573100,0.00,0.000000,-,101.283389,115.669871,123.184914,122.706136,26641066.00
06/22/2023,119.605485,122.851857,118.554744,122.787430,20781900,0.00,0.000000,-,101.206368,115.316983,123.116518,122.671442,26504836.00
06/21/2023,122.157963,122.331437,119.803720,120.200226,22612000,0.00,0.000000,-,101.131081,114.965085,123.087771,122.579253,26463624.00
06/20/2023,122.455352,124.081018,121.756511,122.767593,22698000,0.00,0.000000,-,101.077999,114.681386,123.316256,123.238441,26406214.00
06/16/2023,125.592680,125.592680,122.708117,122.975754,56699200,0.00,0.000000,-,101.005142,114.385000,123.286518,123.514012,26645938.00
06/15/2023,122.797340,125.057420,122.063809,124.690651,24517100,0.00,0.000000,-,100.935010,114.006140,123.259754,123.629990,25949238.00
06/14/2023,122.718028,123.699374,121.092362,123.292953,24659600,0.00,0.000000,-,100.858435,113.596353,123.046136,123.489230,25866440.00
06/13/2023,124.551868,124.760032,122.762643,123.342529,19287700,0.00,0.000000,-,100.793607,113.210356,122.833511,123.389114,25787646.00
06/12/2023,122.316566,123.659727,121.280701,123.263222,22255700,0.00,0.000000,-,100.760251,112.805327,122.463275,123.409930,25964052.00
06/09/2023,121.488870,123.198800,121.350094,121.796165,20304500,0.00,0.000000,-,100.712423,112.348753,122.144585,123.516986,26019134.00
06/08/2023,121.513637,122.648634,120.943665,121.597893,24815000,0.00,0.000000,-,100.672276,111.933018,121.848693,123.663692,26136010.00
06/07/2023,126.460025,128.417771,121.558244,121.865540,34179300,0.00,0.000000,-,100.634609,111.510543,121.333734,123.561594,26137980.00
06/06/2023,125.493558,127.753638,124.869067,126.792114,19450100,0.00,0.000000,-,100.610719,111.116418,120.590290,123.596289,25962262.00
06/05/2023,123.520958,126.871415,123.292964,125.523300,22672500,0.00,0.000000,-,100.575777,110.683237,119.615385,123.394071,26077984.00
06/02/2023,123.401991,125.637287,123.263215,124.135529,19367500,0.00,0.000000,-,100.544503,110.279398,118.603556,123.059024,26252250.00
06/01/2023,122.420659,123.947201,122.222410,123.283058,25017700,0.00,0.000000,-,100.531022,109.862871,117.611305,122.889518,26511638.00
05/31/2023,122.618904,123.808421,122.024149,122.291794,41548800,0.00,0.000000,-,100.523637,109.495509,116.706779,122.603043,26673740.00
05/30/2023,125.186271,125.275481,121.815984,123.550690,27230700,0.00,0.000000,-,100.520068,109.070457,115.844878,122.277908,26363442.00
05/26/2023,122.980710,124.898796,122.212482,124.333778,25154700,0.00,0.000000,-,100.496179,108.630734,115.005775,121.516620,27341634.00
05/25/2023,124.115706,124.878981,121.825897,123.263222,33812700,0.00,0.000000,-,100.472488,108.147792,114.152795,120.772183,27928530.00
05/24/2023,120.814812,121.677212,119.694691,120.576912,23087900,0.00,0.000000,-,100.438537,107.596651,113.360778,120.033694,28019622.00
05/23/2023,123.838160,124.323876,121.974594,122.212494,24477900,0.00,0.000000,-,100.421190,107.053639,112.508790,119.105875,28203942.00
05/22/2023,122.430561,125.939623,122.371080,124.769936,29760200,0.00,0.000000,-,100.396062,106.426567,111.582953,117.584290,28344556.00
05/19/2023,123.114523,125.373604,121.647462,122.172829,30268900,0.00,0.000000,-,100.361368,105.735461,110.636795,115.836700,28406354.00
05/18/2023,120.497599,122.817152,120.428211,122.440468,27014500,0.00,0.000000,-,100.339213,105.129008,109.777372,114.148088,28289754.00
05/17/2023,119.129663,121.211308,118.415954,120.418304,26659600,0.00,0.000000,-,100.301446,104.556655,108.904073,112.333092,28257368.00
05/16/2023,115.808948,120.140751,115.808948,119.040451,32370100,0.00,0.000000,-,100.271708,104.015228,108.088265,110.810516,28206206.00
05/15/2023,115.471912,117.756767,115.462004,115.937805,22107900,0.00,0.000000,-,100.254609,103.529313,107.346307,109.411848,28124568.00
05/12/2023,115.977454,117.226444,115.531390,116.889412,31293800,0.00,0.000000,-,100.242863,103.074522,106.823913,108.494930,28287260.00
05/11/2023,114.847422,117.404876,113.925550,115.878334,57115100,0.00,0.000000,-,100.221451,102.566799,106.404610,107.533407,28127956.00
05/10/2023,107.601317,112.517967,107.531929,111.298714,47533500,0.00,0.000000,-,100.164652,102.043612,105.972917,106.687862,27512132.00
05/09/2023,107.829306,109.628446,106.783526,106.996651,24782400,0.00,0.000000,-,100.144480,101.607854,105.623002,105.911706,27172400.00
05/08/2023,104.870398,107.472456,104.865444,107.294029,17266000,0.00,0.000000,-,100.146562,101.254172,105.532797,105.581615,27131238.00
05/05/2023,104.399538,105.509752,103.823614,105.286713,20710600,0.00,0.000000,-,100.180264,100.879674,105.468860,105.436890,27411830.00
05/04/2023,105.232206,105.370982,103.784960,104.290504,19780600,0.00,0.000000,-,100.222319,100.579421,105.601937,105.406657,27646092.00
05/03/2023,105.291668,107.184971,104.696913,105.192543,17116300,0.00,0.000000,-,100.268958,100.313565,105.589050,105.475053,27848302.00
05/02/2023,106.719090,106.788478,103.586703,105.053772,20343100,0.00,0.000000,-,100.287742,100.034625,105.539487,105.366015,28073320.00
05/01/2023,106.778546,107.730155,106.560467,106.768631,20926300,0.00,0.000000,-,100.321380,99.808816,105.486456,105.280766,28288360.00
04/28/2023,106.857850,107.343565,105.113230,107.274178,23957900,0.00,0.000000,-,100.339867,99.572301,105.302578,105.152896,28582676.00
04/27/2023,104.310333,108.196072,103.507407,107.422890,38235200,0.00,0.000000,-,100.359529,99.351845,104.960594,105.275814,28842808.00
04/26/2023,104.637447,106.084686,102.367460,103.537148,37068200,0.00,0.000000,-,100.391643,99.085791,104.639921,105.257972,28928366.00
04/25/2023,105.678268,106.501016,103.646181,103.695747,31408100,0.00,0.000000,-,100.451478,98.898443,104.486771,105.334299,29049334.00
04/24/2023,105.123155,106.382053,104.439183,105.846771,21410900,0.00,0.000000,-,100.528591,98.705147,104.409949,105.483978,29407678.00
04/21/2023,105.162802,105.707998,104.563094,104.984383,22379000,0.00,0.000000,-,100.590674,98.480726,104.374263,105.500830,30935432.00
04/20/2023,103.735397,105.953836,103.725482,104.974472,22515300,0.00,0.000000,-,100.636785,98.363559,104.391611,105.797217,31958772.00
04/19/2023,103.304193,104.800998,102.892826,104.102158,16732000,0.00,0.000000,-,100.676371,98.405985,104.308345,105.703046,32183242.00
04/18/2023,106.064853,106.114419,103.864254,104.201286,17641400,0.00,0.000000,-,100.696498,98.375256,104.348987,105.712959,32360062.00
04/17/2023,104.508584,105.777396,104.399544,105.489929,29043400,0.00,0.000000,-,100.717575,98.377239,104.190881,105.692145,32743702.00
04/14/2023,106.748829,108.622311,106.649697,108.503357,20758700,0.00,0.000000,-,100.746502,98.424422,103.994611,105.452260,33095286.00
04/13/2023,105.539500,107.318810,105.509763,107.244469,21650700,0.00,0.000000,-,100.761924,98.265226,103.578778,104.645374,33207964.00
04/12/2023,106.451448,106.646725,104.052600,104.300415,22761600,0.00,0.000000,-,100.803718,98.100280,103.001863,104.021870,33221086.00
04/11/2023,105.985547,106.282928,104.359880,105.192543,18721300,0.00,0.000000,-,100.869726,97.956151,102.458157,103.639244,33253156.00
04/10/2023,106.451446,107.026379,104.677089,106.015289,19741500,0.00,0.000000,-,100.902261,97.848896,101.741476,103.335919,33459138.00
04/06/2023,104.845600,108.671866,103.898952,107.948250,34684200,0.00,0.000000,-,100.927459,97.694458,100.951443,103.247697,33555150.00
04/05/2023,105.192549,105.608876,103.192180,104.032768,21864200,0.00,0.000000,-,100.942898,97.453185,100.146540,102.986005,33481484.00
04/04/2023,103.923727,105.172717,103.685827,104.201286,20377200,0.00,0.000000,-,100.957348,97.339389,99.636042,102.913644,33592028.00
04/03/2023,101.772712,104.032785,101.485246,103.993141,20719900,0.00,0.000000,-,100.964862,97.261872,99.093326,102.985014,33820320.00
03/31/2023,100.821093,103.279422,100.553456,103.091080,28108000,0.00,0.000000,-,100.992025,97.150256,98.630902,102.689616,34480018.00
03/30/2023,100.553448,100.721960,99.413497,100.434494,25009800,0.00,0.000000,-,101.007855,96.950219,98.136263,102.536963,34492012.00
03/29/2023,101.822271,101.921395,100.147038,101.009438,26148300,0.00,0.000000,-,101.035395,96.761087,97.689700,102.512182,34384648.00
03/28/2023,102.099818,102.099818,99.403589,100.474152,24913500,0.00,0.000000,-,101.082616,96.567990,97.125177,101.981857,34320398.00
03/27/2023,104.399545,104.478847,101.733052,102.159294,25393400,0.00,0.000000,-,101.149814,96.398286,96.577010,101.277070,34194742.00
03/24/2023,104.815861,105.232196,103.824601,105.133064,25236200,0.00,0.000000,-,101.220084,96.177235,95.934673,100.147034,34141958.00
03/23/2023,104.964568,106.164983,104.488767,105.331337,31385800,0.00,0.000000,-,101.275443,95.903647,95.106476,98.655189,34157210.00
03/22/2023,104.221108,106.570398,103.299236,103.309151,32336900,0.00,0.000000,-,101.328726,95.566221,94.353614,97.307075,33986606.00
03/21/2023,101.088735,105.033947,100.969781,104.914993,33122800,0.00,0.000000,-,101.379994,95.260517,93.738041,96.358440,33799802.00
03/20/2023,100.176763,101.683482,99.909126,101.039162,26033900,0.00,0.000000,-,101.439004,94.910007,93.054568,95.201638,33669598.00
03/17/2023,99.958700,102.585542,99.869490,101.564545,76140300,0.00,0.000000,-,101.499505,94.609457,92.690775,94.572188,33611642.00
03/16/2023,95.726012,101.078819,95.032133,100.186684,54499500,0.00,0.000000,-,101.556894,94.336861,92.359694,93.735562,32629766.00
03/15/2023,92.722489,96.400064,92.226859,95.706184,38367300,0.00,0.000000,-,101.615027,94.111448,92.162928,92.867219,31954546.00
03/14/2023,92.256597,94.001218,91.969131,93.426285,32303900,0.00,0.000000,-,101.673244,93.956415,92.083628,92.268498,31571006.00
03/13/2023,89.773501,92.266520,89.153963,90.858932,31508600,0.00,0.000000,-,101.730685,93.851342,92.120800,91.876951,31290542.00
03/10/2023,91.691591,92.365648,90.006451,90.214615,32850100,0.00,0.000000,-,101.801391,93.748250,92.279402,91.722313,31017962.00
03/09/2023,93.664198,95.081700,91.547862,91.850197,24438900,0.00,0.000000,-,101.903771,93.687188,92.499957,91.557764,30670378.00
03/08/2023,93.579938,95.398900,93.579938,93.822800,25395200,0.00,0.000000,-,101.986308,93.630686,92.863749,91.400153,30537900.00
03/07/2023,94.586053,95.250195,93.023830,93.346977,24101500,0.00,0.000000,-,102.066082,93.504003,93.527398,91.117643,30503118.00
03/06/2023,93.535321,95.458368,93.475847,94.744659,28288200,0.00,0.000000,-,102.156441,93.426289,93.988334,90.907497,30427816.00
03/03/2023,91.929476,93.287505,91.850181,93.198288,30242500,0.00,0.000000,-,102.261125,93.308329,94.466122,90.809363,30301588.00
03/02/2023,89.074665,91.671770,88.985448,91.503250,23328600,0.00,0.000000,-,102.364080,93.211780,95.198663,90.983826,30157148.00
03/01/2023,89.372039,90.402943,89.064743,89.718979,26323900,0.00,0.000000,-,102.484050,93.183033,95.650677,91.458638,30660286.00
02/28/2023,88.757451,90.650754,88.737621,89.510811,30546900,0.00,0.000000,-,102.596315,93.196713,96.114587,91.898757,30699784.00
02/27/2023,89.302639,89.659493,88.826838,89.312553,22724300,0.00,0.000000,-,102.713586,93.296037,96.493744,92.364649,30617904.00
02/24/2023,88.846674,89.342304,88.083407,88.569122,31295600,0.00,0.000000,-,102.834939,93.410032,97.019608,92.836491,30859188.00
02/23/2023,91.324820,91.324820,89.223352,90.274086,32423700,0.00,0.000000,-,102.952572,93.493495,97.505820,93.442149,30780894.00
02/22/2023,91.130528,91.552807,90.075831,90.997704,29891100,0.00,0.000000,-,103.074447,93.533146,97.786347,94.327345,30570126.00
02/21/2023,92.425116,92.598590,91.195956,91.245522,28367200,0.00,0.000000,-,103.198089,93.575770,98.153608,95.937152,30484168.00
02/17/2023,94.239122,94.913179,92.633277,93.763313,31095100,0.00,0.000000,-,103.349380,93.637228,98.607605,97.069171,30449782.00
02/16/2023,94.705016,97.024562,94.139998,94.942917,35642100,0.00,0.000000,-,103.466049,93.691152,98.840056,98.122881,30245432.00
02/15/2023,93.911998,96.489274,93.535322,96.251373,36964500,0.00,0.000000,-,103.572000,93.772238,98.747373,99.413501,29931700.00
02/14/2023,93.832712,94.343210,91.840276,94.120171,42513100,0.00,0.000000,-,103.660552,93.846186,98.483699,99.842717,29568840.00
02/13/2023,94.179646,94.516671,93.228037,94.169731,43116600,0.00,0.000000,-,103.781790,93.971679,98.345418,100.330418,29154008.00
02/10/2023,94.903274,96.172086,93.703850,94.030968,49325300,0.00,0.000000,-,103.881018,94.099552,98.236379,100.622839,29089438.00
02/09/2023,99.661314,99.730702,93.039695,94.625710,97798600,0.00,0.000000,-,104.003171,94.111050,98.090168,101.202725,28507332.00
02/08/2023,101.792538,102.674759,97.594550,99.126045,73546000,0.00,0.000000,-,104.140907,94.126712,97.931566,101.569492,26950850.00
02/07/2023,102.724310,107.720263,102.643026,107.095772,33738800,0.00,0.000000,-,104.238119,94.079131,97.398267,101.245348,25651286.00
02/06/2023,101.787569,103.784958,101.316722,102.565712,25573000,0.00,0.000000,-,104.321869,93.896343,96.444674,100.370065,25327888.00
02/03/2023,102.605361,107.075939,102.397197,104.300415,36823400,0.00,0.000000,-,104.444663,93.774616,95.685865,100.146039,25193806.00
02/02/2023,105.856678,107.868935,105.608863,107.849113,46622600,0.00,0.000000,-,104.570112,93.588457,94.771427,99.557230,24831276.00
02/01/2023,98.868301,101.296893,97.559838,100.543533,26392600,0.00,0.000000,-,104.665080,93.370380,93.775707,98.081245,24398222.00
01/31/2023,97.004742,99.036828,96.935354,98.997177,22306800,0.00,0.000000,-,104.793067,93.312292,93.194333,97.124680,24306744.00
01/30/2023,97.882006,98.540197,96.667706,97.093948,24365100,0.00,0.000000,-,104.943817,93.294846,92.642201,96.360419,24353812.00
01/27/2023,98.184338,100.692226,98.105036,99.829826,29020400,0.00,0.000000,-,105.094610,93.310112,92.196134,95.849919,24503130.00
01/26/2023,97.421059,98.342932,95.973820,98.293373,24542100,0.00,0.000000,-,105.238772,93.217330,91.489861,94.977611,24406124.00
01/25/2023,96.350499,96.865959,94.429441,95.884613,31000900,0.00,0.000000,-,105.411501,93.169155,90.933269,94.293640,24526664.00
01/24/2023,98.679966,100.206500,97.837389,98.342934,27391400,0.00,0.000000,-,105.608440,93.118402,90.590293,93.551186,24754070.00
01/23/2023,98.263631,100.513797,97.886955,100.325455,31791800,0.00,0.000000,-,105.796611,92.884267,90.047578,92.519284,24741120.00
01/20/2023,95.111432,98.551106,95.071788,98.412331,53704800,0.00,0.000000,-,105.994134,92.640417,89.504368,91.225691,24708724.00
01/19/2023,90.591284,93.574979,90.581369,93.089264,28707700,0.00,0.000000,-,106.214008,92.429675,89.026085,89.985624,24172626.00
01/18/2023,92.127748,92.770080,90.601206,90.977882,19641600,0.00,0.000000,-,106.445914,92.286735,88.790164,89.470168,24401938.00
01/17/2023,91.969137,92.157479,90.046090,91.354561,22935800,0.00,0.000000,-,106.683169,92.122384,88.744566,89.263986,24979314.00
01/13/2023,90.728066,92.167380,90.135293,91.988953,18630700,0.00,0.000000,-,106.933386,92.021473,88.696985,88.923984,25391670.00
01/12/2023,91.592458,91.810537,89.778450,91.106743,22754200,0.00,0.000000,-,107.183431,91.975875,88.821388,88.542349,25883468.00
01/11/2023,89.272890,91.642001,88.955687,91.453667,25998800,0.00,0.000000,-,107.431445,92.030395,89.016666,88.002111,26025758.00
01/10/2023,85.962095,88.693015,85.942266,88.460068,22855600,0.00,0.000000,-,107.675600,92.116040,89.081098,87.572897,26219720.00
01/09/2023,88.415463,90.036175,87.805840,88.023918,22996700,0.00,0.000000,-,107.933684,92.182653,89.270925,87.629401,26843338.00
01/06/2023,86.596515,87.696815,84.822158,87.389526,26612600,0.00,0.000000,-,108.180030,92.302000,89.526175,87.575873,27813490.00
01/05/2023,87.300299,87.439075,85.803494,86.011658,23136100,0.00,0.000000,-,108.438340,92.634469,89.872619,87.783044,27879442.00
01/04/2023,90.214610,90.442595,87.032665,87.934708,27046500,0.00,0.000000,-,108.684710,92.955637,90.395013,88.066545,27910336.00
01/03/2023,89.044930,90.749899,88.242004,88.916061,20738500,0.00,0.000000,-,108.923066,93.208805,90.948137,88.110159,27949180.00
12/30/2022,86.601461,88.053661,86.269389,87.954536,19190300,0.00,0.000000,-,109.145606,93.423512,91.499773,88.225145,28036912.00
12/29/2022,86.269389,88.583981,86.229738,88.172607,18280700,0.00,0.000000,-,109.368444,93.652691,92.121788,88.469986,28084580.00
12/28/2022,86.735273,87.746355,85.615151,85.704361,17879600,0.00,0.000000,-,109.570218,93.899317,92.741325,89.100427,28151176.00
12/27/2022,88.529466,88.717808,86.769985,87.161530,15470900,0.00,0.000000,-,109.769862,94.183214,93.186401,90.031221,28259816.00
12/23/2022,86.854245,89.312567,86.854245,89.025101,17815000,0.00,0.000000,-,109.980731,94.366597,93.598766,90.589299,28402894.00
12/22/2022,88.152782,88.400598,86.180176,87.488640,23656100,0.00,0.000000,-,110.193217,94.562866,93.984861,90.912450,28702838.00
12/21/2022,88.945791,90.120432,88.132957,89.461243,20336400,0.00,0.000000,-,110.419254,94.761911,94.508246,91.476476,28576584.00
12/20/2022,87.954536,88.995355,87.270564,88.846664,21976800,0.00,0.000000,-,110.602779,94.916548,94.859152,91.962193,28602210.00
12/19/2022,90.085726,90.402929,88.147818,88.370850,23020500,0.00,0.000000,-,110.785342,95.096561,95.166443,92.723481,28493272.00
12/16/2022,90.402943,90.948139,89.223348,90.065918,48485500,0.00,0.000000,-,110.998324,95.303140,95.595164,93.786114,28517860.00
12/15/2022,92.722500,93.208215,89.639679,90.402946,28298800,0.00,0.000000,-,111.213665,95.528750,95.973825,94.774400,27891274.00
12/14/2022,94.705013,96.370331,93.118998,94.477020,26452900,0.00,0.000000,-,111.429519,95.747224,96.359922,95.773591,27694808.00
12/13/2022,97.212898,98.927781,94.546405,95.012299,34788500,0.00,0.000000,-,111.622111,95.887983,96.528932,96.382224,27617368.00
12/12/2022,92.276416,93.054559,91.096821,92.742310,27380900,0.00,0.000000,-,111.815610,95.956380,96.537854,96.341582,27418398.00
12/09/2022,93.079355,93.664195,92.207041,92.256607,21885300,0.00,0.000000,-,112.018618,96.007728,96.694969,96.608232,27396336.00
12/08/2022,94.853705,95.032132,92.980223,93.128906,25593200,0.00,0.000000,-,112.214905,96.107250,96.749487,97.057272,27397060.00
12/07/2022,95.924250,96.459531,94.194505,94.318413,26647900,0.00,0.000000,-,112.381610,96.241863,96.424850,97.540016,27377536.00
12/06/2022,98.798916,99.334198,95.914353,96.459541,20877600,0.00,0.000000,-,112.551376,96.300149,96.115577,97.756111,27329078.00
12/05/2022,98.942658,100.860744,98.486679,98.997177,19955500,0.00,0.000000,-,112.715714,96.329887,95.686361,97.609406,27360284.00
12/02/2022,98.501545,100.265987,98.303288,99.948784,18821500,0.00,0.000000,-,112.876489,96.316009,95.033616,97.404215,27474314.00
12/01/2022,100.513806,101.693400,99.790182,100.394852,21771500,0.00,0.000000,-,113.058175,96.310855,94.174194,97.173251,27523338.00
11/30/2022,94.288675,100.563347,93.842604,100.563347,39888100,0.00,0.000000,-,113.232367,96.285677,93.469903,96.946252,27619844.00
11/29/2022,95.160984,95.547575,93.565054,94.605881,20220000,0.00,0.000000,-,113.400138,96.293210,92.927188,96.675640,27302116.00
11/28/2022,96.350508,96.975007,95.051959,95.408813,19974500,0.00,0.000000,-,113.591897,96.459941,92.888530,96.734126,27292488.00
11/25/2022,97.604440,98.075294,96.677614,96.747002,8567800,0.00,0.000000,-,113.801809,96.606250,92.904885,96.781705,28183800.00
11/23/2022,96.489284,98.203177,96.489284,97.956352,17568900,0.00,0.000000,-,114.019158,96.731149,92.657071,96.441703,28542342.00
11/22/2022,95.319590,96.695452,93.584884,96.479362,18868900,0.00,0.000000,-,114.219357,96.870916,92.458818,95.309683,28633280.00
11/21/2022,96.707361,97.857227,94.833880,94.992485,18696900,0.00,0.000000,-,114.425579,97.029122,92.835497,94.475043,28916202.00
11/18/2022,98.144699,98.293389,95.894533,96.945274,24969900,0.00,0.000000,-,114.659447,97.347118,93.189377,93.763317,28936922.00
11/17/2022,96.330674,98.610576,96.251371,97.639137,21818700,0.00,0.000000,-,114.881740,97.624274,93.371769,92.663017,28872182.00
11/16/2022,97.163346,98.977355,97.046381,98.124870,24660200,0.00,0.000000,-,115.127258,97.840765,93.472382,91.175137,28869022.00
11/15/2022,97.807657,99.542363,96.172076,97.857224,31831000,0.00,0.000000,-,115.320001,98.068557,93.536814,89.993553,28835562.00
11/14/2022,94.665368,96.330686,94.281749,95.190735,24170100,0.00,0.000000,-,115.503277,98.242225,93.669147,89.178737,28610244.00
11/11/2022,93.882263,96.509104,93.337074,95.884613,30569100,0.00,0.000000,-,115.687947,98.493014,93.904570,89.042934,28539204.00
11/10/2022,91.532969,93.723661,90.849005,93.346977,42371200,0.00,0.000000,-,115.848486,98.766998,93.926874,89.028065,28383510.00
11/09/2022,87.771144,88.707885,86.596503,86.636154,26743900,0.00,0.000000,-,116.022304,99.063980,94.201454,88.872438,28054046.00
11/08/2022,88.380773,89.614887,86.883967,88.132957,30172000,0.00,0.000000,-,116.217263,99.510246,94.741691,89.607952,27930132.00
11/07/2022,86.576673,88.162695,86.199997,87.875229,26899900,0.00,0.000000,-,116.422761,99.935100,95.194697,91.195951,27734414.00
11/04/2022,84.762681,85.972020,83.146922,85.942276,40173300,0.00,0.000000,-,116.628160,100.384141,95.693300,92.615437,27830390.00
11/03/2022,85.590382,85.793592,82.720679,82.760330,48510400,0.00,0.000000,-,116.860147,100.998722,96.331176,94.080521,27324418.00
11/02/2022,90.115480,90.502071,86.249563,86.309036,43553600,0.00,0.000000,-,117.118678,101.617467,97.260482,95.769628,26675234.00
11/01/2022,94.754572,95.324551,89.639673,89.709061,43220600,0.00,0.000000,-,117.362629,102.166625,98.011362,97.080074,26091976.00
10/31/2022,94.942917,95.507935,93.555151,93.832710,29868700,0.00,0.000000,-,117.606908,102.653730,98.601657,98.159557,25613884.00
10/28/2022,91.721316,96.013475,91.516125,95.735924,35696900,0.00,0.000000,-,117.827320,103.118829,98.831629,98.766206,25420250.00
10/27/2022,93.485757,94.338242,91.096824,91.790703,54036500,0.00,0.000000,-,118.050690,103.600185,98.810317,98.825682,25019352.00
10/26/2022,95.914342,97.678784,93.743480,93.991295,71504300,0.00,0.000000,-,118.285705,104.149740,99.082418,99.530470,24290406.00
10/25/2022,102.397195,104.181460,102.119636,104.012947,29910200,0.00,0.000000,-,118.502564,104.698700,99.375832,99.875430,23172844.00
10/24/2022,101.197770,102.198945,99.423420,102.070084,24680800,0.00,0.000000,-,118.661535,105.054563,99.036820,99.193443,22885140.00
10/21/2022,97.599506,100.731893,97.371520,100.593117,28988700,0.00,0.000000,-,118.832929,105.444722,98.830638,98.771164,22713946.00
10/20/2022,99.938872,102.099820,99.096302,99.651405,25125100,0.00,0.000000,-,119.012215,105.808316,98.716146,98.581831,22467604.00
10/19/2022,99.819911,100.770529,98.764224,99.413498,21573700,0.00,0.000000,-,119.229730,106.207200,98.718129,98.751336,22375042.00
10/18/2022,103.031600,103.309152,99.770353,100.503883,21610500,0.00,0.000000,-,119.451695,106.548392,98.704252,98.942649,22252054.00
10/17/2022,98.650218,100.880554,98.640311,99.899208,23311600,0.00,0.000000,-,119.666251,106.880464,98.726059,99.043758,22161066.00
10/14/2022,99.745572,100.404761,96.181990,96.330681,22624800,0.00,0.000000,-,119.890388,107.226216,98.878218,98.897052,22007148.00
10/13/2022,95.091614,99.651411,94.437379,98.838577,32812200,0.00,0.000000,-,120.134855,107.656225,99.197899,98.794952,21869806.00
10/12/2022,97.411151,98.777114,96.816396,97.440895,17343400,0.00,0.000000,-,120.366503,108.034291,99.405567,98.634367,21719618.00
10/11/2022,97.391326,99.244986,96.400066,97.193077,21617700,0.00,0.000000,-,120.613148,108.383214,99.780759,98.876234,21730970.00
10/10/2022,98.977334,99.116110,97.014643,97.847298,16529900,0.00,0.000000,-,120.856465,108.728768,100.140586,98.880198,21755740.00
10/07/2022,99.770354,100.533621,98.342937,98.699791,24249900,0.00,0.000000,-,121.095552,109.084234,100.792836,98.890112,22051866.00
10/06/2022,100.612920,102.823434,100.612920,101.346451,17156200,0.00,0.000000,-,121.316854,109.382009,101.398000,98.850462,22032944.00
10/05/2022,99.810003,101.842082,98.868301,101.326630,18475500,0.00,0.000000,-,121.515906,109.607223,101.753863,98.684922,22519312.00
10/04/2022,100.156947,101.822265,100.156947,101.514977,22580900,0.00,0.000000,-,121.717048,109.671060,102.163254,98.465855,22882334.00
10/03/2022,96.370321,99.096287,96.172064,98.432144,24840000,0.00,0.000000,-,121.927336,109.786046,102.414538,98.408360,22996514.00
09/30/2022,96.875878,98.624461,95.190731,95.309685,26277800,0.00,0.000000,-,122.165578,109.965663,102.879439,98.859385,23388820.00
09/29/2022,98.432151,98.432151,95.676441,97.232719,21921500,0.00,0.000000,-,122.407548,110.340161,103.593146,99.600845,23408620.00
09/28/2022,97.163336,100.513801,96.945265,99.859566,24617000,0.00,0.000000,-,122.648496,110.669458,104.141314,100.176768,23505792.00
09/27/2022,99.036820,99.582009,96.489274,97.232719,24225000,0.00,0.000000,-,122.886076,110.944632,104.595806,100.685284,23633298.00
09/26/2022,97.748193,99.562201,97.520199,97.946442,22437900,0.00,0.000000,-,123.133971,111.178966,105.202953,101.400974,23815878.00
09/23/2022,99.185505,99.235071,97.153426,98.303284,25657000,0.00,0.000000,-,123.381342,111.455666,105.821996,102.695560,24053720.00
09/22/2022,98.580841,100.791355,98.541197,99.691055,21272700,0.00,0.000000,-,123.623539,111.698921,106.740399,103.945538,24187900.00
09/21/2022,101.346462,102.585538,99.116126,99.135956,26596800,0.00,0.000000,-,123.837783,111.929231,107.440724,104.822803,24541606.00
09/20/2022,101.980852,102.268318,100.236239,100.940033,24001700,0.00,0.000000,-,124.048478,112.223427,108.172273,105.860653,24509070.00
09/19/2022,101.643842,103.110903,101.475329,102.942390,19738600,0.00,0.000000,-,124.256377,112.514709,108.828488,106.420715,24563396.00
09/16/2022,102.070061,103.120795,100.964808,102.724289,64540100,0.00,0.000000,-,124.443567,112.838226,109.535752,106.899493,24750264.00
09/15/2022,104.092243,105.281752,102.407096,102.991943,26494900,0.00,0.000000,-,124.635981,113.149007,110.389724,107.585447,24103142.00
09/14/2022,104.518483,105.172711,103.586696,104.944725,22115800,0.00,0.000000,-,124.845206,113.373299,111.203549,108.105859,24150284.00
09/13/2022,107.938339,108.414148,104.082337,104.389626,33015000,0.00,0.000000,-,125.028272,113.532238,112.028278,108.506329,24435928.00
09/12/2022,111.011242,111.655563,109.960509,110.892296,19732900,0.00,0.000000,-,125.233500,113.606999,112.899099,109.004932,24396188.00
09/09/2022,109.088194,111.021149,109.038628,110.803070,21732900,0.00,0.000000,-,125.406410,113.557485,113.433388,108.948431,24762450.00
09/08/2022,108.225807,109.613573,107.115592,108.463707,21660700,0.00,0.000000,-,125.581361,113.566932,113.831876,109.535259,24700352.00
09/07/2022,106.818221,110.019987,106.674484,109.514450,22987200,0.00,0.000000,-,125.782252,113.629411,114.388469,110.058644,24831778.00
09/06/2022,107.189931,107.928415,105.579133,106.540657,20565100,0.00,0.000000,-,125.981639,113.751188,114.736401,110.483894,25028834.00
09/02/2022,110.366912,110.698991,107.184967,107.730164,20618100,0.00,0.000000,-,126.187732,113.970415,115.264743,111.236260,25399972.00
09/01/2022,108.245624,110.247974,107.244457,109.583832,22784400,0.00,0.000000,-,126.387947,114.049805,115.737575,112.172012,25481810.00
08/31/2022,110.654389,110.793165,108.096943,108.196068,25898000,0.00,0.000000,-,126.580439,114.079226,116.149939,113.194000,25504562.00
08/30/2022,110.059624,110.396656,107.849118,108.949417,20548200,0.00,0.000000,-,126.781147,114.136025,116.627230,114.301238,25766802.00
08/29/2022,109.811821,110.981508,108.850297,109.375664,20386100,0.00,0.000000,-,126.963727,114.095492,116.924113,115.550227,26226158.00
08/26/2022,114.797865,115.580961,110.247983,110.327286,31698700,0.00,0.000000,-,127.143572,114.022060,117.178867,116.793266,26524716.00
08/25/2022,114.143639,116.750651,114.044515,116.671349,14874700,0.00,0.000000,-,127.331656,114.004028,117.443533,117.918345,26554582.00
08/24/2022,113.449740,114.705673,112.785598,113.697556,16051200,0.00,0.000000,-,127.488530,113.795745,117.289392,118.128492,26766688.00
08/23/2022,113.320881,114.916810,113.301059,113.766945,14390700,0.00,0.000000,-,127.659726,113.640642,117.234872,118.718294,27180784.00
08/22/2022,115.085320,115.481826,113.667818,114.064323,19316000,0.00,0.000000,-,127.827809,113.574377,116.772450,118.988908,27519450.00
08/19/2022,118.822383,118.951244,116.641605,117.087677,20187000,0.00,0.000000,-,127.985023,113.571363,116.432448,119.293225,27595970.00
08/18/2022,119.179227,120.626466,118.505170,119.803719,15652000,0.00,0.000000,-,128.122526,113.553877,115.948712,119.303138,27643110.00
08/17/2022,119.873117,121.082456,119.149494,119.268448,17589200,0.00,0.000000,-,128.236094,113.481902,115.660256,119.105878,27858350.00
08/16/2022,121.250959,122.151020,120.472823,121.439301,15626200,0.00,0.000000,-,128.374625,113.416290,115.381711,118.953223,27982286.00
08/15/2022,121.141918,122.182745,120.507512,121.806061,15525000,0.00,0.000000,-,128.491688,113.258759,114.990660,118.298000,28170802.00
08/12/2022,120.101096,121.578072,119.347736,121.578072,16121100,0.00,0.000000,-,128.608397,113.156977,114.347828,117.564468,28409742.00
08/11/2022,121.013070,121.270792,118.505183,118.772820,16671600,0.00,0.000000,-,128.692763,112.988205,113.857998,116.968722,28659920.00
08/10/2022,118.544832,120.715695,118.316847,119.595573,20497000,0.00,0.000000,-,128.786700,112.873596,113.442659,116.450291,29352528.00
08/09/2022,116.958807,117.166970,115.541304,116.473091,15424300,0.00,0.000000,-,128.875789,112.717948,113.023206,115.751451,29541068.00
08/08/2022,118.078929,119.803720,116.800202,117.107491,17061100,0.00,0.000000,-,129.001087,112.535476,112.891840,114.555991,29838342.00
08/05/2022,115.908079,117.821212,115.690000,117.186806,15615700,0.00,0.000000,-,129.121401,112.291617,112.811672,113.571671,30255120.00
08/04/2022,117.266098,118.455607,116.681250,117.831116,15757700,0.00,0.000000,-,129.248292,112.047886,112.908245,112.594286,31150526.00
08/03/2022,115.323220,118.376304,115.134886,117.741898,25302800,0.00,0.000000,-,129.367692,111.905075,112.929854,112.214634,31466532.00
08/02/2022,113.429916,116.056757,113.261403,114.887070,17911000,0.00,0.000000,-,129.481166,111.717390,112.753088,111.810200,31712196.00
08/01/2022,114.520300,116.096408,113.687645,114.470741,22856200,0.00,0.000000,-,129.607612,111.615201,112.653318,111.683321,31937816.00
07/29/2022,112.408932,115.878343,112.240419,115.620613,31336200,0.00,0.000000,-,129.718732,111.554159,112.336164,111.131189,32040332.00
07/28/2022,111.814167,113.697555,110.873456,113.588516,23303800,0.00,0.000000,-,129.818219,111.555378,111.975964,110.747273,31845128.00
07/27/2022,108.642129,113.400181,107.472441,112.607170,41474600,0.00,0.000000,-,129.938447,111.559393,111.860309,110.435026,31844692.00
07/26/2022,106.491100,106.798388,103.844436,104.518494,36626600,0.00,0.000000,-,130.069571,111.617193,111.809334,110.294961,31609960.00
07/25/2022,107.928425,109.613572,106.074773,107.264282,28289900,0.00,0.000000,-,130.236824,111.770264,112.363573,111.227689,31706708.00
07/22/2022,110.832809,112.190838,106.659604,107.412964,44455300,0.00,0.000000,-,130.381270,111.884278,112.875460,112.051673,31870950.00
07/21/2022,114.084150,114.203104,110.931949,114.034592,27267800,0.00,0.000000,-,130.519140,112.007681,113.089795,113.222203,31605004.00
07/20/2022,113.063150,115.313315,112.270146,113.697556,26780100,0.00,0.000000,-,130.611947,111.968902,112.940809,113.645074,31750048.00
07/19/2022,110.753544,113.806620,109.534290,113.618286,30992300,0.00,0.000000,-,130.719808,111.987935,112.807732,113.695976,31920646.00
07/18/2022,112.448565,113.796679,108.344748,108.949417,33354000,0.00,20.000000,-,130.812221,112.030092,112.472957,113.623315,32162600.00
07/15/2022,111.975742,113.004181,110.845214,111.781456,34330000,0.00,0.000000,-,130.934200,112.281178,112.310688,113.541138,32160160.00
07/14/2022,109.857402,111.008757,108.370020,110.466042,32366000,0.00,0.000000,-,131.050262,112.387491,112.192901,113.204655,31897880.00
07/13/2022,111.654573,114.150564,110.845703,111.206520,38958000,0.00,0.000000,-,131.199254,112.500832,111.982457,113.285593,31856160.00
07/12/2022,115.817387,116.819553,113.613317,113.845772,24970000,0.00,0.000000,-,131.350153,112.555936,111.719253,113.323708,31750880.00
07/11/2022,117.613036,117.756274,115.218643,115.504128,26718000,0.00,0.000000,-,131.483859,112.646378,111.549648,113.499457,31987280.00
07/08/2022,116.522648,119.382429,116.486960,119.118263,29082000,0.00,0.000000,-,131.604872,112.616601,111.470123,113.699247,32697680.00
07/07/2022,114.994133,118.814446,114.524269,118.263306,32184000,0.00,0.000000,-,131.701411,112.603467,111.324879,112.957388,33103920.00
07/06/2022,113.094877,115.335120,111.269472,114.206573,28852000,0.00,0.000000,-,131.799105,112.681658,111.221962,112.236543,33150680.00
07/05/2022,106.574866,113.055819,105.320915,112.891670,36398000,0.00,0.000000,-,131.929208,112.768898,111.311027,111.919488,33501840.00
07/01/2022,107.390154,108.846665,106.168927,108.127655,31028000,0.00,0.000000,-,132.080308,112.987977,111.344581,111.322600,33377040.00
06/30/2022,109.533775,110.356826,106.372151,108.416626,38046000,0.00,0.000000,-,132.259354,113.367917,111.774045,111.080238,33208680.00
06/29/2022,111.168356,112.671105,110.579054,111.275414,18628000,0.00,0.000000,-,132.428035,113.787389,112.010188,111.181147,32902160.00
06/28/2022,115.334133,116.826476,111.461281,111.587669,28232000,0.00,0.000000,-,132.582714,114.098734,112.098534,110.679322,32827960.00
06/27/2022,117.895554,118.207803,114.986948,115.603264,32840000,0.00,0.000000,-,132.728179,114.389797,112.109809,110.114799,32733000.00
06/24/2022,112.610154,117.600655,112.610154,117.502029,39122000,0.00,0.000000,-,132.868397,114.660678,111.697123,109.599838,32467040.00
06/23/2022,111.962844,112.207195,110.058635,111.699669,24710000,0.00,0.000000,-,132.998973,114.855689,111.067746,109.241000,32144680.00
06/22/2022,110.191481,112.775199,109.756609,111.054863,23922000,0.00,0.000000,-,133.161711,115.194938,110.732775,109.692371,32134240.00
06/21/2022,108.743237,111.688265,108.338307,111.036018,39010000,0.00,0.000000,-,133.323986,115.630626,110.714561,110.207381,31984480.00
06/17/2022,105.603921,108.294690,104.705387,106.922791,43516000,0.00,0.000000,-,133.483598,116.115353,110.580642,110.702566,31593240.00
06/16/2022,107.204310,108.335336,104.867914,105.704041,35314000,0.00,0.000000,-,133.671821,116.696440,110.723384,111.366562,31194400.00
06/15/2022,107.947739,111.083596,107.173816,109.425713,33192000,0.00,0.000000,-,133.864255,117.378962,111.009114,112.467851,30873240.00
06/14/2022,105.955820,107.509618,105.422520,106.257164,25480000,0.00,0.000000,-,134.038117,118.038190,111.321907,112.839228,30590920.00
06/13/2022,106.506955,108.263963,105.656505,105.942436,36756000,0.00,0.000000,-,134.223267,118.702453,111.698512,113.517746,30550920.00
06/10/2022,111.795580,112.505076,109.892112,110.453659,31324000,0.00,0.000000,-,134.397959,119.352185,112.176249,114.104820,30406120.00
06/09/2022,115.324702,117.315647,113.863086,113.913643,23142000,0.00,0.000000,-,134.554194,119.971068,112.262167,113.794407,30200560.00
06/08/2022,115.855050,117.609086,115.676865,116.213387,22544000,0.00,0.000000,-,134.690396,120.532757,112.214736,112.894493,30311280.00
06/07/2022,114.637281,116.719569,114.119348,116.204956,26414000,0.00,0.000000,-,134.808661,121.022677,112.083220,111.773180,30335880.00
06/06/2022,115.722214,118.355000,115.509883,115.987869,23786000,0.00,0.000000,-,134.913771,121.504271,111.877757,111.221741,30193000.00
06/03/2022,114.978764,115.347515,112.674579,113.562752,25052000,0.00,0.000000,-,135.012417,121.986054,111.810822,110.458719,30128160.00
06/02/2022,113.190031,116.867606,112.317718,116.716934,27472000,0.00,0.000000,-,135.121485,122.460659,111.918992,110.080206,30133160.00
06/01/2022,113.927039,116.372973,112.558104,113.139481,28630000,0.00,0.000000,-,135.218403,122.907350,112.158332,109.550377,30179240.00
05/31/2022,112.090734,115.415917,111.588660,113.042343,51302000,0.00,0.000000,-,135.341216,123.350275,112.356212,109.804585,30139280.00
05/27/2022,108.828984,111.881569,108.592574,111.813179,29924000,0.00,0.000000,-,135.461986,123.801546,112.510749,109.879277,30031240.00
05/26/2022,105.123652,108.003020,104.566068,107.349525,30288000,0.00,0.000000,-,135.588820,124.233765,112.618177,110.247678,29912640.00
05/25/2022,104.223099,105.613542,103.300485,104.914505,37900000,0.00,0.000000,-,135.734503,124.737216,113.169095,110.729927,29948040.00
05/24/2022,105.447806,105.465147,101.314743,105.000252,60386000,0.00,0.000000,-,135.894379,125.209473,113.624133,111.534978,29795880.00
05/23/2022,109.141723,111.026609,108.200278,110.690567,31558000,0.00,0.000000,-,136.053357,125.622134,114.297198,112.393261,29193240.00
05/20/2022,111.105919,111.566360,105.443343,108.357651,37586000,0.00,0.000000,-,136.179096,125.995027,114.871312,112.533772,29094080.00
05/19/2022,110.863549,112.594783,109.502547,109.777618,29192000,0.00,0.000000,-,136.316024,126.458322,115.381860,113.162924,28827680.00
05/18/2022,114.230360,114.684501,111.161909,111.418648,27982000,0.00,0.000000,-,136.441334,126.916690,116.085258,113.757778,28889000.00
05/17/2022,116.202968,116.202968,114.329487,115.681564,21576000,0.00,0.000000,-,136.559685,127.211640,116.870560,114.766287,29034360.00
05/16/2022,114.375591,115.588393,113.335755,113.789261,23282000,0.00,0.000000,-,136.655283,127.405193,117.555991,114.907838,29386400.00
05/13/2022,113.841774,117.052964,113.003667,115.497185,29738000,0.00,0.000000,-,136.756532,127.748754,118.208661,115.142222,29409680.00
05/12/2022,110.959709,113.852698,109.151153,112.172020,41464000,0.00,0.000000,-,136.855782,128.101494,118.740844,114.988676,29210520.00
05/11/2022,112.716713,115.651334,112.656740,112.965019,36502000,0.00,0.000000,-,136.970870,128.529530,119.589610,115.608263,28860560.00
05/10/2022,115.026345,115.671165,112.392372,113.583076,31158000,0.00,0.000000,-,137.084050,128.930138,120.303986,115.713287,28623320.00
05/09/2022,112.313260,114.552913,111.567833,112.095680,34520000,0.00,0.000000,-,137.208255,129.332719,121.057939,116.201136,28593680.00
05/06/2022,114.509396,116.471595,113.145422,114.649170,35310000,0.00,0.000000,-,137.330834,129.757681,122.095119,117.208851,28428000.00
05/05/2022,119.169795,120.173700,114.175832,115.726158,43090000,0.00,0.000000,-,137.418404,130.094978,123.126278,117.600795,28585120.00
05/04/2022,116.972196,122.066775,114.726992,121.503738,33232000,0.00,0.000000,-,137.496982,130.309854,124.138826,118.412738,28251960.00
05/03/2022,115.744500,118.257348,115.607706,117.097076,21216000,0.00,0.000000,-,137.539242,130.445210,125.055147,118.974832,28365440.00
05/02/2022,112.911007,116.314003,112.408434,116.133095,30280000,0.00,0.000000,-,137.594378,130.689814,126.319649,120.204144,28578280.00
04/29/2022,116.550403,117.920321,113.691606,113.961723,33694000,0.00,0.000000,-,137.667179,130.990195,127.486511,121.275101,28592040.00
04/28/2022,116.091459,119.385914,114.137586,118.367889,36790000,0.00,0.000000,-,137.747967,131.436679,128.709875,122.493013,28430360.00
04/27/2022,113.373426,116.473096,112.135591,114.015266,62238000,0.00,0.000000,-,137.810768,131.773985,129.861372,123.570956,28226120.00
04/26/2022,121.677215,121.677215,118.120424,118.461563,49394000,0.00,0.000000,-,137.889940,132.176030,131.260512,124.894685,27517200.00
04/25/2022,118.385716,122.200584,117.731238,122.172829,34522000,0.00,0.000000,-,137.944747,132.465954,132.372905,125.914742,27305480.00
04/22/2022,123.907541,124.355594,118.099254,118.568611,46410000,0.00,0.000000,-,137.976093,132.770321,133.278496,126.981387,27275400.00
04/21/2022,128.219531,129.168652,123.560603,123.845589,30158000,0.00,0.000000,-,138.023490,133.203284,134.353915,128.651760,26919760.00
04/20/2022,130.136622,130.770529,126.776303,127.124680,22610000,0.00,0.000000,-,138.048965,133.486299,135.026286,129.864914,27001720.00
04/19/2022,126.957635,129.759682,126.337606,129.390198,22720000,0.00,0.000000,-,138.056526,133.698280,135.622627,131.135461,27441720.00
04/18/2022,126.296480,127.587103,125.472197,126.842659,14918000,0.00,0.000000,-,138.047545,133.945797,135.917403,132.435153,27971800.00
04/14/2022,129.507669,129.567883,126.000588,126.140846,23484000,0.00,0.000000,-,138.039653,134.237020,136.355566,133.697921,28812040.00
04/13/2022,127.502327,129.513843,127.316073,129.147324,19542000,0.00,0.000000,-,138.030052,134.649057,136.719730,134.926736,30137360.00
04/12/2022,131.266157,131.266157,126.461027,127.252548,23004000,0.00,0.000000,-,138.008901,134.799581,136.888468,136.151788,30770600.00
04/11/2022,131.738517,131.777375,128.484703,128.662140,24188000,0.00,0.000000,-,138.001194,134.944781,136.952206,137.626340,30991640.00
04/08/2022,135.059208,135.059208,132.583538,132.839279,16434000,0.00,0.000000,-,137.987309,135.014030,136.800766,138.831067,31118240.00
04/07/2022,135.424002,136.498043,133.678648,135.272339,19448000,0.00,0.000000,-,137.953961,134.917095,136.625561,139.575604,31394520.00
04/06/2022,137.945279,138.626271,135.225862,135.977127,23574000,0.00,0.000000,-,137.904380,134.773858,136.438064,140.056070,31798160.00
04/05/2022,142.146236,142.335062,139.711692,139.830154,19256000,0.00,0.000000,-,137.853943,134.566873,136.274011,140.187659,32046840.00
04/04/2022,139.593735,142.784854,139.593735,142.387115,19076000,0.00,0.000000,-,137.781541,134.354922,135.590809,140.109793,32764680.00
04/01/2022,138.786365,139.718152,137.583968,139.470337,23480000,0.00,0.000000,-,137.691956,134.086280,134.739416,139.399654,33221560.00
03/31/2022,141.203534,141.397820,138.398765,138.429001,29516000,0.00,0.000000,-,137.620937,133.943668,134.314263,139.013211,33190560.00
03/30/2022,141.621366,142.226535,140.925505,141.397842,21046000,0.00,0.000000,-,137.551782,133.864417,134.049523,138.512723,33016160.00
03/29/2022,141.909351,142.902593,141.238750,141.998062,28678000,0.00,0.000000,-,137.469450,133.738447,133.658321,137.625148,33142880.00
03/28/2022,139.454969,140.735684,138.606114,140.709412,23774000,0.00,0.000000,-,137.385698,133.669782,133.208189,136.278073,33045840.00
03/25/2022,140.515119,140.718828,138.478570,140.284653,19270000,0.00,0.000000,-,137.305141,133.613895,132.858324,134.770464,33101680.00
03/24/2022,138.055330,140.160761,136.832999,140.076996,20544000,0.00,0.000000,-,137.228608,133.616402,132.511282,133.675518,33189120.00
03/23/2022,137.922474,138.801217,136.958969,137.293015,25302000,0.00,0.000000,-,137.145630,133.590737,132.083131,132.820058,33248280.00
03/22/2022,135.307017,140.263318,135.307017,139.051498,29776000,0.00,0.000000,-,137.074453,133.592136,131.541978,132.360363,33424160.00
03/21/2022,135.651499,136.380076,133.435033,135.285721,26632000,0.00,0.000000,-,136.990329,133.527249,131.002982,131.071825,33216800.00
03/18/2022,132.713913,135.716932,131.770237,135.605911,45900000,0.00,0.000000,-,136.921484,133.548512,130.705059,130.079178,33265160.00
03/17/2022,132.155805,133.561911,131.559062,133.424118,23994000,0.00,0.000000,-,136.839353,133.565403,130.482372,129.615315,33340000.00
03/16/2022,129.855103,132.601881,128.071830,132.522095,32058000,0.00,0.000000,-,136.772262,133.760007,130.625462,129.586324,33318680.00
03/15/2022,126.625078,129.376561,125.461834,128.527313,30292000,0.00,0.000000,-,136.711795,133.985697,130.761017,129.691493,33181800.00
03/14/2022,129.431834,129.880878,125.308195,125.633324,30254000,0.00,0.000000,-,136.666780,134.283452,131.040527,130.138304,32921920.00
03/11/2022,132.828394,133.027142,129.157753,129.335190,26600000,0.00,0.000000,-,136.633991,134.665316,131.406749,130.946183,32576400.00
03/10/2022,130.313545,132.371405,130.252590,131.522400,24266000,0.00,0.000000,-,136.590381,134.983094,131.809547,131.347047,32384840.00
03/09/2022,130.251609,133.025658,128.951079,132.696060,32258000,0.00,0.000000,-,136.529773,135.256009,132.244265,131.346204,32272000.00
03/08/2022,125.147107,130.099445,124.760758,126.166122,35250000,0.00,0.000000,-,136.462702,135.537487,132.509278,130.723594,31891960.00
03/07/2022,130.751212,130.751212,125.305225,125.359245,39178000,0.00,0.000000,-,136.413022,135.931295,133.087159,130.934138,31463320.00
03/04/2022,132.216782,133.026144,129.268760,130.967285,24446000,0.00,0.000000,-,136.370100,136.337404,133.907501,131.330940,31048520.00
03/03/2022,134.790103,135.518983,132.264867,133.134201,19780000,0.00,0.000000,-,136.287397,136.577260,134.429326,131.349428,30950560.00
03/02/2022,133.431794,134.430239,132.266319,133.573792,23966000,0.00,0.000000,-,136.192551,136.737715,135.109752,131.664601,30960240.00
03/01/2022,133.304692,134.921435,132.212817,132.995422,24640000,0.00,0.000000,-,136.099962,136.897338,135.264737,131.830540,31349000.00
02/28/2022,132.119646,134.455059,131.664416,133.712112,29676000,0.00,0.000000,-,136.008965,137.108883,135.340593,131.942749,31404200.00
02/25/2022,132.358510,134.205734,130.613399,133.343826,26236000,0.00,0.000000,-,135.900954,137.356252,135.261217,131.867314,31356280.00
02/24/2022,123.907548,131.874310,123.674110,131.513977,43166000,0.00,0.000000,-,135.789113,137.563446,134.993653,132.272047,31327120.00
02/23/2022,129.932931,130.597558,126.389171,126.469955,26432000,0.00,0.000000,-,135.703689,137.841613,134.823478,133.142326,30945880.00
02/22/2022,128.848974,130.747987,126.624583,128.271561,38906000,0.00,0.000000,-,135.651638,138.259726,134.781374,134.294963,30849920.00
02/18/2022,131.874817,132.654442,129.168227,129.327271,31858000,0.00,0.000000,-,135.604711,138.630528,134.829426,135.240181,30443400.00
02/17/2022,134.960079,135.643552,131.046585,131.152161,30968000,0.00,0.000000,-,135.548209,138.992398,134.810815,136.484062,30185520.00
02/16/2022,135.238165,136.740424,133.645366,136.285934,25610000,0.00,0.000000,-,135.476484,139.304209,134.870192,137.509224,30031320.00
02/15/2022,136.270033,136.694786,134.354927,135.233185,26578000,0.00,0.000000,-,135.378473,139.429285,134.779218,138.554903,29963080.00
02/14/2022,132.199906,134.976436,132.136969,134.117508,26792000,0.00,0.000000,-,135.295867,139.550120,134.772527,138.698933,29965280.00
02/11/2022,137.537382,138.065970,132.123611,132.957764,38808000,0.00,0.000000,-,135.222543,139.718168,134.994892,138.738437,29854440.00
02/10/2022,138.280822,140.194945,136.843497,137.391159,33018000,0.00,0.000000,-,135.159918,139.866620,135.242756,138.655121,29647800.00
02/09/2022,139.618782,140.932956,139.150166,140.216766,28628000,0.00,0.000000,-,135.062740,139.942937,135.393699,137.715258,29819240.00
02/08/2022,137.776520,138.614968,135.676777,137.996323,34256000,0.00,0.000000,-,134.933395,140.035342,135.322549,136.504629,29772200.00
02/07/2022,142.453039,142.589334,137.486830,137.723740,44610000,0.00,0.000000,-,134.820015,140.106574,135.290879,135.267785,29426920.00
02/04/2022,141.767066,143.272046,138.595535,141.766083,49224000,0.00,0.000000,-,134.705162,140.260804,135.195050,134.418671,28864000.00
02/03/2022,144.025167,147.814466,140.962176,141.403778,56930000,0.00,0.000000,-,134.558356,140.334971,134.924189,133.137568,28242040.00
02/02/2022,150.536271,150.770715,144.285383,146.742722,89750000,0.00,0.000000,-,134.419649,140.422757,134.676524,132.231161,27595600.00
02/01/2022,136.630385,136.992185,133.392181,136.673492,51204000,0.00,0.000000,-,134.254332,140.460741,134.497105,131.003533,26195920.00
01/31/2022,133.025153,134.656280,131.117972,134.512543,34056000,0.00,0.000000,-,134.141534,140.715108,134.853759,130.846120,25705000.00
01/28/2022,128.863847,132.204889,127.569761,132.124603,30518000,0.00,0.000000,-,134.038391,140.980043,135.298886,131.251347,25329680.00
01/27/2022,130.212944,131.450991,127.818074,127.992531,30248000,0.00,0.000000,-,133.946915,141.293013,135.928981,131.830390,25064400.00
01/26/2022,129.451146,131.646784,126.042207,128.110474,39630000,0.00,0.000000,-,133.865736,141.694810,136.790559,133.072139,24784400.00
01/25/2022,127.313031,128.208139,125.273510,125.627884,36008000,0.00,0.000000,-,133.787047,142.099354,137.643442,134.140469,24332760.00
01/24/2022,124.926076,129.635562,123.552641,129.232605,55148000,0.00,0.000000,-,133.717678,142.496105,138.700546,135.313974,23861880.00
01/21/2022,131.849526,133.582750,128.864855,128.955048,41920000,0.00,0.000000,-,133.637991,142.818344,139.531741,135.971428,23213080.00
01/20/2022,135.320929,136.706706,131.980871,132.339706,21930000,0.00,0.000000,-,133.554626,143.198126,140.367226,136.710809,22712200.00
01/19/2022,135.741717,137.189947,134.315781,134.466446,20796000,0.00,0.000000,-,133.450432,143.512256,140.898244,137.121887,22641360.00
01/18/2022,135.406170,136.190741,134.431759,135.099365,27382000,0.00,0.000000,-,133.329426,143.781660,141.232770,137.990677,22633600.00
01/14/2022,136.298288,139.966448,136.298288,138.564804,23826000,0.00,0.000000,-,133.205454,144.027344,141.555549,138.861398,22579960.00
01/13/2022,140.600862,141.934108,137.699940,137.915039,26566000,0.00,0.000000,-,133.042397,144.166190,141.805942,139.346425,22461160.00
01/12/2022,140.317345,141.566086,139.878708,140.410019,23642000,0.00,0.000000,-,132.865460,144.299653,142.214217,140.027571,22352840.00
01/11/2022,136.972827,139.103047,135.617785,138.793777,23502000,0.00,0.000000,-,132.672803,144.341802,142.378892,140.508980,22525440.00
01/10/2022,133.918294,137.428348,131.976914,137.362930,34096000,0.00,0.000000,-,132.488330,144.505420,142.710321,141.146414,22634480.00
01/07/2022,136.699772,137.046462,134.602267,135.807144,19408000,0.00,0.000000,-,132.305955,144.655199,143.210955,142.087117,22600920.00
01/06/2022,136.295832,138.465212,135.568253,136.348862,29050000,0.00,0.000000,-,132.133543,144.842011,143.761179,143.092055,23249760.00
01/05/2022,142.920935,143.036917,136.321617,136.450485,49642000,0.00,0.000000,-,131.958595,144.884060,144.314774,144.023642,23233920.00
01/04/2022,144.278434,145.328669,142.559233,143.154343,22928000,0.00,0.000000,-,131.785097,144.906254,144.829386,144.674600,22662720.00
01/03/2022,143.212816,144.277933,142.248327,143.806580,25214000,0.00,0.000000,-,131.574519,144.791436,144.798657,144.474863,22807800.00
12/31/2021,144.272016,145.085840,143.413088,143.415070,17298000,0.00,0.000000,-,131.361822,144.745957,144.672073,144.249699,22600520.00
12/30/2021,145.170085,145.777235,144.484631,144.726501,12978000,0.00,0.000000,-,131.149353,144.701062,144.627317,144.265459,22613360.00
12/29/2021,145.149764,145.897414,144.232845,145.224106,17022000,0.00,0.000000,-,130.943921,144.657833,144.410009,144.400864,22660120.00
12/28/2021,147.077783,147.077783,144.660103,145.168121,18624000,0.00,0.000000,-,130.736359,144.587572,144.209155,144.248804,22650960.00
12/27/2021,146.174712,147.129293,145.963077,146.769958,13256000,0.00,0.000000,-,130.522625,144.492946,144.192599,144.274228,22703480.00
12/23/2021,145.803976,147.274122,145.666546,145.856522,13818000,0.00,0.000000,-,130.299751,144.361069,143.931997,144.334793,22866880.00
12/22/2021,142.840634,146.015629,142.704823,145.664734,18438000,0.00,0.000000,-,130.094540,144.177834,143.910933,144.430304,22918120.00
12/21/2021,141.898913,143.427489,140.496286,142.960068,19548000,0.00,0.000000,-,129.875484,143.974902,143.901417,144.605907,23000080.00
12/20/2021,139.450107,141.364140,139.024266,141.156967,20264000,0.00,0.000000,-,129.669373,143.868381,144.043068,144.984172,22940800.00
12/17/2021,141.467219,143.197569,140.548818,141.554947,43404000,0.00,0.000000,-,129.465208,143.821881,144.417317,145.122452,22914000.00
12/16/2021,146.782854,147.253209,142.833180,143.572662,27400000,0.00,0.000000,-,129.279962,143.750164,144.809162,145.094447,22410920.00
12/15/2021,143.104290,146.227994,141.458310,146.080551,27280000,0.00,0.000000,-,129.069894,143.601782,145.018491,144.989175,22258200.00
12/14/2021,143.504758,144.170882,140.999336,143.703506,24778000,0.00,0.000000,-,128.841740,143.379908,145.103120,144.419154,22195120.00
12/13/2021,147.146663,147.264127,145.080876,145.422363,24104000,0.00,0.000000,-,128.637647,143.157758,145.322065,144.169505,22330160.00
12/10/2021,147.796899,148.094265,146.069620,147.375610,21634000,0.00,0.000000,-,128.426365,142.954708,145.467828,144.110970,22415840.00
12/09/2021,146.881011,148.297523,146.239677,146.811630,18580000,0.00,0.000000,-,128.194252,142.649212,145.372321,143.529201,22689040.00
12/08/2021,147.035153,147.852940,145.913542,147.420761,18964000,0.00,0.000000,-,127.963595,142.379886,145.298968,143.391562,22844200.00
12/07/2021,144.674455,147.003923,144.429120,146.742722,23258000,0.00,0.000000,-,127.745706,142.131346,145.325135,143.196927,23308720.00
12/06/2021,142.319220,143.089922,139.417799,142.539764,22198000,0.00,0.000000,-,127.525183,142.001779,145.390310,143.101964,23220440.00
12/03/2021,143.232647,143.943875,139.916381,141.274902,26688000,0.00,0.000000,-,127.324192,141.978712,145.660155,143.712183,23075480.00
12/02/2021,140.584508,143.410589,139.749856,142.519943,21250000,0.00,0.000000,-,127.138512,141.964954,145.965588,144.523877,22887160.00
12/01/2021,142.952164,145.218832,140.263376,140.380341,28476000,0.00,0.000000,-,126.950586,141.908690,146.114945,145.047807,22903520.00
11/30/2021,144.179073,145.347013,140.824388,141.207016,41590000,0.00,0.000000,-,126.776112,141.869603,146.325339,145.787086,22696600.00
11/29/2021,143.037367,145.578469,143.037367,144.837006,26276000,0.00,0.000000,-,126.595916,141.801504,146.390862,146.474625,22563160.00
11/26/2021,143.748115,144.027149,141.240228,141.557922,16992000,0.00,0.000000,-,126.393161,141.709307,146.497744,146.824687,23238440.00
11/24/2021,145.070961,145.715274,143.930019,145.435242,16464000,0.00,0.000000,-,126.204765,141.740383,146.662441,147.215442,23304440.00
11/23/2021,145.827303,146.403219,143.623224,145.474411,18126000,0.00,0.000000,-,125.996855,141.710417,146.648067,147.206374,23388120.00
11/22/2021,148.829567,149.427052,145.720716,145.793091,24608000,0.00,0.000000,-,125.785808,141.643983,146.296912,147.453343,23403920.00
11/19/2021,149.680298,150.522876,148.577518,148.641953,19766000,0.00,0.000000,-,125.575498,141.572344,145.885266,147.678656,23315280.00
11/18/2021,147.842502,150.284972,147.696300,149.391846,26658000,0.00,0.000000,-,125.352204,141.413118,145.323841,147.608128,23577880.00
11/17/2021,147.924795,148.318328,147.264615,147.759247,15290000,0.00,0.000000,-,125.116331,141.298221,144.930881,147.407300,23340680.00
11/16/2021,147.866804,148.523021,147.053479,147.773132,17254000,0.00,0.000000,-,124.890529,141.215382,144.601435,147.182083,23344600.00
11/15/2021,148.689048,149.161884,147.353321,148.082397,16248000,0.00,0.000000,-,124.629330,141.144864,144.341031,146.863591,23302920.00
11/12/2021,146.539490,148.549765,145.174026,148.337631,17048000,0.00,0.000000,-,124.360101,141.053410,144.022464,146.307098,23360040.00
11/11/2021,145.821325,147.204380,145.412440,145.465469,12464000,0.00,0.000000,-,124.073337,140.945829,143.627423,146.170801,23455960.00
11/10/2021,146.716209,147.400423,144.054919,145.344559,22708000,0.00,0.000000,-,123.807716,140.927868,143.362955,146.109441,23523160.00
11/09/2021,148.437257,149.064221,146.217827,147.944107,16876000,0.00,0.000000,-,123.534691,140.904792,142.930466,146.089761,23604120.00
11/08/2021,148.689050,149.714509,147.816736,148.046219,18388000,0.00,0.000000,-,123.270091,140.829872,142.309167,145.140482,23604920.00
11/05/2021,148.048196,149.254812,147.352819,147.936676,20408000,0.00,0.000000,-,123.000560,140.734692,141.788557,144.091876,23728400.00
11/04/2021,145.913519,148.639485,145.353455,147.383560,24700000,0.00,0.000000,-,122.731986,140.593576,141.333321,143.039554,23618680.00
11/03/2021,144.996582,145.626541,143.785761,145.507080,17886000,0.00,0.000000,-,122.463748,140.479918,140.862598,142.454462,23381440.00
11/02/2021,143.543815,145.636464,143.376891,144.588211,21150000,0.00,0.000000,-,122.203815,140.392856,140.394923,142.020787,23326240.00
11/01/2021,146.870087,147.102550,142.324667,142.517471,32272000,0.00,0.000000,-,121.924676,140.298418,139.914855,141.818471,23325040.00
10/29/2021,144.248205,147.314176,143.897794,146.974655,28954000,0.00,0.000000,-,121.642343,140.192610,139.418780,141.737830,22990880.00
10/28/2021,146.011640,146.136047,143.498308,144.851868,32418000,0.00,0.000000,-,121.338712,139.967456,138.833540,141.084045,22777720.00
10/27/2021,138.679784,147.814743,138.679784,145.147766,51850000,0.00,0.000000,-,121.049220,139.777948,138.195988,140.616469,22428040.00
10/26/2021,139.377152,139.608601,137.790630,138.451309,28258000,0.00,0.000000,-,120.756302,139.597004,137.605865,139.771170,21816480.00
10/25/2021,137.597344,137.989183,135.553368,137.560165,21082000,0.00,0.000000,-,120.501866,139.582016,137.432990,139.477853,21612120.00
10/22/2021,139.124365,140.321316,135.971666,137.413452,30182000,0.00,0.000000,-,120.261919,139.574741,137.568199,139.485239,21442080.00
10/21/2021,140.949281,141.601036,140.399124,141.532639,14850000,0.00,0.000000,-,120.017759,139.570072,137.766848,139.627089,21131360.00
10/20/2021,142.962047,142.987080,140.671739,141.170334,17940000,0.00,0.000000,-,119.740127,139.469142,137.719565,139.270734,21138440.00
10/19/2021,142.039182,142.847546,141.845380,142.565048,15316000,0.00,0.000000,-,119.465701,139.383528,137.646385,138.769058,21100320.00
10/18/2021,139.979334,141.748979,139.979334,141.711060,16564000,0.00,0.000000,-,119.181160,139.268145,137.439434,138.011240,21041480.00
10/15/2021,140.957219,140.957219,139.831645,140.436813,21250000,0.00,0.000000,-,118.906747,139.150691,137.243983,137.099730,20981400.00
10/14/2021,138.728855,140.413510,138.121221,140.176102,21426000,0.00,0.000000,-,118.635642,139.056819,137.233500,136.583035,20793720.00
10/13/2021,136.546095,137.339107,135.779357,136.694778,16380000,0.00,0.000000,-,118.370599,138.950090,137.380281,135.775507,20695760.00
10/12/2021,138.417082,138.474090,135.059192,135.518143,22536000,0.00,0.000000,-,118.127267,138.917973,137.742389,135.440561,20749440.00
10/11/2021,138.578193,139.533424,137.593376,137.634018,16584000,0.00,0.000000,-,117.880590,138.903631,138.074117,135.388127,20701520.00
10/08/2021,138.683272,139.090675,138.210784,138.831955,18924000,0.00,0.000000,-,117.621730,138.831735,138.302975,135.651160,20848920.00
10/07/2021,137.649410,138.929566,137.352028,137.969086,18250000,0.00,0.000000,-,117.354679,138.762039,138.395410,135.906607,20856120.00
10/06/2021,133.448925,136.647228,133.311133,136.153580,19764000,0.00,0.000000,-,117.095876,138.706449,138.679306,136.168396,21584880.00
10/05/2021,132.828886,136.161503,132.828886,134.986862,24126000,0.00,0.000000,-,116.844078,138.695396,139.052490,136.523712,22032880.00
10/04/2021,134.513550,134.514049,130.020177,132.595963,31530000,0.00,0.000000,-,116.602300,138.764140,139.515509,136.867628,22011400.00
10/01/2021,132.387292,135.873054,132.211837,135.269867,28388000,0.00,0.000000,-,116.376218,138.844451,140.061197,137.388235,21908360.00
09/30/2021,133.151049,134.404993,131.837632,132.100815,35294000,0.00,0.000000,-,116.137949,138.782319,140.445633,137.883965,21612760.00
09/29/2021,135.911397,136.197676,133.076694,133.345322,26338000,0.00,0.000000,-,115.913614,138.769135,141.068963,138.985056,21201720.00
09/28/2021,137.872916,138.386394,134.514026,134.993805,42190000,0.00,0.000000,-,115.688437,138.701344,141.611233,140.044217,21056640.00
09/27/2021,140.348093,141.254605,139.272085,140.264343,18844000,0.00,0.000000,-,115.453422,138.563955,142.071450,140.760107,20727040.00
09/24/2021,139.714176,141.654572,139.619506,141.386429,14950000,0.00,0.000000,-,115.194234,138.372533,142.222592,140.954790,20647280.00
09/23/2021,140.371861,141.009201,139.863344,140.586975,17272000,0.00,0.000000,-,114.937966,138.147190,142.197314,140.884213,20680000.00
09/22/2021,138.826502,140.346093,138.252809,139.706741,22068000,0.00,0.000000,-,114.685926,137.954013,142.252998,141.190216,20692800.00
09/21/2021,138.892418,139.580943,137.691504,138.426025,18130000,0.00,0.000000,-,114.440396,137.756872,142.325360,141.581268,20583800.00
09/20/2021,137.785379,138.144518,135.855193,137.802032,34918000,0.00,0.000000,-,114.200967,137.576810,142.397375,142.163390,20560080.00
09/17/2021,142.541742,142.988804,139.828663,140.227158,60040000,0.00,0.000000,-,113.964950,137.389610,142.368629,142.734158,20163840.00
09/16/2021,143.852690,143.930994,142.162937,143.111725,20292000,0.00,0.000000,-,113.709411,137.146028,142.143118,143.007301,19358640.00
09/15/2021,142.502591,144.309157,141.012721,143.936935,20648000,0.00,0.000000,-,113.430190,136.862607,141.756355,143.152870,19286400.00
09/14/2021,142.901101,143.462648,141.656581,142.152710,18916000,0.00,0.000000,-,113.154885,136.556605,141.364536,143.178249,19300440.00
09/13/2021,141.949481,142.930819,141.039006,142.211166,20176000,0.00,0.000000,-,112.883108,136.265431,141.141997,143.382793,19345320.00
09/10/2021,144.172370,144.742841,140.502728,140.680664,32896000,0.00,0.000000,-,112.610408,135.926490,140.891258,143.490395,19284200.00
09/09/2021,143.617267,144.396393,143.171702,143.647003,14798000,0.00,0.000000,-,112.336929,135.597292,140.716226,143.510416,19106400.00
09/08/2021,144.122801,144.278926,142.939735,143.617264,15486000,0.00,0.000000,-,112.050435,135.222694,140.358183,143.315781,19229440.00
09/07/2021,143.484462,144.549580,143.277789,144.247238,15170000,0.00,0.000000,-,111.769474,134.864572,140.021800,143.069452,19481920.00
09/03/2021,142.886219,144.106464,142.250830,143.509720,19104000,0.00,0.000000,-,111.481117,134.497329,139.649234,142.631361,19848200.00
09/02/2021,144.673963,145.046185,142.847083,142.958588,21844000,0.00,0.000000,-,111.202238,134.150527,139.265665,142.003099,19844800.00
09/01/2021,144.377090,145.537362,144.341908,144.567413,15824000,0.00,0.000000,-,110.928898,133.798481,138.904896,141.278934,19801800.00
08/31/2021,144.609528,144.835033,143.732752,144.190720,26756000,0.00,0.000000,-,110.646433,133.424924,138.418508,140.359839,19905000.00
08/30/2021,143.439837,145.209240,143.336258,144.198151,16916000,0.00,0.000000,-,110.359116,133.048106,137.963420,139.550822,19895000.00
08/27/2021,140.870489,143.743656,140.778799,143.287186,24562000,0.00,0.000000,-,110.072473,132.653545,137.493563,138.901201,20622800.00
08/26/2021,141.372043,141.883827,140.849656,140.880875,14922000,0.00,0.000000,-,109.787332,132.293132,137.031165,138.292122,20646680.00
08/25/2021,141.634237,142.060487,141.194617,141.700653,12838000,0.00,0.000000,-,109.519826,131.967474,136.754480,137.922037,20874560.00
08/24/2021,140.306453,141.757663,140.118111,141.153976,15126000,0.00,0.000000,-,109.247911,131.632092,136.428926,137.400586,21061440.00
08/23/2021,137.783697,140.934415,137.535338,139.866333,21090000,0.00,0.000000,-,108.979131,131.313967,136.151274,136.974149,21209920.00
08/20/2021,135.884926,137.403051,135.274313,137.227097,15564000,0.00,0.000000,-,108.713260,131.008599,136.079161,136.667107,21292920.00
08/19/2021,134.283572,136.250726,134.173051,135.716934,18296000,0.00,0.000000,-,108.436071,130.763619,136.048382,136.528230,21606320.00
08/18/2021,135.917184,137.085397,135.228765,135.376465,14934000,0.00,0.000000,-,108.160441,130.518907,135.870699,136.530858,21642920.00
08/17/2021,136.983261,137.506162,135.592038,136.100555,21272000,0.00,0.000000,-,107.885270,130.272528,135.673956,136.477177,21845440.00
08/16/2021,136.793940,137.775777,134.975727,137.701935,18040000,0.00,0.000000,-,107.593153,129.995054,135.366715,136.376018,21897000.00
08/13/2021,137.148312,137.462044,136.798899,137.196396,12580000,0.00,0.000000,-,107.280484,129.671348,134.887837,136.085925,22055160.00
08/12/2021,136.509437,137.208278,135.583609,137.180023,14646000,0.00,0.000000,-,106.992062,129.311015,134.562679,135.770207,22170480.00
08/11/2021,137.074464,137.634271,136.149619,136.486145,15204000,0.00,0.000000,-,106.700300,128.967533,134.209641,135.586923,22220720.00
08/10/2021,136.872753,137.340628,136.027211,136.889603,16034000,0.00,0.000000,-,106.424534,128.646384,133.931742,135.457266,22299960.00
08/09/2021,135.752123,137.112625,135.236421,136.795914,12374000,0.00,0.000000,-,106.140389,128.299076,133.579745,135.328400,22461440.00
08/06/2021,135.103812,135.882000,134.857479,135.838333,13560000,0.00,0.000000,-,105.851255,127.944671,133.211095,135.491216,22993200.00
08/05/2021,134.839677,135.753117,134.414924,135.743210,11866000,0.00,0.000000,-,105.557647,127.640166,132.841281,135.568533,23159120.00
08/04/2021,135.058722,135.344699,134.231512,134.839661,16528000,0.00,0.000000,-,105.259230,127.313317,132.456523,135.210539,23298560.00
08/03/2021,134.811407,135.143970,133.010785,135.088959,19064000,0.00,0.000000,-,104.974847,127.002161,132.161574,134.870735,23392880.00
08/02/2021,134.300419,134.831730,133.492539,134.801010,20140000,0.00,0.000000,-,104.685778,126.624986,131.838968,134.357413,23468240.00
07/30/2021,134.326689,134.584759,133.635971,134.039215,23954000,0.00,0.000000,-,104.400367,126.264464,131.478619,133.689749,23542080.00
07/29/2021,135.188684,135.952851,134.948205,135.347183,19284000,0.00,0.000000,-,104.119657,125.872213,131.039862,133.355151,23450000.00
07/28/2021,137.351015,138.455277,135.158356,135.189575,54688000,0.00,0.000000,-,103.831780,125.448568,130.483541,132.832359,23410360.00
07/27/2021,138.787351,138.787351,133.919276,135.600937,42164000,0.00,0.000000,-,103.531327,125.045898,129.969920,132.406218,22713440.00
07/26/2021,137.041759,138.491970,136.447995,138.424072,23052000,0.00,0.000000,-,103.221558,124.629797,129.475430,131.831091,22402640.00
07/23/2021,134.077850,137.595345,133.523246,136.611511,26378000,0.00,0.000000,-,102.891320,124.103517,128.848481,130.930975,22475000.00
07/22/2021,131.490686,132.337726,131.242871,132.163269,13608000,0.00,0.000000,-,102.568446,123.590798,128.326386,130.114029,22646120.00
07/21/2021,129.643977,131.458228,129.460097,131.441620,14742000,0.00,0.000000,-,102.275888,123.236114,127.986037,129.702507,23016160.00
07/20/2021,128.867822,130.847711,128.059353,129.955734,19084000,0.00,0.000000,-,101.980099,122.928477,127.708434,129.452412,23241440.00
07/19/2021,130.009261,130.099953,127.413645,128.124374,25710000,0.00,0.000000,-,101.699587,122.707088,127.478139,129.320523,23325200.00
07/16/2021,130.490526,131.027782,129.678185,130.693237,14856000,0.00,0.000000,-,101.423154,122.505138,127.295425,129.267489,23223360.00
07/15/2021,131.341987,131.436158,129.456618,130.119263,16586000,0.00,0.000000,-,101.133810,122.227416,127.024091,128.724573,23362360.00
07/14/2021,130.748744,131.833676,130.745265,130.928162,17912000,0.00,0.000000,-,100.846144,121.958706,126.748026,128.134724,23733040.00
07/13/2021,129.737651,130.888016,129.495281,129.849670,16618000,0.00,0.000000,-,100.549586,121.714380,126.448194,127.533621,24050560.00
07/12/2021,128.698798,129.627121,128.467348,129.422913,16944000,0.00,0.000000,-,100.254289,121.506443,126.218097,127.119769,24501040.00
07/09/2021,127.817563,128.714653,127.816565,128.442047,15106000,0.00,0.000000,-,99.957885,121.326638,125.976849,126.765987,24953240.00
07/08/2021,127.129150,128.896072,126.920978,128.048050,19780000,0.00,0.000000,-,99.678838,121.116908,125.803652,126.538744,25845680.00
07/07/2021,129.201875,129.498152,128.625944,128.940674,16680000,0.00,0.000000,-,99.393261,120.842903,125.575314,126.269567,26089520.00
07/06/2021,128.318148,128.749359,127.286745,128.636841,21350000,0.00,0.000000,-,99.110365,120.570495,125.281158,125.964455,26172600.00
07/02/2021,125.730965,127.721918,125.661078,127.594032,21160000,0.00,0.000000,-,98.837796,120.292823,124.960659,125.635755,26319000.00
07/01/2021,123.758597,125.357256,123.758597,125.264076,17120000,0.00,0.000000,-,98.576727,119.989041,124.656789,125.323360,26317720.00
06/30/2021,124.555369,124.700543,123.667151,124.220772,24006000,0.00,0.000000,-,98.332399,119.757007,124.352571,125.323609,26453920.00
06/29/2021,125.664545,125.890058,124.340715,124.917137,20950000,0.00,0.000000,-,98.087796,119.546177,124.141829,125.361329,26409280.00
06/28/2021,125.890062,126.224115,124.872832,125.711143,28110000,0.00,0.000000,-,97.840068,119.330112,123.917408,125.362766,26484040.00
06/25/2021,125.847431,126.390639,125.338914,125.885101,33484000,0.00,0.000000,-,97.591170,119.093567,123.608060,125.316425,26373760.00
06/24/2021,125.943106,126.420895,125.850425,126.169609,18934000,0.00,0.000000,-,97.347582,118.852453,123.267588,125.187711,26253520.00
06/23/2021,125.444013,126.679118,125.148613,125.356285,19694000,0.00,0.000000,-,97.096483,118.564194,122.989762,125.068560,26279240.00
06/22/2021,125.344860,126.157693,124.925061,125.889557,20984000,0.00,0.000000,-,96.863986,118.304523,122.691987,124.881062,26351560.00
06/21/2021,124.641083,125.926503,124.040626,125.349838,26256000,0.00,0.000000,-,96.641411,118.021816,122.361601,124.597861,26558240.00
06/18/2021,124.606880,125.284408,123.514014,124.470085,53306000,0.00,0.000000,-,96.442955,117.780722,121.905620,124.285563,26450880.00
06/17/2021,124.425975,126.084849,124.418042,125.266563,25756000,0.00,0.000000,-,96.232154,117.536961,121.520862,123.990217,25928080.00
06/16/2021,125.144148,125.417737,123.064931,124.597969,26316000,0.00,0.000000,-,96.010796,117.261649,120.978866,123.381534,25928920.00
06/15/2021,125.416243,125.753268,124.550373,124.931511,22182000,0.00,0.000000,-,95.795315,116.974995,120.457214,122.922330,25943800.00
06/14/2021,124.571196,125.306708,123.954131,125.247726,22550000,0.00,0.000000,-,95.575669,116.682464,119.963443,122.472050,26366120.00
06/11/2021,125.142666,125.245262,123.822798,124.597969,25240000,0.00,0.000000,-,95.358915,116.296577,119.440850,121.899696,26594720.00
06/10/2021,123.610651,125.060371,123.610152,124.978096,31234000,0.00,0.000000,-,95.134467,115.855168,118.816455,121.347465,26673880.00
06/09/2021,123.882760,124.155358,123.279580,123.481300,20126000,0.00,0.000000,-,94.903156,115.393182,118.116328,120.910964,26463840.00
06/08/2021,122.911339,123.634705,122.333434,123.057549,25060000,0.00,0.000000,-,94.677402,114.961538,117.663718,120.502912,26553240.00
06/07/2021,121.494819,122.321530,120.986945,122.226860,23850000,0.00,0.000000,-,94.454096,114.518146,117.313827,120.125341,26649440.00
06/04/2021,120.067404,121.620657,119.831976,121.516624,25948000,0.00,0.000000,-,94.226463,114.100102,117.146799,119.525677,26740000.00
06/03/2021,118.704424,119.434241,118.100254,119.179733,18346000,0.00,0.000000,-,94.005124,113.696957,116.972313,119.051507,26682640.00
06/02/2021,120.701297,121.032869,119.159388,120.005928,17158000,0.00,0.000000,-,93.785404,113.348380,116.853683,118.576198,26862520.00
06/01/2021,120.041628,120.833203,119.193114,120.428719,19166000,0.00,0.000000,-,93.559012,112.969035,116.687574,117.992099,27301280.00
05/28/2021,120.039637,120.345935,119.332372,119.524185,24108000,0.00,0.000000,-,93.333163,112.585804,116.601730,117.454836,27843920.00
05/27/2021,120.782104,120.933767,119.050371,119.075653,38962000,0.00,0.000000,-,93.108906,112.213744,116.598162,116.982004,27906320.00
05/26/2021,119.587382,121.079680,119.571523,120.613091,21856000,0.00,0.000000,-,92.880373,111.905035,116.666014,116.285445,27646680.00
05/25/2021,119.942505,120.581373,119.099436,119.400780,18838000,0.00,0.000000,-,92.648064,111.567006,116.533135,115.321691,27806200.00
05/24/2021,117.315667,119.867177,116.974180,119.281837,21244000,0.00,0.000000,-,92.421417,111.227420,116.280488,114.824524,27948680.00
05/21/2021,117.265591,117.414773,116.094912,116.230217,22832000,0.00,0.000000,-,92.196755,110.885682,116.082409,114.502313,28214120.00
05/20/2021,115.384686,116.985570,115.040220,116.774925,23832000,0.00,0.000000,-,91.980787,110.657366,116.008560,114.767922,28253120.00
05/19/2021,112.230506,114.825622,112.186892,114.426643,19350000,0.00,0.000000,-,91.759954,110.358937,115.790062,114.893118,28283920.00
05/18/2021,115.824109,116.133583,114.151554,114.164940,17302000,0.00,0.000000,-,91.553212,110.105164,115.751848,115.131168,28575840.00
05/17/2021,114.456867,115.151737,113.747121,115.056084,19842000,0.00,0.000000,-,91.349887,109.828345,115.727563,115.383049,28888760.00
05/14/2021,113.590000,115.042692,113.168220,114.795868,26624000,0.00,0.000000,-,91.154123,109.617336,115.680453,115.748625,29370000.00
05/13/2021,112.066440,112.835213,111.155972,112.110062,26670000,0.00,0.000000,-,90.957323,109.352600,115.634855,116.214320,29684720.00
05/12/2021,112.097167,113.269826,110.528001,110.975555,34934000,0.00,0.000000,-,90.768580,109.119396,115.720822,117.046583,29745000.00
05/11/2021,113.591492,115.085317,113.152362,114.429108,32110000,0.00,0.000000,-,90.592908,108.957583,115.759878,117.744579,29500160.00
05/10/2021,117.706709,117.860852,115.716262,116.059731,26006000,0.00,0.000000,-,90.395427,108.732319,115.657060,117.736452,29419760.00
05/07/2021,118.951233,119.764565,118.455603,118.886307,23272000,0.00,0.000000,-,90.190737,108.430183,115.441784,117.662504,29733040.00
05/06/2021,116.504806,118.094292,116.093334,118.026886,20618000,0.00,0.000000,-,89.985001,108.066063,115.162224,117.249198,29998960.00
05/05/2021,117.386040,118.069021,116.542978,116.807144,21806000,0.00,0.000000,-,89.781066,107.782384,114.874982,116.687005,30085920.00
05/04/2021,117.451476,117.923313,114.574837,116.683746,35120000,0.00,0.000000,-,89.585040,107.499003,114.609671,116.372528,30316760.00
05/03/2021,119.086049,119.927628,118.183007,118.711845,33788000,0.00,0.000000,-,89.377197,107.212162,114.288750,116.072076,30161360.00
04/30/2021,119.173786,120.296388,119.058303,119.452820,39142000,0.00,0.000000,-,89.159821,106.920702,113.868406,115.612280,30068560.00
04/29/2021,119.463236,120.761286,119.064250,120.432686,39554000,0.00,0.000000,-,88.937660,106.630342,113.193432,115.055390,29734360.00
04/28/2021,119.305367,121.547251,117.704733,117.955521,59728000,0.00,0.000000,-,88.712319,106.331397,112.298175,114.395061,29371640.00
04/27/2021,115.779212,115.851073,114.206575,114.347832,31972000,0.00,0.000000,-,88.497074,106.075642,111.494337,113.775176,28630600.00
04/26/2021,114.982727,116.039912,114.680892,115.320251,20834000,0.00,0.000000,-,88.307401,105.874406,110.871900,113.577668,28333440.00
04/23/2021,113.175660,115.274654,112.914958,114.753250,28670000,0.00,0.000000,-,88.105246,105.645574,110.150287,113.221063,28295040.00
04/22/2021,113.659388,114.181390,111.836464,112.404953,21096000,0.00,0.000000,-,87.902211,105.427576,109.478857,113.075250,28175840.00
04/21/2021,113.263889,113.762991,111.941548,113.662376,23930000,0.00,0.000000,-,87.708237,105.244778,108.926577,113.062959,28109880.00
04/20/2021,114.385996,114.470751,112.592808,113.679230,21774000,0.00,0.000000,-,87.510582,105.046149,108.331002,112.846815,28128040.00
04/19/2021,113.597434,114.909368,113.392492,114.113884,24688000,0.00,0.000000,-,87.305160,104.852229,107.698975,112.505423,28306600.00
04/16/2021,114.143630,114.314124,113.224238,113.883919,22596000,0.00,0.000000,-,87.090959,104.614296,107.056638,112.124531,28553760.00
04/15/2021,112.853998,114.321906,112.309800,113.829399,27472000,0.00,0.000000,-,86.871853,104.388596,106.408503,111.331474,29749120.00
04/14/2021,112.763795,112.904053,111.476643,111.756668,20220000,0.00,0.000000,-,86.648401,104.022672,105.899044,110.201288,30109160.00
04/13/2021,112.085283,112.865400,111.818629,112.372749,23310000,0.00,0.000000,-,86.426621,103.672272,105.496791,109.213497,30345640.00
04/12/2021,112.322194,112.771730,110.945084,111.754204,31318000,0.00,0.000000,-,86.221941,103.244513,104.999228,108.166132,30524480.00
04/09/2021,111.848872,113.451744,111.700877,113.295120,20888000,0.00,0.000000,-,86.018034,102.856256,104.521266,107.079510,30607360.00
04/08/2021,112.902564,113.202169,111.897426,112.282036,27166000,0.00,0.000000,-,85.814461,102.405143,104.097229,105.882465,31288920.00
04/07/2021,110.333731,111.764613,110.294080,111.500938,25798000,0.00,0.000000,-,85.612843,102.059987,103.575802,104.790195,31270840.00
04/06/2021,110.153792,110.905171,109.772155,110.265312,27060000,0.00,0.000000,-,85.410141,101.712768,103.087655,103.815190,31525800.00
04/05/2021,106.706198,110.887828,106.640773,110.304962,43298000,0.00,0.000000,-,85.214667,101.391897,102.590589,102.892526,31493440.00
04/01/2021,103.980740,106.210585,103.928202,105.953346,33980000,0.00,0.000000,-,85.022751,101.060519,102.300621,101.988746,31453040.00
03/31/2021,102.056196,103.751598,101.938482,102.527542,29198000,0.00,0.000000,-,84.850512,100.811861,102.080908,101.485532,31769560.00
03/30/2021,101.982348,102.634103,101.308290,101.878761,20732000,0.00,0.000000,-,84.689735,100.536519,101.977024,101.596800,31879440.00
03/29/2021,100.507864,102.022018,99.900222,101.899101,24596000,0.00,0.000000,-,84.530548,100.219960,102.027331,101.780086,32001680.00
03/26/2021,101.052043,101.653241,99.820894,100.887985,29870000,0.00,0.000000,-,84.368946,99.906950,102.090672,101.832323,31981560.00
03/25/2021,101.346964,102.043815,99.657854,101.324661,28378000,0.00,0.000000,-,84.227766,99.628257,102.093918,101.963021,31821800.00
03/24/2021,102.365972,103.002360,101.185629,101.359344,23080000,0.00,0.000000,-,84.082001,99.333049,102.061702,102.311993,31797040.00
03/23/2021,101.688432,102.709527,101.069885,101.750885,27340000,0.00,0.000000,-,83.933696,99.057142,102.185881,102.361408,31819320.00
03/22/2021,101.199759,102.000197,100.418145,101.038673,39096000,0.00,0.000000,-,83.781396,98.813540,102.230241,102.360120,32092760.00
03/19/2021,101.210158,101.757828,100.002309,101.267159,46298000,0.00,0.000000,-,83.626162,98.564396,102.295391,102.288651,32216840.00
03/18/2021,102.149389,102.868051,100.788879,100.921211,27228000,0.00,0.000000,-,83.475783,98.259177,102.438976,102.612496,32331720.00
03/17/2021,102.894295,104.567047,101.802420,103.640221,25980000,0.00,0.000000,-,83.327837,97.966458,102.639656,102.676284,32245280.00
03/16/2021,103.041030,105.250055,102.595458,103.711617,29832000,0.00,0.000000,-,83.164463,97.606789,102.731918,102.357249,32486440.00
03/15/2021,102.213798,102.449717,101.282511,102.421471,25962000,0.00,0.000000,-,83.000013,97.269126,102.804726,102.274576,32294560.00
03/12/2021,103.338883,103.599585,101.482750,102.194969,34516000,0.00,0.000000,-,82.838992,96.945014,102.897954,102.349020,32297760.00
03/11/2021,102.796674,105.356109,102.713409,104.814384,24782000,0.00,0.000000,-,82.679380,96.644464,102.982138,102.224815,32127200.00
03/10/2021,102.682677,102.843263,100.779958,101.853493,25372000,0.00,0.000000,-,82.506467,96.308744,102.934086,101.811410,32188760.00
03/09/2021,102.595445,102.993932,101.496635,101.738007,33946000,0.00,0.000000,-,82.346723,95.995327,103.004663,102.010355,31820040.00
03/08/2021,104.138352,105.510251,100.197095,100.323982,32948000,0.00,0.000000,-,82.185668,95.677807,103.104310,102.100361,31554640.00
03/05/2021,102.750082,104.979926,101.426501,104.505608,43904000,0.00,0.000000,-,82.032654,95.379764,103.287271,102.302132,31270360.00
03/04/2021,100.284333,103.549045,100.130682,101.559090,42360000,0.00,0.000000,-,81.850496,95.013820,103.172855,102.265455,31123640.00
03/03/2021,102.457163,103.513259,99.621667,100.449867,29684000,0.00,0.000000,-,81.685662,94.698520,103.224846,102.603028,31883000.00
03/02/2021,102.902237,104.298919,102.657893,102.884888,22692000,0.00,0.000000,-,81.523710,94.422147,102.979012,103.106587,31939200.00
03/01/2021,101.927333,103.414223,101.410890,103.165916,28090000,0.00,0.000000,-,81.345355,94.112041,102.546600,103.334875,32090760.00
02/26/2021,101.629948,102.645493,99.922007,100.952919,41670000,0.00,0.000000,-,81.163910,93.801043,101.937545,103.446888,32121880.00
02/25/2021,102.469054,103.828574,100.181227,100.680328,36568000,0.00,0.000000,-,81.000074,93.526663,101.506966,103.739460,31928560.00
02/24/2021,101.199250,104.120992,101.015870,103.842941,24966000,0.00,0.000000,-,80.844422,93.279254,101.009924,104.056762,31685480.00
02/23/2021,100.365609,103.190700,99.226150,102.638069,33348000,0.00,0.000000,-,80.669266,92.962209,100.568987,103.998972,31731280.00
02/22/2021,102.446759,103.657088,102.205886,102.341690,27350000,0.00,0.000000,-,80.496217,92.677985,100.144084,104.108259,31667360.00
02/19/2021,105.037419,105.595495,103.953969,104.138840,29148000,0.00,0.000000,-,80.318390,92.433807,99.738088,104.272411,31558880.00
02/18/2021,104.597298,105.704782,104.266217,104.934822,22432000,0.00,0.000000,-,80.132521,92.154609,99.217949,104.080254,31504280.00
02/17/2021,104.082333,105.750622,104.028804,105.485458,21418000,0.00,0.000000,-,79.936648,91.867926,98.647231,103.846664,31606920.00
02/16/2021,104.298436,106.693322,104.298436,105.167770,22676000,0.00,0.000000,-,79.736487,91.569021,97.810979,102.851437,31669480.00
02/12/2021,103.599097,104.519487,103.246213,104.286041,17114000,0.00,0.000000,-,79.544867,91.277640,96.855132,101.758324,31704760.00
02/11/2021,104.058057,104.182955,102.958249,103.878639,18914000,0.00,0.000000,-,79.355876,90.974305,95.953259,100.428201,32057240.00
02/10/2021,103.795364,104.497177,102.252964,103.853348,22710000,0.00,0.000000,-,79.142204,90.642084,95.106994,99.274473,32408480.00
02/09/2021,103.018720,104.336599,103.018720,103.265045,17798000,0.00,0.000000,-,78.939120,90.342535,94.242541,97.963086,32308240.00
02/08/2021,104.375255,105.249399,102.694570,103.730934,24838000,0.00,0.000000,-,78.739827,90.033182,93.457487,97.139002,32370600.00
02/05/2021,102.595442,104.206739,102.066604,103.983208,30702000,0.00,0.000000,-,78.537461,89.711984,92.749479,96.179909,32505040.00
02/04/2021,102.540432,103.019205,101.236923,102.217278,37046000,0.00,0.000000,-,78.330588,89.352018,91.979394,95.203766,32755640.00
02/03/2021,102.744134,104.900121,100.037000,102.598915,82364000,0.00,0.000000,-,78.120929,89.034636,91.168840,94.355643,32940120.00
02/02/2021,95.287853,96.933349,94.887884,95.533195,45474000,0.00,0.000000,-,77.921819,88.731162,90.353157,93.447797,31792800.00
02/01/2021,91.868513,95.279539,91.737670,94.236633,32044000,0.00,0.000000,-,77.762162,88.552012,89.859336,92.770522,31352720.00
01/29/2021,91.501759,92.052401,89.718978,90.984818,32252000,0.00,0.000000,-,77.604086,88.421959,89.488928,91.951940,31170680.00
01/28/2021,91.391228,94.111741,91.326801,92.341354,35462000,0.00,0.000000,-,77.462021,88.368074,89.250480,91.478316,31024360.00
01/27/2021,93.303875,93.674108,89.659500,90.739479,54966000,0.00,0.000000,-,77.314848,88.282736,88.991786,90.939516,30915080.00
01/26/2021,93.616620,95.408818,93.388876,95.024208,26262000,0.00,0.000000,-,77.162881,88.202493,88.856231,90.521996,30314760.00
01/25/2021,95.194204,95.635806,92.560428,94.139999,38546000,0.00,0.000000,-,76.987975,88.039401,88.414153,89.775972,30295120.00
01/22/2021,93.955624,94.712455,93.265708,94.221779,25442000,0.00,0.000000,-,76.817201,87.881781,88.000252,89.319049,30578640.00
01/21/2021,94.070605,95.897493,93.530862,93.736053,41278000,0.00,0.000000,-,76.640127,87.744937,87.560256,88.755022,30977120.00
01/20/2021,90.772678,94.353609,90.478768,93.520454,49806000,0.00,0.000000,-,76.465584,87.616569,87.183875,87.982037,30815920.00
01/19/2021,86.846812,89.673144,86.312022,88.760437,34692000,0.00,0.000000,-,76.270053,87.494119,86.797556,87.258516,30646120.00
01/15/2021,86.149944,87.032664,85.325215,86.050819,26844000,0.00,0.000000,-,76.104011,87.452753,86.691094,86.948151,31380640.00
01/14/2021,86.914697,87.974854,85.912532,86.248573,23590000,0.00,0.000000,-,75.947747,87.367524,86.757534,87.025916,31508440.00
01/13/2021,86.169267,87.480452,86.141012,86.953354,21882000,0.00,0.000000,-,75.804666,87.254372,86.825906,87.022645,32050800.00
01/12/2021,86.929557,88.125018,85.511563,86.564278,27140000,0.00,0.000000,-,75.654098,87.122148,86.839932,87.044057,33344800.00
01/11/2021,88.523016,88.931667,87.256684,87.563972,24194000,0.00,0.000000,-,75.496527,86.944405,86.927213,87.190466,33603240.00
01/08/2021,88.617679,89.701121,87.901739,89.570770,41012000,0.00,0.000000,-,75.346607,86.696491,86.948549,87.052335,33852960.00
01/07/2021,86.242629,88.638505,86.093447,88.581512,45300000,0.00,0.000000,-,75.171967,86.495315,86.891353,86.681455,33524320.00
01/06/2021,84.387472,86.636147,84.207555,86.006203,52042000,0.00,0.000000,-,75.010195,86.300234,86.968919,86.365490,33359640.00
01/05/2021,85.496199,86.619792,85.150001,86.285240,22906000,0.00,0.000000,-,74.842011,86.206769,87.177554,86.385712,32869120.00
01/04/2021,87.108984,87.263128,84.646201,85.656792,38038000,0.00,0.000000,-,74.676322,86.082276,87.393327,86.336597,32984440.00
12/31/2020,86.012655,87.177881,86.012655,86.828461,20238000,0.00,0.000000,-,74.524423,85.948526,87.637498,86.434037,33251000.00
12/30/2020,87.330543,87.483446,85.525950,86.215866,26122000,0.00,0.000000,-,74.362085,85.754288,87.826011,86.489153,33742920.00
12/29/2020,88.608276,88.838742,87.037122,87.167473,25988000,0.00,0.000000,-,74.208509,85.551169,87.971181,86.629167,33863320.00
12/28/2020,86.816312,88.753880,86.553629,88.028374,27860000,0.00,0.000000,-,74.041385,85.367082,87.976186,86.635808,33917440.00
12/24/2020,85.991840,86.537037,85.699912,86.182655,6936000,0.00,0.000000,-,73.903510,85.152018,88.018563,86.663960,33976240.00
12/23/2020,85.650342,86.635650,85.498180,85.861977,20676000,0.00,0.000000,-,73.748888,84.982740,88.099302,86.844763,34609240.00
12/22/2020,85.963577,86.111027,84.880384,85.421860,18734000,0.00,0.000000,-,73.620775,84.823445,88.189754,87.101251,34836120.00
12/21/2020,84.926728,86.281786,84.207567,86.208427,36568000,0.00,0.000000,-,73.510966,84.670444,88.217906,87.572347,35454480.00
12/18/2020,86.942458,86.988553,85.259300,85.794083,80328000,0.00,0.000000,-,73.381158,84.448253,88.224894,87.969396,35297240.00
12/17/2020,87.652691,87.814964,86.173235,86.631195,32494000,0.00,0.000000,-,73.273953,84.205315,88.306451,88.450057,34165800.00
12/16/2020,87.869294,87.875246,87.036639,87.379616,30270000,0.00,0.000000,-,73.167675,83.920219,88.303675,88.840960,34214400.00
12/15/2020,87.449981,87.796920,86.732801,87.616013,29646000,0.00,0.000000,-,73.074378,83.613364,88.321393,89.162870,34107160.00
12/14/2020,87.974352,89.084067,87.092872,87.233879,32004000,0.00,0.000000,-,72.968714,83.334076,88.355120,89.313194,33959560.00
12/11/2020,87.382566,88.442722,87.230903,88.309891,24414000,0.00,0.000000,-,72.876787,83.035073,88.397150,89.316565,33833120.00
12/10/2020,87.716604,88.287075,86.255488,87.990692,27256000,0.00,0.000000,-,72.767144,82.745942,88.318023,89.373167,34056640.00
12/09/2020,89.808679,90.911950,87.617994,88.426857,30152000,0.00,0.000000,-,72.653833,82.442885,88.261968,89.353840,34192160.00
12/08/2020,89.714012,90.298860,89.025336,90.132820,21926000,0.00,0.000000,-,72.556950,82.130836,88.153574,89.278258,33980400.00
12/07/2020,90.155125,90.817785,89.499906,90.178917,26418000,0.00,0.000000,-,72.450365,81.779900,88.015913,88.863464,34345040.00
12/04/2020,90.428709,90.856933,90.055504,90.600693,27564000,0.00,0.000000,-,72.351761,81.408654,87.872850,88.480392,34345880.00
12/03/2020,90.403428,91.552794,90.336021,90.540222,24546000,0.00,0.000000,-,72.266791,81.012447,87.712712,88.162844,34374680.00
12/02/2020,89.119260,90.980354,88.691680,90.598717,24440000,0.00,0.000000,-,72.190310,80.604484,87.520309,87.766389,34546720.00
12/01/2020,87.943124,90.444076,87.695309,89.119255,34738000,0.00,0.000000,-,72.115653,80.245162,87.079842,87.479916,34691200.00
11/30/2020,88.280846,88.621894,86.983092,87.267586,36476000,0.00,0.000000,-,72.046654,79.881429,86.653427,87.397047,35151960.00
11/27/2020,87.879702,89.411689,87.847484,88.875916,17698000,0.00,0.000000,-,71.987179,79.583307,86.307155,87.477736,35664000.00
11/25/2020,87.869777,88.149809,87.059424,87.797417,20916000,0.00,0.000000,-,71.918155,79.288249,85.747216,87.262878,36061960.00
11/24/2020,85.768808,87.805849,85.629533,87.671036,31560000,0.00,0.000000,-,71.855418,79.039908,85.115759,87.170096,36168320.00
11/23/2020,86.715452,86.928569,85.135381,85.984886,43232000,0.00,0.000000,-,71.790963,78.814456,84.707805,87.028889,36069560.00
11/20/2020,87.489140,87.924798,86.331847,86.348198,46270000,0.00,0.000000,-,71.734913,78.600760,84.349935,87.168362,35883560.00
11/19/2020,86.159369,87.706232,86.091221,87.425209,24998000,0.00,0.000000,-,71.669747,78.381226,84.099171,87.265308,35597000.00
11/18/2020,87.490114,87.898516,86.543958,86.575676,23470000,0.00,0.000000,-,71.598453,78.151352,83.730942,87.262580,35744480.00
11/17/2020,88.070512,88.469989,87.577854,87.733978,22942000,0.00,0.000000,-,71.524468,77.963192,83.350621,87.274228,35984960.00
11/16/2020,87.810794,89.167334,87.612046,88.290565,24936000,0.00,0.000000,-,71.444404,77.727509,82.819751,86.679768,36570480.00
11/13/2020,87.113453,88.273725,86.465170,88.074478,29998000,0.00,0.000000,-,71.371190,77.538833,82.208218,85.909807,37115200.00
11/12/2020,86.617810,87.640788,86.517196,86.727341,24950000,0.00,0.000000,-,71.286241,77.404834,81.702650,85.136574,37758360.00
11/11/2020,86.735277,87.440062,86.604676,86.869591,25280000,0.00,0.000000,-,71.213383,77.383463,81.230042,84.231554,38263840.00
11/10/2020,85.798032,87.379593,85.114559,86.258972,52722000,0.00,0.000000,-,71.140506,77.292267,80.772502,83.061421,38488360.00
11/09/2020,88.762421,90.108554,87.231916,87.379616,45366000,0.00,0.000000,-,71.069177,77.186986,80.354413,82.386720,38163280.00
11/06/2020,86.931059,87.846979,86.257002,87.317650,33218000,0.00,0.000000,-,70.987621,77.069432,79.874022,81.531508,37855560.00
11/05/2020,88.271730,88.898203,86.760548,87.397934,41316000,0.00,0.000000,-,70.914506,76.943125,79.263084,80.933035,37935840.00
11/04/2020,84.766634,87.794193,84.555989,86.692154,71418000,0.00,0.000000,-,70.845930,76.833105,78.575546,80.199304,38706880.00
11/03/2020,80.875935,82.358863,80.124564,81.789383,33234000,0.00,0.000000,-,70.780711,76.693427,77.859758,79.427014,38177360.00
11/02/2020,80.696518,82.312769,80.095320,80.590950,50708000,0.00,0.000000,-,70.739620,76.631959,77.372132,78.959734,38076640.00
10/30/2020,82.874818,83.612811,79.521880,80.342148,86582000,0.00,0.000000,-,70.703529,76.586748,77.025167,78.506630,37641080.00
10/29/2020,75.452748,78.989074,75.446804,77.677139,40062000,0.00,0.000000,-,70.661571,76.547831,76.622245,78.268727,36592200.00
10/28/2020,77.305422,77.385216,75.069142,75.168266,36680000,0.00,0.000000,-,70.629841,76.528293,76.431055,78.228531,36455200.00
10/27/2020,79.086220,79.640083,78.447352,79.511963,24580000,0.00,0.000000,-,70.608593,76.569907,76.314533,78.483582,36532440.00
10/26/2020,80.540394,81.196112,78.136086,78.827492,37066000,0.00,0.000000,-,70.567696,76.484381,75.980157,78.322105,36592160.00
10/23/2020,80.592942,81.400323,80.317372,81.332924,27516000,0.00,0.000000,-,70.527867,76.402384,75.668084,78.216537,36392760.00
10/22/2020,78.956353,80.390713,78.557375,80.060623,28672000,0.00,0.000000,-,70.473058,76.280904,75.182267,77.593132,36424520.00
10/21/2020,77.978984,80.229149,77.894728,78.969254,51366000,0.00,0.000000,-,70.420767,76.173145,74.718753,76.951788,36425880.00
10/20/2020,75.685205,78.185658,75.616807,77.116585,44834000,0.00,0.000000,-,70.371211,76.061142,74.277394,76.292501,35980320.00
10/19/2020,78.332374,78.713512,75.732297,76.059906,32142000,0.00,0.000000,-,70.331134,76.001835,74.053196,75.784531,35599360.00
10/16/2020,77.608254,78.365577,77.466998,77.963120,28694000,0.00,0.000000,-,70.288027,75.962066,73.796831,75.543704,35587640.00
10/15/2020,76.681413,78.066948,76.576344,77.275177,30800000,0.00,0.000000,-,70.237066,75.889793,73.516750,74.975763,35811920.00
10/14/2020,78.239685,78.690416,76.848947,77.718781,38586000,0.00,0.000000,-,70.182024,75.805020,73.359140,74.633580,35987720.00
10/13/2020,78.494429,78.805189,77.476904,77.897194,32020000,0.00,0.000000,-,70.124546,75.702811,73.242221,74.145484,35977400.00
10/12/2020,76.475737,78.996511,75.958795,77.771805,49652000,0.00,0.000000,-,70.070079,75.606431,73.167283,73.638208,36269080.00
10/09/2020,74.081843,75.163304,73.821640,75.098877,28706000,0.00,0.000000,-,70.018347,75.520995,73.043697,73.119630,36652000.00
10/08/2020,72.614286,73.848899,72.614286,73.647179,23756000,0.00,0.000000,-,69.975807,75.537083,73.057327,72.771401,36746440.00
10/07/2020,72.574638,72.806095,71.172502,72.376389,34924000,0.00,0.000000,-,69.941834,75.572857,73.171545,72.485719,36713920.00
10/06/2020,73.134208,73.688321,71.796500,72.036880,24908000,0.00,0.000000,-,69.914401,75.612557,73.411107,72.262287,36696320.00
10/05/2020,72.669797,73.760182,72.573645,73.651642,22266000,0.00,0.000000,-,69.890264,75.688646,73.606757,72.321862,36696560.00
10/02/2020,72.462633,73.511884,71.911984,72.283707,25682000,0.00,0.000000,-,69.857205,75.714270,73.867012,72.049958,36868840.00
10/01/2020,73.564891,74.296939,73.314103,73.853348,35590000,0.00,0.000000,-,69.831606,75.771029,74.321554,72.057738,37006240.00
09/30/2020,72.699039,73.836517,72.356069,72.837822,34032000,0.00,0.000000,-,69.799658,75.848744,74.911825,72.084701,36667240.00
09/29/2020,72.876971,73.187881,72.302779,72.824432,19564000,0.00,0.000000,-,69.769481,75.936787,75.385424,72.338958,36473080.00
09/28/2020,73.066299,73.194661,71.831731,72.586029,40158000,0.00,0.000000,-,69.739976,76.032335,75.793947,72.696358,36704720.00
09/25/2020,71.005472,71.866381,70.049401,71.616585,26460000,0.00,0.000000,-,69.710362,76.082919,76.239742,72.967764,36484240.00
09/24/2020,69.934895,71.554564,69.876413,70.790352,29004000,0.00,0.000000,-,69.685507,76.155320,76.709028,73.343253,36562760.00
09/23/2020,72.301540,72.409581,69.769860,70.142075,33148000,0.00,0.000000,-,69.664509,76.239924,77.264357,73.857372,36626960.00
09/22/2020,71.870844,72.833851,71.099644,72.632629,31664000,0.00,0.000000,-,69.646025,76.344373,77.742666,74.559927,36598000.00
09/21/2020,71.373712,71.785086,69.712857,70.932602,57776000,0.00,0.000000,-,69.611992,76.389852,78.046834,74.891651,36703280.00
09/18/2020,74.245890,74.493358,71.228495,72.361504,62078000,0.00,0.000000,-,69.584579,76.499466,78.416724,75.684065,36290280.00
09/17/2020,74.146279,74.755804,72.857637,74.122978,37596000,0.00,0.000000,-,69.543761,76.550020,78.718464,76.585370,35618040.00
09/16/2020,77.097259,77.417434,75.326865,75.380394,26234000,0.00,0.000000,-,69.492808,76.550486,78.847328,77.738950,35366000.00
09/15/2020,76.128811,77.297009,75.922379,76.398430,26622000,0.00,0.000000,-,69.439295,76.515078,78.940754,78.431890,35424600.00
09/14/2020,76.277727,77.516553,75.124647,75.300095,33932000,0.00,0.000000,-,69.382682,76.469738,78.882616,78.891537,35517760.00
09/11/2020,76.128798,78.071667,74.213676,75.371475,31942000,0.00,0.000000,-,69.331699,76.415635,78.853993,79.511719,35582760.00
09/10/2020,77.350027,78.511834,75.623504,75.931534,32372000,0.00,0.000000,-,69.278659,76.333677,78.848368,80.074803,35654000.00
09/09/2020,77.195887,77.764369,76.131322,77.167633,35494000,0.00,0.000000,-,69.220006,76.216302,78.785423,80.671343,35823520.00
09/08/2020,76.005378,77.509866,75.732779,75.949867,52218000,0.00,0.000000,-,69.156662,76.055728,78.595498,80.925404,35837720.00
09/04/2020,80.503222,81.536614,76.704371,78.856743,52172000,0.00,0.000000,-,69.099828,75.884745,78.505566,81.202017,36500440.00
09/03/2020,84.738590,84.738590,80.047248,81.374550,62156000,0.00,0.000000,-,69.031535,75.736344,78.266300,81.149382,35949200.00
09/02/2020,82.957343,85.901629,82.588343,85.658775,50224000,0.00,0.000000,-,68.951952,75.528308,77.915047,80.851557,35408480.00
09/01/2020,81.116319,82.558605,80.897749,82.309799,36506000,0.00,0.000000,-,68.854459,75.266744,77.283935,79.955706,34975920.00
08/31/2020,81.674406,81.678119,80.803090,80.994896,36468000,0.00,0.000000,-,68.767909,75.059719,76.798862,79.449619,34862760.00
08/28/2020,80.960689,81.638709,80.824886,81.501915,29980000,0.00,0.000000,-,68.684599,74.859028,76.403027,78.873695,35396560.00
08/27/2020,81.961362,82.026787,80.577068,81.002319,37232000,0.00,0.000000,-,68.598951,74.652400,76.002930,78.196268,35429720.00
08/26/2020,79.697326,82.235941,79.479248,81.896935,79868000,0.00,0.000000,-,68.515899,74.470792,75.747978,77.621932,35304920.00
08/25/2020,78.412169,79.876757,78.412169,79.708244,44942000,0.00,0.000000,-,68.431391,74.262964,75.424926,76.899503,34391240.00
08/24/2020,79.002464,80.003148,78.337830,78.715996,28198000,0.00,0.000000,-,68.357205,74.076240,75.157582,76.265591,34093960.00
08/21/2020,78.162370,79.187829,77.715066,78.330391,28930000,0.00,0.000000,-,68.283753,73.902750,75.013849,75.809114,34308560.00
08/20/2020,76.498037,78.600502,76.237834,78.396301,34138000,0.00,0.000000,-,68.212285,73.727713,74.843971,75.383218,34526480.00
08/19/2020,76.986732,77.996332,76.522828,76.700264,33212000,0.00,0.000000,-,68.140325,73.612826,74.680239,74.978536,34453800.00
08/18/2020,75.642089,77.440730,75.519671,77.248924,40542000,0.00,0.000000,-,68.072476,73.522254,74.732181,74.612164,34353240.00
08/17/2020,75.071606,75.613830,74.739535,75.235664,27566000,0.00,0.000000,-,67.998505,73.411243,74.731735,74.148105,34104080.00
08/14/2020,75.120673,75.429950,74.487257,74.727638,27096000,0.00,0.000000,-,67.934894,73.332349,74.850042,73.932359,34246720.00
08/13/2020,74.857006,76.190752,74.741281,75.258965,29104000,0.00,0.000000,-,67.874152,73.237634,74.869422,73.809592,34298520.00
08/12/2020,73.629830,74.958418,73.613472,74.672638,28740000,0.00,0.000000,-,67.817538,73.156282,74.868306,73.874023,34218920.00
08/11/2020,73.969832,74.840157,73.254142,73.369125,29088000,0.00,0.000000,-,67.757693,73.089471,74.885702,73.950349,34155360.00
08/10/2020,73.709129,74.546495,73.010288,74.151230,25786000,0.00,0.000000,-,67.703340,73.041395,74.985472,74.049574,34060440.00
08/07/2020,74.344524,75.179410,73.434547,74.071434,31556000,0.00,0.000000,-,67.644615,72.974802,75.023240,74.218584,34273080.00
08/06/2020,72.944372,74.462981,72.659387,74.349480,39908000,0.00,0.000000,-,67.582243,72.897721,75.140332,74.304724,34318840.00
08/05/2020,72.822928,73.472702,72.533481,73.036545,39590000,0.00,0.000000,-,67.519310,72.816180,75.167319,74.381943,34195000.00
08/04/2020,73.183263,73.628835,72.295097,72.608330,38070000,0.00,0.000000,-,67.462779,72.760085,75.222805,74.852198,34227440.00
08/03/2020,73.682372,73.872196,72.641545,73.078201,46604000,0.00,0.000000,-,67.410267,72.706012,75.272889,75.315366,33989800.00
07/31/2020,74.592835,74.788112,72.066109,73.499969,68798000,0.00,0.000000,-,67.353068,72.634988,75.325549,75.767726,33611720.00
07/30/2020,74.195833,76.221476,73.958923,75.903282,33428000,0.00,0.000000,-,67.293605,72.559414,75.280298,75.929252,32897920.00
07/29/2020,74.657762,75.893465,74.410439,75.435898,22130000,0.00,0.000000,-,67.215714,72.402830,75.048814,75.862589,32741600.00
07/28/2020,75.592524,75.656950,74.228550,74.361374,34044000,0.00,0.000000,-,67.139742,72.265957,74.780158,75.821055,33027960.00
07/27/2020,75.117701,76.375115,75.098370,75.841324,24920000,0.00,0.000000,-,67.067462,72.139918,74.519035,75.921370,33030160.00
07/24/2020,74.291497,75.218618,73.769594,74.932838,30880000,0.00,0.000000,-,66.986205,71.967369,74.097006,75.827895,33173000.00
07/23/2020,77.663759,77.906613,74.710889,75.121666,32552000,0.00,0.000000,-,66.906226,71.806250,73.922197,75.975939,33280440.00
07/22/2020,77.343091,77.813938,76.629382,77.739098,18640000,0.00,0.000000,-,66.829899,71.667533,73.714752,75.952695,33185640.00
07/21/2020,78.656026,78.656026,77.034814,77.240005,24324000,0.00,0.000000,-,66.740812,71.503747,73.456826,75.593412,33377680.00
07/20/2020,75.100854,77.828310,74.522949,77.601807,31146000,0.00,0.000000,-,66.648974,71.335183,73.192753,75.230412,33445960.00
07/17/2020,75.416079,75.506280,74.266214,75.115227,29134000,0.00,0.000000,-,66.552551,71.143711,72.860681,74.883372,33382080.00
07/16/2020,74.344520,75.270855,73.666001,75.236656,30386000,0.00,0.000000,-,66.475617,70.976932,72.663445,74.631345,33285560.00
07/15/2020,75.490909,76.095578,74.245390,75.020554,32214000,0.00,0.000000,-,66.401521,70.811500,72.497707,74.235038,33338440.00
07/14/2020,73.864256,75.481989,73.526732,75.364525,31700000,0.00,0.000000,-,66.330014,70.626293,72.321957,73.739261,33295760.00
07/13/2020,76.822683,78.167425,74.604395,74.906578,36928000,0.00,0.000000,-,66.260826,70.428071,72.072334,73.116699,33490760.00
07/10/2020,74.649334,76.516863,74.173034,76.413277,37126000,0.00,0.000000,-,66.195200,70.266813,71.829078,72.366117,33819760.00
07/09/2020,74.664208,75.470597,73.753982,74.889221,28466000,0.00,0.000000,-,66.115160,70.068303,71.487342,71.868456,34594680.00
07/08/2020,74.063005,74.635949,73.632301,74.146271,24994000,0.00,0.000000,-,66.046526,69.793407,71.375479,71.476810,35205880.00
07/07/2020,73.848899,75.177185,73.529216,73.610008,29164000,0.00,0.000000,-,65.980589,69.575210,71.276749,71.320239,35346240.00
07/06/2020,73.356238,74.671145,72.999384,74.131409,31280000,0.00,0.000000,-,65.919510,69.371140,71.181166,71.155094,35418800.00
07/02/2020,71.714708,73.499471,71.688934,72.594948,37182000,0.00,0.000000,-,65.854263,69.153667,71.039144,70.837989,35419680.00
07/01/2020,69.938363,71.519424,69.874919,71.273590,35504000,0.00,0.000000,-,65.795890,68.953938,70.908991,70.695545,35513000.00
06/30/2020,68.914414,70.312586,68.593240,70.062782,40848000,0.00,0.000000,-,65.744657,68.734176,70.904879,70.760375,35664120.00
06/29/2020,67.315485,69.170135,66.761871,69.138908,36204000,0.00,0.000000,-,65.701525,68.588460,70.968344,70.904654,35525360.00
06/26/2020,70.944018,71.046115,67.008713,67.400757,85354000,0.00,0.000000,-,65.661696,68.477717,71.059665,71.027968,35580880.00
06/25/2020,70.870160,71.514474,70.379484,71.436661,24610000,0.00,0.000000,-,65.627069,68.382130,71.230706,71.292038,34881040.00
06/24/2020,72.436852,73.126277,70.862733,70.972763,35120000,0.00,0.000000,-,65.568751,68.204833,71.169744,71.106228,35057520.00
06/23/2020,72.145899,73.152081,71.630447,72.580566,28596000,0.00,0.000000,-,65.512358,68.043515,71.134727,71.274148,35343280.00
06/22/2020,70.825541,72.002663,70.538574,71.958557,30848000,0.00,0.000000,-,65.448055,67.798823,71.017287,71.233258,35467280.00
06/19/2020,71.568990,71.757332,70.446388,70.960358,63158000,0.00,0.000000,-,65.388460,67.560514,70.914593,71.207239,35720480.00
06/18/2020,71.824745,71.936265,70.726926,71.170509,31638000,0.00,0.000000,-,65.326430,67.341009,70.842925,71.240298,35247360.00
06/17/2020,71.725623,72.362010,70.943517,71.921890,30992000,0.00,0.000000,-,65.260122,67.093740,70.770464,71.122437,35569520.00
06/16/2020,71.629477,72.115193,70.671916,71.505569,34184000,0.00,0.000000,-,65.194941,66.831849,70.578073,71.049382,36015560.00
06/15/2020,68.932242,70.617382,68.789504,70.372047,30078000,0.00,0.000000,-,65.133020,66.490022,70.432407,71.032034,36257240.00
06/12/2020,70.800271,71.222051,68.695333,70.041458,38928000,0.00,0.000000,-,65.071356,66.193625,70.316776,71.091361,36441640.00
06/11/2020,71.493674,72.088180,69.487361,69.578560,39826000,0.00,0.000000,-,65.010557,65.888753,70.175398,71.169374,36600760.00
06/10/2020,72.339214,73.068736,72.177145,72.651962,30504000,0.00,0.000000,-,64.952333,65.649830,70.040314,71.233260,36798800.00
06/09/2020,71.636388,72.758498,71.529829,72.171669,28184000,0.00,0.000000,-,64.874380,65.333587,69.817007,70.995306,37218360.00
06/08/2020,70.495469,71.766761,70.495469,71.698364,28084000,0.00,0.000000,-,64.808305,64.991157,69.685913,70.801317,37938080.00
06/05/2020,70.040974,71.621044,69.685609,71.290955,34698000,0.00,0.000000,-,64.745023,64.708787,69.541585,70.621947,38805080.00
06/04/2020,70.894931,71.319192,69.622656,69.991898,29686000,0.00,0.000000,-,64.681657,64.375822,69.378448,70.445552,39743720.00
06/03/2020,71.286499,71.695491,70.864076,71.191338,25124000,0.00,0.000000,-,64.628691,64.100529,69.217666,70.418491,40487800.00
06/02/2020,70.902371,71.351415,70.321494,71.332085,25562000,0.00,0.000000,-,64.564562,63.724088,69.006353,70.106764,41602960.00
06/01/2020,70.299692,71.269641,70.280362,70.965324,24342000,0.00,0.000000,-,64.497166,63.360395,68.727758,69.832780,42532440.00
05/29/2020,70.227823,71.002494,70.049895,70.821587,36418000,0.00,0.000000,-,64.430868,63.046631,68.452163,69.542191,43506040.00
05/28/2020,69.232598,71.412377,69.189974,70.217415,33844000,0.00,0.000000,-,64.373461,62.717413,68.253267,69.181422,44471040.00
05/27/2020,70.243185,70.465718,68.956525,70.272423,33716000,0.00,0.000000,-,64.313485,62.423079,68.066786,68.847368,45338760.00
05/26/2020,71.235437,71.420307,69.989419,70.231781,41212000,0.00,0.000000,-,64.256530,62.092483,67.610385,68.638708,46365400.00
05/22/2020,69.225161,70.020645,68.983290,69.904671,26188000,0.00,0.000000,-,64.203939,61.896918,67.260619,68.570509,47021200.00
05/21/2020,69.784730,70.155954,69.063587,69.527000,27700000,0.00,0.000000,-,64.145348,61.603990,66.935709,68.461222,48188120.00
05/20/2020,68.871778,69.904679,68.756303,69.721291,33108000,0.00,0.000000,-,64.087644,61.418238,66.622247,68.311343,48677520.00
05/19/2020,68.743767,68.991726,68.074066,68.074066,25612000,0.00,0.000000,-,64.024600,61.293012,66.266608,68.016840,49059920.00
05/18/2020,67.492439,69.007826,67.120716,68.592239,36448000,0.00,0.000000,-,63.980118,61.136467,65.877179,67.905941,49893840.00
05/15/2020,66.910067,68.123368,66.364870,68.059433,34154000,0.00,0.000000,-,63.936768,61.051685,65.586417,67.622737,50229120.00
05/14/2020,66.167619,67.277833,65.616977,67.213898,32062000,0.00,0.000000,-,63.897982,60.998008,65.363533,67.362135,50570560.00
05/13/2020,68.250765,68.668681,65.839522,66.876877,36252000,0.00,0.000000,-,63.865521,61.028132,65.133907,67.325112,50694640.00
05/12/2020,69.741109,70.131663,68.137745,68.185822,27812000,0.00,0.000000,-,63.838281,61.020262,64.918655,67.286205,50930520.00
05/11/2020,68.311705,70.207488,68.255794,69.549789,28242000,0.00,0.000000,-,63.807223,61.033515,64.654707,66.582063,51346880.00
05/08/2020,68.552094,69.326766,68.172938,68.811806,27738000,0.00,0.000000,-,63.740030,60.970143,64.194515,65.950729,52297680.00
05/07/2020,67.700105,68.278010,67.171267,68.028214,27952000,0.00,0.000000,-,63.677937,60.900477,63.756080,65.410195,52934240.00
05/06/2020,67.489478,67.956853,66.775769,66.776260,24308000,0.00,0.000000,-,63.621845,60.920917,63.353926,64.933151,53256160.00
05/05/2020,66.311344,68.096598,66.288542,66.965073,33030000,0.00,0.000000,-,63.569994,60.961707,62.955464,64.516375,53761320.00
05/04/2020,64.839818,65.802832,64.382349,65.760201,30080000,0.00,0.000000,-,63.515225,61.031572,62.548578,63.848416,54247560.00
05/01/2020,65.844468,67.012665,64.977115,65.453415,41450000,0.00,0.000000,-,63.470501,61.188499,61.981280,63.550097,54338640.00
04/30/2020,65.665062,67.049848,65.546600,66.843666,53378000,0.00,0.000000,-,63.427317,61.384312,61.486220,63.364930,53948280.00
04/29/2020,66.486810,67.405211,65.687854,66.487801,75872000,0.00,0.000000,-,63.378973,61.560786,60.883930,62.942702,53260440.00
04/28/2020,63.833692,63.839636,61.071546,61.144402,59026000,0.00,0.000000,-,63.331606,61.737419,60.441158,62.551105,52191280.00
04/27/2020,64.233670,64.241104,62.895466,63.236458,32012000,0.00,0.000000,-,63.309607,62.021980,60.225931,62.727352,51489880.00
04/24/2020,62.507389,63.460484,61.926512,63.406464,32792000,0.00,0.000000,-,63.276978,62.258673,59.816615,62.438301,51221440.00
04/23/2020,63.021855,64.100344,62.730426,63.257774,31324000,0.00,0.000000,-,63.242573,62.495545,59.525284,62.101966,51032640.00
04/22/2020,61.732724,63.718859,61.557269,62.608501,41848000,0.00,0.000000,-,63.205034,62.725993,59.094532,61.774702,50944000.00
04/21/2020,61.805080,62.165405,59.956877,60.285480,43060000,0.00,0.000000,-,63.168640,62.969318,58.775470,61.394553,50675000.00
04/20/2020,62.994591,63.519962,62.517301,62.777012,33910000,0.00,0.000000,-,63.147638,63.229910,58.379659,61.248740,50282720.00
04/17/2020,63.681044,64.155854,63.005996,63.601742,38980000,0.00,0.000000,-,63.111697,63.437698,57.898179,60.412463,50276280.00
04/16/2020,63.148248,63.391106,61.588003,62.621391,50362000,0.00,0.000000,-,63.069073,63.601236,57.481949,59.607510,50291160.00
04/15/2020,61.736192,63.463467,61.477971,62.571827,33434000,0.00,0.000000,-,63.028055,63.783232,57.068915,58.825157,50857120.00
04/14/2020,61.710424,63.543263,61.305988,62.906872,49408000,0.00,0.000000,-,62.983062,64.004749,56.715358,58.331211,51403160.00
04/13/2020,59.930610,60.492161,58.860944,60.345947,34796000,0.00,0.000000,-,62.935179,64.168306,56.257147,57.724509,51381880.00
04/09/2020,60.669091,60.742941,59.313792,60.043110,43508000,0.00,0.000000,-,62.901040,64.404504,56.262525,57.194929,51221720.00
04/08/2020,59.797787,60.420792,58.888801,59.985134,39502000,0.00,0.000000,-,62.870038,64.649524,56.023284,56.948602,50782640.00
04/07/2020,60.516446,60.714698,58.594888,58.807018,47746000,0.00,0.000000,-,62.846555,64.889686,56.035997,56.414362,50623560.00
04/06/2020,56.402721,59.210962,56.052805,58.827343,53294000,0.00,0.000000,-,62.830539,65.134914,56.268646,56.156386,50370720.00
04/03/2020,55.461757,55.686030,53.518642,54.414246,46268000,0.00,0.000000,-,62.811829,65.412258,56.339620,55.510579,50018680.00
04/02/2020,54.433077,55.850580,54.340892,55.552212,39298000,0.00,0.000000,-,62.812932,65.797630,56.836563,55.383896,49633800.00
04/01/2020,55.609702,55.990844,54.392932,54.797859,46884000,0.00,0.000000,-,62.808659,66.159549,57.327733,55.356388,49492160.00
03/31/2020,56.863650,58.251908,56.409653,57.632370,49728000,0.00,0.000000,-,62.805408,66.535019,58.023845,55.312674,49369160.00
03/30/2020,55.760372,57.078255,54.344855,56.839855,51482000,0.00,0.000000,-,62.786212,66.849824,58.466393,55.099504,49333080.00
03/27/2020,55.791608,57.030684,54.812244,55.050144,64170000,0.00,0.000000,-,62.771827,67.152039,59.066824,54.789785,48772920.00
03/26/2020,55.104167,57.987249,54.198649,57.579842,71434000,0.00,0.000000,-,62.763480,67.477658,59.633378,55.330121,48002600.00
03/25/2020,55.831253,56.942950,53.825931,54.642731,81630000,0.00,0.000000,-,62.742904,67.744436,60.020812,55.097966,47197480.00
03/24/2020,54.706171,56.254025,54.054417,56.227261,66890000,0.00,0.000000,-,62.737425,68.078233,60.741186,55.657632,46225800.00
03/23/2020,52.602221,53.097851,50.233900,52.369274,80882000,0.00,0.000000,-,62.720469,68.370923,61.370611,56.380905,45616280.00
03/20/2020,56.289705,56.699592,52.808897,53.147411,72036000,0.00,0.000000,-,62.717426,68.730958,62.275062,57.168660,44599000.00
03/19/2020,54.174857,57.392486,52.542153,55.277138,73022000,0.00,0.000000,-,62.709967,69.060057,63.298018,58.289230,43769480.00
03/18/2020,52.363820,54.841476,51.410722,54.360714,84668000,0.00,0.000000,-,62.694543,69.335677,64.296366,59.299078,42910120.00
03/17/2020,54.177831,56.048836,52.339044,55.500671,77230000,0.00,0.000000,-,62.679533,69.630488,65.361698,60.735016,41909680.00
03/16/2020,54.321068,57.109832,53.252491,53.742668,85048000,0.00,0.000000,-,62.675526,69.869243,66.352637,61.833283,40839640.00
03/13/2020,58.434798,60.454985,55.368979,60.453499,74002000,0.00,0.000000,-,62.683857,70.149809,67.434126,63.343863,39701320.00
03/12/2020,55.807951,59.171794,55.178503,55.258297,84534000,0.00,0.000000,-,62.658265,70.266074,68.165008,63.936636,38606000.00
03/11/2020,61.938904,62.496983,59.280840,60.239388,52170000,0.00,0.000000,-,62.663033,70.485370,69.164595,64.943658,37335680.00
03/10/2020,62.449401,63.497661,60.405917,63.459991,52228000,0.00,0.000000,-,62.642727,70.620658,69.891635,65.824739,36707640.00
03/09/2020,59.738309,62.189696,59.475626,60.246826,67308000,0.00,0.000000,-,62.608127,70.699968,70.457372,66.360317,35930080.00
03/06/2020,63.294940,64.740194,62.501437,64.353111,53212000,0.00,0.000000,-,62.592233,70.826850,71.110785,67.381464,34722920.00
03/05/2020,66.919993,67.351688,64.684696,65.375610,51226000,0.00,0.000000,-,62.555363,70.876839,71.551450,68.306806,34011920.00
03/04/2020,67.367531,68.797921,66.568576,68.720100,38266000,0.00,0.000000,-,62.510709,70.907122,71.871603,69.293655,34313400.00
03/03/2020,69.359476,69.891286,66.017935,66.483337,48046000,0.00,0.000000,-,62.455144,70.876908,72.021656,69.988380,34136040.00
03/02/2020,66.989860,68.935709,65.760949,68.848473,48630000,0.00,0.000000,-,62.414896,70.888040,72.379873,70.871990,33784160.00
02/28/2020,63.316745,66.470935,62.994585,66.381226,75782000,0.00,0.000000,-,62.359163,70.854347,72.491687,71.524390,33553160.00
02/27/2020,67.507794,67.985780,65.282911,65.328514,59566000,0.00,0.000000,-,62.304918,70.875997,72.780417,72.393379,32596440.00
02/26/2020,69.196911,70.166368,68.347398,69.050201,44048000,0.00,0.000000,-,62.258810,70.905477,73.128696,73.385532,32024960.00
02/25/2020,71.023806,71.278556,68.515919,68.815773,49566000,0.00,0.000000,-,62.202083,70.862942,73.275848,73.958530,31656400.00
02/24/2020,70.682313,71.220574,69.952753,70.458290,57342000,0.00,0.000000,-,62.146059,70.819892,73.388480,74.554426,31005240.00
02/21/2020,74.742517,74.949940,73.375080,73.606537,34634000,0.00,0.000000,-,62.082787,70.743634,73.500294,74.840106,30296040.00
02/20/2020,75.434910,75.813575,74.682548,75.244095,21932000,0.00,0.000000,-,62.005714,70.603321,73.504110,74.796095,30145080.00
02/19/2020,75.587065,75.935789,75.405167,75.667358,18986000,0.00,0.000000,-,61.924242,70.427343,73.424313,74.449551,30232360.00
02/18/2020,75.087978,75.912208,74.968533,75.319435,22414000,0.00,0.000000,-,61.839665,70.230518,73.319513,74.054932,30337720.00
02/14/2020,75.117709,75.372467,74.708317,75.372467,23956000,0.00,0.000000,-,61.751181,70.033128,73.222171,73.887755,30504440.00
02/13/2020,74.973479,75.691650,74.572519,75.071121,18590000,0.00,0.000000,-,61.663786,69.809639,73.051079,73.458984,30482840.00
02/12/2020,75.062195,75.370232,74.746482,75.250038,23352000,0.00,0.000000,-,61.582954,69.586863,72.864077,73.167455,30715400.00
02/11/2020,74.929871,75.813083,74.623966,74.780190,26892000,0.00,0.000000,-,61.525785,69.375418,72.647512,72.871861,30483160.00
02/10/2020,73.071747,74.815369,73.071747,74.774727,28398000,0.00,0.000000,-,61.467150,69.181329,72.475131,72.593166,30343560.00
02/07/2020,72.723803,73.642703,72.676718,73.315094,23446000,0.00,0.000000,-,61.406378,68.987904,72.279482,72.222533,30203480.00
02/06/2020,71.882740,73.452397,71.845070,73.166420,33588000,0.00,0.000000,-,61.351058,68.816873,72.132281,72.160481,30149040.00
02/05/2020,72.481958,72.552337,70.902878,71.778656,39724000,0.00,0.000000,-,61.298601,68.637563,71.954077,72.212125,30031560.00
02/04/2020,72.216799,72.832865,70.691747,71.721169,78660000,0.00,0.000000,-,61.249189,68.491967,71.818051,72.399076,29635280.00
02/03/2020,72.461130,73.848896,72.311948,73.647667,60736000,0.00,0.000000,-,61.196974,68.349205,71.687055,72.584094,28585520.00
01/31/2020,72.803110,72.864073,70.802250,71.084763,48344000,0.00,0.000000,-,61.135120,68.180215,71.376593,72.556587,27878480.00
01/30/2020,71.368763,72.227192,71.192318,72.155823,26788000,0.00,0.000000,-,61.083797,68.067677,71.210904,72.643174,27506560.00
01/29/2020,72.302530,72.631130,71.704796,72.294106,21554000,0.00,0.000000,-,61.025625,67.947764,70.916450,72.560700,27683840.00
01/28/2020,71.519421,72.163742,70.997518,71.993240,31548000,0.00,0.000000,-,60.965961,67.801880,70.612901,72.423162,27730160.00
01/27/2020,70.924668,71.275079,70.438945,71.068398,35104000,0.00,0.000000,-,60.904518,67.648671,70.363427,72.357096,27429880.00
01/24/2020,74.026820,74.121241,72.622205,72.694572,35692000,0.00,0.000000,-,60.847089,67.514752,70.181283,72.336431,27162160.00
01/23/2020,73.731928,74.122482,73.457349,73.682854,27024000,0.00,0.000000,-,60.780313,67.348696,69.876098,72.104080,26853080.00
01/22/2020,73.898466,74.503824,73.597614,73.648170,32216000,0.00,0.000000,-,60.710229,67.174948,69.534585,71.696029,26813160.00
01/21/2020,73.309657,73.940592,72.917115,73.571350,40734000,0.00,0.000000,-,60.641138,66.999406,69.196664,71.237025,26980840.00
01/17/2020,72.506235,73.417451,72.273787,73.372597,47924000,0.00,0.000000,-,60.574376,66.808489,68.878568,70.790016,26627360.00
01/16/2020,71.739494,71.965007,71.416339,71.950630,23474000,0.00,0.000000,-,60.506358,66.621775,68.561934,70.196598,26181960.00
01/15/2020,70.885513,71.439875,70.885513,71.331085,25654000,0.00,0.000000,-,60.444105,66.462847,68.322594,69.778633,26312880.00
01/14/2020,71.321673,71.459950,70.794325,70.918724,31178000,0.00,0.000000,-,60.383447,66.298833,68.129225,69.272199,26467840.00
01/13/2020,71.178936,71.396516,70.677854,71.332581,33046000,0.00,0.000000,-,60.319618,66.129555,67.923415,68.802640,26426560.00
01/10/2020,70.754191,71.119425,70.297720,70.861748,36414000,0.00,0.000000,-,60.252524,65.953170,67.702959,68.369757,26329200.00
01/09/2020,70.407742,70.742786,69.897236,70.371063,30018000,0.00,0.000000,-,60.188907,65.787520,67.493034,68.026134,26355480.00
01/08/2020,68.995682,69.962167,68.934228,69.602341,30560000,0.00,0.000000,-,60.130619,65.658825,67.306752,67.648116,26800400.00
01/07/2020,69.286129,69.536417,68.911427,69.058136,30054000,0.00,0.000000,-,60.078250,65.520851,67.156179,67.373141,26674440.00
01/06/2020,66.910074,69.214751,66.910074,69.101257,34646000,0.00,0.000000,-,60.031701,65.389658,67.025531,67.156303,26484600.00
01/03/2020,66.804009,68.025245,66.689223,67.438416,23728000,0.00,0.000000,-,59.991389,65.255759,66.861774,66.967120,26156280.00
01/02/2020,66.491263,67.809142,66.491263,67.770981,28132000,0.00,0.000000,-,59.957515,65.138929,66.762351,66.927270,26091240.00
12/31/2019,65.924269,66.315322,65.873463,66.266747,19236000,0.00,0.000000,-,59.915753,65.018768,66.583701,66.866555,25939480.00
12/30/2019,66.910073,67.058764,66.118053,66.223129,21018000,0.00,0.000000,-,59.877897,64.928038,66.466981,66.986250,26095880.00
12/27/2019,67.553904,67.630234,66.875883,67.003754,20768000,0.00,0.000000,-,59.840308,64.845694,66.389713,67.044190,26056480.00
12/26/2019,66.720246,67.471473,66.635989,67.425522,13350000,0.00,0.000000,-,59.799087,64.738390,66.293312,67.036161,26078960.00
12/24/2019,66.835724,66.922953,66.552221,66.590881,6950000,0.00,0.000000,-,59.757682,64.622026,66.177211,66.959934,26364640.00
12/23/2019,67.201014,67.395792,66.737102,66.852585,17662000,0.00,0.000000,-,59.720420,64.496711,66.085843,66.965387,26572640.00
12/20/2019,67.571746,67.586115,66.860510,66.889755,66300000,0.00,0.000000,-,59.677528,64.364487,65.953261,66.939217,26728480.00
12/19/2019,67.000272,67.311524,66.859757,67.209427,29398000,0.00,0.000000,-,59.626164,64.224798,65.833715,66.894759,25741120.00
12/18/2019,67.237183,67.428988,66.959631,67.039917,30452000,0.00,0.000000,-,59.573444,64.072412,65.702398,66.756429,25500240.00
12/17/2019,67.548942,67.653520,66.975643,67.163834,37080000,0.00,0.000000,-,59.525179,63.910351,65.610310,66.597432,25306920.00
12/16/2019,67.232235,67.637665,67.042411,67.463699,27946000,0.00,0.000000,-,59.477329,63.764200,65.525012,66.300848,24902480.00
12/13/2019,66.808473,67.063374,66.606253,66.802528,30992000,0.00,0.000000,-,59.424452,63.613359,65.459835,65.947711,24808520.00
12/12/2019,66.708855,67.196310,66.439236,66.923462,25620000,0.00,0.000000,-,59.373194,63.454758,65.369704,65.735235,24837160.00
12/11/2019,66.951711,66.969551,66.546780,66.663254,17008000,0.00,0.000000,-,59.316110,63.282635,65.240171,65.550463,24970800.00
12/10/2019,66.488785,66.908833,66.218176,66.645409,21882000,0.00,0.000000,-,59.259368,63.143938,65.125631,65.394489,25140040.00
12/09/2019,66.317293,67.378440,66.307378,66.590881,27086000,0.00,0.000000,-,59.202487,63.019376,65.012949,65.206299,25264040.00
12/06/2019,66.089312,66.612697,66.089312,66.445175,26296000,0.00,0.000000,-,59.144458,62.901942,64.933178,64.967306,25263880.00
12/05/2019,65.819683,65.886991,65.246731,65.826126,24254000,0.00,0.000000,-,59.087399,62.803579,64.854472,64.772671,25353160.00
12/04/2019,64.779365,65.710653,64.673298,65.449951,30750000,0.00,0.000000,-,59.030114,62.722682,64.764440,64.648367,25449280.00
12/03/2019,63.419356,64.355650,63.391105,64.197990,22876000,0.00,0.000000,-,58.978881,62.621792,64.693788,64.623188,25467560.00
12/02/2019,64.481494,64.720877,63.490234,63.932335,30218000,0.00,0.000000,-,58.935087,62.561077,64.684098,64.749176,25435000.00
11/29/2019,64.784823,64.937718,64.628698,64.677765,11740000,0.00,0.000000,-,58.891405,62.501611,64.644002,64.971960,25738640.00
11/27/2019,65.175368,65.341899,64.909214,65.075745,19912000,0.00,0.000000,-,58.845982,62.435940,64.532856,65.004174,25902240.00
11/26/2019,64.920619,65.165462,64.684208,65.103508,21394000,0.00,0.000000,-,58.798196,62.356064,64.404735,64.929879,25958040.00
11/25/2019,64.391290,64.992488,64.339251,64.763512,20724000,0.00,0.000000,-,58.750571,62.272402,64.278522,64.856773,25912200.00
11/22/2019,64.710458,64.864602,64.006173,64.200951,27714000,0.00,0.000000,-,58.698114,62.197670,64.237161,64.819599,25919040.00
11/21/2019,64.505269,65.055917,64.084978,64.498825,19910000,0.00,0.000000,-,58.648481,62.142378,64.162297,64.899050,25885320.00
11/20/2019,65.013788,65.175366,63.993291,64.583084,26172000,0.00,0.000000,-,58.598264,62.075864,64.062279,64.936272,26177480.00
11/19/2019,65.804817,65.804817,65.066325,65.198166,25384000,0.00,0.000000,-,58.551719,61.993709,63.953439,64.880514,26176840.00
11/18/2019,66.028833,66.192838,65.299265,65.457870,29748000,0.00,0.000000,-,58.509722,61.885206,63.773377,64.764388,26173200.00
11/15/2019,65.370632,66.160671,65.139666,66.160172,35652000,0.00,0.000000,-,58.463158,61.769932,63.588631,64.619021,26167000.00
11/14/2019,64.308011,65.274488,64.216320,64.999908,23870000,0.00,0.000000,-,58.407617,61.641128,63.367134,64.316043,25882800.00
11/13/2019,64.138009,64.645036,64.110254,64.332794,16534000,0.00,0.000000,-,58.359271,61.541923,63.222435,64.061538,25968640.00
11/12/2019,64.431917,64.927547,64.222264,64.372444,21718000,0.00,0.000000,-,58.307493,61.426352,63.087724,63.879591,26065520.00
11/11/2019,64.589527,64.750363,64.303550,64.391777,20238000,0.00,0.000000,-,58.248468,61.297082,62.949467,63.700272,26223120.00
11/08/2019,64.693625,65.324068,64.648271,64.995461,25028000,0.00,0.000000,-,58.191691,61.186963,62.746135,63.654724,26270280.00
11/07/2019,64.148415,65.608541,64.146683,64.871048,40600000,0.00,0.000000,-,58.137078,61.069478,62.508430,63.425544,26205080.00
11/06/2019,63.909523,64.121158,63.564565,64.025497,23060000,0.00,0.000000,-,58.078851,60.932843,62.260144,63.188285,25713880.00
11/05/2019,64.079534,64.378897,63.997207,64.036911,25654000,0.00,0.000000,-,58.025266,60.809967,62.038375,63.026364,25683560.00
11/04/2019,63.264717,64.140991,63.260010,64.004196,30020000,0.00,0.000000,-,57.970373,60.687903,61.783373,62.782365,25660920.00
11/01/2019,62.697217,63.174012,62.474185,63.130398,33402000,0.00,0.000000,-,57.922517,60.549047,61.575977,62.558241,25735320.00
10/31/2019,62.512836,62.829544,61.995547,62.454849,29114000,0.00,0.000000,-,57.876959,60.465573,61.415541,62.418225,25446280.00
10/30/2019,62.100968,62.913305,62.052892,62.513332,28178000,0.00,0.000000,-,57.832565,60.397315,61.236421,62.383333,25160280.00
10/29/2019,63.253807,63.519462,62.311216,62.579254,37728000,0.00,0.000000,-,57.786933,60.319401,61.026621,62.295856,24962920.00
10/28/2019,63.215148,64.397722,63.070919,63.936291,52264000,0.00,0.000000,-,57.732926,60.255792,60.884078,62.198663,24701000.00
10/25/2019,62.004819,62.925205,61.954266,62.703659,24262000,0.00,0.000000,-,57.675232,60.144375,60.708130,61.837546,24181040.00
10/24/2019,62.494004,62.647652,62.137895,62.498466,20562000,0.00,0.000000,-,57.626958,60.047360,60.608904,61.591317,24183280.00
10/23/2019,61.575112,62.443950,61.575112,62.406284,18230000,0.00,0.000000,-,57.580783,59.951505,60.560333,61.332003,24403520.00
10/22/2019,61.847216,61.983511,61.526541,61.596920,20476000,0.00,0.000000,-,57.535470,59.890186,60.529083,61.050386,24556680.00
10/21/2019,62.065781,62.183196,61.487876,61.762951,20544000,0.00,0.000000,-,57.492248,59.822691,60.469508,60.784381,24548360.00
10/18/2019,62.125263,62.394390,61.511674,61.730247,27056000,0.00,0.000000,-,57.448771,59.765059,60.439473,60.593713,24563760.00
10/17/2019,61.999863,62.614194,61.950796,62.105927,19048000,0.00,0.000000,-,57.391915,59.724725,60.400913,60.412857,24609840.00
10/16/2019,61.516136,62.188707,61.381327,61.638557,21892000,0.00,0.000000,-,57.340563,59.646336,60.365327,60.089508,24806600.00
10/15/2019,60.486702,61.821435,60.486702,61.607323,27634000,0.00,0.000000,-,57.289010,59.573290,60.337497,59.757386,25052520.00
10/14/2019,60.087222,60.780610,60.058477,60.325123,17350000,0.00,0.000000,-,57.237977,59.483392,60.303150,59.569493,25538840.00
10/11/2019,60.576418,60.882716,60.156620,60.241371,25454000,0.00,0.000000,-,57.195041,59.460445,60.338241,59.578714,25849880.00
10/10/2019,59.405242,60.219066,59.343784,59.905331,16932000,0.00,0.000000,-,57.151428,59.454061,60.397989,59.626492,26020200.00
10/09/2019,59.443405,59.889473,59.358159,59.590115,17354000,0.00,0.000000,-,57.093824,59.462001,60.461381,59.788662,26371760.00
10/08/2019,59.356174,59.776964,58.930922,58.936871,20786000,0.00,0.000000,-,57.038618,59.484632,60.505640,60.007780,26606000.00
10/07/2019,59.693702,60.377867,59.661484,59.856266,16858000,0.00,0.000000,-,56.994080,59.534472,60.547447,60.154635,27079760.00
10/04/2019,59.073669,60.042624,58.938856,59.921692,23248000,0.00,0.000000,-,56.948316,59.576829,60.539343,60.285233,28664920.00
10/03/2019,58.484360,58.933400,57.613535,58.872437,32424000,0.00,0.000000,-,56.903638,59.500620,60.529257,60.388968,29083880.00
10/02/2019,59.325939,59.325939,58.052665,58.317333,32302000,0.00,0.000000,-,56.861187,59.451038,60.587617,60.641145,29071320.00
10/01/2019,60.417323,61.023479,59.653061,59.728397,25470000,0.00,0.000000,-,56.827849,59.420884,60.599463,60.917608,28862760.00
09/30/2019,60.514963,60.764264,60.085253,60.417324,28082000,0.00,0.000000,-,56.792361,59.354439,60.508490,61.036807,28873960.00
09/27/2019,61.607323,61.657381,60.191802,60.719154,27078000,0.00,0.000000,-,56.753871,59.266316,60.431915,61.097769,28971200.00
09/26/2019,61.555285,61.705957,61.074920,61.527035,30760000,0.00,0.000000,-,56.710914,59.188245,60.352020,61.169487,28945920.00
09/25/2019,60.259707,61.869515,59.975712,61.781292,29060000,0.00,0.000000,-,56.660895,59.094035,60.177632,61.134099,28798720.00
09/24/2019,61.458141,61.792197,60.004954,60.405422,31664000,0.00,0.000000,-,56.608869,59.001907,59.982651,61.003500,28713040.00
09/23/2019,60.764255,61.413034,60.673555,61.162247,21248000,0.00,0.000000,-,56.571689,58.934085,59.859065,60.940258,28441280.00
09/20/2019,61.117148,61.622693,60.619536,60.959042,45400000,0.00,0.000000,-,56.526287,58.845734,59.654023,60.793453,28361920.00
09/19/2019,61.064612,61.678202,61.062631,61.394207,19920000,0.00,0.000000,-,56.495682,58.760763,59.553906,60.669545,27932120.00
09/18/2019,60.839105,61.240564,60.294903,61.081963,22702000,0.00,0.000000,-,56.459927,58.663392,59.436293,60.534089,28017520.00
09/17/2019,60.982341,61.210330,60.649774,60.920387,19102000,0.00,0.000000,-,56.424215,58.556752,59.313079,60.281318,28095640.00
09/16/2019,60.938720,61.436332,60.744926,61.026939,21066000,0.00,0.000000,-,56.388797,58.444938,59.236999,59.980172,28208160.00
09/13/2019,61.029421,61.501754,60.814314,61.436333,26028000,0.00,0.000000,-,56.342483,58.346099,59.103923,59.766061,28292560.00
09/12/2019,60.680003,61.550328,60.616563,61.173157,34518000,0.00,0.000000,-,56.295165,58.229150,58.924752,59.534552,28078800.00
09/11/2019,59.644634,60.595748,59.584661,60.475307,26140000,0.00,0.000000,-,56.243032,58.107225,58.751381,59.221165,27785080.00
09/10/2019,59.235241,59.971252,59.206990,59.772999,25202000,0.00,0.000000,-,56.197791,57.986074,58.694631,58.961802,27836800.00
09/09/2019,59.673874,60.466881,59.109846,59.694195,29438000,0.00,0.000000,-,56.153125,57.862077,58.617090,58.777873,28010040.00
09/06/2019,59.878572,60.071123,59.600620,59.719967,21442000,0.00,0.000000,-,56.107425,57.734799,58.576448,58.514594,27823000.00
09/05/2019,59.055820,60.121921,59.055820,60.039646,28162000,0.00,0.000000,-,56.071879,57.610763,58.576126,58.438267,28118520.00
09/04/2019,58.321298,58.656841,58.038294,58.554245,21378000,0.00,0.000000,-,56.035532,57.486826,58.483468,58.338496,28174040.00
09/03/2019,58.337163,58.825854,57.651705,57.908936,29598000,0.00,0.000000,-,56.001395,57.421511,58.455069,58.344840,28304720.00
08/30/2019,59.401282,59.401282,58.672856,58.885826,22596000,0.00,0.000000,-,55.968599,57.375408,58.415245,58.493826,28491800.00
08/29/2019,58.539870,59.280343,58.539870,59.121246,21768000,0.00,0.000000,-,55.931558,57.299398,58.429841,58.441785,28544680.00
08/28/2019,57.577852,58.306925,57.359282,58.039284,16040000,0.00,0.000000,-,55.900160,57.209669,58.469888,58.314952,28644840.00
08/27/2019,58.510629,58.603310,57.564964,57.881672,21544000,0.00,0.000000,-,55.878199,57.142839,58.583040,58.281596,28878720.00
08/26/2019,57.357293,57.962458,57.144172,57.933712,24522000,0.00,0.000000,-,55.859749,57.068157,58.725038,58.427461,28824480.00
08/23/2019,58.582990,59.182206,56.885954,57.061405,33740000,0.00,0.000000,-,55.831726,56.985347,58.899797,58.456306,28778640.00
08/22/2019,59.181709,59.377088,58.413980,58.956696,18950000,0.00,0.000000,-,55.804169,56.923374,59.145432,58.638302,28526920.00
08/21/2019,59.136114,59.426057,58.852610,59.041943,14814000,0.00,0.000000,-,55.771522,56.811857,59.003161,58.713985,28572320.00
08/20/2019,59.240193,59.280340,58.588934,58.617680,18310000,0.00,0.000000,-,55.741474,56.700311,58.870729,58.628440,28850720.00
08/19/2019,58.984454,59.822066,58.984454,59.398800,24632000,0.00,0.000000,-,55.715226,56.598895,58.780326,58.565297,29070200.00
08/16/2019,58.462058,58.619173,58.078439,58.365410,26266000,0.00,0.000000,-,55.675020,56.467642,58.630695,58.336663,29298520.00
08/15/2019,57.666568,58.278176,57.597675,57.852924,24374000,0.00,0.000000,-,55.635984,56.335547,58.512983,58.417897,29454480.00
08/14/2019,58.301464,58.598350,57.519858,57.705719,31574000,0.00,0.000000,-,55.612246,56.211600,58.461116,58.624823,29834360.00
08/13/2019,58.061102,59.712539,58.061102,59.340321,25888000,0.00,0.000000,-,55.595216,56.101332,58.416658,58.884484,30336280.00
08/12/2019,58.445200,58.730190,57.873341,58.222168,20060000,0.00,0.000000,-,55.558897,55.941699,58.308387,59.022616,31870760.00
08/09/2019,59.376002,59.667927,58.662937,58.881363,21314000,0.00,0.000000,-,55.541297,55.871241,58.247994,59.343288,32072680.00
08/08/2019,58.624625,59.723934,58.138414,59.713528,29360000,0.00,0.000000,-,55.519774,55.801793,58.141161,59.652561,32027160.00
08/07/2019,57.294849,58.407290,56.978837,58.186489,28886000,0.00,0.000000,-,55.492926,55.714225,57.991010,59.292337,32055240.00
08/06/2019,57.657153,58.482377,57.493098,57.986252,34188000,0.00,0.000000,-,55.471609,55.674733,57.907967,59.113017,32023520.00
08/05/2019,57.990712,58.248442,56.508779,57.112457,51950000,0.00,0.000000,-,55.458162,55.638572,57.796153,58.995355,31784560.00
08/02/2019,59.512298,59.817608,58.927454,59.177750,32902000,0.00,0.000000,-,55.450470,55.627123,57.707014,58.924728,31225120.00
08/01/2019,60.170990,61.166217,59.759120,59.922184,33970000,0.00,0.000000,-,55.425257,55.584925,57.552377,58.608069,30932880.00
07/31/2019,60.615566,61.160759,59.860422,60.302326,34510000,0.00,0.000000,-,55.400741,55.526064,57.335712,58.297408,30717400.00
07/30/2019,60.735024,61.203890,60.630447,60.721642,29066000,0.00,0.000000,-,55.366701,55.448914,57.074441,57.948832,30568520.00
07/29/2019,61.510178,61.823414,60.874778,61.428894,44474000,0.00,0.000000,-,55.331036,55.386623,56.759245,57.594157,30470640.00
07/26/2019,60.667113,62.724475,60.665132,61.974091,96116000,0.00,0.000000,-,55.306108,55.326722,56.366458,57.152700,30193720.00
07/25/2019,56.393791,56.586096,55.556179,56.111282,44196000,0.00,0.000000,-,55.280970,55.241275,55.934269,56.629761,29187120.00
07/24/2019,56.100380,56.700092,55.857023,56.393295,31796000,0.00,0.000000,-,55.287222,55.229697,55.804613,56.689683,29037840.00
07/23/2019,56.700093,56.843826,56.095424,56.809628,21874000,0.00,0.000000,-,55.294751,55.223968,55.677087,56.702916,29146160.00
07/22/2019,56.177205,56.464671,55.720731,56.406185,26030000,0.00,0.000000,-,55.308812,55.241870,55.601033,56.596951,29234480.00
07/19/2019,56.907756,57.053966,55.987370,56.011162,32944000,0.00,0.000000,-,55.324186,55.265967,55.560912,56.489300,29188160.00
07/18/2019,56.588084,56.878769,56.141521,56.815578,25814000,0.00,0.000000,-,55.340346,55.301821,55.514620,56.496685,29053000.00
07/17/2019,57.045539,57.411809,56.787813,56.816559,23400000,0.00,0.000000,-,55.352028,55.329349,55.405581,56.374016,29157280.00
07/16/2019,56.799211,57.422715,56.749649,57.174900,24776000,0.00,0.000000,-,55.363995,55.372012,55.299641,56.200051,29314840.00
07/15/2019,56.841841,57.038113,56.472104,57.014320,18076000,0.00,0.000000,-,55.370664,55.403555,55.148276,55.924332,29611600.00
07/12/2019,56.699601,56.865637,56.441376,56.744701,17280000,0.00,0.000000,-,55.379166,55.415717,54.987221,55.580217,30028000.00
07/11/2019,56.662922,57.149632,56.481027,56.710503,23910000,0.00,0.000000,-,55.386222,55.438695,54.848122,55.238777,30738080.00
07/10/2019,56.066672,56.603440,56.054281,56.525623,24190000,0.00,0.000000,-,55.391644,55.482578,54.681640,54.919542,32742680.00
07/09/2019,55.104166,55.908325,54.874691,55.749973,26608000,0.00,0.000000,-,55.403140,55.628392,54.528590,54.651258,33258640.00
07/08/2019,55.766825,55.806972,55.074927,55.329681,24728000,0.00,0.000000,-,55.414604,55.774454,54.418436,54.605115,33223040.00
07/05/2019,55.401541,56.148953,55.319267,56.085014,25286000,0.00,0.000000,-,55.425723,55.920269,54.293760,54.632523,33171400.00
07/03/2019,55.382209,55.845625,55.206262,55.588886,15340000,0.00,0.000000,-,55.431785,56.043591,54.077542,54.532554,33073200.00
07/02/2019,54.630345,55.102682,54.428624,55.076908,19832000,0.00,0.000000,-,55.444411,56.185312,53.880876,54.437146,33294360.00
07/01/2019,54.420194,54.895008,54.207220,54.417713,28726000,0.00,0.000000,-,55.460291,56.321699,53.736647,54.399231,33220640.00
06/28/2019,53.349136,53.577620,53.199454,53.573162,33864000,0.00,0.000000,-,55.476367,56.458910,53.583695,54.372219,33178840.00
06/27/2019,53.726317,53.879962,53.294622,53.330307,20086000,0.00,0.000000,-,55.500269,56.612981,53.639999,54.394225,32990320.00
06/26/2019,53.850225,54.170896,53.143456,53.518154,36218000,0.00,0.000000,-,55.522232,56.762781,53.743932,54.457467,32931120.00
06/25/2019,55.146786,55.230547,53.716397,53.842785,30938000,0.00,0.000000,-,55.543304,56.902846,53.834781,54.443738,32681720.00
06/24/2019,55.491247,55.609702,55.065005,55.288536,27912000,0.00,0.000000,-,55.564391,57.033216,53.953237,54.405922,32436320.00
06/21/2019,54.977287,55.714289,54.919791,55.603764,38952000,0.00,0.000000,-,55.581976,57.121537,53.997720,54.231758,32162160.00
06/20/2019,55.510083,55.516527,54.754247,55.085327,25240000,0.00,0.000000,-,55.600592,57.201116,54.044532,53.954998,31672960.00
06/19/2019,54.796877,54.866265,54.196174,54.634808,26776000,0.00,0.000000,-,55.627051,57.286196,54.143658,53.622529,31518720.00
06/18/2019,54.999589,55.331661,54.469265,54.697750,27734000,0.00,0.000000,-,55.660949,57.386818,54.260874,53.324605,31327280.00
06/17/2019,53.839312,54.478675,53.839312,54.147594,18832000,0.00,0.000000,-,55.697056,57.489463,54.348228,53.074063,31135480.00
06/14/2019,53.846258,54.157018,53.536587,53.793228,22230000,0.00,0.000000,-,55.731416,57.610893,54.521204,52.795172,31138840.00
06/13/2019,53.708468,54.230367,53.535494,53.962727,21154000,0.00,0.000000,-,55.770191,57.730409,54.753233,52.885773,31099960.00
06/12/2019,53.428936,53.574155,52.910504,53.380859,21220000,0.00,0.000000,-,55.802873,57.841152,54.940185,53.030397,31008040.00
06/11/2019,54.220955,54.617952,53.409260,53.464622,28734000,0.00,0.000000,-,55.834680,57.957526,55.047761,53.225824,31084640.00
06/10/2019,53.180129,54.155530,53.147518,53.546898,29284000,0.00,0.000000,-,55.866552,58.051290,55.179871,53.500552,31017920.00
06/07/2019,52.072400,53.078033,51.961871,52.836163,36048000,0.00,0.000000,-,55.896597,58.138629,55.387763,53.763681,30816920.00
06/06/2019,51.792856,51.916764,51.233291,51.760639,34064000,0.00,0.000000,-,55.931719,58.244674,55.626508,54.134066,30656040.00
06/05/2019,52.117494,52.217118,51.074195,51.655567,43368000,0.00,0.000000,-,55.970532,58.383728,55.928669,54.664787,30735240.00
06/04/2019,51.689273,52.341028,51.232798,52.192337,56670000,0.00,0.000000,-,56.011241,58.533191,56.255488,55.197143,30466600.00
06/03/2019,52.809391,52.809391,50.802088,51.358681,102612000,0.00,0.000000,-,56.051221,58.684308,56.593359,55.622393,30018880.00
05/31/2019,54.583256,54.995125,54.528241,54.699234,30156000,0.00,0.000000,-,56.102239,58.877912,56.963025,56.247235,28448240.00
05/30/2019,55.289528,55.665713,55.120021,55.408974,19038000,0.00,0.000000,-,56.134797,58.997200,57.109186,56.620694,28736080.00
05/29/2019,55.883290,55.961601,54.926723,55.335125,30764000,0.00,0.000000,-,56.164450,59.077393,57.233416,56.849972,28963600.00
05/28/2019,56.204465,57.076128,56.160847,56.211899,27300000,0.00,0.000000,-,56.197320,59.144600,57.411893,56.869698,28865360.00
05/24/2019,56.866626,56.985826,56.088487,56.178196,22240000,0.00,0.000000,-,56.224942,59.194470,57.792115,56.859190,29304080.00
05/23/2019,56.526623,56.797878,55.967749,56.540005,23978000,0.00,0.000000,-,56.251892,59.246095,58.135859,57.011844,29328400.00
05/22/2019,56.836391,57.419745,56.793764,57.067848,18290000,0.00,0.000000,-,56.272708,59.298186,58.439879,57.118950,29423200.00
05/21/2019,56.922633,57.131689,56.399743,56.979134,23196000,0.00,0.000000,-,56.290623,59.339601,58.699044,57.192552,29862640.00
05/20/2019,56.724868,56.838717,56.077726,56.444839,27066000,0.00,0.000000,-,56.309585,59.365502,58.983833,57.313832,30086400.00
05/17/2019,57.912904,58.491799,57.493600,57.607101,24172000,0.00,0.000000,-,56.329698,59.368942,59.256405,57.564324,30030040.00
05/16/2019,57.716635,58.888803,57.633865,58.433815,30628000,0.00,0.000000,-,56.343318,59.350108,59.439961,57.678814,30013240.00
05/15/2019,55.405008,58.054647,55.345334,57.701756,45786000,0.00,0.000000,-,56.353419,59.329172,59.582108,57.597678,29840400.00
05/14/2019,56.363556,56.522653,55.488273,55.532383,36732000,0.00,0.000000,-,56.371829,59.327012,59.738033,57.616860,29501960.00
05/13/2019,56.598986,56.895372,55.615159,56.106827,37212000,0.00,0.000000,-,56.408479,59.354133,59.987484,57.954087,29345720.00
05/10/2019,57.671032,58.117595,56.625747,57.704735,26290000,0.00,0.000000,-,56.441108,59.363014,60.200209,58.725040,29181600.00
05/09/2019,57.445029,57.971886,57.039603,57.611065,23714000,0.00,0.000000,-,56.461878,59.319052,60.300202,59.259874,29272800.00
05/08/2019,58.088354,58.505377,57.777594,57.803864,26186000,0.00,0.000000,-,56.472564,59.273127,60.398783,59.760807,29185880.00
05/07/2019,58.507650,59.001794,57.544640,58.191936,31028000,0.00,0.000000,-,56.477183,59.222434,60.475556,60.205536,29250680.00
05/06/2019,57.803362,59.022117,57.803362,58.949757,31278000,0.00,0.000000,-,56.480370,59.158299,60.549256,60.653834,29195360.00
05/03/2019,58.169636,58.821391,57.939170,58.752003,39614000,0.00,0.000000,-,56.481978,59.079970,60.593268,60.948486,28989600.00
05/02/2019,57.877709,58.196398,57.245382,57.622459,38896000,0.00,0.000000,-,56.485299,58.992313,60.666621,61.201109,28763360.00
05/01/2019,58.883344,58.883344,57.848965,57.893570,52784000,0.00,0.000000,-,56.490565,58.943929,60.773950,61.566537,28420560.00
04/30/2019,58.732180,59.119266,58.236550,58.904659,124140000,0.00,0.000000,-,56.495704,58.894842,60.854267,61.859206,27783440.00
04/29/2019,63.143286,63.900114,62.761403,63.816349,49988000,0.00,0.000000,-,56.494465,58.820666,60.869011,62.020881,25880560.00
04/26/2019,62.895467,63.097187,62.465258,63.053078,24828000,0.00,0.000000,-,56.461337,58.656206,60.585833,61.675378,25259840.00
04/25/2019,62.685817,62.816565,62.054387,62.620396,22146000,0.00,0.000000,-,56.431763,58.505514,60.328874,61.340530,25183200.00
04/24/2019,62.653602,62.846402,62.201586,62.251148,20376000,0.00,0.000000,-,56.404652,58.364676,60.104774,61.036758,25383920.00
04/23/2019,61.987975,62.895474,61.774358,62.674919,26398000,0.00,0.000000,-,56.375948,58.205093,59.927884,60.745576,25402480.00
04/22/2019,61.259392,61.908666,60.878749,61.896278,16146000,0.00,0.000000,-,56.341184,58.037084,59.750572,60.444678,25304840.00
04/18/2019,61.417500,61.557267,61.190997,61.278229,26636000,0.00,0.000000,-,56.305016,57.888266,59.643170,60.238050,25799840.00
04/17/2019,61.111205,61.485899,60.854465,61.276745,24438000,0.00,0.000000,-,56.278026,57.768185,59.631200,60.132134,26109360.00
04/16/2019,60.714695,61.003152,60.472828,60.820263,17126000,0.00,0.000000,-,56.248117,57.678625,59.600545,59.981363,27041480.00
04/15/2019,60.367760,60.675048,59.927145,60.521404,23748000,0.00,0.000000,-,56.220137,57.585119,59.530463,59.849327,27729560.00
04/12/2019,59.971254,60.385105,59.877579,60.361317,18668000,0.00,0.000000,-,56.191112,57.475733,59.439168,59.717142,27839480.00
04/11/2019,59.671893,59.870142,59.482065,59.704601,14204000,0.00,0.000000,-,56.166477,57.375120,59.356372,59.496289,28081440.00
04/10/2019,59.509325,59.663219,59.298930,59.582680,14492000,0.00,0.000000,-,56.146699,57.260570,59.309114,59.317218,28309280.00
04/09/2019,59.277367,59.589118,59.132643,59.339321,17528000,0.00,0.000000,-,56.135131,57.120267,59.287207,59.172790,28428160.00
04/08/2019,59.866673,59.906324,59.468681,59.665943,17204000,0.00,0.000000,-,56.125320,56.994209,59.277170,59.110192,28591320.00
04/05/2019,60.218570,60.279533,59.724922,59.829994,18144000,0.00,0.000000,-,56.116894,56.882345,59.207583,59.056466,28694880.00
04/04/2019,59.770030,60.252278,59.680321,60.219070,19000000,0.00,0.000000,-,56.107207,56.750260,59.046925,59.048289,28876520.00
04/03/2019,59.846349,60.283493,59.500400,59.769032,20286000,0.00,0.000000,-,56.096913,56.612048,58.869242,59.130266,28883320.00
04/02/2019,59.243665,59.542532,58.767365,59.499908,16558000,0.00,0.000000,-,56.083615,56.477832,58.750142,59.219727,29123000.00
04/01/2019,58.687570,59.310080,58.583484,59.199554,25050000,0.00,0.000000,-,56.071628,56.376495,58.654832,59.211599,29574080.00
03/29/2019,58.231590,58.434305,57.635844,58.152786,25398000,0.00,0.000000,-,56.056849,56.272879,58.539276,59.161193,29570160.00
03/28/2019,58.065054,58.066295,57.464896,57.913887,19234000,0.00,0.000000,-,56.048425,56.181346,58.459182,59.216455,29594920.00
03/27/2019,58.756952,58.858999,57.461867,58.138405,28004000,0.00,0.000000,-,56.038885,56.090804,58.338819,59.301009,29795680.00
03/26/2019,59.402766,59.615887,58.321796,58.713345,38024000,0.00,0.000000,-,56.025961,55.963596,58.197639,59.401623,29693320.00
03/25/2019,59.323463,59.792725,58.833285,59.128681,29936000,0.00,0.000000,-,56.010904,55.837279,58.025432,59.444148,29541160.00
03/22/2019,60.780129,60.962519,59.615644,59.748226,34284000,0.00,0.000000,-,55.996996,55.715682,57.818259,59.358701,29525000.00
03/21/2019,60.268628,61.051229,60.127375,61.038837,24080000,0.00,0.000000,-,55.980680,55.585985,57.582512,59.045561,29319040.00
03/20/2019,59.344274,60.820755,59.285788,60.663643,44548000,0.00,0.000000,-,55.957819,55.432082,57.249028,58.608217,29543400.00
03/19/2019,58.921006,59.475617,58.775291,59.418621,30414000,0.00,0.000000,-,55.931930,55.277861,56.976010,58.280556,29445200.00
03/18/2019,58.647919,58.979990,58.356538,58.695499,25852000,0.00,0.000000,-,55.903714,55.150841,56.777039,58.098066,29674480.00
03/15/2019,59.147504,59.305610,58.613712,58.705402,49236000,0.00,0.000000,-,55.874853,54.984111,56.602057,57.917360,29893880.00
03/14/2019,59.203516,59.370547,58.706400,58.759434,23456000,0.00,0.000000,-,55.844089,54.846713,56.446454,57.701910,29522200.00
03/13/2019,59.507591,59.521718,59.076145,59.144543,28718000,0.00,0.000000,-,55.816857,54.698083,56.284407,57.376628,29650400.00
03/12/2019,58.398119,59.475620,58.398119,59.138592,40262000,0.00,0.000000,-,55.788586,54.543209,56.106104,56.993654,29641960.00
03/11/2019,56.722392,58.295524,56.722392,58.274208,34384000,0.00,0.000000,-,55.760457,54.395194,55.862775,56.606716,29680640.00
03/08/2019,55.844139,56.852748,55.674140,56.616829,24248000,0.00,0.000000,-,55.734181,54.260085,55.662788,56.277817,29942280.00
03/07/2019,57.280969,57.332267,56.249562,56.665398,23332000,0.00,0.000000,-,55.718633,54.095437,55.554716,56.119464,30093440.00
03/06/2019,57.616515,57.868096,57.269575,57.387039,21986000,0.00,0.000000,-,55.699566,53.933108,55.485154,55.889838,31465200.00
03/05/2019,57.000447,57.969405,56.808887,57.593719,28864000,0.00,0.000000,-,55.679922,53.785956,55.455738,55.671463,32094880.00
03/04/2019,56.848285,57.407854,56.040409,56.888432,28920000,0.00,0.000000,-,55.660032,53.648151,55.383301,55.456012,32509320.00
03/01/2019,55.753438,56.649041,55.746003,56.550907,29006000,0.00,0.000000,-,55.643040,53.530101,55.291486,55.286754,32807920.00
02/28/2019,55.079382,55.889738,55.065009,55.506615,30850000,0.00,0.000000,-,55.632931,53.406729,55.230474,55.190998,33181960.00
02/27/2019,54.863779,55.410457,54.568878,55.314804,19368000,0.00,0.000000,-,55.627563,53.329589,55.153998,55.192186,33239600.00
02/26/2019,54.804308,55.486295,54.515355,55.269211,29426000,0.00,0.000000,-,55.622984,53.275912,55.016634,55.218554,33384160.00
02/25/2019,55.312332,55.438221,54.879646,54.985218,28262000,0.00,0.000000,-,55.614962,53.224912,54.904994,55.118833,33405160.00
02/22/2019,54.563930,55.076414,54.301246,55.033295,20990000,0.00,0.000000,-,55.601211,53.167766,54.859371,55.047759,33397800.00
02/21/2019,55.056584,55.111104,54.148589,54.369144,28302000,0.00,0.000000,-,55.587437,53.097564,54.768992,54.989968,33701080.00
02/20/2019,55.510082,55.679589,54.781010,55.203285,21756000,0.00,0.000000,-,55.575354,53.037702,54.715960,55.080470,33975520.00
02/19/2019,55.014948,55.604254,55.014948,55.439209,20928000,0.00,0.000000,-,55.553031,52.993026,54.608706,55.240014,34648080.00
02/15/2019,56.010173,56.088977,55.047164,55.195850,28996000,0.00,0.000000,-,55.529691,52.925878,54.558399,55.310591,35167600.00
02/14/2019,55.413928,55.918478,55.037002,55.593346,18952000,0.00,0.000000,-,55.510773,52.918721,54.499543,55.296217,35384160.00
02/13/2019,55.757891,56.240635,55.436227,55.518501,20996000,0.00,0.000000,-,55.484916,52.891720,54.398683,55.269950,36037200.00
02/12/2019,54.856346,55.773016,54.809261,55.578480,32182000,0.00,0.000000,-,55.462586,52.860138,54.292098,55.115810,36204840.00
02/11/2019,54.368156,54.813974,54.165444,54.272003,21304000,0.00,0.000000,-,55.442431,52.825305,54.102074,54.814714,36551360.00
02/08/2019,53.874997,54.465294,53.852695,54.274475,21516000,0.00,0.000000,-,55.424135,52.775148,54.008350,54.691154,36846560.00
02/07/2019,54.725501,54.759204,53.825436,54.455383,40896000,0.00,0.000000,-,55.405529,52.729114,53.947066,54.670983,37193360.00
02/06/2019,56.480525,56.848776,55.152236,55.274162,42112000,0.00,0.000000,-,55.397782,52.654938,53.887466,54.548017,36652040.00
02/05/2019,55.750468,56.841349,55.374185,56.798725,71044000,0.00,0.000000,-,55.387307,52.577996,53.790942,54.351450,36423520.00
02/04/2019,55.146782,56.144981,54.966374,56.144981,51530000,0.00,0.000000,-,55.372862,52.458817,53.598637,53.977398,35982280.00
02/01/2019,55.133896,55.758391,54.761678,55.052116,29244000,0.00,0.000000,-,55.357814,52.347003,53.444769,53.806208,35695120.00
01/31/2019,54.668017,55.378254,54.291832,55.330673,30766000,0.00,0.000000,-,55.348747,52.298173,53.210113,53.702869,35773480.00
01/30/2019,52.954617,54.073253,52.876305,53.977100,25596000,0.00,0.000000,-,55.329321,52.246965,53.035354,53.527416,35892600.00
01/29/2019,53.165255,53.287676,52.331855,52.567524,20436000,0.00,0.000000,-,55.314504,52.201961,52.902896,53.468386,36007040.00
01/28/2019,53.533516,53.676754,52.725141,53.036400,25686000,0.00,0.000000,-,55.307538,52.177606,52.844561,53.389433,36203800.00
01/25/2019,53.775880,54.221947,53.618269,54.072762,22382000,0.00,0.000000,-,55.295120,52.146431,52.779633,53.325546,36278800.00
01/24/2019,53.353601,53.502042,52.571495,53.225727,27226000,0.00,0.000000,-,55.280412,52.121808,52.651933,53.223148,36368440.00
01/23/2019,53.396710,53.772395,52.524400,53.308487,19340000,0.00,0.000000,-,55.265927,52.130234,52.409868,53.226915,36419200.00
01/22/2019,53.924567,54.098532,52.708784,53.058205,32270000,0.00,0.000000,-,55.248944,52.147898,52.171892,53.230435,36855760.00
01/18/2019,54.519324,54.933273,54.068299,54.433083,39112000,0.00,0.000000,-,55.238360,52.133316,52.020452,53.219877,36703680.00
01/17/2019,53.501792,54.112905,53.205901,54.018734,24854000,0.00,0.000000,-,55.220240,52.075655,51.833971,53.083330,36898000.00
01/16/2019,53.528061,54.141405,53.495349,53.576138,26636000,0.00,0.000000,-,55.201284,52.043825,51.682333,52.717357,37136520.00
01/15/2019,52.049597,53.530540,51.909335,53.386806,29272000,0.00,0.000000,-,55.182822,52.032951,51.522641,52.543291,37196600.00
01/14/2019,51.888514,52.116999,51.607740,51.777988,22886000,0.00,0.000000,-,55.171581,52.032574,51.435781,52.337406,37623080.00
01/11/2019,52.694408,52.723899,51.965831,52.397526,30416000,0.00,0.000000,-,55.161636,52.024169,51.478430,52.299689,38450440.00
01/10/2019,52.916458,53.089432,52.423308,53.048790,29128000,0.00,0.000000,-,55.148728,51.987383,51.494514,52.233720,39394400.00
01/09/2019,53.609841,53.658413,52.854005,53.263397,23986000,0.00,0.000000,-,55.144485,51.988513,51.448469,52.080719,40486880.00
01/08/2019,53.335256,53.754065,52.563065,53.343681,35298000,0.00,0.000000,-,55.131329,52.009240,51.361461,51.592821,41025480.00
01/07/2019,53.106769,53.230676,52.277082,52.952625,39638000,0.00,0.000000,-,55.124588,51.983894,51.263078,51.113349,41112480.00
01/04/2019,51.178275,53.074059,50.921933,53.067616,41878000,0.00,0.000000,-,55.130161,52.018885,51.263921,50.821028,41059200.00
01/03/2019,51.595101,52.387117,50.260368,50.359001,36822000,0.00,0.000000,-,55.136852,52.049069,51.214631,50.584612,40827320.00
01/02/2019,50.384278,52.156158,50.341654,51.835484,30652000,0.00,0.000000,-,55.157609,52.128767,51.438581,50.647309,40597920.00
12/31/2018,52.088747,52.174985,50.732208,51.327953,29866000,0.00,0.000000,-,55.179883,52.170518,51.558970,50.501990,40822680.00
12/28/2018,52.022333,52.316738,51.203552,51.400814,28296000,0.00,0.000000,-,55.208127,52.249899,51.689544,50.534157,40812240.00
12/27/2018,50.413017,51.738334,49.414323,51.737839,42196000,0.00,0.000000,-,55.235983,52.333363,51.811346,50.657172,41017720.00
12/26/2018,49.018323,51.545540,48.720450,51.518776,47466000,0.00,0.000000,-,55.259350,52.381310,51.812660,50.755307,40722760.00
12/24/2018,48.269431,49.738478,48.081588,48.384418,31806000,0.00,0.000000,-,55.290337,52.451313,51.835359,50.816220,40613960.00
12/21/2018,50.321337,50.753528,48.259022,48.548965,91920000,0.00,0.000000,-,55.335890,52.553512,51.953468,51.130101,41157440.00
12/20/2018,50.461602,51.259068,49.382614,50.029411,53470000,0.00,0.000000,-,55.372185,52.654303,52.097373,51.412807,40389320.00
12/19/2018,51.247662,52.635920,49.961997,50.703461,49586000,0.00,0.000000,-,55.397023,52.782582,52.137891,51.706815,39843400.00
12/18/2018,50.856118,52.015395,50.625648,50.985973,43850000,0.00,0.000000,-,55.414879,52.907441,52.130432,51.844650,39624640.00
12/17/2018,51.422122,52.197289,49.954562,50.382290,47708000,0.00,0.000000,-,55.430298,53.034957,52.211666,52.229853,39221360.00
12/14/2018,52.040178,52.665663,51.584694,51.649620,33732000,0.00,0.000000,-,55.445759,53.185291,52.331063,52.615950,39151000.00
12/13/2018,52.936768,53.516159,52.235947,52.630966,26596000,0.00,0.000000,-,55.452554,53.344736,52.334929,52.844932,38978840.00
12/12/2018,52.933304,53.609838,52.675079,52.719189,30476000,0.00,0.000000,-,55.463168,53.481738,52.270868,52.965519,39122080.00
12/11/2018,52.362831,52.566533,51.537607,52.127903,27894000,0.00,0.000000,-,55.476701,53.612217,52.208791,52.870012,39055600.00
12/10/2018,51.300196,51.964342,50.717337,51.523232,36154000,0.00,0.000000,-,55.499500,53.752699,52.244476,52.854499,39049960.00
12/07/2018,52.537293,53.293129,50.975561,51.376030,42024000,0.00,0.000000,-,55.521119,53.906433,52.350665,52.776834,38831200.00
12/06/2018,51.261046,53.091904,51.088072,52.969482,55384000,0.00,0.000000,-,55.538479,54.049086,52.491449,52.781939,38575640.00
12/04/2018,54.673958,54.738392,52.040181,52.081814,46904000,0.00,0.000000,-,55.549038,54.163993,52.459431,52.568967,37859040.00
12/03/2018,55.666210,55.741046,54.700969,54.838009,39824000,0.00,0.000000,-,55.561835,54.285472,52.432841,52.416214,37429360.00
11/30/2018,53.977600,54.299760,53.422992,54.243259,51604000,0.00,0.000000,-,55.558953,54.344610,52.312303,52.193478,38395120.00
11/29/2018,53.333778,54.234089,53.329811,53.939438,29378000,0.00,0.000000,-,55.557737,54.436242,52.251762,52.046176,37853200.00
11/28/2018,51.979711,53.867070,51.335390,53.836838,49508000,0.00,0.000000,-,55.553127,54.518309,52.223188,51.824925,37742200.00
11/27/2018,51.595107,52.416864,51.470704,51.764118,36064000,0.00,0.000000,-,55.544669,54.592643,52.099231,51.576218,37233480.00
11/26/2018,51.463758,52.006969,51.243698,51.972771,38856000,0.00,0.000000,-,55.546535,54.703307,52.038938,51.547570,37034800.00
11/23/2018,51.049907,51.426092,50.673178,50.746582,13830000,0.00,0.000000,-,55.543849,54.826135,52.095564,51.634453,36635280.00
11/21/2018,51.384954,51.969798,51.221890,51.427082,30686000,0.00,0.000000,-,55.538308,54.976261,52.273223,51.924496,36931160.00
11/20/2018,49.563022,51.136154,49.365760,50.839764,48982000,0.00,0.000000,-,55.541026,55.100377,52.305686,52.200959,36835640.00
11/19/2018,52.398024,52.575956,50.368913,50.554279,37172000,0.00,0.000000,-,55.554616,55.250652,52.498809,52.349895,36339720.00
11/16/2018,52.507554,52.883735,51.990612,52.610645,33162000,0.00,0.000000,-,55.563488,55.394028,52.699935,52.449467,36042440.00
11/15/2018,51.778980,53.124119,51.138131,52.770241,36722000,0.00,0.000000,-,55.575981,55.496464,52.786596,52.431129,35939720.00
11/14/2018,52.041163,52.267368,51.099465,51.726933,31318000,0.00,0.000000,-,55.601503,55.602262,52.844238,52.457348,35960680.00
11/13/2018,51.708598,52.368528,51.106900,51.349762,30274000,0.00,0.000000,-,55.632797,55.743834,53.022739,52.621452,36158840.00
11/12/2018,52.605693,52.641873,51.099472,51.477638,29436000,0.00,0.000000,-,55.664428,55.903377,53.233953,52.622245,36285760.00
11/09/2018,53.230182,53.307995,52.195304,52.841606,26864000,0.00,0.000000,-,55.698367,56.081368,53.366831,52.530306,36423600.00
11/08/2018,54.092092,54.185767,53.141719,53.647015,29764000,0.00,0.000000,-,55.725549,56.252826,53.475696,52.556674,36418880.00
11/07/2018,52.982868,54.294303,52.829220,54.191708,41168000,0.00,0.000000,-,55.747350,56.418267,53.468064,52.621949,36343160.00
11/06/2018,51.519763,52.752149,51.449879,52.329128,24666000,0.00,0.000000,-,55.764907,56.554823,53.437905,52.410414,36041400.00
11/05/2018,52.288979,52.460962,50.615732,51.549995,48828000,0.00,0.000000,-,55.793198,56.739208,53.643616,52.647722,36010600.00
11/02/2018,53.217297,53.675507,52.269651,52.427261,36780000,0.00,0.000000,-,55.821875,56.918190,53.913437,52.950404,35412680.00
11/01/2018,53.319899,53.725075,52.658728,53.032433,29640000,0.00,0.000000,-,55.841631,57.064490,54.160162,53.142064,35074120.00
10/31/2018,52.527381,54.119840,52.388106,53.367970,50596000,0.00,0.000000,-,55.856448,57.200620,54.403491,53.231128,34836280.00
10/30/2018,49.982322,51.421136,49.600189,51.357697,64254000,0.00,0.000000,-,55.870130,57.324379,54.716184,53.424027,34306600.00
10/29/2018,53.650483,54.372616,49.356342,50.558247,77614000,0.00,0.000000,-,55.891330,57.494439,55.122354,53.845660,33369840.00
10/26/2018,51.398335,54.842963,51.252617,53.105286,83752000,0.00,0.000000,-,55.916652,57.673738,55.556600,54.203356,32373400.00
10/25/2018,53.121155,55.063529,53.010134,54.299763,50916000,0.00,0.000000,-,55.925090,57.807579,55.858934,54.394719,31235640.00
10/24/2018,54.729965,54.822646,51.978720,52.076359,39648000,0.00,0.000000,-,55.926835,57.925350,56.104444,54.314179,30948840.00
10/23/2018,53.572169,54.910373,53.032430,54.702209,36974000,0.00,0.000000,-,55.940601,58.115067,56.426059,54.465396,30695120.00
10/22/2018,54.670984,55.125476,54.073253,54.576813,30284000,0.00,0.000000,-,55.941406,58.245240,56.626690,54.639510,30354560.00
10/19/2018,54.190716,55.032794,53.912173,54.343868,25352000,0.00,0.000000,-,55.941671,58.380497,56.805637,54.876471,30192360.00
10/18/2018,55.601773,55.601773,53.383828,53.923073,41890000,0.00,0.000000,-,55.939178,58.531803,56.978190,55.178259,30024760.00
10/17/2018,55.830754,55.956148,54.627859,55.296959,29344000,0.00,0.000000,-,55.937818,58.688065,57.223280,55.575854,29735080.00
10/16/2018,54.746822,55.719743,54.643235,55.574028,38570000,0.00,0.000000,-,55.925256,58.813490,57.360570,56.008342,29745800.00
10/15/2018,54.960924,55.185741,53.974126,54.135204,27448000,0.00,0.000000,-,55.906700,58.916075,57.459547,56.399047,29407080.00
10/12/2018,54.915822,55.262762,53.845357,55.018913,42026000,0.00,0.000000,-,55.895769,59.046386,57.617653,56.909843,29293960.00
10/11/2018,53.178150,54.836529,52.946693,53.494362,58980000,0.00,0.000000,-,55.880724,59.161442,57.772414,57.323149,29065960.00
10/10/2018,56.059740,56.113764,53.584066,53.588528,53514000,0.00,0.000000,-,55.875128,59.300902,58.010341,57.894709,28513240.00
10/09/2018,56.806650,57.213066,56.381500,56.443356,26174000,0.00,0.000000,-,55.869899,59.435753,58.212558,58.386721,28100840.00
10/08/2018,57.002920,57.889603,55.875557,56.946419,38648000,0.00,0.000000,-,55.851266,59.515966,58.308066,58.613869,28317320.00
10/05/2018,57.864816,58.162193,56.755596,57.361752,23686000,0.00,0.000000,-,55.830444,59.604713,58.346898,58.734802,28396600.00
10/04/2018,59.244164,59.352212,57.273838,57.899025,44190000,0.00,0.000000,-,55.808966,59.714724,58.365435,58.778121,28885120.00
10/03/2018,59.723435,59.793318,59.169818,59.621830,25124000,0.00,0.000000,-,55.786403,59.809399,58.373489,58.870705,28852440.00
10/02/2018,59.027577,59.969275,58.812970,59.481079,33758000,0.00,0.000000,-,55.752016,59.854134,58.332674,58.712798,29677240.00
10/01/2018,59.470170,59.966296,58.994861,59.243172,27152000,0.00,0.000000,-,55.714606,59.859477,58.324966,58.520047,30049760.00
09/28/2018,59.072667,59.248122,58.707388,59.151970,27612000,0.00,0.000000,-,55.676269,59.849168,58.381666,58.325462,30005680.00
09/27/2018,58.817921,59.579706,58.664277,59.209965,25216000,0.00,0.000000,-,55.638356,59.842715,58.494794,58.221678,29964120.00
09/26/2018,58.739609,59.189640,58.224899,58.508648,29246000,0.00,0.000000,-,55.600306,59.843944,58.630250,58.125972,30017240.00
09/25/2018,58.293544,58.825358,57.889608,58.714828,19554000,0.00,0.000000,-,55.564759,59.862094,58.755793,58.038394,30076480.00
09/24/2018,57.352836,58.385233,56.844319,58.155754,25420000,0.00,0.000000,-,55.526665,59.861311,58.897469,58.002262,30107680.00
09/21/2018,59.079117,59.089527,57.792460,57.794941,88112000,0.00,0.000000,-,55.488256,59.876626,59.014636,57.958994,30088040.00
09/20/2018,58.483868,58.974541,58.155264,58.824860,24508000,0.00,0.000000,-,55.448373,59.893864,59.112003,57.952749,28826560.00
09/19/2018,57.739929,58.147832,57.224473,58.042759,23828000,0.00,0.000000,-,55.401737,59.861182,59.162705,57.876273,28784400.00
09/18/2018,57.348874,58.290076,57.348874,57.553570,24072000,0.00,0.000000,-,55.361858,59.843092,59.238363,57.952550,28627200.00
09/17/2018,57.995670,58.347567,57.197210,57.297329,26130000,0.00,0.000000,-,55.327211,59.835984,59.353721,58.129886,28509360.00
09/14/2018,58.439760,58.505431,57.905964,58.114128,18880000,0.00,0.000000,-,55.293907,59.820243,59.465015,58.437870,28385200.00
09/13/2018,58.025409,58.415471,57.634360,58.252903,28624000,0.00,0.000000,-,55.262901,59.772405,59.549173,58.767910,28434280.00
09/12/2018,58.123542,58.415467,57.411815,57.632866,25910000,0.00,0.000000,-,55.232885,59.700598,59.645945,59.134528,28133400.00
09/11/2018,57.573890,58.418937,57.306745,58.353516,24186000,0.00,0.000000,-,55.202600,59.665547,59.842413,59.473193,28102120.00
09/10/2018,58.097271,58.213745,57.498550,57.723068,22308000,0.00,0.000000,-,55.167559,59.604376,59.985279,59.792675,28144440.00
09/07/2018,57.427180,58.249432,57.355066,57.732491,28026000,0.00,0.000000,-,55.135306,59.554397,60.166109,60.070278,28127240.00
09/06/2018,58.796611,58.796611,57.096599,58.060104,37770000,0.00,0.000000,-,55.099013,59.494079,60.374943,60.271256,28084280.00
09/05/2018,59.168325,59.426550,57.592221,58.805527,41226000,0.00,0.000000,-,55.061259,59.441562,60.558747,60.449137,27954160.00
09/04/2018,59.687257,60.119447,59.103899,59.326931,36620000,0.00,0.000000,-,55.023100,59.380431,60.696879,60.524177,27992560.00
08/31/2018,61.209334,61.391724,60.034939,60.377171,36328000,0.00,0.000000,-,54.979462,59.339273,60.765697,60.577557,27784560.00
08/30/2018,61.667792,62.133935,61.090881,61.414528,26628000,0.00,0.000000,-,54.931835,59.279272,60.779377,60.492160,27553240.00
08/29/2018,61.331762,61.986489,61.277689,61.919083,25978000,0.00,0.000000,-,54.878958,59.210598,60.747235,60.330436,27680080.00
08/28/2018,61.522077,61.584281,60.897586,61.019508,26080000,0.00,0.000000,-,54.824134,59.130068,60.674650,60.157362,27808920.00
08/27/2018,60.843559,61.611288,60.750182,61.548344,23126000,0.00,0.000000,-,54.774598,59.072882,60.640229,60.211634,27852800.00
08/24/2018,59.912766,60.548658,59.790791,60.499096,18932000,0.00,0.000000,-,54.724547,58.984105,60.585511,60.177882,28239280.00
08/23/2018,59.829500,60.530322,59.685770,59.742271,19852000,0.00,0.000000,-,54.678127,58.916174,60.629746,60.261940,28398000.00
08/22/2018,59.475619,60.062444,59.426057,59.838917,17748000,0.00,0.000000,-,54.633649,58.846201,60.785746,60.478629,28603520.00
08/21/2018,59.872132,60.331083,59.493172,59.555920,24112000,0.00,0.000000,-,54.590318,58.778785,60.925439,60.668356,28613360.00
08/20/2018,59.724430,60.020817,59.209273,59.860729,17416000,0.00,0.000000,-,54.546693,58.707781,61.040574,60.869582,28562840.00
08/17/2018,59.576238,59.922683,58.892762,59.523205,27792000,0.00,0.000000,-,54.501524,58.621640,61.034948,60.953838,28730840.00
08/16/2018,60.701319,60.764264,59.602010,59.797291,26864000,0.00,0.000000,-,54.455846,58.545214,60.995174,61.066594,28783000.00
08/15/2018,60.925836,61.222223,59.946964,60.188339,36576000,0.00,0.000000,-,54.408915,58.476212,60.946775,61.164035,28925000.00
08/14/2018,61.219744,61.749077,60.720151,61.562225,26962000,0.00,0.000000,-,54.360564,58.402145,60.900929,61.191939,28864680.00
08/13/2018,61.308462,61.917740,61.142970,61.210823,19946000,0.00,0.000000,-,54.293768,58.300234,60.793625,61.068824,29081280.00
08/10/2018,61.606829,61.740402,61.061633,61.339684,22174000,0.00,0.000000,-,54.228919,58.185733,60.666868,60.993141,29651000.00
08/09/2018,61.948804,62.228440,61.756004,61.909157,16972000,0.00,0.000000,-,54.162735,58.034447,60.545959,60.997552,30442840.00
08/08/2018,61.481437,62.275934,61.359412,61.736191,27406000,0.00,0.000000,-,54.093186,57.854732,60.383343,61.092862,30558800.00
08/07/2018,61.309452,62.011760,61.268315,61.568172,29880000,0.00,0.000000,-,54.029396,57.671061,60.156072,61.182521,30756720.00
08/06/2018,60.714697,60.768623,60.258567,60.703297,21634000,0.00,0.000000,-,53.965517,57.505957,59.934575,61.211565,30518880.00
08/03/2018,60.943680,60.962515,60.222042,60.650764,21792000,0.00,0.000000,-,53.908034,57.361699,59.759320,61.116058,30392920.00
08/02/2018,59.768042,60.956565,59.713027,60.771694,30626000,0.00,0.000000,-,53.850657,57.218937,59.552295,60.923754,30381360.00
08/01/2018,60.863391,61.134499,59.981665,60.467381,31344000,0.00,0.000000,-,53.792631,57.063884,59.299821,60.729516,30204840.00
07/31/2018,60.467377,60.842964,59.753173,60.331078,32894000,0.00,0.000000,-,53.735552,56.924682,59.009579,60.609920,29987240.00
07/30/2018,60.863879,61.206160,60.044107,60.453991,36998000,0.00,0.000000,-,53.678696,56.775100,58.787042,60.518426,29955440.00
07/27/2018,62.994595,63.137833,61.012074,61.383797,42612000,0.00,0.000000,-,53.621577,56.635184,58.529091,60.340595,29633000.00
07/26/2018,62.003331,62.933677,61.905197,62.862259,48112000,0.00,0.000000,-,53.555683,56.479824,58.221107,60.094366,29219680.00
07/25/2018,61.415018,62.739836,61.415018,62.632782,42556000,0.00,0.000000,-,53.483487,56.292377,57.813823,59.673824,28855400.00
07/24/2018,62.577773,62.746781,61.238084,61.858612,66364000,0.00,0.000000,-,53.412906,56.130306,57.453896,59.129623,28611520.00
07/23/2018,58.534425,59.797293,58.533930,59.748226,52384000,0.00,0.000000,-,53.343984,55.981795,57.148415,58.657584,27785720.00
07/20/2018,58.829327,59.320000,58.693524,58.727722,24948000,0.00,0.000000,-,53.281084,55.874808,57.024457,58.402581,27315240.00
07/19/2018,59.029546,59.475613,58.648903,58.829311,25534000,0.00,0.000000,-,53.224800,55.773551,56.956927,58.180835,27629400.00
07/18/2018,59.305123,59.698652,58.996840,59.271420,27872000,0.00,0.000000,-,53.166888,55.641664,56.914501,57.870126,27605800.00
07/17/2018,58.098758,59.626290,58.018465,59.416142,32208000,0.00,0.000000,-,53.108213,55.501807,56.845559,57.409239,27634800.00
07/16/2018,58.949762,59.029557,58.448680,58.675678,21114000,0.00,0.000000,-,53.046433,55.352533,56.782763,57.055657,27766120.00
07/13/2018,58.732176,59.248475,58.484361,58.921509,24438000,0.00,0.000000,-,52.987113,55.193792,56.704453,56.717588,28069880.00
07/12/2018,57.487649,58.702936,57.291627,58.656841,25038000,0.00,0.000000,-,52.921700,55.030789,56.613505,56.347847,28222360.00
07/11/2018,56.729334,57.705726,56.551402,57.190765,22400000,0.00,0.000000,-,52.856646,54.885897,56.492844,55.953821,28292760.00
07/10/2018,57.343417,57.472777,56.977147,57.138226,15968000,0.00,0.000000,-,52.800796,54.750521,56.456712,55.778170,28513280.00
07/09/2018,56.922131,57.228928,56.671344,57.198196,18180000,0.00,0.000000,-,52.746180,54.628804,56.400087,55.639245,28841840.00
07/06/2018,55.688017,56.547935,55.547108,56.510265,19922000,0.00,0.000000,-,52.691048,54.515790,56.317862,55.646333,29310040.00
07/05/2018,55.041221,55.882305,54.939616,55.722218,21334000,0.00,0.000000,-,52.636936,54.397840,56.277443,55.733018,29868040.00
07/03/2018,56.294662,56.294662,54.520305,54.662552,13580000,0.00,0.000000,-,52.585075,54.294461,56.308693,55.958876,31345480.00
07/02/2018,54.469758,55.907086,54.212028,55.880322,24346000,0.00,0.000000,-,52.539824,54.259331,56.399814,56.281879,32010400.00
06/29/2018,55.510581,55.918336,55.262766,55.294983,26302000,0.00,0.000000,-,52.489679,54.205308,56.429131,56.509869,32279360.00
06/28/2018,54.622904,55.625070,54.321560,55.224102,21448000,0.00,0.000000,-,52.444933,54.177602,56.438671,56.691319,32452400.00
06/27/2018,55.576993,56.097206,54.698735,54.716579,25878000,0.00,0.000000,-,52.399794,54.135830,56.366235,56.879164,32561080.00
06/26/2018,55.907086,56.165307,55.344991,55.434254,31264000,0.00,0.000000,-,52.356451,54.106271,56.276576,57.031867,32971640.00
06/25/2018,56.680270,56.695633,55.152737,55.748981,43146000,0.00,0.000000,-,52.308880,54.026494,56.132496,57.135255,32830840.00
06/22/2018,57.450473,57.616856,56.861662,57.269070,26220000,0.00,0.000000,-,52.262078,53.931789,56.010695,57.160928,32457120.00
06/21/2018,58.229114,58.350295,57.108096,57.377125,24762000,0.00,0.000000,-,52.205658,53.809894,55.821761,56.989391,32475520.00
06/20/2018,58.251905,58.795910,57.947094,57.980797,32970000,0.00,0.000000,-,52.148856,53.673407,55.628539,56.821868,32573840.00
06/19/2018,57.418759,58.051679,57.196222,57.892582,32420000,0.00,0.000000,-,52.091239,53.536415,55.380452,56.658509,32704240.00
06/18/2018,56.682746,58.202349,56.679774,58.160221,28274000,0.00,0.000000,-,52.034556,53.385139,55.161185,56.517749,32756480.00
06/15/2018,56.940969,57.166977,56.674569,57.109482,42450000,0.00,0.000000,-,51.974117,53.220173,54.895775,56.348392,32889560.00
06/14/2018,56.692663,57.268582,56.533566,57.102547,26868000,0.00,0.000000,-,51.916879,53.096811,54.713210,56.186024,32585760.00
06/13/2018,56.557350,56.824000,56.173731,56.243614,30128000,0.00,0.000000,-,51.857822,52.970941,54.538871,55.853307,33042280.00
06/12/2018,56.059239,56.491425,56.042635,56.468132,18240000,0.00,0.000000,-,51.803575,52.850622,54.401186,55.521284,33349760.00
06/11/2018,55.441192,56.366036,55.441192,56.005714,21586000,0.00,0.000000,-,51.749542,52.718933,54.304240,55.129737,34057120.00
06/08/2018,55.420376,55.841166,55.121509,55.553699,25816000,0.00,0.000000,-,51.699238,52.621591,54.225609,54.860461,34716120.00
06/07/2018,56.071634,56.294666,55.338100,55.701893,30400000,0.00,0.000000,-,51.650621,52.506297,54.167867,54.654130,35547520.00
06/06/2018,56.609394,56.650532,55.795222,56.347206,33964000,0.00,0.000000,-,51.596796,52.388576,54.066016,54.435210,36177640.00
06/05/2018,56.550902,56.786227,56.164311,56.484985,33560000,0.00,0.000000,-,51.540738,52.305637,53.860403,54.102394,36564400.00
06/04/2018,55.626064,56.595517,55.609955,56.466652,37792000,0.00,0.000000,-,51.484067,52.188579,53.650083,53.804620,36755880.00
06/01/2018,54.487100,55.510577,54.444972,55.485794,48432000,0.00,0.000000,-,51.431449,52.099157,53.424372,53.443157,37066840.00
05/31/2018,52.911494,54.380049,52.911494,53.775379,61766000,0.00,0.000000,-,51.382560,52.070787,53.187016,53.240395,36849760.00
05/30/2018,52.686971,52.993269,52.379679,52.923386,22770000,0.00,0.000000,-,51.342335,52.083396,53.036815,53.224436,36347200.00
05/29/2018,52.779161,53.199456,52.299889,52.552658,37302000,0.00,0.000000,-,51.304317,52.115136,52.961256,53.281087,37014160.00
05/25/2018,53.479489,53.654940,53.219532,53.312958,17988000,0.00,0.000000,-,51.266382,52.189887,52.854721,53.478744,37504920.00
05/24/2018,53.478491,53.551346,52.841604,53.490387,15336000,0.00,0.000000,-,51.228525,52.263161,52.741692,53.590756,37703320.00
05/23/2018,52.791061,53.566723,52.621554,53.512699,21214000,0.00,0.000000,-,51.190746,52.332797,52.644549,53.681605,37913160.00
05/22/2018,53.704505,53.854678,52.868375,53.019047,21800000,0.00,0.000000,-,51.153492,52.390766,52.499552,53.696821,38251760.00
05/21/2018,53.233651,53.924562,53.213330,53.507240,20464000,0.00,0.000000,-,51.118359,52.484708,52.376263,53.618412,38684680.00
05/18/2018,52.628984,53.029457,52.570502,52.852020,31304000,0.00,0.000000,-,51.079717,52.564465,52.346204,53.495545,39126600.00
05/17/2018,53.522610,53.868559,53.205902,53.458179,20876000,0.00,0.000000,-,51.046022,52.623583,52.362560,53.405588,39042560.00
05/16/2018,53.394733,53.987506,53.342690,53.615784,21946000,0.00,0.000000,-,51.009405,52.654362,52.385136,53.133636,39142040.00
05/15/2018,54.023694,54.026171,53.204417,53.489899,29898000,0.00,0.000000,-,50.971918,52.667536,52.361123,52.849194,39316240.00
05/14/2018,54.519313,55.052114,54.475204,54.529224,30362000,0.00,0.000000,-,50.937794,52.679134,52.348558,52.641426,39199160.00
05/11/2018,54.202121,54.585244,54.068798,54.433083,25074000,0.00,0.000000,-,50.896629,52.658040,52.194368,52.230698,39500560.00
05/10/2018,53.826916,54.541120,53.807589,54.398876,28860000,0.00,0.000000,-,50.859343,52.629551,52.023400,51.892627,40005440.00
05/09/2018,52.442630,53.797684,52.356638,53.664856,40656000,0.00,0.000000,-,50.822946,52.636648,51.862172,51.607492,40181280.00
05/08/2018,52.464434,52.564058,51.899666,52.234959,24354000,0.00,0.000000,-,50.797565,52.671868,51.706569,51.302283,40077800.00
05/07/2018,52.003002,52.620063,51.897434,52.278572,29322000,0.00,0.000000,-,50.777494,52.760923,51.651380,51.134115,40214360.00
05/04/2018,50.400633,51.967318,50.400633,51.952450,38774000,0.00,0.000000,-,50.756024,52.832293,51.553890,51.196862,40132320.00
05/03/2018,50.504718,51.033801,49.874770,50.738655,36302000,0.00,0.000000,-,50.736863,52.890203,51.451864,51.319531,39883720.00
05/02/2018,50.955738,51.564820,50.696525,50.771366,32062000,0.00,0.000000,-,50.722410,52.977057,51.462000,51.636636,39762840.00
05/01/2018,50.240048,51.469708,49.969931,51.412216,28558000,0.00,0.000000,-,50.704825,53.054454,51.463883,51.873051,39690840.00
04/30/2018,51.050402,51.396846,50.398151,50.421944,33426000,0.00,0.000000,-,50.684673,53.111442,51.404655,52.055690,39791480.00
04/27/2018,51.842910,52.016380,50.831329,51.052380,32396000,0.00,0.000000,-,50.667284,53.183001,51.377743,52.158038,39860320.00
04/26/2018,51.025624,51.941053,50.464573,51.547523,41590000,0.00,0.000000,-,50.645917,53.222305,51.382055,52.154173,39834720.00
04/25/2018,50.827869,51.173322,50.321829,50.612762,47822000,0.00,0.000000,-,50.618670,53.234259,51.294130,52.116851,39508960.00
04/24/2018,52.140285,52.388100,50.087882,50.553280,95206000,0.00,0.000000,-,50.595777,53.264750,51.254282,52.110854,39375600.00
04/23/2018,53.421999,53.662875,52.571496,52.906048,46826000,0.00,0.000000,-,50.570651,53.282395,51.336631,52.168645,38873840.00
04/20/2018,53.627188,54.140167,53.011121,53.179138,37794000,0.00,0.000000,-,50.530812,53.217041,51.222933,51.910917,39080960.00
04/19/2018,53.002698,54.230123,52.942230,53.909698,34954000,0.00,0.000000,-,50.490852,53.192874,51.163755,51.584197,39272760.00
04/18/2018,53.400681,53.400681,52.845328,53.135521,26882000,0.00,0.000000,-,50.444015,53.185836,51.171635,51.287364,39952880.00
04/17/2018,52.109069,53.422985,51.954925,53.238609,46406000,0.00,0.000000,-,50.403534,53.169698,51.235150,51.054715,40934560.00
04/16/2018,51.396848,51.706121,50.888335,51.445419,24224000,0.00,0.000000,-,50.364783,53.207109,51.298740,50.753621,41949600.00
04/13/2018,51.589154,51.863733,50.701975,51.013729,24460000,0.00,0.000000,-,50.340624,53.335695,51.540979,50.597447,42429960.00
04/12/2018,50.804072,51.579735,50.625399,51.174309,27140000,0.00,0.000000,-,50.315361,53.475135,51.839125,50.609937,42556240.00
04/11/2018,50.950288,51.117511,50.349581,50.552792,29678000,0.00,0.000000,-,50.295477,53.605169,52.129019,50.471409,42635960.00
04/10/2018,50.873461,51.361162,50.125063,51.131191,39490000,0.00,0.000000,-,50.282001,53.759419,52.421937,50.397709,42593960.00
04/09/2018,50.395677,51.525713,50.260864,50.328766,35032000,0.00,0.000000,-,50.263526,53.902358,52.751184,50.504617,42611680.00
04/06/2018,50.554273,51.120282,49.713190,49.911938,34928000,0.00,0.000000,-,50.249648,54.055925,53.109499,50.534949,42503240.00
04/05/2018,51.611459,51.683819,50.560771,50.941364,27260000,0.00,0.000000,-,50.235669,54.211751,53.404300,50.743312,42371320.00
04/04/2018,49.236403,50.986374,49.216082,50.809036,49694000,0.00,0.000000,-,50.218213,54.352668,53.607088,51.055906,42359360.00
04/03/2018,50.252440,50.603347,49.269109,50.227661,45502000,0.00,0.000000,-,50.197059,54.482196,53.780359,51.415585,42012680.00
04/02/2018,50.694039,51.287806,49.085721,49.883686,53608000,0.00,0.000000,-,50.179440,54.605211,53.972466,51.843859,41813920.00
03/29/2018,50.139440,51.694232,49.706754,51.138630,54536000,0.00,0.000000,-,50.165634,54.727454,54.152008,52.484510,41221040.00
03/28/2018,49.463892,50.763927,48.603478,49.789024,67386000,0.00,0.000000,-,50.146208,54.826768,54.245509,53.068313,40611360.00
03/27/2018,52.685495,52.776641,49.410370,49.815796,61906000,0.00,0.000000,-,50.130927,54.942944,54.493745,53.786629,39893760.00
03/26/2018,51.842914,52.320209,49.979344,52.200264,53302000,0.00,0.000000,-,50.117231,55.059080,54.774246,54.446164,39343840.00
03/23/2018,51.893969,52.703330,50.614746,50.632092,43134000,0.00,0.000000,-,50.099933,55.110933,54.998618,54.997751,38669120.00
03/22/2018,53.621241,53.671794,51.838459,51.995571,53340000,0.00,0.000000,-,50.089864,55.191264,55.259369,55.684049,38223560.00
03/21/2018,54.159488,54.831560,53.783304,54.067299,37578000,0.00,0.000000,-,50.071895,55.247945,55.401987,56.065288,37517760.00
03/20/2018,54.469758,54.777046,53.699548,54.405823,36638000,0.00,0.000000,-,50.045330,55.263864,55.452690,56.158269,37185240.00
03/19/2018,55.511079,55.609212,53.974626,54.510403,56118000,0.00,0.000000,-,50.015069,55.268345,55.464461,56.145134,36964120.00
03/16/2018,57.202660,57.288898,56.103351,56.290203,61840000,0.00,0.000000,-,49.982142,55.255042,55.452020,56.101073,36243600.00
03/15/2018,56.995489,57.546630,56.231227,56.976654,27908000,0.00,0.000000,-,49.939798,55.202258,55.337505,55.819506,35578880.00
03/14/2018,56.760064,57.423216,56.573208,56.972191,25828000,0.00,0.000000,-,49.896752,55.118417,55.139550,55.422704,35515760.00
03/13/2018,57.988731,58.323778,56.171255,56.411140,38144000,0.00,0.000000,-,49.852636,55.016228,54.898203,55.200860,35354200.00
03/12/2018,57.683920,58.338151,57.365227,57.716133,43446000,0.00,0.000000,-,49.810847,54.926984,54.684512,55.102328,34926160.00
03/09/2018,56.303581,57.532745,56.128179,57.495075,42560000,0.00,0.000000,-,49.758920,54.812861,54.370481,54.999486,34566000.00
03/08/2018,55.278627,55.887263,55.153729,55.807961,27102000,0.00,0.000000,-,49.706576,54.710464,53.977645,54.834689,34019040.00
03/07/2018,53.983546,55.124983,53.799768,54.997108,25850000,0.00,0.000000,-,49.660944,54.645159,53.785786,54.738685,33779040.00
03/06/2018,54.480657,54.611008,54.012537,54.274475,30656000,0.00,0.000000,-,49.617420,54.599551,53.713821,54.747110,33660320.00
03/05/2018,53.287185,54.375588,52.982869,54.069786,24044000,0.00,0.000000,-,49.576575,54.569705,53.616529,54.783787,33554640.00
03/02/2018,52.193825,53.627137,51.947745,53.474533,45432000,0.00,0.000000,-,49.534122,54.549632,53.668496,54.802968,33609240.00
03/01/2018,54.909382,55.020898,52.883791,53.008640,50318000,0.00,0.000000,-,49.500439,54.547867,53.888505,54.855505,33322440.00
02/28/2018,55.660754,55.883786,54.679900,54.753750,37652000,0.00,0.000000,-,49.467618,54.542584,54.137361,54.856396,33626440.00
02/27/2018,56.563293,56.702069,55.411450,55.425823,35482000,0.00,0.000000,-,49.424867,54.487489,54.283473,54.595546,33496880.00
02/26/2018,55.897175,56.698116,55.842410,56.687706,31182000,0.00,0.000000,-,49.378355,54.410488,54.425446,54.266696,33300320.00
02/23/2018,55.145794,55.871395,54.752956,55.847111,25220000,0.00,0.000000,-,49.325082,54.308121,54.504970,53.741476,33188480.00
02/22/2018,55.321739,55.650339,54.647681,54.847916,26344000,0.00,0.000000,-,49.276853,54.223180,54.612967,53.120601,33161200.00
02/21/2018,54.839988,56.202971,54.833049,55.081360,30258000,0.00,0.000000,-,49.234147,54.154208,54.755734,52.832888,33150640.00
02/20/2018,54.051941,55.210723,53.950336,54.641247,28462000,0.00,0.000000,-,49.188497,54.074501,54.901028,52.680532,33128760.00
02/16/2018,53.944885,54.750780,53.940075,54.261593,33590000,0.00,0.000000,-,49.146170,53.991156,55.033237,52.449270,33068320.00
02/15/2018,53.481964,54.096995,52.751901,53.999901,36868000,0.00,0.000000,-,49.104596,53.902289,55.139079,52.534023,33223440.00
02/14/2018,51.989120,53.117670,51.880085,53.017555,31116000,0.00,0.000000,-,49.061704,53.812243,55.238874,52.921506,33248640.00
02/13/2018,51.793355,52.456012,51.748104,52.145252,25302000,0.00,0.000000,-,49.022765,53.753233,55.393213,53.418326,33390160.00
02/12/2018,51.942045,52.611145,51.591532,52.137321,41154000,0.00,0.000000,-,48.986550,53.722811,55.565841,53.971399,33573720.00
02/09/2018,50.417976,51.742302,49.194264,51.435505,70118000,0.00,0.000000,-,48.942515,53.692796,55.740105,54.584196,33734400.00
02/08/2018,52.309310,52.468407,49.595736,49.638359,57182000,0.00,0.000000,-,48.901366,53.702342,55.907975,55.268463,32901800.00
02/07/2018,53.604383,53.616279,51.954924,51.970787,47384000,0.00,0.000000,-,48.869343,53.754572,56.158491,56.105334,32281320.00
02/06/2018,50.910146,53.612815,50.709760,53.557800,68960000,0.00,0.000000,-,48.823294,53.746671,56.301431,56.678580,31548440.00
02/05/2018,54.053419,55.014943,52.141777,52.328629,75966000,0.00,0.000000,-,48.764460,53.702421,56.366706,57.121525,30467760.00
02/02/2018,55.609707,55.662741,54.880041,55.109123,97158000,0.00,0.000000,-,48.711391,53.681298,56.481766,57.617205,29387240.00
02/01/2018,57.622456,58.186979,57.370179,57.874729,48242000,0.00,0.000000,-,48.643566,53.588595,56.418573,57.744135,27825480.00
01/31/2018,58.016979,58.137419,57.449979,57.985756,30774000,0.00,0.000000,-,48.561569,53.441284,56.207386,57.556242,27419480.00
01/30/2018,57.881171,58.311875,57.667555,57.675983,31126000,0.00,0.000000,-,48.479104,53.305045,55.947328,57.368100,27255880.00
01/29/2018,58.309898,58.825849,58.086862,58.265289,27578000,0.00,0.000000,-,48.394814,53.163513,55.656666,57.160283,26974960.00
01/26/2018,58.240509,58.278175,57.399422,58.278175,40376000,0.00,0.000000,-,48.307767,53.015240,55.340851,56.896014,26807080.00
01/25/2018,58.114123,58.283134,57.629893,58.007069,29610000,0.00,0.000000,-,48.220414,52.866462,55.027439,56.547487,26353880.00
01/24/2018,58.352030,58.477423,57.545145,57.703251,28332000,0.00,0.000000,-,48.134760,52.725406,54.745847,56.211649,26049680.00
01/23/2018,57.485665,58.069367,57.431146,57.987244,26662000,0.00,0.000000,-,48.050609,52.593588,54.487822,55.924282,25981120.00
01/22/2018,56.377432,57.487147,56.259473,57.285427,32360000,0.00,0.000000,-,47.965834,52.464605,54.224295,55.611886,25883360.00
01/19/2018,56.096903,56.395771,55.921948,56.378422,35564000,0.00,0.000000,-,47.885443,52.343196,53.999131,55.346328,25681080.00
01/18/2018,56.076093,56.130613,55.386672,55.995800,23964000,0.00,0.000000,-,47.810370,52.232561,53.833516,55.093012,25419880.00
01/17/2018,55.818862,56.135075,55.362384,56.104343,24052000,0.00,0.000000,-,47.738196,52.136102,53.703041,54.858530,25371160.00
01/16/2018,56.130614,56.497379,55.403129,55.597813,31506000,0.00,0.000000,-,47.663252,52.030631,53.535048,54.526556,25309720.00
01/12/2018,54.638767,55.723207,54.576318,55.622593,34410000,0.00,0.000000,-,47.591321,51.935213,53.355109,54.153049,25228960.00
01/11/2018,54.831568,54.842720,54.499002,54.792912,19566000,0.00,0.000000,-,47.519244,51.830516,53.152768,53.785688,25073040.00
01/10/2018,54.375588,54.747311,54.326521,54.648682,20856000,0.00,0.000000,-,47.448716,51.742878,52.991589,53.507391,25515760.00
01/09/2018,54.985212,55.043199,54.580330,54.829582,18050000,0.00,0.000000,-,47.378559,51.660267,52.839157,53.280045,27165720.00
01/08/2018,54.629847,55.077896,54.599615,54.863289,20952000,0.00,0.000000,-,47.306239,51.527735,52.667645,53.051361,27621560.00
01/05/2018,54.221938,54.729960,54.122810,54.629841,25582000,0.00,0.000000,-,47.234532,51.395293,52.479281,52.836704,27687040.00
01/04/2018,53.924567,54.200633,53.726413,53.845264,20092000,0.00,0.000000,-,47.166967,51.264754,52.271488,52.651934,27660280.00
01/03/2018,52.750417,53.839812,52.695898,53.650978,28604000,0.00,0.000000,-,47.103542,51.147834,52.070138,52.574020,27849800.00
01/02/2018,51.958891,52.880763,51.804751,52.784611,24752000,0.00,0.000000,-,47.045533,51.054378,51.862469,52.547553,27751000.00
12/29/2017,51.878599,52.026298,51.788394,51.862740,17750000,0.00,0.000000,-,46.992778,50.974532,51.726592,52.543539,27781400.00
12/28/2017,52.120471,52.276592,51.781952,51.948982,16742000,0.00,0.000000,-,46.943805,50.921411,51.664663,52.557169,27849440.00
12/27/2017,52.407441,52.456013,51.944524,52.009945,25438000,0.00,0.000000,-,46.894009,50.865940,51.599041,52.519847,28030680.00
12/26/2017,52.441138,52.542743,52.051076,52.375221,15212000,0.00,0.000000,-,46.843517,50.809071,51.594184,52.475786,27886120.00
12/22/2017,52.591811,52.744959,52.509040,52.542744,15102000,0.00,0.000000,-,46.791178,50.742597,51.587915,52.398270,28049800.00
12/21/2017,52.782142,52.999226,52.625718,52.716717,19914000,0.00,0.000000,-,46.737434,50.670939,51.539566,52.283928,28252720.00
12/20/2017,53.120650,53.199949,52.612133,52.782135,25372000,0.00,0.000000,-,46.681688,50.597209,51.470995,52.121857,28531760.00
12/19/2017,53.290151,53.371435,52.712745,53.066128,26774000,0.00,0.000000,-,46.624795,50.505666,51.395511,51.891042,28411680.00
12/18/2017,52.838146,53.453222,52.635926,53.386311,31092000,0.00,0.000000,-,46.565624,50.412805,51.265904,51.566256,28232760.00
12/15/2017,52.269651,52.914467,52.016383,52.744465,65518000,0.00,0.000000,-,46.503829,50.315413,51.122047,51.177384,28080480.00
12/14/2017,51.793352,52.462452,51.699676,51.999039,31174000,0.00,0.000000,-,46.445565,50.222007,51.043515,50.909645,27255640.00
12/13/2017,51.848865,51.875875,51.465246,51.575771,25654000,0.00,0.000000,-,46.391413,50.125389,50.973532,50.772157,27013120.00
12/12/2017,51.527204,52.056537,51.232803,51.569332,25590000,0.00,0.000000,-,46.340519,50.043293,50.937326,50.678235,26855360.00
12/11/2017,51.322504,51.733874,51.151511,51.600056,23856000,0.00,0.000000,-,46.286676,49.956845,50.900823,50.712582,26856920.00
12/08/2017,51.421137,51.647145,51.174907,51.399330,25816000,0.00,0.000000,-,46.234184,49.875572,50.868533,50.777560,27012200.00
12/07/2017,50.575591,51.260059,50.458672,51.096004,29164000,0.00,0.000000,-,46.182537,49.788787,50.854184,50.795204,26904000.00
12/06/2017,49.637362,50.800606,49.619518,50.473984,25440000,0.00,0.000000,-,46.133073,49.703102,50.876289,50.820134,27216480.00
12/05/2017,49.361794,50.584511,48.982141,49.818268,41346000,0.00,0.000000,-,46.086578,49.610399,50.913337,50.899980,27374440.00
12/04/2017,50.190481,50.360979,49.343450,49.497589,38128000,0.00,0.000000,-,46.043584,49.526955,50.964759,50.965552,27290240.00
12/01/2017,50.346115,50.677691,49.663138,50.067074,38192000,0.00,0.000000,-,46.001305,49.457418,51.048520,51.066710,26948760.00
11/30/2017,50.671742,50.975067,50.306462,50.624161,34480000,0.00,0.000000,-,45.955209,49.380378,51.086709,51.177385,26701160.00
11/29/2017,51.678368,51.747756,50.338682,50.636555,49188000,0.00,0.000000,-,45.905043,49.291333,51.096844,51.174907,26679480.00
11/28/2017,52.293450,52.654517,51.545543,51.912804,28488000,0.00,0.000000,-,45.855181,49.192355,51.084404,51.196417,26070400.00
11/27/2017,51.545543,52.311786,51.468225,52.249832,26158000,0.00,0.000000,-,45.798637,49.061103,51.009316,51.089064,26023400.00
11/24/2017,51.340843,51.703052,51.297724,51.575771,10740000,0.00,0.000000,-,45.739027,48.928353,50.922729,50.959505,26502400.00
11/22/2017,51.297718,51.530960,51.120777,51.345299,14926000,0.00,0.000000,-,45.681769,48.813862,50.754091,50.913164,26846640.00
11/21/2017,50.718337,51.303181,50.685874,51.272449,21940000,0.00,0.000000,-,45.625372,48.713874,50.598885,50.932444,26989160.00
11/20/2017,50.567164,50.683637,50.430370,50.473984,19070000,0.00,0.000000,-,45.568989,48.612349,50.440407,50.926694,27004120.00
11/17/2017,51.248657,51.268978,50.442762,50.509174,27942000,0.00,0.000000,-,45.515203,48.523829,50.316672,50.963966,27129520.00
11/16/2017,50.679177,51.343324,50.679177,51.173817,22594000,0.00,0.000000,-,45.461278,48.432049,50.240122,51.030331,26975280.00
11/15/2017,50.515120,50.756987,50.327278,50.599380,17080000,0.00,0.000000,-,45.403297,48.336342,50.121047,50.996033,27008480.00
11/14/2017,50.682654,50.891808,50.264341,50.851662,19184000,0.00,0.000000,-,45.347485,48.244056,50.051411,51.018782,27277960.00
11/13/2017,50.723789,51.128220,50.681661,50.839268,17716000,0.00,0.000000,-,45.290684,48.147359,49.967600,50.972391,27424840.00
11/10/2017,50.874456,51.087573,50.815970,50.954250,14400000,0.00,0.000000,-,45.235314,48.059721,49.883962,50.929568,27449480.00
11/09/2017,51.247663,51.247663,50.537720,51.112354,24904000,0.00,0.000000,-,45.184572,47.971757,49.788826,50.885953,27794520.00
11/08/2017,51.075683,51.720102,50.973087,51.538105,21774000,0.00,0.000000,-,45.135229,47.870955,49.681199,50.595018,27816920.00
11/07/2017,50.914597,51.246672,50.808534,51.214951,22246000,0.00,0.000000,-,45.084630,47.753432,49.555805,50.265325,27855680.00
11/06/2017,50.999848,51.291277,50.802090,50.846695,22504000,0.00,0.000000,-,45.032723,47.634956,49.405307,49.954119,27845360.00
11/03/2017,50.658855,51.181250,50.569642,51.172825,21528000,0.00,0.000000,-,44.981527,47.525908,49.284125,49.669379,27816640.00
11/02/2017,50.641508,50.955240,50.207832,50.830837,20980000,0.00,0.000000,-,44.925159,47.415679,49.151321,49.449914,27894200.00
11/01/2017,50.415995,51.033551,50.403108,50.826874,27468000,0.00,0.000000,-,44.869796,47.317961,49.013487,49.246062,27910680.00
10/31/2017,50.317370,50.752533,50.079466,50.387749,26614000,0.00,0.000000,-,44.815418,47.218032,48.830550,49.084040,27828000.00
10/30/2017,50.256902,50.800608,49.934741,50.411041,41702000,0.00,0.000000,-,44.762874,47.109013,48.684711,48.962809,27673080.00
10/27/2017,50.018504,51.961373,49.969437,50.518101,103354000,0.00,0.000000,-,44.711023,47.003503,48.526505,48.838356,27376120.00
10/26/2017,48.571757,48.948437,48.185166,48.203007,40842000,0.00,0.000000,-,44.658261,46.896160,48.377420,48.691698,25819920.00
10/25/2017,47.995335,48.377963,47.606268,48.241169,24226000,0.00,0.000000,-,44.617458,46.850958,48.320274,48.767380,25405760.00
10/24/2017,48.076126,48.186651,47.630058,48.102890,24244000,0.00,0.000000,-,44.575691,46.800295,48.248804,48.846285,25274600.00
10/23/2017,49.043592,49.043592,47.883815,47.999298,29568000,0.00,0.000000,-,44.535077,46.752843,48.135602,48.856495,25215520.00
10/20/2017,49.039635,49.116952,48.798758,48.978176,23664000,0.00,0.000000,-,44.494857,46.699256,48.017940,48.898872,25106880.00
10/19/2017,48.869135,49.011877,48.491959,48.792313,26272000,0.00,0.000000,-,44.446736,46.619003,47.870069,48.852728,25363200.00
10/18/2017,49.155118,49.400452,48.917463,49.206661,21152000,0.00,0.000000,-,44.397780,46.557991,47.741205,48.780912,25314600.00
10/17/2017,49.081755,49.386566,48.997499,49.175430,25804000,0.00,0.000000,-,44.346564,46.492548,47.589468,48.577059,25316200.00
10/16/2017,49.171469,49.261030,48.770010,49.166512,18210000,0.00,0.000000,-,44.291956,46.430277,47.415080,48.406612,25213000.00
10/13/2017,49.166509,49.424734,49.017822,49.051525,23396000,0.00,0.000000,-,44.240110,46.366797,47.224263,48.214655,25281720.00
10/12/2017,48.940996,49.271581,48.819566,48.959827,25248000,0.00,0.000000,-,44.189400,46.301344,47.052304,48.063141,25294800.00
10/11/2017,48.260502,49.102576,48.187643,49.030216,33866000,0.00,0.000000,-,44.140759,46.244406,46.896875,47.873167,25519600.00
10/10/2017,48.571756,48.649568,47.881839,48.204990,19368000,0.00,0.000000,-,44.091359,46.186497,46.762658,47.651323,25353360.00
10/09/2017,48.571756,48.840637,48.378956,48.423065,17828000,0.00,0.000000,-,44.046420,46.144765,46.662218,47.414709,25754040.00
10/06/2017,47.912569,48.544993,47.747028,48.516743,23478000,0.00,0.000000,-,44.001209,46.109605,46.543465,47.137008,26136040.00
10/05/2017,47.356974,48.121236,47.341606,48.074150,24276000,0.00,0.000000,-,43.955990,46.065196,46.413635,46.887409,26951680.00
10/04/2017,47.431807,47.599828,47.119066,47.168133,19048000,0.00,0.000000,-,43.912434,46.043230,46.329353,46.701498,27301480.00
10/03/2017,47.283120,47.481373,47.042243,47.470963,17766000,0.00,0.000000,-,43.872566,46.042258,46.270200,46.601876,28784920.00
10/02/2017,47.579507,47.706387,46.977810,47.246941,25668000,0.00,0.000000,-,43.832930,46.064611,46.197491,46.423549,29728920.00
09/29/2017,47.183988,47.569887,47.159705,47.536385,31620000,0.00,0.000000,-,43.794221,46.084089,46.158014,46.233871,29899960.00
09/28/2017,46.656645,47.119067,46.616498,47.060085,20406000,0.00,0.000000,-,43.753825,46.093050,46.108995,46.041467,29917360.00
09/27/2017,45.981597,47.079911,45.981597,46.811775,44788000,0.00,0.000000,-,43.714118,46.114253,46.059606,45.920582,29999040.00
09/26/2017,45.782351,46.134248,45.654477,45.838852,33338000,0.00,0.000000,-,43.675657,46.134980,46.002113,45.873993,29564880.00
09/25/2017,45.868095,45.915180,45.087479,45.646053,37136000,0.00,0.000000,-,43.638871,46.163291,45.974729,45.909727,29364320.00
09/22/2017,45.982095,46.328044,45.919151,46.020752,21054000,0.00,0.000000,-,43.601753,46.198005,45.962140,45.949923,29043120.00
09/21/2017,46.242298,46.417254,45.787805,46.215038,25812000,0.00,0.000000,-,43.559769,46.216472,45.944173,45.939861,29139920.00
09/20/2017,45.745675,46.285914,45.697103,46.171917,33396000,0.00,0.000000,-,43.517657,46.227752,45.930667,45.957208,29236520.00
09/19/2017,45.470104,45.717919,45.228732,45.687687,18734000,0.00,0.000000,-,43.472783,46.226275,45.913592,45.938523,29013880.00
09/18/2017,45.598473,45.701069,45.132084,45.350163,26138000,0.00,0.000000,-,43.429690,46.233204,45.876048,45.971433,29116320.00
09/15/2017,45.828939,45.919639,45.417565,45.612347,50108000,0.00,0.000000,-,43.390793,46.236763,45.865318,46.082156,29248680.00
09/14/2017,46.155554,46.230890,45.796223,45.851238,27952000,0.00,0.000000,-,43.353757,46.223282,45.842247,46.176524,28816320.00
09/13/2017,46.126314,46.452933,46.086663,46.345879,22052000,0.00,0.000000,-,43.314883,46.209999,45.846831,46.198629,28982840.00
09/12/2017,46.221971,46.266081,45.789335,46.196198,22688000,0.00,0.000000,-,43.271909,46.173927,45.814937,46.130233,29225720.00
09/11/2017,46.304252,46.508944,45.940954,46.048008,25340000,0.00,0.000000,-,43.229513,46.150791,45.791643,46.039731,29608040.00
09/08/2017,46.415274,46.440053,45.839846,45.920139,20230000,0.00,0.000000,-,43.189662,46.139600,45.755239,45.974357,30420920.00
09/07/2017,46.179350,46.411306,45.777395,46.388508,24254000,0.00,0.000000,-,43.150680,46.153468,45.707509,45.948485,31104880.00
09/06/2017,46.101044,46.138959,45.561799,45.985065,30554000,0.00,0.000000,-,43.107211,46.144923,45.675170,45.904126,31651760.00
09/05/2017,46.246264,46.440550,45.695123,46.016788,26528000,0.00,0.000000,-,43.068408,46.169169,45.672642,45.888662,31680040.00
09/01/2017,46.645236,46.712147,46.348850,46.457394,18948000,0.00,0.000000,-,43.027774,46.205984,45.674896,45.780664,31760640.00
08/31/2017,46.180833,46.687364,46.180833,46.556023,31652000,0.00,0.000000,-,42.983452,46.225562,45.651651,45.648479,31758240.00
08/30/2017,45.600447,46.134193,45.580621,46.072289,26024000,0.00,0.000000,-,42.933084,46.245506,45.612794,45.507969,31606080.00
08/29/2017,44.859492,45.763025,44.854534,45.661915,23712000,0.00,0.000000,-,42.889580,46.266382,45.614826,45.495033,31536000.00
08/28/2017,45.399724,45.560556,45.195027,45.291180,21730000,0.00,0.000000,-,42.850244,46.302147,45.638467,45.499642,31675080.00
08/25/2017,45.770952,45.873298,45.374945,45.394272,21068000,0.00,0.000000,-,42.818400,46.327890,45.679828,45.543555,32478360.00
08/24/2017,46.027190,46.135238,45.374943,45.661415,25406000,0.00,0.000000,-,42.787329,46.354079,45.743368,45.536121,32910240.00
08/23/2017,45.693637,46.090139,45.566258,45.944920,21804000,0.00,0.000000,-,42.752942,46.383301,45.775113,45.466534,32998000.00
08/22/2017,45.237153,45.888409,45.175445,45.830421,23334000,0.00,0.000000,-,42.712058,46.409470,45.826658,45.446213,33367240.00
08/21/2017,45.102350,45.251040,44.775232,44.936810,18868000,0.00,0.000000,-,42.671773,46.427521,45.891115,45.456622,34405960.00
08/18/2017,45.117707,45.363787,44.961288,45.135551,26854000,0.00,0.000000,-,42.637584,46.470314,46.073705,45.569129,35352360.00
08/17/2017,45.884455,45.937980,45.150921,45.150921,25544000,0.00,0.000000,-,42.606097,46.542418,46.227970,45.654823,35408040.00
08/16/2017,45.860158,46.227419,45.768714,45.942928,20134000,0.00,0.000000,-,42.574763,46.611767,46.369646,45.717619,35478720.00
08/15/2017,45.807624,45.922611,45.589054,45.708004,17668000,0.00,0.000000,-,42.542153,46.660944,46.478511,45.734619,35801880.00
08/14/2017,45.723370,45.829335,45.508267,45.730309,21290000,0.00,0.000000,-,42.510713,46.721866,46.585518,45.777293,35949360.00
08/11/2017,45.001730,45.487944,44.883275,45.319927,24136000,0.00,0.000000,-,42.480083,46.774334,46.661721,45.816101,36223960.00
08/10/2017,45.476539,45.561295,44.910531,44.965546,36480000,0.00,0.000000,-,42.453636,46.826434,46.764812,45.950615,36305440.00
08/09/2017,45.628213,45.894368,45.461682,45.741714,23842000,0.00,0.000000,-,42.430309,46.883551,46.863740,46.083692,36555080.00
08/08/2017,45.949374,46.381761,45.876019,45.934505,21232000,0.00,0.000000,-,42.399696,46.936068,46.915607,46.207103,36664920.00
08/07/2017,46.047014,46.177860,45.920134,46.061882,20644000,0.00,0.000000,-,42.367525,46.980357,46.923786,46.325608,36741080.00
08/04/2017,45.932524,46.108819,45.748149,45.992493,21646000,0.00,0.000000,-,42.335840,47.020186,46.922398,46.578281,36992400.00
08/03/2017,46.110453,46.204624,45.708994,45.778877,24050000,0.00,0.000000,-,42.302955,47.046950,46.899178,46.801117,36969400.00
08/02/2017,46.024707,46.222465,45.433420,46.112930,36488000,0.00,0.000000,-,42.267346,47.071900,46.857149,47.021673,36996720.00
08/01/2017,46.211565,46.462700,46.056930,46.134743,25554000,0.00,0.000000,-,42.229713,47.083270,46.810857,47.222403,36715120.00
07/31/2017,46.682912,46.767168,45.897335,46.118389,39402000,0.00,0.000000,-,42.191886,47.086423,46.731234,47.393742,36761240.00
07/28/2017,46.063875,46.779070,45.969704,46.665073,36928000,0.00,0.000000,-,42.156112,47.086165,46.677285,47.507341,36611960.00
07/27/2017,47.173086,47.173086,45.597973,46.296314,64260000,0.00,0.000000,-,42.116843,47.064446,46.618454,47.579008,36818240.00
07/26/2017,47.316822,47.332681,46.702188,46.975826,41766000,0.00,0.000000,-,42.080129,47.073278,46.634314,47.643787,35920840.00
07/25/2017,47.273696,47.565624,46.856873,47.119556,93220000,0.00,0.000000,-,42.037327,47.062652,46.583586,47.624111,35528760.00
07/24/2017,48.186162,48.879054,48.114297,48.588612,64966000,0.00,0.000000,-,41.994246,47.044333,46.587477,47.521963,34084600.00
07/21/2017,47.692010,48.236212,47.587928,48.220848,34220000,0.00,0.000000,-,41.943724,46.995028,46.550924,47.266515,33119280.00
07/20/2017,48.323941,48.368546,47.655337,47.984436,32490000,0.00,0.000000,-,41.895031,46.951274,46.511695,46.997240,32904440.00
07/19/2017,47.969068,48.226798,47.780235,48.120235,24490000,0.00,0.000000,-,41.846561,46.915609,46.490135,46.692625,32887360.00
07/18/2017,47.233553,47.978979,47.114599,47.848133,23080000,0.00,0.000000,-,41.798584,46.879338,46.439928,46.399311,32929480.00
07/17/2017,47.431804,47.617170,47.047248,47.254372,23310000,0.00,0.000000,-,41.751402,46.841403,46.420029,46.068726,33232400.00
07/14/2017,47.183995,47.427351,46.985991,47.381752,21076000,0.00,0.000000,-,41.708813,46.819833,46.386227,45.847229,33335040.00
07/13/2017,46.900981,47.305416,46.738416,46.944103,25894000,0.00,0.000000,-,41.665946,46.791136,46.352325,45.657899,33513320.00
07/12/2017,46.523811,46.901482,46.315152,46.779064,30642000,0.00,0.000000,-,41.623086,46.760685,46.361247,45.624841,33630320.00
07/11/2017,46.070812,46.164484,45.697104,46.098072,22264000,0.00,0.000000,-,41.584197,46.729698,46.384962,45.543061,33863880.00
07/10/2017,45.685712,46.112450,45.577663,46.034138,23856000,0.00,0.000000,-,41.548789,46.705778,46.416707,45.652991,34729120.00
07/07/2017,45.045348,45.674301,45.045348,45.528091,32756000,0.00,0.000000,-,41.510977,46.651705,46.468822,45.835333,35062720.00
07/06/2017,44.810918,45.347387,44.591849,44.938293,28490000,0.00,0.000000,-,41.474504,46.605255,46.629456,46.026151,34902480.00
07/05/2017,44.693946,45.325871,44.532369,45.187096,36278000,0.00,0.000000,-,41.439564,46.571165,46.813459,46.287645,35001480.00
07/03/2017,45.210391,45.297620,44.348488,44.542282,34196000,0.00,0.000000,-,41.404169,46.522643,46.974192,46.480545,34824920.00
06/30/2017,45.897835,45.897835,45.018586,45.039402,41804000,0.00,0.000000,-,41.372711,46.467618,47.184785,46.771331,34670440.00
06/29/2017,46.089643,46.156059,45.133077,45.488445,65984000,0.00,0.000000,-,41.336471,46.401124,47.350499,46.925224,34217960.00
06/28/2017,46.044042,46.725533,45.399721,46.613522,54428000,0.00,0.000000,-,41.297291,46.322240,47.472324,47.046752,33279960.00
06/27/2017,46.711158,47.000110,45.937477,45.961269,51598000,0.00,0.000000,-,41.254798,46.219476,47.532717,47.097653,32526080.00
06/26/2017,48.071173,48.240184,47.124025,47.197376,31968000,0.00,0.000000,-,41.213247,46.130104,47.653031,47.226863,31852120.00
06/23/2017,47.423384,47.877876,47.293033,47.857555,30558000,0.00,0.000000,-,41.169396,46.002519,47.700612,47.180423,31661720.00
06/22/2017,47.516066,47.616181,47.310379,47.436268,18828000,0.00,0.000000,-,41.123491,45.862483,47.710400,47.102311,31410760.00
06/21/2017,47.265276,47.585455,47.122534,47.553238,24044000,0.00,0.000000,-,41.079625,45.729912,47.705122,47.232761,31466080.00
06/20/2017,47.457580,47.660790,47.085362,47.116093,22520000,0.00,0.000000,-,41.033039,45.596369,47.678779,47.339272,31376760.00
06/19/2017,47.082881,47.579998,47.037777,47.450142,30666000,0.00,0.000000,-,40.987973,45.471510,47.657046,47.467839,31349280.00
06/16/2017,46.589240,46.690350,46.172663,46.578335,61894000,0.00,0.000000,-,40.940809,45.343152,47.599157,47.598239,31237720.00
06/15/2017,46.290369,46.754723,45.818032,46.703724,42662000,0.00,0.000000,-,40.898510,45.235729,47.575515,47.775773,30621960.00
06/14/2017,47.576525,47.637489,46.700748,47.122528,29794000,0.00,0.000000,-,40.856341,45.128931,47.519285,47.897897,30186880.00
06/13/2017,47.179530,47.579503,46.791944,47.253376,40266000,0.00,0.000000,-,40.811432,45.017702,47.500055,47.967781,30259600.00
06/12/2017,46.567427,47.052897,45.361707,46.732967,75270000,0.00,0.000000,-,40.765837,44.894944,47.459612,48.079199,30015040.00
06/09/2017,48.794782,48.794782,46.372641,47.076435,66188000,0.00,0.000000,-,40.722901,44.784518,47.433145,48.220801,28931760.00
06/08/2017,48.688234,48.798264,48.432985,48.740772,29638000,0.00,0.000000,-,40.678851,44.667133,47.385491,48.318490,28322520.00
06/07/2017,48.571761,48.769023,48.370536,48.618351,29078000,0.00,0.000000,-,40.626498,44.506063,47.250109,48.177483,28377960.00
06/06/2017,48.728383,48.980656,48.330886,48.401760,36292000,0.00,0.000000,-,40.575567,44.346044,47.129250,48.018287,28554120.00
06/05/2017,48.400760,48.914234,48.328895,48.754143,25042000,0.00,0.000000,-,40.526234,44.185321,47.024498,47.846253,28620680.00
06/02/2017,48.049360,48.367553,47.877871,48.353676,35020000,0.00,0.000000,-,40.475737,44.020672,46.884359,47.600074,29514680.00
06/01/2017,48.024082,48.150470,47.580990,47.924957,28210000,0.00,0.000000,-,40.426556,43.875939,46.775469,47.375256,29374880.00
05/31/2017,48.324929,48.535573,47.589413,47.821369,48962000,0.00,0.000000,-,40.380831,43.740642,46.676566,47.140674,29796080.00
05/30/2017,48.091492,48.383420,48.050850,48.367558,29334000,0.00,0.000000,-,40.335818,43.625199,46.556574,47.032330,29309440.00
05/26/2017,48.061259,48.322952,47.829799,48.148987,25040000,0.00,0.000000,-,40.288478,43.502521,46.399683,46.840025,29407680.00
05/25/2017,47.448165,48.206429,47.355975,48.053329,33210000,0.00,0.000000,-,40.242189,43.380903,46.237338,46.645490,29297920.00
05/24/2017,47.232562,47.337143,47.060083,47.330700,20496000,0.00,0.000000,-,40.196274,43.259632,46.001196,46.452491,29186320.00
05/23/2017,46.981778,47.157577,46.716863,47.026386,25416000,0.00,0.000000,-,40.153352,43.151248,45.794939,46.322736,29088360.00
05/22/2017,46.341422,46.682565,46.341422,46.681423,22408000,0.00,0.000000,-,40.112066,43.048871,45.605311,46.240213,29069480.00
05/19/2017,46.166466,46.477966,46.143169,46.292355,27860000,0.00,0.000000,-,40.069876,42.951122,45.409289,46.202744,29302920.00
05/18/2017,45.647531,46.250715,45.536015,46.105495,31938000,0.00,0.000000,-,40.030019,42.856625,45.184223,46.168644,29250320.00
05/17/2017,46.374624,46.556171,45.505785,45.579136,47242000,0.00,0.000000,-,39.990575,42.762585,44.964684,46.175682,29007480.00
05/16/2017,46.589236,46.743375,46.469295,46.737926,19390000,0.00,0.000000,-,39.954210,42.675642,44.762938,46.212459,28477680.00
05/15/2017,46.239811,46.502495,46.060889,46.444508,22162000,0.00,0.000000,-,39.911039,42.561429,44.499808,46.080819,28533480.00
05/12/2017,46.169441,46.264108,45.987051,46.203640,21012000,0.00,0.000000,-,39.863664,42.454373,44.252216,45.959341,28448800.00
05/11/2017,45.861652,46.219001,45.748154,46.123344,16700000,0.00,0.000000,-,39.816467,42.353670,43.982940,45.829187,28405560.00
05/10/2017,46.191744,46.192734,45.853724,46.033142,23478000,0.00,0.000000,-,39.768842,42.259144,43.719562,45.549900,28670160.00
05/09/2017,46.438074,46.465334,46.070318,46.201164,31636000,0.00,0.000000,-,39.722003,42.154496,43.458291,45.267142,29104920.00
05/08/2017,45.901302,46.436830,45.858679,46.306728,26596000,0.00,0.000000,-,39.675059,42.052505,43.192038,44.970408,28912800.00
05/05/2017,46.269053,46.336460,45.855698,45.951355,38226000,0.00,0.000000,-,39.626569,41.947769,42.920358,44.615834,28937760.00
05/04/2017,45.898817,46.387508,45.825462,46.175873,28442000,0.00,0.000000,-,39.580490,41.852806,42.674402,44.199802,28762360.00
05/03/2017,45.343228,45.999441,45.228392,45.946907,29990000,0.00,0.000000,-,39.532241,41.752788,42.425968,43.753686,28586680.00
05/02/2017,45.083508,45.636139,45.075231,45.421528,31744000,0.00,0.000000,-,39.484348,41.658242,42.196812,43.313417,28491800.00
05/01/2017,44.702868,45.383864,44.678581,45.229725,42320000,0.00,0.000000,-,39.435630,41.570644,42.003790,42.918797,28501320.00
04/28/2017,45.135050,45.441843,44.892688,44.902103,65526000,0.00,0.000000,-,39.388144,41.483007,41.798078,42.545092,28169960.00
04/27/2017,43.298258,43.387471,43.138665,43.330475,40536000,0.00,0.000000,-,39.341312,41.396787,41.613555,42.136694,27384880.00
04/26/2017,43.329470,43.419678,43.008206,43.205563,24744000,0.00,0.000000,-,39.303245,41.343457,41.507391,41.889224,26996040.00
04/25/2017,42.872010,43.367640,42.763466,43.233822,33440000,0.00,0.000000,-,39.264427,41.291426,41.381477,41.649439,26986480.00
04/24/2017,42.188039,42.795185,42.121623,42.760986,27450000,0.00,0.000000,-,39.223124,41.233308,41.250655,41.413667,26771680.00
04/21/2017,41.775679,41.825241,41.662673,41.791042,26472000,0.00,0.000000,-,39.181640,41.180573,41.130886,41.224882,26618560.00
04/20/2017,41.704300,41.890657,41.599228,41.714710,19180000,0.00,0.000000,-,39.145602,41.146068,41.067421,41.149001,26551240.00
04/19/2017,41.622528,41.742968,41.449058,41.544220,19084000,0.00,0.000000,-,39.109248,41.111691,41.037535,41.098249,26664120.00
04/18/2017,41.346458,41.579900,41.271621,41.475323,16734000,0.00,0.000000,-,39.074802,41.075143,41.018329,41.080207,26756240.00
04/17/2017,40.889988,41.521422,40.863223,41.492676,17900000,0.00,0.000000,-,39.038938,41.040122,41.047026,41.088783,27006920.00
04/13/2017,40.747737,40.957886,40.713043,40.818119,22448000,0.00,0.000000,-,39.001007,41.001819,41.084074,41.051065,27261760.00
04/12/2017,40.737327,40.971760,40.692223,40.855782,18010000,0.00,0.000000,-,38.965441,40.974198,41.146573,41.090417,27624680.00
04/11/2017,40.875119,41.009781,40.493981,40.807713,21594000,0.00,0.000000,-,38.926767,40.946908,41.203273,41.125558,28128720.00
04/10/2017,40.908815,41.105083,40.828522,40.876102,19578000,0.00,0.000000,-,38.890058,40.926062,41.258462,41.113514,28995480.00
04/07/2017,41.036191,41.062214,40.667096,40.873131,21146000,0.00,0.000000,-,38.859611,40.924655,41.310032,41.087643,29790240.00
04/06/2017,41.256257,41.454014,40.961856,41.032234,25088000,0.00,0.000000,-,38.828087,40.932069,41.356076,41.036890,30556880.00
04/05/2017,41.410402,41.754369,41.172993,41.207191,31106000,0.00,0.000000,-,38.795390,40.939791,41.382840,40.985840,30652920.00
04/04/2017,41.204707,41.394036,41.089523,41.363804,20908000,0.00,0.000000,-,38.761266,40.932317,41.392654,40.976820,30620400.00
04/03/2017,41.098647,41.675066,41.098647,41.561073,33430000,0.00,0.000000,-,38.725866,40.917190,41.386062,40.956450,30987680.00
03/31/2017,41.086256,41.218589,41.007944,41.115498,28038000,0.00,0.000000,-,38.694098,40.883953,41.359372,41.005269,30987080.00
03/30/2017,41.310768,41.319688,41.087736,41.211643,21106000,0.00,0.000000,-,38.666680,40.856808,41.358183,41.117084,30794040.00
03/29/2017,40.889493,41.274348,40.759637,41.207191,35726000,0.00,0.000000,-,38.638620,40.831600,41.356027,41.202729,30889680.00
03/28/2017,40.661997,40.938558,40.345637,40.687275,32410000,0.00,0.000000,-,38.610604,40.805034,41.365519,41.280989,30720000.00
03/27/2017,39.994876,40.722462,39.817440,40.617386,37886000,0.00,0.000000,-,38.585449,40.792108,41.371193,41.403409,30511480.00
03/24/2017,40.645640,40.737331,40.091029,40.365608,39620000,0.00,0.000000,-,38.562915,40.779073,41.395405,41.532421,30295000.00
03/23/2017,40.691235,40.769052,40.257907,40.521732,69742000,0.00,0.000000,-,38.541565,40.772610,41.430619,41.675262,29928960.00
03/22/2017,41.231976,41.412385,40.997544,41.116989,28030000,0.00,0.000000,-,38.516553,40.759932,41.464694,41.779840,29004840.00
03/21/2017,42.197957,42.302039,41.088737,41.160107,49270000,0.00,0.000000,-,38.488540,40.737192,41.467593,41.808487,28954080.00
03/20/2017,42.129061,42.139471,41.888185,42.049263,24630000,0.00,0.000000,-,38.461747,40.713095,41.470567,41.815674,28624760.00
03/17/2017,42.208368,42.297082,41.985332,42.233643,34246000,0.00,0.000000,-,38.432504,40.659190,41.420186,41.713475,28666240.00
03/16/2017,42.080488,42.170692,41.936754,42.068096,19552000,0.00,0.000000,-,38.403270,40.594540,41.350896,41.599282,28410520.00
03/15/2017,42.009118,42.060662,41.671099,41.989788,27630000,0.00,0.000000,-,38.375252,40.532447,41.277048,41.509325,28682400.00
03/14/2017,41.813342,41.991769,41.672585,41.911476,15598000,0.00,0.000000,-,38.346867,40.457726,41.210757,41.450048,28837800.00
03/13/2017,41.831186,42.063388,41.794011,41.907513,24472000,0.00,0.000000,-,38.316757,40.395445,41.145384,41.338978,28823560.00
03/10/2017,41.795504,41.876289,41.608153,41.794014,34080000,0.00,0.000000,-,38.286953,40.335484,41.066405,41.258388,28795640.00
03/09/2017,41.434681,41.732058,41.345963,41.567509,25230000,0.00,0.000000,-,38.256432,40.284236,40.982916,41.185977,28429680.00
03/08/2017,41.311276,41.541250,41.226029,41.403465,19796000,0.00,0.000000,-,38.223116,40.235892,40.907829,41.149548,28174440.00
03/07/2017,41.008444,41.306321,40.964830,41.231976,20752000,0.00,0.000000,-,38.191983,40.192168,40.837449,41.126699,28167400.00
03/06/2017,40.986138,41.081795,40.760625,41.027275,22180000,0.00,0.000000,-,38.159373,40.155144,40.761691,41.125459,28236880.00
03/03/2017,41.165060,41.204711,40.926713,41.091705,17928000,0.00,0.000000,-,38.129350,40.124058,40.696541,41.126896,28173680.00
03/02/2017,41.328122,41.360830,41.119459,41.168530,18850000,0.00,0.000000,-,38.098906,40.089483,40.620833,41.102511,28307960.00
03/01/2017,41.080315,41.447329,41.001507,41.397022,29930000,0.00,0.000000,-,38.070620,40.050001,40.534259,41.044770,28908480.00
02/28/2017,40.919720,41.064939,40.651584,40.800770,45216000,0.00,0.000000,-,38.039789,40.012938,40.438974,40.971466,28960480.00
02/27/2017,40.867183,41.162084,40.839923,41.101616,22030000,0.00,0.000000,-,38.012554,39.987026,40.387205,40.951790,28737840.00
02/24/2017,41.024800,41.087745,40.849841,41.069901,27844000,0.00,0.000000,-,37.984306,39.954136,40.372411,40.874422,29155320.00
02/23/2017,41.143252,41.259230,40.784416,41.203224,29456000,0.00,0.000000,-,37.958172,39.915110,40.381109,40.779856,29440080.00
02/22/2017,41.070891,41.298385,41.069900,41.174973,19658000,0.00,0.000000,-,37.928823,39.873438,40.391864,40.666109,29579720.00
02/21/2017,41.070887,41.308296,41.055524,41.219578,25246000,0.00,0.000000,-,37.899174,39.819572,40.374790,40.548198,29781800.00
02/17/2017,40.791353,41.041645,40.723697,41.041645,32220000,0.00,0.000000,-,37.866901,39.759631,40.344184,40.397924,29981280.00
02/16/2017,40.638201,40.859751,40.591119,40.847855,25752000,0.00,0.000000,-,37.834098,39.691274,40.287063,40.266185,30013160.00
02/15/2017,40.609953,40.790365,40.565843,40.591122,26272000,0.00,0.000000,-,37.801436,39.630172,40.232581,40.139155,30055800.00
02/14/2017,40.592118,40.790371,40.443427,40.663982,21094000,0.00,0.000000,-,37.771507,39.562291,40.200588,40.023747,30111360.00
02/13/2017,40.443421,40.689206,40.418146,40.604008,24266000,0.00,0.000000,-,37.739926,39.490395,40.161334,39.906481,30896640.00
02/10/2017,40.230300,40.406250,40.135138,40.327938,22700000,0.00,0.000000,-,37.708151,39.429729,40.133182,39.822620,31368480.00
02/09/2017,40.121753,40.178753,39.875427,40.124233,19794000,0.00,0.000000,-,37.681429,39.387274,40.115067,39.870399,31561120.00
02/08/2017,39.997357,40.237242,39.808523,40.065754,23106000,0.00,0.000000,-,37.656296,39.346315,40.110978,39.982362,32040520.00
02/07/2017,39.848173,40.170828,39.738638,39.995869,24824000,0.00,0.000000,-,37.635174,39.300023,40.102081,40.117619,31813360.00
02/06/2017,39.635547,39.733186,39.414992,39.716831,23690000,0.00,0.000000,-,37.613317,39.254445,40.101288,40.201381,31908240.00
02/03/2017,39.798608,39.947790,39.668752,39.724262,29268000,0.00,0.000000,-,37.602859,39.221664,40.113208,40.290445,32071680.00
02/02/2017,39.343116,39.784227,39.253903,39.577549,30642000,0.00,0.000000,-,37.590761,39.189656,40.094696,40.307941,32018560.00
02/01/2017,39.634554,39.709395,39.213764,39.437046,40594000,0.00,0.000000,-,37.579708,39.151998,40.065876,40.326007,32024560.00
01/31/2017,39.494785,39.712368,39.180558,39.491318,43212000,0.00,0.000000,-,37.572501,39.127747,40.042197,40.377429,31734280.00
01/30/2017,40.377004,40.435487,39.640498,39.765396,64932000,0.00,0.000000,-,37.563136,39.095719,39.980317,40.416187,31459080.00
01/27/2017,41.370747,41.729583,40.663482,40.805729,59316000,0.00,0.000000,-,37.550963,39.052273,39.931919,40.443744,31114040.00
01/26/2017,41.524394,41.533813,40.989112,41.243866,59478000,0.00,0.000000,-,37.533222,38.965805,39.837105,40.359735,31389480.00
01/25/2017,41.118469,41.423285,40.892461,41.418327,29890000,0.00,0.000000,-,37.511152,38.888358,39.736493,40.239594,31172640.00
01/24/2017,40.755676,40.934099,40.533680,40.833488,29480000,0.00,0.000000,-,37.486477,38.815887,39.623092,40.086543,32472920.00
01/23/2017,40.009737,40.684785,39.835772,40.607468,39272000,0.00,0.000000,-,37.465482,38.777663,39.542280,40.001195,32926160.00
01/20/2017,39.992899,39.992899,39.734178,39.899223,33400000,0.00,0.000000,-,37.445897,38.749115,39.480946,39.935971,32687480.00
01/19/2017,39.904177,40.120271,39.739628,39.758213,18386000,0.00,0.000000,-,37.431194,38.726812,39.459634,39.881451,32653520.00
01/18/2017,39.938373,39.957949,39.699478,39.951260,25888000,0.00,0.000000,-,37.415241,38.687008,39.439871,39.805744,33139720.00
01/17/2017,40.001320,40.004292,39.668753,39.878899,27242000,0.00,0.000000,-,37.400179,38.643452,39.402029,39.706966,33399240.00
01/13/2017,40.021144,40.206707,39.981988,40.040970,21984000,0.00,0.000000,-,37.386623,38.607856,39.385277,39.544448,33603360.00
01/12/2017,40.004294,40.016686,39.609278,39.965637,27062000,0.00,0.000000,-,37.371028,38.583798,39.358488,39.420095,34126240.00
01/11/2017,39.898229,40.054354,39.718316,40.042458,21318000,0.00,0.000000,-,37.357193,38.562168,39.333062,39.314476,34555920.00
01/10/2017,40.039979,40.102924,39.824378,39.887817,23536000,0.00,0.000000,-,37.341546,38.549738,39.286869,39.233391,35837520.00
01/09/2017,39.967616,40.144356,39.790675,39.980007,25492000,0.00,0.000000,-,37.323886,38.540380,39.248458,39.159642,36466480.00
01/06/2017,39.415483,40.041960,39.264017,39.955223,32804000,0.00,0.000000,-,37.306205,38.532867,39.173544,39.083364,36615720.00
01/05/2017,38.960493,39.376821,38.907955,39.354023,26704000,0.00,0.000000,-,37.289331,38.534373,39.086907,39.025922,36590200.00
01/04/2017,39.073504,39.221204,38.815778,39.001144,21460000,0.00,0.000000,-,37.276130,38.553297,39.000395,39.037817,36735120.00
01/03/2017,38.600180,39.136453,38.450998,38.963478,33146000,0.00,0.000000,-,37.265025,38.565657,38.939978,39.073997,36812400.00
12/30/2016,38.795448,38.796934,38.183840,38.253723,35400000,0.00,0.000000,-,37.252996,38.576393,38.851656,39.097093,36852480.00
12/29/2016,38.824200,38.953065,38.605626,38.797436,14886000,0.00,0.000000,-,37.244561,38.605813,38.792429,39.226107,36851200.00
12/28/2016,39.338170,39.364435,38.817756,38.909447,23076000,0.00,0.000000,-,37.232988,38.618174,38.731094,39.296882,37376240.00
12/27/2016,39.188491,39.544354,39.038662,39.231609,15782000,0.00,0.000000,-,37.218932,38.613129,38.695880,39.351649,37351920.00
12/23/2016,39.199393,39.290591,39.019975,39.150326,12468000,0.00,0.000000,-,37.203800,38.600223,38.638114,39.340348,37377280.00
12/22/2016,39.271755,39.319336,39.084408,39.217236,19444000,0.00,0.000000,-,37.188165,38.588605,38.568155,39.337275,37674040.00
12/21/2016,39.444234,39.485671,39.011053,39.380795,24226000,0.00,0.000000,-,37.168727,38.583530,38.493141,39.263723,37660120.00
12/20/2016,39.489834,39.583506,39.316860,39.472980,19020000,0.00,0.000000,-,37.146592,38.572140,38.427991,39.147893,37724600.00
12/19/2016,39.165687,39.534434,38.969911,39.362946,24642000,0.00,0.000000,-,37.121203,38.561752,38.360535,38.962973,37814160.00
12/16/2016,39.670240,39.692841,39.169157,39.194435,48876000,0.00,0.000000,-,37.096660,38.542799,38.277121,38.805959,37694600.00
12/15/2016,39.518579,39.799107,39.299510,39.543858,32530000,0.00,0.000000,-,37.076857,38.528981,38.228624,38.606219,37145360.00
12/14/2016,39.521546,39.848664,39.353529,39.505192,34084000,0.00,0.000000,-,37.055686,38.507787,38.145928,38.358751,37079240.00
12/13/2016,39.348076,39.867498,39.320321,39.457115,42904000,0.00,0.000000,-,37.036302,38.487328,38.050321,38.165306,36878120.00
12/12/2016,38.908945,39.216733,38.874996,39.118599,42082000,0.00,0.000000,-,37.017148,38.463994,37.901583,38.040110,36531560.00
12/09/2016,38.659154,39.126533,38.610631,39.119595,36438000,0.00,0.000000,-,36.994473,38.452118,37.814228,37.935880,36324040.00
12/08/2016,38.286435,38.568944,38.026229,38.481712,29762000,0.00,0.000000,-,36.973602,38.437963,37.747986,37.799035,36121160.00
12/07/2016,37.717450,38.230925,37.459724,38.222500,35220000,0.00,0.000000,-,36.956089,38.443058,37.770017,37.722560,35969840.00
12/06/2016,37.902326,38.105536,37.536056,37.623783,33814000,0.00,0.000000,-,36.938338,38.454775,37.817896,37.708088,35726720.00
12/05/2016,37.554401,37.861194,37.316002,37.792797,27884000,0.00,0.000000,-,36.922661,38.469743,37.875909,37.758097,35663720.00
12/02/2016,36.904125,37.370514,36.830275,37.197044,29050000,0.00,0.000000,-,36.908769,38.493910,37.874670,37.748283,35670800.00
12/01/2016,37.541010,37.660455,36.529179,37.069168,60358000,0.00,0.000000,-,36.896480,38.530299,37.903490,37.851028,35684280.00
11/30/2016,38.166992,38.311716,37.411651,37.570747,47858000,0.00,0.000000,-,36.883948,38.558352,37.954986,37.933105,34944240.00
11/29/2016,38.239357,38.584810,38.076293,38.205158,32332000,0.00,0.000000,-,36.871646,38.571605,38.018353,37.935336,34378520.00
11/28/2016,37.667892,38.635859,37.657981,38.076290,43764000,0.00,0.000000,-,36.851861,38.566510,38.052303,37.763055,34201000.00
11/25/2016,37.879026,37.915702,37.693660,37.751152,11748000,0.00,0.000000,-,36.830588,38.567145,38.119536,37.692576,34145440.00
11/23/2016,38.051017,38.078425,37.432470,37.716961,29568000,0.00,0.000000,-,36.811117,38.577137,38.202975,37.696938,34432520.00
11/22/2016,38.293875,38.508482,38.014833,38.077782,31862000,0.00,0.000000,-,36.792068,38.578623,38.297343,37.817475,34276120.00
11/21/2016,37.797256,38.148658,37.697632,38.123875,26612000,0.00,0.000000,-,36.769725,38.570118,38.394982,37.927703,34196880.00
11/18/2016,38.231424,38.411337,37.667892,37.694656,30942000,0.00,0.000000,-,36.748299,38.569940,38.503797,37.993721,34189040.00
11/17/2016,38.010875,38.297347,37.877548,38.224491,26080000,0.00,0.000000,-,36.729224,38.569068,38.600024,38.001056,34324400.00
11/16/2016,37.429993,37.983119,37.197545,37.889938,29452000,0.00,0.000000,-,36.713557,38.573122,38.663811,37.955953,34310920.00
11/15/2016,37.022086,37.886761,37.022086,37.593052,47680000,0.00,0.000000,-,36.704257,38.588853,38.755552,37.976868,34079360.00
11/14/2016,37.449818,37.561337,36.059079,36.482349,73088000,0.00,0.000000,-,36.705783,38.610254,38.846674,38.101369,33702880.00
11/11/2016,37.496400,37.706549,37.191093,37.371502,48636000,0.00,0.000000,-,36.709729,38.645325,38.955415,38.341552,32670200.00
11/10/2016,39.212767,39.212767,37.280308,37.794769,94904000,0.00,0.000000,-,36.706985,38.659956,39.016155,38.546495,32067520.00
11/09/2016,38.656182,39.215600,38.246294,38.922333,52142000,0.00,0.000000,-,36.699154,38.664407,39.054889,38.709013,30668880.00
11/08/2016,38.827669,39.433976,38.668572,39.180065,27338000,0.00,0.000000,-,36.678011,38.648329,39.056946,38.777211,30078040.00
11/07/2016,38.386554,38.916382,38.289906,38.784050,31702000,0.00,0.000000,-,36.658813,38.630129,39.038508,38.862260,29870320.00
11/04/2016,37.204973,38.181365,37.200064,37.768009,42696000,0.00,0.000000,-,36.641255,38.617263,39.046984,39.013874,29702960.00
11/03/2016,38.027224,38.161046,37.619816,37.773460,38864000,0.00,0.000000,-,36.632143,38.624588,39.079348,39.198991,29219800.00
11/02/2016,38.569934,38.740927,37.838880,38.099087,37448000,0.00,0.000000,-,36.618379,38.632032,39.115852,39.371669,28871320.00
11/01/2016,38.802385,39.129499,38.438097,38.838070,48128000,0.00,0.000000,-,36.600970,38.635383,39.135107,39.534237,28493640.00
10/31/2016,39.425892,39.494784,38.857406,38.884171,48546000,0.00,0.000000,-,36.580694,38.624023,39.117314,39.591978,27911640.00
10/28/2016,40.064267,40.418149,39.332718,39.420940,85398000,0.00,0.000000,-,36.558368,38.614983,39.087626,39.569278,27285320.00
10/27/2016,39.699973,39.823385,39.229126,39.419945,54984000,0.00,0.000000,-,36.538382,38.597269,39.042820,39.485814,25865120.00
10/26/2016,39.964638,39.996356,39.468018,39.604313,32954000,0.00,0.000000,-,36.514892,38.581964,38.992415,39.400764,25135120.00
10/25/2016,40.477123,40.477123,39.905166,40.030560,31528000,0.00,0.000000,-,36.496801,38.560226,38.949023,39.336681,24887240.00
10/24/2016,39.893270,40.402778,39.889308,40.300182,33950000,0.00,0.000000,-,36.474091,38.535216,38.887912,39.214756,24631960.00
10/21/2016,39.402598,39.625630,39.353036,39.619186,25324000,0.00,0.000000,-,36.449647,38.505588,38.791512,39.080093,24249160.00
10/20/2016,39.813972,39.847180,39.453646,39.500237,35150000,0.00,0.000000,-,36.431561,38.491195,38.760610,38.959705,24132720.00
10/19/2016,39.563185,39.878406,39.552778,39.724762,35336000,0.00,0.000000,-,36.418340,38.479012,38.736423,38.860034,23744280.00
10/18/2016,39.048229,39.730215,38.934977,39.415489,41138000,0.00,0.000000,-,36.403739,38.461923,38.673775,38.735978,23565120.00
10/17/2016,38.649240,38.949094,38.535243,38.657169,21860000,0.00,0.000000,-,36.390501,38.448541,38.614671,38.642650,23185520.00
10/14/2016,38.740935,38.854928,38.460902,38.586296,17050000,0.00,0.000000,-,36.385277,38.450781,38.579333,38.605973,23468800.00
10/13/2016,38.719623,38.719623,38.312216,38.569447,27306000,0.00,0.000000,-,36.383411,38.443922,38.555419,38.599826,23583920.00
10/12/2016,38.845519,39.062111,38.761262,38.963478,18748000,0.00,0.000000,-,36.383017,38.438955,38.539484,38.584065,23552760.00
10/11/2016,38.989242,39.267784,38.687898,38.811310,27450000,0.00,0.000000,-,36.377161,38.424017,38.480875,38.561365,23891600.00
10/10/2016,38.545657,39.124058,38.454458,38.953560,23498000,0.00,0.000000,-,36.368569,38.413916,38.422936,38.561068,24422800.00
10/07/2016,38.642305,38.642305,38.200695,38.415306,18664000,0.00,0.000000,-,36.359739,38.396916,38.381006,38.502930,25489440.00
10/06/2016,38.609592,38.682943,38.438104,38.503525,21414000,0.00,0.000000,-,36.353524,38.368001,38.342793,38.561514,26528240.00
10/05/2016,38.624953,38.761747,38.443554,38.484196,29224000,0.00,0.000000,-,36.346315,38.333217,38.338976,38.612812,26704960.00
10/04/2016,38.462386,38.595218,38.306761,38.482212,24028000,0.00,0.000000,-,36.337106,38.295500,38.348591,38.611573,26595160.00
10/03/2016,38.374166,38.464121,38.138739,38.290401,25576000,0.00,0.000000,-,36.330415,38.259160,38.357637,38.586693,26527560.00
09/30/2016,38.477253,38.705738,38.366228,38.524830,31706000,0.00,0.000000,-,36.326830,38.229601,38.354911,38.552693,26519960.00
09/29/2016,38.730524,38.946621,38.373276,38.411835,26294000,0.00,0.000000,-,36.318431,38.191279,38.333822,38.511011,26296360.00
09/28/2016,38.552601,38.748868,38.409858,38.736477,22196000,0.00,0.000000,-,36.311681,38.157755,38.314096,38.494903,26286360.00
09/27/2016,38.436120,38.956034,38.377040,38.808338,23064000,0.00,0.000000,-,36.301101,38.113545,38.283194,38.400386,26333440.00
09/26/2016,38.794960,38.794960,38.315684,38.372185,30664000,0.00,0.000000,-,36.292787,38.064745,38.256281,38.284805,26390360.00
09/23/2016,38.985777,39.101755,38.864845,39.001144,28238000,0.00,0.000000,-,36.287187,38.010860,38.244708,38.259082,26288800.00
09/22/2016,38.659153,39.147349,38.581835,39.016502,29724000,0.00,0.000000,-,36.281108,37.945486,38.201365,38.124071,26104120.00
09/21/2016,38.295360,38.518396,38.079316,38.471806,23356000,0.00,0.000000,-,36.275170,37.875870,38.157823,38.065140,25884000.00
09/20/2016,38.113964,38.328572,38.090667,38.233410,19572000,0.00,0.000000,-,36.272838,37.820776,38.147564,38.085610,25951640.00
09/19/2016,38.283467,38.361779,37.888005,37.950405,23456000,0.00,0.000000,-,36.268162,37.764948,38.149397,38.128581,26004920.00
09/16/2016,38.151128,38.151128,37.898855,38.108009,40986000,0.00,0.000000,-,36.267339,37.705403,38.173485,38.157129,26165880.00
09/15/2016,37.811131,38.351861,37.665912,38.250755,26102000,0.00,0.000000,-,36.266883,37.632525,38.194847,38.156634,25867840.00
09/14/2016,37.648559,38.048532,37.623780,37.791302,21748000,0.00,0.000000,-,36.259657,37.559182,38.215043,38.133290,25910560.00
09/13/2016,37.889936,37.976177,37.459731,37.652531,27900000,0.00,0.000000,-,36.256626,37.492233,38.251348,38.166002,26060640.00
09/12/2016,37.426522,38.177897,37.370516,38.114952,26220000,0.00,0.000000,-,36.253766,37.432281,38.307727,38.227757,26040520.00
09/09/2016,38.168476,38.324351,37.651039,37.651039,37710000,0.00,0.000000,-,36.248626,37.356033,38.342916,38.230334,26155200.00
09/08/2016,38.589265,38.676498,38.340955,38.427193,25406000,0.00,0.000000,-,36.247715,37.281144,38.405342,38.278659,26174040.00
09/07/2016,38.659153,38.794462,38.470815,38.676502,17874000,0.00,0.000000,-,36.243075,37.186697,38.428537,38.250507,26535440.00
09/06/2016,38.334516,38.758278,38.213086,38.663120,28856000,0.00,0.000000,-,36.232682,37.075586,38.438227,38.209518,27229560.00
09/02/2016,38.312708,38.357808,38.084718,38.235886,21454000,0.00,0.000000,-,36.222750,36.971643,38.442390,38.170214,28432040.00
09/01/2016,38.126355,38.214079,37.881016,38.103058,18502000,0.00,0.000000,-,36.211311,36.902661,38.469055,38.189841,28871520.00
08/31/2016,38.015330,38.118421,37.934545,38.017315,24972000,0.00,0.000000,-,36.201443,36.831964,38.476068,38.233060,28975200.00
08/30/2016,38.130316,38.384873,38.006904,38.118420,22600000,0.00,0.000000,-,36.189039,36.761475,38.491259,38.296797,29062000.00
08/29/2016,38.101073,38.410842,37.995751,38.270081,16952000,0.00,0.000000,-,36.179657,36.686754,38.496166,38.336695,29443000.00
08/26/2016,38.113964,38.464870,37.957839,38.140728,23334000,0.00,0.000000,-,36.170550,36.607027,38.497975,38.387697,30464920.00
08/25/2016,38.014836,38.257202,37.825753,38.134285,18538000,0.00,0.000000,-,36.160335,36.548364,38.496116,38.455499,30791240.00
08/24/2016,38.192262,38.386548,38.018297,38.145672,21440000,0.00,0.000000,-,36.149302,36.498316,38.437880,38.532024,30906280.00
08/23/2016,38.435125,38.482706,38.251990,38.266613,18564000,0.00,0.000000,-,36.140411,36.447395,38.368814,38.606568,30999920.00
08/22/2016,38.325595,38.388539,38.165999,38.270081,19028000,0.00,0.000000,-,36.130292,36.394144,38.285399,38.666936,31132200.00
08/19/2016,38.411343,38.515425,38.318662,38.432159,17230000,0.00,0.000000,-,36.119379,36.341865,38.205157,38.714567,31238200.00
08/18/2016,38.659647,38.800903,38.510461,38.535244,14388000,0.00,0.000000,-,36.106180,36.295435,38.124171,38.748269,31289160.00
08/17/2016,38.526324,38.699298,38.338478,38.654690,18484000,0.00,0.000000,-,36.092206,36.246645,38.027846,38.719077,31634880.00
08/16/2016,38.674023,38.707726,38.334219,38.517403,20560000,0.00,0.000000,-,36.075082,36.183938,37.931892,38.685721,31799680.00
08/15/2016,38.845020,39.030386,38.664611,38.780094,18764000,0.00,0.000000,-,36.060158,36.123877,37.832320,38.655636,32014600.00
08/12/2016,38.733502,38.827423,38.678982,38.818748,14810000,0.00,0.000000,-,36.042938,36.064302,37.711733,38.608253,32129840.00
08/11/2016,38.906974,39.142398,38.806360,38.899540,19502000,0.00,0.000000,-,36.024418,36.011944,37.554693,38.536734,32370360.00
08/10/2016,38.845015,38.996776,38.796840,38.891109,15728000,0.00,0.000000,-,36.006558,35.961687,37.396339,38.343736,32481760.00
08/09/2016,38.713676,39.102249,38.687407,38.870296,26378000,0.00,0.000000,-,35.986069,35.913155,37.228568,38.131060,33019000.00
08/08/2016,38.758276,38.789502,38.564534,38.746384,22158000,0.00,0.000000,-,35.953241,35.862005,37.070908,37.903862,33281440.00
08/05/2016,38.350868,38.809822,38.279498,38.769180,36024000,0.00,0.000000,-,35.918757,35.804869,36.905689,37.695748,33468800.00
08/04/2016,38.273552,38.365243,38.103800,38.243320,22806000,0.00,0.000000,-,35.886061,35.748417,36.715888,37.500074,33400000.00
08/03/2016,38.023755,38.322619,38.005911,38.321133,25748000,0.00,0.000000,-,35.859914,35.697347,36.526929,37.336615,33715680.00
08/02/2016,38.098597,38.452971,38.056964,38.216557,35690000,0.00,0.000000,-,35.832411,35.629010,36.340052,37.178064,33733000.00
08/01/2016,37.721918,38.680466,37.721918,38.306267,54010000,0.00,0.000000,-,35.805318,35.568216,36.151415,37.009004,33750560.00
07/29/2016,38.297844,38.587292,38.003439,38.103554,76830000,0.00,0.000000,-,35.775153,35.496290,35.968849,36.815213,33338440.00
07/28/2016,37.025561,37.105355,36.641942,36.969555,70604000,0.00,0.000000,-,35.746285,35.434673,35.778800,36.572651,32508560.00
07/27/2016,36.591380,36.897678,36.527937,36.764355,30250000,0.00,0.000000,-,35.721692,35.395340,35.625650,36.448942,31896960.00
07/26/2016,36.629047,36.760389,36.392633,36.598320,23734000,0.00,0.000000,-,35.697367,35.370281,35.472674,36.326076,31818800.00
07/25/2016,36.709846,36.805999,36.552731,36.665237,20648000,0.00,0.000000,-,35.672769,35.342932,35.298807,36.237953,31869920.00
07/22/2016,36.768821,36.837218,36.506138,36.812439,25196000,0.00,0.000000,-,35.648629,35.316703,35.138842,36.115631,32001240.00
07/21/2016,36.694480,36.760397,36.470007,36.608734,20526000,0.00,0.000000,-,35.624516,35.289493,35.037560,35.931702,32174160.00
07/20/2016,36.544305,36.782205,36.532904,36.735619,25794000,0.00,0.000000,-,35.600439,35.274178,34.935534,35.717242,32391480.00
07/19/2016,36.175552,36.527449,36.131442,36.525963,24550000,0.00,0.000000,-,35.572118,35.246136,34.823398,35.502040,32479720.00
07/18/2016,35.819695,36.484828,35.744359,36.368355,25910000,0.00,0.000000,-,35.540975,35.220522,34.716218,35.293826,32720440.00
07/15/2016,35.969366,35.969861,35.638535,35.677937,25586000,0.00,0.000000,-,35.509909,35.188454,34.611986,35.122486,32875640.00
07/14/2016,35.763687,35.794913,35.587740,35.732464,19004000,0.00,0.000000,-,35.478962,35.164515,34.588469,34.984949,33041320.00
07/13/2016,35.864789,35.883624,35.529247,35.535690,18718000,0.00,0.000000,-,35.447723,35.136175,34.583438,34.802358,33278760.00
07/12/2016,35.641755,35.831083,35.482658,35.717091,26738000,0.00,0.000000,-,35.421700,35.117569,34.586635,34.619273,33562520.00
07/11/2016,35.093096,35.512399,35.052949,35.442020,22236000,0.00,0.000000,-,35.398197,35.090181,34.580985,34.359661,34022840.00
07/08/2016,34.669324,34.977111,34.517415,34.973148,31504000,0.00,0.000000,-,35.375217,35.066321,34.591690,34.162053,34725040.00
07/07/2016,34.598947,34.604895,34.110010,34.464138,26084000,0.00,0.000000,-,35.354663,35.066529,34.648564,34.143418,35334400.00
07/06/2016,34.197496,34.777382,34.153383,34.583591,28238000,0.00,0.000000,-,35.339814,35.079197,34.730145,34.153826,35910560.00
07/05/2016,34.498836,34.542450,34.142972,34.443821,29252000,0.00,0.000000,-,35.322834,35.104356,34.776932,34.144756,36129480.00
07/01/2016,34.307522,34.726330,34.304051,34.654957,26894000,0.00,0.000000,-,35.309935,35.127967,34.830460,34.138610,37925200.00
06/30/2016,33.973966,34.313476,33.883762,34.302570,31954000,0.00,0.000000,-,35.294266,35.187374,34.887780,34.101487,38611520.00
06/29/2016,33.851540,34.071052,33.772733,33.906555,38652000,0.00,0.000000,-,35.280150,35.247414,34.982692,34.191988,38584120.00
06/28/2016,33.651804,33.719207,33.355913,33.704834,43476000,0.00,0.000000,-,35.265066,35.316624,35.106699,34.364517,38623280.00
06/27/2016,33.256783,33.321217,32.874355,33.120979,52580000,0.00,0.000000,-,35.251617,35.402437,35.244682,34.553997,38377280.00
06/24/2016,33.463458,34.168742,33.378211,33.465939,88980000,0.00,0.000000,-,35.239992,35.492384,35.404275,34.802308,38049400.00
06/23/2016,34.567727,34.790759,34.049791,34.786793,43428000,0.00,0.000000,-,35.224503,35.569683,35.525457,35.021328,36723920.00
06/22/2016,34.647521,34.736734,34.351233,34.568222,23686000,0.00,0.000000,-,35.202891,35.619097,35.583446,35.153711,36538200.00
06/21/2016,34.614808,34.831400,34.298100,34.492886,29312000,0.00,0.000000,-,35.178913,35.664328,35.639527,35.306464,36605680.00
06/20/2016,34.633150,34.817029,34.367494,34.382362,41650000,0.00,0.000000,-,35.156686,35.704137,35.660095,35.409109,36507480.00
06/17/2016,35.122832,35.131260,34.121759,34.283730,68048000,0.00,0.000000,-,35.137017,35.749180,35.699820,35.522311,36190800.00
06/16/2016,35.433093,35.519335,34.855684,35.207584,39650000,0.00,0.000000,-,35.113740,35.797316,35.721132,35.674072,35411120.00
06/15/2016,35.635810,35.833069,35.552049,35.631844,24290000,0.00,0.000000,-,35.090914,35.832337,35.711889,35.773396,35039600.00
06/14/2016,35.510910,35.807792,35.344375,35.599628,26122000,0.00,0.000000,-,35.068972,35.851052,35.680441,35.848881,35006720.00
06/13/2016,35.512401,35.954998,35.512401,35.604092,25178000,0.00,0.000000,-,35.048983,35.877836,35.676030,35.935368,34937960.00
06/10/2016,35.659108,35.977301,35.508436,35.656136,24328000,0.00,0.000000,-,35.026744,35.909110,35.657370,36.006242,35065080.00
06/09/2016,35.827618,36.158203,35.801149,36.110622,19778000,0.00,0.000000,-,34.992707,35.934427,35.642253,36.029586,35266040.00
06/08/2016,35.881641,36.110126,35.714115,36.095753,31674000,0.00,0.000000,-,34.958268,35.956185,35.609318,36.013181,35583440.00
06/07/2016,35.677447,35.783510,35.514383,35.519341,26724000,0.00,0.000000,-,34.929571,35.972531,35.596680,35.972589,35711480.00
06/06/2016,35.928724,35.928724,35.418225,35.514378,31306000,0.00,0.000000,-,34.912269,35.989263,35.587387,35.911082,35697520.00
06/03/2016,36.144818,36.155720,35.713123,35.801346,24526000,0.00,0.000000,-,34.898478,36.007850,35.573931,35.877330,35709360.00
06/02/2016,36.304907,36.330680,35.892047,36.200825,26836000,0.00,0.000000,-,34.882070,36.023432,35.522113,35.768192,35791680.00
06/01/2016,36.405523,36.538351,36.213714,36.386688,25072000,0.00,0.000000,-,34.864839,36.033692,35.436121,35.650381,35762840.00
05/31/2016,36.267238,36.663245,36.243446,36.464497,42590000,0.00,0.000000,-,34.845750,36.041563,35.332559,35.512001,35996000.00
05/27/2016,35.884117,36.376079,35.883621,36.312836,39500000,0.00,0.000000,-,34.826106,36.043426,35.239604,35.416693,36336480.00
05/26/2016,35.827626,36.098239,35.699256,35.889580,31526000,0.00,0.000000,-,34.807991,36.048502,35.141346,35.308497,36290800.00
05/25/2016,35.723036,36.057588,35.670748,35.946568,32584000,0.00,0.000000,-,34.792294,36.060367,35.059319,35.254919,36310040.00
05/24/2016,35.034117,35.733453,35.034117,35.689838,38590000,0.00,0.000000,-,34.769609,36.063400,35.011168,35.205456,36346760.00
05/23/2016,35.017760,35.262996,34.901287,34.904263,26614000,0.00,0.000000,-,34.748597,36.073709,34.981554,35.220771,36262280.00
05/20/2016,34.774407,35.416743,34.719887,35.176857,36568000,0.00,0.000000,-,34.733341,36.096092,35.028416,35.263692,36518320.00
05/19/2016,34.811082,34.991491,34.535512,34.709972,33404000,0.00,0.000000,-,34.716995,36.099145,35.050793,35.270532,36920360.00
05/18/2016,34.876007,35.269046,34.725339,35.022717,35336000,0.00,0.000000,-,34.699383,36.104022,35.196558,35.276033,36820880.00
05/17/2016,35.486622,35.760706,34.897815,35.002888,40024000,0.00,0.000000,-,34.680693,36.091473,35.310652,35.221861,36944680.00
05/16/2016,35.146626,35.610039,34.974147,35.511410,26342000,0.00,0.000000,-,34.660714,36.080499,35.428860,35.153117,37338240.00
05/13/2016,35.285400,35.519932,35.153068,35.230881,26290000,0.00,0.000000,-,34.639922,36.074948,35.553065,35.062516,37600240.00
05/12/2016,35.539659,35.648203,35.140181,35.353798,27214000,0.00,0.000000,-,34.620370,36.076524,35.672437,34.974195,37857640.00
05/11/2016,35.854389,35.907418,35.328523,35.451935,33842000,0.00,0.000000,-,34.599229,36.082016,35.771290,34.863718,37964960.00
05/10/2016,35.524298,35.858846,35.473246,35.842987,31392000,0.00,0.000000,-,34.577413,36.085505,35.861569,34.816881,38148680.00
05/09/2016,35.288868,35.621439,35.189744,35.333477,30206000,0.00,0.000000,-,34.552726,36.060317,35.910909,34.742337,38513280.00
05/06/2016,34.613824,35.281934,34.600295,35.245258,36586000,0.00,0.000000,-,34.535721,36.052555,35.968402,34.793140,38806560.00
05/05/2016,34.580114,34.809097,34.481980,34.764984,33670000,0.00,0.000000,-,34.523573,36.047232,36.037864,34.831055,38731720.00
05/04/2016,34.222770,34.681721,34.149415,34.480991,33870000,0.00,0.000000,-,34.513876,36.045379,36.134141,35.117083,38843760.00
05/03/2016,34.538980,34.587056,34.297608,34.315453,30876000,0.00,0.000000,-,34.505777,36.045527,36.258023,35.399444,38970080.00
05/02/2016,34.576650,34.725836,34.248047,34.605396,32906000,0.00,0.000000,-,34.500962,36.059504,36.370631,35.704603,39132480.00
04/29/2016,34.233176,34.576152,34.148920,34.347668,49754000,0.00,0.000000,-,34.471631,36.062180,36.487302,36.043614,39110080.00
04/28/2016,35.103501,35.396420,34.176179,34.249035,57346000,0.00,0.000000,-,34.438724,36.066482,36.628308,36.370680,38868280.00
04/27/2016,35.055423,35.139188,34.315699,34.983559,61972000,0.00,0.000000,-,34.406528,36.083710,36.761955,36.678862,38718400.00
04/26/2016,35.954001,35.971149,34.844085,35.097553,54892000,0.00,0.000000,-,34.367053,36.069000,36.872704,36.906257,38486960.00
04/25/2016,35.492079,35.880156,35.466801,35.841499,39184000,0.00,0.000000,-,34.322939,36.043485,36.963479,37.079481,38245680.00
04/22/2016,35.997617,36.484327,35.368664,35.624409,119038000,0.00,0.000000,-,34.272764,36.003795,36.989202,37.143664,38671600.00
04/21/2016,37.438910,37.690193,37.149958,37.625267,61210000,0.00,0.000000,-,34.222721,35.969448,37.030166,37.244674,37346040.00
04/20/2016,37.568773,37.575315,37.172763,37.304600,30584000,0.00,0.000000,-,34.164702,35.889126,36.977926,37.151199,37565400.00
04/19/2016,38.139234,38.158564,37.139053,37.367043,40610000,0.00,0.000000,-,34.107752,35.819807,36.948387,37.116603,38652680.00
04/18/2016,37.690691,38.066876,37.534075,37.995506,31176000,0.00,0.000000,-,34.050623,35.750062,36.919046,37.036658,39882760.00
04/15/2016,37.369522,37.717453,37.305784,37.618328,36186000,0.00,0.000000,-,33.989965,35.691974,36.847154,36.930989,41326720.00
04/14/2016,37.371007,37.534566,37.306327,37.330860,22706000,0.00,0.000000,-,33.930864,35.660204,36.794568,36.885937,43071400.00
04/13/2016,37.130628,37.389348,36.887819,37.257507,34142000,0.00,0.000000,-,33.873450,35.671554,36.752167,36.845048,45156520.00
04/12/2016,36.577515,36.866467,36.231067,36.829788,27060000,0.00,0.000000,-,33.818923,35.671832,36.694204,36.839150,46529360.00
04/11/2016,36.826310,36.924444,36.480857,36.483334,24402000,0.00,0.000000,-,33.767412,35.671693,36.662979,36.847477,47377880.00
04/08/2016,36.873405,36.946756,36.456083,36.634510,25816000,0.00,0.000000,-,33.718281,35.666598,36.639982,36.834739,47960400.00
04/07/2016,36.942791,37.023576,36.492261,36.690514,29064000,0.00,0.000000,-,33.669047,35.627780,36.574732,36.815657,48321760.00
04/06/2016,36.466978,36.985901,36.456568,36.958641,21074000,0.00,0.000000,-,33.618966,35.600778,36.487897,36.804654,48273160.00
04/05/2016,36.577511,36.815412,36.447160,36.567596,22646000,0.00,0.000000,-,33.567173,35.567056,36.359728,36.780170,48536360.00
04/04/2016,37.175230,37.311034,36.797064,36.938816,22684000,0.00,0.000000,-,33.517345,35.554615,36.254059,36.801433,48888160.00
04/01/2016,36.607245,37.189113,36.527942,37.167801,31534000,0.00,0.000000,-,33.463809,35.516254,36.168811,36.763319,49399360.00
03/31/2016,37.135091,37.214390,36.723222,36.921970,34376000,0.00,0.000000,-,33.408854,35.465243,36.075905,36.703199,50146680.00
03/30/2016,37.177220,37.562821,37.109814,37.198532,35648000,0.00,0.000000,-,33.354892,35.422461,36.011225,36.659287,50366400.00
03/29/2016,36.408501,37.035968,36.119549,36.913052,38076000,0.00,0.000000,-,33.300819,35.366871,35.932618,36.549257,51096680.00
03/28/2016,36.517538,36.626578,36.304913,36.355961,26026000,0.00,0.000000,-,33.248738,35.337083,35.816145,36.478481,51225480.00
03/24/2016,36.280624,36.564967,36.230566,36.443687,31898000,0.00,0.000000,-,33.199958,35.304401,35.745617,36.445224,51705640.00
03/23/2016,36.793604,36.960135,36.485816,36.580482,28642000,0.00,0.000000,-,33.148261,35.295252,35.672387,36.333807,51877480.00
03/22/2016,36.550746,36.924451,36.550746,36.713806,25394000,0.00,0.000000,-,33.095915,35.273414,35.576978,36.171141,52140880.00
03/21/2016,36.503164,36.800541,36.355267,36.780220,36730000,0.00,0.000000,-,33.044514,35.247364,35.465709,35.939285,52613360.00
03/18/2016,36.768818,36.775757,36.271702,36.557682,59614000,0.00,0.000000,-,32.993615,35.231801,35.377413,35.706686,53064240.00
03/17/2016,36.500680,36.828789,36.478378,36.566601,37216000,0.00,0.000000,-,32.944723,35.237768,35.286490,35.574303,52650760.00
03/16/2016,36.001093,36.551243,35.908903,36.482845,32488000,0.00,0.000000,-,32.895507,35.242527,35.186298,35.448611,52686720.00
03/15/2016,36.028349,36.294500,35.921787,36.098232,34420000,0.00,0.000000,-,32.845424,35.248226,35.117678,35.363163,53346080.00
03/14/2016,36.022898,36.453602,35.940623,36.205292,34366000,0.00,0.000000,-,32.796798,35.278509,35.025168,35.315979,53258040.00
03/11/2016,35.685372,36.028349,35.542879,36.023392,39416000,0.00,0.000000,-,32.749537,35.318665,34.905994,35.153809,53088040.00
03/10/2016,35.096567,35.508931,34.860648,35.329514,56670000,0.00,0.000000,-,32.703188,35.368010,34.797674,35.046010,53005720.00
03/09/2016,34.618280,34.975630,34.396735,34.953823,28430000,0.00,0.000000,-,32.658457,35.417265,34.726551,35.010968,52478440.00
03/08/2016,34.128598,34.881955,33.967516,34.395248,41526000,0.00,0.000000,-,32.617536,35.460048,34.659318,34.982816,52120720.00
03/07/2016,35.036103,35.095130,34.044842,34.454231,59702000,0.00,0.000000,-,32.580001,35.515896,34.631489,34.992134,51916560.00
03/04/2016,35.437059,35.511404,34.992477,35.233849,39442000,0.00,0.000000,-,32.541370,35.570256,34.602766,35.048140,51268680.00
03/03/2016,35.619945,35.658110,34.992478,35.309681,39160000,0.00,0.000000,-,32.498366,35.606814,34.595630,34.998677,51090120.00
03/02/2016,35.635806,35.685369,35.288863,35.628372,32580000,0.00,0.000000,-,32.453730,35.633469,34.631637,34.923986,51566400.00
03/01/2016,34.873531,35.626392,34.682713,35.626392,43028000,0.00,0.000000,-,32.407884,35.663782,34.745137,34.872192,51536160.00
02/29/2016,34.709976,35.233857,34.579129,34.583591,49622000,0.00,0.000000,-,32.363176,35.702719,34.827386,34.734357,51472920.00
02/26/2016,35.119362,35.359742,34.736734,34.945396,44870000,0.00,0.000000,-,32.321506,35.747950,34.939349,34.658178,51546960.00
02/25/2016,34.694601,34.990492,34.227471,34.979092,32844000,0.00,0.000000,-,32.277883,35.790276,35.003509,34.549337,51614560.00
02/24/2016,34.144958,34.694117,33.741517,34.672310,39272000,0.00,0.000000,-,32.235742,35.823107,34.989235,34.442134,51847440.00
02/23/2016,34.765978,35.110441,34.375919,34.488426,40186000,0.00,0.000000,-,32.195759,35.872571,35.022640,34.335820,51857360.00
02/22/2016,35.063357,35.350324,34.818514,35.014290,38996000,0.00,0.000000,-,32.154833,35.927844,35.061845,34.270843,52133640.00
02/19/2016,34.447783,34.846814,34.399211,34.739216,31786000,0.00,0.000000,-,32.109671,35.983265,35.108409,34.157393,52085520.00
02/18/2016,35.189743,35.306216,34.497346,34.562771,37664000,0.00,0.000000,-,32.067515,36.045060,35.122485,34.192583,52174720.00
02/17/2016,34.599442,35.177347,34.266875,35.110435,49852000,0.00,0.000000,-,32.028714,36.113913,35.125211,34.339289,52524360.00
02/16/2016,34.346177,34.594986,33.953143,34.248043,50400000,0.00,0.000000,-,31.986462,36.157667,35.108830,34.618081,52563560.00
02/12/2016,34.211367,34.384342,33.633462,33.821800,42828000,0.00,0.000000,-,31.948383,36.228423,35.117380,34.920416,52447720.00
02/11/2016,33.455036,34.166264,33.151117,33.856991,60480000,0.00,0.000000,-,31.915344,36.312324,35.197474,35.220520,52445000.00
02/10/2016,34.042855,34.759040,33.808422,33.907055,52760000,0.00,0.000000,-,31.883269,36.371294,35.240718,35.457681,52074440.00
02/09/2016,33.322209,34.689155,33.146259,33.609177,72178000,0.00,0.000000,-,31.851363,36.436856,35.344676,35.536337,51354640.00
02/08/2016,33.100661,33.902589,32.863252,33.838654,84948000,0.00,0.000000,-,31.822964,36.506284,35.438647,35.709460,50359920.00
02/05/2016,34.885916,34.891864,33.710281,33.879787,102114000,0.00,0.000000,-,31.788955,36.571251,35.517279,35.852847,49594200.00
02/04/2016,35.824645,36.032313,34.786299,35.091114,103374000,0.00,0.000000,-,31.752853,36.643028,35.623393,36.059425,48117720.00
02/03/2016,38.174428,38.386555,35.710155,36.029835,123420000,0.00,0.000000,-,31.709361,36.691194,35.711640,36.052387,46935160.00
02/02/2016,38.882184,39.148338,37.898357,37.898357,126962000,0.00,0.000000,-,31.661523,36.702554,35.750374,35.911132,44997600.00
02/01/2016,37.195062,37.561831,36.838707,37.271389,102784000,0.00,0.000000,-,31.601543,36.678119,35.693847,35.599580,43132080.00
01/29/2016,36.256837,36.923955,36.022404,36.822845,69486000,0.00,0.000000,-,31.547108,36.651653,35.710896,35.314344,41680760.00
01/28/2016,35.795411,36.363900,35.306224,36.228592,53528000,0.00,0.000000,-,31.494601,36.637785,35.780408,35.174427,41053400.00
01/27/2016,35.371635,35.597893,34.416063,34.693615,43884000,0.00,0.000000,-,31.444537,36.623947,35.893510,35.023755,40813040.00
01/26/2016,35.380559,35.600123,35.015280,35.340412,26634000,0.00,0.000000,-,31.404318,36.654913,36.048445,35.153016,40670240.00
01/25/2016,35.862815,36.165149,35.190243,35.272518,34234000,0.00,0.000000,-,31.361072,36.677078,36.136072,35.167834,40684120.00
01/22/2016,35.863796,36.088318,35.691366,35.945576,40236000,0.00,0.000000,-,31.318356,36.693582,36.231828,35.181711,40642640.00
01/21/2016,34.802159,35.645224,34.419531,35.020729,48244000,0.00,0.000000,-,31.272480,36.693226,36.293162,35.187361,40665840.00
01/20/2016,34.129586,35.033614,33.368792,34.617287,68900000,0.00,0.000000,-,31.230093,36.720158,36.395212,35.370893,40305600.00
01/19/2016,34.857674,35.188754,34.367496,34.782833,45362000,0.00,0.000000,-,31.189661,36.752672,36.496469,35.589615,39672240.00
01/15/2016,34.311979,35.028168,33.969006,34.419037,72162000,0.00,0.000000,-,31.148096,36.778762,36.614528,35.788114,39447680.00
01/14/2016,34.960758,35.780776,34.153873,35.423676,44516000,0.00,0.000000,-,31.110087,36.806229,36.772238,36.107448,38630600.00
01/13/2016,36.223126,36.415926,34.625215,34.721863,50034000,0.00,0.000000,-,31.068400,36.812564,36.843311,36.386389,38494800.00
01/12/2016,35.768642,36.119053,35.552397,35.986225,40490000,0.00,0.000000,-,31.031217,36.822724,36.960305,36.763266,38257640.00
01/11/2016,35.517351,35.628618,34.869559,35.488602,41812000,0.00,0.000000,-,30.986801,36.813654,36.992025,36.943874,38030240.00
01/08/2016,36.252864,36.341087,35.338430,35.411285,49018000,0.00,0.000000,-,30.946561,36.810601,37.074870,37.104310,38065560.00
01/07/2016,36.196361,36.602283,35.638777,36.002075,59274000,0.00,0.000000,-,30.907601,36.804673,37.166908,37.281944,37983520.00
01/06/2016,36.181004,37.032498,36.127475,36.856052,38940000,0.00,0.000000,-,30.868505,36.791182,37.256072,37.398963,37884680.00
01/05/2016,36.996310,37.271385,36.609224,36.804504,39014000,0.00,0.000000,-,30.822327,36.749926,37.304718,37.419531,39767440.00
01/04/2016,36.825314,36.877848,36.243344,36.767818,65456000,0.00,0.000000,-,30.776790,36.659930,37.364764,37.403324,40615560.00
12/31/2015,38.138738,38.138738,37.585617,37.612381,30018000,0.00,0.000000,-,30.730851,36.561567,37.391281,37.440943,40022880.00
12/30/2015,38.490641,38.540203,38.009879,38.213085,25866000,0.00,0.000000,-,30.681062,36.453916,37.399954,37.437028,40421800.00
12/29/2015,37.999463,38.658157,37.986576,38.490635,35300000,0.00,0.000000,-,30.626129,36.349933,37.390141,37.300233,40495400.00
12/28/2015,37.316988,37.816090,37.148476,37.792297,30306000,0.00,0.000000,-,30.570715,36.236533,37.305884,37.157343,40433840.00
12/24/2015,37.149964,37.239178,37.004745,37.092964,10544000,0.00,0.000000,-,30.517017,36.136644,37.275527,37.040176,40582000.00
12/23/2015,37.344246,37.380921,36.874885,37.187626,31318000,0.00,0.000000,-,30.468839,36.040253,37.274907,37.045429,40937320.00
12/22/2015,37.254044,37.412645,36.950718,37.172264,27308000,0.00,0.000000,-,30.419117,35.943100,37.269877,37.051873,41034040.00
12/21/2015,36.980449,37.172259,36.676628,37.061733,30514000,0.00,0.000000,-,30.370419,35.840673,37.284696,37.113182,40997960.00
12/18/2015,36.999287,37.376958,36.584941,36.642433,62974000,0.00,0.000000,-,30.325694,35.737423,37.306579,37.189906,41047160.00
12/17/2015,37.787830,37.800717,37.122697,37.144009,31068000,0.00,0.000000,-,30.282778,35.638149,37.304349,37.326204,40660520.00
12/16/2015,37.172267,37.697138,36.648632,37.573231,39866000,0.00,0.000000,-,30.239243,35.532015,37.280980,37.341619,40876240.00
12/15/2015,37.320951,37.572729,36.825816,36.845142,53324000,0.00,0.000000,-,30.193077,35.420349,37.199721,37.362881,40945440.00
12/14/2015,36.765347,37.109314,35.892046,37.061733,48250000,0.00,0.000000,-,30.150619,35.319310,37.163937,37.480048,40600400.00
12/11/2015,36.734122,36.959635,36.515552,36.620625,44488000,0.00,0.000000,-,30.106510,35.199506,37.087684,37.454425,40709320.00
12/10/2015,37.313517,37.462204,36.866459,37.145496,39768000,0.00,0.000000,-,30.061408,35.073041,37.068751,37.510878,40566600.00
12/09/2015,37.626759,37.877546,36.527998,37.252064,54000000,0.00,0.000000,-,30.012959,34.933234,37.033908,37.504386,40736600.00
12/08/2015,37.563309,37.905791,37.380420,37.785351,36590000,0.00,0.000000,-,29.961109,34.777963,36.976192,37.487881,40580400.00
12/07/2015,38.052998,38.100579,37.424540,37.828972,36246000,0.00,0.000000,-,29.904670,34.611947,36.883311,37.456211,41099680.00
12/04/2015,37.325907,38.088682,37.172263,38.005417,55146000,0.00,0.000000,-,29.846980,34.461989,36.810230,37.423252,41244360.00
12/03/2015,37.965771,38.113716,36.955679,37.298157,51812000,0.00,0.000000,-,29.790147,34.322211,36.722108,37.282493,41037480.00
12/02/2015,38.109002,38.458668,37.616347,37.785851,44608000,0.00,0.000000,-,29.737819,34.193169,36.661566,37.220341,40589600.00
12/01/2015,37.029026,38.111482,37.008705,38.016819,42692000,0.00,0.000000,-,29.682269,34.054700,36.561895,37.036562,40722600.00
11/30/2015,37.113288,37.416613,36.739583,36.805504,41952000,0.00,0.000000,-,29.626341,33.924250,36.448073,36.847825,40584160.00
11/27/2015,37.095940,37.341279,37.047864,37.185154,16770000,0.00,0.000000,-,29.577994,33.811890,36.369293,36.720943,41798480.00
11/25/2015,37.080075,37.271385,36.976984,37.080570,22442000,0.00,0.000000,-,29.526246,33.705469,36.286671,36.626624,42372960.00
11/24/2015,37.271385,37.433904,36.559166,37.087013,46662000,0.00,0.000000,-,29.473301,33.594279,36.199440,36.563431,42438720.00
11/23/2015,37.541514,37.802114,37.262472,37.468655,28290000,0.00,0.000000,-,29.420563,33.482128,36.100835,36.464503,42339240.00
11/20/2015,37.000281,37.564803,36.825325,37.499382,44246000,0.00,0.000000,-,29.363666,33.350548,35.993778,36.310411,42454360.00
11/19/2015,36.614182,36.775756,36.549253,36.597828,26542000,0.00,0.000000,-,29.307399,33.220861,35.858471,36.197209,42118840.00
11/18/2015,36.061061,36.746515,36.032311,36.676632,33686000,0.00,0.000000,-,29.254794,33.104824,35.643814,36.161722,42350120.00
11/17/2015,36.145817,36.272450,35.835401,35.948059,30218000,0.00,0.000000,-,29.200604,32.978657,35.402466,36.102792,42357240.00
11/16/2015,35.467291,36.155721,35.255659,36.129456,38118000,0.00,0.000000,-,29.151658,32.868983,35.216556,36.087228,42664680.00
11/13/2015,36.139865,36.237999,35.523300,35.536682,41510000,0.00,0.000000,-,29.101618,32.741844,35.060779,36.048322,42737920.00
11/12/2015,36.230562,36.567590,36.113842,36.241962,36744000,0.00,0.000000,-,29.056034,32.632062,34.924976,36.017642,42611560.00
11/11/2015,36.302928,36.726194,36.192403,36.448643,27328000,0.00,0.000000,-,29.001027,32.516194,34.752770,35.946718,42906920.00
11/10/2015,35.903446,36.210239,35.611023,36.097733,32160000,0.00,0.000000,-,28.944823,32.379787,34.544011,35.835450,43841200.00
11/09/2015,36.190917,36.414448,35.657125,35.927738,41396000,0.00,0.000000,-,28.892507,32.270679,34.355622,35.737166,44068680.00
11/06/2015,36.255344,36.449135,36.032804,36.367355,30232000,0.00,0.000000,-,28.845138,32.176995,34.161780,35.677145,44032240.00
11/05/2015,36.154735,36.650861,36.154735,36.242958,37232000,0.00,0.000000,-,28.796743,32.081685,33.938375,35.519733,44824120.00
11/04/2015,35.784500,36.334650,35.779546,36.087330,34134000,0.00,0.000000,-,28.747595,31.979952,33.710162,35.125906,45773840.00
11/03/2015,35.628868,35.915835,35.423677,35.792427,31308000,0.00,0.000000,-,28.695185,31.835178,33.497661,34.702141,46506360.00
11/02/2015,35.242280,35.765665,34.984055,35.740387,37726000,0.00,0.000000,-,28.641497,31.703787,33.307537,34.345883,48188320.00
10/30/2015,35.473737,35.586248,35.192219,35.229889,38176000,0.00,0.000000,-,28.588360,31.596106,33.110177,34.073237,49139880.00
10/29/2015,35.214529,35.599134,35.190241,35.532722,29120000,0.00,0.000000,-,28.536221,31.532686,32.902260,33.832311,49518480.00
10/28/2015,35.057414,35.337443,34.846770,35.335957,43578000,0.00,0.000000,-,28.482341,31.477155,32.640493,33.558822,49789720.00
10/27/2015,35.059884,35.369157,34.919622,35.114899,44916000,0.00,0.000000,-,28.428285,31.420832,32.381452,33.252572,49500600.00
10/26/2015,34.770933,35.643243,34.756560,35.327526,54332000,0.00,0.000000,-,28.374438,31.373628,32.100132,32.974077,49022960.00
10/23/2015,36.057094,36.181002,34.768457,34.793236,133078000,0.00,0.000000,-,28.320422,31.318454,31.807983,32.646416,48365160.00
10/22/2015,32.052407,32.602556,31.919083,32.304684,81420000,0.00,0.000000,-,28.270686,31.273302,31.584875,32.357018,46427880.00
10/21/2015,32.421644,32.506891,31.806070,31.849688,35822000,0.00,0.000000,-,28.233003,31.281004,31.520468,32.294419,45974160.00
10/20/2015,32.911826,32.945529,31.928250,32.229839,49964000,0.00,0.000000,-,28.197807,31.299016,31.470286,32.293180,47269400.00
10/19/2015,32.770075,33.049612,32.690776,33.013927,29546000,0.00,0.000000,-,28.163654,31.282610,31.401913,32.269191,46993800.00
10/16/2015,32.915295,32.957919,32.572814,32.820629,32222000,0.00,0.000000,-,28.128284,31.252080,31.325933,32.147118,46964440.00
10/15/2015,32.446930,32.866729,32.437015,32.797836,37714000,0.00,0.000000,-,28.094274,31.232730,31.244278,31.972210,46949040.00
10/14/2015,32.375058,32.681359,32.158965,32.273453,28310000,0.00,0.000000,-,28.061371,31.214927,31.197589,31.722164,47128480.00
10/13/2015,31.876450,32.603140,31.876450,32.329952,36154000,0.00,0.000000,-,28.031067,31.193209,31.159971,31.510332,47158640.00
10/12/2015,31.823916,32.141614,31.671263,32.050915,25504000,0.00,0.000000,-,28.001396,31.172303,31.117446,31.226188,46957360.00
10/09/2015,31.720331,32.017213,31.488277,31.899254,32974000,0.00,0.000000,-,27.971820,31.151427,31.059383,30.969550,47129720.00
10/08/2015,31.787737,31.940886,31.004640,31.678698,43642000,0.00,0.000000,-,27.943452,31.140503,31.015173,30.812733,47059920.00
10/07/2015,32.178295,32.246144,31.331261,31.837299,41854000,0.00,0.000000,-,27.914773,31.133336,30.971037,30.746516,46817120.00
10/06/2015,31.662831,32.178784,31.548341,31.989946,43326000,0.00,0.000000,-,27.883195,31.119102,30.897585,30.647391,46670960.00
10/05/2015,31.323831,31.869521,31.076016,31.793194,36072000,0.00,0.000000,-,27.849557,31.101081,30.821308,30.534636,46874600.00
10/02/2015,30.094663,31.092862,29.892941,31.071550,53696000,0.00,0.000000,-,27.815368,31.083327,30.720273,30.504749,47603440.00
10/01/2015,30.152655,30.337028,29.730377,30.297379,37352000,0.00,0.000000,-,27.782439,31.100546,30.669075,30.516346,47741160.00
09/30/2015,29.900378,30.171984,29.773994,30.155132,48268000,0.00,0.000000,-,27.757931,31.150912,30.676633,30.673015,48565840.00
09/29/2015,29.602998,29.985624,29.253083,29.488508,46190000,0.00,0.000000,-,27.735335,31.204321,30.650290,30.809611,48951360.00
09/28/2015,30.250292,30.461678,29.211451,29.484543,62554000,0.00,0.000000,-,27.718465,31.271776,30.707982,31.008705,50371920.00
09/25/2015,31.213301,31.213301,30.283001,30.331078,43480000,0.00,0.000000,-,27.701051,31.349134,30.795931,31.149217,53586800.00
09/24/2015,30.562537,31.091869,30.352390,31.016535,44802000,0.00,0.000000,-,27.681211,31.317295,30.859471,31.217614,54624520.00
09/23/2015,30.830679,31.171672,30.729074,30.846043,29418000,0.00,0.000000,-,27.656364,31.252288,30.866460,31.195558,54442320.00
09/22/2015,31.076015,31.103274,30.502570,30.862398,51258000,0.00,0.000000,-,27.631945,31.191563,30.766590,31.147779,55151600.00
09/21/2015,31.442776,31.546363,31.023475,31.494322,35770000,0.00,0.000000,-,27.610422,31.116089,30.684613,31.107979,55009040.00
09/18/2015,31.561233,31.720329,31.077001,31.187527,102668000,0.00,0.000000,-,27.584259,31.011699,30.627714,30.935798,55076320.00
09/17/2015,31.610795,32.260565,31.473506,31.864063,45494000,0.00,0.000000,-,27.560230,30.904078,30.671281,30.821803,53759880.00
09/16/2015,31.495813,31.618728,31.339688,31.521090,25730000,0.00,0.000000,-,27.532831,30.779110,30.715887,30.680251,53368680.00
09/15/2015,31.061143,31.655900,30.916419,31.479456,41688000,0.00,0.000000,-,27.509132,30.669120,30.765822,30.490970,53492960.00
09/14/2015,31.011580,31.019510,30.700821,30.889656,34046000,0.00,0.000000,-,27.485280,30.557821,30.829584,30.407258,53171400.00
09/11/2015,30.716677,31.015542,30.601196,31.015047,27470000,0.00,0.000000,-,27.464552,30.458853,30.913544,30.442646,52984840.00
09/10/2015,30.387087,30.935254,30.304317,30.795980,38106000,0.00,0.000000,-,27.442750,30.355832,30.989574,30.501329,53219840.00
09/09/2015,30.789539,31.052222,30.213615,30.368252,34042000,0.00,0.000000,-,27.421606,30.255873,31.084264,30.537361,53344600.00
09/08/2015,30.356850,30.546181,29.942007,30.464401,45590000,0.00,0.000000,-,27.401941,30.165470,31.203364,30.385401,53438880.00
09/04/2015,29.737811,29.909795,29.502387,29.772505,41780000,0.00,0.000000,-,27.382329,30.083225,31.250623,30.261246,53370720.00
09/03/2015,30.580386,30.714701,29.877631,30.047583,35192000,0.00,0.000000,-,27.365692,30.018328,31.336367,30.319631,53069400.00
09/02/2015,30.014867,30.448544,29.723438,30.448544,51512000,0.00,0.000000,-,27.348045,29.950515,31.426646,30.520758,52880200.00
09/01/2015,29.854780,30.375192,29.445390,29.628277,74042000,0.00,0.000000,-,27.330344,29.877301,31.499603,30.751523,52328960.00
08/31/2015,31.102777,31.512167,30.614085,30.642336,43534000,0.00,0.000000,-,27.316986,29.818222,31.577565,31.040674,51348240.00
08/28/2015,31.364471,31.565696,30.955081,31.243536,39574000,0.00,0.000000,-,27.299034,29.737375,31.609682,31.251911,51234960.00
08/27/2015,31.690590,31.898260,30.828194,31.601873,69826000,0.00,0.000000,-,27.278813,29.644543,31.597861,31.384442,51176720.00
08/26/2015,30.250787,31.309454,29.690725,31.156303,84718000,0.00,0.000000,-,27.256109,29.537140,31.585421,31.477819,50297880.00
08/25/2015,30.476797,30.602686,28.801566,28.848652,70760000,0.00,0.000000,-,27.234031,29.437548,31.593623,31.631168,49032240.00
08/24/2015,28.399609,29.704603,28.005584,29.222851,115406000,0.00,0.000000,-,27.223745,29.383168,31.707469,32.021328,48270120.00
08/21/2015,31.709424,31.722804,30.348920,30.356354,85304000,0.00,0.000000,-,27.212548,29.326388,31.800772,32.240000,46344320.00
08/20/2015,32.486582,32.859794,31.864072,32.058853,57106000,0.00,0.000000,-,27.197707,29.249199,31.828230,32.353103,45125240.00
08/19/2015,32.543082,33.058534,32.423632,32.756199,42682000,0.00,0.000000,-,27.174628,29.140021,31.821911,32.332534,44709120.00
08/18/2015,32.805760,32.909841,32.387447,32.519779,29122000,0.00,0.000000,-,27.149016,29.006984,31.824884,32.247682,44437600.00
08/17/2015,32.552987,32.779986,32.277417,32.754707,21034000,0.00,0.000000,-,27.122419,28.878814,31.840175,32.114456,44463400.00
08/14/2015,32.464274,32.704406,32.347801,32.568851,21442000,0.00,0.000000,-,27.094405,28.752389,31.845503,31.967453,44598000.00
08/13/2015,32.677990,32.934627,32.298289,32.535645,36214000,0.00,0.000000,-,27.067214,28.633021,31.884683,31.811279,44708480.00
08/12/2015,32.864246,32.959407,32.329459,32.689785,58734000,0.00,0.000000,-,27.038180,28.517896,31.694857,31.693022,44671000.00
08/11/2015,33.167574,33.450083,32.427600,32.750256,100584000,0.00,0.000000,-,27.008130,28.398568,31.448677,31.556079,44271920.00
08/10/2015,31.694558,31.890828,31.286605,31.409571,36184000,0.00,0.000000,-,26.978816,28.272886,31.201654,31.393611,43021960.00
08/07/2015,31.731732,31.853159,31.210328,31.487385,28078000,0.00,0.000000,-,26.953420,28.172155,30.985609,31.361544,43337240.00
08/06/2015,31.968146,31.986932,31.336217,31.853159,31452000,0.00,0.000000,-,26.926111,28.077469,30.724982,31.303357,43187600.00
08/05/2015,31.439308,32.109898,31.381321,31.907679,46686000,0.00,0.000000,-,26.895564,27.975479,30.422648,31.311288,43168560.00
08/04/2015,31.146389,31.463097,31.083940,31.187527,29818000,0.00,0.000000,-,26.862354,27.864993,30.108046,31.402087,43197440.00
08/03/2015,30.993736,31.376164,30.993736,31.284670,26090000,0.00,0.000000,-,26.836042,27.776632,29.849749,31.565893,43071560.00
07/31/2015,31.293099,31.368930,31.001667,31.007120,34122000,0.00,0.000000,-,26.810608,27.688707,29.581242,31.723554,43134840.00
07/30/2015,31.224702,31.483420,30.830677,31.353069,29484000,0.00,0.000000,-,26.788518,27.603122,29.327950,31.958087,43024720.00
07/29/2015,31.165224,31.391230,30.860411,31.320356,31502000,0.00,0.000000,-,26.763528,27.508724,29.053494,31.696691,43221800.00
07/28/2015,31.364964,31.364964,30.893125,31.125574,34546000,0.00,0.000000,-,26.741489,27.409965,28.777379,31.341275,43393120.00
07/27/2015,30.778635,31.437824,30.753854,31.088902,53508000,0.00,0.000000,-,26.724476,27.316637,28.513506,31.009698,43490720.00
07/24/2015,32.067272,32.125263,30.853970,30.905516,72514000,0.00,0.000000,-,26.710517,27.228554,28.276669,30.609674,42982120.00
07/23/2015,32.774539,32.891508,31.769896,31.932465,60582000,0.00,0.000000,-,26.695310,27.135435,28.057773,30.146607,42032760.00
07/22/2015,32.755698,33.635442,32.662026,32.815670,78586000,0.00,0.000000,-,26.678332,27.021202,27.793999,29.534008,41474800.00
07/21/2015,32.474187,33.355912,32.429083,32.825588,67544000,0.00,0.000000,-,26.656426,26.895907,27.492606,28.814006,40265200.00
07/20/2015,32.673931,33.151717,32.365153,32.861279,117218000,0.00,0.000000,-,26.633186,26.772911,27.185043,28.133605,39525360.00
07/17/2015,32.166405,33.428676,31.968153,33.352448,223298000,0.00,0.000000,-,26.609320,26.641748,26.871978,27.438929,37799520.00
07/16/2015,28.009052,28.780252,28.003104,28.739115,95366000,0.00,0.000000,-,26.585244,26.494337,26.534453,26.697813,33960360.00
07/15/2015,27.761731,28.077596,27.596191,27.766191,35692000,0.00,0.000000,-,26.583988,26.445716,26.409084,26.410298,32606280.00
07/14/2015,27.099072,28.045181,27.096595,27.809807,64882000,0.00,0.000000,-,26.587780,26.426446,26.329610,26.213483,32415640.00
07/13/2015,26.411140,27.116422,26.387352,27.088667,44130000,0.00,0.000000,-,26.590849,26.403449,26.245601,26.017313,31825280.00
07/10/2015,26.084520,26.395279,26.047843,26.274841,39134000,0.00,0.000000,-,26.600720,26.394319,26.210361,25.943663,31775560.00
07/09/2015,25.927406,25.959622,25.790117,25.806473,36846000,0.00,0.000000,-,26.612964,26.413103,26.221464,25.968940,31672400.00
07/08/2015,25.824808,25.908272,25.579967,25.615652,25934000,0.00,0.000000,-,26.629092,26.445815,26.261139,26.053990,31531880.00
07/07/2015,25.927902,26.079070,25.533877,26.021576,31944000,0.00,0.000000,-,26.648327,26.484018,26.285573,26.171207,31972400.00
07/06/2015,25.747991,26.032979,25.723210,25.914522,25610000,0.00,0.000000,-,26.663850,26.522175,26.290059,26.236481,33306522.04
07/02/2015,25.826299,26.003238,25.826299,25.941284,24718000,0.00,0.000000,-,26.678795,26.544619,26.316005,26.305026,34468265.26
07/01/2015,26.007202,26.054783,25.685043,25.863964,39220000,0.00,0.000000,-,26.692415,26.558981,26.348964,26.371094,34611330.52
06/30/2015,26.071140,26.082538,25.797551,25.798046,44344000,0.00,0.000000,-,26.704730,26.569555,26.394735,26.407870,34564830.88
06/29/2015,26.021081,26.199508,25.799535,25.848106,38756000,0.00,0.000000,-,26.717996,26.582842,26.441002,26.445736,34349670.04
06/26/2015,26.628229,26.653010,26.335310,26.352161,42182000,0.00,0.000000,-,26.732428,26.583928,26.471905,26.473888,34435306.78
06/25/2015,26.708025,26.808638,26.527615,26.527615,26714000,0.00,0.000000,-,26.744773,26.584571,26.472946,26.477060,34111610.38
06/24/2015,26.764029,26.764029,26.548926,26.656973,25732000,0.00,0.000000,-,26.755724,26.580449,26.484221,26.473987,34504869.96
06/23/2015,26.746186,26.838323,26.528605,26.787819,23950000,0.00,0.000000,-,26.768180,26.571625,26.489054,26.468287,35031881.98
06/22/2015,26.743710,26.949397,26.641610,26.674322,25006000,0.00,0.000000,-,26.779083,26.568863,26.468832,26.399940,35211003.90
06/19/2015,26.625747,26.677293,26.417582,26.599974,37870000,0.00,0.000000,-,26.789540,26.569201,26.473590,26.343636,35274667.52
06/18/2015,26.317962,26.672338,26.307554,26.601959,36662000,0.00,0.000000,-,26.799370,26.571788,26.488013,26.326983,35140413.68
06/17/2015,26.237177,26.316973,26.025541,26.231724,25884000,0.00,0.000000,-,26.809040,26.575155,26.494307,26.326834,34878584.40
06/16/2015,26.189102,26.250560,26.048342,26.176710,21436000,0.00,0.000000,-,26.819144,26.581390,26.514380,26.381601,34882051.30
06/15/2015,26.169273,26.184143,25.971022,26.129623,32654000,0.00,0.000000,-,26.828931,26.588473,26.524664,26.436269,34983101.80
06/12/2015,26.347703,26.423039,26.276331,26.383884,19116000,0.00,0.000000,-,26.839398,26.595276,26.541144,26.469922,35016581.58
06/11/2015,26.685966,26.713474,26.418078,26.496883,24350000,0.00,0.000000,-,26.850289,26.603944,26.556186,26.468831,35419491.52
06/10/2015,26.236678,26.682744,26.236182,26.599974,36300000,0.00,0.000000,-,26.861193,26.615730,26.543820,26.494456,35567710.74
06/09/2015,26.147466,26.228748,25.921953,26.104345,29106000,0.00,0.000000,-,26.872165,26.629438,26.524863,26.509820,35356720.82
06/08/2015,26.432454,26.472599,26.082043,26.111284,30412000,0.00,0.000000,-,26.885815,26.649410,26.547191,26.537724,35533598.94
06/05/2015,26.583121,26.625251,26.393294,26.433441,27764000,0.00,0.000000,-,26.899708,26.675996,26.575417,26.603544,35554401.24
06/04/2015,26.653006,26.793268,26.482508,26.600468,26966000,0.00,0.000000,-,26.912575,26.699712,26.568900,26.649043,35860038.42
06/03/2015,26.759568,26.937498,26.620791,26.779392,34340000,0.00,0.000000,-,26.923446,26.731362,26.537972,26.661781,36354027.60
06/02/2015,26.413622,26.912721,26.334321,26.723391,38780000,0.00,0.000000,-,26.931277,26.748184,26.514405,26.647160,36324747.88
06/01/2015,26.604932,26.604932,26.256504,26.466154,38086000,0.00,0.000000,-,26.939677,26.767658,26.518370,26.613060,36595893.86
05/29/2015,26.633680,26.696129,26.340268,26.372978,51948000,0.00,0.000000,-,26.949395,26.789933,26.528060,26.612366,36313085.12
05/28/2015,26.665401,26.794265,26.578170,26.753128,20596000,0.00,0.000000,-,26.956601,26.815566,26.541021,26.643542,36127942.86
05/27/2015,26.407174,26.791288,26.353152,26.753620,30500000,0.00,0.000000,-,26.963180,26.825034,26.564067,26.593185,36438240.28
05/26/2015,26.670853,26.714469,26.262453,26.383387,48130000,0.00,0.000000,-,26.969975,26.838120,26.598489,26.539905,36484637.48
05/22/2015,26.771463,26.971697,26.739743,26.769482,23524000,0.00,0.000000,-,26.977285,26.851504,26.655610,26.556658,36203463.22
05/21/2015,26.662424,26.954350,26.564785,26.888432,29254000,0.00,0.000000,-,26.983410,26.865261,26.713606,26.547290,36288825.10
05/20/2015,26.689187,26.908752,26.415699,26.727846,28616000,0.00,0.000000,-,26.988617,26.872360,26.721021,26.488756,36432059.22
05/19/2015,26.465661,26.796743,26.419073,26.633184,39338000,0.00,0.000000,-,26.996624,26.886456,26.717597,26.414164,36576662.14
05/18/2015,26.368020,26.507291,26.211400,26.382393,40068000,0.00,0.000000,-,27.003355,26.916127,26.705573,26.381651,36214745.36
05/15/2015,26.723387,26.728045,26.287231,26.459215,39426000,0.00,0.000000,-,27.012706,26.949662,26.709573,26.423680,36077042.44
05/14/2015,26.455251,26.714467,26.387847,26.684729,28078000,0.00,0.000000,-,27.025583,26.989218,26.681732,26.443754,35844364.32
05/13/2015,26.296153,26.482610,26.201737,26.249565,25046000,0.00,0.000000,-,27.036885,27.022326,26.666710,26.438500,36033539.82
05/12/2015,26.347703,26.427450,26.033474,26.220821,32684000,0.00,0.000000,-,27.051596,27.064404,26.670308,26.534949,36214526.86
05/11/2015,26.683243,26.862166,26.536041,26.550909,18106000,0.00,0.000000,-,27.066060,27.104784,26.670055,26.657072,36412699.22
05/08/2015,26.597991,26.821025,26.020582,26.675804,30552000,0.00,0.000000,-,27.079944,27.125770,26.674996,26.754562,37014658.86
05/07/2015,25.970526,26.439889,25.859506,26.303095,30926000,0.00,0.000000,-,27.093854,27.141372,26.675768,26.879922,37328230.44
05/06/2015,26.329854,26.386355,25.826542,25.981922,31340000,0.00,0.000000,-,27.109320,27.152951,26.697078,26.953287,37440110.26
05/05/2015,26.675315,26.751146,26.287782,26.308054,27662000,0.00,0.000000,-,27.125090,27.163262,26.736499,27.021031,37215330.98
05/04/2015,26.691171,26.965750,26.519187,26.802687,26160000,0.00,0.000000,-,27.140616,27.162918,26.748269,27.029496,37245247.66
05/01/2015,26.686217,26.741232,26.372484,26.659950,35364000,0.00,0.000000,-,27.148392,27.159642,26.734677,26.995467,37299789.50
04/30/2015,27.154090,27.189777,26.518693,26.632193,41644000,0.00,0.000000,-,27.159089,27.163095,26.725170,26.919710,36988152.76
04/29/2015,27.282952,27.442049,27.106259,27.214060,33976000,0.00,0.000000,-,27.170449,27.163969,26.734425,26.894921,36736504.16
04/28/2015,27.489630,27.558027,27.277796,27.442049,29820000,0.00,0.000000,-,27.178921,27.156311,26.728030,26.805667,36703714.90
04/27/2015,27.923307,28.050188,27.418259,27.525810,47960000,0.00,1.002746,-,27.184847,27.150192,26.720196,26.683038,36867436.10
04/24/2015,27.980803,28.229917,27.543372,27.929399,98650102,0.00,0.000000,-,27.188358,27.136387,26.699054,26.595429,36556330.58
04/23/2015,26.740181,27.232476,26.702121,27.036743,83697161,0.00,0.000000,-,27.191081,27.107630,26.674612,26.471614,35134437.46
04/22/2015,26.413956,26.744131,26.282974,26.659363,31871263,0.00,0.000000,-,27.197035,27.097685,26.703737,26.440870,34160450.70
04/21/2015,26.567675,26.660600,26.378121,26.392704,36895018,0.00,0.000000,-,27.207633,27.086282,26.779917,26.451966,34030133.90
04/20/2015,25.978995,26.497488,25.924625,26.462395,33585958,0.00,0.000000,-,27.220178,27.083346,26.841306,26.467042,33997644.94
04/17/2015,26.130243,26.188566,25.752124,25.902384,43037837,0.00,0.000000,-,27.231782,27.075636,26.903040,26.473887,34065831.62
04/16/2015,26.191532,26.472775,26.177199,26.384298,25997180,0.00,0.000000,-,27.246269,27.074361,26.986919,26.530630,33870536.90
04/15/2015,26.132219,26.430266,25.861359,26.321526,46376979,0.00,0.000000,-,27.256521,27.069853,27.050433,26.573929,34166066.06
04/14/2015,26.505398,26.570642,26.102171,26.215754,52082601,0.00,0.000000,-,27.267570,27.065849,27.095684,26.650393,34378447.56
04/13/2015,26.612161,26.891426,26.557791,26.649725,32906096,0.00,0.000000,-,27.278842,27.069932,27.155293,26.757354,35579335.58
04/10/2015,26.803940,26.803940,26.557792,26.691246,28189181,0.00,0.000000,-,27.288599,27.041749,27.175435,26.802679,36595758.54
04/09/2015,26.741659,26.787134,26.467834,26.729303,31157308,0.00,0.000000,-,27.294681,27.012082,27.213741,26.877611,36705499.02
04/08/2015,26.610680,26.881047,26.610680,26.770329,23570536,0.00,0.000000,-,27.300654,26.990186,27.239443,26.966605,36843958.12
04/07/2015,26.595852,26.823711,26.493042,26.543457,26057345,0.00,0.000000,-,27.304300,26.983859,27.272559,27.107868,36990038.08
04/06/2015,26.306207,26.612162,26.175224,26.530853,26488525,0.00,0.000000,-,27.308718,26.986756,27.351223,27.215570,37381590.14
04/02/2015,26.732764,26.732764,26.386624,26.469810,34327989,0.00,0.000000,-,27.312822,26.984408,27.427637,27.332193,37922591.40
04/01/2015,27.115824,27.241369,26.666035,26.817284,39261497,0.00,0.000000,-,27.314671,26.967118,27.525998,27.443207,38143516.30
03/31/2015,27.185024,27.417827,27.022902,27.086170,31760961,0.00,0.000000,-,27.315096,26.931867,27.602140,27.526937,38251090.84
03/30/2015,27.265096,27.356537,27.094572,27.285362,25750504,0.00,0.000000,-,27.316025,26.892404,27.665506,27.540974,38535188.70
03/27/2015,27.333308,27.446002,27.092596,27.102976,37949906,0.00,0.000000,-,27.315857,26.842739,27.713228,27.553232,39106512.98
03/26/2015,27.560173,27.624923,27.217147,27.440561,31452115,0.00,0.000000,-,27.318452,26.795813,27.738090,27.548190,39241803.40
03/25/2015,28.198285,28.285277,27.617020,27.619244,43045859,0.00,0.000000,-,27.319781,26.737499,27.738856,27.549871,39560957.24
03/24/2015,27.805832,28.400443,27.739107,28.182962,51665459,0.00,0.000000,-,27.320606,26.672022,27.701996,27.512281,39630748.32
03/23/2015,27.700550,27.795944,27.473182,27.620476,32876014,0.00,0.000000,-,27.317180,26.598850,27.617722,27.437251,39425987.70
03/20/2015,27.760849,27.764309,27.632338,27.697086,52337299,0.00,0.000000,-,27.315967,26.543363,27.551243,27.486876,40109900.24
03/19/2015,27.649147,27.718840,27.488755,27.579950,23945563,0.00,0.000000,-,27.312087,26.484782,27.498331,27.523082,39889175.90
03/18/2015,27.308589,27.668421,27.036739,27.654581,42690887,0.00,0.000000,-,27.308862,26.429393,27.460964,27.608788,40570240.64
03/17/2015,27.269545,27.372848,27.086170,27.226543,36110871,0.00,0.000000,-,27.307485,26.384286,27.412031,27.677344,40540358.82
03/16/2015,27.231980,27.523602,26.987315,27.407942,32819860,0.00,0.000000,-,27.309722,26.358554,27.392260,27.790038,40397166.76
03/13/2015,27.358017,27.600211,26.899333,27.052557,34071287,0.00,0.000000,-,27.311098,26.330766,27.378667,27.873224,40288068.06
03/12/2015,27.358515,27.499875,27.207760,27.457369,27792094,0.00,0.000000,-,27.314647,26.314060,27.367818,27.927990,39957162.04
03/11/2015,27.439080,27.587362,27.218634,27.243347,36415706,0.00,0.000000,-,27.317227,26.289168,27.319527,27.927842,40312735.60
03/10/2015,27.889362,27.919017,27.418814,27.432653,35846146,0.00,0.000000,-,27.317603,26.272214,27.284335,27.891710,40000641.08
03/09/2015,28.018365,28.186914,27.854022,28.116728,21242161,0.00,0.000000,-,27.315144,26.246275,27.217163,27.798194,39566091.30
03/06/2015,28.414774,28.503744,28.013425,28.059145,33182854,0.00,0.000000,-,27.307752,26.208453,27.123622,27.615609,40020294.90
03/05/2015,28.421693,28.564540,28.342117,28.437017,27792094,0.00,0.000000,-,27.298382,26.166129,27.024508,27.473580,40446140.86
03/04/2015,28.265996,28.524995,28.075208,28.340137,37536775,0.00,0.000000,-,27.286897,26.107824,26.894589,27.313139,41366380.46
03/03/2015,28.195814,28.439984,28.001564,28.353487,34095352,0.00,0.000000,-,27.273863,26.046268,26.785527,27.146717,41786330.28
03/02/2015,27.705494,28.279838,27.617513,28.239803,42592618,0.00,0.000000,-,27.260602,25.978305,26.673920,26.994481,42257700.90
02/27/2015,27.394599,27.912102,27.328365,27.600216,48203982,0.00,0.000000,-,27.249558,25.903225,26.582925,26.884110,42991550.16
02/26/2015,26.849410,27.488505,26.764889,27.455881,46230579,0.00,0.000000,-,27.243302,25.859136,26.464942,26.807645,43152831.74
02/25/2015,26.488096,26.998186,26.465607,26.882032,36519991,0.00,0.000000,-,27.236986,25.822737,26.352544,26.711213,43026044.58
02/24/2015,26.196477,26.532089,26.109980,26.497490,20101036,0.00,0.000000,-,27.230773,25.807385,26.290167,26.676960,42939968.90
02/23/2015,26.495512,26.514740,26.167315,26.290884,29157834,0.00,0.000000,-,27.224572,25.797470,26.287992,26.636133,43222863.46
02/20/2015,26.845457,26.876103,26.483154,26.638851,28887092,0.00,0.000000,-,27.219147,25.798913,26.307862,26.631635,43388236.24
02/19/2015,26.593873,26.844469,26.592391,26.832607,19782163,0.00,0.000000,-,27.213263,25.787081,26.296592,26.575437,43742245.52
02/18/2015,26.759948,26.962105,26.567673,26.675920,29061570,0.00,0.000000,-,27.209541,25.769672,26.235228,26.476038,44372852.12
02/17/2015,27.028340,27.185024,26.744627,26.831125,32336537,0.00,0.000000,-,27.206632,25.767310,26.154167,26.424337,44348465.36
02/13/2015,26.856333,27.180575,26.845458,27.136091,38006060,0.00,0.000000,-,27.203793,25.755922,26.068263,26.353360,44212934.28
02/12/2015,26.554826,26.928990,26.427451,26.835571,32404724,0.00,0.000000,-,27.198269,25.740836,25.951565,26.281740,44063485.08
02/11/2015,26.458443,26.614140,26.363444,26.491560,27555446,0.00,0.000000,-,27.194505,25.731811,25.847619,26.122238,44261547.36
02/10/2015,26.161876,26.577067,26.044240,26.539501,34997823,0.00,0.000000,-,27.189854,25.737604,25.749283,25.993875,44169776.10
02/09/2015,26.097622,26.295332,25.999757,26.089220,25355423,0.00,0.000000,-,27.184724,25.740994,25.639579,25.903373,44079007.58
02/06/2015,26.079831,26.552356,26.019035,26.245907,35270570,0.00,0.000000,-,27.184064,25.754093,25.561336,25.939851,44287859.40
02/05/2015,25.889534,26.122337,25.805506,26.076862,36995292,0.00,0.000000,-,27.183060,25.762268,25.491347,25.984088,44264996.80
02/04/2015,26.158912,26.328547,25.764977,25.838623,33273101,0.00,0.000000,-,27.184847,25.772074,25.425905,26.017748,44414806.98
02/03/2015,26.097623,26.364530,25.863337,26.158913,40773638,0.00,0.000000,-,27.186295,25.784006,25.374501,25.994418,44374697.16
02/02/2015,26.281987,26.344760,25.630535,26.121349,56996054,0.00,0.000000,-,27.187991,25.791667,25.336516,25.883997,44116109.14
01/30/2015,25.497576,26.684326,25.480770,26.419889,112127002,0.00,0.000000,-,27.194925,25.798142,25.327446,25.783166,43761257.56
01/29/2015,25.257359,25.261806,24.772971,25.240553,83727244,0.00,0.000000,-,27.195400,25.800109,25.307378,25.621390,42209127.86
01/28/2015,25.839611,25.849991,25.207930,25.207930,33676205,0.00,0.000000,-,27.200802,25.833463,25.356212,25.573000,41050395.26
01/27/2015,26.194992,26.231076,25.612739,25.634487,38080263,0.00,0.000000,-,27.205893,25.868438,25.406455,25.504692,40912618.02
01/26/2015,26.618092,26.641323,26.180168,26.453993,30874534,0.00,0.000000,-,27.211409,25.896789,25.444514,25.375785,40602890.00
01/23/2015,26.472777,26.798008,26.344759,26.688278,45634948,0.00,0.000000,-,27.218559,25.911696,25.428599,25.182821,40371616.78
01/22/2015,25.775356,26.509351,25.687377,26.413462,53538588,0.00,0.000000,-,27.222254,25.919150,25.405467,24.998606,39912760.44
01/21/2015,25.072003,25.666614,25.020104,25.605324,45374234,0.00,0.000000,-,27.223183,25.925694,25.381940,24.834063,39495497.98
01/20/2015,25.257361,25.331500,25.011015,25.054708,44640224,0.00,0.000000,-,27.229386,25.949419,25.377763,24.754584,39121313.46
01/16/2015,24.714153,25.118469,24.713658,25.113031,45965854,0.00,0.000000,-,27.244916,25.987992,25.388143,24.789034,39041414.70
01/15/2015,24.988967,24.994404,24.602939,24.802132,54316718,0.00,0.000000,-,27.259477,26.033495,25.380259,24.871726,38619780.26
01/14/2015,24.449219,24.873304,24.367663,24.756657,44714427,0.00,0.000000,-,27.275633,26.086313,25.364442,24.993367,38086359.76
01/13/2015,24.656323,24.860951,24.337517,24.524847,47409807,0.00,0.000000,-,27.289497,26.143856,25.396397,25.139425,38006100.02
01/12/2015,24.463554,24.514761,24.098780,24.345423,46535413,0.00,0.000000,-,27.305267,26.197366,25.451954,25.308219,37640178.14
01/09/2015,24.948933,24.956840,24.456143,24.524353,41427428,0.00,0.000000,-,27.321556,26.253496,25.540404,25.513243,37417688.98
01/08/2015,24.614310,24.885666,24.268813,24.846125,67071641,0.00,0.000000,-,27.338670,26.305622,25.614273,25.674376,37097532.38
01/07/2015,25.059650,25.071711,24.696360,24.768030,41301082,0.00,0.000000,-,27.357477,26.343276,25.690119,25.812328,36230237.74
01/06/2015,25.455066,25.513144,24.765556,24.810534,57998800,0.00,0.000000,-,27.376578,26.381513,25.754078,25.929816,36193457.02
01/05/2015,25.863336,25.916224,25.359179,25.399214,41196796,0.00,0.000000,-,27.398565,26.423052,25.811661,26.000943,35973013.44
01/02/2015,26.147544,26.259251,25.904856,25.939949,28951268,0.00,0.000000,-,27.419352,26.441676,25.869590,25.987251,36316794.70
12/31/2014,26.258262,26.324990,25.988882,26.018539,27364925,0.00,0.000000,-,27.437694,26.443386,25.885678,25.888792,36672288.04
12/30/2014,26.102069,26.253315,26.054618,26.217234,17525986,0.00,0.000000,-,27.457125,26.437890,25.903843,25.735518,37168005.30
12/29/2014,26.304724,26.467339,26.197021,26.212788,45570772,0.00,0.000000,-,27.473197,26.418860,25.912196,25.653370,39033232.26
12/26/2014,26.135679,26.406541,26.063515,26.395666,20810980,0.00,0.000000,-,27.486909,26.413107,25.940616,25.595689,39605238.40
12/24/2014,26.221684,26.283421,26.049183,26.135681,14118657,0.00,0.000000,-,27.501714,26.409153,25.956285,25.567565,40676772.24
12/23/2014,26.048199,26.421869,26.013104,26.225643,43952341,0.00,0.000000,-,27.520071,26.418218,25.986708,25.554170,41283433.26
12/22/2014,25.508450,26.021507,25.508450,25.942917,54475152,0.00,0.000000,-,27.537075,26.420808,26.008159,25.567910,41437053.86
12/19/2014,25.282566,25.589510,25.055249,25.521795,73804074,0.00,0.000000,-,27.556923,26.440203,26.039372,25.578339,41580326.14
12/18/2014,25.353741,25.399214,24.945965,25.262300,58534266,0.00,0.000000,-,27.579273,26.484223,26.085043,25.622379,41114169.82
12/17/2014,24.565378,25.059650,24.555987,24.955359,57663883,0.00,0.000000,-,27.603516,26.544919,26.149026,25.751928,40739824.86
12/16/2014,25.285037,25.358683,24.169956,24.485796,79285081,0.00,0.000000,-,27.629128,26.603095,26.223513,25.882564,40351080.48
12/15/2014,25.837636,25.855429,25.369559,25.395756,56268061,0.00,0.000000,-,27.656673,26.684117,26.325136,26.072167,39251229.10
12/12/2014,25.875696,26.122339,25.635973,25.635973,39891221,0.00,0.000000,-,27.678160,26.744893,26.400760,26.171022,38582558.30
12/11/2014,26.087737,26.390232,26.053137,26.114428,32216207,0.00,0.000000,-,27.700046,26.795723,26.466794,26.285544,38256104.48
12/10/2014,26.348711,26.509349,25.977017,26.001732,34245764,0.00,0.000000,-,27.719979,26.835196,26.513676,26.345005,38189963.40
12/09/2014,25.807977,26.403577,25.726918,26.363047,37426473,0.00,0.000000,-,27.740594,26.885909,26.573557,26.419246,38153744.24
12/08/2014,26.054620,26.245904,25.889534,26.047207,46587556,0.00,0.000000,-,27.759381,26.928406,26.608453,26.448407,37918179.26
12/05/2014,26.245904,26.339322,25.913753,25.962191,51312493,0.00,0.000000,-,27.778824,26.977952,26.643126,26.500405,37563889.22
12/04/2014,26.253813,26.559275,26.126784,26.557791,27842232,0.00,0.000000,-,27.797614,27.027182,26.684596,26.547707,37308028.68
12/03/2014,26.267654,26.492845,26.159902,26.261723,25559983,0.00,0.000000,-,27.813466,27.077281,26.705874,26.546125,37442436.68
12/02/2014,26.369966,26.468327,26.186591,26.381828,30533600,0.00,0.000000,-,27.830581,27.126521,26.762197,26.564462,37519808.52
12/01/2014,26.636379,26.760441,26.288411,26.384298,42307838,0.00,0.000000,-,27.848148,27.179527,26.815257,26.578104,37584946.88
11/28/2014,26.721391,26.789601,26.522694,26.781199,22966883,0.00,0.000000,-,27.864706,27.241093,26.877733,26.630498,38233442.46
11/26/2014,26.734244,26.767361,26.544543,26.709038,30459397,0.00,0.000000,-,27.878922,27.287990,26.898690,26.648045,38351926.86
11/25/2014,26.641325,26.887475,26.621653,26.744135,35798014,0.00,0.000000,-,27.891867,27.331882,26.920834,26.682347,38419872.90
11/24/2014,26.574593,26.824202,26.474256,26.654665,34127440,0.00,0.000000,-,27.905068,27.370306,26.940160,26.727869,38296053.90
11/21/2014,26.770327,26.796524,26.520719,26.567181,44485801,0.00,0.000000,-,27.916587,27.403749,26.943867,26.768499,38252534.76
11/20/2014,26.258261,26.449049,26.249858,26.435209,31267610,0.00,0.000000,-,27.929100,27.441432,26.949502,26.785848,38003492.90
11/19/2014,26.443612,26.603755,26.200430,26.541973,27844237,0.00,0.000000,-,27.940115,27.487419,26.972115,26.821485,37866557.98
11/18/2014,26.567182,26.786639,26.402589,26.445097,39253475,0.00,0.000000,-,27.948527,27.533001,26.961537,26.865624,37700623.66
11/17/2014,26.867700,26.878080,26.397203,26.518250,34520517,0.00,0.000000,-,27.956802,27.578455,26.940555,26.959931,37430443.92
11/14/2014,27.020926,27.020926,26.797020,26.908232,25790614,0.00,0.000000,-,27.964127,27.631055,26.901829,27.052409,37312440.82
11/13/2014,27.175139,27.175139,26.862757,26.956669,26787343,0.00,0.000000,-,27.975370,27.672258,26.819706,27.124968,37449576.30
11/12/2014,27.204300,27.207759,26.946289,27.052063,22593862,0.00,0.000000,-,27.980745,27.708439,26.768128,27.149336,37497106.44
11/11/2014,27.110386,27.280910,27.002139,27.199354,19310873,0.00,0.000000,-,27.982128,27.738718,26.725423,27.159320,37531280.00
11/10/2014,26.762914,27.164759,26.741166,27.060961,22692131,0.00,0.000000,-,27.984761,27.765448,26.694902,27.152450,37776431.22
11/07/2014,26.997694,26.997694,26.625013,26.740673,32675465,0.00,0.000000,-,27.985397,27.789282,26.659611,27.119235,37756095.54
11/06/2014,26.962600,27.031057,26.738694,26.791582,26665008,0.00,0.000000,-,27.990425,27.817149,26.668211,27.113156,37619762.26
11/05/2014,27.521128,27.521128,26.890929,26.983358,40645286,0.00,0.000000,-,27.999676,27.845777,26.714772,27.122745,37767807.62
11/04/2014,27.333303,27.456872,27.150421,27.388166,24884132,0.00,0.000000,-,28.008574,27.877352,26.780460,27.057451,37610777.68
11/03/2014,27.456875,27.575500,27.344674,27.443035,27645693,0.00,0.000000,-,28.015286,27.903143,26.804260,26.921180,37657666.06
10/31/2014,27.647162,27.658037,27.419797,27.633818,40701440,0.00,0.000000,-,28.020098,27.930169,26.858951,26.751249,37420376.38
10/30/2014,27.133127,27.323422,26.864242,27.200348,29113713,0.00,0.000000,-,28.024659,27.954181,26.898988,26.514443,36972269.46
10/29/2014,27.185024,27.392125,27.035753,27.151907,35410955,0.00,0.000000,-,28.030448,27.987970,26.947846,26.386921,36804690.62
10/28/2014,26.839033,27.134607,26.770823,27.130653,25419598,0.00,0.000000,-,28.036576,28.025070,26.994654,26.291526,36487943.36
10/27/2014,26.543952,26.908726,26.543952,26.728811,23706909,0.00,0.000000,-,28.039549,28.057949,27.064989,26.237354,36493197.76
10/24/2014,26.906255,26.931957,26.482661,26.679878,39462046,0.00,0.000000,-,28.045420,28.090284,27.152945,26.199986,36626723.36
10/23/2014,26.657140,27.047615,26.485627,26.887472,46976621,0.00,0.000000,-,28.051543,28.124755,27.245176,26.223266,36231681.76
10/22/2014,26.191037,26.680861,26.137160,26.330421,58385859,0.00,0.000000,-,28.057984,28.155202,27.321986,26.306798,35867845.58
10/21/2014,25.958730,26.037815,25.658212,26.025457,46725935,0.00,0.000000,-,28.066918,28.184878,27.458603,26.503470,35316937.22
10/20/2014,25.180749,25.789199,25.114021,25.743725,52150788,0.00,0.000000,-,28.074719,28.225745,27.593515,26.687340,34868308.88
10/17/2014,26.060551,26.244915,25.135271,25.265760,110787334,0.00,0.000000,-,28.082406,28.273126,27.757935,26.966653,34423210.20
10/16/2014,25.652775,26.168302,25.455066,25.925119,74171079,0.00,0.000000,-,28.093487,28.324718,27.967779,27.283532,32651840.22
10/15/2014,26.246399,26.334875,25.618179,26.197962,74387672,0.00,0.000000,-,28.102207,28.366102,28.127824,27.508772,31702160.02
10/14/2014,26.636381,27.046132,26.353161,26.588930,44451708,0.00,0.000000,-,28.108174,28.400741,28.263107,27.697782,30834905.50
10/13/2014,26.937390,27.160309,26.349701,26.355137,51633371,0.00,0.000000,-,28.113290,28.435548,28.366929,27.892624,30516794.52
10/10/2014,27.566603,27.932860,26.890931,26.912680,61638766,0.00,0.000000,-,28.119459,28.468031,28.465512,28.105903,30266228.48
10/09/2014,28.231893,28.247215,27.632833,27.722792,50496258,0.00,0.000000,-,28.122147,28.494831,28.542446,28.267086,29874556.08
10/08/2014,27.954606,28.365346,27.555232,28.297136,39817018,0.00,0.000000,-,28.121186,28.521067,28.593034,28.337174,29271224.16
10/07/2014,28.391051,28.434053,27.864155,27.864155,38226664,0.00,0.000000,-,28.115566,28.534027,28.619231,28.413737,29014842.20
10/06/2014,28.608531,28.717272,28.393028,28.536861,24292512,0.00,0.000000,-,28.110334,28.560579,28.661911,28.499691,28645029.66
10/03/2014,28.324325,28.530683,28.297139,28.434547,22834521,0.00,0.000000,-,28.101556,28.572115,28.692482,28.549217,28532160.64
10/02/2014,28.040607,28.267973,27.843392,28.177521,23568530,0.00,0.000000,-,28.091452,28.589978,28.719173,28.652026,28489523.90
10/01/2014,28.470628,28.548229,28.025781,28.088060,28909153,0.00,0.000000,-,28.083018,28.615582,28.748582,28.746877,28511423.86
09/30/2014,28.516098,28.660425,28.314435,28.537352,32434806,0.00,0.000000,-,28.073527,28.641748,28.772480,28.828432,28612901.70
09/29/2014,28.260068,28.578378,28.231399,28.487928,25648224,0.00,0.000000,-,28.062921,28.653720,28.772406,28.841234,28789064.02
09/26/2014,28.473100,28.630773,28.403901,28.524504,28873054,0.00,0.000000,-,28.053468,28.672225,28.760643,28.825121,29881775.86
09/25/2014,29.041022,29.062275,28.380179,28.423674,38519466,0.00,0.000000,-,28.044741,28.668894,28.741119,28.817806,30510938.50
09/24/2014,28.740007,29.143828,28.693546,29.062767,34562632,0.00,0.000000,-,28.035713,28.676407,28.731085,28.848895,30299399.30
09/23/2014,29.006422,29.006422,28.717273,28.723698,29428575,0.00,0.000000,-,28.022469,28.673234,28.706050,28.824725,30257364.20
09/22/2014,29.350928,29.357303,28.838860,29.032122,33790518,0.00,0.000000,-,28.009374,28.676931,28.703751,28.824132,30410423.28
09/19/2014,29.236256,29.482404,29.137402,29.462633,74732617,0.00,0.000000,-,27.994840,28.668835,28.691864,28.835747,30383309.04
09/18/2014,29.013831,29.139376,28.914977,29.126032,28891103,0.00,0.000000,-,27.977547,28.644141,28.660453,28.786320,29431342.56
09/17/2014,28.668338,29.039537,28.607295,28.903612,33856699,0.00,0.000000,-,27.962087,28.631102,28.648640,28.750288,29300223.56
09/16/2014,28.309991,28.741987,28.305049,28.665373,29607064,0.00,0.000000,-,27.948370,28.617578,28.653805,28.716529,29386900.88
09/15/2014,28.318885,28.418234,28.085093,28.326794,31951483,0.00,0.000000,-,27.936278,28.619852,28.659266,28.703579,29220605.56
09/12/2014,28.717273,28.748906,28.394018,28.451353,32033708,0.00,0.000000,-,27.925299,28.631349,28.660206,28.696165,28867238.04
09/11/2014,28.685635,28.757305,28.482983,28.734568,24420864,0.00,0.000000,-,27.912157,28.637987,28.657808,28.664432,28649120.84
09/10/2014,28.741981,28.840835,28.516591,28.821064,19547521,0.00,0.000000,-,27.895866,28.639292,28.641571,28.613275,28739889.36
09/09/2014,29.107749,29.112691,28.667844,28.717768,25744488,0.00,0.000000,-,27.879411,28.631561,28.591230,28.587375,28874457.80
09/08/2014,28.994062,29.249601,28.979234,29.148275,28620362,0.00,0.000000,-,27.862021,28.627835,28.558781,28.583371,29254337.90
09/05/2014,28.864566,28.991594,28.764228,28.968363,32647388,0.00,0.000000,-,27.842836,28.614272,28.507005,28.547981,29378718.46
09/04/2014,28.667840,28.964404,28.629287,28.765707,29163850,0.00,0.000000,-,27.825333,28.606927,28.450856,28.534586,29513527.56
09/03/2014,28.667844,28.815632,28.420709,28.566025,24302540,0.00,0.000000,-,27.809092,28.589766,28.412288,28.546992,29813107.80
09/02/2014,28.265009,28.560585,28.232387,28.535872,31568434,0.00,0.000000,-,27.794056,28.576924,28.380481,28.591081,29941780.10
08/29/2014,28.239307,28.274400,28.028698,28.252651,21675347,0.00,0.000000,-,27.778830,28.556194,28.370151,28.614954,31113748.92
08/28/2014,28.151821,28.334207,28.030229,28.134026,25858801,0.00,0.000000,-,27.762466,28.539686,28.356484,28.624247,31662972.68
08/27/2014,28.532906,28.593208,28.178661,28.222998,34067276,0.00,0.000000,-,27.746548,28.524037,28.362415,28.651185,31842504.24
08/26/2014,28.730120,28.756811,28.498801,28.562067,32793789,0.00,0.000000,-,27.730856,28.496368,28.402995,28.669868,31738980.78
08/25/2014,28.901139,28.914979,28.618414,28.677727,27228551,0.00,0.000000,-,27.712472,28.463172,28.422148,28.595084,31764129.64
08/22/2014,28.845283,28.926641,28.699472,28.794373,15781209,0.00,0.000000,-,27.695337,28.435058,28.447851,28.534190,31707775.34
08/21/2014,28.856655,28.890264,28.724189,28.834412,18296094,0.00,0.000000,-,27.677466,28.404206,28.463816,28.466030,31975548.50
08/20/2014,28.958476,28.999004,28.794870,28.889771,20734771,0.00,0.000000,-,27.659962,28.379957,28.488480,28.367126,32049671.46
08/19/2014,28.914980,29.030640,28.865552,29.006914,19573592,0.00,0.000000,-,27.642296,28.356291,28.516876,28.277584,32175656.42
08/18/2014,28.475569,28.890759,28.470132,28.774605,25682318,0.00,0.000000,-,27.624481,28.331834,28.536350,28.169881,32371191.80
08/15/2014,28.562068,28.637197,28.199271,28.345577,30383189,0.00,0.000000,-,27.607808,28.306300,28.554416,28.125347,32552247.52
08/14/2014,28.479028,28.564042,28.217063,28.403404,19709966,0.00,0.000000,-,27.593999,28.286944,28.607797,28.088721,32620233.66
08/13/2014,28.040609,28.420705,27.963501,28.409830,28784812,0.00,0.000000,-,27.577278,28.257298,28.605524,28.073646,32952623.72
08/12/2014,27.902706,27.970916,27.722791,27.814232,30840441,0.00,0.000000,-,27.560550,28.227800,28.624998,28.136123,33123571.78
08/11/2014,28.173076,28.197790,27.975862,28.068785,24294518,0.00,0.000000,-,27.548078,28.219100,28.679492,28.249212,33080774.60
08/08/2014,27.855256,28.185924,27.696594,28.112772,29895854,0.00,0.000000,-,27.535056,28.211202,28.721480,28.361511,33303344.00
08/07/2014,28.074714,28.168133,27.733666,27.845371,22218835,0.00,0.000000,-,27.518802,28.202612,28.747207,28.461601,33247069.92
08/06/2014,27.767276,28.208169,27.679295,27.994345,26687069,0.00,0.000000,-,27.503427,28.200951,28.766336,28.609834,33463502.50
08/05/2014,28.176043,28.271437,27.808302,27.929893,31024946,0.00,0.000000,-,27.488309,28.200532,28.790323,28.756169,33771425.58
08/04/2014,28.126118,28.438002,27.881946,28.329264,28546159,0.00,0.000000,-,27.458376,28.188303,28.805200,28.902819,33923802.78
08/01/2014,28.193340,28.468156,27.820163,27.979319,39105069,0.00,0.000000,-,27.427586,28.160535,28.827690,28.983485,33999209.24
07/31/2014,28.697498,28.848251,28.173568,28.252651,42055146,0.00,0.000000,-,27.396569,28.133716,28.873805,29.126873,33695618.02
07/30/2014,28.991592,29.137403,28.865552,29.034594,20329662,0.00,0.000000,-,27.363457,28.092365,28.900336,29.137402,33568429.78
07/29/2014,29.100333,29.147288,28.841581,28.945131,26997920,0.00,0.000000,-,27.325927,28.034476,28.888597,29.113874,33672955.98
07/28/2014,29.066721,29.285682,28.902771,29.191771,19736037,0.00,0.000000,-,27.288381,27.970240,28.863068,29.109771,33727104.24
07/25/2014,29.181886,29.254050,29.015315,29.113676,18649061,0.00,0.000000,-,27.248074,27.900429,28.830050,29.081450,34014130.12
07/24/2014,29.480920,29.631674,29.249599,29.327696,20702684,0.00,0.000000,-,27.207887,27.838773,28.797873,29.032813,34117854.12
07/23/2014,29.321766,29.550121,29.285683,29.457691,24663528,0.00,0.000000,-,27.168119,27.779203,28.761544,28.922837,34365171.26
07/22/2014,29.197701,29.639086,29.191768,29.396399,33983045,0.00,0.000000,-,27.128518,27.713900,28.684042,28.824477,34636915.30
07/21/2014,29.248615,29.379596,28.926497,29.135920,41242922,0.00,0.000000,-,27.089685,27.638761,28.610420,28.707582,34933046.10
07/18/2014,29.310397,29.498220,28.766696,29.413206,80283816,0.00,0.000000,-,27.053623,27.561189,28.528593,28.671895,34916721.42
07/17/2014,28.644611,28.716774,28.104864,28.357933,60331186,0.00,0.000000,-,27.016053,27.477044,28.429293,28.620737,34600776.36
07/16/2014,29.063261,29.083032,28.776581,28.799318,27942506,0.00,0.000000,-,26.982389,27.419125,28.378976,28.663270,34069762.44
07/15/2014,28.951556,28.954769,28.497812,28.904104,32460877,0.00,0.000000,-,26.946579,27.364904,28.280987,28.663319,33920553.92
07/14/2014,28.796354,28.925358,28.570470,28.908552,37081529,0.00,0.000000,-,26.910464,27.308705,28.180897,28.616364,33946745.64
07/11/2014,28.267977,28.709857,28.243757,28.627314,32434806,0.00,0.000000,-,26.874210,27.255798,28.099070,28.578651,33967321.96
07/10/2014,27.971410,28.499294,27.926926,28.227938,27134293,0.00,0.000000,-,26.840550,27.203879,28.030292,28.562933,34019103.74
07/09/2014,28.251665,28.505722,28.142728,28.474089,22335153,0.00,0.000000,-,26.808844,27.160977,27.999993,28.600250,34556053.90
07/08/2014,28.552179,28.644509,27.982529,28.227442,38190565,0.00,0.000000,-,26.777958,27.102721,27.961613,28.543607,35443563.90
07/07/2014,28.853689,28.985660,28.647577,28.779053,21292298,0.00,0.000000,-,26.747722,27.048440,27.939444,28.513258,35519892.88
07/03/2014,28.833424,28.915472,28.713315,28.901632,14283107,0.00,0.000000,-,26.715337,26.992004,27.875387,28.385291,35847309.34
07/02/2014,28.833424,28.936727,28.687117,28.783255,21127848,0.00,0.000000,-,26.680215,26.934876,27.799195,28.237849,36382574.88
07/01/2014,28.584806,28.885324,28.502263,28.799816,28959290,0.00,0.000000,-,26.645888,26.887896,27.706086,28.094683,36906168.46
06/30/2014,28.601612,28.646589,28.408350,28.434547,26275943,0.00,0.000000,-,26.611640,26.834465,27.612841,27.898655,37353673.72
06/27/2014,28.528459,28.661417,28.361393,28.531424,44738493,0.00,0.000000,-,26.579711,26.795733,27.560077,27.745429,39551972.62
06/26/2014,28.717269,28.788937,28.265007,28.470131,34839390,0.00,0.000000,-,26.547684,26.775270,27.517199,27.619488,40614521.86
06/25/2014,27.939284,28.665866,27.937308,28.601116,39387843,0.00,0.000000,-,26.515035,26.736164,27.477855,27.497651,41459756.08
06/24/2014,27.935823,28.304354,27.729217,27.907650,44142862,0.00,0.000000,-,26.481654,26.690562,27.435916,27.399735,41702019.40
06/23/2014,27.439572,27.926431,27.395088,27.923960,30736155,0.00,0.000000,-,26.450696,26.656932,27.439203,27.379619,42389100.62
06/20/2014,27.523600,27.559681,27.204398,27.499380,90166875,0.00,0.000000,-,26.419653,26.633206,27.408929,27.365631,43389118.66
06/19/2014,27.394594,27.432158,27.111374,27.427216,49136535,0.00,0.000000,-,26.389754,26.640897,27.381002,27.365483,42918109.06
06/18/2014,26.930966,27.360984,26.888458,27.351593,34835379,0.00,0.000000,-,26.358828,26.640897,27.341559,27.360540,43195869.56
06/17/2014,26.898346,26.953705,26.657636,26.839529,28891103,0.00,0.000000,-,26.326615,26.625852,27.283235,27.317489,44259822.64
06/16/2014,27.148445,27.166239,26.765876,26.902296,34051232,0.00,0.000000,-,26.298016,26.625980,27.248265,27.327028,46229736.24
06/13/2014,27.296726,27.298703,26.965564,27.272013,24410836,0.00,0.000000,-,26.268254,26.651149,27.189818,27.374725,47588376.16
06/12/2014,27.545844,27.579950,27.108906,27.251753,29169867,0.00,0.000000,-,26.236840,26.666214,27.111278,27.414910,47159000.54
06/11/2014,27.580444,27.673367,27.433151,27.621964,22002242,0.00,0.000000,-,26.207533,26.681843,27.050235,27.458060,46578771.88
06/10/2014,27.704506,27.857237,27.575501,27.706484,27034019,0.00,0.000000,-,26.176846,26.679994,26.986597,27.472097,46143058.90
06/09/2014,27.538426,27.822633,27.483563,27.784079,29350361,0.00,0.000000,-,26.146168,26.679441,26.910899,27.498787,45618863.66
06/06/2014,27.583410,27.583410,27.132137,27.497900,34735104,0.00,0.000000,-,26.114562,26.675823,26.803666,27.452227,45037110.82
06/05/2014,27.007085,27.429690,26.910702,27.377790,33782496,0.00,0.000000,-,26.083904,26.684808,26.691639,27.396522,46414145.12
06/04/2014,26.764891,27.116319,26.628966,26.921082,36329469,0.00,0.000000,-,26.053876,26.709404,26.583047,27.322579,47673882.42
06/03/2014,27.233955,27.300683,26.816788,26.934919,37332215,0.00,0.000000,-,26.025051,26.742745,26.510093,27.248981,49386080.08
06/02/2014,27.713894,27.723779,26.973968,27.379271,28700582,0.00,0.000000,-,25.996497,26.788207,26.467758,27.169503,51215856.78
05/30/2014,27.718836,27.746022,27.477137,27.673859,35422988,0.00,0.000000,-,25.966974,26.831755,26.403503,27.004910,51994656.88
05/29/2014,27.844877,27.877005,27.615534,27.683250,27082150,0.00,0.000000,-,25.937391,26.870442,26.332970,26.807645,52581353.56
05/28/2014,27.905177,28.066804,27.728722,27.762333,33040464,0.00,0.000000,-,25.908286,26.914872,26.250377,26.642410,53497153.02
05/27/2014,27.481587,27.975860,27.400031,27.973389,42083223,0.00,0.000000,-,25.879391,26.948260,26.166400,26.501097,54572507.00
05/23/2014,27.049591,27.364937,26.873629,27.318476,38643806,0.00,0.000000,-,25.849719,26.967897,26.045798,26.323010,55572841.02
05/22/2014,26.746601,27.066396,26.729301,26.940851,32316482,0.00,0.000000,-,25.823072,27.008661,25.955543,26.155106,56683478.40
05/21/2014,26.339817,26.650369,26.290884,26.638359,23925508,0.00,0.000000,-,25.799045,27.065983,25.906363,25.986757,57614478.90
05/20/2014,26.183624,26.504408,26.013595,26.185108,35695734,0.00,0.000000,-,25.777571,27.125747,25.876707,25.843516,58511505.34
05/19/2014,25.687378,26.185604,25.582738,26.140131,25555972,0.00,0.000000,-,25.758557,27.200293,25.889162,25.771204,58772912.76
05/16/2014,25.770905,25.791171,25.476814,25.733341,29705333,0.00,0.000000,-,25.739477,27.277328,25.888569,25.766014,59478416.50
05/15/2014,25.983938,25.992342,25.574680,25.701214,34087331,0.00,0.000000,-,25.720399,27.364880,25.926801,25.802096,59902592.36
05/14/2014,26.344757,26.344757,25.963674,26.030895,23835261,0.00,0.000000,-,25.701872,27.452407,26.017154,25.858295,60212789.90
05/13/2014,26.240468,26.496500,26.172258,26.349207,33068541,0.00,0.000000,-,25.680629,27.531687,26.041349,25.858344,60914645.72
05/12/2014,25.875693,26.205866,25.653270,26.192522,38250730,0.00,0.000000,-,25.658175,27.598566,26.039940,25.831703,61943426.34
05/09/2014,25.245003,25.697263,24.921255,25.639433,48789585,0.00,0.000000,-,25.636795,27.674978,26.041621,25.768585,63036229.30
05/08/2014,25.131810,25.565288,25.032460,25.257357,40426688,0.00,0.000000,-,25.620056,27.764211,26.096534,25.755980,63072215.84
05/07/2014,25.494114,25.538104,24.876767,25.205952,64486563,0.00,0.000000,-,25.605338,27.861558,26.227863,25.825969,63855385.90
05/06/2014,25.960708,26.038802,25.458033,25.461987,33780490,0.00,0.000000,-,25.591730,27.959850,26.338926,25.909897,63720928.72
05/05/2014,25.940445,26.142109,25.767450,26.088232,20482080,0.00,0.000000,-,25.575101,28.049323,26.395792,26.007121,64389779.46
05/02/2014,26.382324,26.394186,25.979490,26.094162,33770463,0.00,0.000000,-,25.557078,28.121965,26.433678,26.011124,65475562.14
05/01/2014,26.053630,26.341297,25.893980,26.263203,38110345,0.00,0.000000,-,25.539998,28.194646,26.537006,26.051506,66165892.90
04/30/2014,26.077853,26.097624,25.826761,26.031391,35023895,0.00,0.000000,-,25.522203,28.263073,26.625110,26.176014,67092873.84
04/29/2014,25.548980,26.169786,25.520311,26.082794,53981801,0.00,0.000000,-,25.506194,28.340353,26.725201,26.224354,68085839.68
04/28/2014,25.562819,25.633005,24.852054,25.561337,66710653,0.00,0.000000,-,25.489720,28.412614,26.797537,26.248178,68762120.70
04/25/2014,25.826263,25.934510,25.475824,25.513388,42007014,0.00,0.000000,-,25.475512,28.493874,26.903411,26.314657,68902534.26
04/24/2014,26.199938,26.278033,25.806989,25.957249,37663121,0.00,0.000000,-,25.459785,28.569569,27.007900,26.437089,69447165.06
04/23/2014,26.383806,26.387761,26.011125,26.045229,41046384,0.00,0.000000,-,25.441746,28.638110,27.107396,26.629756,70340692.16
04/22/2014,26.129259,26.553839,26.073404,26.434225,47307527,0.00,0.000000,-,25.423248,28.696374,27.235515,26.767955,71081757.34
04/21/2014,26.497980,26.527637,25.978994,26.128263,51334553,0.00,0.000000,-,25.401374,28.749085,27.343209,26.784464,72252471.70
04/17/2014,27.126204,27.160310,26.253317,26.497982,136190888,0.00,0.000000,-,25.380158,28.799284,27.497197,26.856232,72788897.70
04/16/2014,26.839034,27.531015,26.690750,27.508280,97865955,0.00,0.000000,-,25.356584,28.833813,27.650130,27.022506,71987860.08
04/15/2014,26.533572,26.614139,25.626085,26.514790,77101101,0.00,0.000000,-,25.328647,28.845648,27.755129,27.074207,72288492.74
04/14/2014,26.604252,26.893401,26.174729,26.321033,51501009,0.00,0.000000,-,NaN,28.875016,27.924627,27.226048,74415451.60
04/11/2014,26.322513,26.690745,26.024959,26.226130,78496923,0.00,0.000000,-,NaN,28.931734,28.080161,27.346897,77855162.50
04/10/2014,27.926432,27.926432,26.685806,26.737705,80737057,0.00,0.000000,-,NaN,28.967844,28.216616,27.492165,80373611.10
04/09/2014,27.660514,27.944721,27.330835,27.883926,66616395,0.00,0.000000,-,NaN,28.979664,28.347564,27.578712,80669926.32
04/08/2014,26.819260,27.432158,26.770326,27.427216,63024560,0.00,0.000000,-,NaN,28.976504,28.443717,27.585036,81112385.92
04/07/2014,26.727326,27.109893,26.055609,26.599310,88033033,0.00,0.000000,-,NaN,28.971725,28.553682,27.703074,83347829.40
04/04/2014,28.403407,28.557621,26.839033,26.845953,127386783,0.00,0.000000,-,NaN,28.994663,28.719338,27.901954,84712840.78
04/03/2014,28.166155,29.027673,27.883430,28.160717,101983228,0.00,0.000000,-,NaN,29.030577,28.876635,28.138162,83730229.68
04/02/2014,29.655894,29.895122,27.787542,28.025288,2942055,0.00,0.000000,-,NaN,29.042626,28.974145,28.277755,82952397.12
04/01/2014,27.615537,28.096961,27.615537,28.033197,158434,0.00,0.000000,-,NaN,29.056731,29.076760,28.436051,84483412.94
03/31/2014,28.019851,28.025288,27.527556,27.529531,216593,0.00,0.000000,-,NaN,29.064175,29.174844,28.623207,86649384.36
03/28/2014,27.738608,27.997113,27.613559,27.678802,824257,0.00,0.000000,-,NaN,29.084502,29.283026,28.813426,87997221.84
03/27/2014,28.074717,28.074717,27.329355,27.603180,262719,0.00,2.002000,-,NaN,29.098091,29.399743,28.941068,89546744.56
03/26/2014,28.688825,28.924852,27.935565,27.947170,103586819,0.00,0.000000,-,NaN,29.113577,29.524636,29.116416,91535014.50
03/25/2014,28.787333,28.882137,28.318242,28.607595,96769361,0.00,0.000000,-,NaN,29.109138,29.633514,29.302398,91405651.42
03/24/2014,29.236433,29.253962,28.292324,28.588100,121939352,0.00,0.000000,-,NaN,29.095046,29.709162,29.404290,91191491.70
03/21/2014,29.782550,29.864518,29.193471,29.208036,128821050,0.00,0.000000,-,NaN,29.081373,29.776538,29.536722,90426555.24
03/20/2014,29.625529,29.864025,29.512208,29.556648,67640587,0.00,0.000000,-,NaN,29.060728,29.802153,29.615109,89650858.60
03/19/2014,29.918094,29.922785,29.488751,29.608248,64757822,0.00,0.000000,-,NaN,29.031940,29.810732,29.670536,90347781.08
03/18/2014,29.495169,29.911425,29.455420,29.904758,72872123,0.00,0.000000,-,NaN,28.991485,29.814546,29.717469,90473370.06
03/17/2014,29.114465,29.554422,29.086318,29.431717,86808163,0.00,0.000000,-,NaN,28.939016,29.814077,29.726480,90354285.36
03/14/2014,29.182112,29.401351,28.948555,28.955221,92099924,0.00,0.000000,-,NaN,28.900017,29.827286,29.752626,90080703.74
03/13/2014,29.823040,29.885998,29.250503,29.356667,94175675,0.00,0.000000,-,NaN,28.874296,29.860740,29.858419,89329097.06
03/12/2014,29.537882,29.820570,29.236430,29.806992,78866507,0.00,0.000000,-,NaN,28.834992,29.857814,29.932856,88438170.12
03/11/2014,29.966729,29.980310,29.543807,29.626516,68776830,0.00,0.000000,-,NaN,28.791095,29.836680,29.964630,88121306.88
03/10/2014,30.014131,30.062275,29.727741,29.912413,48766105,0.00,0.000000,-,NaN,28.750343,29.803275,30.014033,87820021.80
03/07/2014,30.288426,30.293117,29.909203,29.991911,60831159,0.00,0.000000,-,NaN,28.701098,29.761144,30.016354,87434261.26
03/06/2014,30.176833,30.272380,30.085978,30.110914,50914126,0.00,0.000000,-,NaN,28.651874,29.693459,29.989196,87600080.46
03/05/2014,29.998330,30.196583,29.908462,30.077581,49597208,0.00,0.000000,-,NaN,28.593119,29.599135,29.950928,89200858.16
03/04/2014,29.997095,30.021785,29.861306,29.994873,58928052,0.00,0.000000,-,NaN,28.527920,29.500255,29.911623,89546468.76
03/03/2014,29.793413,29.820324,29.432707,29.693176,84507572,0.00,0.000000,-,NaN,28.463650,29.399673,29.901674,90142775.52
02/28/2014,30.128936,30.223988,29.780329,30.013145,92890878,0.00,0.000000,-,NaN,28.398061,29.372861,29.901945,89685789.02
02/27/2014,30.080793,30.224976,30.046721,30.101036,50588912,0.00,0.000000,-,NaN,28.327614,29.273784,29.863060,89114375.22
02/26/2014,30.219293,30.339777,29.966479,30.124737,79585191,0.00,0.000000,-,NaN,28.249389,29.135168,29.782771,89839001.14
02/25/2014,30.020304,30.231641,29.884020,30.120541,57763704,0.00,0.000000,-,NaN,28.175219,29.015229,29.708729,89529284.58
02/24/2014,29.759098,30.124494,29.752677,29.935623,67223027,0.00,0.000000,-,NaN,28.104751,28.868613,29.592518,89748583.50
02/21/2014,29.819584,29.870444,29.696881,29.720335,74771214,0.00,0.000000,-,NaN,28.041622,28.759142,29.505934,89892802.06
02/20/2014,29.704284,29.796869,29.632193,29.728233,68287001,0.00,0.000000,-,NaN,27.979578,28.705209,29.397722,89587903.50
02/19/2014,29.757613,29.854395,29.565039,29.684534,84459392,0.00,0.000000,-,NaN,27.913293,28.656954,29.247342,89369487.88
02/18/2014,29.661577,29.944511,29.626766,29.895380,84672187,0.00,0.000000,-,NaN,27.841695,28.609256,29.088888,88590659.54
02/14/2014,29.518376,29.735147,29.449002,29.695890,87795852,0.00,0.000000,-,NaN,27.766295,28.534756,28.897672,87854068.92
02/13/2014,29.151498,29.624292,29.124586,29.624292,73731331,0.00,0.000000,-,NaN,27.692455,28.477256,28.843776,87444057.82
02/12/2014,29.355180,29.379870,29.167051,29.298149,69238554,0.00,0.000000,-,NaN,27.620650,28.413953,28.684507,87072108.88
02/11/2014,29.137179,29.426041,28.940656,29.384315,82339476,0.00,0.000000,-,NaN,27.557891,28.367921,28.487564,86645154.52
02/10/2014,28.930529,29.192233,28.861895,28.958429,78099643,0.00,0.000000,-,NaN,27.495146,28.284966,28.321728,85900614.22
02/07/2014,28.827581,29.081138,28.653031,29.069780,105843245,0.00,0.000000,-,NaN,27.438598,28.232193,28.144708,86174517.06
02/06/2014,28.420215,28.643156,28.331828,28.638218,78155853,0.00,0.000000,-,NaN,27.373662,28.173927,28.012350,85352888.90
02/05/2014,28.228871,28.411322,27.849648,28.224426,96139007,0.00,0.000000,-,NaN,27.310423,28.150806,28.012696,84796892.68
02/04/2014,28.095797,28.515757,28.071602,28.099995,112897588,0.00,0.000000,-,NaN,27.256537,28.145448,28.066567,83750826.40
02/03/2014,29.113233,29.175449,27.948162,27.983219,183449044,0.00,0.000000,-,NaN,27.199333,28.119723,28.129623,82266724.38
01/31/2014,28.919424,29.294449,28.420215,29.156933,223486554,0.00,0.000000,-,NaN,27.145891,28.084627,28.171841,79506416.72
01/30/2014,28.268870,28.453792,27.830641,28.031609,204419353,0.00,0.000000,-,NaN,27.072110,28.000870,28.110736,76449722.28
01/29/2014,27.629918,27.694850,27.143545,27.328712,95552818,0.00,0.000000,-,NaN,27.021829,27.982748,28.143399,73386202.32
01/28/2014,27.412653,27.793604,27.403272,27.725956,88739375,0.00,0.000000,-,NaN,26.986430,27.985883,28.248278,72412004.42
01/27/2014,27.802247,27.812122,26.720129,27.188231,174796734,0.00,0.000000,-,NaN,26.941723,27.980193,28.248204,71905472.90
01/24/2014,28.417246,28.479956,27.725709,27.746201,156283602,0.00,0.000000,-,NaN,26.897555,28.000228,28.319679,69387670.82
01/23/2014,28.639207,28.700682,28.500208,28.641676,78256228,0.00,0.000000,-,NaN,26.841639,27.985427,28.335505,67155415.02
01/22/2014,28.802398,28.834001,28.611059,28.763144,63091600,0.00,0.000000,-,NaN,26.770500,27.929877,28.288916,66626801.04
01/21/2014,28.662165,28.737960,28.424410,28.730555,79492846,0.00,0.000000,-,NaN,26.692942,27.850378,28.224330,66713685.48
01/17/2014,28.561431,28.654755,28.249116,28.405397,108457005,0.00,0.000000,-,NaN,26.623344,27.754733,28.109822,65856885.98
01/16/2014,28.370090,28.588094,28.342932,28.545876,67608467,0.00,0.000000,-,NaN,26.559642,27.673531,27.997413,64636408.42
01/15/2014,28.466136,28.515760,28.238997,28.358244,78300393,0.00,0.000000,-,NaN,26.495396,27.566924,27.891004,64198693.88
01/14/2014,28.094812,28.417002,27.851377,28.377499,99676216,0.00,0.000000,-,NaN,26.435362,27.473551,27.822097,63663174.12
01/13/2014,27.811384,28.316027,27.581776,27.725220,97118665,0.00,0.000000,-,NaN,26.376691,27.364166,27.723489,62986567.50
01/10/2014,28.122712,28.122712,27.707195,27.902979,86061375,0.00,0.000000,-,NaN,26.330987,27.298716,27.712181,62107444.64
01/09/2014,28.230355,28.249612,27.788916,27.904459,83692529,0.00,0.000000,-,NaN,26.284601,27.233426,27.680777,61675029.88
01/08/2014,28.293559,28.326149,27.979761,28.175793,90036218,0.00,0.000000,-,NaN,26.227698,27.177160,27.635349,60931613.78
01/07/2014,27.775087,28.137768,27.680283,28.117275,102486711,0.00,0.000000,-,NaN,26.165467,27.099278,27.570837,60761378.06
01/06/2014,27.479067,27.623496,27.316860,27.585476,71037271,0.00,0.000000,-,NaN,26.109517,27.014114,27.476427,60391597.20
01/03/2014,27.528202,27.575850,27.279583,27.281311,66917888,0.00,0.000000,-,NaN,26.067097,26.940072,27.399645,61109397.64
01/02/2014,27.539558,27.596095,27.361797,27.481785,73129082,0.00,0.000000,-,NaN,26.018706,26.882275,27.349649,61544542.58
12/31/2013,27.460058,27.676332,27.312418,27.669172,54519590,0.00,0.000000,-,NaN,25.964479,26.808381,27.242845,62995480.74
12/30/2013,27.660039,27.663988,27.380558,27.391422,49629328,0.00,0.000000,-,NaN,25.910509,26.726623,27.125004,71192891.90
12/27/2013,27.651645,27.658557,27.477341,27.612143,63023345,0.00,0.000000,-,NaN,25.801547,26.665061,27.004843,73618349.16
12/26/2013,27.503757,27.626955,27.372411,27.588934,53712576,0.00,0.000000,-,NaN,25.692733,26.596809,26.885250,73969982.24
12/24/2013,27.527460,27.534124,27.357847,27.450184,29478078,0.00,0.000000,-,NaN,25.576473,26.523914,26.786074,74174024.18
12/23/2013,27.351426,27.547951,27.284273,27.530668,69122119,0.00,0.000000,-,NaN,25.460074,26.442552,26.718970,74583071.68
12/20/2013,26.869005,27.186753,26.861599,27.173174,130953011,0.00,0.000000,-,NaN,25.340031,26.339833,26.627719,74331974.02
12/19/2013,26.683098,26.960109,26.641374,26.817654,66877738,0.00,0.000000,-,NaN,25.225287,26.257681,26.551801,73523916.54
12/18/2013,26.462868,26.786293,26.146603,26.781357,88743390,0.00,0.000000,-,NaN,25.111540,26.178787,26.480499,74315351.96
12/17/2013,26.486821,26.682850,26.377201,26.413740,61658247,0.00,0.000000,-,NaN,24.997437,26.105276,26.414900,74101272.54
12/16/2013,26.269062,26.532985,26.219931,26.490768,64320188,0.00,0.000000,-,NaN,24.896647,26.057984,26.373916,73906866.58
12/13/2013,26.550517,26.572491,26.118214,26.189812,86820208,0.00,0.000000,-,NaN,24.797580,26.009322,26.328242,73710934.92
12/12/2013,26.653472,26.736673,26.392509,26.416210,64099363,0.00,0.000000,-,NaN,24.706379,25.977769,26.325279,73674478.78
12/11/2013,26.846783,26.943563,26.544836,26.597178,68728650,0.00,0.000000,-,NaN,24.616526,25.931490,26.308367,73593215.32
12/10/2013,26.569035,26.968008,26.556689,26.779137,74433955,0.00,0.000000,-,NaN,24.522565,25.850621,26.261754,73571534.36
12/09/2013,26.441641,26.721121,26.368315,26.618166,59526286,0.00,0.000000,-,NaN,24.419488,25.759185,26.166134,73465940.04
12/06/2013,26.412010,26.417195,26.172280,26.413986,57366220,0.00,0.000000,-,NaN,24.319868,25.682514,26.051947,73286228.96
12/05/2013,26.101179,26.161913,25.950329,26.104635,45517975,0.00,0.000000,-,NaN,24.225211,25.606077,25.963561,73150602.50
12/04/2013,25.957238,26.268566,25.923413,26.125370,47842656,0.00,0.000000,-,NaN,24.136276,25.563377,25.877075,73564387.68
12/03/2013,25.946870,26.255236,25.899221,26.003902,67295297,0.00,0.000000,-,NaN,24.051672,25.518123,25.795651,73801432.88
12/02/2013,26.256965,26.327082,25.942180,26.034023,55133884,0.00,0.000000,-,NaN,23.969329,25.484607,25.742051,73882776.64
11/29/2013,26.223634,26.333745,26.156727,26.160183,47890836,0.00,0.000000,-,NaN,23.894586,25.450734,25.690402,76269368.76
11/27/2013,26.220425,26.367819,26.170307,26.247089,45112461,0.00,0.000000,-,NaN,23.814989,25.414922,25.630260,76594663.50
11/26/2013,25.888850,26.207337,25.749110,26.131048,91794785,0.00,0.000000,-,NaN,23.736088,25.374568,25.554613,77245975.66
11/25/2013,25.606413,26.002177,25.553578,25.822935,64761837,0.00,0.000000,-,NaN,23.651010,25.347201,25.439488,76421376.40
11/22/2013,25.514073,25.581967,25.410381,25.476299,50356042,0.00,0.000000,-,NaN,23.572908,25.309019,25.352237,76199347.28
11/21/2013,25.355570,25.634802,25.330881,25.530121,43835693,0.00,0.000000,-,NaN,23.502387,25.288416,25.313080,76256520.78
11/20/2013,25.428404,25.512594,25.191636,25.239780,38692487,0.00,0.000000,-,NaN,23.432759,25.277899,25.248593,76259491.88
11/19/2013,25.472103,25.546910,25.258048,25.311129,45433661,0.00,0.000000,-,NaN,23.370483,25.289132,25.249680,76778951.68
11/18/2013,25.571597,25.892308,25.410873,25.467903,70651832,0.00,0.000000,-,NaN,23.303068,25.266665,25.240594,76904219.46
11/15/2013,25.549874,25.627150,25.437292,25.517532,51243355,0.00,0.000000,-,NaN,23.232211,25.231792,25.227164,76482564.88
11/14/2013,25.526414,25.670351,25.438274,25.558758,46842923,0.00,0.000000,-,NaN,23.156178,25.204449,25.211066,76711660.38
11/13/2013,24.855622,25.500003,24.849449,25.490622,63412799,0.00,0.000000,-,NaN,23.079312,25.023677,25.199585,76811714.00
11/12/2013,24.879071,25.122504,24.812412,24.979803,48906630,0.00,0.000000,-,NaN,22.999892,24.857717,25.194524,77182538.76
11/11/2013,24.923758,25.082263,24.886480,24.950422,44670812,0.00,0.000000,-,NaN,22.925134,24.697523,25.254913,77848626.08
11/08/2013,24.904998,25.145716,24.898825,25.084734,51825529,0.00,0.000000,-,NaN,22.844307,24.531514,25.265801,78450072.02
11/07/2013,25.247188,25.279778,24.877595,24.885248,67435822,0.00,0.000000,-,NaN,22.765006,24.353704,25.263752,78600794.86
11/06/2013,25.321008,25.355572,25.068440,25.250645,36652871,0.00,0.000000,-,NaN,22.686298,24.181240,25.307204,78319986.26
11/05/2013,25.191390,25.470375,25.119053,25.220276,47433127,0.00,0.000000,-,NaN,22.601072,23.975222,25.328585,78979408.70
11/04/2013,25.466669,25.488149,25.232866,25.333595,45722740,0.00,0.000000,-,NaN,22.524472,23.768020,25.292736,78875902.18
11/01/2013,25.473827,25.577769,25.308659,25.356554,51524405,0.00,0.000000,-,NaN,22.447491,23.570052,25.236421,78826357.16
10/31/2013,25.403218,25.714051,25.280761,25.443954,65845885,0.00,0.000000,-,NaN,22.371780,23.379095,25.197832,78494397.54
10/30/2013,25.613075,25.615051,25.330880,25.440006,53162522,0.00,0.000000,-,NaN,22.292158,23.188385,24.847768,78588589.28
10/29/2013,25.160526,25.600977,25.022269,25.583696,64440637,0.00,0.000000,-,NaN,22.210685,23.012563,24.520911,78515436.10
10/28/2013,25.064244,25.267433,25.009681,25.059305,46521724,0.00,0.000000,-,NaN,22.126451,22.828334,24.140133,78680773.52
10/25/2013,25.400502,25.400502,24.954126,25.064240,81524432,0.00,0.000000,-,NaN,22.048389,22.656634,23.797227,79095441.98
10/24/2013,25.475807,25.690601,25.301255,25.319773,83997668,0.00,0.000000,-,NaN,21.971587,22.485280,23.443657,78965918.32
10/23/2013,24.713655,25.546909,24.704521,25.464447,106927293,0.00,0.000000,-,NaN,21.894686,22.303347,23.055275,78957968.64
10/22/2013,24.812415,25.009926,24.585028,24.861792,88675135,0.00,0.000000,-,NaN,21.820540,22.113020,22.621860,77959520.18
10/21/2013,24.971904,25.158059,24.677858,24.770443,145675990,0.00,0.000000,-,NaN,21.760551,21.964689,22.243304,77291746.54
10/18/2013,24.110750,25.070657,24.047053,24.970667,464390148,0.00,0.000000,-,NaN,21.704808,21.820505,21.903682,75441155.98
10/17/2013,22.047004,22.143538,21.867762,21.943310,170902191,0.00,0.000000,-,NaN,21.646172,21.686814,21.560358,67348214.94
10/16/2013,21.871217,22.178842,21.825295,22.171434,80604999,0.00,0.000000,-,NaN,21.647090,21.698665,21.529002,65037666.78
10/15/2013,21.621611,21.865291,21.578160,21.775917,63914673,0.00,0.000000,-,NaN,21.646369,21.705195,21.504215,64634962.98
10/14/2013,21.396943,21.633711,21.365588,21.630253,49930453,0.00,0.000000,-,NaN,21.657721,21.710257,21.516535,64408356.78
10/11/2013,21.381388,21.565321,21.363366,21.528534,56567236,0.00,0.000000,-,NaN,21.672761,21.724638,21.516041,64786007.02
10/10/2013,21.327317,21.450515,21.237697,21.435949,90550137,0.00,0.000000,-,NaN,21.688676,21.745722,21.526904,65371794.50
10/09/2013,21.140671,21.297939,20.812309,21.130302,106449509,0.00,0.000000,-,NaN,21.698310,21.776361,21.551420,65306109.20
10/08/2013,21.363858,21.380152,21.025865,21.076231,78039419,0.00,0.000000,-,NaN,21.715622,21.826147,21.604180,64586863.36
10/07/2013,21.416444,21.577910,21.333983,21.374226,51937949,0.00,0.000000,-,NaN,21.729744,21.869352,21.686073,64545268.02
10/04/2013,21.602845,21.664816,21.479401,21.537420,54523605,0.00,0.000000,-,NaN,21.739427,21.896893,21.737328,64933999.64
10/03/2013,21.923803,22.074405,21.531249,21.629757,84997401,0.00,0.000000,-,NaN,21.747006,21.905818,21.813271,66253406.62
10/02/2013,21.793696,21.957383,21.672473,21.923561,60036190,0.00,0.000000,-,NaN,21.760244,21.910102,21.868328,66222491.18
10/01/2013,21.732463,21.915654,21.727526,21.899115,67644602,0.00,0.000000,-,NaN,21.768051,21.889906,21.906176,66664461.60
09/30/2013,21.456687,21.747029,21.437676,21.625311,69154239,0.00,0.000000,-,NaN,21.779754,21.857045,21.903979,67642835.08
09/27/2013,21.598404,21.665064,21.511747,21.637167,50540732,0.00,0.000000,-,NaN,21.789970,21.821234,21.933236,72169257.88
09/26/2013,21.684323,21.794188,21.602848,21.681112,50584897,0.00,0.000000,-,NaN,21.806902,21.795360,21.964541,74076941.64
09/25/2013,21.888003,21.888003,21.617659,21.657902,66207234,0.00,0.000000,-,NaN,21.826840,21.758795,22.001303,74274639.88
09/24/2013,21.886772,21.975651,21.760858,21.895164,59694916,0.00,0.000000,-,NaN,21.847767,21.725366,22.048113,74542841.42
09/23/2013,22.125020,22.259329,21.854676,21.886772,71362485,0.00,0.000000,-,NaN,21.866456,21.700122,22.052631,74923221.84
09/20/2013,22.180320,22.322036,22.111932,22.296852,174463490,0.00,0.000000,-,NaN,21.884479,21.680013,22.056458,75558233.14
09/19/2013,22.367961,22.367961,22.106505,22.180325,64155573,0.00,0.000000,-,NaN,21.892938,21.643720,21.998365,74144072.32
09/18/2013,21.883067,22.318086,21.802088,22.302038,77678069,0.00,0.000000,-,NaN,21.896690,21.607847,21.951875,74232803.66
09/17/2013,21.909240,21.933435,21.750983,21.877144,50564822,0.00,0.000000,-,NaN,21.897639,21.561061,21.873636,74268697.70
09/16/2013,22.126255,22.146005,21.846529,21.917879,53660381,0.00,0.000000,-,NaN,21.907010,21.535804,21.810111,74838907.00
09/13/2013,22.084282,22.113416,21.845787,21.950220,53214717,0.00,0.000000,-,NaN,21.909840,21.497721,21.709232,75132322.70
09/12/2013,22.155879,22.168224,21.973429,22.048731,43984248,0.00,0.000000,-,NaN,21.908536,21.461416,21.626178,74908767.90
09/11/2013,21.937132,22.145260,21.876398,22.126003,64665477,0.00,0.000000,-,NaN,21.903228,21.432715,21.516288,75547954.78
09/10/2013,21.973678,22.022562,21.825050,21.940348,51697050,0.00,0.000000,-,NaN,21.899125,21.414273,21.402620,75639657.22
09/09/2013,21.818380,21.967009,21.786038,21.925037,49569103,0.00,0.000000,-,NaN,NaN,21.410372,21.347613,NaN
09/06/2013,21.786533,21.819616,21.571738,21.715923,62698130,0.00,0.000000,-,NaN,NaN,21.413286,21.303568,NaN
09/05/2013,21.565816,21.723332,21.519154,21.715431,51845604,0.00,0.000000,-,NaN,NaN,21.429432,21.289075,NaN
09/04/2013,21.241152,21.565812,21.113265,21.519644,81954037,0.00,0.000000,-,NaN,NaN,21.443122,21.263818,NaN
09/03/2013,21.093267,21.385340,21.083145,21.241896,82210996,0.00,0.000000,-,NaN,NaN,21.473909,21.248486,NaN
08/30/2013,21.127830,21.184121,20.876003,20.909086,74743109,0.00,0.000000,-,NaN,NaN,21.528990,21.261497,NaN
08/29/2013,20.962663,21.241896,20.950813,21.119684,59361671,0.00,0.000000,-,NaN,NaN,21.602650,21.286211,NaN
08/28/2013,20.991796,21.119190,20.930567,20.949825,53395392,0.00,0.000000,-,NaN,NaN,21.662878,21.296654,NaN
08/27/2013,21.223132,21.324602,20.933776,20.989326,69623993,0.00,0.000000,-,NaN,NaN,21.711269,21.349143,NaN
08/26/2013,21.479403,21.600380,21.381881,21.390276,42257801,0.00,0.000000,-,NaN,NaN,21.761597,21.425926,NaN
08/23/2013,21.672715,21.676912,21.473229,21.484585,43245489,0.00,0.000000,-,NaN,NaN,21.781200,21.473131,NaN
08/22/2013,21.546061,21.596673,21.485573,21.570997,34926424,0.00,0.000000,-,NaN,NaN,21.799890,21.523003,NaN
08/21/2013,21.495448,21.650001,21.392990,21.462860,70555472,0.00,0.000000,-,NaN,NaN,21.817160,21.569789,NaN
08/20/2013,21.438665,21.531495,21.319911,21.366327,49504863,0.00,0.000000,-,NaN,NaN,21.858600,21.622426,NaN
08/19/2013,21.175972,21.528779,21.169553,21.372004,72707508,0.00,0.000000,-,NaN,NaN,21.905979,21.699332,NaN
08/16/2013,21.264113,21.292753,21.147088,21.156223,67255147,0.00,0.000000,-,NaN,NaN,21.961590,21.796483,NaN
08/15/2013,21.342132,21.353982,21.183135,21.224119,75048249,0.00,0.000000,-,NaN,NaN,22.010586,21.919089,NaN
08/14/2013,21.686047,21.731968,21.409284,21.474709,83600184,0.00,0.000000,-,NaN,NaN,22.073567,22.029103,NaN
08/13/2013,21.894921,21.936151,21.632476,21.757156,57004870,0.00,0.000000,-,NaN,NaN,22.133735,22.073395,NaN
08/12/2013,21.896649,21.899118,21.767032,21.862331,55286453,0.00,0.000000,-,NaN,NaN,22.181088,22.097269,NaN
08/09/2013,21.987009,22.109466,21.973182,21.983307,53146462,0.00,0.000000,-,NaN,NaN,22.229453,22.089269,NaN
08/08/2013,22.108723,22.117365,21.856896,22.038855,59743096,0.00,0.000000,-,NaN,NaN,22.269684,22.076777,NaN
08/07/2013,22.097612,22.181802,21.950712,21.989227,55374783,0.00,0.000000,-,NaN,NaN,22.303730,22.064531,NaN
08/06/2013,22.335862,22.459801,22.114649,22.135387,60469809,0.00,0.000000,-,NaN,NaN,22.322666,22.094775,NaN
08/05/2013,22.353145,22.356355,22.200319,22.343515,52584363,0.00,0.000000,-,NaN,NaN,22.333369,22.112626,NaN
08/02/2013,22.305001,22.392895,22.240317,22.382278,68812965,0.00,0.000000,-,NaN,NaN,22.333480,22.126698,NaN
08/01/2013,22.096627,22.332406,22.096627,22.324259,85856610,0.00,0.000000,-,NaN,NaN,22.317334,22.102083,NaN
07/31/2013,22.047003,22.133908,21.878870,21.917631,87265872,0.00,0.000000,-,NaN,NaN,22.295373,22.118032,NaN
07/30/2013,21.861096,22.111688,21.747772,21.995897,70487217,0.00,0.000000,-,NaN,NaN,22.288658,22.194074,NaN
07/29/2013,21.847267,22.092182,21.748265,21.782335,75959652,0.00,0.000000,-,NaN,NaN,22.284905,22.264907,NaN
07/26/2013,21.898870,21.972938,21.775674,21.858381,71374530,0.00,0.000000,-,NaN,NaN,NaN,22.369638,NaN
07/25/2013,22.068727,22.142299,21.876400,21.916397,120493954,0.00,0.000000,-,NaN,NaN,NaN,22.462591,NaN
07/24/2013,22.399312,22.474366,22.237353,22.291668,83451629,0.00,0.000000,-,NaN,NaN,NaN,22.542929,NaN
07/23/2013,22.484244,22.541029,22.209457,22.313892,82134711,0.00,0.000000,-,NaN,NaN,NaN,22.550558,NaN
07/22/2013,22.269447,22.532877,22.146001,22.484240,116563276,0.00,0.000000,-,NaN,NaN,NaN,22.554113,NaN
07/19/2013,21.889487,22.292904,21.617907,22.136129,295475379,0.00,0.000000,-,NaN,NaN,NaN,22.540263,NaN
07/18/2013,22.688916,22.713853,22.298832,22.483751,145924920,0.00,0.000000,-,NaN,NaN,NaN,22.532584,NaN
07/17/2013,22.738540,22.883218,22.622503,22.678053,60469809,0.00,0.000000,-,NaN,NaN,NaN,22.472714,NaN
07/16/2013,22.889885,22.910622,22.563249,22.704224,79617311,0.00,0.000000,-,NaN,NaN,NaN,22.383241,NaN
07/15/2013,22.820014,22.911362,22.623983,22.829641,78713937,0.00,0.000000,-,NaN,NaN,NaN,22.304902,NaN
07/12/2013,22.713849,22.787916,22.596330,22.787916,103113050,0.00,0.000000,-,NaN,NaN,NaN,NaN,NaN
07/11/2013,22.541024,22.733845,22.430417,22.719772,103755449,0.00,0.000000,-,NaN,NaN,NaN,NaN,NaN
07/10/2013,22.305250,22.495108,22.229454,22.367960,68592140,0.00,0.000000,-,NaN,NaN,NaN,NaN,NaN
07/09/2013,22.491651,22.539793,22.170199,22.349442,79472771,0.00,0.000000,-,NaN,NaN,NaN,NaN,NaN
07/08/2013,22.200567,22.374871,22.147980,22.345737,79075287,0.00,0.000000,-,NaN,NaN,NaN,NaN,NaN
07/05/2013,21.973429,22.106750,21.907509,22.059347,68331166,0.00,0.000000,-,NaN,NaN,NaN,NaN,NaN
07/03/2013,21.723826,21.952693,21.689262,21.885044,42036977,0.00,0.000000,-,NaN,NaN,NaN,NaN,NaN
07/02/2013,21.978118,21.997870,21.658890,21.783323,75943592,0.00,0.000000,-,NaN,NaN,NaN,NaN,NaN
07/01/2013,21.885535,22.024536,21.849737,21.920841,69250599,0.00,0.000000,-,NaN,NaN,NaN,NaN,NaN
