Date,Open,High,Low,Adj_Close,Volume,Dividends,Stock Splits,Empty_col_H,MA_Price_200_day,MA_Price_50_day,MA_Price_20_day,MA_Price_10_day,MA_Volume_50_day
01/03/2028
12/31/2027
12/30/2027
12/29/2027
12/28/2027
12/27/2027
12/24/2027
12/23/2027
12/22/2027
12/21/2027
12/20/2027
12/17/2027
12/16/2027
12/15/2027
12/14/2027
12/13/2027
12/10/2027
12/09/2027
12/08/2027
12/07/2027
12/06/2027
12/03/2027
12/02/2027
12/01/2027
11/30/2027
11/29/2027
11/26/2027
11/25/2027
11/24/2027
11/23/2027
11/22/2027
11/19/2027
11/18/2027
11/17/2027
11/16/2027
11/15/2027
11/12/2027
11/11/2027
11/10/2027
11/09/2027
11/08/2027
11/05/2027
11/04/2027
11/03/2027
11/02/2027
11/01/2027
10/29/2027
10/28/2027
10/27/2027
10/26/2027
10/25/2027
10/22/2027
10/21/2027
10/20/2027
10/19/2027
10/18/2027
10/15/2027
10/14/2027
10/13/2027
10/12/2027
10/11/2027
10/08/2027
10/07/2027
10/06/2027
10/05/2027
10/04/2027
10/01/2027
09/30/2027
09/29/2027
09/28/2027
09/27/2027
09/24/2027
09/23/2027
09/22/2027
09/21/2027
09/20/2027
09/17/2027
09/16/2027
09/15/2027
09/14/2027
09/13/2027
09/10/2027
09/09/2027
09/08/2027
09/07/2027
09/06/2027
09/03/2027
09/02/2027
09/01/2027
08/31/2027
08/30/2027
08/27/2027
08/26/2027
08/25/2027
08/24/2027
08/23/2027
08/20/2027
08/19/2027
08/18/2027
08/17/2027
08/16/2027
08/13/2027
08/12/2027
08/11/2027
08/10/2027
08/09/2027
08/06/2027
08/05/2027
08/04/2027
08/03/2027
08/02/2027
07/30/2027
07/29/2027
07/28/2027
07/27/2027
07/26/2027
07/23/2027
07/22/2027
07/21/2027
07/20/2027
07/19/2027
07/16/2027
07/15/2027
07/14/2027
07/13/2027
07/12/2027
07/09/2027
07/08/2027
07/07/2027
07/06/2027
07/05/2027
07/02/2027
07/01/2027
06/30/2027
06/29/2027
06/28/2027
06/25/2027
06/24/2027
06/23/2027
06/22/2027
06/21/2027
06/18/2027
06/17/2027
06/16/2027
06/15/2027
06/14/2027
06/11/2027
06/10/2027
06/09/2027
06/08/2027
06/07/2027
06/04/2027
06/03/2027
06/02/2027
06/01/2027
05/31/2027
05/28/2027
05/27/2027
05/26/2027
05/25/2027
05/24/2027
05/21/2027
05/20/2027
05/19/2027
05/18/2027
05/17/2027
05/14/2027
05/13/2027
05/12/2027
05/11/2027
05/10/2027
05/07/2027
05/06/2027
05/05/2027
05/04/2027
05/03/2027
04/30/2027
04/29/2027
04/28/2027
04/27/2027
04/26/2027
04/23/2027
04/22/2027
04/21/2027
04/20/2027
04/19/2027
04/16/2027
04/15/2027
04/14/2027
04/13/2027
04/12/2027
04/09/2027
04/08/2027
04/07/2027
04/06/2027
04/05/2027
04/02/2027
04/01/2027
03/31/2027
03/30/2027
03/29/2027
03/26/2027
03/25/2027
03/24/2027
03/23/2027
03/22/2027
03/19/2027
03/18/2027
03/17/2027
03/16/2027
03/15/2027
03/12/2027
03/11/2027
03/10/2027
03/09/2027
03/08/2027
03/05/2027
03/04/2027
03/03/2027
03/02/2027
03/01/2027
02/26/2027
02/25/2027
02/24/2027
02/23/2027
02/22/2027
02/19/2027
02/18/2027
02/17/2027
02/16/2027
02/15/2027
02/12/2027
02/11/2027
02/10/2027
02/09/2027
02/08/2027
02/05/2027
02/04/2027
02/03/2027
02/02/2027
02/01/2027
01/29/2027
01/28/2027
01/27/2027
01/26/2027
01/25/2027
01/22/2027
01/21/2027
01/20/2027
01/19/2027
01/18/2027
01/15/2027
01/14/2027
01/13/2027
01/12/2027
01/11/2027
01/08/2027
01/07/2027
01/06/2027
01/05/2027
01/04/2027
01/01/2027
12/31/2026
12/30/2026
12/29/2026
12/28/2026
12/24/2026
12/23/2026
12/22/2026
12/21/2026
12/18/2026
12/17/2026
12/16/2026
12/15/2026
12/14/2026
12/11/2026
12/10/2026
12/09/2026
12/08/2026
12/07/2026
12/04/2026
12/03/2026
12/02/2026
12/01/2026
11/30/2026
11/27/2026
11/25/2026
11/24/2026
11/23/2026
11/20/2026
11/19/2026
11/18/2026
11/17/2026
11/16/2026
11/13/2026
11/12/2026
11/11/2026
11/10/2026
11/09/2026
11/06/2026
11/05/2026
11/04/2026
11/03/2026
11/02/2026
10/30/2026
10/29/2026
10/28/2026
10/27/2026
10/26/2026
10/23/2026
10/22/2026
10/21/2026
10/20/2026
10/19/2026
10/16/2026
10/15/2026
10/14/2026
10/13/2026
10/12/2026
10/09/2026
10/08/2026
10/07/2026
10/06/2026
10/05/2026
10/02/2026
10/01/2026
09/30/2026
09/29/2026
09/28/2026
09/25/2026
09/24/2026
09/23/2026
09/22/2026
09/21/2026
09/18/2026
09/17/2026
09/16/2026
09/15/2026
09/14/2026
09/11/2026
09/10/2026
09/09/2026
09/08/2026
09/04/2026
09/03/2026
09/02/2026
09/01/2026
08/31/2026
08/28/2026,605.7899780273438,609.2150268554688,600.510009765625,601.9500122070312,97273,0.0,0.0,-,520.8299755859375,563.4295971679687,598.6450012207031,609.5740051269531,314117.46
08/27/2026,617.5499877929688,624.989990234375,606.1900024414062,611.5700073242188,198200,0.0,0.0,-,520.8224255371093,560.5323968505859,597.4029998779297,607.22900390625,316974.0
08/26/2026,607.8599853515625,620.5800170898438,605.6300048828125,619.0499877929688,149400,0.0,0.0,-,520.7103256225586,557.5329968261718,595.7394989013671,604.2670043945312,317504.0
08/25/2026,620.010009765625,625.4400024414062,607.989990234375,614.0599975585938,247100,0.0,0.0,-,520.5760256958008,554.5019970703125,594.0334991455078,602.0600036621094,319834.0
08/24/2026,614.1500244140625,622.489990234375,612.0,620.030029296875,186200,0.0,0.0,-,520.4997756958007,551.5675970458984,591.8789978027344,601.20400390625,320836.0
08/21/2026,614.1300048828125,629.6900024414062,600.010009765625,620.75,225900,0.0,0.0,-,520.3722756958008,548.6683966064453,590.34599609375,599.4440002441406,322106.0
08/20/2026,597.7449951171875,627.5850219726562,597.4099731445312,612.6400146484375,254500,0.0,0.0,-,520.238625793457,545.5679968261719,589.3774963378906,596.4359985351563,323164.0
08/19/2026,600.0,612.1099853515625,596.219970703125,608.27001953125,169000,0.0,0.0,-,520.0999755859375,542.6509967041015,589.0364959716796,593.672998046875,323760.0
08/18/2026,595.8099975585938,598.77001953125,588.375,590.2999877929688,131400,0.0,0.0,-,519.9604754638672,539.6435961914062,585.0289947509766,591.62099609375,324116.0
08/17/2026,578.2899780273438,597.469970703125,571.010009765625,597.1199951171875,163900,0.0,0.0,-,519.9318255615234,536.9225964355469,582.0974945068359,590.0989990234375,325300.0
08/14/2026,581.9500122070312,586.280029296875,571.7349853515625,578.5,220600,0.0,0.0,-,519.8488757324219,534.1539965820313,578.6379943847656,587.7159973144531,326448.0
08/13/2026,600.4000244140625,602.5,581.2899780273438,581.9500122070312,151100,0.0,0.0,-,519.9387756347656,531.6002966308594,576.5994934082031,587.5769958496094,326838.0
08/12/2026,598.2000122070312,604.8900146484375,593.135009765625,596.97998046875,310400,0.0,0.0,-,520.0550256347656,528.8730963134766,574.3979919433593,587.2119934082032,329792.0
08/11/2026,604.3200073242188,608.1849975585938,598.219970703125,605.5,159900,0.0,0.0,-,520.0531756591797,525.9628967285156,571.0104919433594,586.0069946289062,328608.0
08/10/2026,588.989990234375,603.3400268554688,588.989990234375,602.4299926757812,233600,0.0,0.0,-,519.7593756103515,522.7950964355468,567.5439910888672,582.5539916992187,331182.0
08/07/2026,590.4500122070312,594.989990234375,582.0800170898438,590.6699829101562,136500,0.0,0.0,-,519.4754006958008,519.708896484375,563.9319915771484,581.2479919433594,336190.0
08/06/2026,588.0,590.0,576.719970703125,585.010009765625,148700,0.0,0.0,-,519.2441006469727,516.4554968261718,561.3099914550781,582.318994140625,337660.0
08/05/2026,584.030029296875,590.4000244140625,579.2999877929688,587.75,246200,0.0,0.0,-,518.9594006347656,513.3374963378906,558.8344909667969,584.3999938964844,340556.0
08/04/2026,577.1900024414062,577.6400146484375,563.4500122070312,575.0800170898438,227900,0.0,0.0,-,518.6267007446289,510.23849609375,556.0464904785156,578.4369934082031,340296.0
08/03/2026,588.0700073242188,588.0700073242188,570.3400268554688,573.2899780273438,249500,0.0,0.0,-,518.3229006958007,507.3388958740234,554.6069885253906,574.0959899902343,342142.0
07/31/2026,577.1799926757812,579.5650024414062,565.739990234375,577.1099853515625,261400,0.0,0.0,-,518.0411007690429,504.3104962158203,554.1969909667969,569.5599914550781,344676.0
07/30/2026,577.1500244140625,586.1099853515625,565.0999755859375,578.2999877929688,318300,0.0,0.0,-,517.7925509643554,501.16649658203124,553.2214904785156,565.6219909667968,345338.0
07/29/2026,570.8499755859375,593.2849731445312,568.3099975585938,584.9299926757812,580900,0.0,0.0,-,517.4071510314941,498.0138970947266,551.4849914550781,561.5839904785156,344996.0
07/28/2026,589.739990234375,601.0,570.6099853515625,570.969970703125,744100,0.0,0.0,-,517.0759510803223,494.6206970214844,548.7179931640625,556.0139892578125,339114.0
07/27/2026,603.1500244140625,606.635009765625,588.77001953125,589.3699951171875,415400,0.0,0.0,-,516.8761012268067,491.5846978759766,546.9054931640625,552.5339904785156,329280.0
07/24/2026,612.0700073242188,612.0700073242188,592.7999877929688,601.3800048828125,492300,0.0,0.0,-,516.5885011291504,488.27249816894533,543.790493774414,546.6159912109375,330452.0
07/23/2026,647.0,677.9000244140625,592.6500244140625,605.8200073242188,1177100,0.0,0.0,-,516.2331010437011,484.63989807128905,539.7194946289062,540.3009887695313,327876.0
07/22/2026,531.2100219726562,536.2930297851562,525.1699829101562,528.1199951171875,523200,0.0,0.0,-,515.8664509582519,480.86929809570313,535.0679931640625,533.2689880371094,312436.0
07/21/2026,518.760009765625,537.8619995117188,514.469970703125,531.6699829101562,281500,0.0,0.0,-,515.9067008972168,478.7868981933594,532.3359939575196,533.6559875488281,307802.0
07/20/2026,537.3499755859375,539.7999877929688,526.9299926757812,527.9299926757812,283500,0.0,0.0,-,515.9678511047364,476.72769836425783,528.5354949951172,535.1179870605469,309106.0
07/17/2026,529.989990234375,540.8599853515625,527.0,537.72998046875,231200,0.0,0.0,-,515.8990010070801,474.7048986816406,525.1489959716797,538.8339904785156,310566.0
07/16/2026,529.6400146484375,540.1099853515625,528.2100219726562,537.9199829101562,260400,0.0,0.0,-,515.7141511535644,472.55669921875,521.1169967651367,540.8209899902344,314370.0
07/15/2026,537.280029296875,538.5999755859375,525.4500122070312,529.22998046875,283100,0.0,0.0,-,515.5085012817383,470.1386993408203,517.3009979248047,541.3859924316406,316832.0
07/14/2026,530.1900024414062,540.1530151367188,521.4600219726562,536.1699829101562,286900,0.0,0.0,-,515.3021014404297,467.90489990234374,514.2144989013672,541.4219970703125,316850.0
07/13/2026,542.1799926757812,544.4180297851562,523.9949951171875,530.1900024414062,261800,0.0,0.0,-,515.1078515625,465.5547003173828,510.7729995727539,541.2769958496094,317750.0
07/10/2026,536.3099975585938,540.3699951171875,530.0650024414062,538.22998046875,177500,0.0,0.0,-,514.9376016235351,463.2227001953125,508.01699981689455,540.9649963378906,321882.0
07/09/2026,530.510009765625,543.9299926757812,528.4849853515625,535.5,410600,0.0,0.0,-,514.7368766784668,460.6511004638672,504.3920013427734,539.1380004882812,334290.0
07/08/2026,534.8200073242188,538.6799926757812,520.8800048828125,531.989990234375,347500,0.0,0.0,-,514.5523767089844,458.3685003662109,500.95650177001954,536.8669982910156,338442.0
07/07/2026,556.469970703125,558.8400268554688,540.9749755859375,546.2899780273438,357600,0.0,0.0,-,514.4021267700195,455.9395007324219,497.252001953125,531.016000366211,349644.0
07/06/2026,554.3699951171875,567.9099731445312,542.8599853515625,565.0900268554688,234200,0.0,0.0,-,514.1598268127441,452.88210144042966,492.65000305175784,521.9530029296875,375206.0
07/02/2026,547.7899780273438,562.469970703125,546.6099853515625,557.5999755859375,356600,0.0,0.0,-,513.7882266235351,451.7495007324219,487.3300018310547,511.46400146484376,379436.0
07/01/2026,546.5079956054688,555.0,530.9749755859375,543.5700073242188,312600,0.0,0.0,-,513.482276763916,450.8955017089844,481.9907531738281,501.4130035400391,379634.0
06/30/2026,534.0,539.510009765625,523.6900024414062,529.5900268554688,335600,0.0,0.0,-,513.2176268005371,450.5929016113281,477.09175262451174,493.21600341796875,380346.0
06/29/2026,530.0,540.0,522.9450073242188,534.719970703125,390800,0.0,0.0,-,513.0576266479492,450.4131005859375,473.1857513427734,487.0070007324219,386232.0
06/26/2026,516.5,528.25,516.0,527.0700073242188,399900,0.0,0.0,-,512.7674768066406,450.0317016601563,468.8052520751953,480.2690032958984,385318.0
06/25/2026,517.8699951171875,533.0900268554688,512.5499877929688,519.9600219726562,400900,0.0,0.0,-,512.560076751709,449.86110107421877,464.8577514648438,475.0690032958984,388276.0
06/24/2026,479.0,517.8300170898438,479.0,512.7899780273438,503500,0.0,0.0,-,512.4207266235352,449.8619006347656,460.25975036621094,469.6460021972656,386784.0
06/23/2026,455.6600036621094,473.8299865722656,450.9700012207031,473.4800109863281,312100,0.0,0.0,-,512.29167678833,449.6307012939453,456.07575073242185,465.04600524902344,380792.0
06/22/2026,458.8200073242188,461.9150085449219,445.0050048828125,455.6600036621094,385400,0.0,0.0,-,512.3359767150879,450.03170104980467,454.04174957275393,463.4880035400391,378392.0
06/18/2026,463.0499877929688,463.3399963378906,447.9500122070313,460.2000122070313,472700,0.0,0.0,-,512.463826751709,450.9485009765625,452.76374969482424,463.3470031738281,377972.0
06/17/2026,457.1000061035156,466.6799926757813,455.0199890136719,457.0899963378906,240100,0.0,0.0,-,512.5295266723633,452.1575012207031,450.84724884033204,463.1960021972656,378660.0
06/16/2026,467.6400146484375,471.37200927734375,455.052001953125,461.6000061035156,224700,0.0,0.0,-,512.621626739502,453.18610107421875,448.98824920654295,462.56850280761716,380446.0
06/15/2026,467.3399963378906,474.9800109863281,462.9100036621094,467.5,265900,0.0,0.0,-,512.6783267211914,453.8741009521484,446.9417495727539,460.9675018310547,381834.0
06/12/2026,476.8599853515625,479.2999877929688,466.4049987792969,467.3399963378906,297200,0.0,0.0,-,512.7082267761231,454.49090087890625,444.3302490234375,459.364501953125,382204.0
06/11/2026,463.4400024414063,478.7999877929688,463.4400024414063,475.0700073242188,249700,0.0,0.0,-,512.7179768371582,454.933701171875,441.9217498779297,457.3415008544922,381378.0
06/10/2026,465.3500061035156,478.0,458.5499877929688,465.7300109863281,278800,0.0,0.0,-,512.6766267395019,455.0361010742188,439.35625,454.64649963378906,382842.0
06/09/2026,460.3599853515625,471.2300109863281,456.9700012207031,466.7900085449219,284300,0.0,0.0,-,512.6661767578125,454.92750061035156,437.05724945068357,450.8734985351563,381930.0
06/08/2026,454.25,462.0899963378906,450.05999755859375,457.8999938964844,186800,0.0,0.0,-,512.5989266967773,454.61570068359373,434.5822494506836,447.1054962158203,380508.0
06/05/2026,453.5299987792969,458.0,442.9500122070313,454.25,190600,0.0,0.0,-,512.6380267333984,454.7897009277344,432.8872497558594,444.5954956054687,381300.0
06/04/2026,454.239990234375,466.2200012207031,454.1380004882813,458.6900024414063,221300,0.0,0.0,-,512.6774768066406,455.04070068359374,431.6102493286133,442.1804962158203,385444.0
06/03/2026,445.3999938964844,451.6799926757813,434.3800048828125,450.8150024414063,240100,0.0,0.0,-,512.6985768127441,455.08170043945313,430.01524963378904,438.4984954833984,384972.0
06/02/2026,445.3500061035156,449.3800048828125,438.0400085449219,445.5899963378906,298800,0.0,0.0,-,512.7337518310546,455.2040002441406,428.99049987792966,435.4079956054687,385172.0
06/01/2026,446.4299926757813,460.8999938964844,444.4100036621094,451.4700012207031,251200,0.0,0.0,-,512.7991018676757,455.3424005126953,427.56199951171874,432.91599731445314,390822.0
05/29/2026,446.7200012207031,453.5400085449219,441.9150085449219,447.1099853515625,288600,0.0,0.0,-,512.8817518615723,455.5314007568359,425.86549987792966,429.29599609375,391532.0
05/28/2026,428.0,450.6099853515625,422.0,448.1199951171875,484000,0.0,0.0,-,512.9426519775391,455.68520080566407,424.44300079345703,426.5019989013672,390930.0
05/27/2026,429.1099853515625,434.9400024414063,424.010009765625,428.0,210000,0.0,0.0,-,512.9509019470215,455.82580078125,422.7165008544922,424.0660003662109,387784.0
05/26/2026,443.5350036621094,443.5350036621094,422.8800048828125,429.1099853515625,293500,0.0,0.0,-,512.982651977539,456.33860107421873,421.7990005493164,423.2410003662109,389422.0
05/22/2026,431.739990234375,434.8599853515625,421.5150146484375,432.7999877929688,233200,0.0,0.0,-,512.9810520935058,456.7646014404297,421.41200103759763,422.0590026855469,390106.0
05/21/2026,417.989990234375,430.3550109863281,408.3999938964844,430.1000061035156,320200,0.0,0.0,-,512.9689021301269,456.9856018066406,420.2990020751953,421.17900390625,392916.0
05/20/2026,417.0,422.4200134277344,403.4599914550781,421.8699951171875,376200,0.0,0.0,-,512.9999020385742,457.93800170898436,418.4650024414062,421.0400024414063,395000.0
05/19/2026,422.1799926757813,425.55999755859375,418.9599914550781,419.9100036621094,294500,0.0,0.0,-,513.0527020263672,458.8364019775391,422.7945022583008,421.53200378417966,394144.0
05/18/2026,417.1000061035156,427.031005859375,412.2099914550781,420.6700134277344,301200,0.0,0.0,-,513.0686019897461,460.0090020751953,427.54400329589845,422.5730041503906,394508.0
05/15/2026,419.5700073242188,421.739990234375,414.7049865722656,415.2699890136719,286800,0.0,0.0,-,513.1012519836426,461.0074017333984,432.93250274658203,422.2080017089844,395628.0
05/14/2026,424.3500061035156,429.2200012207031,418.9700012207031,419.1700134277344,252400,0.0,0.0,-,513.2138020324707,462.08960205078125,438.1990020751953,422.43500366210935,394464.0
05/13/2026,418.25,424.5700073242188,413.0,423.760009765625,474000,0.0,0.0,-,513.3575520324707,463.0234014892578,443.0230026245117,422.3840026855469,396908.0
05/12/2026,419.5199890136719,420.6400146484375,413.3699951171875,419.75,363500,0.0,0.0,-,513.5040019226075,463.8558013916016,447.76200103759766,421.36700134277345,392520.0
05/11/2026,427.4400024414063,427.4400024414063,414.3599853515625,417.2900085449219,405100,0.0,0.0,-,513.6427018737793,464.6102014160156,452.77450103759764,420.35700073242185,390626.0
05/08/2026,430.510009765625,430.510009765625,418.0400085449219,424.0,291500,0.0,0.0,-,513.8346517944336,465.2996014404297,456.971501159668,420.76499938964844,390966.0
05/07/2026,429.3900146484375,434.8599853515625,425.8200073242188,428.7099914550781,346700,0.0,0.0,-,513.9017018127441,465.7614013671875,460.4480010986328,419.41900024414065,391288.0
05/06/2026,433.239990234375,435.1499938964844,425.2250061035156,426.7900085449219,356500,0.0,0.0,-,514.1468019104004,465.94880126953126,464.0875015258789,415.89000244140624,391798.0
05/05/2026,419.0,433.9599914550781,413.3500061035156,430.3200073242188,421400,0.0,0.0,-,513.5572518920899,466.25700134277344,468.78050231933594,424.0570007324219,390458.0
05/04/2026,415.1099853515625,421.2799987792969,407.6900024414063,417.0199890136719,383500,0.0,0.0,-,512.9650018310547,466.54980102539065,472.6905014038086,432.51500244140624,390202.0
05/01/2026,420.0,422.0,414.1050109863281,417.5400085449219,284000,0.0,0.0,-,512.4757019042969,467.2848010253906,476.639501953125,443.65700378417966,390414.0
04/30/2026,413.8599853515625,421.6499938964844,408.2900085449219,418.6600036621094,331900,0.0,0.0,-,511.96215179443357,467.8628009033203,480.67950134277345,453.96300048828124,392782.0
04/29/2026,405.6900024414063,416.3699951171875,402.43499755859375,413.5899963378906,468400,0.0,0.0,-,511.4324017333984,468.41300109863283,484.2205017089844,463.66200256347656,398582.0
04/28/2026,420.7300109863281,424.989990234375,409.1099853515625,409.6499938964844,797900,0.0,0.0,-,510.9662516784668,468.7048010253906,487.55050201416014,474.15700073242186,397812.0
04/27/2026,415.2799987792969,422.5,410.5400085449219,421.3699951171875,618200,0.0,0.0,-,510.5355017089844,469.07240112304686,490.0830017089844,485.19200134277344,396438.0
04/24/2026,390.010009765625,415.9700012207031,390.010009765625,410.5400085449219,907600,0.0,0.0,-,510.0698516845703,468.9658013916016,491.5745025634766,493.1780029296875,397712.0
04/23/2026,375.1499938964844,407.6099853515625,373.0,393.4200134277344,1635700,0.0,0.0,-,509.62190170288085,469.23360107421877,494.37750244140625,501.477001953125,393388.0
04/22/2026,519.3900146484375,527.75,503.7699890136719,508.4599914550781,445700,0.0,0.0,-,509.2673016357422,470.28620056152346,498.04650115966797,512.2850006103515,381304.0
04/21/2026,528.2999877929688,530.0700073242188,511.3800048828125,514.9000244140625,366500,0.0,0.0,-,508.3195016479492,470.7240002441406,495.66050109863284,513.50400390625,388254.0
04/20/2026,518.3800048828125,530.0800170898438,515.8350219726562,528.4400024414062,348200,0.0,0.0,-,507.3525015258789,471.26679931640626,492.7619995117187,512.866000366211,395974.0
04/17/2026,517.72998046875,526.6500244140625,512.7650146484375,520.5999755859375,629900,0.0,0.0,-,506.34045150756833,471.5233996582031,488.9654998779297,509.6220001220703,395736.0
04/16/2026,518.3499755859375,530.969970703125,513.2999877929688,515.6500244140625,345100,0.0,0.0,-,505.3427766418457,472.34180053710935,485.9815017700195,507.3960021972656,390032.0
04/15/2026,522.4600219726562,529.260009765625,515.905029296875,518.5399780273438,547800,0.0,0.0,-,504.3338264465332,473.39940063476564,482.93899993896486,504.7790008544922,389794.0
04/14/2026,501.25,520.3599853515625,501.25,520.0,326300,0.0,0.0,-,503.29457656860353,474.79200073242185,479.7695007324219,500.9440032958984,385334.0
04/13/2026,493.2200012207031,504.5650024414063,492.9649963378906,501.2300109863281,203900,0.0,0.0,-,502.22857650756833,476.0416003417969,476.4515014648438,494.9740020751953,383298.0
04/10/2026,503.1000061035156,503.1000061035156,487.8550109863281,493.5299987792969,192100,0.0,0.0,-,501.2781265258789,477.8784002685547,473.91050109863284,489.97100219726565,383070.0
04/09/2026,518.489990234375,519.6400146484375,497.5799865722656,501.5,364400,0.0,0.0,-,500.3868765258789,479.9659997558594,471.42650146484374,487.2780029296875,382612.0
04/08/2026,516.9099731445312,528.1400146484375,516.9099731445312,520.6500244140625,507100,0.0,0.0,-,499.4225765991211,481.9809997558594,470.2375015258789,483.80800170898436,378136.0
04/07/2026,491.0799865722656,511.30999755859375,487.3399963378906,508.5199890136719,329400,0.0,0.0,-,498.3661264038086,483.60919921875,467.54450073242185,477.81699829101564,372096.0
04/06/2026,498.1099853515625,502.0,472.2200012207031,496.0,294100,0.0,0.0,-,497.33697647094726,485.1997991943359,466.0455017089844,472.6579986572266,371540.0
04/02/2026,481.3599853515625,501.3299865722656,481.3599853515625,498.3399963378906,284400,0.0,0.0,-,496.3465765380859,487.40519958496094,464.7750015258789,468.3089996337891,369314.0
04/01/2026,480.2999877929688,491.6400146484375,480.2999877929688,489.4800109863281,255900,0.0,0.0,-,495.35977661132813,489.8502001953125,463.327001953125,464.56700134277344,368650.0
03/31/2026,459.1700134277344,482.6799926757813,459.1700134277344,480.1900024414063,322900,0.0,0.0,-,494.4036265563965,492.10860046386716,462.14600067138673,461.0989990234375,367676.0
03/30/2026,460.8399963378906,463.7999877929688,448.2900085449219,460.2999877929688,233200,0.0,0.0,-,493.52267654418944,494.7228009033203,461.405500793457,458.5949981689453,365872.0
03/27/2026,463.8200073242188,466.0,449.1099853515625,451.2000122070313,213200,0.0,0.0,-,492.73272659301756,497.87760070800783,461.2640014648438,457.9290008544922,365350.0
03/26/2026,463.4700012207031,475.7999877929688,463.4700012207031,466.6000061035156,226400,0.0,0.0,-,492.0062014770508,501.18260070800784,461.29200134277346,457.85,365008.0
03/25/2026,465.6099853515625,471.9100036621094,460.3299865722656,466.7999877929688,397800,0.0,0.0,-,491.1648014831543,504.01920043945313,460.3165008544922,455.575,365780.0
03/24/2026,455.1400146484375,466.510009765625,450.0700073242188,460.739990234375,197700,0.0,0.0,-,490.31330154418947,506.6674011230469,458.88050079345703,456.66700134277346,363316.0
03/23/2026,458.260009765625,462.1700134277344,453.0889892578125,456.9299926757813,250100,0.0,0.0,-,489.4775015258789,509.35260131835935,457.95350189208983,457.2720031738281,363146.0
03/20/2026,458.7200012207031,465.0,448.6099853515625,452.510009765625,581300,0.0,0.0,-,488.75655151367187,512.2144018554687,457.35500183105466,459.43300476074216,362858.0
03/19/2026,450.2000122070313,465.0,446.8880004882813,460.9200134277344,286700,0.0,0.0,-,488.0243515014648,515.4260021972656,457.41800079345705,461.2410034179687,355918.0
03/18/2026,450.6499938964844,461.6300048828125,448.7799987792969,454.7999877929688,258500,0.0,0.0,-,487.20880142211917,518.3854022216797,456.6940002441406,462.0870025634766,354318.0
03/17/2026,457.75,466.1700134277344,451.05999755859375,455.1499938964844,326700,0.0,0.0,-,486.4093014526367,521.0260028076171,456.2625015258789,463.19300231933596,352932.0
03/16/2026,455.5299987792969,464.6749877929688,450.6199951171875,453.6400146484375,291900,0.0,0.0,-,485.61880142211913,523.3434033203125,454.91400146484375,464.21600341796875,348992.0
03/13/2026,450.5199890136719,464.9299926757813,445.0400085449219,450.4100036621094,327700,0.0,0.0,-,484.81965133666995,525.503603515625,453.63350067138674,464.5990020751953,346480.0
03/12/2026,471.8599853515625,474.5299987792969,442.8299865722656,443.8500061035156,373700,0.0,0.0,-,484.0605513000488,527.8724029541015,451.91500091552734,464.7340026855469,345064.0
03/11/2026,464.2999877929688,479.0199890136719,463.0899963378906,477.7200012207031,424400,0.0,0.0,-,483.3157513427734,530.3950024414063,450.91900024414065,465.05800170898436,340254.0
03/10/2026,477.0,479.30999755859375,463.3200073242188,466.7900085449219,333400,0.0,0.0,-,482.3923013305664,532.1918023681641,449.335499572754,461.0940002441406,335030.0
03/09/2026,466.7000122070313,483.2999877929688,460.510009765625,478.5400085449219,312700,0.0,0.0,-,481.53720123291015,534.2932019042969,452.5134979248047,458.63500061035154,329882.0
03/06/2026,469.5,476.8599853515625,460.0,470.5899963378906,357200,0.0,0.0,-,480.6776011657715,536.1164019775391,455.6884963989258,455.27699890136716,327506.0
03/05/2026,460.3299865722656,478.0,459.0199890136719,469.3800048828125,228600,0.0,0.0,-,479.8545512390137,538.1352026367188,459.2224975585938,453.5949981689453,324510.0
03/04/2026,465.3800048828125,473.2000122070313,460.9049987792969,465.8599853515625,374600,0.0,0.0,-,479.0359512329102,540.1148022460937,463.8294982910156,451.3009979248047,327506.0
03/03/2026,456.6300048828125,466.0,446.8699951171875,465.3800048828125,254600,0.0,0.0,-,478.1887013244629,542.0018029785156,468.96300048828124,449.3320007324219,324820.0
03/02/2026,444.9800109863281,458.2200012207031,441.8500061035156,457.4700012207031,268800,0.0,0.0,-,477.3204513549805,543.8356030273437,475.1024993896484,445.61199951171875,323210.0
02/27/2026,440.0,452.989990234375,435.7699890136719,451.760009765625,422100,0.0,0.0,-,476.5838513183594,545.8610028076172,481.3529983520508,442.6679992675781,323104.0
02/26/2026,440.4800109863281,453.375,438.0799865722656,447.0899963378906,307600,0.0,0.0,-,475.8937512207031,548.0084027099609,488.41849822998046,439.0959991455078,319910.0
02/25/2026,443.7099914550781,443.8450012207031,425.5700073242188,438.0799865722656,372200,0.0,0.0,-,475.13845123291014,550.2246032714844,495.9594970703125,436.7799987792969,316594.0
02/24/2026,446.0700073242188,452.010009765625,438.864990234375,442.2000122070313,289500,0.0,0.0,-,474.4521012878418,552.7860040283203,504.1679977416992,437.5769989013673,313124.0
02/23/2026,450.4599914550781,456.7900085449219,434.9200134277344,444.9599914550781,408600,0.0,0.0,-,473.74105117797853,555.1570037841797,512.1609970092774,446.3919952392578,312468.0
02/20/2026,440.9299926757813,454.7099914550781,440.9299926757813,453.7699890136719,394100,0.0,0.0,-,472.9601011657715,557.139404296875,519.3154968261719,456.09999389648436,308502.0
02/19/2026,442.8900146484375,447.8500061035156,425.7950134277344,446.4400024414063,402400,0.0,0.0,-,472.193701171875,559.0474041748047,526.9404983520508,464.84999694824216,304956.0
02/18/2026,432.1600036621094,448.2300109863281,430.010009765625,446.1700134277344,621900,0.0,0.0,-,471.48705108642577,561.0810040283203,535.6479995727539,476.3579986572266,303978.0
02/17/2026,430.8900146484375,445.0,425.7999877929688,428.1799926757813,429900,0.0,0.0,-,470.76745101928714,563.0530041503906,543.4595001220703,488.5940002441406,303142.0
02/13/2026,421.4450073242188,442.4100036621094,421.4450073242188,428.0299987792969,729200,0.0,0.0,-,470.1685011291504,566.0192041015625,552.5955017089843,504.59299926757814,299448.0
02/12/2026,397.0,420.4200134277344,392.3500061035156,416.0400085449219,681900,0.0,0.0,-,469.56010116577147,569.1326043701172,562.0960006713867,520.0379974365235,291414.0
02/11/2026,446.8250122070313,446.8250122070313,422.5650024414063,423.9299926757813,691400,0.0,0.0,-,468.9708010864258,572.5714038085938,572.1165008544922,537.7409973144531,283466.0
02/10/2026,489.0,493.7019958496094,441.6499938964844,446.0499877929688,1031500,0.0,0.0,-,468.3439010620117,575.9420043945313,581.3415008544922,555.1389953613282,273708.0
02/09/2026,540.5499877929688,547.0700073242188,527.469970703125,530.3499755859375,793200,0.0,0.0,-,467.62805114746095,579.1530041503906,588.9995025634765,570.7589965820313,259182.0
02/06/2026,550.6199951171875,550.6199951171875,539.1849975585938,542.0399780273438,752500,0.0,0.0,-,466.4290013122559,580.7822045898438,592.2320037841797,577.9299987792969,250360.0
02/05/2026,562.3699951171875,575.969970703125,538.2899780273438,541.27001953125,336300,0.0,0.0,-,465.1302014160156,582.3112048339843,595.131005859375,582.5309997558594,246422.0
02/04/2026,570.219970703125,580.6900024414062,547.1799926757812,561.52001953125,344700,0.0,0.0,-,463.8688012695313,583.3222045898438,598.7220062255859,589.0309997558594,244760.0
02/03/2026,591.3599853515625,597.8800048828125,562.3699951171875,568.530029296875,333200,0.0,0.0,-,462.5426011657715,583.8150036621093,601.0905059814453,594.9380004882812,240610.0
02/02/2026,576.1599731445312,593.1799926757812,568.8599853515625,588.1699829101562,324800,0.0,0.0,-,461.1824510192871,584.2880029296875,602.0055053710937,598.325,238364.0
01/30/2026,586.3499755859375,595.9099731445312,578.8400268554688,582.47998046875,224500,0.0,0.0,-,459.7666011047363,584.328203125,601.1480072021484,600.5980041503906,236250.0
01/29/2026,597.489990234375,605.25,581.4400024414062,593.0700073242188,192500,0.0,0.0,-,458.38060119628904,584.3938037109375,600.1065093994141,604.15400390625,234894.0
01/28/2026,600.1199951171875,601.9500122070312,589.9500122070312,597.9099731445312,169200,0.0,0.0,-,456.90385116577147,584.3342041015625,598.8955078125,606.4920043945312,234736.0
01/27/2026,602.3099975585938,608.0709838867188,596.0900268554688,602.25,140600,0.0,0.0,-,455.32595123291014,584.2024047851562,597.4990081787109,607.5440063476562,236074.0
01/26/2026,588.0,605.3300170898438,588.0,602.0599975585938,205100,0.0,0.0,-,453.82750122070314,584.109404296875,595.7645080566406,607.2400085449219,236706.0
01/23/2026,603.010009765625,604.2449951171875,579.0289916992188,588.0499877929688,301600,0.0,0.0,-,452.20335128784177,584.1236047363282,594.254507446289,606.5340087890625,239964.0
01/22/2026,620.8599853515625,621.4500122070312,604.0900268554688,606.27001953125,182800,0.0,0.0,-,450.7136013793945,584.3714050292969,593.3370086669922,607.7310119628906,238818.0
01/21/2026,604.489990234375,624.0,595.0,620.5900268554688,251200,0.0,0.0,-,449.1178012084961,584.0290051269532,591.6000091552735,608.4130126953125,239872.0
01/20/2026,600.0,613.3900146484375,590.0,602.4000244140625,207200,0.0,0.0,-,447.53540100097655,583.4610046386719,588.9885070800781,607.2430114746094,240228.0
01/16/2026,618.0399780273438,628.916015625,606.7899780273438,610.9000244140625,232700,0.0,0.0,-,446.0795509338379,583.3892041015625,586.8790069580078,605.6860107421875,242022.0
01/15/2026,619.4000244140625,619.510009765625,605.9949951171875,618.0399780273438,207100,0.0,0.0,-,444.5137008666992,583.0618041992187,584.1875061035156,601.6980102539062,241498.0
01/14/2026,612.739990234375,618.8800048828125,605.844970703125,616.4500122070312,196100,0.0,0.0,-,442.9469509887695,582.5814050292969,581.2225067138672,596.0590148925781,242784.0
01/13/2026,601.7100219726562,619.2999877929688,598.0650024414062,608.4299926757812,265000,0.0,0.0,-,441.4265008544922,581.9506042480468,578.3565063476562,591.2990112304688,243266.0
01/12/2026,597.9299926757812,605.9600219726562,591.3599853515625,599.2100219726562,274600,0.0,0.0,-,439.96740081787107,581.389404296875,575.8300079345703,587.4540100097656,242206.0
01/09/2026,602.219970703125,612.1199951171875,593.6599731445312,595.0,189200,0.0,0.0,-,438.5596006774902,581.0966040039062,574.1770080566406,584.2890075683594,242010.0
01/08/2026,611.5700073242188,612.989990234375,591.030029296875,600.02001953125,235700,0.0,0.0,-,437.20715072631833,580.8072045898438,572.4645080566406,581.9750061035156,246200.0
01/07/2026,610.9600219726562,614.3599853515625,599.5609741210938,613.0900268554688,234300,0.0,0.0,-,435.86000061035156,580.7364038085938,569.6675079345703,578.9430053710937,249424.0
01/06/2026,587.4500122070312,611.7000122070312,586.2449951171875,608.8900146484375,206700,0.0,0.0,-,434.4157005310059,580.578603515625,566.4715057373047,574.7870056152344,251600.0
01/05/2026,568.3599853515625,592.6799926757812,566.1500244140625,586.8300170898438,189200,0.0,0.0,-,432.9694004821777,580.3330029296875,563.4330047607422,570.7340026855469,262586.0
01/02/2026,558.6599731445312,571.030029296875,551.0,571.02001953125,129700,0.0,0.0,-,431.672600402832,579.5312023925782,561.3300048828125,568.0720031738281,274272.0
12/31/2025,566.5999755859375,568.8699951171875,560.760009765625,561.6500244140625,166300,0.0,0.0,-,430.43215026855466,579.0235021972657,561.6035034179688,566.677001953125,282066.0
12/30/2025,569.97998046875,574.010009765625,562.0,568.8499755859375,256900,0.0,0.0,-,429.25560012817385,578.678701171875,562.7060028076172,566.3859985351562,283642.0
12/29/2025,567.5599975585938,577.4000244140625,565.7100219726562,569.97998046875,133200,0.0,0.0,-,428.0361003112793,577.8631018066407,563.6625030517578,565.4140014648438,282028.0
12/26/2025,571.8499755859375,571.8499755859375,561.8250122070312,567.5599975585938,163200,0.0,0.0,-,426.77585037231444,576.8877026367187,564.7865051269531,564.206005859375,286178.0
12/24/2025,565.6500244140625,572.8699951171875,564.760009765625,571.8599853515625,76000,0.0,0.0,-,425.562600402832,575.8229028320312,566.7385040283203,564.0650085449219,288066.0
12/23/2025,571.5700073242188,575.530029296875,566.905029296875,569.7000122070312,193900,0.0,0.0,-,424.33265045166013,574.7243029785157,568.7360046386718,562.9540100097656,293792.0
12/22/2025,566.0399780273438,574.25,560.77001953125,571.530029296875,207400,0.0,0.0,-,423.17120040893553,573.8783032226562,571.175503540039,560.3920104980468,299346.0
12/19/2025,562.469970703125,569.6599731445312,561.2000122070312,568.3599853515625,378400,0.0,0.0,-,421.97760025024417,572.4721026611328,572.1900024414062,558.156005859375,303308.0
12/18/2025,561.8699951171875,572.4400024414062,559.60498046875,560.2100219726562,240300,0.0,0.0,-,420.76445037841796,571.4787030029297,573.0800018310547,556.1320068359375,300400.0
12/17/2025,558.780029296875,565.489990234375,555.1599731445312,557.0700073242188,174100,0.0,0.0,-,419.6062002563477,570.8945025634765,574.678500366211,554.5880065917969,299682.0
12/16/2025,554.8200073242188,560.9299926757812,544.239990234375,558.739990234375,263500,0.0,0.0,-,418.44280029296874,570.3901019287109,576.3339996337891,556.5300048828125,300784.0
12/15/2025,557.9000244140625,563.6799926757812,553.3170166015625,559.1300048828125,262400,0.0,0.0,-,417.24495040893555,569.8213018798829,577.6850006103516,559.0260070800781,301112.0
12/12/2025,566.5700073242188,567.8800048828125,557.3099975585938,557.9000244140625,141800,0.0,0.0,-,416.0859004211426,569.2885015869141,579.2330017089844,561.9110046386719,301716.0
12/11/2025,558.5399780273438,569.0,556.4600219726562,566.1500244140625,198700,0.0,0.0,-,414.92695022583007,568.853900756836,580.9040008544922,565.3670043945312,308252.0
12/10/2025,547.8300170898438,563.25,546.4949951171875,560.75,256700,0.0,0.0,-,413.7936001586914,568.4089007568359,582.4764984130859,569.4119995117187,316496.0
12/09/2025,549.2899780273438,550.3499755859375,542.8099975585938,544.0800170898438,210300,0.0,0.0,-,412.69445022583005,567.4771002197266,584.5774993896484,574.5179992675781,319116.0
12/08/2025,545.3800048828125,552.5999755859375,541.02001953125,549.1699829101562,216800,0.0,0.0,-,411.69580017089845,566.6107000732422,587.3954986572265,581.9589965820312,318186.0
12/05/2025,547.530029296875,550.0,536.4000244140625,548.1199951171875,353500,0.0,0.0,-,410.6510502624512,565.5631005859375,589.3945007324219,586.2239990234375,317244.0
12/04/2025,574.0900268554688,576.2880249023438,530.9600219726562,544.77001953125,580100,0.0,0.0,-,409.6347003173828,564.3597009277344,591.5980010986328,590.0279968261718,314000.0
12/03/2025,584.5900268554688,592.1500244140625,571.2999877929688,576.489990234375,245200,0.0,0.0,-,408.63065017700194,563.4107006835937,594.3,594.768994140625,306046.0
12/02/2025,590.0,592.9099731445312,582.739990234375,583.7000122070312,327500,0.0,0.0,-,407.4520501708984,561.803701171875,595.202001953125,596.1379943847656,304480.0
12/01/2025,588.8099975585938,596.510009765625,586.5800170898438,587.97998046875,284500,0.0,0.0,-,406.23442504882814,560.0914007568359,595.7180023193359,596.343994140625,301048.0
11/28/2025,601.1099853515625,604.4749755859375,585.6500244140625,592.4600219726562,203500,0.0,0.0,-,405.0065751647949,558.3038012695313,595.564501953125,596.5549987792969,310238.0
11/26/2025,610.510009765625,612.8499755859375,601.0700073242188,606.5999755859375,305200,0.0,0.0,-,403.7266250610352,556.4934008789063,594.9600006103516,596.4409973144532,311524.0
11/25/2025,616.7000122070312,626.2550048828125,610.510009765625,611.8099975585938,352100,0.0,0.0,-,402.33292510986325,554.3180010986329,593.8585021972656,595.5409973144531,311312.0
11/24/2025,597.1300048828125,620.7899780273438,593.4400024414062,618.489990234375,555600,0.0,0.0,-,401.04642517089843,551.8972009277344,592.2945037841797,594.6369995117187,308280.0
11/21/2025,587.0,596.375,579.2650146484375,591.8200073242188,253200,0.0,0.0,-,399.72447525024415,549.4556011962891,591.1940032958985,592.8320007324219,303916.0
11/20/2025,600.0,605.0,583.489990234375,586.1599731445312,137200,0.0,0.0,-,398.5702252197266,547.4320013427734,591.863003540039,592.5650024414062,306292.0
11/19/2025,590.8900146484375,594.0650024414062,585.010009765625,592.1799926757812,220900,0.0,0.0,-,397.4151753234863,545.6606018066407,592.3855041503906,593.1680053710937,309514.0
11/18/2025,580.8499755859375,592.3400268554688,575.0,590.1799926757812,219100,0.0,0.0,-,396.1891754150391,543.3508020019531,590.1135040283203,593.831005859375,311950.0
11/17/2025,589.1799926757812,600.5,583.6799926757812,585.760009765625,156700,0.0,0.0,-,394.9551754760742,541.2590020751953,587.8862548828125,594.2660095214844,316572.0
11/14/2025,587.780029296875,600.510009765625,583.7899780273438,590.0900268554688,184600,0.0,0.0,-,393.77212539672854,539.3856018066406,585.8187530517578,595.0920104980469,322506.0
11/13/2025,590.7349853515625,608.0900268554688,586.8300170898438,591.3200073242188,236100,0.0,0.0,-,392.5718753051758,537.3234014892578,582.7177520751953,594.5740051269531,323490.0
11/12/2025,600.989990234375,608.6179809570312,597.5999755859375,597.5999755859375,172200,0.0,0.0,-,391.33037521362303,535.1438012695312,579.2122528076172,593.47900390625,323822.0
11/11/2025,599.5499877929688,609.1279907226562,594.0599975585938,602.77001953125,368000,0.0,0.0,-,390.0714253234863,532.816401977539,575.0482543945312,592.1760070800781,326884.0
11/10/2025,595.0,603.7249755859375,587.9749755859375,600.4400024414062,244300,0.0,0.0,-,388.809425201416,530.2278015136719,570.7562530517578,589.9520080566406,327126.0
11/07/2025,590.6199951171875,590.6199951171875,573.0700073242188,589.1500244140625,235500,0.0,0.0,-,387.5275752258301,527.7292016601563,567.1042541503906,589.556005859375,330410.0
11/06/2025,599.0,600.6699829101562,589.5399780273438,592.1900024414062,269000,0.0,0.0,-,386.3213250732422,525.4050012207031,562.7077529907226,591.1610046386719,329756.0
11/05/2025,600.0,602.5399780273438,585.0,598.8099975585938,296900,0.0,0.0,-,385.0862750244141,523.0308013916016,559.0327529907227,591.6030029296875,330306.0
11/04/2025,586.0399780273438,600.0,580.4509887695312,594.530029296875,206500,0.0,0.0,-,383.82982498168946,520.4404016113281,555.642253112793,586.3960021972656,329148.0
11/03/2025,584.9000244140625,596.760009765625,572.1199951171875,594.02001953125,271400,0.0,0.0,-,382.54392486572266,517.88580078125,552.5082504272461,581.5065002441406,329618.0
10/31/2025,580.3699951171875,588.5349731445312,572.5,584.9099731445312,220200,0.0,0.0,-,381.2579248046875,515.2782006835937,549.322248840332,576.5454956054688,330768.0
10/30/2025,582.1400146484375,595.0,578.9000244140625,580.3699951171875,212000,0.0,0.0,-,380.0095249938965,512.6468011474609,546.7012496948242,570.8614990234375,335182.0
10/29/2025,585.239990234375,592.3800048828125,578.5,584.5700073242188,264800,0.0,0.0,-,378.7622250366211,510.35380126953123,544.4912490844727,564.9455017089844,338764.0
10/28/2025,598.1699829101562,599.97998046875,571.030029296875,580.530029296875,398700,0.0,0.0,-,377.59942504882815,507.90520141601564,542.4577499389649,557.9205017089844,339936.0
10/27/2025,606.5900268554688,614.0399780273438,590.8099975585938,596.47998046875,396900,0.0,0.0,-,376.4511248779297,505.5528009033203,539.1392471313477,551.560498046875,336782.0
10/24/2025,603.0499877929688,609.6900024414062,590.0999755859375,605.2000122070312,343100,0.0,0.0,-,375.2416749572754,502.78020141601564,534.3532485961914,544.6525024414062,333390.0
10/23/2025,619.5499877929688,625.0,576.239990234375,596.6099853515625,756000,0.0,0.0,-,373.94972488403323,499.8494012451172,528.932748413086,534.2545013427734,333468.0
10/22/2025,543.3800048828125,549.1199951171875,528.5,546.739990234375,773500,0.0,0.0,-,372.6770249938965,497.27720153808593,523.4997497558594,526.4625030517578,328700.0
10/21/2025,545.1500244140625,554.1400146484375,537.85498046875,545.635009765625,519400,0.0,0.0,-,371.640625,495.52820190429685,521.0287506103516,524.8885040283203,319720.0
10/20/2025,530.0599975585938,546.77001953125,525.77001953125,544.4099731445312,245100,0.0,0.0,-,370.58619995117186,493.6109014892578,518.5540008544922,523.5100006103515,320680.0
10/17/2025,520.489990234375,529.2000122070312,517.072998046875,528.0700073242188,176200,0.0,0.0,-,369.52530014038086,491.4097021484375,516.2377517700195,522.0990020751954,321400.0
10/16/2025,514.510009765625,525.2349853515625,513.27001953125,521.2100219726562,340700,0.0,0.0,-,368.55165008544924,489.4241021728516,514.7642517089844,522.5410003662109,323204.0
10/15/2025,516.3599853515625,521.7000122070312,510.1199951171875,514.3200073242188,257600,0.0,0.0,-,367.65119995117186,487.6073016357422,513.8007507324219,524.036996459961,323764.0
10/14/2025,520.6199951171875,526.0399780273438,510.75,516.9299926757812,362300,0.0,0.0,-,366.7941999816895,486.04690124511717,512.9762496948242,526.9949981689454,327186.0
10/13/2025,507.6900024414063,529.7750244140625,497.3299865722656,527.4000244140625,471600,0.0,0.0,-,365.9230000305176,484.3569012451172,511.6682495117187,526.7179962158203,325820.0
10/10/2025,518.2000122070312,521.0349731445312,494.1700134277344,501.2200012207031,405500,0.0,0.0,-,364.98124984741213,482.27070068359376,510.1187484741211,524.0539947509766,326744.0
10/09/2025,532.9099731445312,537.4000244140625,515.760009765625,518.6900024414062,233000,0.0,0.0,-,364.16154983520505,480.7903009033203,509.5897491455078,523.6109954833985,328722.0
10/08/2025,535.6599731445312,535.6599731445312,523.0399780273438,531.0,204400,0.0,0.0,-,363.2438497924805,479.17210083007814,508.53474884033204,520.536996459961,334228.0
10/07/2025,530.9400024414062,538.3200073242188,524.3200073242188,531.8499755859375,229200,0.0,0.0,-,362.2438497924805,477.5105010986328,505.81924896240236,517.1689971923828,342844.0
10/06/2025,536.989990234375,536.989990234375,527.6099853515625,530.2999877929688,279900,0.0,0.0,-,361.3269999694824,475.93450134277344,503.50625,513.5980010986328,349224.0
10/03/2025,535.3499755859375,540.5440063476562,527.2100219726562,532.489990234375,292600,0.0,0.0,-,360.42419998168947,474.2783013916016,501.5957504272461,510.3765014648437,358898.0
10/02/2025,525.75,542.4299926757812,521.8400268554688,536.1699829101562,468600,0.0,0.0,-,359.4913999938965,472.7421014404297,499.32025146484375,506.9875030517578,371226.0
10/01/2025,514.5399780273438,547.1500244140625,514.5399780273438,543.9000244140625,610900,0.0,0.0,-,358.5477000427246,470.76690185546875,496.62875213623045,503.5645050048828,398630.0
09/30/2025,500.8999938964844,514.9000244140625,500.1329956054688,514.1599731445312,387700,0.0,0.0,-,357.5356999206543,469.44350158691407,493.49525146484376,498.95750122070314,475880.0
09/29/2025,499.1499938964844,501.30999755859375,495.05999755859375,500.760009765625,163800,0.0,0.0,-,356.6746501159668,465.3379022216797,491.4542526245117,496.6185028076172,490532.0
09/26/2025,487.1199951171875,497.114990234375,484.5,496.7900085449219,169700,0.0,0.0,-,355.9319500732422,461.56010192871094,490.1917526245117,496.1835021972656,494756.0
09/25/2025,496.7200012207031,496.7200012207031,484.0,487.9500122070313,191300,0.0,0.0,-,355.2006500244141,458.0075018310547,488.99925231933594,495.56850280761716,497836.0
09/24/2025,498.6099853515625,506.5499877929688,495.7699890136719,497.3200073242188,182400,0.0,0.0,-,354.47239990234374,454.5451013183594,488.27575225830077,496.5325012207031,500496.0
09/23/2025,495.8599853515625,501.8999938964844,494.7049865722656,496.1400146484375,166900,0.0,0.0,-,353.7173498535156,450.85290100097654,486.87425231933594,494.46950073242186,502344.0
09/22/2025,498.6000061035156,501.3699951171875,492.7900085449219,498.0849914550781,155900,0.0,0.0,-,352.9329997253418,447.33730041503907,485.4072509765625,493.4144989013672,506058.0
09/19/2025,505.8800048828125,505.8800048828125,492.5199890136719,498.6000061035156,744000,0.0,0.0,-,352.15437469482424,443.8456005859375,483.6850021362305,492.81499938964845,508812.0
09/18/2025,502.3200073242188,505.1530151367188,497.1700134277344,501.9400024414063,267800,0.0,0.0,-,351.3645246887207,440.4384002685547,481.42200164794923,491.6529998779297,502250.0
09/17/2025,488.4700012207031,506.5499877929688,485.5400085449219,497.8299865722656,294600,0.0,0.0,-,350.54962463378905,436.8186004638672,479.6110015869141,489.6929992675781,505150.0
09/16/2025,495.7900085449219,499.6499938964844,487.3320007324219,490.7699890136719,200500,0.0,0.0,-,349.7365246582031,433.3120007324219,477.82650299072264,488.0330017089844,506110.0
09/15/2025,488.7099914550781,497.5499877929688,485.3299865722656,496.4100036621094,337400,0.0,0.0,-,348.97177474975587,429.8746008300781,476.43350372314455,486.2900024414063,509544.0
09/12/2025,492.3900146484375,497.4249877929688,486.2699890136719,490.6400146484375,372000,0.0,0.0,-,348.1784747314453,426.37640075683595,474.50550384521483,484.2000030517578,506308.0
09/11/2025,477.7200012207031,498.1499938964844,474.9249877929688,497.5899963378906,298300,0.0,0.0,-,347.4343746948242,423.0842004394531,472.90650329589846,482.4300018310547,506448.0
09/10/2025,483.0400085449219,483.0400085449219,473.5199890136719,476.6900024414063,342700,0.0,0.0,-,346.5768746948242,419.55370056152344,471.42700347900393,480.0190032958984,508644.0
09/09/2025,491.3699951171875,494.2200012207031,481.9599914550781,485.5899963378906,450200,0.0,0.0,-,345.7682246398926,416.2971002197266,470.5570037841797,479.27900390625,505926.0
09/08/2025,490.0400085449219,494.1700134277344,483.4750061035156,492.0899963378906,453400,0.0,0.0,-,344.88492462158206,412.7991003417969,468.76600341796876,477.40000305175784,510482.0
09/05/2025,484.9100036621094,489.6799926757813,484.9100036621094,486.9800109863281,233800,0.0,0.0,-,343.97762466430663,409.09330017089843,465.87900390625,474.5550048828125,508960.0
09/04/2025,478.7200012207031,482.8800048828125,462.05999755859375,482.3399963378906,252700,0.0,0.0,-,343.21692459106447,405.5765002441406,462.96950378417966,471.1910034179688,513052.0
09/03/2025,468.0899963378906,481.4500122070313,468.0899963378906,481.2300109863281,325300,0.0,0.0,-,342.614924621582,402.23530029296876,460.37100372314455,469.52900390625,515722.0
09/02/2025,474.4100036621094,477.489990234375,465.6239929199219,473.3399963378906,380100,0.0,0.0,-,342.01282455444334,398.78350036621094,458.12450256347654,467.62000427246096,520548.0
08/29/2025,473.6499938964844,477.4800109863281,470.5360107421875,475.510009765625,408500,0.0,0.0,-,341.4640245056152,395.5039001464844,456.0790023803711,466.57700500488284,532022.0
08/28/2025,473.4800109863281,473.510009765625,467.5150146484375,472.9400024414063,202800,0.0,0.0,-,340.9004244995117,392.0475,453.4580017089844,464.8110046386719,536974.0
08/27/2025,469.2999877929688,475.7699890136719,468.4700012207031,473.4800109863281,296500,0.0,0.0,-,340.30282455444336,388.5471002197266,451.17100219726564,463.3830047607422,542352.0
08/26/2025,467.989990234375,469.739990234375,464.0700073242188,469.2900085449219,239000,0.0,0.0,-,339.7267744445801,385.09710021972654,449.38600158691406,462.8350036621094,542696.0
08/25/2025,464.7099914550781,468.6050109863281,462.0299987792969,466.7999877929688,230000,0.0,0.0,-,339.02152435302736,381.6763000488281,448.3175018310547,461.8350036621094,544474.0
08/22/2025,453.9800109863281,467.8800048828125,453.9800109863281,463.6400146484375,328900,0.0,0.0,-,338.2773243713379,378.42030029296876,447.6300018310547,460.1320037841797,546698.0
08/21/2025,465.7200012207031,465.7200012207031,452.7699890136719,453.3399963378906,440900,0.0,0.0,-,337.55692428588867,375.1936999511719,446.82250061035154,457.2030029296875,546428.0
08/20/2025,461.5299987792969,467.1400146484375,459.5299987792969,465.7200012207031,391100,0.0,0.0,-,336.86132431030273,372.2447998046875,446.9395004272461,454.7480041503906,541844.0
08/19/2025,462.6199951171875,469.4100036621094,462.0050048828125,462.1400146484375,323400,0.0,0.0,-,336.1244743347168,368.8967999267578,445.5240005493164,451.21300354003904,539272.0
08/18/2025,460.8399963378906,464.9750061035156,457.6199951171875,462.9100036621094,241000,0.0,0.0,-,335.4625743103027,365.58399963378906,446.3035003662109,448.6290008544922,541232.0
08/15/2025,460.9800109863281,462.80999755859375,456.8049926757813,457.8500061035156,227300,0.0,0.0,-,334.79477432250974,362.1973992919922,438.6020004272461,445.58099975585935,546924.0
08/14/2025,460.8299865722656,468.1700134277344,456.0700073242188,458.6600036621094,347000,0.0,0.0,-,334.1566242980957,359.2951989746094,431.30299987792966,442.10499877929686,550296.0
08/13/2025,461.7000122070313,470.7900085449219,460.8299865722656,468.0,517600,0.0,0.0,-,333.5037242126465,356.24339904785154,424.3279998779297,438.95899963378906,550540.0
08/12/2025,450.0,459.7999877929688,448.010009765625,459.2900085449219,324500,0.0,0.0,-,332.8140742492676,352.83959899902345,416.669499206543,435.93699951171874,546320.0
08/11/2025,436.7799987792969,451.0690002441406,436.7799987792969,449.7699890136719,567400,0.0,0.0,-,332.15032424926756,349.5517987060547,409.3404983520508,434.8,546132.0
08/08/2025,429.010009765625,435.3999938964844,428.5,434.3500061035156,281100,0.0,0.0,-,331.6660743713379,346.4973986816406,402.86999816894536,435.1279998779297,539436.0
08/07/2025,432.4599914550781,434.739990234375,424.6300048828125,428.7900085449219,266400,0.0,0.0,-,331.27632431030275,343.6865985107422,397.32749786376957,436.44199829101564,538150.0
08/06/2025,436.9299926757813,439.989990234375,424.55999755859375,430.3699951171875,368700,0.0,0.0,-,330.8468243408203,341.08259826660156,392.2999969482422,439.13099670410156,536722.0
08/05/2025,432.1499938964844,438.010009765625,429.3250122070313,436.2999877929688,428700,0.0,0.0,-,330.4274743652344,338.37299865722656,386.8289978027344,439.8349975585937,534672.0
08/04/2025,420.6300048828125,432.4299926757813,420.4700012207031,432.4299926757813,294000,0.0,0.0,-,330.01247436523437,335.5075988769531,381.138998413086,443.9779998779297,533756.0
08/01/2025,424.2099914550781,425.875,412.3500061035156,423.0899963378906,517800,0.0,0.0,-,329.61782440185544,332.77439880371094,375.4624984741211,431.6230010986328,535298.0
07/31/2025,435.5199890136719,440.0,426.4750061035156,427.2000122070313,504400,0.0,0.0,-,329.2419244384766,330.4449987792969,370.38299865722655,420.5010009765625,529066.0
07/30/2025,448.1099853515625,451.30999755859375,433.3299865722656,437.7799987792969,508300,0.0,0.0,-,328.8294743347168,328.0205987548828,365.32449798583986,409.69700012207034,522758.0
07/29/2025,431.8900146484375,448.80999755859375,430.5499877929688,447.9200134277344,635200,0.0,0.0,-,328.34717437744143,325.3781988525391,359.48874816894534,397.40199890136716,517384.0
07/28/2025,451.3299865722656,455.1499938964844,444.8169860839844,453.0499877929688,548200,0.0,0.0,-,327.7983743286133,322.3479986572266,352.7857467651367,383.88099670410156,514384.0
07/25/2025,445.0,449.7829895019531,427.2699890136719,447.489990234375,763600,0.0,0.0,-,327.19612442016603,319.12159912109377,345.6677474975586,370.61199645996095,515596.0
07/24/2025,444.989990234375,464.4299926757813,442.510009765625,455.6799926757813,909000,0.0,0.0,-,326.67392440795896,316.37479919433594,338.6332473754883,358.21299743652344,505826.0
07/23/2025,470.7000122070313,470.7000122070313,426.5,437.4100036621094,1838800,0.0,0.0,-,326.0842744445801,313.5359991455078,331.40624847412107,345.4689971923828,494068.0
07/22/2025,445.5899963378906,501.2999877929688,436.010009765625,477.7300109863281,4473400,0.0,0.0,-,325.5816244506836,310.7083990478516,325.2997482299805,333.822998046875,461290.0
07/21/2025,313.3599853515625,316.4049987792969,306.7040100097656,308.8800048828125,1120300,0.0,0.0,-,324.86022445678714,307.16999877929686,316.8452484130859,318.2999969482422,378628.0
07/18/2025,323.0,323.0,310.4200134277344,311.8699951171875,375000,0.0,0.0,-,324.9848243713379,306.9921984863281,316.86924743652344,319.3019958496094,365362.0
07/17/2025,315.0899963378906,320.9800109863281,314.7250061035156,319.1600036621094,323700,0.0,0.0,-,325.08267440795896,306.5301983642578,316.4102478027344,320.26499633789064,373086.0
07/16/2025,312.7099914550781,316.0599975585937,309.9700012207031,314.8299865722656,324300,0.0,0.0,-,325.11817443847656,306.15679809570315,315.34824829101564,320.9519958496094,372556.0
07/15/2025,322.6000061035156,322.67999267578125,311.6099853515625,312.7099914550781,274800,0.0,0.0,-,325.14692443847656,305.96239807128904,314.65574951171874,321.57549743652345,372340.0
07/14/2025,322.1300048828125,323.4570007324219,318.4800109863281,320.3599853515625,352600,0.0,0.0,-,325.36247451782225,305.7531982421875,313.93274993896483,321.69049682617185,375568.0
07/11/2025,324.510009765625,330.65301513671875,320.94000244140625,323.5,293600,0.0,0.0,-,325.57042465209963,305.513798828125,313.11475067138673,320.72349853515624,375802.0
07/10/2025,322.17999267578125,334.3299865722656,321.2900085449219,328.239990234375,415900,0.0,0.0,-,325.78142471313475,305.1707989501953,312.0552505493164,319.0534973144531,379748.0
07/09/2025,320.70001220703125,325.3599853515625,316.6600036621094,320.95001220703125,412800,0.0,0.0,-,325.9861247253418,304.5695989990234,310.93800048828126,317.3434997558594,379238.0
07/08/2025,318.8299865722656,325.42498779296875,318.42999267578125,322.5,342600,0.0,0.0,-,326.18782470703127,304.12159851074216,309.80650024414064,316.77649841308596,378984.0
07/07/2025,321.32000732421875,321.32000732421875,315.8800048828125,318.8999938964844,372200,0.0,0.0,-,326.3485746765137,303.72919860839846,308.5065002441406,315.3904998779297,383586.0
07/03/2025,326.1400146484375,329.5400085449219,320.0299987792969,321.5,175600,0.0,0.0,-,326.53752471923826,303.1619989013672,307.24049987792966,314.4364990234375,404532.0
07/02/2025,319.3999938964844,328.0599975585937,318.0299987792969,326.0299987792969,379000,0.0,0.0,-,326.6883747863769,302.37759887695313,306.80249938964846,312.5554992675781,437364.0
07/01/2025,314.44000244140625,326.7449951171875,311.45001220703125,321.06500244140625,408100,0.0,0.0,-,326.7829248046875,301.63679870605466,305.8044998168945,309.7445007324219,454732.0
06/30/2025,311.1300048828125,313.9700012207031,308.3999938964844,313.8599853515625,206800,0.0,0.0,-,326.85044982910154,301.1410986328125,304.6417495727539,307.7360015869141,460536.0
06/27/2025,310.9800109863281,314.5799865722656,306.95001220703125,310.69000244140625,678000,0.0,0.0,-,326.9201498413086,300.79389892578126,303.69375,306.1750030517578,469306.0
06/26/2025,312.7200012207031,313.3699951171875,305.69000244140625,306.79998779296875,377300,0.0,0.0,-,327.0635998535156,300.68009887695314,303.0117492675781,305.50600280761716,466594.0
06/25/2025,314.7200012207031,314.7200012207031,307.8450012207031,311.1400146484375,438400,0.0,0.0,-,327.20829986572267,300.6496990966797,302.36224975585935,305.0570037841797,470528.0
06/24/2025,309.20001220703125,315.989990234375,306.989990234375,315.2799987792969,386200,0.0,0.0,-,327.38959976196287,300.381298828125,301.73474884033203,304.5325012207031,474960.0
06/23/2025,306.6199951171875,313.6099853515625,306.6199951171875,308.6400146484375,566600,0.0,0.0,-,327.548699798584,299.72229858398435,300.7152496337891,302.8365020751953,482254.0
06/20/2025,305.5899963378906,310.4349975585937,301.8999938964844,309.3599853515625,953800,0.0,0.0,-,327.7549996948242,299.6006982421875,299.934748840332,301.62250061035155,489018.0
06/18/2025,299.70001220703125,304.44000244140625,294.07000732421875,302.69000244140625,656100,0.0,0.0,-,327.98454971313475,298.9580987548828,299.2552490234375,300.04450073242185,484072.0
06/17/2025,297.6400146484375,304.6499938964844,295.1449890136719,297.9200134277344,471700,0.0,0.0,-,328.3007997131348,298.706298828125,299.4517486572266,301.04949951171875,486506.0
06/16/2025,299.3800048828125,304.69000244140625,295.2200012207031,300.9800109863281,313700,0.0,0.0,-,328.7162496948242,298.49009826660154,299.85474853515626,301.8644989013672,493736.0
06/13/2025,300.0,304.0799865722656,297.8500061035156,298.25,327900,0.0,0.0,-,329.1281495666504,298.5526977539063,300.0887481689453,301.54749755859376,498744.0
06/12/2025,301.6199951171875,306.5299987792969,300.82000732421875,304.0,341200,0.0,0.0,-,329.5633995056152,298.81229797363284,299.99674835205076,301.2124969482422,504088.0
06/11/2025,308.3099975585937,314.4649963378906,302.2900085449219,302.3099975585937,315400,0.0,0.0,-,329.9979495239258,298.68689819335935,299.3832489013672,300.5174957275391,509522.0
06/10/2025,300.8800048828125,309.20001220703125,299.69500732421875,305.8949890136719,211700,0.0,0.0,-,330.4179995727539,298.7344982910156,299.7752487182617,299.66749572753906,515266.0
06/09/2025,298.8500061035156,300.7900085449219,295.1499938964844,298.32000732421875,262500,0.0,0.0,-,330.86707458496096,298.8637982177734,300.16749877929686,298.93699645996094,517894.0
06/06/2025,295.9200134277344,300.7900085449219,294.5,296.5,421400,0.0,0.0,-,331.3222245788574,299.22959777832034,300.0529983520508,298.5939971923828,522250.0
06/05/2025,311.6000061035156,313.21600341796875,293.20001220703125,293.5799865722656,525600,0.0,0.0,-,331.79977462768557,299.65259765625,300.2684982299804,298.2469970703125,524804.0
06/04/2025,306.07000732421875,318.4200134277344,306.07000732421875,312.739990234375,395900,0.0,0.0,-,332.26747467041014,300.27119812011716,300.5889984130859,298.46599731445315,519614.0
06/03/2025,297.8599853515625,307.760009765625,294.95001220703125,306.07000732421875,359200,0.0,0.0,-,332.62532470703127,300.6281982421875,299.3904983520507,297.8539978027344,515572.0
06/02/2025,293.8699951171875,298.19000244140625,291.2799987792969,297.8099975585937,306600,0.0,0.0,-,333.02097473144534,300.9913983154297,299.11149749755856,297.8449981689453,517072.0
05/30/2025,296.5599975585937,297.489990234375,292.6199951171875,294.8999938964844,315100,0.0,0.0,-,333.45282470703125,301.42779846191405,299.47649688720696,298.6299987792969,516708.0
05/29/2025,297.0,299.1000061035156,294.385009765625,297.04998779296875,232600,0.0,0.0,-,333.85742477416994,302.0791986083984,299.84399719238274,298.7809997558594,515172.0
05/28/2025,298.5899963378906,300.2799987792969,293.510009765625,293.8099975585937,216800,0.0,0.0,-,334.3054248046875,302.5967987060547,300.4109985351562,298.24900207519534,517728.0
05/27/2025,300.54998779296875,302.32000732421875,297.5400085449219,298.5899963378906,195000,0.0,0.0,-,334.74872482299804,303.2473986816406,301.03799896240236,299.88300170898435,522864.0
05/23/2025,288.70001220703125,296.7300109863281,287.1700134277344,294.8900146484375,266200,0.0,0.0,-,335.09537490844724,303.77459899902345,301.0174987792969,301.3980010986328,526136.0
05/22/2025,295.7699890136719,298.82000732421875,292.7099914550781,293.0299987792969,382900,0.0,0.0,-,335.52092483520505,304.2353985595703,301.20049743652345,301.5119995117187,531088.0
05/21/2025,302.2200012207031,303.4100036621094,292.5299987792969,295.7699890136719,371100,0.0,0.0,-,335.9407748413086,304.87299865722656,301.69299774169923,302.2899993896484,531634.0
05/20/2025,306.45001220703125,310.6080017089844,304.5050048828125,306.6199951171875,206200,0.0,0.0,-,336.34692489624024,305.47499877929687,301.4314987182617,302.7119995117188,533036.0
05/19/2025,300.7300109863281,306.29998779296875,300.7300109863281,305.9800109863281,189000,0.0,0.0,-,336.7396249389648,306.09079895019534,300.21449890136716,300.9269989013672,540616.0
05/16/2025,297.3500061035156,306.2799987792969,293.0249938964844,305.6600036621094,239600,0.0,0.0,-,337.12232482910156,306.6273986816406,299.36499786376953,300.37799682617185,544234.0
05/15/2025,292.1300048828125,299.3900146484375,284.4800109863281,296.4100036621094,485200,0.0,0.0,-,337.48532485961914,307.028798828125,298.89599761962893,300.3229949951172,546012.0
05/14/2025,310.3399963378906,310.3399963378906,290.3500061035156,291.7300109863281,608800,0.0,0.0,-,337.92927490234376,307.6717987060547,298.90049743652344,300.90699462890626,541764.0
05/13/2025,313.0199890136719,315.5249938964844,306.1099853515625,310.1499938964844,275100,0.0,0.0,-,338.37797485351564,308.3249987792969,299.56399688720705,302.5729949951172,539506.0
05/12/2025,304.44000244140625,315.1300048828125,301.7969970703125,313.739990234375,321100,0.0,0.0,-,338.7297248840332,308.5053991699219,299.3204971313477,302.1929962158203,539658.0
05/09/2025,301.7900085449219,302.8550109863281,295.9200134277344,296.0299987792969,199900,0.0,0.0,-,339.0704249572754,308.77699951171877,298.5194976806641,300.6369964599609,541754.0
05/08/2025,299.95001220703125,304.0799865722656,296.6000061035156,300.8099975585937,340300,0.0,0.0,-,339.37677490234375,309.37859924316405,297.8344970703125,300.8889953613281,552518.0
05/07/2025,293.7900085449219,300.4649963378906,292.0299987792969,299.989990234375,457000,0.0,0.0,-,340.0586248779297,310.15199951171877,297.9219970703125,301.09599609375,554828.0
05/06/2025,295.8599853515625,297.5849914550781,284.1000061035156,288.7699890136719,761200,0.0,0.0,-,340.6652249145508,310.9705999755859,296.7839981079102,300.1509979248047,550902.0
05/05/2025,304.4700012207031,305.7349853515625,299.6080017089844,300.489990234375,297200,0.0,0.0,-,341.3411749267578,312.0822003173828,296.85049896240236,299.5019989013672,540614.0
05/02/2025,308.989990234375,312.25,303.5150146484375,305.1099853515625,313500,0.0,0.0,-,342.0236749267578,312.8768005371094,296.1814987182617,298.3519989013672,540914.0
05/01/2025,306.1499938964844,311.0849914550781,292.44500732421875,302.25,436200,0.0,0.0,-,342.7845750427246,313.6716009521484,296.1314987182617,297.4690002441406,539808.0
04/30/2025,304.9700012207031,309.0799865722656,301.4200134277344,308.3900146484375,364300,0.0,0.0,-,343.49572509765625,314.50580078125,296.58049926757815,296.8940002441406,538162.0
04/29/2025,296.2099914550781,307.95001220703125,295.4559936523437,306.3500061035156,490900,0.0,0.0,-,344.16877502441406,315.15340026855466,296.04749908447263,296.55499877929685,538324.0
04/28/2025,299.0,303.29998779296875,294.5299987792969,298.17999267578125,390400,0.0,0.0,-,344.81197494506836,315.82989990234375,295.96449890136716,296.447998046875,534488.0
04/25/2025,300.0,300.0,291.54998779296875,298.54998779296875,400100,0.0,0.0,-,345.4163249206543,316.7145001220703,296.6734985351562,296.40199890136716,535068.0
04/24/2025,291.2200012207031,303.7799987792969,287.0400085449219,302.8800048828125,572700,0.0,0.0,-,345.97832504272463,317.472900390625,297.5764984130859,294.7799987792969,537662.0
04/23/2025,293.4200134277344,297.3399963378906,282.8399963378906,290.5400085449219,1419500,0.0,0.0,-,346.49212509155274,317.9725,298.3149978637695,294.747998046875,543790.0
04/22/2025,259.1300048828125,285.3699951171875,250.0500030517578,282.2799987792969,1817200,0.0,0.0,-,347.05142501831057,319.25190002441406,300.0134979248047,293.4169982910156,525424.0
04/21/2025,290.3500061035156,296.4750061035156,285.0379943847656,288.989990234375,1247400,0.0,0.0,-,347.65537506103516,320.68830017089846,302.4289978027344,294.1989990234375,494838.0
04/17/2025,296.5,298.42999267578125,289.30499267578125,296.2799987792969,698300,0.0,0.0,-,348.23252517700195,322.127900390625,304.19099884033204,294.01099853515626,475136.0
04/16/2025,305.0,305.7699890136719,293.9700012207031,296.5,645300,0.0,0.0,-,348.78732513427735,323.30530029296875,305.35849914550784,294.7939971923828,466994.0
04/15/2025,305.2799987792969,307.0,300.9049987792969,305.0,542400,0.0,0.0,-,349.36407516479494,324.3149005126953,306.906999206543,296.2669982910156,458182.0
04/14/2025,298.4200134277344,308.17999267578125,295.57000732421875,305.2799987792969,574000,0.0,0.0,-,349.96077514648437,325.0825006103516,307.80349884033205,295.5399993896484,451522.0
04/11/2025,283.6400146484375,297.8099975585937,278.1199951171875,297.7200012207031,660000,0.0,0.0,-,350.4610250854492,325.9599005126953,308.8564987182617,295.4809997558594,445076.0
04/10/2025,297.8500061035156,298.510009765625,277.2300109863281,282.3299865722656,750900,0.0,0.0,-,351.00977508544923,327.0063006591797,310.21799926757814,296.9449981689453,435088.0
04/09/2025,274.5799865722656,305.31500244140625,271.9949951171875,302.5599975585937,904800,0.0,0.0,-,351.6385250854492,328.2201007080078,311.9979995727539,300.372998046875,423576.0
04/08/2025,297.42999267578125,299.3500061035156,274.5400085449219,277.2300109863281,706500,0.0,0.0,-,352.14587509155274,329.0851007080078,313.11549987792966,301.8819976806641,409490.0
04/07/2025,279.0400085449219,302.0599975585937,274.0199890136719,290.1000061035156,777800,0.0,0.0,-,352.7628750610352,330.547900390625,315.54749908447263,306.60999755859376,399042.0
04/04/2025,296.5199890136719,296.5199890136719,282.4150085449219,287.1099853515625,833200,0.0,0.0,-,353.32732498168946,331.6273004150391,317.91299896240236,310.65899658203125,387552.0
04/03/2025,303.0,308.82501220703125,297.70001220703125,304.1099853515625,564100,0.0,0.0,-,353.8715251159668,332.8431005859375,320.19799957275393,314.3709991455078,375002.0
04/02/2025,296.1499938964844,311.989990234375,295.2200012207031,311.2300109863281,595100,0.0,0.0,-,354.32052520751955,333.66450073242186,321.2790008544922,315.9230010986328,366000.0
04/01/2025,305.8500061035156,307.3450012207031,295.42999267578125,297.7300109863281,612900,0.0,0.0,-,354.7348751831055,334.39030029296873,322.14550018310547,317.5470001220703,358344.0
03/31/2025,308.45001220703125,308.45001220703125,289.010009765625,304.69000244140625,602600,0.0,0.0,-,355.2649250793457,335.1827001953125,323.47850036621094,320.06699829101564,350068.0
03/28/2025,315.8900146484375,317.2900085449219,311.5400085449219,312.3599853515625,343100,0.0,0.0,-,355.72732513427735,335.82530029296873,324.20250091552737,322.23199768066405,341512.0
03/27/2025,317.8699951171875,320.6300048828125,314.0,316.6099853515625,480300,0.0,0.0,-,356.1939251708984,336.28270080566404,324.9505020141602,323.4910003662109,340692.0
03/26/2025,324.0799865722656,325.7699890136719,315.32501220703125,317.6499938964844,549100,0.0,0.0,-,356.6168252563477,336.568701171875,325.42550201416014,323.6230010986328,339938.0
03/25/2025,330.5899963378906,331.17999267578125,321.260986328125,324.510009765625,266100,0.0,0.0,-,357.04402526855466,337.25590148925784,326.51700286865236,324.3490020751953,332340.0
03/24/2025,324.0400085449219,331.239990234375,323.42999267578125,330.5899963378906,193800,0.0,0.0,-,357.46032516479494,337.78310119628907,327.33750305175784,324.48500061035156,331302.0
03/21/2025,314.8299865722656,324.3599853515625,310.2900085449219,324.2300109863281,434200,0.0,0.0,-,357.77577514648436,338.2631011962891,328.02550354003904,325.16700134277346,333408.0
03/20/2025,324.2099914550781,327.1300048828125,319.135009765625,319.6300048828125,288400,0.0,0.0,-,358.10167510986327,338.7147009277344,328.8250030517578,326.025,328858.0
03/19/2025,321.7799987792969,328.7799987792969,321.1199951171875,327.4700012207031,238300,0.0,0.0,-,358.4352250671387,339.1635009765625,330.086003112793,326.63500061035154,326284.0
03/18/2025,325.8500061035156,328.3399963378906,321.92999267578125,322.92999267578125,360400,0.0,0.0,-,358.7263751220703,339.40330078125,330.9105026245117,326.74400024414064,324516.0
03/17/2025,324.8999938964844,330.0400085449219,323.1199951171875,326.3399963378906,473600,0.0,0.0,-,359.05167510986325,339.6397009277344,331.80250244140626,326.89000244140624,321784.0
03/14/2025,321.20001220703125,328.375,320.2250061035156,324.95001220703125,358600,0.0,0.0,-,359.3740251159668,339.75750122070315,332.49425201416017,326.1730041503906,315306.0
03/13/2025,324.4100036621094,325.9100036621094,317.9200134277344,317.92999267578125,513800,0.0,0.0,-,359.7020249938965,339.9253009033203,333.36725158691405,326.4100036621094,312266.0
03/12/2025,330.510009765625,333.7550048828125,321.4100036621094,324.9100036621094,410200,0.0,0.0,-,360.0652749633789,340.38910095214845,334.2942520141602,327.2280029296875,304138.0
03/11/2025,338.2200012207031,339.92999267578125,324.9599914550781,325.8699951171875,441200,0.0,0.0,-,360.38982498168946,340.7493011474609,334.44175109863284,328.68500366210935,298284.0
03/10/2025,329.3099975585937,348.0,327.7449951171875,337.4100036621094,585200,0.0,0.0,-,360.74372497558596,341.0857012939453,335.8737518310547,330.19000549316405,291044.0
03/07/2025,324.7099914550781,333.3299865722656,322.8500061035156,332.8099975585937,369900,0.0,0.0,-,361.0429249572754,341.1185009765625,336.708251953125,330.8840057373047,283356.0
03/06/2025,327.0,331.3699951171875,323.3999938964844,325.7300109863281,328500,0.0,0.0,-,361.34537490844724,341.20790100097656,338.11625213623046,331.6250061035156,289618.0
03/05/2025,323.25,330.3800048828125,323.0299987792969,328.5599975585937,272800,0.0,0.0,-,361.6831248474121,341.3963006591797,339.5872512817383,333.53700561523436,288848.0
03/04/2025,318.7099914550781,328.6600036621094,316.7950134277344,324.3900146484375,495900,0.0,0.0,-,362.0697248840332,341.4451007080078,340.508251953125,335.07700500488284,290142.0
03/03/2025,327.5,329.32000732421875,319.0299987792969,319.1700134277344,282700,0.0,0.0,-,362.44037475585935,341.9269006347656,341.45775146484374,336.7150024414062,287274.0
02/28/2025,326.8099975585937,333.6499938964844,324.4700012207031,327.32000732421875,425900,0.0,0.0,-,362.7908746337891,342.5383001708984,342.9567504882813,338.8154998779297,286742.0
02/27/2025,339.9700012207031,339.9700012207031,325.5299987792969,326.1099853515625,738100,0.0,0.0,-,363.105224609375,342.9104998779297,344.0927505493164,340.3244995117187,283728.0
02/26/2025,341.5199890136719,344.5799865722656,338.5,339.4800109863281,455800,0.0,0.0,-,363.47067474365235,343.33690002441404,344.93825073242186,341.3605010986328,272834.0
02/25/2025,344.3599853515625,347.32000732421875,338.3299865722656,340.9200134277344,260700,0.0,0.0,-,363.71132461547853,343.3772998046875,345.25475006103517,340.19849853515626,268528.0
02/24/2025,341.3900146484375,347.0899963378906,340.2200012207031,344.3500061035156,246800,0.0,0.0,-,364.0172245788574,343.39789978027346,345.7272491455078,341.5574981689453,269424.0
02/21/2025,346.0899963378906,350.0,339.44000244140625,340.2200012207031,312200,0.0,0.0,-,364.2991744995117,343.5552996826172,345.71324920654297,342.5324981689453,268534.0
02/20/2025,344.4599914550781,350.0,343.1000061035156,344.8500061035156,258200,0.0,0.0,-,364.5609245300293,343.7614996337891,346.09724884033204,344.6074981689453,267274.0
02/19/2025,341.3900146484375,348.8800048828125,341.3900146484375,343.9599914550781,353900,0.0,0.0,-,364.7920245361328,343.71049926757814,346.11374816894534,345.6374969482422,267386.0
02/18/2025,341.8999938964844,343.1000061035156,336.78399658203125,340.7699890136719,372400,0.0,0.0,-,365.06152450561524,343.75749938964844,346.291748046875,345.9394989013672,264068.0
02/14/2025,342.739990234375,344.989990234375,338.1849975585937,340.17498779296875,299100,0.0,0.0,-,365.29942459106445,343.7274993896484,346.12074890136716,346.20050048828125,260438.0
02/13/2025,337.3299865722656,347.5799865722656,334.01300048828125,342.4100036621094,419400,0.0,0.0,-,365.599599609375,343.7711993408203,345.9529998779297,347.09800109863284,258316.0
02/12/2025,327.0299987792969,337.0400085449219,323.125,336.4700012207031,529800,0.0,0.0,-,365.86719955444335,343.73559936523435,345.5940002441406,347.8610015869141,254224.0
02/11/2025,340.7699890136719,342.0899963378906,321.9200134277344,327.8599853515625,879100,0.0,0.0,-,366.1336994934082,343.7853991699219,345.3160003662109,348.51600036621096,247460.0
02/10/2025,354.1000061035156,356.1400146484375,343.07000732421875,354.510009765625,501200,0.0,0.0,-,366.48219955444335,343.93239929199217,346.52350158691405,350.311001586914,234580.0
02/07/2025,364.1600036621094,367.7999877929688,347.6199951171875,354.1000061035156,287900,0.0,0.0,-,366.74539947509766,343.5985992431641,346.3415008544922,349.8970001220703,230692.0
02/06/2025,357.1499938964844,375.0,354.0599975585937,360.9700012207031,262300,0.0,0.0,-,366.8561994934082,343.27159912109374,346.3660003662109,348.8940002441406,231962.0
02/05/2025,349.6000061035156,356.5899963378906,345.3900146484375,355.1499938964844,291200,0.0,0.0,-,366.9113494873047,342.88859924316404,345.65800018310546,347.5869995117188,235188.0
02/04/2025,342.5199890136719,351.8599853515625,342.260009765625,346.9800109863281,204700,0.0,0.0,-,367.00719955444333,342.30739929199217,345.0040008544922,346.5899993896484,237004.0
02/03/2025,343.54998779296875,349.8599853515625,341.8299865722656,343.3800048828125,209400,0.0,0.0,-,367.18449951171874,341.6669989013672,344.6279998779297,346.6439971923828,246496.0
01/31/2025,350.4700012207031,358.4599914550781,346.25,349.1499938964844,251700,0.0,0.0,-,367.39284942626955,340.9779986572266,344.1964996337891,346.04099731445314,254702.0
01/30/2025,347.0899963378906,354.5199890136719,345.80499267578125,350.0400085449219,160600,0.0,0.0,-,367.5827995300293,340.2075988769531,343.3505004882812,344.80799865722656,267366.0
01/29/2025,343.2799987792969,344.8800048828125,337.7799987792969,343.0199890136719,175300,0.0,0.0,-,367.8075994873047,339.9035986328125,342.5154998779297,343.3269989013672,271022.0
01/28/2025,352.20001220703125,352.3349914550781,343.79998779296875,345.8099975585937,200500,0.0,0.0,-,368.1039994812012,340.28199890136716,342.42050018310545,342.1160003662109,274170.0
01/27/2025,343.4700012207031,350.8399963378906,343.4700012207031,350.3699951171875,184100,0.0,0.0,-,368.3635494995117,340.5819989013672,342.2760009765625,342.7360015869141,275546.0
01/24/2025,347.5,347.5,339.0899963378906,344.07000732421875,203300,0.0,0.0,-,368.63554946899416,340.84619873046876,341.8920013427734,342.78600158691404,277118.0
01/23/2025,345.6000061035156,348.239990234375,338.0,347.8999938964844,205700,0.0,0.0,-,368.95874938964846,341.2205987548828,341.64100036621096,343.83800048828124,280214.0
01/22/2025,347.3800048828125,348.5799865722656,344.5400085449219,345.17999267578125,114000,0.0,0.0,-,369.222999420166,341.3309991455078,341.11000061035156,343.7290008544922,282234.0
01/21/2025,339.4200134277344,350.0,339.4200134277344,347.5199890136719,212300,0.0,0.0,-,369.44309951782225,341.5927990722656,340.6085006713867,343.4180023193359,293038.0
01/17/2025,338.1499938964844,343.8500061035156,335.4599914550781,337.3500061035156,199100,0.0,0.0,-,369.6860995483398,341.2071990966797,339.7825012207031,342.61200256347655,296348.0
01/16/2025,334.0599975585937,339.8299865722656,332.0,336.82000732421875,174800,0.0,0.0,-,369.9618995666504,340.81939880371095,340.33900146484376,342.352001953125,296276.0
01/15/2025,337.3699951171875,338.364990234375,329.32000732421875,335.2300109863281,302100,0.0,0.0,-,370.2677494812012,340.4741986083984,340.98500061035156,341.89300231933595,298940.0
01/14/2025,341.760009765625,345.0350036621094,326.9949951171875,330.9100036621094,442600,0.0,0.0,-,370.61234939575195,340.05399841308594,341.5199996948242,341.70400085449216,299674.0
01/13/2025,350.1600036621094,354.3999938964844,348.010009765625,352.010009765625,169200,0.0,0.0,-,370.9741493225098,339.80279846191405,342.3459991455078,342.725,296968.0
01/10/2025,350.1099853515625,359.6300048828125,346.4769897460937,350.8699951171875,214200,0.0,0.0,-,371.2278492736816,339.35779846191406,341.82049865722655,341.8160003662109,298670.0
01/08/2025,345.4800109863281,357.7229919433594,341.0,354.5899963378906,299100,0.0,0.0,-,371.48484924316404,338.9273986816406,341.37449951171874,340.9980010986328,300064.0
01/07/2025,343.0799865722656,348.42999267578125,341.8500061035156,346.8099975585937,206700,0.0,0.0,-,371.7558493041992,338.4399987792969,341.25599975585936,339.4440002441406,298814.0
01/06/2025,340.989990234375,347.260009765625,340.989990234375,342.07000732421875,159700,0.0,0.0,-,372.0883493041992,338.0653985595703,341.4419998168945,338.4910003662109,302730.0
01/03/2025,335.6300048828125,341.7149963378906,330.2699890136719,339.4599914550781,149900,0.0,0.0,-,372.373249206543,337.8253985595703,341.45349884033203,337.7989990234375,312142.0
01/02/2025,334.9200134277344,340.9549865722656,333.2300109863281,334.75,223800,0.0,0.0,-,372.6259492492676,337.5669989013672,341.79599914550784,336.9529998779297,336572.0
12/31/2024,334.9599914550781,337.45001220703125,332.1700134277344,332.2300109863281,149700,0.0,0.0,-,372.90679931640625,337.9303991699219,342.0219985961914,338.3260009765625,346656.0
12/30/2024,338.3099975585937,338.3999938964844,329.7900085449219,333.3399963378906,206600,0.0,0.0,-,373.22944931030275,338.413798828125,342.52849731445315,340.0769989013672,350960.0
12/27/2024,341.1499938964844,342.57000732421875,339.0,341.1199951171875,107400,0.0,0.0,-,373.5857992553711,338.60479919433595,342.8929977416992,341.33599853515625,352372.0
12/26/2024,341.4200134277344,343.6600036621094,339.4200134277344,342.9200134277344,117500,0.0,0.0,-,373.9195993041992,338.7123992919922,342.7849975585938,341.9669982910156,356336.0
12/24/2024,339.010009765625,342.7300109863281,337.1910095214844,342.69000244140625,79200,0.0,0.0,-,374.24269927978514,338.91999877929686,342.3994964599609,341.8249969482422,359324.0
12/23/2024,337.67999267578125,340.3900146484375,335.32000732421875,339.04998779296875,200800,0.0,0.0,-,374.54594924926755,339.1361987304688,342.15599670410154,341.75099792480466,362292.0
12/20/2024,334.67999267578125,342.5,334.0,337.2799987792969,683000,0.0,0.0,-,374.87894927978516,339.3133990478516,342.09099731445315,343.0679992675781,363380.0
12/19/2024,332.0400085449219,337.8099975585937,326.9179992675781,335.1499938964844,290000,0.0,0.0,-,375.2406993103027,339.46199890136717,342.31799774169923,344.39299926757815,357836.0
12/18/2024,350.9700012207031,351.5249938964844,329.79998779296875,331.0,337500,0.0,0.0,-,375.6156993103027,339.58539916992186,341.86499786376953,345.1079986572266,355436.0
12/17/2024,349.739990234375,359.489990234375,345.3099975585937,348.4800109863281,352500,0.0,0.0,-,375.9763993835449,339.72859924316407,341.06299743652346,346.6389984130859,354286.0
12/16/2024,343.7200012207031,352.82000732421875,343.32000732421875,349.739990234375,256100,0.0,0.0,-,376.24574935913085,339.4109991455078,339.0854965209961,345.71799621582034,352074.0
12/13/2024,348.1000061035156,351.5,340.06201171875,345.92999267578125,275200,0.0,0.0,-,376.51824935913083,339.2771990966797,337.12999725341797,344.97999572753906,355128.0
12/12/2024,341.5,350.9800109863281,340.4200134277344,347.42999267578125,193400,0.0,0.0,-,376.7761993408203,339.11359924316406,336.57549743652345,344.4499969482422,357572.0
12/11/2024,344.3299865722656,344.7900085449219,336.4100036621094,341.5,240500,0.0,0.0,-,377.0547494506836,338.9025994873047,337.3009979248047,343.6029968261719,361040.0
12/10/2024,354.75,354.75,341.42999267578125,341.95001220703125,305500,0.0,0.0,-,377.36519943237306,338.7415997314453,338.26649780273436,342.9739959716797,362864.0
12/09/2024,350.54998779296875,358.80499267578125,349.760009765625,352.2200012207031,202300,0.0,0.0,-,377.671749420166,338.57859924316404,339.3479965209961,342.5609954833984,363874.0
12/06/2024,344.0899963378906,353.4200134277344,343.32501220703125,350.5299987792969,249200,0.0,0.0,-,377.9189994812012,338.16299926757813,339.87649688720705,341.11399536132814,369538.0
12/05/2024,345.7900085449219,346.17999267578125,335.8999938964844,342.29998779296875,263800,0.0,0.0,-,378.1347994995117,337.6775994873047,340.02099761962893,340.2429962158203,379748.0
12/04/2024,339.1000061035156,346.6700134277344,338.6300048828125,346.3099975585937,188000,0.0,0.0,-,378.35504959106447,337.24319946289063,340.8194976806641,338.6219970703125,398640.0
12/03/2024,340.1700134277344,342.010009765625,337.0199890136719,339.2699890136719,190900,0.0,0.0,-,378.5441996765137,337.43339965820314,339.91599731445314,335.48699645996095,399062.0
12/02/2024,339.7200012207031,343.45001220703125,337.510009765625,342.3599853515625,193000,0.0,0.0,-,378.8060498046875,337.88700012207033,338.8504974365234,332.4529968261719,399670.0
11/29/2024,342.3999938964844,344.95001220703125,340.17999267578125,340.6300048828125,214800,0.0,0.0,-,379.06594985961914,338.3538006591797,337.710498046875,329.2799987792969,409434.0
11/27/2024,335.9100036621094,341.2749938964844,333.5,338.9599914550781,191600,0.0,0.0,-,379.3117997741699,338.92480041503904,336.3899978637695,328.7009979248047,411396.0
11/26/2024,337.19000244140625,337.19000244140625,328.3099975585937,335.2099914550781,235100,0.0,0.0,-,379.4374998474121,339.37140075683595,335.35949859619143,330.9989990234375,412474.0
11/25/2024,341.6499938964844,350.5589904785156,337.3299865722656,337.82000732421875,306800,0.0,0.0,-,379.38249984741213,339.76020080566406,335.0869995117188,333.5589996337891,415624.0
11/22/2024,340.45001220703125,350.0,336.81500244140625,337.75,351400,0.0,0.0,-,379.3253498840332,340.1376007080078,334.6634994506836,336.13499755859374,413794.0
11/21/2024,327.25,342.3500061035156,324.54998779296875,341.82000732421875,423600,0.0,0.0,-,379.22874984741213,340.4160009765625,334.28699951171876,338.6389984130859,412756.0
11/20/2024,313.6199951171875,327.8900146484375,313.6199951171875,326.0899963378906,382000,0.0,0.0,-,379.06344985961914,340.47840087890626,333.5999984741211,339.7989990234375,409972.0
11/19/2024,308.5299987792969,318.8399963378906,305.8800048828125,314.9599914550781,679300,0.0,0.0,-,378.94594985961913,340.6480010986328,333.7989990234375,343.0169982910156,409426.0
11/18/2024,308.44000244140625,310.010009765625,302.0799865722656,308.92999267578125,619700,0.0,0.0,-,378.84759994506834,340.9048010253906,334.3779998779297,344.3449981689453,406956.0
11/15/2024,332.2099914550781,332.2099914550781,310.29998779296875,310.6300048828125,884900,0.0,0.0,-,378.78110000610354,341.51380126953126,336.57750091552737,345.247998046875,401064.0
11/14/2024,361.25,362.9599914550781,333.3699951171875,334.8399963378906,343400,0.0,0.0,-,378.70375,342.0160009765625,338.8660003662109,346.1409973144531,389128.0
11/13/2024,362.8299865722656,366.9800109863281,358.45001220703125,361.9400024414063,332700,0.0,0.0,-,378.48744995117187,342.2672009277344,339.2685012817383,344.07899780273436,386214.0
11/12/2024,362.6300048828125,365.6749877929688,356.3599853515625,360.80999755859375,269300,0.0,0.0,-,378.1877499389648,341.97040100097655,338.49650115966796,339.7199981689453,382184.0
11/11/2024,363.5499877929688,367.6749877929688,358.42498779296875,363.5799865722656,262700,0.0,0.0,-,377.89044998168947,341.75220092773435,338.1210006713867,336.61499938964846,382744.0
11/08/2024,358.25,370.30999755859375,352.5409851074219,362.7900085449219,358100,0.0,0.0,-,377.5633500671387,341.5860009765625,337.61700134277345,333.19200134277344,390606.0
11/07/2024,358.260009765625,360.7349853515625,346.7650146484375,353.4200134277344,306700,0.0,0.0,-,377.23665008544924,341.6490008544922,336.8730010986328,329.93500061035155,393748.0
11/06/2024,336.3800048828125,360.8949890136719,336.3800048828125,358.2699890136719,654200,0.0,0.0,-,376.9522999572754,342.20080078125,336.4375,327.4009979248047,391088.0
11/05/2024,316.20001220703125,328.94000244140625,315.3900146484375,328.239990234375,377800,0.0,0.0,-,376.65595001220703,342.7026007080078,335.59000091552736,324.58099975585935,381384.0
11/04/2024,318.75,320.7799987792969,314.6449890136719,317.9599914550781,195500,0.0,0.0,-,376.5137001037598,343.8438006591797,336.08600158691405,324.41100158691404,376680.0
11/01/2024,315.0,322.29998779296875,315.0,319.5599975585937,308000,0.0,0.0,-,376.4024002075195,345.3028009033203,336.81800231933596,327.90700378417966,374914.0
10/31/2024,316.0899963378906,318.8599853515625,310.9200134277344,314.2200012207031,338800,0.0,0.0,-,376.26220016479493,346.6380010986328,337.9925018310547,331.59100341796875,372060.0
10/30/2024,328.92999267578125,331.989990234375,318.0,318.3500061035156,307300,0.0,0.0,-,376.11545013427735,348.26780090332034,339.1690017700195,334.4580047607422,367738.0
10/29/2024,328.5,330.75,325.0450134277344,329.760009765625,254300,0.0,0.0,-,375.9570501708984,349.6878009033203,340.0955017089844,337.27300415039065,363554.0
10/28/2024,332.010009765625,334.9599914550781,329.3399963378906,329.3500061035156,283900,0.0,0.0,-,375.741900177002,350.9328009033203,340.2800018310547,339.627001953125,361308.0
10/25/2024,331.3099975585937,335.6300048828125,325.3999938964844,330.2200012207031,236600,0.0,0.0,-,375.5216500854492,352.08820068359375,340.5025009155273,342.04200134277346,359116.0
10/24/2024,327.8699951171875,334.8800048828125,321.2300109863281,328.0799865722656,402500,0.0,0.0,-,375.30530014038084,353.17000061035156,340.5635009765625,343.8110015869141,360060.0
10/23/2024,326.489990234375,330.4200134277344,322.885009765625,330.07000732421875,630300,0.0,0.0,-,375.16585021972656,354.31240112304687,340.47250213623045,345.4740020751953,356726.0
10/22/2024,305.0,330.4800109863281,302.010009765625,326.5400085449219,1371400,0.0,0.0,-,375.0364501953125,355.3946008300781,339.9980010986328,346.5990020751953,347252.0
10/21/2024,357.94000244140625,364.3900146484375,350.5899963378906,352.9200134277344,728000,0.0,0.0,-,374.8786001586914,356.38020080566406,341.46200103759764,347.76100158691406,324612.0
10/18/2024,345.75,356.5,341.94500732421875,356.3999938964844,364900,0.0,0.0,-,374.5782501220703,357.05480041503904,341.9135009765625,345.7290008544922,313936.0
10/17/2024,346.69000244140625,350.114990234375,341.6700134277344,342.8900146484375,277200,0.0,0.0,-,374.2768501281738,357.5762005615234,342.37850189208984,344.3940002441406,313046.0
10/16/2024,353.0799865722656,357.1000061035156,344.45001220703125,346.5,305600,0.0,0.0,-,374.0903500366211,358.07680053710936,343.69300079345703,343.8799987792969,318170.0
10/15/2024,351.3399963378906,356.2130126953125,350.8900146484375,353.29998779296875,266900,0.0,0.0,-,373.89050003051756,358.7468005371094,344.4325012207031,342.9179992675781,316430.0
10/14/2024,350.0,354.0150146484375,346.0400085449219,353.5,227600,0.0,0.0,-,373.6772001647949,359.22080078125,344.50000152587893,340.93300170898436,316994.0
10/11/2024,343.8699951171875,351.510009765625,343.8699951171875,347.9100036621094,255200,0.0,0.0,-,373.46960021972654,359.69080078125,344.65950164794924,338.96300048828124,318884.0
10/10/2024,338.1400146484375,351.7900085449219,338.1300048828125,344.7099914550781,405800,0.0,0.0,-,373.29345016479493,360.43580078125,344.84750213623045,337.3160003662109,318334.0
10/09/2024,339.0199890136719,341.8599853515625,336.7699890136719,341.32000732421875,170000,0.0,0.0,-,373.12905014038085,361.1920007324219,344.8590026855469,335.47100219726565,314914.0
10/08/2024,332.489990234375,340.06500244140625,331.32000732421875,338.1600036621094,280000,0.0,0.0,-,372.96940017700194,361.93080078125,344.52150268554686,333.3970001220703,315718.0
10/07/2024,340.6499938964844,342.7300109863281,331.7099914550781,332.6000061035156,241900,0.0,0.0,-,372.7943002319336,362.8716009521484,344.00350189208984,335.1630004882812,315926.0
10/04/2024,341.3500061035156,346.5,338.75,343.04998779296875,408800,0.0,0.0,-,372.6641502380371,363.8490008544922,344.3425018310547,338.09800109863284,320564.0
10/03/2024,336.7099914550781,340.0,332.1860046386719,337.75,397400,0.0,0.0,-,372.4556002807617,364.59800109863284,343.977001953125,340.3630035400391,323294.0
10/02/2024,332.8900146484375,339.7200012207031,331.4700012207031,336.8800048828125,366800,0.0,0.0,-,372.2648503112793,365.48060119628906,344.4595016479492,343.50600280761716,339076.0
10/01/2024,333.75,334.6000061035156,323.2699890136719,333.45001220703125,331700,0.0,0.0,-,372.07085021972654,365.88900085449217,344.9705017089844,345.94700317382814,351878.0
09/30/2024,330.07000732421875,334.42999267578125,328.3900146484375,333.79998779296875,356000,0.0,0.0,-,371.88920013427736,367.9636004638672,345.79300079345705,348.06700134277344,351262.0
09/27/2024,322.0899963378906,334.739990234375,322.0899963378906,331.44000244140625,485500,0.0,0.0,-,371.64810012817384,369.7138006591797,346.8665008544922,350.3560028076172,348044.0
09/26/2024,325.510009765625,328.29998779296875,323.0,326.260009765625,759700,0.0,0.0,-,371.40020004272463,371.56420043945315,348.5915008544922,352.37900390625,344424.0
09/25/2024,346.07000732421875,346.07000732421875,319.70001220703125,320.5799865722656,1208400,0.0,0.0,-,371.1848500061035,373.77880004882815,351.32900085449216,354.24700317382815,335262.0
09/24/2024,360.739990234375,363.8299865722656,352.07000732421875,355.82000732421875,209100,0.0,0.0,-,370.9892001342773,376.51300048828125,354.468000793457,355.64600524902346,314170.0
09/23/2024,366.6900024414063,367.0,361.7699890136719,361.9500122070313,221300,0.0,0.0,-,370.6019000244141,378.28620056152346,355.9419998168945,352.84400329589846,313542.0
09/20/2024,367.9800109863281,370.5150146484375,359.44000244140625,365.7000122070313,681200,0.0,0.0,-,370.1761999511719,379.90720031738283,357.38999938964844,350.5870025634766,314456.0
09/19/2024,367.7000122070313,374.1600036621094,365.875,369.1799926757813,312900,0.0,0.0,-,369.74529983520506,381.2929998779297,358.42099914550784,347.59100036621095,306578.0
09/18/2024,357.25,367.8500061035156,354.989990234375,361.2900085449219,245500,0.0,0.0,-,369.27644989013675,382.29039978027345,359.7474990844727,345.4130004882812,304374.0
09/17/2024,358.67999267578125,363.74798583984375,351.82000732421875,354.6499938964844,392600,0.0,0.0,-,368.82359985351565,383.2835998535156,361.15049896240237,343.99400024414064,301958.0
09/16/2024,353.8599853515625,357.8999938964844,351.17999267578125,356.69000244140625,215300,0.0,0.0,-,368.41024993896485,384.3034002685547,363.01849975585935,343.5190002441406,296864.0
09/13/2024,345.8399963378906,351.8500061035156,343.5899963378906,351.6700134277344,299500,0.0,0.0,-,367.97969985961913,385.21760009765626,364.5399993896484,343.3769989013672,294868.0
09/12/2024,335.8099975585937,345.489990234375,334.6099853515625,344.94000244140625,284400,0.0,0.0,-,367.60094985961916,386.24559997558595,366.17199859619143,344.80399780273444,291276.0
09/11/2024,328.67999267578125,335.6499938964844,324.30499267578125,334.57000732421875,354700,0.0,0.0,-,367.2613497924805,387.4352001953125,368.1849990844727,348.41099853515624,289536.0
09/10/2024,339.7799987792969,343.1600036621094,320.07000732421875,327.79998779296875,555800,0.0,0.0,-,366.9728497314453,388.88859985351564,370.6654983520508,353.2899963378906,285708.0
09/09/2024,338.57000732421875,342.5599975585937,335.6579895019531,339.3800048828125,325100,0.0,0.0,-,366.7151997375488,390.56960021972657,373.0664993286133,359.0399963378906,285896.0
09/06/2024,348.75,352.375,335.510009765625,335.739990234375,288100,0.0,0.0,-,366.3981497192383,392.2688000488281,375.4299987792969,364.1929962158203,284664.0
09/05/2024,346.5,347.9100036621094,341.010009765625,347.3999938964844,197700,0.0,0.0,-,366.08949981689454,393.6605999755859,377.76649932861335,369.25099792480466,281140.0
09/04/2024,347.8099975585937,349.489990234375,346.4700012207031,347.1000061035156,131200,0.0,0.0,-,365.7598498535156,394.8620001220703,378.79250030517585,374.0819976806641,281242.0
09/03/2024,355.8099975585937,358.5299987792969,346.7799987792969,349.8999938964844,297300,0.0,0.0,-,365.4361497497559,396.0815997314453,380.43750000000006,378.30699768066404,283516.0
08/30/2024,366.8299865722656,368.2000122070313,344.70001220703125,355.2699890136719,655800,0.0,0.0,-,365.09744979858397,397.16419982910156,381.79250030517585,382.51799926757815,284204.0
08/29/2024,382.3699951171875,389.4400024414063,364.5799865722656,365.9400024414063,515200,0.0,0.0,-,364.70044982910156,398.0714001464844,382.87900085449223,385.7029998779297,276418.0
08/28/2024,384.0400085449219,384.0400085449219,377.6400146484375,381.010009765625,173700,0.0,0.0,-,364.24754974365237,398.81239990234377,383.8400009155274,387.5399993896484,268834.0
08/27/2024,382.5400085449219,383.7099914550781,375.0,383.3599853515625,169000,0.0,0.0,-,363.6911497497559,399.1111999511719,383.91549987792973,387.95899963378906,268162.0
08/26/2024,393.4599914550781,393.4599914550781,383.114990234375,385.2999877929688,142600,0.0,0.0,-,363.151199798584,399.3222003173828,383.66050109863284,388.04100036621094,267346.0
08/23/2024,389.7200012207031,392.0199890136719,385.0,390.9100036621094,107200,0.0,0.0,-,362.59719985961914,399.4982006835937,383.655502319336,387.09300231933594,268498.0
08/22/2024,397.05999755859375,397.05999755859375,385.5199890136719,386.3200073242188,165300,0.0,0.0,-,361.9894998168945,399.7548004150391,383.1835021972657,386.66700134277346,270380.0
08/21/2024,390.6900024414063,396.0249938964844,390.010009765625,395.7099914550781,122700,0.0,0.0,-,361.4289497375488,399.9718005371094,382.89250183105474,386.28200073242186,270274.0
08/20/2024,393.6499938964844,394.9200134277344,386.1919860839844,389.3500061035156,98100,0.0,0.0,-,360.77359985351563,400.17120056152345,382.20100250244144,383.5030029296875,270636.0
08/19/2024,385.4299926757813,393.0249938964844,383.489990234375,392.010009765625,142000,0.0,0.0,-,360.0848998260498,400.40800048828123,380.5985015869141,382.56800231933596,270982.0
08/16/2024,384.30999755859375,388.6400146484375,379.864013671875,387.1199951171875,174300,0.0,0.0,-,359.33819976806643,400.62960021972657,382.8570007324219,381.06700134277344,271702.0
08/15/2024,388.0,389.0,379.3599853515625,384.30999755859375,283800,0.0,0.0,-,358.61159980773925,401.04260009765625,384.56650085449223,380.0550018310547,272348.0
08/14/2024,386.5,387.4849853515625,379.55999755859375,385.2000122070313,235800,0.0,0.0,-,357.9414498138428,401.23,386.5490005493165,380.14000244140624,269444.0
08/13/2024,377.2099914550781,387.2300109863281,377.2099914550781,384.1799926757813,156600,0.0,0.0,-,357.29484977722166,401.31419982910154,389.1384994506836,379.8720001220703,268076.0
08/12/2024,386.7900085449219,387.5,375.0299987792969,375.8200073242188,239400,0.0,0.0,-,356.6665497589111,401.35739990234373,392.79400024414065,379.2800018310547,270800.0
08/09/2024,382.4700012207031,389.7900085449219,380.05999755859375,386.6499938964844,194200,0.0,0.0,-,356.14882469177246,401.555,396.2270004272461,380.21800231933594,268934.0
08/08/2024,375.4599914550781,386.6700134277344,371.6749877929688,382.4700012207031,320400,0.0,0.0,-,355.35317474365235,401.5817999267578,399.04450073242185,379.7000030517578,269854.0
08/07/2024,384.9400024414063,384.9400024414063,361.0,367.9200134277344,533400,0.0,0.0,-,354.58707473754885,401.7485998535156,401.67050018310545,379.5030029296875,266846.0
08/06/2024,378.5499877929688,387.3900146484375,376.06201171875,380.0,218600,0.0,0.0,-,353.8952746582031,402.2011993408203,404.2269989013672,380.8990020751953,258426.0
08/05/2024,356.0400085449219,379.6600036621094,355.510009765625,377.0,295100,0.0,0.0,-,353.1503746795654,402.4127990722656,405.7744995117188,378.6290008544922,256950.0
08/02/2024,377.3699951171875,378.7900085449219,366.6499938964844,377.0,322100,0.0,0.0,-,352.4716246795654,402.66919921875,407.2065002441406,384.6470001220703,253180.0
08/01/2024,383.5700073242188,393.2699890136719,379.6499938964844,385.1600036621094,227700,0.0,0.0,-,351.77297470092776,403.0621990966797,408.4764999389648,389.0779998779297,249998.0
07/31/2024,381.6499938964844,391.6799926757813,380.1400146484375,382.5199890136719,234800,0.0,0.0,-,351.0426747131348,403.3039990234375,409.3720001220703,392.95799865722654,247434.0
07/30/2024,388.9100036621094,393.3999938964844,376.0249938964844,378.260009765625,210200,0.0,0.0,-,350.32037475585935,403.51959899902346,410.4670013427734,398.4049987792969,245112.0
07/29/2024,381.8299865722656,387.0199890136719,377.3699951171875,385.2000122070313,290400,0.0,0.0,-,349.65622467041015,403.8199987792969,411.91600036621094,406.30799865722656,244006.0
07/26/2024,381.5899963378906,385.6950073242188,373.989990234375,381.4700012207031,473800,0.0,0.0,-,348.9626245880127,404.2335986328125,413.24850006103514,412.2359985351562,242750.0
07/25/2024,381.1099853515625,388.1050109863281,369.5199890136719,380.5,545300,0.0,0.0,-,348.2950245666504,404.57459838867186,415.39199981689455,418.3889984130859,236008.0
07/24/2024,357.29998779296875,385.1099853515625,355.0,381.8800048828125,1186500,0.0,0.0,-,347.62292457580565,404.7499981689453,416.6334991455078,423.83799743652344,228422.0
07/23/2024,360.80999755859375,372.75,353.54998779296875,357.29998779296875,1006900,0.0,0.0,-,346.9338745880127,404.9161981201172,417.91299896240236,427.55499572753905,209722.0
07/22/2024,427.3299865722656,440.3800048828125,421.75,437.1799926757813,300900,0.0,0.0,-,346.3557746124268,405.75419860839844,420.4519989013672,432.9199981689453,194784.0
07/19/2024,421.9400024414063,427.2749938964844,419.6400146484375,421.30999755859375,195100,0.0,0.0,-,345.3694746398926,404.7627984619141,418.794499206543,429.76600036621096,193782.0
07/18/2024,436.989990234375,441.2699890136719,416.010009765625,423.9599914550781,304500,0.0,0.0,-,344.4757246398926,404.3785986328125,417.76049957275393,427.875,194460.0
07/17/2024,454.05999755859375,459.7699890136719,436.9500122070313,436.989990234375,301600,0.0,0.0,-,343.56657470703124,403.91419860839846,416.7119995117188,425.78600158691404,192816.0
07/16/2024,448.6700134277344,457.8399963378906,448.6700134277344,457.2900085449219,153800,0.0,0.0,-,342.6134747314453,403.02579895019534,414.6600006103516,422.52900390625,189450.0
07/15/2024,443.989990234375,449.0400085449219,440.5,444.4800109863281,177700,0.0,0.0,-,341.5670246887207,401.70139892578123,411.4910003662109,417.5240020751953,190982.0
07/12/2024,436.2200012207031,444.8699951171875,431.0,443.0,267000,0.0,0.0,-,340.5553746032715,400.7689984130859,408.9720001220703,414.26100158691406,193370.0
07/11/2024,423.1700134277344,439.5,421.3429870605469,434.989990234375,287300,0.0,0.0,-,339.5638745880127,399.6759985351562,407.0089996337891,412.39500122070314,192702.0
07/10/2024,415.5899963378906,419.8599853515625,412.6799926757813,419.0499877929688,202700,0.0,0.0,-,338.6023746490479,398.9803985595703,405.11800079345704,409.42900085449224,191812.0
07/09/2024,406.0,411.0299987792969,400.3800048828125,410.9500122070313,124700,0.0,0.0,-,337.711174697876,398.51799865722654,404.44950103759766,408.2710021972656,190652.0
07/08/2024,404.75,408.7000122070313,400.0,405.6400146484375,137900,0.0,0.0,-,336.929924621582,398.0943981933594,403.9615005493164,407.98399963378904,194434.0
07/05/2024,403.0700073242188,404.3800048828125,396.5,402.3999938964844,115500,0.0,0.0,-,336.1803745269775,397.9327978515625,403.83399963378906,407.822998046875,200144.0
07/03/2024,404.6099853515625,407.9249877929688,396.70599365234375,403.0700073242188,119900,0.0,0.0,-,335.5338745880127,398.0277978515625,404.1024993896484,407.6459991455078,214004.0
07/02/2024,406.2000122070313,411.5499877929688,400.1000061035156,404.4200134277344,197400,0.0,0.0,-,334.91842460632324,397.4915979003906,403.63299865722655,407.63799743652345,218758.0
07/01/2024,413.6099853515625,419.2999877929688,406.6900024414063,407.239990234375,163300,0.0,0.0,-,334.29647453308104,396.84319763183595,402.8824981689453,406.79099731445314,219244.0
06/28/2024,427.0,437.3890075683594,407.2999877929688,411.8500061035156,565200,0.0,0.0,-,333.66862464904784,396.18479797363284,401.8374984741211,405.45799865722654,220376.0
06/27/2024,405.3200073242188,424.489990234375,405.3200073242188,424.3399963378906,263500,0.0,0.0,-,333.0070746612549,395.59659790039063,400.5299987792969,403.68299865722656,213318.0
06/26/2024,407.5199890136719,410.6099853515625,404.5299987792969,405.3299865722656,111900,0.0,0.0,-,332.282124710083,394.8107977294922,398.7124984741211,401.622998046875,214290.0
06/25/2024,410.0,414.80999755859375,405.3590087890625,407.4700012207031,202800,0.0,0.0,-,331.61102470397947,394.44699829101563,397.9864990234375,400.8070007324219,214962.0
06/24/2024,404.7300109863281,409.3500061035156,393.6900024414063,408.0799865722656,244900,0.0,0.0,-,330.93212471008303,394.1975982666016,397.14049835205077,400.6279998779297,213580.0
06/21/2024,401.8500061035156,404.8200073242188,397.1499938964844,404.0299987792969,331700,0.0,0.0,-,330.23097480773924,394.0819982910156,396.26549835205077,399.9390014648437,211346.0
06/20/2024,400.2900085449219,402.2300109863281,393.8500061035156,400.6300048828125,266500,0.0,0.0,-,329.53632484436037,393.95579833984374,395.55499877929685,399.8450012207031,207796.0
06/18/2024,395.3900146484375,403.6000061035156,394.4100036621094,402.989990234375,136000,0.0,0.0,-,328.9006748199463,394.0385980224609,395.35599822998046,400.5589996337891,205006.0
06/17/2024,393.8500061035156,398.4700012207031,390.1000061035156,395.9500122070313,140100,0.0,0.0,-,328.23707481384275,394.152998046875,395.0689987182617,399.6279998779297,208802.0
06/14/2024,391.3900146484375,394.7000122070313,386.4249877929688,393.9100036621094,128200,0.0,0.0,-,327.61242469787595,394.2489978027344,394.9364974975586,398.9739990234375,209758.0
06/13/2024,404.4599914550781,404.4599914550781,391.4299926757813,394.1000061035156,200200,0.0,0.0,-,326.9773247528076,394.1547979736328,394.90499725341795,398.2169982910156,210054.0
06/12/2024,404.80999755859375,409.0,401.3250122070313,403.739990234375,201300,0.0,0.0,-,326.31507469177245,394.19519775390626,395.49399719238284,397.3769989013672,209722.0
06/11/2024,405.6000061035156,405.6000061035156,394.9750061035156,397.1700134277344,160000,0.0,0.0,-,325.5954747772217,393.97059814453127,395.23299713134764,395.8019989013672,210044.0
06/10/2024,400.9100036621094,406.1900024414063,396.6050109863281,405.6799926757813,140800,0.0,0.0,-,324.8737247467041,393.98699768066405,394.8379959106445,395.16599731445314,210812.0
06/07/2024,401.4599914550781,403.5400085449219,397.3299865722656,401.1900024414063,115400,0.0,0.0,-,324.0941748046875,393.95639770507813,394.0634963989258,393.65299682617194,211944.0
06/06/2024,407.05999755859375,410.0499877929688,401.7300109863281,403.0899963378906,178000,0.0,0.0,-,323.32922477722167,393.99799743652346,393.9639968872071,392.59199523925787,211674.0
06/05/2024,396.9500122070313,409.0,395.5,407.7699890136719,206600,0.0,0.0,-,322.5436747741699,393.99119750976564,393.18999633789065,391.2649963378907,211204.0
06/04/2024,390.1700134277344,393.8599853515625,388.989990234375,393.6799926757813,138600,0.0,0.0,-,321.75322479248047,393.8811975097656,392.90649719238286,390.15299682617194,209554.0
06/03/2024,391.3900146484375,394.2850036621094,382.1900024414063,389.4100036621094,167400,0.0,0.0,-,321.052774810791,394.18339782714844,393.25949707031253,390.5099975585938,210384.0
05/31/2024,387.9200134277344,392.9299926757813,381.0299987792969,386.3399963378906,292800,0.0,0.0,-,320.3835748291016,394.6613977050781,393.417497253418,390.8989959716797,210578.0
05/30/2024,386.4100036621094,389.9849853515625,379.1499938964844,385.7000122070313,146100,0.0,0.0,-,319.7781748962402,394.9155975341797,393.6539978027344,391.59299621582034,208452.0
05/29/2024,388.55999755859375,389.4800109863281,381.3399963378906,387.989990234375,240200,0.0,0.0,-,319.177774810791,395.00159729003906,394.261996459961,393.6109954833984,211012.0
05/28/2024,395.0,397.5450134277344,390.239990234375,390.80999755859375,170000,0.0,0.0,-,318.5722749328613,395.06019775390627,394.279997253418,394.66399536132815,213102.0
05/24/2024,391.489990234375,396.6900024414063,389.8399963378906,390.5499877929688,112400,0.0,0.0,-,317.95647491455077,395.1791979980469,394.74999694824226,394.50999450683594,218248.0
05/23/2024,390.6799926757813,394.8399963378906,389.1099853515625,390.5799865722656,144800,0.0,0.0,-,317.3310749816894,395.46039794921876,395.01899719238287,394.4739959716797,220840.0
05/22/2024,396.9800109863281,399.9599914550781,389.5450134277344,389.8200073242188,106600,0.0,0.0,-,316.6939750671387,395.8063983154297,394.9784973144532,395.33599853515625,222040.0
05/21/2024,397.0,397.5,392.5400085449219,396.6499938964844,163000,0.0,0.0,-,316.0468251037598,396.1607983398437,395.3654968261719,395.1149963378906,223564.0
05/20/2024,393.239990234375,400.5,393.239990234375,397.25,99500,0.0,0.0,-,315.35732513427735,396.2945983886719,395.8904968261719,395.6599975585938,224636.0
05/17/2024,391.1099853515625,393.489990234375,386.3269958496094,393.2999877929688,118700,0.0,0.0,-,314.6612751770019,396.46259826660156,394.84099731445315,396.0089965820313,227050.0
05/16/2024,407.5,407.9049987792969,392.8699951171875,393.2799987792969,154900,0.0,0.0,-,313.97122520446777,396.78919860839846,393.77599792480476,395.9359985351563,231258.0
05/15/2024,399.0,407.9700012207031,399.0,405.8800048828125,227600,0.0,0.0,-,313.28302520751953,397.1265985107422,392.8279983520508,395.7149993896484,236756.0
05/14/2024,391.260009765625,399.6600036621094,388.45599365234375,398.5199890136719,136700,0.0,0.0,-,312.5194751739502,397.07179870605466,391.6559982299805,394.9129974365234,237868.0
05/13/2024,390.2000122070313,396.2900085449219,389.0249938964844,389.2699890136719,166000,0.0,0.0,-,311.8009252166748,397.14839904785157,390.98249816894537,393.8959991455078,241976.0
05/10/2024,400.0,406.4500122070313,388.7749938964844,390.1900024414063,251500,0.0,0.0,-,311.0989752960205,397.44779907226564,390.87599945068365,394.98999938964846,245312.0
05/09/2024,387.1000061035156,400.9400024414063,381.3500061035156,399.2000122070313,260000,0.0,0.0,-,310.4306252288818,397.59439880371093,391.11649932861326,395.5639984130859,249392.0
05/08/2024,401.4400024414063,402.0,386.7200012207031,387.6099853515625,250800,0.0,0.0,-,309.71762519836426,397.6731988525391,391.27149810791013,394.62099609375,251236.0
05/07/2024,400.5,409.1900024414063,398.2999877929688,402.1000061035156,229000,0.0,0.0,-,309.0142752838135,397.9927990722656,391.77699890136716,395.6159973144531,251824.0
05/06/2024,394.1199951171875,405.2300109863281,392.7439880371094,400.739990234375,222300,0.0,0.0,-,308.2301752471924,398.0159991455078,391.910498046875,396.12099609375,252694.0
05/03/2024,396.7900085449219,399.8999938964844,392.3800048828125,392.5700073242188,133300,0.0,0.0,-,307.46097526550295,398.034599609375,392.30899810791016,393.672998046875,254614.0
05/02/2024,397.6199951171875,402.1099853515625,390.2799987792969,391.0700073242188,230400,0.0,0.0,-,306.74027519226075,398.05699951171874,392.7179977416992,391.6159973144531,259786.0
05/01/2024,386.7699890136719,403.6199951171875,386.41900634765625,397.8599853515625,297100,0.0,0.0,-,306.03227516174314,397.9625994873047,392.62449798583987,389.94099731445317,260258.0
04/30/2024,399.2699890136719,400.9500122070313,386.7300109863281,388.3500061035156,233600,0.0,0.0,-,305.27977523803713,397.6882000732422,392.5374984741211,388.39899902343757,260454.0
04/29/2024,397.5299987792969,403.2699890136719,397.2099914550781,400.2099914550781,242800,0.0,0.0,-,304.55407524108887,397.7540002441406,392.74549865722656,388.0689971923829,263432.0
04/26/2024,391.7200012207031,397.1700134277344,388.8800048828125,395.9299926757813,144700,0.0,0.0,-,303.7551252746582,397.63660034179685,392.6344985961914,386.7619995117188,269384.0
04/25/2024,394.4700012207031,394.4700012207031,379.2200012207031,389.7699890136719,313800,0.0,0.0,-,302.9845753479004,397.5140002441406,393.0454986572266,386.66900024414065,284858.0
04/24/2024,415.0,421.0,393.2250061035156,397.55999755859375,423400,0.0,0.0,-,302.22857543945315,397.0006005859375,393.7204986572266,387.9220001220703,294112.0
04/23/2024,378.0,414.6050109863281,355.7900085449219,407.1499938964844,808500,0.0,0.0,-,301.4497254180908,395.5336004638672,393.97999877929686,387.93800048828126,293626.0
04/22/2024,374.6499938964844,381.7900085449219,370.8500061035156,376.260009765625,357600,0.0,0.0,-,300.5916254425049,393.91840087890625,393.7359985351562,387.7,284746.0
04/19/2024,375.5,377.8550109863281,368.3699951171875,372.0,221700,0.0,0.0,-,299.88022537231444,392.76180053710937,395.3624984741211,390.9449981689453,283054.0
04/18/2024,381.0400085449219,386.239990234375,373.989990234375,374.3200073242188,219900,0.0,0.0,-,299.20472534179686,391.4970007324219,397.4279983520508,393.8199981689453,283528.0
04/17/2024,387.6400146484375,389.2650146484375,381.2449951171875,382.4400024414063,212300,0.0,0.0,-,298.52832527160643,390.0624005126953,398.6644973754883,395.30799865722656,281772.0
04/16/2024,389.5899963378906,390.9049987792969,384.6950073242188,385.0499877929688,312100,0.0,0.0,-,297.8169752502441,388.3194006347656,399.042497253418,396.6759979248047,280150.0
04/15/2024,399.1900024414063,400.8500061035156,387.1300048828125,387.1400146484375,145500,0.0,0.0,-,297.0664253234863,386.5310009765625,399.33599853515625,397.4220001220703,276918.0
04/12/2024,398.739990234375,399.989990234375,392.7099914550781,395.0,133700,0.0,0.0,-,296.2761752319336,384.69140075683595,399.81699829101564,398.5069976806641,278146.0
04/11/2024,401.25,404.3900146484375,394.5700073242188,402.2999877929688,133200,0.0,0.0,-,295.41622520446776,382.62300048828126,400.29749755859376,399.4219970703125,278516.0
04/10/2024,395.010009765625,401.1799926757813,392.010009765625,397.7200012207031,154200,0.0,0.0,-,294.5302752685547,380.6170007324219,400.5764984130859,399.5189971923828,278974.0
04/09/2024,412.1499938964844,412.3299865722656,400.989990234375,404.7699890136719,127000,0.0,0.0,-,293.6586252593994,378.6896008300781,401.0674987792969,400.0219970703125,278368.0
04/08/2024,400.4599914550781,409.30999755859375,397.2999877929688,408.7099914550781,325800,0.0,0.0,-,292.75777534484865,376.5574011230469,400.9959991455078,399.7719970703125,277870.0
04/05/2024,386.05999755859375,403.9599914550781,386.05999755859375,400.75,187900,0.0,0.0,-,291.81642539978026,374.33220153808594,400.84299926757814,399.7799987792969,273656.0
04/04/2024,400.4100036621094,400.75,388.5400085449219,389.2000122070313,143000,0.0,0.0,-,290.93912536621093,372.2482012939453,401.28699951171876,401.03599853515624,271624.0
04/03/2024,389.2900085449219,396.5950012207031,387.75,396.1199951171875,183600,0.0,0.0,-,290.1022253417969,370.4442010498047,402.3344985961914,402.02099609375,271094.0
04/02/2024,395.0,395.4299926757813,386.7799987792969,392.510009765625,217400,0.0,0.0,-,289.2246753692627,368.51760131835937,402.6854995727539,401.40899658203125,270048.0
04/01/2024,405.0,406.5799865722656,397.4500122070313,397.989990234375,198400,0.0,0.0,-,288.3536253356934,366.5814013671875,403.17749938964846,401.2499969482422,268802.0
03/28/2024,403.4200134277344,407.1400146484375,401.760009765625,404.1499938964844,197400,0.0,0.0,-,287.4586254119873,364.4520013427734,403.48999938964846,401.1269989013672,268022.0
03/27/2024,406.8500061035156,409.4299926757813,398.5199890136719,403.2699890136719,101900,0.0,0.0,-,286.52797546386716,362.0664013671875,403.1584991455078,401.172998046875,266920.0
03/26/2024,405.2300109863281,405.7799987792969,400.9400024414063,402.75,154500,0.0,0.0,-,285.55092552185056,359.7344018554688,403.1520004272461,401.6339996337891,268626.0
03/25/2024,408.7900085449219,408.7900085449219,401.1499938964844,402.2699890136719,124100,0.0,0.0,-,284.6456255340576,357.4140020751953,403.1940002441406,402.1130004882813,269134.0
03/22/2024,412.6199951171875,412.6199951171875,404.2000122070313,408.7900085449219,180100,0.0,0.0,-,283.74552558898927,355.07460205078127,403.2435012817383,402.2200012207031,271898.0
03/21/2024,402.0499877929688,414.8200073242188,399.0400085449219,413.30999755859375,177100,0.0,0.0,-,282.7998755645752,352.63780212402344,402.8875015258789,401.9059997558594,272172.0
03/20/2024,390.6499938964844,401.7300109863281,387.5,399.0499877929688,186500,0.0,0.0,-,281.8159755706787,350.3754022216797,401.90650177001953,401.5380004882812,270636.0
03/19/2024,386.010009765625,392.1700134277344,384.5499877929688,390.0,274100,0.0,0.0,-,280.88102561950683,348.47820251464844,401.27150268554686,402.6480010986328,269586.0
03/18/2024,397.5799865722656,399.7699890136719,389.7900085449219,390.9200134277344,344700,0.0,0.0,-,279.9654756164551,346.5776025390625,400.97850341796874,403.9620025634766,267388.0
03/15/2024,404.1799926757813,406.4700012207031,395.2699890136719,396.760009765625,427300,0.0,0.0,-,279.04572555541995,344.61620239257815,401.0145034790039,405.10500183105466,265384.0
03/14/2024,407.760009765625,409.8699951171875,399.8200073242188,404.6099853515625,242000,0.0,0.0,-,278.09787551879884,342.60340209960935,400.8935028076172,405.8529998779297,260524.0
03/13/2024,407.5400085449219,410.18499755859375,401.80999755859375,407.8800048828125,204800,0.0,0.0,-,277.0925756072998,340.6230023193359,400.1530029296875,405.1440002441406,258918.0
03/12/2024,405.0,412.5799865722656,404.0,407.5400085449219,182800,0.0,0.0,-,276.06397560119626,338.59600219726565,397.96400299072263,404.6700012207031,258462.0
03/11/2024,402.9400024414063,405.4800109863281,396.4599914550781,403.3399963378906,216600,0.0,0.0,-,275.0394755554199,336.65800231933594,393.7975021362305,404.275,257090.0
03/08/2024,413.3999938964844,415.0,403.0299987792969,405.6499938964844,220200,0.0,0.0,-,274.0512255859375,334.8308026123047,389.9500030517578,404.2670013427734,255454.0
03/07/2024,411.9100036621094,416.7900085449219,406.9750061035156,409.6300048828125,329100,0.0,0.0,-,273.07077560424807,332.9714025878906,385.58900299072263,403.86900329589844,253274.0
03/06/2024,405.0,419.4200134277344,405.0,410.1499938964844,429800,0.0,0.0,-,272.07702560424804,331.01540222167966,380.5455032348633,402.27500305175784,250034.0
03/05/2024,399.2799987792969,404.8299865722656,397.1600036621094,403.1400146484375,283200,0.0,0.0,-,271.0719756317139,329.00020263671877,375.1675033569336,399.89500427246094,244296.0
03/04/2024,404.489990234375,408.7560119628906,400.5199890136719,402.3500061035156,342100,0.0,0.0,-,270.1022755432129,327.00020263671877,369.77500305175784,397.99500427246096,241824.0
03/01/2024,397.5199890136719,404.8800048828125,394.1300048828125,404.239990234375,332800,0.0,0.0,-,269.1248255157471,325.0846026611328,364.43900299072266,396.92400512695315,238248.0
02/29/2024,404.4400024414063,404.4400024414063,390.572998046875,397.5199890136719,455500,0.0,0.0,-,268.15802558898923,323.02660278320315,358.98500366210936,395.9340057373047,235752.0
02/28/2024,400.239990234375,407.4100036621094,397.6730041503906,403.1400146484375,352200,0.0,0.0,-,267.2151756286621,321.068203125,353.68800354003906,395.16200561523436,234400.0
02/27/2024,404.0,404.5199890136719,398.8399963378906,403.5899963378906,280200,0.0,0.0,-,266.2470255279541,318.96700256347657,348.63100280761716,391.2580047607422,232392.0
02/26/2024,400.0700073242188,406.2200012207031,398.0350036621094,403.260009765625,272500,0.0,0.0,-,265.2798755645752,316.8376025390625,343.5190032958984,383.32000427246095,235194.0
02/23/2024,399.3900146484375,402.5,395.739990234375,401.6700134277344,318300,0.0,0.0,-,264.28822547912597,314.4840020751953,338.26400299072264,375.6330047607422,233696.0
02/22/2024,391.8500061035156,401.93499755859375,390.9100036621094,393.6900024414063,391900,0.0,0.0,-,263.3274754333496,312.0878015136719,333.0530029296875,367.3090026855469,230248.0
02/21/2024,379.8800048828125,387.0400085449219,377.30999755859375,386.3500061035156,254000,0.0,0.0,-,262.39297538757324,309.8778015136719,328.1960021972656,358.8160034179688,225786.0
02/20/2024,389.2699890136719,393.6499938964844,382.4200134277344,384.1400146484375,306900,0.0,0.0,-,261.4871753692627,307.77980163574216,323.82850189208983,350.44000244140625,223530.0
02/16/2024,393.9200134277344,398.3900146484375,389.80999755859375,391.6400146484375,382500,0.0,0.0,-,260.5938752746582,305.66420104980466,319.6110015869141,341.5550018310547,220108.0
02/15/2024,390.0,399.4100036621094,384.8689880371094,394.3399963378906,540400,0.0,0.0,-,259.6370751953125,303.3676007080078,314.8140014648437,331.95400085449216,215528.0
02/14/2024,370.3999938964844,395.9700012207031,369.4819946289063,389.7999877929688,918400,0.0,0.0,-,258.6978252410889,301.0712005615234,309.6730010986328,322.03600158691404,209444.0
02/13/2024,326.70001220703125,366.4100036621094,322.29998779296875,364.1000061035156,776500,0.0,0.0,-,257.7495252990723,298.78340087890626,304.42650146484374,312.21400146484376,195392.0
02/12/2024,326.3800048828125,329.2300109863281,321.239990234375,324.2099914550781,399100,0.0,0.0,-,256.91672523498534,296.91580078125,300.5550018310547,306.0040008544922,184188.0
02/09/2024,321.0400085449219,331.1000061035156,320.0,326.3900146484375,364500,0.0,0.0,-,256.3153252410889,295.871201171875,298.6810028076172,303.71800231933594,182540.0
02/08/2024,309.8299865722656,318.9599914550781,306.6549987792969,318.42999267578125,273000,0.0,0.0,-,255.72472518920898,294.75500061035154,296.6265014648437,300.89500122070314,178992.0
02/07/2024,302.5599975585937,310.9200134277344,301.8099975585937,308.760009765625,245400,0.0,0.0,-,255.06887519836425,293.9048010253906,295.05250244140626,298.7970031738281,177286.0
02/06/2024,296.42999267578125,302.92999267578125,293.3699951171875,302.5899963378906,132100,0.0,0.0,-,254.4701251220703,293.2700006103516,294.62400207519534,297.5760009765625,173524.0
02/05/2024,292.75,297.29998779296875,291.1499938964844,295.2900085449219,131200,0.0,0.0,-,253.89852516174315,292.7556005859375,294.7040023803711,297.2170013427734,174226.0
02/02/2024,291.69000244140625,296.6300048828125,288.7300109863281,295.6300048828125,150500,0.0,0.0,-,253.38847511291505,292.3752001953125,294.68800201416013,297.66700134277346,174362.0
02/01/2024,292.7099914550781,295.6600036621094,286.7550048828125,295.1600036621094,206900,0.0,0.0,-,252.8687250518799,291.9820001220703,294.5490020751953,297.6740020751953,175776.0
01/31/2024,301.20001220703125,302.60400390625,290.2099914550781,291.5799865722656,152200,0.0,0.0,-,252.37052505493165,291.55900024414063,294.59700164794924,297.31000061035155,177640.0
01/30/2024,301.3999938964844,304.67999267578125,299.7200012207031,302.0,156100,0.0,0.0,-,251.87332511901855,291.3568005371094,295.2975021362305,296.6390014648438,177904.0
01/29/2024,299.1400146484375,303.25,299.1400146484375,301.3500061035156,123900,0.0,0.0,-,251.3376750946045,290.9640002441406,295.5240020751953,295.1060028076172,179214.0
01/26/2024,298.0199890136719,302.42999267578125,296.5,298.1600036621094,102100,0.0,0.0,-,250.7788250732422,290.5802001953125,295.9885025024414,293.6440032958984,180446.0
01/25/2024,299.8800048828125,300.0,294.4639892578125,297.45001220703125,115100,0.0,0.0,-,250.24577507019043,290.13440002441405,296.6795028686523,292.3580017089844,182300.0
01/24/2024,301.7699890136719,301.7699890136719,296.010009765625,296.54998779296875,86300,0.0,0.0,-,249.71227500915526,289.6925994873047,297.44100189208984,291.30800170898436,182082.0
01/23/2024,301.739990234375,301.739990234375,293.739990234375,299.0,116500,0.0,0.0,-,249.18417503356935,289.15619995117186,298.2050018310547,291.6720031738281,184710.0
01/22/2024,298.8299865722656,302.0799865722656,297.7799987792969,299.7900085449219,131300,0.0,0.0,-,248.63547500610352,288.6835998535156,298.72450256347656,292.1910034179688,185744.0
01/19/2024,293.1400146484375,296.42999267578125,289.80499267578125,295.70001220703125,155100,0.0,0.0,-,248.0951249694824,288.1777996826172,298.89200286865236,291.70900268554686,187454.0
01/18/2024,286.3800048828125,291.6199951171875,284.32000732421875,291.5199890136719,159400,0.0,0.0,-,247.5673249053955,287.6511993408203,299.43550262451174,291.4240020751953,190318.0
01/17/2024,284.6099853515625,288.70001220703125,281.1600036621094,284.8699951171875,142300,0.0,0.0,-,247.04997497558594,287.30499938964846,299.92650299072267,291.8840026855469,193418.0
01/16/2024,285.0,287.79998779296875,277.7200012207031,286.6700134277344,187200,0.0,0.0,-,246.5405249786377,286.90039978027346,300.6630035400391,293.9560028076172,199530.0
01/12/2024,287.7099914550781,287.88800048828125,283.0799865722656,286.7300109863281,179900,0.0,0.0,-,246.0278249359131,286.19919952392576,301.23350219726564,295.94200134277344,202444.0
01/11/2024,286.70001220703125,286.70001220703125,278.2749938964844,285.29998779296875,262300,0.0,0.0,-,245.50177490234375,285.3179992675781,301.7530014038086,298.3330017089844,205472.0
01/10/2024,301.9800109863281,301.9800109863281,285.29998779296875,286.95001220703125,193800,0.0,0.0,-,244.9915749359131,284.44799957275393,301.7670013427734,301.0010040283203,209882.0
01/09/2024,300.0,306.3190002441406,298.4200134277344,300.19000244140625,100300,0.0,0.0,-,244.46652488708497,283.7145993041992,301.5125,303.5740020751953,211304.0
01/08/2024,296.0,304.3699951171875,295.95001220703125,304.19000244140625,134000,0.0,0.0,-,243.86817489624025,282.82839935302735,300.6625,304.7380004882813,218312.0
01/05/2024,291.1199951171875,296.95001220703125,288.1000061035156,294.9700012207031,164200,0.0,0.0,-,243.24112487792968,281.91499908447264,299.52550048828124,305.25800170898435,236192.0
01/04/2024,294.0799865722656,297.510009765625,292.0,292.8500061035156,244500,0.0,0.0,-,242.68902488708497,281.46109893798825,298.6949996948242,306.0750030517578,258650.0
01/03/2024,301.5299987792969,301.9570007324219,294.3299865722656,296.1199951171875,184300,0.0,0.0,-,242.12342483520507,280.15449890136716,297.89299926757815,307.44700317382814,263270.0
01/02/2024,304.2099914550781,308.19000244140625,302.2300109863281,305.5899963378906,161700,0.0,0.0,-,241.52107482910156,278.8170989990234,297.06299896240233,307.96900329589846,264566.0
12/29/2023,309.8800048828125,312.0299987792969,305.5799865722656,306.5299987792969,182000,0.0,0.0,-,240.90442481994629,277.2964990234375,295.55399932861326,307.37000427246096,267218.0
12/28/2023,311.95001220703125,313.4100036621094,309.3500061035156,310.6400146484375,114200,0.0,0.0,-,240.26147483825685,275.78629913330076,293.7634994506836,306.52500305175784,268044.0
12/27/2023,314.0,317.57000732421875,311.20001220703125,311.9800109863281,134800,0.0,0.0,-,239.61552474975585,274.398498840332,291.83049926757815,305.1730010986328,270580.0
12/26/2023,312.6000061035156,314.135009765625,309.9800109863281,312.67999267578125,111200,0.0,0.0,-,238.9271746826172,272.9042987060547,289.760498046875,302.5329986572266,272956.0
12/22/2023,310.8299865722656,314.94000244140625,310.2300109863281,311.8299865722656,167100,0.0,0.0,-,238.2409246826172,271.43269897460937,287.92249908447263,299.4509979248047,275556.0
12/21/2023,306.1199951171875,309.9800109863281,304.1700134277344,309.3900146484375,142900,0.0,0.0,-,237.6217247772217,269.9572991943359,286.18199920654297,296.5869995117188,276566.0
12/20/2023,306.6099853515625,310.94000244140625,302.9200134277344,303.1400146484375,159600,0.0,0.0,-,237.06377471923827,268.6780987548828,284.55599822998045,293.7929992675781,277864.0
12/19/2023,303.1400146484375,307.04998779296875,303.1099853515625,306.57000732421875,163300,0.0,0.0,-,236.54462463378906,267.54489837646486,283.2124969482422,291.31499633789065,279534.0
12/18/2023,299.8399963378906,301.8999938964844,298.70001220703125,301.3399963378906,208000,0.0,0.0,-,236.01462463378905,266.3724981689453,281.68249664306643,288.3389953613281,279732.0
12/15/2023,298.79998779296875,303.79998779296875,296.3699951171875,299.6000061035156,387900,0.0,0.0,-,235.50687461853028,265.2672982788086,280.3159973144531,286.15699462890626,278878.0
12/14/2023,300.0,305.4549865722656,296.6400146484375,298.0799865722656,251800,0.0,0.0,-,235.01207458496094,264.15669830322264,279.4094970703125,283.7379943847656,274214.0
12/13/2023,286.1400146484375,299.5249938964844,285.510009765625,297.1199951171875,420300,0.0,0.0,-,234.5029746246338,263.028698425293,278.62349700927734,281.0019958496094,272652.0
12/12/2023,283.8500061035156,287.1400146484375,280.7340087890625,285.5799865722656,197600,0.0,0.0,-,233.98677467346192,261.88469848632815,277.87549743652346,278.4879974365234,269074.0
12/11/2023,284.239990234375,284.6600036621094,280.4599914550781,281.8599853515625,145900,0.0,0.0,-,233.5338747406006,261.0242987060547,277.3899978637695,276.9879974365234,269166.0
12/08/2023,281.1300048828125,289.1400146484375,279.1600036621094,283.19000244140625,168800,0.0,0.0,-,233.08912483215332,260.22969909667967,277.0649978637695,276.3940002441406,273204.0
12/07/2023,278.20001220703125,281.9100036621094,277.7650146484375,281.45001220703125,141200,0.0,0.0,-,232.65017478942872,259.4932989501953,276.3919982910156,275.77699890136716,274974.0
12/06/2023,278.9800109863281,282.218994140625,278.1400146484375,278.3599853515625,135800,0.0,0.0,-,232.2225247192383,258.82429870605466,276.08799743652344,275.3189971923828,277336.0
12/05/2023,277.6600036621094,281.0,275.0150146484375,276.8099975585937,153500,0.0,0.0,-,231.8252247619629,258.1000988769531,275.89499816894534,275.10999755859376,278366.0
12/04/2023,275.4100036621094,280.239990234375,273.1400146484375,279.5199890136719,236200,0.0,0.0,-,231.47347480773925,257.4578988647461,275.522998046875,275.0259979248047,278818.0
12/01/2023,270.3699951171875,275.75,268.7950134277344,275.4100036621094,215800,0.0,0.0,-,231.10567489624023,256.72129913330076,275.2574981689453,274.475,282424.0
11/30/2023,271.1400146484375,274.3599853515625,269.010009765625,270.7200012207031,216300,0.0,0.0,-,230.76862487792968,256.0292990112305,274.71899871826173,275.08099975585935,287966.0
11/29/2023,272.07000732421875,275.3800048828125,271.2900085449219,271.9800109863281,316700,0.0,0.0,-,230.50067489624024,255.70889892578126,273.7634986877441,276.2449981689453,289646.0
11/28/2023,273.6099853515625,275.79998779296875,270.5,270.5799865722656,187100,0.0,0.0,-,230.28502487182618,255.38389862060544,272.297998046875,277.26299743652345,296262.0
11/27/2023,276.2300109863281,281.0,273.1199951171875,275.9200134277344,187700,0.0,0.0,-,230.04977493286134,255.43429901123048,270.85899887084963,277.7919982910156,297496.0
11/24/2023,275.989990234375,279.1000061035156,275.989990234375,277.0199890136719,57300,0.0,0.0,-,229.79797485351563,255.51549896240235,269.5769981384277,277.7359954833984,312048.0
11/22/2023,276.3299865722656,279.7099914550781,275.3500061035156,276.8699951171875,167200,0.0,0.0,-,229.58087493896485,255.57569915771484,268.51999893188474,277.0069976806641,316464.0
11/21/2023,276.3500061035156,280.5599975585937,275.8699951171875,276.2699890136719,138000,0.0,0.0,-,229.3701749420166,255.67169952392578,267.602498626709,276.85699768066405,317328.0
11/20/2023,272.7200012207031,277.79998779296875,272.1300048828125,275.9700012207031,221200,0.0,0.0,-,229.14717498779297,255.73709991455078,267.4027488708496,276.67999877929685,318986.0
11/17/2023,278.3900146484375,281.19000244140625,272.1000061035156,274.010009765625,300100,0.0,0.0,-,228.94772499084473,255.80470001220704,264.9802490234375,276.01999816894534,320398.0
11/16/2023,282.94000244140625,284.3599853515625,279.9049987792969,281.4700012207031,165400,0.0,0.0,-,228.76992492675782,255.74669952392577,262.74224853515625,276.0399963378906,318960.0
11/15/2023,282.0899963378906,286.7099914550781,281.92999267578125,282.3599853515625,221600,0.0,0.0,-,228.50042495727538,255.55109954833983,260.1467483520508,274.35699768066405,319272.0
11/14/2023,283.5599975585937,287.0,281.20001220703125,282.1600036621094,185500,0.0,0.0,-,228.19397506713867,255.2608999633789,257.5797492980957,271.281999206543,318020.0
11/13/2023,273.8599853515625,276.42999267578125,270.54998779296875,275.8699951171875,194800,0.0,0.0,-,227.85737503051757,254.91970001220704,255.53424911499025,267.33299865722654,317796.0
11/10/2023,271.4800109863281,276.0,269.5459899902344,275.3599853515625,104200,0.0,0.0,-,227.59642501831055,254.8723001098633,253.6042495727539,263.9259994506836,316330.0
11/09/2023,275.8800048828125,277.7049865722656,269.2099914550781,269.7300109863281,217700,0.0,0.0,-,227.35832511901856,254.77050018310547,251.79125061035157,261.41800079345705,317588.0
11/08/2023,275.3999938964844,277.5899963378906,271.3699951171875,275.3699951171875,168200,0.0,0.0,-,227.151275100708,254.79629974365236,250.20774993896484,260.03300018310546,317700.0
11/07/2023,269.739990234375,277.3999938964844,269.25,274.5,216800,0.0,0.0,-,226.9401251220703,254.62670013427734,248.71074981689452,258.3479995727539,317200.0
11/06/2023,275.0,277.8399963378906,268.1579895019531,269.3699951171875,298300,0.0,0.0,-,226.76522514343262,254.36970001220703,247.30974960327148,258.12549896240233,316644.0
11/03/2023,266.6600036621094,275.3599853515625,266.6600036621094,274.2099914550781,314400,0.0,0.0,-,226.56407516479493,254.17870025634767,246.2387496948242,253.94049987792968,314910.0
11/02/2023,253.63999938964844,265.69000244140625,253.4900054931641,264.6400146484375,447900,0.0,0.0,-,226.337225189209,253.75090057373046,244.83225021362304,249.4445007324219,312850.0
11/01/2023,241.5200042724609,252.5800018310547,239.00100708007807,251.6100006103516,332900,0.0,0.0,-,226.17532508850098,253.4535003662109,243.80374984741212,245.9364990234375,308302.0
10/31/2023,242.7700042724609,245.96499633789065,241.7989959716797,242.6699981689453,331300,0.0,0.0,-,226.06037506103516,253.3853002929687,243.3072494506836,243.87749938964845,306426.0
10/30/2023,251.8600006103516,251.8600006103516,240.9900054931641,241.8000030517578,482800,0.0,0.0,-,225.9898250579834,253.4515002441406,243.16974945068358,243.7354995727539,307646.0
10/27/2023,257.1400146484375,257.1400146484375,247.47999572753903,250.27999877929688,264900,0.0,0.0,-,225.91042503356934,253.60910003662104,243.2077491760254,243.28249969482422,302854.0
10/26/2023,259.79998779296875,262.260009765625,250.97999572753903,255.8800048828125,450700,0.0,0.0,-,225.79242500305176,253.67529998779293,242.80024948120118,242.16450042724608,301374.0
10/25/2023,266.20001220703125,269.2099914550781,250.5,258.5199890136719,1028000,0.0,0.0,-,225.62947494506835,253.66910003662105,242.32474899291992,240.38249969482422,298258.0
10/24/2023,250.0,272.885009765625,250.0,272.2749938964844,1287100,0.0,0.0,-,225.3909750366211,253.80390045166016,241.79874954223632,239.07350006103516,280632.0
10/23/2023,229.6000061035156,232.9600067138672,227.2100067138672,227.5200042724609,475500,0.0,0.0,-,225.08105003356934,253.67080047607422,240.29249954223633,236.49400024414064,259102.0
10/20/2023,229.63999938964844,232.9900054931641,228.07000732421875,229.25,249100,0.0,0.0,-,224.98505004882813,254.45820068359376,241.1514991760254,238.53699951171876,254464.0
10/19/2023,231.92999267578125,234.2700042724609,228.25,229.55999755859372,294300,0.0,0.0,-,224.88455001831053,255.22620056152343,241.8234992980957,240.21999969482422,253570.0
10/18/2023,240.0,240.05999755859372,230.92999267578125,231.0200042724609,223300,0.0,0.0,-,224.77815002441406,255.94440063476563,242.3859992980957,241.6710006713867,251580.0
10/17/2023,236.75,242.6199951171875,236.75,241.25,241000,0.0,0.0,-,224.6851000213623,256.5872006225586,243.56999893188475,242.73699951171875,251174.0
10/16/2023,241.1499938964844,242.9499969482422,235.82000732421875,237.2700042724609,253600,0.0,0.0,-,224.55694999694825,256.97000091552735,244.29399871826172,242.60399932861327,250836.0
10/13/2023,238.42999267578125,240.5249938964844,234.1999969482422,239.1000061035156,241200,0.0,0.0,-,224.41294998168945,257.3996008300781,246.08549880981445,243.13299865722655,249396.0
10/12/2023,244.2100067138672,247.19500732421875,237.58999633789065,238.05999755859372,217600,0.0,0.0,-,224.25984992980958,257.77840087890627,248.12949905395507,243.43599853515624,248898.0
10/11/2023,247.42999267578125,248.8600006103516,244.1499938964844,245.42999267578125,207800,0.0,0.0,-,224.1331999206543,258.12300079345704,250.22799911499024,244.26699829101562,247902.0
10/10/2023,248.8600006103516,250.6699981689453,246.19000244140625,246.47999572753903,243100,0.0,0.0,-,223.96274993896483,258.3272009277344,252.04000015258788,244.5239990234375,248222.0
10/09/2023,244.07000732421875,248.7449951171875,243.2899932861328,247.9499969482422,173200,0.0,0.0,-,223.7832999420166,258.4610009765625,253.69300079345703,244.09099884033202,248178.0
10/06/2023,242.88999938964844,248.57000732421875,242.28500366210935,246.0800018310547,165300,0.0,0.0,-,223.5621999359131,258.5982009887695,255.26300125122071,243.76599884033203,251740.0
10/05/2023,240.9900054931641,245.3350067138672,239.57000732421875,244.07000732421875,154700,0.0,0.0,-,223.33749992370605,258.65420104980467,256.5145004272461,243.4269989013672,256956.0
10/04/2023,241.2400054931641,243.3249969482422,237.91000366210935,241.67999267578125,173700,0.0,0.0,-,223.14714988708496,258.90320068359375,257.89550018310547,243.1009979248047,261624.0
10/03/2023,241.47999572753903,246.72999572753903,237.58999633789065,239.9199981689453,241400,0.0,0.0,-,222.96779991149901,259.20160095214845,259.20400085449216,244.4029983520508,277920.0
10/02/2023,241.63999938964844,243.58999633789065,239.4499969482422,242.55999755859372,202200,0.0,0.0,-,222.82119995117188,259.34200103759764,260.4630012512207,245.98399810791017,287518.0
09/29/2023,248.8999938964844,248.94000244140625,241.5800018310547,242.1300048828125,347800,0.0,0.0,-,222.68184997558595,259.3964010620117,262.010001373291,249.03799896240236,290522.0
09/28/2023,247.25999450683597,248.69000244140625,242.6499938964844,246.3699951171875,257300,0.0,0.0,-,222.52769996643067,259.49180084228516,263.417000579834,252.8229995727539,288488.0
09/27/2023,243.3500061035156,248.75999450683597,241.57000732421875,248.0,259300,0.0,0.0,-,222.32470001220702,259.533000793457,264.6495002746582,256.18899993896486,288380.0
09/26/2023,243.42999267578125,248.22999572753903,242.1499938964844,242.1499938964844,187300,0.0,0.0,-,222.13400001525878,259.5624008178711,265.59400100708007,259.5560012817383,290496.0
09/25/2023,243.3000030517578,245.6199951171875,240.9900054931641,244.6999969482422,176100,0.0,0.0,-,221.9566000366211,259.6666009521484,266.5690010070801,263.29500274658204,291230.0
09/22/2023,240.82000732421875,249.97000122070312,240.80999755859372,242.69000244140625,416500,0.0,0.0,-,221.75170005798338,259.6368011474609,267.3250015258789,266.7600036621094,291216.0
09/21/2023,251.5800018310547,251.5800018310547,239.47999572753903,240.80999755859372,492900,0.0,0.0,-,221.56575004577635,259.5914010620117,267.83150177001954,269.602001953125,288098.0
09/20/2023,255.0399932861328,257.9800109863281,253.0399932861328,254.6999969482422,300300,0.0,0.0,-,221.4067000579834,259.6116012573242,268.2795021057129,272.69000244140625,283132.0
09/19/2023,271.4200134277344,271.4200134277344,254.72999572753903,255.72999572753903,647500,0.0,0.0,-,221.21090003967285,259.28900146484375,267.9545021057129,274.00500335693357,282952.0
09/18/2023,278.3699951171875,278.94000244140625,271.64599609375,273.1000061035156,248800,0.0,0.0,-,220.9817000579834,259.01020141601566,267.4670021057129,274.94200439453124,277764.0
09/15/2023,279.94000244140625,282.0,278.6400146484375,279.9800109863281,915300,0.0,0.0,-,220.65240005493163,258.25880126953126,266.2960014343262,274.9820037841797,278004.0
09/14/2023,282.7300109863281,282.7300109863281,278.17999267578125,280.0299987792969,278100,0.0,0.0,-,220.31574996948243,257.33880096435547,264.9765007019043,274.01100158691406,268624.0
09/13/2023,279.5899963378906,282.6499938964844,279.0,281.6700134277344,210400,0.0,0.0,-,220.0046499633789,256.47620086669923,263.7535011291504,273.11000061035156,267368.0
09/12/2023,277.6099853515625,281.94000244140625,277.19000244140625,279.5400085449219,220900,0.0,0.0,-,219.6903498840332,255.62360046386718,262.9330009460449,271.6320007324219,266318.0
09/11/2023,271.6600036621094,280.1199951171875,271.1099853515625,279.3500061035156,291800,0.0,0.0,-,219.40134986877442,254.83620025634767,262.2370002746582,269.84299926757814,270012.0
09/08/2023,271.3299865722656,272.82000732421875,269.8599853515625,271.1099853515625,228200,0.0,0.0,-,219.09909980773926,253.94800018310548,261.6140007019043,267.88999938964844,271002.0
09/07/2023,267.79998779296875,272.0199890136719,264.2200012207031,271.69000244140625,181000,0.0,0.0,-,218.84704986572265,253.10760040283202,261.4410011291504,266.0610015869141,271938.0
09/06/2023,265.989990234375,267.9200134277344,263.25,267.8500061035156,159000,0.0,0.0,-,218.57699981689453,252.13400024414062,261.13000106811523,263.8690017700195,274372.0
09/05/2023,271.3099975585937,271.5580139160156,264.6199951171875,265.1000061035156,174300,0.0,0.0,-,218.36409980773925,251.27920013427735,260.89550094604493,261.9040008544922,276162.0
09/01/2023,273.0899963378906,274.614990234375,269.885009765625,273.5,121500,0.0,0.0,-,218.17144981384277,250.445,260.66000137329104,259.9919998168945,335932.0
08/31/2023,271.8999938964844,273.5199890136719,270.260009765625,270.2699890136719,167100,0.0,0.0,-,217.90959983825684,249.46700012207032,259.922501373291,257.60999908447263,340004.0
08/30/2023,266.489990234375,271.67999267578125,265.20001220703125,271.0199890136719,223300,0.0,0.0,-,217.66379989624022,248.470400390625,259.31100234985354,255.94199981689454,342886.0
08/29/2023,261.1600036621094,268.3699951171875,261.1600036621094,266.8900146484375,143200,0.0,0.0,-,217.3918999481201,247.5558004760742,258.5245025634766,254.39700164794922,346680.0
08/28/2023,260.79998779296875,264.3699951171875,260.2699890136719,261.6499938964844,189000,0.0,0.0,-,217.08484985351564,246.65440032958983,257.9620018005371,254.23400115966797,353988.0
08/25/2023,252.82000732421875,261.0899963378906,252.2949981689453,259.82000732421875,211600,0.0,0.0,-,216.8233499145508,245.83360046386719,257.53800201416016,254.6310012817383,357286.0
08/24/2023,249.9900054931641,254.72999572753903,248.32000732421875,252.82000732421875,211400,0.0,0.0,-,216.57609985351561,245.00320037841797,257.2875015258789,255.33800201416017,361982.0
08/23/2023,249.4499969482422,250.44500732421875,247.63999938964844,249.7700042724609,220500,0.0,0.0,-,216.34649978637697,244.32660034179688,257.0905014038086,256.82100067138674,364530.0
08/22/2023,245.97999572753903,250.0,245.1300048828125,248.1999969482422,239100,0.0,0.0,-,216.1948497772217,243.6916003417969,257.42800064086913,258.39100036621096,368070.0
08/21/2023,250.0,250.6499938964844,244.69000244140625,245.97999572753903,392300,0.0,0.0,-,216.0044497680664,242.8848004150391,257.84800109863284,259.88700103759766,370962.0
08/18/2023,251.05999755859372,251.55999755859372,246.88999938964844,249.67999267578125,243200,0.0,0.0,-,215.8860997772217,242.39900054931644,257.8960014343262,261.3280029296875,370992.0
08/17/2023,255.57000732421875,257.19000244140625,252.97000122070312,253.58999633789065,190900,0.0,0.0,-,215.74759979248046,241.85040069580083,257.67600173950194,262.23500366210936,376288.0
08/16/2023,265.260009765625,265.42999267578125,254.94000244140625,255.57000732421875,294900,0.0,0.0,-,215.59124984741212,241.1718008422852,257.3415016174316,262.6800048828125,380240.0
08/15/2023,265.45001220703125,267.239990234375,263.1600036621094,265.260009765625,146700,0.0,0.0,-,215.39439979553222,240.39100067138676,256.98450088500977,262.6520034790039,380184.0
08/14/2023,266.94000244140625,267.9750061035156,264.5199890136719,265.6199951171875,210600,0.0,0.0,-,215.1755997467041,239.3270004272461,256.1950004577637,261.69000244140625,383560.0
08/11/2023,266.7900085449219,268.3900146484375,264.6700134277344,266.8900146484375,243600,0.0,0.0,-,214.9397998046875,238.15240051269532,255.28200073242186,260.445002746582,384390.0
08/10/2023,266.32000732421875,269.4349975585937,264.8099975585937,267.6499938964844,204400,0.0,0.0,-,214.39854972839356,236.95400024414062,254.09800033569337,259.2370010375977,385846.0
08/09/2023,263.7699890136719,267.125,261.8450012207031,265.4700012207031,194800,0.0,0.0,-,213.84599975585937,235.74480041503907,252.73650054931642,257.3600021362305,386674.0
08/08/2023,260.0899963378906,264.1400146484375,254.38699340820312,263.1600036621094,203000,0.0,0.0,-,213.30179977416992,234.50640045166017,251.5540008544922,256.46500091552736,386644.0
08/07/2023,260.6300048828125,264.1499938964844,259.0,260.3900146484375,224100,0.0,0.0,-,212.77144973754883,233.28640045166014,250.32450103759766,255.80900115966796,386930.0
08/04/2023,257.54998779296875,261.67999267578125,256.3970031738281,258.75,181600,0.0,0.0,-,212.27659965515136,232.13140014648437,249.3944999694824,254.46399993896483,388260.0
08/03/2023,255.2899932861328,258.6400146484375,252.0500030517578,258.0400085449219,216300,0.0,0.0,-,211.7826996612549,231.0702001953125,248.23349990844727,253.11699981689452,390242.0
08/02/2023,252.63999938964844,255.9850006103516,251.94000244140625,255.2899932861328,167800,0.0,0.0,-,211.25779960632323,230.10059997558594,247.03049926757814,252.00299835205078,389792.0
08/01/2023,252.0399932861328,255.9900054931641,250.94000244140625,255.63999938964844,223800,0.0,0.0,-,210.76789962768555,229.21240020751952,246.1109992980957,251.31699829101564,391296.0
07/31/2023,255.47999572753903,257.25,251.7400054931641,253.1699981689453,240900,0.0,0.0,-,210.27034965515136,228.28240020751954,245.28099899291993,250.6999984741211,391222.0
07/28/2023,251.2700042724609,256.4049987792969,248.47999572753903,254.80999755859372,351300,0.0,0.0,-,209.79919967651367,227.40300018310546,244.63099899291993,250.1189987182617,391838.0
07/27/2023,254.38999938964844,256.8399963378906,248.19000244140625,248.8800048828125,426100,0.0,0.0,-,209.31814971923828,226.44400024414065,243.63749923706055,248.95899963378906,389442.0
07/26/2023,256.8599853515625,259.80499267578125,253.9949951171875,256.5199890136719,388100,0.0,0.0,-,208.8753997039795,225.68400024414066,242.64799880981445,248.11299896240234,385132.0
07/25/2023,230.0,264.1849975585937,230.0,256.6000061035156,988500,0.0,0.0,-,208.43409973144531,224.73260040283202,240.97249908447264,246.64300079345702,380798.0
07/24/2023,244.0500030517578,247.91000366210935,242.0200042724609,246.94000244140625,721300,0.0,0.0,-,207.98809967041015,223.79080017089845,239.39799880981445,244.84000091552736,365684.0
07/21/2023,247.8300018310547,249.0749969482422,241.3699951171875,245.27999877929688,352400,0.0,0.0,-,207.5801496887207,223.0552001953125,238.22049865722656,244.325,356312.0
07/20/2023,248.8800048828125,250.3350067138672,245.3800048828125,246.8999938964844,246100,0.0,0.0,-,207.157749710083,222.24820007324217,237.1864990234375,243.35,354406.0
07/19/2023,250.8999938964844,252.3999938964844,247.8699951171875,248.42999267578125,251900,0.0,0.0,-,206.70909973144532,221.50060028076172,235.8634994506836,242.05800018310546,355572.0
07/18/2023,248.32000732421875,250.22999572753903,247.05499267578125,249.47000122070312,365100,0.0,0.0,-,206.24764976501464,220.66780029296876,234.70649948120118,240.90500030517578,355128.0
07/17/2023,242.32000732421875,247.75,241.63999938964844,247.3600006103516,224000,0.0,0.0,-,205.78234977722167,219.7822003173828,233.32399978637696,239.86199951171875,352130.0
07/14/2023,240.92999267578125,244.6100006103516,240.6100006103516,243.2100067138672,175400,0.0,0.0,-,205.28819976806642,218.94460021972657,231.98649978637695,239.14299926757812,355252.0
07/13/2023,242.6499938964844,242.6499938964844,238.6300048828125,240.4199981689453,260600,0.0,0.0,-,204.8106997680664,218.08600006103515,230.7409996032715,238.31599884033204,357628.0
07/12/2023,241.9499969482422,244.03500366210935,238.84500122070312,241.82000732421875,244600,0.0,0.0,-,204.33549980163573,217.40740020751954,229.66949996948242,237.18299865722656,358566.0
07/11/2023,241.75,241.75,235.6499938964844,238.57000732421875,291300,0.0,0.0,-,203.90054977416992,216.57380004882813,228.47949981689453,235.30199737548827,362910.0
07/10/2023,235.5,242.16000366210935,235.5,241.7899932861328,388100,0.0,0.0,-,203.48659973144532,215.7531997680664,226.94399948120116,233.95599670410155,369380.0
07/07/2023,233.9199981689453,237.8950042724609,233.9199981689453,235.52999877929688,260800,0.0,0.0,-,203.05599975585938,214.99599975585937,225.93899993896486,232.11599731445312,378340.0
07/06/2023,234.3600006103516,235.50999450683597,231.16000366210935,233.97999572753903,446300,0.0,0.0,-,202.65394973754883,214.45079986572264,225.275,231.022998046875,399654.0
07/05/2023,239.2899932861328,241.2949981689453,235.0,236.8999938964844,215300,0.0,0.0,-,202.23839973449708,213.51639984130858,224.55900039672852,229.66899871826172,402664.0
07/03/2023,241.97000122070312,243.02999877929688,238.1999969482422,239.0399932861328,157900,0.0,0.0,-,201.81124977111816,212.55859985351563,223.54050064086914,228.50799865722655,405368.0
06/30/2023,236.5800018310547,241.1999969482422,235.1199951171875,240.1699981689453,405600,0.0,0.0,-,201.3636498260498,211.5432000732422,222.19150085449218,226.78600006103517,409950.0
06/29/2023,229.0,237.8300018310547,229.0,234.94000244140625,341300,0.0,0.0,-,200.9272998046875,210.60540008544922,220.52750091552736,224.8300003051758,405616.0
06/28/2023,223.2100067138672,229.47999572753903,223.1199951171875,229.08999633789065,275000,0.0,0.0,-,200.59324981689454,209.74019989013672,219.12900085449218,223.16600036621094,404158.0
06/27/2023,225.25,225.25,221.3300018310547,223.00999450683597,302700,0.0,0.0,-,200.26324981689453,209.06880004882814,218.03400115966798,222.15600128173827,404004.0
06/26/2023,223.3000030517578,226.9600067138672,223.0500030517578,225.1100006103516,248500,0.0,0.0,-,199.93769981384278,208.4514001464844,217.06100158691407,221.6570022583008,403006.0
06/23/2023,222.1000061035156,227.8500061035156,221.4900054931641,223.38999938964844,3162800,0.0,0.0,-,199.57884979248047,207.84660003662108,215.91350173950195,219.93200225830077,403010.0
06/22/2023,218.97000122070312,224.72999572753903,216.8699951171875,224.6000061035156,325100,0.0,0.0,-,199.1875498199463,207.17040008544922,214.87600173950196,219.76200256347656,346326.0
06/21/2023,224.6000061035156,225.3300018310547,220.16000366210935,220.44000244140625,311200,0.0,0.0,-,198.7922998046875,206.50940002441405,213.93050155639648,219.527001953125,346380.0
06/20/2023,220.44000244140625,226.1100006103516,219.19000244140625,225.2899932861328,413000,0.0,0.0,-,198.42774978637695,205.91559997558593,213.38650131225586,219.44900207519532,343938.0
06/16/2023,223.7400054931641,224.1499938964844,218.72999572753903,221.82000732421875,508600,0.0,0.0,-,198.03934982299805,205.2283999633789,212.66600189208984,218.57300262451173,340464.0
06/15/2023,217.9499969482422,222.07000732421875,214.32000732421875,220.6100006103516,353900,0.0,0.0,-,197.68489974975586,204.57719970703124,212.03200149536133,217.5970016479492,336202.0
06/14/2023,219.0,221.60499572753903,216.7749938964844,218.3000030517578,446400,0.0,0.0,-,197.35714973449706,203.99939971923828,211.46150131225585,216.2250015258789,344580.0
06/13/2023,217.6499938964844,220.4750061035156,217.2550048828125,218.9900054931641,338800,0.0,0.0,-,197.0604497528076,203.43619964599608,210.88950119018554,215.09200134277344,342234.0
06/12/2023,208.1300048828125,218.1000061035156,207.8300018310547,218.0200042724609,397500,0.0,0.0,-,196.81144973754883,202.81739959716796,210.48400115966797,213.91200103759766,344728.0
06/09/2023,221.47999572753903,221.47999572753903,207.47000122070312,207.8600006103516,383700,0.0,0.0,-,196.55929969787599,202.11659942626954,210.03050079345704,212.46500091552736,341268.0
06/08/2023,221.7400054931641,222.6999969482422,217.6199951171875,221.69000244140625,393800,0.0,0.0,-,196.33809967041014,201.64199951171875,210.11300048828124,211.89500122070314,337108.0
06/07/2023,219.66000366210935,226.5500030517578,218.30499267578125,222.25,508000,0.0,0.0,-,196.06339965820314,200.83859954833986,209.5365005493164,209.99000091552733,334522.0
06/06/2023,218.0399932861328,221.8350067138672,217.42999267578125,219.66000366210935,388500,0.0,0.0,-,195.80909965515136,200.05879943847657,208.67050018310547,208.33400115966796,327562.0
06/05/2023,210.58999633789065,217.27999877929688,210.58999633789065,216.52999877929688,292100,0.0,0.0,-,195.58299964904785,199.3043994140625,208.16350021362305,207.3240005493164,327642.0
06/02/2023,209.41000366210935,212.2899932861328,207.97999572753903,212.05999755859372,315500,0.0,0.0,-,195.38449966430665,198.58419952392578,207.67649993896484,206.75900115966797,328854.0
06/01/2023,206.88999938964844,209.50999450683597,202.0200042724609,206.88999938964844,252100,0.0,0.0,-,195.23079971313476,197.91859954833984,207.33300018310547,206.46700134277344,327272.0
05/31/2023,206.82000732421875,208.17999267578125,203.5800018310547,206.97000122070312,316400,0.0,0.0,-,195.10879974365236,197.47179962158202,207.2625,206.6980010986328,328518.0
05/30/2023,204.4499969482422,208.57000732421875,204.16000366210935,207.19000244140625,245800,0.0,0.0,-,194.98544975280763,196.92699951171875,206.9279998779297,206.68700103759767,327264.0
05/26/2023,202.22000122070312,205.9499969482422,201.2100067138672,203.5500030517578,193300,0.0,0.0,-,194.84249977111816,196.29619934082032,206.89300003051758,207.05600128173828,333828.0
05/25/2023,203.1300048828125,204.8800048828125,199.1999969482422,202.16000366210935,217300,0.0,0.0,-,194.7080997467041,195.87039916992188,206.7224998474121,207.59600067138672,339592.0
05/24/2023,203.6000061035156,203.6000061035156,197.38999938964844,202.63999938964844,290600,0.0,0.0,-,194.54309974670412,195.3859991455078,206.4914993286133,208.33099975585938,344726.0
05/23/2023,208.9199981689453,210.5800018310547,205.37600708007807,205.69000244140625,280700,0.0,0.0,-,194.37334976196288,194.96219909667968,206.5559989929199,209.08300018310547,350440.0
05/22/2023,210.92999267578125,213.33999633789065,209.4199981689453,209.55999755859372,193800,0.0,0.0,-,194.1731997680664,194.33459899902343,206.68499908447265,209.00699920654296,357578.0
05/19/2023,211.2899932861328,212.0399932861328,207.7250061035156,210.8800048828125,243000,0.0,0.0,-,193.95139976501466,193.6519989013672,205.56999893188475,209.00299987792968,374184.0
05/18/2023,208.8000030517578,210.16000366210935,205.94000244140625,209.13999938964844,220100,0.0,0.0,-,193.71149971008302,193.1941989135742,204.47649841308595,208.59399871826173,377218.0
05/17/2023,207.1199951171875,209.3600006103516,203.3999938964844,209.1999969482422,271700,0.0,0.0,-,193.47874969482422,192.96739898681642,203.43299865722656,208.1989990234375,376518.0
05/16/2023,209.0,209.0399932861328,205.42999267578125,206.8600006103516,231500,0.0,0.0,-,193.2718997192383,192.76959899902343,202.6369987487793,207.82699890136718,376372.0
05/15/2023,208.9600067138672,212.1499938964844,208.0,210.8800048828125,210600,0.0,0.0,-,193.08524971008302,192.64379913330077,201.87799835205078,207.16899871826172,375792.0
05/12/2023,210.1000061035156,213.2050018310547,207.6100006103516,208.9499969482422,171400,0.0,0.0,-,192.86034965515137,192.42199890136717,201.1099983215332,206.72999877929686,377266.0
05/11/2023,209.0,211.75,207.1000061035156,209.50999450683597,232800,0.0,0.0,-,192.62499969482423,192.2557989501953,200.2694984436035,205.8489990234375,379636.0
05/10/2023,208.0,210.97999572753903,205.8999938964844,210.16000366210935,252700,0.0,0.0,-,192.36064971923827,191.9907989501953,199.5374984741211,204.6519989013672,379422.0
05/09/2023,207.3500061035156,207.3500061035156,201.1499938964844,204.92999267578125,257100,0.0,0.0,-,192.1449996948242,191.66519897460938,198.50849838256835,204.02899780273438,380168.0
05/08/2023,212.94000244140625,214.69900512695312,205.6150054931641,209.5200042724609,304400,0.0,0.0,-,191.92734970092772,191.46659912109374,197.8394989013672,204.36299896240234,382074.0
05/05/2023,207.72000122070312,208.6450042724609,202.75,206.7899932861328,229700,0.0,0.0,-,191.69824966430664,191.13439910888673,196.90099868774413,202.13699798583986,382898.0
05/04/2023,204.8600006103516,207.0399932861328,202.7899932861328,205.19000244140625,215200,0.0,0.0,-,191.45069969177246,190.90659912109376,196.10799865722657,200.35899810791017,386640.0
05/03/2023,200.97999572753903,210.0,200.97999572753903,205.47999572753903,380100,0.0,0.0,-,191.19854965209962,190.72119903564453,195.31149826049804,198.66699829101563,390736.0
05/02/2023,205.8600006103516,207.84500122070312,200.1300048828125,200.27999877929688,294200,0.0,0.0,-,190.8991497039795,190.58959899902345,194.62349853515624,197.4469985961914,390296.0
05/01/2023,201.2899932861328,207.22000122070312,200.9600067138672,206.4900054931641,307500,0.0,0.0,-,190.65129974365234,190.71319915771485,194.11649856567382,196.58699798583984,390754.0
04/28/2023,196.52999877929688,202.8600006103516,195.02999877929688,200.13999938964844,461800,0.0,0.0,-,190.3587496948242,190.7025991821289,193.19449844360352,195.48999786376953,392806.0
04/27/2023,205.8300018310547,205.9900054931641,189.3000030517578,197.5399932861328,614800,0.0,0.0,-,190.1013996887207,190.85979919433595,192.33649826049805,194.68999786376952,401988.0
04/26/2023,205.1300048828125,206.67999267578125,193.22000122070312,203.92999267578125,836100,0.0,0.0,-,189.87304969787598,191.25159942626954,191.66599884033204,194.422998046875,405022.0
04/25/2023,225.0,231.63499450683597,206.8800048828125,208.2700042724609,1326500,0.0,0.0,-,189.6143497467041,191.74999969482423,190.545499420166,192.98799896240234,396494.0
04/24/2023,189.1999969482422,190.9600067138672,187.02999877929688,187.25999450683597,596800,0.0,0.0,-,189.3565997314453,192.05519958496095,189.29499893188478,191.31599884033204,375440.0
04/21/2023,188.7100067138672,191.7100067138672,186.72999572753903,189.00999450683597,350500,0.0,0.0,-,189.21029975891113,192.8211996459961,189.02899932861328,191.66499938964844,368990.0
04/20/2023,191.1000061035156,191.1000061035156,185.42999267578125,188.2700042724609,387000,0.0,0.0,-,189.02759979248046,193.7129998779297,188.60449981689453,191.85699920654298,367636.0
04/19/2023,190.7899932861328,193.4600067138672,189.44000244140625,193.27999877929688,188900,0.0,0.0,-,188.86974975585937,194.6421997070312,188.12999954223633,191.95599822998048,363828.0
04/18/2023,199.0,199.0,189.8000030517578,191.67999267578125,268400,0.0,0.0,-,188.65134979248046,195.4099996948242,187.69349975585936,191.79999847412108,364464.0
04/17/2023,193.5399932861328,195.7100067138672,191.25999450683597,195.5200042724609,267300,0.0,0.0,-,188.4412998199463,196.29799987792964,187.09599990844725,191.6459991455078,363614.0
04/14/2023,194.80999755859372,195.28500366210935,189.8999938964844,192.13999938964844,252800,0.0,0.0,-,188.21359977722167,197.15659973144528,186.10249938964844,190.8989990234375,362838.0
04/13/2023,191.1699981689453,195.05999755859372,190.3600006103516,194.8699951171875,248700,0.0,0.0,-,187.9972998046875,197.8651998901367,185.6084991455078,189.98299865722657,362326.0
04/12/2023,194.67999267578125,194.83999633789065,189.3000030517578,189.5800018310547,328600,0.0,0.0,-,187.7913998413086,198.3892001342773,184.76199951171876,188.90899963378905,362036.0
04/11/2023,192.7899932861328,196.08999633789065,190.97000122070312,191.5500030517578,327800,0.0,0.0,-,187.61294982910155,198.89440002441407,184.35549926757812,188.10299987792968,362460.0
04/10/2023,189.1999969482422,192.63999938964844,189.1999969482422,190.75,189100,0.0,0.0,-,187.41184982299805,199.53699981689454,183.4934989929199,187.2739990234375,360276.0
04/06/2023,189.63999938964844,191.13999938964844,187.2899932861328,190.92999267578125,239300,0.0,0.0,-,187.16469985961913,200.2767999267578,182.72749862670898,186.39299926757812,359744.0
04/05/2023,190.22000122070312,193.3300018310547,188.3000030517578,189.25999450683597,295500,0.0,0.0,-,186.9114498901367,201.02460021972655,182.58049926757812,185.35200042724608,360942.0
04/04/2023,191.7400054931641,195.1300048828125,188.3300018310547,191.72000122070312,772800,0.0,0.0,-,186.6419499206543,201.9022003173828,183.00749969482422,184.3040008544922,361390.0
04/03/2023,187.25999450683597,190.43499755859372,185.52999877929688,190.13999938964844,329100,0.0,0.0,-,186.3446999359131,202.85820037841796,183.38699951171876,183.58700103759764,355122.0
03/31/2023,184.8600006103516,188.91000366210935,183.77999877929688,188.0500030517578,463500,0.0,0.0,-,186.08409996032714,203.63820037841796,183.90849990844725,182.5460006713867,351950.0
03/30/2023,186.44000244140625,186.5500030517578,181.5,182.97999572753903,224500,0.0,0.0,-,185.8317999267578,204.45400024414062,184.49549942016603,181.30599975585938,346660.0
03/29/2023,184.7400054931641,185.05999755859372,182.4900054931641,184.1300048828125,175700,0.0,0.0,-,185.59414993286134,205.43960021972657,185.37849960327148,181.23399963378907,347522.0
03/28/2023,182.1100006103516,182.9199981689453,179.48500061035156,181.5200042724609,264500,0.0,0.0,-,185.36854988098145,206.32940002441407,185.98499908447266,180.61499938964843,347588.0
03/27/2023,184.47000122070312,184.92999267578125,182.19000244140625,183.25999450683597,160000,0.0,0.0,-,185.1901998901367,207.27019989013672,186.60299911499024,180.60799865722657,345814.0
03/24/2023,178.83999633789062,182.0800018310547,175.3800048828125,181.94000244140625,392500,0.0,0.0,-,185.01424995422363,208.12339996337892,187.18999938964845,179.71299896240234,345612.0
03/23/2023,180.88999938964844,183.0850067138672,179.16400146484375,180.5200042724609,352700,0.0,0.0,-,184.85889991760254,209.0181997680664,187.7384994506836,179.06199798583984,344156.0
03/22/2023,183.69000244140625,184.63499450683597,178.6300048828125,178.77999877929688,236400,0.0,0.0,-,184.69189987182617,209.87359954833985,188.48249893188478,179.80899810791016,346720.0
03/21/2023,182.47000122070312,186.6199951171875,181.9600067138672,184.5500030517578,314400,0.0,0.0,-,184.52709991455077,210.51439971923827,189.3394989013672,181.71099853515625,345292.0
03/20/2023,177.30999755859375,180.38299560546875,175.05999755859375,179.72999572753906,253700,0.0,0.0,-,184.34064987182617,211.02919952392577,190.0569984436035,183.18699798583984,343504.0
03/17/2023,181.8800048828125,182.1499938964844,175.38499450683594,175.64999389648438,574000,0.0,0.0,-,184.1567999267578,211.60099975585936,191.39349899291992,185.2709991455078,342482.0
03/16/2023,176.08999633789062,187.0449981689453,175.30499267578125,182.25999450683597,481500,0.0,0.0,-,183.99474998474122,212.27099975585938,192.90899963378905,187.68499908447265,334540.0
03/15/2023,175.75999450683594,178.43499755859375,170.57000732421875,177.94000244140625,474000,0.0,0.0,-,183.82029998779296,212.7913998413086,194.19599990844728,189.52299957275392,329666.0
03/14/2023,179.25,183.0,176.94500732421875,181.4499969482422,576300,0.0,0.0,-,183.6082999420166,213.48079986572264,196.15550003051757,191.35499877929686,324830.0
03/13/2023,174.4600067138672,176.66000366210938,167.0,174.30999755859375,637600,0.0,0.0,-,183.3618999481201,214.16419982910156,198.52550048828124,192.5979995727539,317962.0
03/10/2023,187.9900054931641,188.3350067138672,170.77999877929688,175.42999267578125,1024100,0.0,0.0,-,183.15694999694824,214.84739990234374,200.98650054931642,194.66699981689453,308364.0
03/09/2023,198.1000061035156,199.07000732421875,187.2449951171875,187.9900054931641,394700,0.0,0.0,-,182.94840003967286,215.5083999633789,203.49300079345704,196.41500091552734,291134.0
03/08/2023,199.5399932861328,200.5500030517578,196.47999572753903,197.8000030517578,185100,0.0,0.0,-,182.67779998779298,216.00319976806637,205.77350082397462,197.15599975585937,285840.0
03/07/2023,201.32000732421875,202.93499755859372,198.2050018310547,199.30999755859372,264400,0.0,0.0,-,182.35779998779296,216.27399963378906,207.62000045776367,196.96799926757814,285912.0
03/06/2023,199.7899932861328,203.69500732421875,198.88999938964844,200.57000732421875,202500,0.0,0.0,-,182.0184999847412,216.499599609375,209.23800048828124,196.9269989013672,286190.0
03/03/2023,201.9199981689453,202.2899932861328,198.44000244140625,199.7899932861328,284300,0.0,0.0,-,181.70789993286132,216.5627993774414,211.01350021362305,197.51599884033203,286174.0
03/02/2023,194.17999267578125,201.7700042724609,194.17999267578125,200.63999938964844,289900,0.0,0.0,-,181.40894996643067,216.5897994995117,212.9465003967285,198.13300018310548,285894.0
03/01/2023,194.66000366210935,196.8699951171875,193.5,196.25999450683597,222100,0.0,0.0,-,181.1033999633789,216.69699951171876,214.29300079345703,198.86900024414064,291446.0
02/28/2023,194.3500061035156,198.1000061035156,193.7050018310547,193.8800048828125,290000,0.0,0.0,-,180.78805000305175,216.88799957275387,215.53350143432618,200.95600128173828,294528.0
02/27/2023,195.33999633789065,195.97999572753903,192.7100067138672,195.0,352400,0.0,0.0,-,180.4725,217.22239959716794,216.58150100708008,204.4530014038086,293634.0
02/24/2023,192.38999938964844,195.66000366210935,188.13999938964844,192.91000366210935,345600,0.0,0.0,-,180.1680000305176,217.61619964599606,218.01550064086913,207.30600128173828,291304.0
02/23/2023,196.88999938964844,198.7700042724609,191.55999755859372,195.3999938964844,416800,0.0,0.0,-,179.85779998779296,217.98399963378904,219.7570007324219,210.5710006713867,290214.0
02/22/2023,199.30999755859372,199.30999755859372,193.00999450683597,195.9199981689453,420000,0.0,0.0,-,179.5613500213623,218.19139984130857,221.4030014038086,214.39100189208983,287490.0
02/21/2023,203.82000732421875,204.75,198.2400054931641,198.8999938964844,358100,0.0,0.0,-,179.2716000366211,218.47019989013668,223.26400146484374,218.27200164794922,283626.0
02/17/2023,206.0200042724609,207.80499267578125,201.75,206.4600067138672,317100,0.0,0.0,-,178.98975006103515,218.6255999755859,225.29500198364258,221.54900207519532,282546.0
02/16/2023,203.08999633789065,210.9900054931641,202.55499267578125,205.9600067138672,410100,0.0,0.0,-,178.64230003356934,218.57079986572262,226.42900161743165,224.51100158691406,282706.0
02/15/2023,214.77999877929688,214.77999877929688,198.94000244140625,208.0,920900,0.0,0.0,-,178.3008999633789,218.56159973144528,227.5730010986328,227.76000061035157,278158.0
02/14/2023,216.0,223.0,205.5200042724609,217.1300048828125,766500,0.0,0.0,-,177.92875,218.58159973144527,228.7860008239746,229.71700134277344,264990.0
02/13/2023,225.6499938964844,230.0,223.19000244140625,228.8500061035156,409700,0.0,0.0,-,177.5023999786377,218.5497994995117,229.36050033569336,230.11100158691406,256626.0
02/10/2023,223.75999450683597,226.52999877929688,219.17999267578125,223.52999877929688,273800,0.0,0.0,-,177.00914993286133,218.17059936523435,229.34599990844725,228.71000061035156,259928.0
02/09/2023,233.80999755859372,235.58999633789065,224.2400054931641,225.55999755859372,274300,0.0,0.0,-,176.55449996948244,217.84479949951168,229.4654998779297,228.725,262004.0
02/08/2023,234.9199981689453,237.3990020751953,232.8300018310547,233.6000061035156,282800,0.0,0.0,-,176.16669998168945,217.58659942626954,229.52149963378906,228.94300079345703,261910.0
02/07/2023,230.55999755859372,236.0399932861328,226.50999450683597,234.72999572753903,196600,0.0,0.0,-,175.75179992675783,217.27079925537106,229.00599899291993,228.41500091552734,258528.0
02/06/2023,234.9600067138672,238.38999938964844,231.3800048828125,231.6699981689453,220700,0.0,0.0,-,175.34484992980958,216.95239929199218,227.8104995727539,228.2560012817383,257940.0
02/03/2023,236.6199951171875,241.2749938964844,235.25999450683597,236.0800018310547,225900,0.0,0.0,-,174.9868999481201,216.75379943847656,226.7414993286133,229.04100189208984,257560.0
02/02/2023,232.0,238.5,229.40499877929688,238.4499969482422,228500,0.0,0.0,-,174.58759994506835,216.41019927978516,225.35349960327147,228.3470016479492,257406.0
02/01/2023,222.3000030517578,229.66000366210935,218.5,227.57000732421875,227200,0.0,0.0,-,174.1567999267578,216.05519927978514,223.88849945068358,227.38600158691406,257274.0
01/31/2023,215.58999633789065,221.4499969482422,215.58999633789065,221.07000732421875,234200,0.0,0.0,-,173.8094499206543,215.8573989868164,222.9239990234375,227.8550003051758,258778.0
01/30/2023,221.3699951171875,221.3699951171875,213.9600067138672,214.83999633789065,349800,0.0,0.0,-,173.5107498931885,215.94139892578124,222.49099884033203,228.60999908447266,258350.0
01/27/2023,227.4199981689453,228.91000366210935,223.47000122070312,223.67999267578125,218600,0.0,0.0,-,173.2295999145508,216.1759991455078,222.52999877929688,229.98199920654298,259306.0
01/26/2023,227.75,233.72999572753903,224.8699951171875,227.7400054931641,162500,0.0,0.0,-,172.90619995117189,216.12499938964845,221.76949920654297,230.20599975585938,260940.0
01/25/2023,230.0500030517578,230.17999267578125,224.5399932861328,228.32000732421875,299200,0.0,0.0,-,172.59134994506837,215.9923992919922,220.8064987182617,230.0999984741211,262876.0
01/24/2023,237.0500030517578,239.56300354003903,231.2899932861328,233.13999938964844,317900,0.0,0.0,-,172.27989990234374,215.75879913330078,220.02699813842773,229.5969970703125,262464.0
01/23/2023,230.0,241.4750061035156,229.0500030517578,239.5200042724609,459400,0.0,0.0,-,171.91689987182616,215.20559906005855,218.93699798583984,227.36499786376953,260548.0
01/20/2023,230.4499969482422,232.16000366210935,224.1199951171875,229.13999938964844,170500,0.0,0.0,-,171.54744987487794,214.6021990966797,217.49049758911133,224.4419967651367,256180.0
01/19/2023,231.00999450683597,231.72999572753903,226.3600006103516,228.83999633789065,199000,0.0,0.0,-,171.2379499053955,214.22679901123047,216.21999740600586,222.35999755859376,258410.0
01/18/2023,229.4199981689453,234.9600067138672,228.0110015869141,232.25999450683597,267600,0.0,0.0,-,170.93389991760253,213.7879989624023,214.83499755859376,220.39099731445313,264290.0
01/17/2023,228.6100006103516,233.97999572753903,227.6000061035156,228.6199951171875,179000,0.0,0.0,-,170.5905499267578,213.5315991210937,213.52199783325196,217.9929977416992,269462.0
01/13/2023,223.91000366210935,230.2100067138672,222.3699951171875,228.55999755859372,175800,0.0,0.0,-,170.26484992980957,213.1615991210937,212.38149795532226,216.37199859619142,280866.0
01/12/2023,227.17999267578125,228.13400268554688,223.6000061035156,225.9199981689453,149900,0.0,0.0,-,169.95059997558593,213.0365991210937,211.48349838256837,215.07799835205077,285468.0
01/11/2023,224.2100067138672,232.94000244140625,224.0,226.67999267578125,319700,0.0,0.0,-,169.62,212.9577990722656,210.9219985961914,213.33299865722657,288426.0
01/10/2023,210.44000244140625,226.6699981689453,209.92999267578125,223.2899932861328,480900,0.0,0.0,-,169.27805000305176,212.87059936523434,210.15299911499022,211.51299896240235,295502.0
01/09/2023,211.8699951171875,214.36199951171875,208.9499969482422,210.82000732421875,165000,0.0,0.0,-,168.96415000915528,212.72879943847653,209.27699966430663,210.45699920654297,308204.0
01/06/2023,210.2899932861328,214.0399932861328,206.6499938964844,210.2899932861328,225000,0.0,0.0,-,168.6984999847412,212.94239929199216,209.22899932861327,210.50899810791014,334270.0
01/05/2023,207.9199981689453,211.1999969482422,205.92999267578125,208.32000732421875,202600,0.0,0.0,-,168.47819999694823,213.10579956054684,209.0479995727539,210.53899841308595,397278.0
01/04/2023,211.0500030517578,212.1300048828125,207.25999450683597,209.1499938964844,176900,0.0,0.0,-,168.25684997558594,212.11219940185543,208.81799926757813,210.07999725341796,404056.0
01/03/2023,212.32000732421875,214.97999572753903,206.1999969482422,208.27999877929688,237800,0.0,0.0,-,168.04084999084472,211.0719995117187,208.6354995727539,209.27899780273438,408608.0
12/30/2022,213.0399932861328,213.9199981689453,209.0500030517578,212.41000366210935,232200,0.0,0.0,-,167.8161499786377,210.03899963378902,208.67149963378907,209.05099792480468,410424.0
12/29/2022,211.4900054931641,217.32000732421875,211.0,215.6199951171875,232900,0.0,0.0,-,167.52309997558595,208.93259948730466,208.82799911499023,208.39099731445313,411744.0
12/28/2022,208.6100006103516,211.4499969482422,208.3999938964844,208.47000122070312,157700,0.0,0.0,-,167.1771499633789,207.84859954833982,208.54149932861327,207.88899841308594,413958.0
12/27/2022,212.07000732421875,212.8699951171875,207.3800048828125,208.47999572753903,162600,0.0,0.0,-,166.8595999908447,206.87859954833982,208.47999954223633,208.51099853515626,417660.0
12/23/2022,210.6300048828125,212.94000244140625,208.88999938964844,212.72999572753903,130000,0.0,0.0,-,166.52319999694825,205.77019958496095,208.6884994506836,208.79299926757812,420318.0
12/22/2022,207.82000732421875,211.6199951171875,206.00999450683597,211.33999633789065,188700,0.0,0.0,-,166.2006000518799,204.66179962158202,208.94249954223633,208.0970001220703,425504.0
12/21/2022,205.72000122070312,212.82000732421875,204.50999450683597,210.58999633789065,278300,0.0,0.0,-,165.90200004577636,203.55759979248046,209.31599960327148,207.9490005493164,428946.0
12/20/2022,201.41000366210935,205.3500061035156,199.1699981689453,203.72999572753903,201700,0.0,0.0,-,165.56275009155274,202.52459991455075,209.87350006103514,207.55700073242187,430394.0
12/19/2022,205.1499938964844,205.1499938964844,200.30999755859372,201.13999938964844,270300,0.0,0.0,-,165.28695014953612,201.62200012207032,210.63199996948242,207.55600128173828,430228.0
12/16/2022,202.2700042724609,207.72000122070312,201.0399932861328,206.0,567500,0.0,0.0,-,165.03200012207031,200.80580017089844,211.6099998474121,207.99200134277345,430768.0
12/15/2022,207.97999572753903,210.27999877929688,204.77999877929688,205.80999755859372,376200,0.0,0.0,-,164.7454000854492,200.05100006103515,212.19399948120116,208.29200134277343,425576.0
12/14/2022,214.05999755859372,216.25,207.5399932861328,210.6000061035156,245300,0.0,0.0,-,164.47625007629395,199.28279998779297,213.16699981689453,209.26500091552734,423272.0
12/13/2022,219.9900054931641,219.9900054931641,210.6499938964844,214.69000244140625,235900,0.0,0.0,-,164.1827500152588,198.37779998779297,213.9654998779297,209.19400024414062,423696.0
12/12/2022,207.32000732421875,212.1750030517578,204.71600341796875,211.3000030517578,291100,0.0,0.0,-,163.87415000915527,197.3,214.2875,208.4490005493164,426192.0
12/09/2022,208.00999450683597,211.4900054931641,205.7400054931641,205.7700042724609,280600,0.0,0.0,-,163.58394996643065,196.21739990234374,214.7779998779297,208.58399963378906,431604.0
12/08/2022,207.25,210.50999450683597,203.47000122070312,209.8600006103516,226800,0.0,0.0,-,163.29029991149903,195.2247998046875,215.32149963378907,209.78799896240236,431904.0
12/07/2022,203.72000122070312,209.40499877929688,201.2530059814453,206.6699981689453,304100,0.0,0.0,-,162.94199989318847,194.15579986572266,215.10249938964844,210.68299865722656,435918.0
12/06/2022,205.80999755859372,208.2400054931641,200.50999450683597,203.72000122070312,325100,0.0,0.0,-,162.60879989624024,192.9929998779297,215.23649978637695,212.18999938964845,435472.0
12/05/2022,207.57000732421875,207.8950042724609,202.4219970703125,205.5,182700,0.0,0.0,-,162.3052498626709,191.87279998779297,215.56899948120116,213.70799865722657,437854.0
12/02/2022,213.0,213.19500732421875,206.3600006103516,209.0,262500,0.0,0.0,-,161.98904983520507,190.67040008544922,215.63899917602538,215.22799835205078,446680.0
12/01/2022,210.7899932861328,217.8600006103516,205.9600067138672,215.5399932861328,348300,0.0,0.0,-,161.6772498321533,189.58700012207032,216.1609992980957,216.09599761962892,449302.0
11/30/2022,206.7400054931641,210.38699340820312,196.8500061035156,209.88999938964844,574800,0.0,0.0,-,161.2938998413086,188.3918002319336,215.88999938964844,217.06899871826172,452298.0
11/29/2022,212.41000366210935,217.47999572753903,205.4499969482422,207.2400054931641,377600,0.0,0.0,-,161.11559982299804,187.30740020751952,216.5109992980957,218.73699951171875,449394.0
11/28/2022,216.4199981689453,221.6999969482422,211.46499633789065,212.6499938964844,269600,0.0,0.0,-,160.95389976501465,186.265,217.24799880981445,220.1259994506836,450878.0
11/25/2022,216.5500030517578,220.3029937744141,216.0800018310547,217.80999755859372,113700,0.0,0.0,-,160.77164978027344,185.02940002441406,217.73149948120118,220.9720001220703,468354.0
11/23/2022,220.82000732421875,224.8999938964844,218.3500061035156,218.80999755859372,167200,0.0,0.0,-,160.57609977722169,183.70260009765624,217.6509994506836,220.8550003051758,478480.0
11/22/2022,220.97999572753903,223.5749969482422,217.5500030517578,221.7400054931641,201700,0.0,0.0,-,160.36269981384277,182.3168002319336,217.7854995727539,219.52200012207032,486336.0
11/21/2022,221.4199981689453,224.3249969482422,218.05999755859372,218.8999938964844,218200,0.0,0.0,-,160.11169975280762,180.94,217.62149963378906,218.28300018310546,495590.0
11/18/2022,222.6300048828125,223.22999572753903,216.75,220.6999969482422,221900,0.0,0.0,-,159.87594978332518,179.92460021972656,214.60849990844727,217.43000030517578,498138.0
11/17/2022,222.2400054931641,222.2400054931641,213.1499938964844,217.67999267578125,302400,0.0,0.0,-,159.6184497833252,178.77240020751952,211.43050003051758,216.05,501216.0
11/16/2022,226.57000732421875,229.97999572753903,222.00999450683597,225.2700042724609,212800,0.0,0.0,-,159.42059982299804,177.5768002319336,208.37800064086915,216.2260009765625,502234.0
11/15/2022,226.30999755859372,234.8999938964844,225.47000122070312,226.57000732421875,397600,0.0,0.0,-,159.17459983825682,176.1382000732422,204.96900024414063,214.71100006103515,506880.0
11/14/2022,220.0,226.4199981689453,218.98399353027344,221.1300048828125,300300,0.0,0.0,-,158.9290498352051,174.50940002441405,201.71149978637695,214.28499908447264,508208.0
11/11/2022,216.63999938964844,224.77999877929688,216.63999938964844,221.1100006103516,259300,0.0,0.0,-,158.670899810791,172.99779998779297,198.65349960327148,214.3699981689453,509058.0
11/10/2022,216.7100067138672,221.13499450683597,213.83999633789065,216.63999938964844,278600,0.0,0.0,-,158.39159980773925,171.52619995117186,195.2509994506836,214.49099884033203,509980.0
11/09/2022,208.2400054931641,211.8000030517578,205.3600006103516,205.47999572753903,222100,0.0,0.0,-,158.13834983825683,170.14559997558592,192.28449935913085,214.4469985961914,509570.0
11/08/2022,210.3699951171875,214.1199951171875,206.5399932861328,209.3500061035156,241000,0.0,0.0,-,157.9501498413086,169.05459991455078,189.81699981689454,216.0489990234375,509480.0
11/07/2022,208.8500061035156,212.7100067138672,203.0200042724609,210.3699951171875,282000,0.0,0.0,-,157.76199981689453,167.96879974365234,187.29649963378907,216.95999908447266,508224.0
11/04/2022,219.4499969482422,219.4499969482422,204.77999877929688,206.8999938964844,493000,0.0,0.0,-,157.53404983520508,166.94059997558594,184.70800018310547,211.78699951171876,506052.0
11/03/2022,209.42999267578125,221.1499938964844,203.69000244140625,219.44000244140625,526200,0.0,0.0,-,157.3463998413086,166.18640014648437,182.37950057983397,206.81100006103514,498966.0
11/02/2022,221.3800048828125,222.1000061035156,209.75,210.1199951171875,749200,0.0,0.0,-,157.0786498260498,165.14940002441406,179.82050018310548,200.53000030517578,492488.0
11/01/2022,218.25,224.33999633789065,216.66799926757807,222.30999755859372,405900,0.0,0.0,-,156.87919982910157,164.21940002441406,177.68450012207032,195.22700042724608,480930.0
10/31/2022,220.8600006103516,224.92999267578125,218.38999938964844,221.97999572753903,297800,0.0,0.0,-,156.6503998565674,163.1082000732422,174.8365005493164,189.13800048828125,476680.0
10/28/2022,215.41000366210935,223.2400054931641,214.25999450683597,222.32000732421875,673500,0.0,0.0,-,156.44189987182617,162.09640014648437,171.77750091552736,182.93700103759767,474014.0
10/27/2022,220.52999877929688,221.1000061035156,209.33999633789065,216.1999969482422,1116000,0.0,0.0,-,156.25929985046386,161.13880004882813,168.52000045776367,176.01100006103516,463488.0
10/26/2022,218.0,235.72000122070312,217.02999877929688,221.5,1468300,0.0,0.0,-,156.1466498565674,160.35140014648437,165.517000579834,170.12200012207032,444894.0
10/25/2022,202.4499969482422,224.4199981689453,202.3800048828125,218.4600067138672,3375400,0.0,0.0,-,155.97454986572265,159.54780029296876,162.26250076293945,163.58500061035156,420560.0
10/24/2022,157.74000549316406,161.88299560546875,155.83999633789062,158.63999938964844,541500,0.0,0.0,-,155.8222998046875,158.82840026855467,158.76600036621093,157.63300018310548,356692.0
10/21/2022,158.05999755859375,158.05999755859375,153.6999969482422,157.13999938964844,404500,0.0,0.0,-,155.99134979248046,159.30160034179687,158.21950073242186,157.62900085449218,350122.0
10/20/2022,157.6300048828125,159.91000366210938,154.02000427246094,156.6300048828125,328600,0.0,0.0,-,156.16424980163575,159.73080047607422,157.6315010070801,157.9480010986328,349298.0
10/19/2022,159.0800018310547,159.4199981689453,153.8300018310547,157.08999633789062,298200,0.0,0.0,-,156.40449974060058,160.13160034179688,157.5415008544922,159.11100006103516,347954.0
10/18/2022,164.7100067138672,166.4600067138672,160.0800018310547,161.4199981689453,343600,0.0,0.0,-,156.6905997467041,160.37300048828126,157.4760009765625,160.14199981689453,346988.0
10/17/2022,155.77000427246094,160.875,155.49000549316406,159.97000122070312,342800,0.0,0.0,-,156.9716997528076,160.51840057373047,157.1885009765625,160.53500061035157,346596.0
10/14/2022,157.97999572753906,159.25,152.21499633789062,153.05999755859375,295500,0.0,0.0,-,157.26724975585938,160.6322006225586,156.9460006713867,160.61800079345704,344660.0
10/13/2022,151.72000122070312,159.3800048828125,149.07000732421875,157.30999755859375,389300,0.0,0.0,-,157.60429977416993,160.87500061035155,156.8365005493164,161.02900085449218,346298.0
10/12/2022,158.94000244140625,160.2100067138672,155.48500061035156,156.1300048828125,360800,0.0,0.0,-,157.90924980163575,160.9868005371094,156.54450073242188,160.91200103759766,347900.0
10/11/2022,157.4199981689453,163.08999633789062,155.5,158.94000244140625,350700,0.0,0.0,-,158.2680997467041,161.11600036621093,156.2140007019043,160.94000091552735,348004.0
10/10/2022,160.10000610351562,161.42999267578125,157.85000610351562,158.60000610351562,193400,0.0,0.0,-,158.59024971008301,161.2938003540039,155.9120002746582,159.8990005493164,345220.0
10/07/2022,165.5800018310547,166.0800018310547,160.19000244140625,160.3300018310547,297300,0.0,0.0,-,158.90614967346193,161.51240020751953,156.38850021362305,158.81000061035155,346968.0
10/06/2022,167.39999389648438,168.97999572753906,165.0399932861328,168.25999450683594,307900,0.0,0.0,-,159.19159965515138,161.62380004882812,156.52649993896483,157.31500091552735,346082.0
10/05/2022,163.8800048828125,168.4499969482422,162.4600067138672,167.39999389648438,261000,0.0,0.0,-,159.418999710083,161.49620025634766,156.00849990844728,155.9720016479492,347574.0
10/04/2022,164.66000366210938,168.1999969482422,162.92999267578125,165.35000610351562,266500,0.0,0.0,-,159.65634971618653,161.28100036621095,155.30550003051758,154.81000213623048,361846.0
10/03/2022,157.7899932861328,162.17999267578125,156.25,160.8000030517578,360700,0.0,0.0,-,159.87759971618652,161.31460021972657,154.29449996948242,153.84200134277344,367640.0
09/30/2022,155.6999969482422,165.5500030517578,155.6999969482422,157.1699981689453,561700,0.0,0.0,-,160.12519973754883,161.3266000366211,153.53199996948243,153.2740005493164,369054.0
09/29/2022,153.97999572753906,156.36000061035156,152.6699981689453,156.13999938964844,295600,0.0,0.0,-,160.3518497467041,161.45720001220704,153.05,152.6440002441406,365886.0
09/28/2022,150.4199981689453,157.57000732421875,150.3699951171875,156.41000366210938,427500,0.0,0.0,-,160.60244972229003,161.48,152.62350006103514,152.1770004272461,367226.0
09/27/2022,149.4600067138672,151.00999450683594,146.0500030517578,148.52999877929688,281800,0.0,0.0,-,160.84369972229004,161.44699981689453,152.34949951171876,151.48800048828124,364298.0
09/26/2022,145.60000610351562,151.05999755859375,145.50999450683594,147.7100067138672,444200,0.0,0.0,-,161.132749710083,161.3883999633789,152.6759994506836,151.925,362708.0
09/23/2022,155.9600067138672,155.9600067138672,141.3000030517578,145.3800048828125,624000,0.0,0.0,-,161.4624496459961,161.4483999633789,153.2384994506836,153.96699981689454,358060.0
09/22/2022,154.22000122070312,156.10499572753906,152.49000549316406,154.8300018310547,393600,0.0,0.0,-,161.80394958496095,161.50039978027343,154.4289993286133,155.73799896240234,351074.0
09/21/2022,157.2899932861328,163.7100067138672,155.4199981689453,155.77999877929688,498100,0.0,0.0,-,162.05469955444335,161.37719970703125,155.06699905395507,156.0449981689453,349282.0
09/20/2022,153.1199951171875,157.0399932861328,151.72500610351562,155.6699981689453,429600,0.0,0.0,-,162.30649955749513,161.29899963378907,155.4589988708496,155.80099792480468,344460.0
09/19/2022,150.4600067138672,155.64999389648438,148.92999267578125,155.1199951171875,451800,0.0,0.0,-,162.58429954528808,161.22939971923827,156.01299896240235,154.74699859619142,339760.0
09/16/2022,149.75,151.75,147.35000610351562,150.8699951171875,1143400,0.0,0.0,-,162.85404960632323,161.2613998413086,156.82649917602538,153.78999938964844,335480.0
09/15/2022,151.22000122070312,155.55999755859375,150.5,151.47000122070312,620000,0.0,0.0,-,163.13674964904786,161.40399993896483,158.00499954223633,153.45599975585938,318950.0
09/14/2022,154.4499969482422,155.3800048828125,147.30999755859375,149.52000427246094,560000,0.0,0.0,-,163.4248496246338,161.42399993896484,159.27299957275392,153.06999969482422,311600.0
09/13/2022,163.3300018310547,163.67999267578125,152.0500030517578,152.89999389648438,664400,0.0,0.0,-,163.72729957580566,161.56759979248048,160.8629997253418,153.21099853515625,304830.0
09/12/2022,164.50999450683594,168.92999267578125,163.9499969482422,168.1300048828125,345600,0.0,0.0,-,164.03284957885742,161.50160003662108,162.34250030517578,153.4269989013672,294662.0
09/09/2022,159.83999633789062,166.2100067138672,159.83999633789062,163.08999633789062,375800,0.0,0.0,-,164.2552995300293,161.13239990234376,163.05100021362304,152.50999908447267,293268.0
09/08/2022,151.3699951171875,159.7100067138672,150.35000610351562,157.89999389648438,353300,0.0,0.0,-,164.5427995300293,160.87019989013672,163.8265007019043,153.11999969482423,289320.0
09/07/2022,145.77999877929688,154.59500122070312,145.24000549316406,153.33999633789062,445100,0.0,0.0,-,164.88834953308105,160.68980010986328,164.76500091552734,154.08899993896483,285770.0
09/06/2022,145.3000030517578,149.60000610351562,144.64500427246094,145.1300048828125,464000,0.0,0.0,-,165.2529995727539,160.6968002319336,165.55600128173828,155.11699981689452,280496.0
09/02/2022,149.27999877929688,149.27999877929688,144.6999969482422,145.5500030517578,342800,0.0,0.0,-,165.6643995666504,160.87200012207032,166.73400115966797,157.27899932861328,283028.0
09/01/2022,145.5500030517578,147.8000030517578,143.1999969482422,147.52999877929688,305400,0.0,0.0,-,166.06104957580567,160.98760009765624,167.73950119018554,159.86299896240234,281864.0
08/31/2022,153.27000427246094,154.6199951171875,146.86000061035156,147.61000061035156,258100,0.0,0.0,-,166.41744956970214,160.8634002685547,168.6230010986328,162.5539993286133,282148.0
08/30/2022,155.3300018310547,155.3300018310547,150.55999755859375,150.92999267578125,217600,0.0,0.0,-,166.78874954223633,160.7168002319336,169.38750076293945,165.4759994506836,287596.0
08/29/2022,156.47999572753906,157.4600067138672,154.55999755859375,155.05999755859375,178200,0.0,0.0,-,167.13894958496093,160.405400390625,169.97050094604492,168.51500091552734,299496.0
08/26/2022,168.13999938964844,168.13999938964844,158.52000427246094,158.9600067138672,173400,0.0,0.0,-,167.45864959716798,159.94960052490234,170.60900115966797,171.25800170898438,302332.0
08/25/2022,168.99000549316406,169.5800018310547,166.92100524902344,169.19000244140625,138700,0.0,0.0,-,167.77984954833985,159.5308004760742,171.13750076293945,173.59200134277344,307250.0
08/24/2022,164.36000061035156,168.60000610351562,162.60000610351562,167.58999633789062,202300,0.0,0.0,-,168.05669952392577,158.8988003540039,170.97300033569337,174.5330017089844,311862.0
08/23/2022,165.5800018310547,165.96499633789062,162.72000122070312,163.6199951171875,171300,0.0,0.0,-,168.3479495239258,158.25600036621094,170.68750076293946,175.44100189208984,317106.0
08/22/2022,168.72999572753906,170.68499755859375,165.9600067138672,166.75,193400,0.0,0.0,-,168.66704956054687,157.7638003540039,170.3385009765625,175.99500274658203,320992.0
08/19/2022,173.77999877929688,174.06500244140625,170.57000732421875,171.38999938964844,164500,0.0,0.0,-,168.9544995880127,157.34580047607423,170.35250091552734,176.18900299072266,321386.0
08/18/2022,177.24000549316406,177.24000549316406,173.19000244140625,174.44000244140625,147200,0.0,0.0,-,169.2316996002197,156.87940063476563,169.85300064086914,175.61600341796876,326150.0
08/17/2022,180.5,181.6699981689453,176.75,176.8300018310547,186300,0.0,0.0,-,169.49154960632325,156.40800048828126,169.31600036621094,174.69200286865234,327942.0
08/16/2022,180.67999267578125,182.47000122070312,178.86000061035156,181.32000732421875,251600,0.0,0.0,-,169.74014961242676,155.81380035400392,168.33850021362304,173.29900207519532,331126.0
08/15/2022,182.0,184.16000366210935,180.0,182.4900054931641,182000,0.0,0.0,-,169.932099609375,155.1038003540039,167.0104995727539,171.4260009765625,331744.0
08/12/2022,179.86000061035156,182.3500061035156,178.9600067138672,182.3000030517578,213000,0.0,0.0,-,170.07264961242674,154.39920013427735,165.16599960327147,169.96000061035156,335614.0
08/11/2022,178.3800048828125,183.50999450683597,177.1300048828125,178.60000610351562,363300,0.0,0.0,-,170.22624961853026,153.61240020751953,163.58649978637695,168.68300018310546,339038.0
08/10/2022,172.97999572753906,176.97999572753906,172.61000061035156,176.6699981689453,261400,0.0,0.0,-,170.27514961242676,152.9052001953125,162.0554992675781,167.41299896240236,339920.0
08/09/2022,168.39999389648438,170.4499969482422,166.99000549316406,169.16000366210938,249900,0.0,0.0,-,170.32699958801268,152.31920013427734,160.65549926757814,165.93399963378906,342762.0
08/08/2022,166.57000732421875,171.5050048828125,166.57000732421875,168.69000244140625,324000,0.0,0.0,-,170.41134956359863,151.6467999267578,159.79099884033204,164.68199920654297,343050.0
08/05/2022,162.72000122070312,165.93499755859375,161.52999877929688,165.66000366210938,246000,0.0,0.0,-,170.5081495666504,150.9163998413086,158.96599884033202,164.51599884033203,343408.0
08/04/2022,163.1699981689453,166.38499450683594,162.50999450683594,165.1999969482422,377400,0.0,0.0,-,170.60819953918457,150.26959991455078,158.5189987182617,164.08999786376953,345282.0
08/03/2022,165.1300048828125,166.22500610351562,156.14999389648438,162.89999389648438,469400,0.0,0.0,-,170.71129959106446,149.64,158.15899887084962,163.93999786376952,343562.0
08/02/2022,166.42999267578125,166.9149932861328,160.4550018310547,162.58999633789062,366000,0.0,0.0,-,170.8321996307373,149.05940002441406,157.63749923706055,163.37799835205078,342612.0
08/01/2022,168.7899932861328,169.50999450683594,165.72000122070312,167.8300018310547,211500,0.0,0.0,-,170.9522996520996,148.48360015869142,157.34299926757814,162.59499816894532,341816.0
07/29/2022,165.89999389648438,169.8699951171875,164.00999450683594,169.52999877929688,280800,0.0,0.0,-,171.0308996582031,147.75600006103517,156.43149948120117,160.37199859619142,349556.0
07/28/2022,162.50999450683594,167.0399932861328,161.13999938964844,165.89999389648438,253000,0.0,0.0,-,171.09694969177247,147.13440002441405,155.4384994506836,158.48999938964843,351132.0
07/27/2022,159.7899932861328,163.7899932861328,156.67999267578125,161.8800048828125,382500,0.0,0.0,-,171.1893497467041,146.61640014648438,154.64249954223632,156.6979995727539,351862.0
07/26/2022,158.99000549316406,160.13999938964844,146.77000427246094,156.63999938964844,974600,0.0,0.0,-,171.32394973754882,146.16940002441407,153.99249954223632,155.3769989013672,352024.0
07/25/2022,161.6199951171875,167.16000366210938,158.4600067138672,167.02999877929688,556200,0.0,0.0,-,171.50654975891112,145.70040008544922,153.84499969482422,154.8999984741211,341496.0
07/22/2022,163.44000244140625,165.68499755859375,158.41000366210938,161.39999389648438,431400,0.0,0.0,-,171.63389976501466,144.9752001953125,153.1879997253418,153.41599884033204,337204.0
07/21/2022,159.4199981689453,167.3699951171875,159.4199981689453,163.6999969482422,403300,0.0,0.0,-,171.79339981079102,144.42920043945313,152.68450012207032,152.9479995727539,336056.0
07/20/2022,154.5,158.5800018310547,152.50999450683594,157.27999877929688,362600,0.0,0.0,-,171.93239982604982,143.77260040283204,151.56550064086915,152.37799987792968,336514.0
07/19/2022,150.22000122070312,155.4250030517578,149.00999450683594,154.75999450683594,281100,0.0,0.0,-,172.12414985656739,143.3492004394531,150.71550064086915,151.89700012207032,336410.0
07/18/2022,151.83999633789062,153.6999969482422,144.6199951171875,145.60000610351562,202300,0.0,0.0,-,172.2967498779297,143.01340057373048,149.74550094604493,152.09100036621095,339448.0
07/15/2022,150.1199951171875,151.1699981689453,145.95799255371094,150.7100067138672,211800,0.0,0.0,-,172.50704986572265,142.9520004272461,149.0790008544922,152.49100036621093,342552.0
07/14/2022,147.36000061035156,148.6999969482422,142.9499969482422,147.97999572753906,274700,0.0,0.0,-,172.6913498687744,142.6772003173828,148.4445007324219,152.38699951171876,344544.0
07/13/2022,148.8699951171875,151.29800415039062,144.89999389648438,148.6699981689453,304000,0.0,0.0,-,172.9065998840332,142.47120025634766,147.92500076293945,152.58699951171874,346048.0
07/12/2022,152.0500030517578,154.6699981689453,149.2100067138672,151.8699951171875,257000,0.0,0.0,-,173.1542999267578,142.16920043945314,147.2640007019043,152.60800018310547,346146.0
07/11/2022,156.64999389648438,156.7449951171875,151.69000244140625,152.19000244140625,194600,0.0,0.0,-,173.3711499786377,141.76900054931642,146.62100067138672,152.79000091552734,349720.0
07/08/2022,156.6699981689453,159.343994140625,155.5,156.72000122070312,237800,0.0,0.0,-,173.56399993896486,141.32920043945313,146.3040008544922,152.96000061035156,356082.0
07/07/2022,151.58999633789062,158.35000610351562,151.58999633789062,158.0,316900,0.0,0.0,-,173.70519996643065,140.84680053710937,145.87150115966796,152.4210006713867,369570.0
07/06/2022,157.6199951171875,159.01499938964844,151.8800048828125,152.47000122070312,252500,0.0,0.0,-,173.82794998168944,140.64680053710939,145.51500091552734,150.75300140380858,375926.0
07/05/2022,147.75,156.72000122070312,146.23599243164062,156.6999969482422,221500,0.0,0.0,-,173.99569999694825,140.60980041503908,145.24750061035155,149.53400115966798,375674.0
07/01/2022,148.91000366210938,150.1649932861328,145.42999267578125,149.60000610351562,156000,0.0,0.0,-,174.1359999847412,140.54260040283202,144.7035011291504,147.4000015258789,374542.0
06/30/2022,148.85000610351562,151.08999633789062,146.32000732421875,149.6699981689453,275900,0.0,0.0,-,174.28384994506837,140.7522003173828,144.5865005493164,145.66700134277343,374916.0
06/29/2022,148.4199981689453,151.1999969482422,146.66000366210938,149.97999572753906,178400,0.0,0.0,-,174.44084999084473,140.88320037841797,144.2510009765625,144.502001953125,374584.0
06/28/2022,153.22000122070312,154.3300018310547,148.55999755859375,148.8800048828125,175800,0.0,0.0,-,174.6191000366211,140.92940032958984,143.91400146484375,143.26300201416015,375434.0
06/27/2022,155.22000122070312,155.22000122070312,150.7949981689453,153.69000244140625,181400,0.0,0.0,-,174.83325004577637,141.1138003540039,143.8385009765625,141.9200012207031,374304.0
06/24/2022,152.33999633789062,154.19000244140625,150.61000061035156,153.88999938964844,590600,0.0,0.0,-,175.03075004577636,141.26660034179687,142.93100051879884,140.4520004272461,372902.0
06/23/2022,142.44000244140625,152.14999389648438,141.92999267578125,151.3300018310547,284600,0.0,0.0,-,175.2214500427246,141.36100036621093,141.84500045776366,139.64800109863282,364326.0
06/22/2022,138.16000366210938,143.00999450683594,138.16000366210938,141.32000732421875,319600,0.0,0.0,-,175.4338500213623,141.51440032958985,140.9445007324219,139.3220016479492,361316.0
06/21/2022,138.02999877929688,141.55999755859375,135.85000610351562,140.27999877929688,530500,0.0,0.0,-,175.70309997558593,141.98340026855467,140.5645004272461,140.2770004272461,357170.0
06/17/2022,133.39999389648438,137.1699981689453,130.7899932861328,135.36000061035156,812600,0.0,0.0,-,175.97125,142.4984002685547,140.24400024414064,140.96100006103515,350980.0
06/16/2022,134.33999633789062,134.8300018310547,131.61900329589844,132.27000427246094,320000,0.0,0.0,-,176.23284996032714,143.0020001220703,140.16600036621094,142.0070007324219,339226.0
06/15/2022,138.11000061035156,140.22000122070312,134.22999572753906,138.02000427246094,419300,0.0,0.0,-,176.48324996948242,143.66920013427733,140.125,143.50599975585936,335954.0
06/14/2022,136.0,138.19000244140625,131.57000732421875,137.58999633789062,369300,0.0,0.0,-,176.7156999206543,144.2536001586914,140.14649963378906,144.0,330548.0
06/13/2022,134.33999633789062,137.27000427246094,131.7899932861328,135.4499969482422,464500,0.0,0.0,-,176.93094993591308,144.86240020751953,140.26699981689453,144.56500091552735,326754.0
06/10/2022,143.72000122070312,143.72000122070312,138.5800018310547,139.00999450683594,365600,0.0,0.0,-,177.15214996337892,145.4252001953125,140.47099990844725,145.7570007324219,325428.0
06/09/2022,146.52999877929688,147.0449981689453,144.75999450683594,145.85000610351562,213100,0.0,0.0,-,177.36034996032714,145.91460021972657,140.18000030517578,145.41000061035157,321126.0
06/08/2022,148.10000610351562,150.33999633789062,145.0,148.07000732421875,402700,0.0,0.0,-,177.5317999267578,146.3118002319336,139.42600021362304,144.04199981689453,319926.0
06/07/2022,146.13999938964844,152.17999267578125,146.13999938964844,150.8699951171875,236800,0.0,0.0,-,177.6878498840332,146.5464001464844,138.72750015258788,142.56699981689454,314182.0
06/06/2022,147.67999267578125,148.49000549316406,145.77999877929688,147.1199951171875,345500,0.0,0.0,-,177.82529991149903,146.69480010986328,137.72750015258788,140.85200042724608,312010.0
06/03/2022,145.08999633789062,147.2899932861328,141.73800659179688,145.82000732421875,282500,0.0,0.0,-,177.9720499420166,146.96260009765626,137.1770004272461,139.5270004272461,308316.0
06/02/2022,142.9499969482422,147.9949951171875,141.27000427246094,147.25999450683594,375500,0.0,0.0,-,178.13004989624022,147.2,136.7845001220703,138.325,305680.0
06/01/2022,143.99000549316406,145.8800048828125,139.74000549316406,142.9600067138672,384200,0.0,0.0,-,178.29099990844728,147.57940002441407,136.54800033569336,136.74400024414064,301508.0
05/31/2022,145.6999969482422,146.3699951171875,140.3000030517578,143.24000549316406,407400,0.0,0.0,-,178.49994987487793,148.00119995117188,136.24850006103514,136.29299926757812,296934.0
05/27/2022,138.32000732421875,147.8699951171875,137.5500030517578,147.3699951171875,403500,0.0,0.0,-,178.67219985961913,148.45539978027344,135.97049942016602,135.96899871826173,297556.0
05/26/2022,133.44000244140625,136.4600067138672,132.5,135.5399932861328,264300,0.0,0.0,-,178.79954986572267,148.7747998046875,135.28050003051757,135.18499908447265,296682.0
05/25/2022,131.47000122070312,133.21499633789062,130.6199951171875,132.1699981689453,341900,0.0,0.0,-,178.9727498626709,149.14,135.09650039672852,134.95,297212.0
05/24/2022,131.58999633789062,134.13999938964844,130.3800048828125,133.32000732421875,339700,0.0,0.0,-,179.1777498626709,149.42519989013672,134.99800033569335,134.81000061035155,297054.0
05/23/2022,134.14999389648438,134.51499938964844,130.86000061035156,133.72000122070312,291400,0.0,0.0,-,179.38779983520507,149.65799987792968,134.9620002746582,134.88800048828125,296606.0
05/20/2022,136.0800018310547,137.8000030517578,131.69000244140625,133.8699951171875,421900,0.0,0.0,-,179.6086498260498,149.80759979248046,135.67600021362304,134.60299987792968,299062.0
05/19/2022,130.8800048828125,136.1199951171875,130.76800537109375,133.8000030517578,326200,0.0,0.0,-,179.8400498199463,150.09440002441406,136.51350021362305,134.8270004272461,297062.0
05/18/2022,135.6699981689453,137.7050018310547,129.64999389648438,131.4499969482422,598500,0.0,0.0,-,180.05874977111816,150.45079986572264,137.4904998779297,135.24400024414064,294302.0
05/17/2022,143.05999755859375,143.05999755859375,136.86000061035156,138.4499969482422,359600,0.0,0.0,-,180.2846997833252,150.6766000366211,138.9220001220703,136.35200042724608,289216.0
05/16/2022,137.72999572753906,142.6699981689453,137.08999633789062,140.0,289500,0.0,0.0,-,180.47024978637694,150.87900024414063,139.81050033569335,136.2040008544922,290758.0
05/13/2022,135.89999389648438,142.0,135.8699951171875,139.52999877929688,390600,0.0,0.0,-,180.64994979858398,151.08200012207033,140.425,135.9720001220703,292824.0
05/12/2022,129.55999755859375,133.22000122070312,128.99000549316406,133.19000244140625,448200,0.0,0.0,-,180.83084983825682,151.265,141.35350036621094,135.3760009765625,290018.0
05/11/2022,133.6300048828125,137.5,130.32000732421875,130.77000427246094,341600,0.0,0.0,-,181.03834983825683,151.64079986572267,142.76050033569337,135.24300079345704,285630.0
05/10/2022,133.52999877929688,136.3699951171875,129.80999755859375,134.10000610351562,374000,0.0,0.0,-,181.24019981384276,152.06339965820314,144.1525001525879,135.18600006103514,285632.0
05/09/2022,133.57000732421875,134.8800048828125,129.5,130.8699951171875,426200,0.0,0.0,-,181.4768497467041,152.44079956054688,145.39749984741212,135.03600006103517,288286.0
05/06/2022,136.3699951171875,137.0399932861328,132.98500061035156,136.11000061035156,357400,0.0,0.0,-,181.7330997467041,152.88859954833984,147.09250030517578,136.7490005493164,288034.0
05/05/2022,140.3800048828125,141.72999572753906,135.52999877929688,137.97000122070312,433000,0.0,0.0,-,181.9530997467041,153.10719940185547,148.58850021362304,138.2,290644.0
05/04/2022,137.1199951171875,143.9600067138672,135.67999267578125,142.52999877929688,357500,0.0,0.0,-,182.1757497406006,153.15179931640625,149.71699981689454,139.73699951171875,290894.0
05/03/2022,137.16000366210938,140.1750030517578,136.2449951171875,136.97000122070312,311400,0.0,0.0,-,182.38084976196288,153.10179931640624,150.87200012207032,141.49199981689452,292604.0
05/02/2022,132.67999267578125,137.97000122070312,132.67999267578125,137.67999267578125,349900,0.0,0.0,-,182.57794975280763,153.2225991821289,152.38550033569337,143.41699981689453,294932.0
04/29/2022,131.4499969482422,137.1300048828125,131.4499969482422,133.57000732421875,308900,0.0,0.0,-,182.80424980163573,153.31419921875,153.90300064086915,144.87799987792968,299150.0
04/28/2022,132.42999267578125,134.46499633789062,127.2300033569336,131.86000061035156,435700,0.0,0.0,-,183.04714973449708,153.5755990600586,155.40400009155275,147.33099975585938,312304.0
04/27/2022,133.3000030517578,134.9199981689453,126.94499969482422,130.1999969482422,512700,0.0,0.0,-,183.30234970092772,153.7157989501953,156.9849998474121,150.2779998779297,348830.0
04/26/2022,144.1999969482422,147.0,130.68499755859375,132.60000610351562,912200,0.0,0.0,-,183.5688996887207,154.59639892578124,158.76050033569337,153.11900024414064,346492.0
04/25/2022,149.39999389648438,150.0,143.5800018310547,148.0,634700,0.0,0.0,-,183.8297996520996,155.4423986816406,160.12050018310546,155.75899963378907,334342.0
04/22/2022,153.55999755859375,158.4949951171875,149.52000427246094,150.6199951171875,239900,0.0,0.0,-,184.00964965820313,156.00639862060547,160.6349998474121,157.43600006103514,325810.0
04/21/2022,162.0800018310547,162.0800018310547,153.05999755859375,153.33999633789062,164900,0.0,0.0,-,184.15744964599608,156.56799865722655,161.12949981689454,158.97700042724608,325702.0
04/20/2022,157.8699951171875,161.18899536132812,155.19000244140625,160.0800018310547,174700,0.0,0.0,-,184.28194969177247,157.023798828125,161.3470001220703,159.6970001220703,328844.0
04/19/2022,152.5800018310547,157.91000366210938,152.5800018310547,156.22000122070312,259300,0.0,0.0,-,184.38324966430665,157.25299865722656,161.65449981689454,160.2520004272461,333652.0
04/18/2022,157.42999267578125,158.14999389648438,151.24000549316406,152.2899932861328,220900,0.0,0.0,-,184.50109962463378,157.5635986328125,162.04599990844727,161.3540008544922,351892.0
04/14/2022,162.1699981689453,162.1699981689453,157.94000244140625,158.10000610351562,119300,0.0,0.0,-,184.63149963378908,157.90179870605468,162.72900009155273,162.9280014038086,360900.0
04/13/2022,159.0500030517578,161.8159942626953,158.1909942626953,161.3300018310547,111300,0.0,0.0,-,184.72414962768553,158.3019985961914,162.9909996032715,163.47700042724608,366456.0
04/12/2022,161.77000427246094,164.47000122070312,157.60000610351562,158.61000061035156,161800,0.0,0.0,-,184.80524963378906,158.5967987060547,162.61449966430663,163.69199981689454,369856.0
04/11/2022,163.64999389648438,163.64999389648438,157.91000366210938,159.0,134100,0.0,0.0,-,184.9191996002197,158.973798828125,162.00549926757813,164.4020004272461,372182.0
04/08/2022,165.52000427246094,166.67999267578125,163.9550018310547,164.77000427246094,112300,0.0,0.0,-,185.02549957275392,159.183798828125,161.3034996032715,164.48200073242188,373836.0
04/07/2022,160.3800048828125,167.9499969482422,160.3800048828125,166.02999877929688,221000,0.0,0.0,-,185.09144958496094,159.19339874267578,160.12499923706054,163.83399963378906,375792.0
04/06/2022,164.39999389648438,164.7100067138672,157.1009979248047,160.5399932861328,224900,0.0,0.0,-,185.14069961547852,159.19259887695313,159.23399963378907,163.28199920654296,376498.0
04/05/2022,168.33999633789062,168.33999633789062,161.31100463867188,165.6300048828125,156400,0.0,0.0,-,185.2520496368408,159.33859893798828,158.7879997253418,162.99700012207032,379060.0
04/04/2022,168.25,171.57000732421875,164.5399932861328,167.24000549316406,149000,0.0,0.0,-,185.33704963684082,159.46039886474608,157.64349975585938,163.05699920654297,382770.0
04/01/2022,164.42999267578125,168.19000244140625,164.10400390625,168.02999877929688,179600,0.0,0.0,-,185.38854957580565,159.41119873046875,156.70999984741212,162.73799896240234,386380.0
03/31/2022,163.52999877929688,165.99000549316406,161.35000610351562,163.58999633789062,398200,0.0,0.0,-,185.45734954833983,159.43799865722656,155.81599960327148,162.52999877929688,388364.0
03/30/2022,164.41000366210938,166.6999969482422,160.48500061035156,163.47999572753906,150500,0.0,0.0,-,185.53419960021972,159.48399871826172,155.07049942016602,162.50499877929687,385898.0
03/29/2022,162.69000244140625,166.77999877929688,162.17999267578125,165.7100067138672,153100,0.0,0.0,-,185.63204963684083,159.6189987182617,154.49549942016603,161.53699951171876,388816.0
03/28/2022,158.89999389648438,160.2899932861328,156.2050018310547,159.8000030517578,115500,0.0,0.0,-,185.70069961547853,159.83579864501954,153.80499877929688,159.60899810791017,391994.0
03/25/2022,161.0800018310547,161.0800018310547,155.80999755859375,158.2899932861328,128200,0.0,0.0,-,185.77749961853027,160.2453985595703,153.46349868774413,158.1249984741211,392906.0
03/24/2022,159.6199951171875,161.4250030517578,156.1699981689453,160.50999450683594,160800,0.0,0.0,-,185.85324966430665,160.7955987548828,153.2119987487793,156.41599884033204,394214.0
03/23/2022,165.05999755859375,165.05999755859375,156.38999938964844,157.69000244140625,150700,0.0,0.0,-,185.903999710083,161.458798828125,152.53849868774415,155.18600006103514,397742.0
03/22/2022,163.39999389648438,167.99000549316406,162.6199951171875,166.22999572753906,166900,0.0,0.0,-,185.97294967651368,162.04659881591797,151.66399841308595,154.5789993286133,402372.0
03/21/2022,165.72000122070312,165.72000122070312,161.60000610351562,164.0500030517578,155500,0.0,0.0,-,185.9961496734619,162.48219879150392,150.35399856567383,152.2300003051758,402416.0
03/18/2022,162.36000061035156,167.3000030517578,161.52999877929688,165.9499969482422,438500,0.0,0.0,-,186.02189964294433,163.0501986694336,149.30199813842773,150.68200073242187,403006.0
03/17/2022,153.75,163.41000366210938,152.00999450683594,163.33999633789062,359800,0.0,0.0,-,186.03564964294435,163.5655987548828,148.11749801635742,149.10200042724608,398270.0
03/16/2022,148.49000549316406,154.02999877929688,148.49000549316406,153.8000030517578,290800,0.0,0.0,-,186.06664962768554,164.39239868164063,147.28249816894532,147.63600006103516,394572.0
03/15/2022,145.3000030517578,147.38999938964844,144.30999755859375,146.42999267578125,334000,0.0,0.0,-,186.14024963378907,165.60259857177735,146.5359977722168,147.4539993286133,392124.0
03/14/2022,141.0,147.6699981689453,141.0,144.9600067138672,317300,0.0,0.0,-,186.24339965820312,167.02679870605468,147.92599792480468,148.0009994506836,387618.0
03/11/2022,149.6699981689453,149.6699981689453,140.77000427246094,141.1999969482422,414200,0.0,0.0,-,186.3486996459961,168.50919860839844,149.42299728393556,148.8019989013672,382970.0
03/10/2022,147.9600067138672,149.3699951171875,146.33999633789062,148.2100067138672,321900,0.0,0.0,-,186.47214965820314,170.09459869384764,151.17299728393556,150.00799865722655,376240.0
03/09/2022,146.32000732421875,152.6699981689453,146.32000732421875,151.6199951171875,188200,0.0,0.0,-,186.56304962158202,171.49639862060548,152.6974967956543,149.89099731445313,372102.0
03/08/2022,148.08999633789062,148.36000061035156,140.5500030517578,142.74000549316406,344200,0.0,0.0,-,186.6449496459961,173.0219985961914,153.92299728393556,148.7489974975586,371294.0
03/07/2022,150.9199981689453,151.0,145.63999938964844,148.57000732421875,436700,0.0,0.0,-,186.75539962768553,174.63459838867186,155.36299667358398,148.47799682617188,367100.0
03/04/2022,146.77999877929688,150.2270050048828,146.77999877929688,150.14999389648438,392800,0.0,0.0,-,186.84159957885743,176.09879821777344,156.52199630737306,147.9219955444336,362560.0
03/03/2022,152.94000244140625,152.94000244140625,147.75999450683594,148.67999267578125,250300,0.0,0.0,-,186.910849609375,177.44419830322266,157.47449645996093,147.13299560546875,357852.0
03/02/2022,151.64999389648438,153.39999389648438,150.27000427246094,151.97999572753906,228800,0.0,0.0,-,186.97554962158202,178.7453985595703,158.94599685668945,146.92899627685546,356786.0
03/01/2022,153.55999755859375,156.5500030517578,150.58999633789062,151.89999389648438,341700,0.0,0.0,-,187.0272996520996,180.00319854736327,160.15049743652344,145.6179962158203,361982.0
02/28/2022,151.17999267578125,155.8699951171875,150.27000427246094,152.97000122070312,506700,0.0,0.0,-,187.09119964599608,181.1571987915039,161.4284980773926,147.8509963989258,359960.0
02/25/2022,146.3300018310547,153.5500030517578,146.3300018310547,153.25999450683594,413600,0.0,0.0,-,187.12764961242675,182.30419891357423,162.25499801635743,150.04399566650392,352724.0
02/24/2022,137.91000366210938,147.72999572753906,137.91000366210938,147.0399932861328,487900,0.0,0.0,-,187.16654960632323,183.2889990234375,162.85449829101563,152.33799591064454,347240.0
02/23/2022,142.22000122070312,145.0,140.0,140.1999969482422,445500,0.0,0.0,-,187.2244496154785,184.47339904785156,163.8019989013672,155.50399627685547,339978.0
02/22/2022,141.02000427246094,143.17999267578125,139.17999267578125,140.02999877929688,443000,0.0,0.0,-,187.3175496673584,185.7625991821289,165.18399887084962,159.0969970703125,333020.0
02/18/2022,142.22999572753906,146.6999969482422,142.22999572753906,143.00999450683594,427800,0.0,0.0,-,187.4437996673584,187.08879913330077,166.76849899291992,162.24799652099608,328294.0
02/17/2022,143.85000610351562,146.57000732421875,142.00999450683594,142.25999450683594,560800,0.0,0.0,-,187.54829971313475,188.50159912109376,167.85699920654298,165.1219970703125,322680.0
02/16/2022,138.1699981689453,147.22999572753906,138.0,146.63999938964844,966600,0.0,0.0,-,187.65719970703125,189.92999908447266,169.21249923706054,167.8159973144531,314608.0
02/15/2022,174.22999572753906,177.92999267578125,136.8000030517578,138.8699951171875,2262000,0.0,0.0,-,187.7526496887207,191.09679901123047,170.17499923706055,170.96299743652344,299270.0
02/14/2022,174.64999389648438,176.6649932861328,172.08999633789062,174.22999572753906,395800,0.0,0.0,-,187.89849967956542,192.4421990966797,171.7429992675781,174.68299865722656,256488.0
02/11/2022,177.10000610351562,179.97999572753906,173.0,174.89999389648438,304700,0.0,0.0,-,187.87574966430665,193.18219909667968,171.85899963378907,175.00599975585936,251084.0
02/10/2022,174.02999877929688,180.3600006103516,173.3800048828125,176.1999969482422,208100,0.0,0.0,-,187.8476996612549,193.86559936523437,172.12799987792968,174.46600036621095,249968.0
02/09/2022,179.72999572753906,180.80999755859372,175.00999450683594,178.6999969482422,234500,0.0,0.0,-,187.80579971313477,194.48979949951172,172.60800018310547,173.37100067138672,249620.0
02/08/2022,170.9499969482422,176.8000030517578,170.9499969482422,176.1300048828125,322000,0.0,0.0,-,187.74594970703126,195.09759948730468,173.35650024414062,172.1000015258789,247884.0
02/07/2022,172.27999877929688,175.80499267578125,170.8000030517578,171.5399932861328,415100,0.0,0.0,-,187.836799697876,195.77519927978517,173.90400009155275,171.27100067138673,244248.0
02/04/2022,169.61000061035156,175.69000244140625,168.25,171.75,1171300,0.0,0.0,-,187.93554969787598,196.62459930419922,174.72750015258788,171.28900146484375,238262.0
02/03/2022,174.25,176.6999969482422,169.17999267578125,169.1999969482422,671300,0.0,0.0,-,188.01424972534178,197.44199920654296,175.7625,170.59200134277344,219264.0
02/02/2022,177.57000732421875,180.38999938964844,174.81199645996094,178.11000061035156,397100,0.0,0.0,-,188.1088497161865,198.46979919433593,176.88850021362305,170.60900115966797,210318.0
02/01/2022,177.97000122070312,178.6999969482422,173.67999267578125,176.07000732421875,281300,0.0,0.0,-,188.13979972839354,199.44779907226564,178.21699981689454,169.38700103759766,205652.0
01/31/2022,169.22999572753906,177.94000244140625,169.22999572753906,177.4600067138672,278100,0.0,0.0,-,188.16194969177246,200.45179901123046,180.12899932861328,168.8029998779297,202668.0
01/28/2022,165.8699951171875,169.55999755859375,162.3800048828125,169.5,216800,0.0,0.0,-,188.17414962768555,201.45079895019532,182.13799896240235,168.71199951171874,199416.0
01/27/2022,168.27999877929688,170.72000122070312,164.49000549316406,165.25,210100,0.0,0.0,-,188.25164962768554,202.55839904785157,184.61699905395508,169.78999938964844,197976.0
01/26/2022,170.4499969482422,173.6699981689453,159.16000366210938,165.99000549316406,256300,0.0,0.0,-,188.3145496368408,203.62959899902344,187.37799911499025,171.84499969482422,196386.0
01/25/2022,167.92999267578125,171.8699951171875,161.66000366210938,167.83999633789062,353000,0.0,0.0,-,188.37464958190918,204.7471987915039,189.9934989929199,174.61299896240234,192658.0
01/24/2022,162.07000732421875,172.14999389648438,158.7550048828125,171.72000122070312,341900,0.0,0.0,-,188.4044496154785,205.80979888916016,192.99649887084962,176.53699951171876,187732.0
01/21/2022,167.75,171.02999877929688,164.77000427246094,164.77999877929688,329500,0.0,0.0,-,188.4093495941162,206.7553988647461,195.57899856567383,178.16599884033204,183928.0
01/20/2022,168.25999450683594,173.33999633789062,167.26400756835938,169.3699951171875,278800,0.0,0.0,-,188.4344995880127,207.923798828125,198.42899856567382,180.93299865722656,179108.0
01/19/2022,170.5,173.1300048828125,165.6199951171875,165.88999938964844,274900,0.0,0.0,-,188.4246495819092,209.02759887695314,200.8314987182617,183.16799926757812,176178.0
01/18/2022,172.88999938964844,173.27499389648438,166.3699951171875,170.22999572753906,296400,0.0,0.0,-,188.45519958496095,210.22659881591798,203.2239990234375,187.0469985961914,174120.0
01/14/2022,178.00999450683594,180.72999572753903,172.3699951171875,176.5500030517578,312000,0.0,0.0,-,188.46129959106446,211.3707989501953,205.45599899291992,191.4549987792969,170268.0
01/13/2022,186.17999267578125,186.80499267578125,179.88999938964844,180.27999877929688,161100,0.0,0.0,-,188.42684959411622,212.32459899902344,207.1084991455078,195.56399841308593,167432.0
01/12/2022,194.52999877929688,202.5,185.75,185.8000030517578,193600,0.0,0.0,-,188.3456996154785,213.2555990600586,208.6104995727539,199.44399871826172,166662.0
01/11/2022,188.4600067138672,194.6499938964844,184.5800018310547,193.6699981689453,337200,0.0,0.0,-,188.22904960632323,214.06779907226561,209.44549942016602,202.91099853515624,165840.0
01/10/2022,185.67999267578125,187.51499938964844,179.8800048828125,187.0800018310547,382200,0.0,0.0,-,188.07154960632323,214.72539916992187,210.07499923706055,205.3739990234375,162924.0
01/07/2022,191.58999633789065,193.94500732421875,187.6999969482422,188.00999450683597,169100,0.0,0.0,-,187.96629959106446,215.37799926757813,210.9539993286133,209.45599822998048,159176.0
01/06/2022,190.6999969482422,195.88999938964844,187.05999755859372,192.4499969482422,185000,0.0,0.0,-,187.81654960632324,215.82979949951172,211.87049942016603,212.99199829101562,161174.0
01/05/2022,204.9900054931641,204.9900054931641,190.7949981689453,191.72000122070312,201700,0.0,0.0,-,187.6410996246338,216.2411996459961,212.9304992675781,215.92499847412108,175348.0
01/04/2022,215.0,215.8999938964844,201.00999450683597,204.67999267578125,174900,0.0,0.0,-,187.47314964294435,216.1743997192383,214.02849884033202,218.4949981689453,176318.0
01/03/2022,217.3600006103516,219.22000122070312,208.63999938964844,214.30999755859372,168400,0.0,0.0,-,187.27199966430663,215.8215997314453,214.04349899291992,219.4009994506836,174810.0
12/31/2021,219.9600067138672,221.33999633789065,217.32000732421875,217.63999938964844,108700,0.0,0.0,-,187.03329971313477,215.25599975585936,213.63499908447267,219.45699920654297,174286.0
12/30/2021,220.47999572753903,222.13999938964844,218.8600006103516,219.0800018310547,84900,0.0,0.0,-,186.74984970092774,214.66419982910156,213.3144989013672,218.6529998779297,174260.0
12/29/2021,218.3300018310547,221.22999572753903,217.63499450683597,220.47000122070312,77700,0.0,0.0,-,186.4789496612549,213.99599975585937,212.8139991760254,217.7770004272461,174320.0
12/28/2021,228.4600067138672,228.8000030517578,218.3000030517578,218.3000030517578,115000,0.0,0.0,-,186.18944969177247,213.3029998779297,212.1609992980957,215.9800003051758,175072.0
12/27/2021,223.3699951171875,228.0399932861328,223.3699951171875,227.8999938964844,147800,0.0,0.0,-,185.91569969177246,212.67859985351564,211.70049896240235,214.7759994506836,175516.0
12/23/2021,222.75999450683597,224.8500061035156,219.55999755859372,223.3699951171875,134500,0.0,0.0,-,185.57619972229003,211.85279998779296,210.8059989929199,212.4520004272461,173946.0
12/22/2021,218.0200042724609,222.1100006103516,217.2949981689453,221.77999877929688,209700,0.0,0.0,-,185.26919975280762,211.05640014648438,210.33799896240234,210.7490005493164,172794.0
12/21/2021,214.2700042724609,217.57000732421875,211.1499938964844,217.4199981689453,157400,0.0,0.0,-,184.9606997680664,210.27560028076172,209.87999877929687,209.93600006103514,170782.0
12/20/2021,211.7400054931641,215.2100067138672,209.43499755859372,213.7400054931641,197000,0.0,0.0,-,184.6510498046875,209.61480041503907,210.03849868774415,209.56199951171874,169386.0
12/17/2021,210.0,215.75999450683597,206.31900024414065,214.8699951171875,488600,0.0,0.0,-,184.333399810791,209.11600036621093,210.70199813842774,208.68599853515624,167662.0
12/16/2021,210.5500030517578,211.6999969482422,208.3500061035156,209.6000061035156,240600,0.0,0.0,-,184.04674980163574,208.68180053710938,211.2719985961914,207.81299896240233,161084.0
12/15/2021,202.4600067138672,210.6300048828125,201.8800048828125,210.32000732421875,144900,0.0,0.0,-,183.79054977416993,208.33980041503906,212.1624984741211,207.9759979248047,158428.0
12/14/2021,203.5800018310547,204.80999755859372,199.8999938964844,202.5,139400,0.0,0.0,-,183.5595997619629,207.99940032958983,212.89049835205077,207.8509979248047,158240.0
12/13/2021,203.9600067138672,208.0,202.7100067138672,206.25999450683597,124800,0.0,0.0,-,183.3731497955322,207.77940032958983,213.70599822998048,208.3419982910156,159572.0
12/10/2021,207.22000122070312,211.8950042724609,204.08999633789065,204.66000366210935,97600,0.0,0.0,-,183.17494979858398,207.56680053710937,214.48649826049805,208.6249984741211,160596.0
12/09/2021,212.6199951171875,213.67999267578125,205.8800048828125,206.33999633789065,206700,0.0,0.0,-,182.96379974365234,207.25920043945314,215.30199813842773,209.15999755859374,163682.0
12/08/2021,213.83799743652344,214.0800018310547,209.72000122070312,213.6499938964844,147100,0.0,0.0,-,182.7271997833252,206.8856005859375,215.93499832153321,209.92699737548827,163070.0
12/07/2021,207.6699981689453,213.8800048828125,207.1000061035156,213.67999267578125,157200,0.0,0.0,-,182.46449981689454,206.3640008544922,216.4124984741211,209.8239974975586,163574.0
12/06/2021,207.0500030517578,207.0500030517578,201.27999877929688,204.97999572753903,199700,0.0,0.0,-,182.17564987182618,205.9110009765625,216.9564987182617,210.51499786376954,163702.0
12/03/2021,211.9199981689453,211.9199981689453,201.5800018310547,206.13999938964844,122900,0.0,0.0,-,181.93834991455077,205.77560119628907,217.9994987487793,212.7179977416992,162974.0
12/02/2021,208.44000244140625,211.52999877929688,207.2449951171875,211.22999572753903,125600,0.0,0.0,-,181.70464988708497,205.5576013183594,219.0644989013672,214.73099822998046,163572.0
12/01/2021,209.22000122070312,214.6699981689453,205.6699981689453,209.07000732421875,248900,0.0,0.0,-,181.46349990844726,205.1482012939453,219.71499938964843,216.3489990234375,164012.0
11/30/2021,207.9199981689453,210.2899932861328,203.6999969482422,207.41000366210935,190700,0.0,0.0,-,181.2454499053955,204.6660012817383,220.60299911499024,217.92999877929688,161120.0
11/29/2021,212.92999267578125,214.07000732421875,208.47000122070312,209.08999633789065,147700,0.0,0.0,-,181.02679985046387,204.16880126953126,221.55299911499023,219.06999816894532,160970.0
11/26/2021,212.0,214.0800018310547,209.19000244140625,210.00999450683597,140200,0.0,0.0,-,180.8226498413086,203.70740142822265,222.4259994506836,220.347998046875,165054.0
11/24/2021,210.6199951171875,215.3650054931641,210.5399932861328,214.00999450683597,115800,0.0,0.0,-,180.609349899292,203.20240142822266,222.91100006103517,221.44399871826172,165894.0
11/23/2021,218.7100067138672,220.9199981689453,209.6000061035156,212.6199951171875,221400,0.0,0.0,-,180.36664993286132,202.50560150146484,222.74050064086913,221.94299926757813,167858.0
11/22/2021,227.1499938964844,229.3999938964844,219.80999755859372,220.58999633789065,224000,0.0,0.0,-,180.08959999084473,201.87460174560547,222.7605010986328,223.0009994506836,168722.0
11/19/2021,226.3699951171875,231.0,226.2100067138672,227.00999450683597,163800,0.0,0.0,-,179.75165000915527,201.17540191650392,221.1500015258789,223.39799957275392,168146.0
11/18/2021,228.1100006103516,228.1100006103516,223.8699951171875,226.2700042724609,132100,0.0,0.0,-,179.3518500518799,200.46940216064453,219.15150146484376,223.28099975585937,178198.0
11/17/2021,225.0,229.38999938964844,223.0399932861328,227.41000366210935,115500,0.0,0.0,-,178.94850006103516,199.80780212402342,217.13950119018554,223.39799957275392,179484.0
11/16/2021,218.58999633789065,227.2700042724609,218.25,224.8800048828125,144800,0.0,0.0,-,178.5278000640869,199.10020202636719,215.17150115966797,223.08099975585938,180270.0
11/15/2021,222.0,225.17999267578125,218.1199951171875,218.80999755859372,130600,0.0,0.0,-,178.11990005493163,198.4788018798828,213.21100082397462,223.2759994506836,181796.0
11/12/2021,222.97000122070312,223.50999450683597,220.16000366210935,221.8699951171875,69900,0.0,0.0,-,177.71375007629393,198.00600189208984,211.56150131225587,224.03600006103517,183688.0
11/11/2021,219.7700042724609,221.9600067138672,219.6100006103516,220.97000122070312,106700,0.0,0.0,-,177.26835006713867,197.44680206298827,209.8220016479492,224.50400085449218,189284.0
11/10/2021,223.1999969482422,225.6000061035156,218.07000732421875,219.0,151700,0.0,0.0,-,176.83320007324218,196.78100189208985,208.10400161743163,224.37800140380858,190324.0
11/09/2021,224.8800048828125,225.22999572753903,220.0,223.1999969482422,88500,0.0,0.0,-,176.39830009460448,196.04800201416015,206.33150177001954,223.53800201416016,190394.0
11/08/2021,227.83999633789065,227.83999633789065,220.83999633789065,224.55999755859372,132300,0.0,0.0,-,175.97240013122558,195.27420196533203,204.30850219726562,222.52000274658204,191512.0
11/05/2021,227.7100067138672,228.9969940185547,223.3300018310547,225.83999633789065,172000,0.0,0.0,-,175.54255012512206,194.39580200195311,202.29950256347655,218.9020034790039,192172.0
11/04/2021,224.6100006103516,227.75999450683597,224.27999877929688,227.44000244140625,103800,0.0,0.0,-,175.1223501586914,193.47280212402345,200.44750289916993,215.02200317382812,190850.0
11/03/2021,226.6300048828125,226.7899932861328,220.63999938964844,224.2400054931641,170200,0.0,0.0,-,174.69995018005372,192.537001953125,198.73350296020507,210.8810028076172,190594.0
11/02/2021,227.33999633789065,228.0,224.8699951171875,226.8300018310547,122600,0.0,0.0,-,174.30450012207032,191.65500183105468,197.14650268554686,207.26200256347656,189286.0
11/01/2021,227.5,229.48800659179688,223.9199981689453,226.41000366210935,152500,0.0,0.0,-,173.87610008239747,190.70400177001954,195.47000274658203,203.14600219726563,188140.0
10/29/2021,219.1499938964844,227.25,218.88499450683597,226.5500030517578,191400,0.0,0.0,-,173.45105003356935,189.74300170898437,193.72450256347656,199.08700256347657,186830.0
10/28/2021,208.8600006103516,219.9199981689453,208.32000732421875,219.7100067138672,194800,0.0,0.0,-,173.02865005493163,188.74140167236328,192.1785026550293,195.14000244140624,184738.0
10/27/2021,214.8300018310547,215.8500061035156,206.42999267578125,210.6000061035156,269000,0.0,0.0,-,172.63230003356932,187.89560150146485,190.6570022583008,191.8300018310547,182894.0
10/26/2021,208.0500030517578,217.30999755859372,204.52999877929688,213.0200042724609,893700,0.0,0.0,-,172.2800499725342,187.27260131835936,189.51000213623047,189.1250015258789,180668.0
10/25/2021,187.0399932861328,189.00999450683597,185.3999938964844,188.3800048828125,250200,0.0,0.0,-,171.92999992370605,186.70720123291017,188.23750228881835,186.0970016479492,166498.0
10/22/2021,186.83999633789065,188.97000122070312,186.1300048828125,187.0399932861328,99500,0.0,0.0,-,171.69689987182616,186.49340118408202,188.37000198364257,185.6970016479492,163420.0
10/21/2021,187.75999450683597,188.7100067138672,183.75,186.02999877929688,142200,0.0,0.0,-,171.46119987487793,186.2094012451172,188.9285026550293,185.8730026245117,162950.0
10/20/2021,186.5399932861328,189.2400054931641,184.63999938964844,188.0500030517578,107400,0.0,0.0,-,171.23044990539552,185.89240112304688,189.38900299072264,186.58600311279298,162516.0
10/19/2021,187.3500061035156,189.97999572753903,185.30999755859372,185.6699981689453,87900,0.0,0.0,-,170.96014991760254,185.59480102539064,189.52450256347657,187.0310028076172,163208.0
10/18/2021,186.3300018310547,187.1199951171875,184.7700042724609,185.82000732421875,115300,0.0,0.0,-,170.70389991760254,185.3880010986328,189.48900299072267,187.79400329589845,163662.0
10/15/2021,189.13999938964844,189.3999938964844,186.77999877929688,187.0800018310547,137200,0.0,0.0,-,170.47079986572265,185.2294009399414,189.32550277709962,188.36200256347655,164122.0
10/14/2021,184.5800018310547,188.02999877929688,184.5800018310547,186.6100006103516,69300,0.0,0.0,-,170.22469985961914,185.09080078125,189.27250289916992,189.21700286865234,164696.0
10/13/2021,183.47999572753903,183.8699951171875,182.22999572753903,183.5500030517578,76900,0.0,0.0,-,169.98099983215332,184.90940063476563,189.18000259399415,189.48400268554687,166738.0
10/12/2021,185.1499938964844,185.1699981689453,181.2400054931641,182.7400054931641,109100,0.0,0.0,-,169.75429985046387,184.77120056152344,188.96100234985352,189.89500274658204,167322.0
10/11/2021,187.9499969482422,189.3300018310547,184.3500061035156,184.3800048828125,87600,0.0,0.0,-,169.5362998199463,184.62760040283203,188.87750244140625,190.3780029296875,168066.0
10/08/2021,193.16000366210935,193.22999572753903,188.7400054931641,188.8000030517578,110800,0.0,0.0,-,169.3111498260498,184.4588003540039,188.94000244140625,191.04300231933593,168886.0
10/07/2021,194.33999633789065,196.13999938964844,192.41000366210935,193.16000366210935,159700,0.0,0.0,-,169.06704978942872,184.19700042724608,189.08550262451172,191.98400268554687,169116.0
10/06/2021,190.80999755859372,194.47000122070312,187.8600006103516,192.5,107800,0.0,0.0,-,168.7994997406006,183.82760040283202,189.08700256347657,192.19200286865234,170638.0
10/05/2021,192.17999267578125,197.1499938964844,192.17999267578125,193.3000030517578,135500,0.0,0.0,-,168.53759971618652,183.400400390625,189.0635025024414,192.01800231933595,177562.0
10/04/2021,194.75,194.75,187.9980010986328,191.5,206000,0.0,0.0,-,168.31704971313476,183.16300018310548,189.0890022277832,191.1840026855469,178622.0
10/01/2021,189.9600067138672,195.72000122070312,183.60499572753903,195.6300048828125,176000,0.0,0.0,-,168.08614974975586,182.97540008544922,189.27250213623046,190.28900299072265,178660.0
09/30/2021,189.8999938964844,192.0200042724609,185.6699981689453,189.27999877929688,251900,0.0,0.0,-,167.82864974975587,182.665,189.1865020751953,189.3280029296875,177442.0
09/29/2021,188.9900054931641,189.08599853515625,186.00999450683597,187.66000366210935,176100,0.0,0.0,-,167.58644973754883,182.52940002441406,189.10650177001952,188.8760025024414,174712.0
09/28/2021,189.0,190.1100006103516,185.44500732421875,187.57000732421875,172300,0.0,0.0,-,167.34819969177246,182.44720001220702,188.84100189208985,188.027001953125,174320.0
09/27/2021,196.69000244140625,197.22000122070312,185.22000122070312,191.02999877929688,163600,0.0,0.0,-,167.1113996887207,182.22359985351562,188.6880012512207,187.377001953125,173968.0
09/24/2021,193.50999450683597,199.03900146484372,192.1699981689453,198.2100067138672,163300,0.0,0.0,-,166.8475496673584,182.0617999267578,188.1685012817383,186.83700256347657,173872.0
09/23/2021,192.6999969482422,195.42999267578125,189.66000366210935,195.2400054931641,152800,0.0,0.0,-,166.5509996032715,181.74059967041015,187.24250106811525,186.18700256347657,173678.0
09/22/2021,186.2899932861328,191.25,184.18499755859372,190.75999450683597,147600,0.0,0.0,-,166.26109954833984,181.49379943847657,186.51300048828125,185.98200225830078,173268.0
09/21/2021,183.8800048828125,185.6999969482422,182.88999938964844,184.9600067138672,104300,0.0,0.0,-,165.99424957275392,181.34879943847656,185.98200073242188,186.10900268554687,173234.0
09/20/2021,182.44000244140625,185.72999572753903,180.2899932861328,182.5500030517578,183200,0.0,0.0,-,165.7338995361328,181.34519927978516,185.69800033569337,186.99400177001954,173470.0
09/17/2021,186.0399932861328,186.6000061035156,182.94000244140625,186.0200042724609,351900,0.0,0.0,-,165.468649520874,181.37359924316405,185.48850021362304,188.2560012817383,172788.0
09/16/2021,178.85000610351562,185.42999267578125,177.38999938964844,184.75999450683597,182200,0.0,0.0,-,165.193949508667,181.25679901123047,185.01100006103516,189.0450012207031,168744.0
09/15/2021,180.33999633789065,181.22000122070312,178.00999450683594,179.1699981689453,214000,0.0,0.0,-,164.91194953918458,181.12639923095702,184.6440002441406,189.33700103759764,169304.0
09/14/2021,187.25999450683597,188.06500244140625,180.6300048828125,181.07000732421875,264600,0.0,0.0,-,164.6366495513916,181.14979919433594,184.65800018310546,189.65500183105468,167816.0
09/13/2021,192.6699981689453,193.1499938964844,184.5500030517578,185.6300048828125,195200,0.0,0.0,-,164.3397994995117,181.12419891357422,184.84199981689454,189.9990005493164,165020.0
09/10/2021,193.55999755859372,198.02999877929688,191.4900054931641,191.7100067138672,666400,0.0,0.0,-,164.03514945983886,180.97899871826172,184.44499969482422,189.5,163896.0
09/09/2021,192.41000366210935,194.30999755859372,191.1000061035156,193.19000244140625,196400,0.0,0.0,-,163.7060994338989,180.67739868164062,183.5014991760254,188.2979995727539,154106.0
09/08/2021,192.57000732421875,193.07000732421875,189.75,192.02999877929688,154800,0.0,0.0,-,163.37229942321778,180.36459869384765,182.35099868774415,187.04399871826172,153854.0
09/07/2021,194.63999938964844,197.6100006103516,192.57000732421875,193.80999755859372,221100,0.0,0.0,-,163.03194942474366,180.15199859619142,181.40799865722656,185.85499877929686,153036.0
09/03/2021,192.8699951171875,196.41000366210935,190.88999938964844,195.1699981689453,225200,0.0,0.0,-,162.67819942474364,179.88099853515624,180.4839988708496,184.4019989013672,153840.0
09/02/2021,188.0,194.0399932861328,186.91000366210935,193.91000366210935,349700,0.0,0.0,-,162.30874942779542,179.5367987060547,179.61999893188477,182.72099914550782,152100.0
09/01/2021,182.0399932861328,187.77999877929688,179.88499450683594,187.67999267578125,158700,0.0,0.0,-,161.94269939422608,179.17619873046874,178.9319984436035,180.97699890136718,149248.0
08/31/2021,185.0,185.0,180.8730010986328,182.3500061035156,155200,0.0,0.0,-,161.5928994369507,179.078798828125,178.42499847412108,179.95099945068358,149344.0
08/30/2021,181.0,184.75,180.4499969482422,184.50999450683597,144400,0.0,0.0,-,161.25214939117433,179.08439880371094,178.13949813842774,179.66099853515624,149650.0
08/27/2021,180.6100006103516,184.1199951171875,180.2469940185547,180.63999938964844,165300,0.0,0.0,-,160.90104942321778,178.94499877929687,177.69199829101564,179.68499908447265,155866.0
08/26/2021,180.0,180.47999572753903,177.02000427246094,179.69000244140625,105900,0.0,0.0,-,160.57159942626953,178.96799865722656,177.4569984436035,179.38999938964844,155496.0
08/25/2021,180.44000244140625,181.6999969482422,179.55999755859375,180.6499938964844,91000,0.0,0.0,-,160.26304943084716,178.95339874267577,177.25799865722655,178.7049987792969,158332.0
08/24/2021,179.82000732421875,180.47900390625,177.75,180.13999938964844,104800,0.0,0.0,-,159.95294944763182,179.00139892578125,176.95999908447266,177.65799865722656,160814.0
08/23/2021,179.13999938964844,180.93099975585935,178.7899932861328,179.27999877929688,65300,0.0,0.0,-,159.65294944763184,178.9873989868164,176.50999908447267,176.96099853515625,161790.0
08/20/2021,176.36000061035156,179.36000061035156,176.3000030517578,178.36000061035156,87000,0.0,0.0,-,159.3489994430542,178.90499908447265,176.61749877929688,176.56599884033204,163660.0
08/19/2021,175.25,179.1999969482422,174.63499450683594,176.47000122070312,86800,0.0,0.0,-,159.02509944915772,178.80659912109374,176.80549850463868,176.5189987182617,164484.0
08/18/2021,180.1199951171875,181.66000366210935,175.00999450683594,177.4199981689453,102600,0.0,0.0,-,158.7111494445801,178.69039916992188,176.98749847412108,176.88699798583986,165136.0
08/17/2021,183.22000122070312,184.5800018310547,177.92999267578125,179.4499969482422,157700,0.0,0.0,-,158.37874946594238,178.57159912109375,177.24149856567382,176.89899749755858,165222.0
08/16/2021,178.24000549316406,185.1300048828125,178.24000549316406,184.75,185200,0.0,0.0,-,158.0395994949341,178.39999908447265,177.4464988708496,176.6179977416992,164120.0
08/13/2021,172.5500030517578,178.0800018310547,172.5500030517578,177.69000244140625,96300,0.0,0.0,-,157.67599948883057,178.0889990234375,177.02849884033202,175.6989974975586,162028.0
08/12/2021,170.80999755859375,173.42999267578125,170.0,172.83999633789062,76000,0.0,0.0,-,157.33444946289063,177.90919891357422,177.29099884033204,175.52399749755858,162998.0
08/11/2021,173.8000030517578,173.8000030517578,169.5,170.17999267578125,120500,0.0,0.0,-,157.05344947814942,177.84319885253908,177.75649871826172,175.81099853515624,165458.0
08/10/2021,175.89999389648438,175.89999389648438,172.5500030517578,173.1699981689453,142000,0.0,0.0,-,156.78524951934816,177.80999908447265,178.3924987792969,176.26199951171876,165250.0
08/09/2021,177.38999938964844,177.38999938964844,173.8000030517578,175.3300018310547,110600,0.0,0.0,-,156.50214954376221,177.68779907226562,178.9094985961914,176.05899963378906,164328.0
08/06/2021,180.0,180.0,174.69500732421875,177.88999938964844,138300,0.0,0.0,-,156.20059951782227,177.50159912109376,179.38199844360352,176.66899871826172,164742.0
08/05/2021,178.5399932861328,180.16000366210935,174.3300018310547,180.1499938964844,165900,0.0,0.0,-,155.91124950408937,177.26159912109375,179.68599853515624,177.0919982910156,164168.0
08/04/2021,175.5800018310547,178.75,175.22000122070312,177.5399932861328,171400,0.0,0.0,-,155.6181495285034,176.98639923095703,179.6874984741211,177.08799896240234,163098.0
08/03/2021,175.64999389648438,177.0749969482422,173.72000122070312,176.63999938964844,106100,0.0,0.0,-,155.3491495513916,176.79559936523438,179.72249908447264,177.58399963378906,161548.0
08/02/2021,177.55999755859375,179.0,175.13999938964844,175.55999755859375,146300,0.0,0.0,-,155.09774955749512,176.5593994140625,179.90749893188476,178.275,162112.0
07/30/2021,174.9199981689453,178.1999969482422,174.60000610351562,175.94000244140625,128600,0.0,0.0,-,154.8542495727539,176.3643994140625,180.1189987182617,178.35800018310547,161150.0
07/29/2021,175.88999938964844,177.0,174.77999877929688,175.7100067138672,122300,0.0,0.0,-,154.60704956054687,176.12559936523436,180.2404983520508,179.05800018310546,161858.0
07/28/2021,172.52000427246094,177.2899932861328,171.8300018310547,174.69000244140625,235800,0.0,0.0,-,154.35444953918457,175.8437991333008,180.28649826049804,179.70199890136718,162320.0
07/27/2021,180.92999267578125,180.92999267578125,162.8000030517578,171.13999938964844,454000,0.0,0.0,-,154.0971995162964,175.59659912109376,180.42949829101562,180.522998046875,160788.0
07/26/2021,182.1300048828125,182.8800048828125,178.6300048828125,181.42999267578125,188500,0.0,0.0,-,153.84134952545165,175.46739898681642,180.94249801635743,181.75999755859374,154864.0
07/23/2021,181.1300048828125,182.6199951171875,179.07000732421875,182.1199951171875,207900,0.0,0.0,-,153.52744956970216,175.0439990234375,180.88399810791014,182.09499816894532,155938.0
07/22/2021,182.94000244140625,183.77999877929688,179.7100067138672,180.11000061035156,115100,0.0,0.0,-,153.2053495788574,174.6223989868164,180.67599868774414,182.27999877929688,156176.0
07/21/2021,184.2700042724609,184.5800018310547,181.0800018310547,182.5,115400,0.0,0.0,-,152.89904956817628,174.19259887695313,180.4644989013672,182.28699798583983,159656.0
07/20/2021,178.05999755859375,184.3999938964844,178.05999755859375,183.5500030517578,156500,0.0,0.0,-,152.5616495513916,173.7189990234375,180.47999877929686,181.86099853515626,161824.0
07/19/2021,181.52999877929688,182.97999572753903,175.56500244140625,176.38999938964844,154700,0.0,0.0,-,152.21469955444337,173.3535989379883,180.43399887084962,181.53999786376954,161942.0
07/16/2021,183.08999633789065,184.47000122070312,180.16000366210935,182.94000244140625,158800,0.0,0.0,-,151.8914995574951,173.1039990234375,180.49149856567382,181.87999725341797,162868.0
07/15/2021,182.00999450683597,183.6199951171875,180.3500061035156,182.1499938964844,153600,0.0,0.0,-,151.5336995315552,172.72599884033204,180.43399810791016,181.4229965209961,162900.0
07/14/2021,184.17999267578125,184.17999267578125,181.65499877929688,182.8999938964844,132300,0.0,0.0,-,151.1724995803833,172.3975988769531,180.2744987487793,180.8709976196289,163348.0
07/13/2021,184.58999633789065,184.58999633789065,180.6699981689453,183.50999450683597,145900,0.0,0.0,-,150.79929962158204,172.1003988647461,180.28199920654296,180.33599853515625,163936.0
07/12/2021,183.8600006103516,184.80999755859372,180.69000244140625,184.77999877929688,116100,0.0,0.0,-,150.4164496612549,171.823798828125,180.0784996032715,180.12499847412113,165596.0
07/09/2021,181.38999938964844,185.0870056152344,180.3800048828125,183.97000122070312,149100,0.0,0.0,-,150.05762466430664,171.51399871826172,179.5974998474121,179.67299804687502,168540.0
07/08/2021,175.39999389648438,180.97999572753903,172.97999572753906,180.17999267578125,149700,0.0,0.0,-,149.702424659729,171.19099884033204,179.07099990844728,179.07199859619143,170716.0
07/07/2021,180.8500061035156,180.91000366210935,177.0749969482422,178.24000549316406,210200,0.0,0.0,-,149.3525246810913,170.92199890136717,178.59500045776366,178.64199981689455,185988.0
07/06/2021,178.64999389648438,181.3000030517578,177.27000427246094,180.33999633789065,139600,0.0,0.0,-,149.02394966125487,171.24319885253905,178.25699996948242,179.09899902343753,186416.0
07/02/2021,179.0,180.67999267578125,176.26499938964844,179.7899932861328,124800,0.0,0.0,-,148.7046496963501,171.4621987915039,177.78349990844725,179.3279998779297,185680.0
07/01/2021,177.5800018310547,180.32000732421875,177.02000427246094,178.3699951171875,139000,0.0,0.0,-,148.38899974823,171.61619903564454,177.25400009155274,179.10299987792968,186704.0
06/30/2021,177.00999450683594,178.36000061035156,173.8800048828125,176.6300048828125,176900,0.0,0.0,-,148.09749977111815,171.81119903564453,176.77050018310547,179.44499969482422,187648.0
06/29/2021,181.7899932861328,182.19000244140625,177.35000610351562,177.5500030517578,183800,0.0,0.0,-,147.8082497406006,171.96459899902345,176.41599960327147,179.6779998779297,188692.0
06/28/2021,180.8300018310547,182.6999969482422,179.74000549316406,181.3999938964844,113900,0.0,0.0,-,147.49904972076416,172.02359893798828,175.96449966430663,180.22799987792968,189830.0
06/25/2021,178.75,181.38999938964844,176.72999572753906,180.25999450683597,261300,0.0,0.0,-,147.1737497329712,171.99359893798828,175.24749984741212,180.03200073242186,193796.0
06/24/2021,176.77000427246094,178.25999450683594,175.65499877929688,177.9600067138672,138200,0.0,0.0,-,146.8590997695923,172.08839904785157,174.53550033569337,179.52200164794922,197122.0
06/23/2021,182.8699951171875,182.8699951171875,175.52999877929688,175.8800048828125,207100,0.0,0.0,-,146.5517497253418,172.0857989501953,173.93199996948243,179.07000122070312,197906.0
06/22/2021,182.8999938964844,183.72000122070312,181.19000244140625,182.80999755859372,163500,0.0,0.0,-,146.27324970245363,172.12839874267578,173.4574996948242,178.54800109863282,196706.0
06/21/2021,178.6199951171875,182.80999755859372,177.07000732421875,182.6300048828125,170500,0.0,0.0,-,145.97704971313476,171.94819885253906,172.71699981689454,177.41500091552734,195902.0
06/18/2021,179.57000732421875,182.08999633789065,175.1300048828125,177.5399932861328,455200,0.0,0.0,-,145.71694969177247,171.74959869384764,171.82699966430664,176.23899993896484,194874.0
06/17/2021,177.74000549316406,182.40499877929688,177.74000549316406,181.7899932861328,146800,0.0,0.0,-,145.4741497039795,171.59499877929687,171.2404998779297,175.40500030517578,188184.0
06/16/2021,182.6699981689453,183.0200042724609,178.75,178.9600067138672,247700,0.0,0.0,-,145.2141497039795,171.3071987915039,170.35100021362305,174.09600067138672,187706.0
06/15/2021,179.5,183.27999877929688,178.27000427246094,183.0500030517578,215100,0.0,0.0,-,144.95859966278076,171.16799865722658,169.48399963378907,173.15399932861328,185894.0
06/14/2021,175.8699951171875,179.67999267578125,175.8699951171875,179.44000244140625,153600,0.0,0.0,-,144.66314964294435,170.93599853515624,168.4479995727539,171.70099945068358,183310.0
06/11/2021,174.2100067138672,175.30999755859375,173.1300048828125,175.16000366210938,158800,0.0,0.0,-,144.38324962615968,170.7403985595703,167.70999908447266,170.46299896240234,183272.0
06/10/2021,171.74000549316406,174.4600067138672,170.67999267578125,173.44000244140625,128200,0.0,0.0,-,144.12964962005614,170.51819854736328,166.964998626709,169.5489990234375,184778.0
06/09/2021,171.9199981689453,172.3000030517578,168.97000122070312,170.66000366210938,119400,0.0,0.0,-,143.87749961853027,170.29879852294923,166.34499816894532,168.79399871826172,184318.0
06/08/2021,171.5,172.07000732421875,169.2100067138672,171.47999572753906,106900,0.0,0.0,-,143.65064960479737,170.12899841308592,165.7429977416992,168.36699829101562,184418.0
06/07/2021,168.91000366210938,172.0,168.78500366210938,170.8699951171875,102600,0.0,0.0,-,143.42104961395265,170.01999847412108,165.1099983215332,168.0189987182617,185356.0
06/04/2021,169.75999450683594,171.52699279785156,166.6230010986328,169.1999969482422,80600,0.0,0.0,-,143.20079963684083,169.76379852294923,164.83049850463868,167.41499938964844,187064.0
06/03/2021,168.8699951171875,169.3800048828125,163.6300048828125,168.6999969482422,144800,0.0,0.0,-,142.99069965362548,169.52699859619142,164.56599884033204,167.07599945068358,188944.0
06/02/2021,168.22999572753906,171.3800048828125,166.32400512695312,169.5399932861328,199000,0.0,0.0,-,142.78974964141847,169.3155987548828,164.33299865722657,166.6059997558594,189874.0
06/01/2021,167.47999572753906,169.6199951171875,165.1699981689453,168.52000427246094,110100,0.0,0.0,-,142.576799659729,169.213798828125,164.1424987792969,165.81399993896486,189712.0
05/28/2021,165.5500030517578,168.6699981689453,165.5500030517578,167.05999755859375,95900,0.0,0.0,-,142.37554965972902,169.17479888916014,164.11849822998047,165.19499969482422,197768.0
05/27/2021,166.82000732421875,168.39999389648438,165.67999267578125,166.02000427246094,131300,0.0,0.0,-,142.18059970855714,169.0525988769531,164.24949798583984,164.95699920654297,198652.0
05/26/2021,166.8000030517578,167.875,164.64999389648438,165.88999938964844,109600,0.0,0.0,-,141.9707996749878,169.0301986694336,164.41299743652343,164.38099822998046,198510.0
05/25/2021,169.8800048828125,171.0,165.57000732421875,166.38999938964844,112400,0.0,0.0,-,141.75399967193604,168.963798828125,164.50949783325194,163.8959976196289,198854.0
05/24/2021,165.41000366210938,168.30999755859375,165.27999877929688,168.0,93900,0.0,0.0,-,141.54624965667725,168.9069989013672,164.5264976501465,163.1189971923828,202064.0
05/21/2021,167.3800048828125,167.3800048828125,164.14999389648438,164.8300018310547,134300,0.0,0.0,-,141.31634963989256,168.7469989013672,165.84149780273438,162.20099792480468,203906.0
05/20/2021,164.52000427246094,167.03500366210938,164.52000427246094,165.80999755859375,98200,0.0,0.0,-,141.1211996459961,168.68979888916016,167.16449737548828,162.2459976196289,204938.0
05/19/2021,159.4499969482422,166.32000732421875,159.4499969482422,164.0,164000,0.0,0.0,-,140.91289966583253,168.57519897460938,168.2484977722168,162.05599822998047,206922.0
05/18/2021,162.4199981689453,164.72000122070312,161.60000610351562,161.6199951171875,145400,0.0,0.0,-,140.72099967956544,168.40499908447265,169.45449752807616,162.05999755859375,208274.0
05/17/2021,163.27999877929688,164.97999572753906,160.1300048828125,162.3300018310547,159200,0.0,0.0,-,140.5096496963501,168.17679931640626,170.5884979248047,162.47099761962892,208864.0
05/14/2021,161.0,166.72500610351562,159.7449951171875,164.67999267578125,157800,0.0,0.0,-,140.29549968719482,168.0809991455078,171.49699783325195,163.04199676513673,211876.0
05/13/2021,162.85000610351562,164.3300018310547,159.66000366210938,160.25999450683594,242200,0.0,0.0,-,140.09589973449707,167.9545993041992,172.25799789428712,163.54199676513673,213372.0
05/12/2021,157.11000061035156,162.66000366210938,157.11000061035156,161.0399932861328,219800,0.0,0.0,-,139.90539978027343,168.03199951171874,173.4949981689453,164.44499664306642,213280.0
05/11/2021,156.0,161.21499633789062,156.0,158.6199951171875,289100,0.0,0.0,-,139.6617998123169,168.11539978027344,174.3344985961914,165.122998046875,214108.0
05/10/2021,164.47999572753906,165.60000610351562,157.50999450683594,158.82000732421875,223800,0.0,0.0,-,139.3977498245239,168.27539978027343,175.30399856567382,165.93399810791016,211912.0
05/07/2021,164.17999267578125,166.61000061035156,163.27000427246094,165.27999877929688,162400,0.0,0.0,-,139.1572998046875,168.34759948730468,176.0529983520508,169.48199768066405,212390.0
05/06/2021,164.0,164.0,160.3000030517578,163.91000366210938,201000,0.0,0.0,-,138.88199981689453,168.22239959716796,176.42399826049805,172.08299713134767,213420.0
05/05/2021,167.5500030517578,167.5500030517578,161.4499969482422,164.0399932861328,160400,0.0,0.0,-,138.59414978027343,168.16639953613281,176.71899795532227,174.4409973144531,212976.0
05/04/2021,166.44000244140625,166.99000549316406,164.24000549316406,165.72999572753906,176000,0.0,0.0,-,138.30199981689452,168.00379974365234,176.88699798583986,176.8489974975586,213422.0
05/03/2021,167.9600067138672,171.39999389648438,165.36000061035156,168.0399932861328,161700,0.0,0.0,-,138.00094982147218,167.83959991455077,177.20049819946288,178.70599822998048,213742.0
04/30/2021,167.72000122070312,170.44000244140625,166.8179931640625,169.67999267578125,228900,0.0,0.0,-,137.6802498626709,167.66679992675782,177.37099838256836,179.95199890136718,216474.0
04/29/2021,169.0399932861328,169.5800018310547,165.02999877929688,169.2899932861328,263300,0.0,0.0,-,137.35714988708497,167.5332000732422,177.36999893188477,180.9739990234375,216328.0
04/28/2021,167.50999450683594,169.92999267578125,165.9149932861328,167.82000732421875,257900,0.0,0.0,-,137.0083499145508,167.45660034179687,177.107999420166,182.5449996948242,215358.0
04/27/2021,173.3000030517578,178.49000549316406,165.50999450683594,166.72999572753906,913300,0.0,0.0,-,136.65114986419678,167.37380004882812,176.84049911499022,183.5459991455078,217856.0
04/26/2021,191.3999938964844,196.1199951171875,188.0399932861328,194.3000030517578,231600,0.0,0.0,-,136.30839988708496,167.40440002441406,176.61249923706055,184.6739990234375,203842.0
04/23/2021,188.0500030517578,191.7100067138672,187.1300048828125,191.2899932861328,102800,0.0,0.0,-,135.8322498703003,166.8654000854492,175.1989990234375,182.6239990234375,207250.0
04/22/2021,187.47000122070312,191.7559967041016,185.22999572753903,187.4900054931641,176000,0.0,0.0,-,135.36889991760253,166.34900024414063,173.53749923706056,180.76499938964844,211860.0
04/21/2021,184.9199981689453,189.38999938964844,182.5850067138672,188.1199951171875,186200,0.0,0.0,-,134.92129989624024,165.7434002685547,172.03099899291993,178.99699859619142,212418.0
04/20/2021,180.9600067138672,185.2100067138672,179.3000030517578,184.3000030517578,229100,0.0,0.0,-,134.4617999267578,165.04100036621094,170.53149948120117,176.92499847412108,213500.0
04/19/2021,179.82000732421875,183.17999267578125,178.10000610351562,180.5,240700,0.0,0.0,-,134.00814990997316,164.29600036621093,169.53899917602538,175.69499816894532,211614.0
04/16/2021,184.91000366210935,184.91000366210935,177.86000061035156,179.89999389648438,312200,0.0,0.0,-,133.57039989471434,163.59800048828126,168.84249954223634,174.78999786376954,209400.0
04/15/2021,179.66000366210938,190.6450042724609,178.5399932861328,185.0,427600,0.0,0.0,-,133.13599990844727,162.8654006958008,167.8949996948242,173.76599884033203,207268.0
04/14/2021,179.25,181.94500732421875,176.47999572753906,177.8300018310547,177400,0.0,0.0,-,132.6620999145508,162.03140075683595,166.88999938964844,171.6709991455078,202644.0
04/13/2021,174.4199981689453,178.7050018310547,173.48500061035156,178.00999450683594,147100,0.0,0.0,-,132.21199989318848,161.22640075683594,166.12699966430665,170.13499908447267,201900.0
04/12/2021,172.69000244140625,174.0500030517578,169.5399932861328,173.8000030517578,123300,0.0,0.0,-,131.76579990386963,160.32200073242188,165.40400009155275,168.5509994506836,202528.0
04/09/2021,170.52000427246094,172.89599609375,168.82000732421875,172.6999969482422,119100,0.0,0.0,-,131.3354499053955,159.52480072021484,164.71399993896483,167.7739990234375,202824.0
04/08/2021,169.30999755859375,171.10000610351562,168.56500244140625,169.80999755859375,120700,0.0,0.0,-,130.92424991607666,158.71120086669922,164.1775001525879,166.30999908447265,204190.0
04/07/2021,171.00999450683594,173.60000610351562,166.47000122070312,167.39999389648438,122900,0.0,0.0,-,130.51684993743896,158.07540100097657,163.69100036621094,165.06499938964845,205054.0
04/06/2021,172.42999267578125,176.6300048828125,171.63499450683594,172.0,157100,0.0,0.0,-,130.1296499633789,157.4992010498047,163.09550094604492,164.13800048828125,204972.0
04/05/2021,171.5,171.85000610351562,169.67999267578125,171.4499969482422,85900,0.0,0.0,-,129.71419998168946,156.89520111083985,162.0060012817383,163.38300018310548,204308.0
04/01/2021,164.77999877929688,170.60000610351562,162.6999969482422,169.66000366210938,151700,0.0,0.0,-,129.2970999908447,156.32540130615234,161.3105010986328,162.89500122070314,205520.0
03/31/2021,163.8699951171875,168.4199981689453,163.5500030517578,164.0500030517578,234100,0.0,0.0,-,128.8939999771118,155.83520111083985,160.74550094604493,162.0240005493164,205890.0
03/30/2021,161.3699951171875,164.23599243164062,159.7100067138672,162.47000122070312,105200,0.0,0.0,-,128.50514995574952,155.37720092773438,160.74950103759767,162.10899963378907,204870.0
03/29/2021,165.88999938964844,168.32000732421875,161.2100067138672,162.1699981689453,124400,0.0,0.0,-,128.1156499481201,154.95580078125,160.88650131225586,162.11900024414064,206212.0
03/26/2021,159.19000244140625,166.22000122070312,157.47999572753906,166.02999877929688,153800,0.0,0.0,-,127.71019996643066,154.55380096435547,161.10900115966797,162.2570007324219,206738.0
03/25/2021,156.4600067138672,158.92999267578125,154.27000427246094,158.05999755859375,188000,0.0,0.0,-,127.31849998474121,154.04200103759766,160.9290008544922,161.65400085449218,207048.0
03/24/2021,159.60000610351562,161.5850067138672,156.35000610351562,157.36000061035156,174600,0.0,0.0,-,126.97439998626709,153.68380096435547,160.97700119018555,162.0450012207031,206422.0
03/23/2021,163.22999572753906,163.22999572753906,157.22999572753906,158.1300048828125,191300,0.0,0.0,-,126.65669998168946,153.39680084228516,161.16450119018555,162.31700134277344,205912.0
03/22/2021,168.3800048828125,168.3800048828125,163.77000427246094,164.4499969482422,190900,0.0,0.0,-,126.3083999633789,153.06940063476563,161.0535011291504,162.0530014038086,205824.0
03/19/2021,161.47000122070312,169.02999877929688,160.1999969482422,166.57000732421875,512900,0.0,0.0,-,125.93624996185302,152.57840057373048,160.70700149536134,160.6290023803711,207772.0
03/18/2021,164.55999755859375,166.60000610351562,160.6750030517578,160.9499969482422,140100,0.0,0.0,-,125.55474990844726,152.04460052490234,160.3485008239746,159.7260009765625,205654.0
03/17/2021,163.9199981689453,165.78500366210938,161.2740020751953,164.89999389648438,124200,0.0,0.0,-,125.2020499420166,151.50540069580077,160.4510009765625,159.46700134277344,206674.0
03/16/2021,161.58999633789062,166.5,160.47999572753906,162.57000732421875,126800,0.0,0.0,-,124.8256499862671,150.89580078125,160.47900161743163,159.39000244140624,210708.0
03/15/2021,157.89999389648438,164.02999877929688,156.07000732421875,163.5500030517578,272900,0.0,0.0,-,124.47689994812012,150.42840057373047,160.53450088500978,159.65400238037108,212346.0
03/12/2021,157.11000061035156,163.05999755859375,157.11000061035156,160.0,186000,0.0,0.0,-,124.13039993286132,149.91460052490234,160.77000045776367,159.96100158691405,209984.0
03/11/2021,162.07000732421875,165.1699981689453,160.61000061035156,161.97000122070312,185900,0.0,0.0,-,123.80879993438721,149.4720004272461,161.13750076293945,160.2040008544922,208950.0
03/10/2021,156.80999755859375,163.1199951171875,156.0800018310547,160.0800018310547,197400,0.0,0.0,-,123.46219993591309,148.99680053710938,161.31250076293946,159.90900115966798,208244.0
03/09/2021,153.39999389648438,159.3249969482422,153.39999389648438,155.49000549316406,231600,0.0,0.0,-,123.1226999282837,148.57800048828125,161.16900100708008,160.01200103759766,205712.0
03/08/2021,157.2100067138672,158.72000122070312,150.02000427246094,150.2100067138672,174900,0.0,0.0,-,122.79524990081786,148.2552005004883,161.04450073242188,160.0540008544922,203640.0
03/05/2021,160.50999450683594,160.94500732421875,148.55999755859375,157.5399932861328,309800,0.0,0.0,-,122.49459987640381,148.05060028076173,160.8865005493164,160.78500061035157,204086.0
03/04/2021,162.99000549316406,164.69000244140625,157.27000427246094,158.36000061035156,232600,0.0,0.0,-,122.13909992218018,147.69280029296874,160.28950119018555,160.97100067138672,202084.0
03/03/2021,164.5800018310547,168.27999877929688,162.97999572753906,164.1300048828125,237600,0.0,0.0,-,121.78239990234376,147.32800018310547,159.535001373291,161.43500061035155,214210.0
03/02/2021,167.08999633789062,169.3800048828125,161.47999572753906,165.2100067138672,261200,0.0,0.0,-,121.38354988098145,147.02920013427735,158.49350128173828,161.56800079345703,212428.0
03/01/2021,164.66000366210938,168.75999450683594,163.4199981689453,166.6199951171875,179300,0.0,0.0,-,120.96664985656739,146.63140014648437,157.11200103759765,161.41499938964844,212174.0
02/26/2021,160.6699981689453,165.6959991455078,159.02000427246094,162.42999267578125,247700,0.0,0.0,-,120.53479988098144,146.18160034179687,155.4205009460449,161.5789993286133,212976.0
02/25/2021,161.60000610351562,162.49200439453125,158.50999450683594,159.02000427246094,213900,0.0,0.0,-,120.13979991912842,145.74980041503906,153.99600143432616,162.0710006713867,211980.0
02/24/2021,156.80999755859375,162.86000061035156,156.80999755859375,161.11000061035156,178800,0.0,0.0,-,119.77454990386963,145.36960021972655,152.64600143432617,162.71600036621095,210954.0
02/23/2021,155.9199981689453,157.83999633789062,151.75999450683594,155.91000366210938,182700,0.0,0.0,-,119.37989990234375,144.95160034179688,151.49150161743165,162.3260009765625,210686.0
02/22/2021,158.3699951171875,159.16000366210938,155.41000366210938,157.52000427246094,192000,0.0,0.0,-,118.99694988250732,144.5986001586914,150.6255012512207,162.03500061035157,209744.0
02/19/2021,164.2899932861328,164.2899932861328,158.6999969482422,159.39999389648438,298300,0.0,0.0,-,118.60234985351562,144.22619995117188,149.83950119018556,160.98800048828124,210560.0
02/18/2021,164.39999389648438,165.33999633789062,157.86000061035156,163.0,221600,0.0,0.0,-,118.20694988250733,143.7833999633789,149.0175018310547,159.60800170898438,208368.0
02/17/2021,163.99000549316406,167.80999755859375,161.1699981689453,165.4600067138672,214800,0.0,0.0,-,117.78709987640381,143.27119995117187,148.1250015258789,157.63500213623047,208950.0
02/16/2021,171.0500030517578,177.1199951171875,159.64999389648438,163.67999267578125,382800,0.0,0.0,-,117.3406498336792,142.6197998046875,146.90950088500978,155.41900177001952,208086.0
02/12/2021,166.8300018310547,169.14999389648438,165.89999389648438,168.25999450683594,212600,0.0,0.0,-,116.92154987335205,141.9361999511719,145.7955009460449,152.8090026855469,204236.0
02/11/2021,165.8800048828125,173.9499969482422,163.5,167.35000610351562,402000,0.0,0.0,-,116.50189990997315,141.19260009765625,144.48600158691406,149.26200256347656,207360.0
02/10/2021,158.9499969482422,166.72000122070312,157.71499633789062,165.47000122070312,333300,0.0,0.0,-,116.0934498977661,140.41279998779297,143.1405014038086,145.92100219726564,204248.0
02/09/2021,153.52000427246094,157.72500610351562,152.11000061035156,157.2100067138672,203900,0.0,0.0,-,115.69839988708496,139.58559997558595,141.87450103759767,142.5760025024414,199062.0
02/08/2021,150.0,153.08999633789062,147.66000366210938,153.0,240300,0.0,0.0,-,115.33144985198975,138.87539978027343,141.16450042724608,140.6570022583008,198598.0
02/05/2021,147.4199981689453,147.63999938964844,142.72999572753906,147.0500030517578,134800,0.0,0.0,-,114.99134986877442,138.3093997192383,140.60250015258788,139.21600189208985,198006.0
02/04/2021,143.4199981689453,145.92999267578125,142.6649932861328,145.60000610351562,130000,0.0,0.0,-,114.669649848938,137.8863996887207,140.24499969482423,138.69100189208984,199216.0
02/03/2021,143.8300018310547,144.6999969482422,140.5800018310547,143.27000427246094,205600,0.0,0.0,-,114.33569980621338,137.5029995727539,139.95899963378906,138.427001953125,203186.0
02/02/2021,139.0,143.66000366210938,139.0,143.3000030517578,196400,0.0,0.0,-,114.04699977874756,137.11679946899415,139.49499969482423,138.61500091552733,203680.0
02/01/2021,134.2100067138672,138.24000549316406,132.30999755859375,137.5800018310547,140200,0.0,0.0,-,113.76889976501465,136.71199935913086,139.0509994506836,138.4,207754.0
01/29/2021,133.61000061035156,136.47000122070312,131.60000610351562,132.7899932861328,178500,0.0,0.0,-,113.49254974365235,136.3859992980957,139.13199920654296,138.78199920654296,209868.0
01/28/2021,133.50999450683594,135.7100067138672,132.0800018310547,133.94000244140625,138100,0.0,0.0,-,113.2214497756958,136.1441993713379,139.3854995727539,139.71000061035156,211024.0
01/27/2021,134.7899932861328,135.74000549316406,130.73500061035156,132.02000427246094,187400,0.0,0.0,-,112.96859977722168,135.81979934692382,139.58199920654297,140.36000061035156,212554.0
01/26/2021,139.63999938964844,139.72999572753906,136.8800048828125,138.02000427246094,163900,0.0,0.0,-,112.71424976348877,135.46339920043945,139.8914993286133,141.1729995727539,212052.0
01/25/2021,142.14999389648438,143.36000061035156,136.08999633789062,138.58999633789062,118800,0.0,0.0,-,112.43974975585938,134.98879913330077,139.94749908447267,141.6719985961914,213190.0
01/22/2021,142.3699951171875,142.8000030517578,139.7949981689453,141.8000030517578,123900,0.0,0.0,-,112.15754978179932,134.51199920654298,139.9854995727539,141.98899841308594,216716.0
01/21/2021,145.97000122070312,146.92999267578125,141.0070037841797,142.9600067138672,146500,0.0,0.0,-,111.84139976501464,134.03559921264647,139.89449920654297,141.7989974975586,219938.0
01/20/2021,141.97999572753906,145.58999633789062,141.17999267578125,145.14999389648438,170200,0.0,0.0,-,111.51129974365234,133.5489990234375,139.72899856567383,141.49099731445312,220064.0
01/19/2021,143.0800018310547,143.89999389648438,139.60000610351562,141.14999389648438,183100,0.0,0.0,-,111.1259497833252,133.04879913330078,139.47749862670898,140.3749984741211,219796.0
01/15/2021,141.3699951171875,143.97999572753906,138.9600067138672,141.39999389648438,172300,0.0,0.0,-,110.7797998046875,132.59559921264648,139.87949905395507,139.70199890136718,221546.0
01/14/2021,141.1999969482422,143.85000610351562,140.14199829101562,142.07000732421875,150700,0.0,0.0,-,110.41504981994629,132.0391993713379,140.07549972534179,139.48199920654298,224990.0
01/13/2021,140.1999969482422,142.11000061035156,138.94000244140625,140.44000244140625,169300,0.0,0.0,-,110.07159976959228,131.47139923095702,140.1784996032715,139.06099853515624,227726.0
01/12/2021,143.6999969482422,144.38999938964844,139.7550048828125,140.14999389648438,156700,0.0,0.0,-,109.74474975585937,130.88139923095704,140.1984992980957,138.8039978027344,232360.0
01/11/2021,141.14999389648438,143.85000610351562,141.14999389648438,143.00999450683594,149100,0.0,0.0,-,109.37829978942871,130.310799407959,140.19149932861328,138.60999908447266,236360.0
01/08/2021,140.0,142.14999389648438,138.08999633789062,141.75999450683594,186900,0.0,0.0,-,109.03054981231689,129.6911994934082,140.05149993896484,138.2229995727539,241456.0
01/07/2021,140.0,141.97000122070312,138.92999267578125,139.89999389648438,288300,0.0,0.0,-,108.66159984588623,129.04359954833984,139.87649993896486,137.98200073242188,253550.0
01/06/2021,133.99000549316406,141.1699981689453,133.32000732421875,139.8800048828125,407000,0.0,0.0,-,108.30494987487793,128.57839965820312,139.82649993896484,137.99000091552733,253780.0
01/05/2021,134.77999877929688,136.39500427246094,133.63499450683594,133.99000549316406,191100,0.0,0.0,-,107.91464984893798,128.1115995788574,139.69549942016602,137.96699981689454,250054.0
01/04/2021,139.99000549316406,140.2899932861328,133.19000244140625,134.4199981689453,325900,0.0,0.0,-,107.59039981842041,127.7627995300293,139.86549911499023,138.5799987792969,250082.0
12/31/2020,137.50999450683594,139.85000610351562,135.6999969482422,139.1999969482422,208700,0.0,0.0,-,107.2430498123169,127.37479949951172,139.78899917602538,140.05699920654297,248924.0
12/30/2020,138.85000610351562,140.3000030517578,137.25,137.86000061035156,154800,0.0,0.0,-,106.85559982299804,126.9911994934082,139.3039993286133,140.66900024414062,249834.0
12/29/2020,139.27000427246094,139.27000427246094,135.66000366210938,137.8699951171875,134300,0.0,0.0,-,106.5298998260498,126.66459945678712,138.96499938964843,141.2960006713867,250170.0
12/28/2020,140.0,140.0,136.6300048828125,138.2100067138672,150600,0.0,0.0,-,106.19349983215332,126.38199951171875,138.48949966430663,141.59300079345704,252556.0
12/24/2020,139.05999755859375,140.0,137.77000427246094,139.13999938964844,70800,0.0,0.0,-,105.89039978027344,126.14499938964843,137.78449935913085,141.77299957275392,252140.0
12/23/2020,140.0,140.24000549316406,136.8699951171875,139.35000610351562,128000,0.0,0.0,-,105.55599979400635,125.8993994140625,136.91249923706056,141.88000030517577,254726.0
12/22/2020,140.0,140.2899932861328,136.9510040283203,139.97999572753906,197200,0.0,0.0,-,105.27744976043701,125.64239929199219,136.17999877929688,141.7709991455078,256310.0
12/21/2020,137.30999755859375,139.75999450683594,134.89999389648438,139.64999389648438,209700,0.0,0.0,-,105.04244979858399,125.34659942626953,135.47599906921386,141.66299896240236,254838.0
12/18/2020,150.57000732421875,150.57000732421875,139.0399932861328,140.1199951171875,838900,0.0,0.0,-,104.79704982757568,125.01839950561524,134.81499938964845,141.4239990234375,253774.0
12/17/2020,145.6199951171875,149.33799743652344,145.3300018310547,149.19000244140625,148500,0.0,0.0,-,104.58819984436035,124.61539962768555,134.0069995880127,141.1509994506836,239468.0
12/16/2020,144.75,149.11000061035156,143.7100067138672,145.32000732421875,248500,0.0,0.0,-,104.32379981994629,124.004599609375,132.70049934387208,139.5209991455078,241266.0
12/15/2020,141.3800048828125,144.3300018310547,139.375,144.1300048828125,219400,0.0,0.0,-,104.09784976959229,123.45219940185547,131.49849891662598,137.93899841308593,240426.0
12/14/2020,141.5800018310547,144.30999755859375,140.69500732421875,140.83999633789062,197900,0.0,0.0,-,103.83254974365235,122.94659927368164,130.32699851989747,136.63399810791014,240452.0
12/11/2020,140.0500030517578,140.99000549316406,137.5399932861328,140.00999450683594,162600,0.0,0.0,-,103.60254974365235,122.43019927978516,129.17099876403807,135.38599853515626,241430.0
12/10/2020,138.3800048828125,140.8000030517578,138.3800048828125,140.2100067138672,165400,0.0,0.0,-,103.35219978332519,121.91319946289063,127.88049888610843,133.7959991455078,242652.0
12/09/2020,139.36000061035156,139.42999267578125,137.61000061035156,138.25999450683594,135600,0.0,0.0,-,103.12679973602295,121.34399932861328,126.58449859619142,131.94499816894532,246916.0
12/08/2020,137.72999572753906,139.80999755859375,136.80999755859375,138.89999389648438,232800,0.0,0.0,-,102.93789978027344,120.80639938354493,125.40899887084963,130.58899841308593,249432.0
12/07/2020,137.77000427246094,139.72999572753906,135.7899932861328,137.25999450683594,188700,0.0,0.0,-,102.75314979553222,120.22659957885742,124.36299934387209,129.28899917602538,251142.0
12/04/2020,132.49000549316406,138.6999969482422,132.49000549316406,137.38999938964844,250700,0.0,0.0,-,102.56194980621338,119.6465997314453,123.43149948120117,128.20599975585938,252504.0
12/03/2020,129.97999572753906,132.94000244140625,127.51499938964844,132.88999938964844,171600,0.0,0.0,-,102.37289981842041,119.03759979248046,122.56899948120117,126.8629997253418,255280.0
12/02/2020,130.42999267578125,130.42999267578125,127.27999877929688,129.5,190300,0.0,0.0,-,102.2080498123169,118.64009979248047,121.84899940490723,125.87999954223633,261632.0
12/01/2020,129.0500030517578,131.47999572753906,127.4000015258789,131.0800018310547,368800,0.0,0.0,-,102.06204982757568,118.30869979858399,121.05299949645996,125.05799942016601,267734.0
11/30/2020,123.61000061035156,129.02999877929688,123.04000091552734,128.36000061035156,246400,0.0,0.0,-,101.89749980926514,117.89109970092774,120.18299942016601,124.01999893188477,270312.0
11/27/2020,122.11000061035156,124.54000091552734,121.84600067138672,124.11000061035156,74000,0.0,0.0,-,101.74499980926514,117.57439971923829,119.31199951171875,122.95599899291992,375956.0
11/25/2020,124.01000213623048,124.23999786376952,121.5199966430664,121.6999969482422,180700,0.0,0.0,-,101.61334980010986,117.42179977416993,118.68749961853027,121.96499862670899,379372.0
11/24/2020,125.98999786376952,126.1999969482422,123.97000122070312,124.6999969482422,210700,0.0,0.0,-,101.48944980621337,117.32099990844726,118.20399971008301,121.2239990234375,381414.0
11/23/2020,126.29000091552734,127.4000015258789,124.7509994506836,125.9000015258789,195300,0.0,0.0,-,101.35044982910156,117.2283999633789,117.4379997253418,120.22899932861328,382600.0
11/20/2020,123.20999908447266,126.86599731445312,123.20999908447266,126.43000030517578,328500,0.0,0.0,-,101.1906498336792,117.08599990844726,116.97499961853028,119.43699951171875,385272.0
11/19/2020,122.7699966430664,124.11000061035156,121.33999633789062,123.95999908447266,230300,0.0,0.0,-,101.02434982299805,116.8715998840332,116.48049964904786,118.65699920654296,383144.0
11/18/2020,121.77999877929688,125.05999755859376,121.56999969482422,123.05999755859376,400100,0.0,0.0,-,100.87944984436035,116.71919982910157,116.10999984741211,118.27499923706054,384706.0
11/17/2020,118.5199966430664,121.4000015258789,118.0999984741211,121.27999877929688,245900,0.0,0.0,-,100.74164985656738,116.60459991455077,115.70799980163574,117.81799926757813,382106.0
11/16/2020,118.41999816894533,120.77999877929688,117.83000183105467,120.6999969482422,236300,0.0,0.0,-,100.59879985809326,116.50879989624023,115.64499969482422,117.04799957275391,392266.0
11/13/2020,115.51000213623048,118.12999725341795,115.0,117.72000122070312,214600,0.0,0.0,-,100.43309986114502,116.4983999633789,115.68649978637696,116.34599990844727,393880.0
11/12/2020,114.36000061035156,116.4800033569336,113.12999725341795,114.1999969482422,162300,0.0,0.0,-,100.2722498703003,116.61539993286132,115.98749961853028,115.66800003051758,396198.0
11/11/2020,115.52999877929688,118.18800354003906,112.54000091552734,114.29000091552734,220800,0.0,0.0,-,100.14099987030029,116.94360000610351,116.59549980163573,115.41000061035156,397584.0
11/10/2020,118.26000213623048,118.26000213623048,113.62999725341795,114.75,295100,0.0,0.0,-,100.01219985961914,117.23739990234375,117.22399978637694,115.18400039672852,397094.0
11/09/2020,123.63999938964844,124.27999877929688,117.8000030517578,117.9800033569336,285000,0.0,0.0,-,99.88054985046386,117.5381997680664,117.81149978637693,114.64700012207031,396190.0
11/06/2020,120.66999816894533,121.66200256347656,117.04000091552734,118.62999725341795,152800,0.0,0.0,-,99.72904983520507,117.73559967041015,118.17199974060057,114.5129997253418,393906.0
11/05/2020,120.23999786376952,122.12000274658205,115.11000061035156,120.13999938964844,156800,0.0,0.0,-,99.57624984741211,117.84219970703126,118.40249977111816,114.30400009155274,395856.0
11/04/2020,115.09500122070312,119.51000213623048,113.5,118.48999786376952,270600,0.0,0.0,-,99.43139984130859,117.90859970092774,118.3939998626709,113.94500045776367,396144.0
11/03/2020,115.27999877929688,116.0,111.4800033569336,113.58000183105467,344500,0.0,0.0,-,99.29769985198975,118.02759979248047,118.40200004577636,113.59800033569336,394038.0
11/02/2020,112.91999816894533,118.25,111.08999633789062,113.68000030517578,287500,0.0,0.0,-,99.18519985198975,118.21619979858399,118.60799980163574,114.24199981689453,391684.0
10/30/2020,111.73999786376952,112.5999984741211,108.9800033569336,110.94000244140624,401000,0.0,0.0,-,99.07154983520508,118.44839981079102,118.866499710083,115.02699966430664,392330.0
10/29/2020,111.97000122070312,114.91999816894533,110.0,111.62000274658205,356700,0.0,0.0,-,98.97204982757569,118.74079971313476,119.07049942016602,116.30699920654297,390408.0
10/28/2020,107.12000274658205,113.4800033569336,106.83000183105467,112.02999877929688,403900,0.0,0.0,-,98.85959980010986,119.04479965209961,119.19749946594239,117.78099899291992,388316.0
10/27/2020,109.56999969482422,112.91999816894533,105.4800033569336,109.37999725341795,791600,0.0,0.0,-,98.73079978942872,119.3477996826172,119.18349952697754,119.2639991760254,383924.0
10/26/2020,115.0,117.0749969482422,112.62000274658205,116.63999938964844,299800,0.0,0.0,-,98.61099979400635,119.73039962768554,119.28349952697754,120.97599945068359,371684.0
10/23/2020,117.18000030517578,117.43000030517578,113.7699966430664,116.54000091552734,220700,0.0,0.0,-,98.44719978332519,119.93659957885743,118.94699974060059,121.83099975585938,369624.0
10/22/2020,114.73999786376952,117.98999786376952,114.73999786376952,116.5500030517578,192500,0.0,0.0,-,98.28574977874756,120.1711996459961,118.53299980163574,122.5009994506836,370156.0
10/21/2020,120.33999633789062,121.6999969482422,115.0,115.0199966430664,268000,0.0,0.0,-,98.12114974975586,120.40159973144532,118.05249977111816,122.84299926757812,371230.0
10/20/2020,123.04000091552734,125.7300033569336,119.05999755859376,120.0199966430664,254200,0.0,0.0,-,97.96169975280762,120.58239974975587,117.95224990844727,123.20599975585938,374268.0
10/19/2020,124.93000030517578,125.73999786376952,121.13999938964844,121.52999877929688,171600,0.0,0.0,-,97.77779975891113,120.63259979248046,117.59775009155274,122.97399978637695,380056.0
10/16/2020,126.70999908447266,127.95999908447266,123.58999633789062,123.73999786376952,253600,0.0,0.0,-,97.58279975891114,120.69879974365234,117.03125,122.70599975585938,381140.0
10/15/2020,125.05999755859376,126.38500213623048,124.36000061035156,126.36000061035156,129800,0.0,0.0,-,97.3789497756958,120.66439971923828,116.47050018310547,121.83399963378906,379372.0
10/14/2020,126.91000366210938,129.07000732421875,126.80999755859376,126.86000061035156,200100,0.0,0.0,-,97.16744976043701,120.6531997680664,115.97650032043457,120.61399993896484,380330.0
10/13/2020,124.66000366210938,127.16999816894533,124.66000366210938,126.5,207200,0.0,0.0,-,96.94939975738525,120.59899978637695,115.46650047302246,119.10299987792969,386302.0
10/12/2020,123.94000244140624,125.80999755859376,122.58000183105467,125.19000244140624,123600,0.0,0.0,-,96.7351997756958,120.5813998413086,115.14500045776367,117.59099960327148,388072.0
10/09/2020,121.2699966430664,123.31999969482422,120.45999908447266,123.23999786376952,156500,0.0,0.0,-,96.52874977111816,120.46459976196289,114.8245002746582,116.0629997253418,394712.0
10/08/2020,119.97000122070312,120.02999877929688,117.93000030517578,119.97000122070312,123600,0.0,0.0,-,96.33574977874756,120.3897998046875,114.44800033569337,114.56500015258788,402156.0
10/07/2020,118.9000015258789,120.16000366210938,118.63999938964844,118.6500015258789,238400,0.0,0.0,-,96.15784976959229,120.48559982299804,114.26650009155273,113.2620002746582,410168.0
10/06/2020,119.08999633789062,121.12999725341795,117.33000183105467,117.6999969482422,206500,0.0,0.0,-,95.98669975280762,120.55579986572266,114.20050010681152,112.69850006103516,450204.0
10/05/2020,116.45999908447266,119.30999755859376,116.45999908447266,118.8499984741211,220700,0.0,0.0,-,95.8151997756958,120.4481999206543,114.14000015258789,112.22150039672852,452578.0
10/02/2020,117.75,118.13999938964844,114.50299835205078,115.0199966430664,246800,0.0,0.0,-,95.6240497970581,120.18739990234376,114.20650024414063,111.35650024414062,456064.0
10/01/2020,112.19000244140624,114.31999969482422,111.2699966430664,114.16000366210938,223700,0.0,0.0,-,95.45064979553223,120.1016000366211,114.63400039672851,111.10700073242188,458898.0
09/30/2020,112.0,113.61000061035156,111.36000061035156,111.75,378600,0.0,0.0,-,95.27754978179932,120.02279998779296,115.45650024414063,111.3390007019043,462272.0
09/29/2020,110.08000183105467,112.04000091552734,109.8949966430664,111.37999725341795,261400,0.0,0.0,-,95.11609977722168,119.91459991455078,116.31800003051758,111.83000106811524,461434.0
09/28/2020,110.04000091552734,111.05999755859376,108.29000091552734,109.91000366210938,318300,0.0,0.0,-,94.9654497909546,119.79919998168945,117.23849983215332,112.69900131225586,460064.0
09/25/2020,106.98999786376952,108.97000122070312,105.97000122070312,108.26000213623048,256800,0.0,0.0,-,94.81229976654053,119.71139984130859,118.1354995727539,113.58600082397462,458192.0
09/24/2020,112.16000366210938,112.19000244140624,106.16000366210938,106.94000244140624,389500,0.0,0.0,-,94.66709976196289,119.62419982910156,118.92049942016601,114.33100051879883,456692.0
09/23/2020,112.43000030517578,113.41000366210938,111.87999725341795,113.01499938964844,489200,0.0,0.0,-,94.53284973144531,119.58659973144532,119.74649925231934,115.27099990844727,455696.0
09/22/2020,110.94000244140624,113.25,108.8000030517578,112.93000030517578,495400,0.0,0.0,-,94.36832473754883,119.31689971923828,120.31774940490723,115.70250015258789,450578.0
09/21/2020,110.5,111.0749969482422,107.83999633789062,110.1999969482422,497700,0.0,0.0,-,94.18992473602295,118.98589965820312,120.82174949645996,116.05849990844726,446458.0
09/18/2020,117.30999755859376,117.30999755859376,111.27999877929688,112.5250015258789,5528600,0.0,0.0,-,94.0250747680664,118.7454997253418,121.57624969482421,117.05650024414062,440772.0
09/17/2020,115.12000274658205,117.7300033569336,114.98999786376952,116.4800033569336,244800,0.0,0.0,-,93.84524974822997,118.4763996887207,122.22799949645996,118.16100006103515,335662.0
09/16/2020,120.48999786376952,120.7300033569336,116.19000244140624,116.66000366210938,282800,0.0,0.0,-,93.64559974670411,118.11919967651367,122.7449993133545,119.57399978637696,335808.0
09/15/2020,119.58000183105467,123.96199798583984,119.31500244140624,120.06999969482422,270000,0.0,0.0,-,93.44564971923828,117.74539962768554,123.27099914550782,120.80599899291992,334988.0
09/14/2020,117.16999816894533,119.16999816894533,116.61000061035156,118.77999877929688,328900,0.0,0.0,-,93.23659973144531,117.26839965820312,123.6929988861084,121.77799835205079,334486.0
09/11/2020,117.51000213623048,119.83000183105467,114.29000091552734,115.70999908447266,222100,0.0,0.0,-,93.02579975128174,116.76419967651367,124.10149879455567,122.6849983215332,333134.0
09/10/2020,117.76000213623048,118.7699966430664,115.98999786376952,116.33999633789062,308400,0.0,0.0,-,92.82854976654053,116.30899963378906,124.72949905395508,123.5099983215332,332068.0
09/09/2020,117.86000061035156,119.0199966430664,116.66999816894533,117.33000183105467,270100,0.0,0.0,-,92.6214497756958,115.84259963989258,125.31599960327148,124.22199859619141,330834.0
09/08/2020,114.1999969482422,117.62000274658205,112.5500030517578,116.48999786376952,753900,0.0,0.0,-,92.40849975585938,115.30039962768555,125.65249938964844,124.93299865722656,328694.0
09/04/2020,124.48999786376952,124.88999938964844,115.6999969482422,120.18000030517578,317000,0.0,0.0,-,92.19784976959228,114.72679962158203,125.95449943542481,125.58499908447266,319312.0
09/03/2020,130.35000610351562,130.6300048828125,122.95999908447266,123.56999969482422,330500,0.0,0.0,-,91.95939975738526,114.09859954833985,126.18749923706055,126.09599914550782,317382.0
09/02/2020,129.44000244140625,130.99000549316406,127.55999755859376,130.61000061035156,231600,0.0,0.0,-,91.6976997756958,113.38179962158203,126.10999908447266,126.29499893188476,314630.0
09/01/2020,130.3000030517578,130.7100067138672,127.47000122070312,128.97999572753906,196300,0.0,0.0,-,91.40814975738526,112.57879959106445,125.86949920654297,125.91599884033204,314592.0
08/31/2020,127.20999908447266,131.3300018310547,127.19000244140624,129.7899932861328,249900,0.0,0.0,-,91.1239497756958,111.76579971313477,125.62799949645996,125.7359992980957,315260.0
08/28/2020,124.08999633789062,128.0800018310547,123.83999633789062,127.8499984741211,170800,0.0,0.0,-,90.82834980010986,110.96919982910157,125.41949996948242,125.60799942016601,319640.0
08/27/2020,123.06999969482422,125.31500244140624,121.06999969482422,123.95999908447266,250300,0.0,0.0,-,90.54344982147217,110.19039993286133,124.99449996948242,125.51799926757812,320660.0
08/26/2020,124.58000183105467,125.0,122.65499877929688,123.45999908447266,171200,0.0,0.0,-,90.27404983520508,109.47179992675781,124.7715000152588,125.94899978637696,321424.0
08/25/2020,122.29000091552734,124.44000244140624,120.5500030517578,124.44000244140624,165300,0.0,0.0,-,90.0075248336792,108.78339996337891,124.83650016784668,126.41000061035156,323626.0
08/24/2020,126.45999908447266,126.45999908447266,122.13999938964844,123.01000213623048,226800,0.0,0.0,-,89.73747482299805,108.02019989013672,124.72250022888184,126.37200012207032,324278.0
08/21/2020,125.5,126.13999938964844,123.06999969482422,125.29000091552734,319800,0.0,0.0,-,89.47837482452393,107.2513998413086,124.18800010681153,126.32399978637696,325112.0
08/20/2020,126.47000122070312,127.1500015258789,125.12999725341795,125.55999755859376,304900,0.0,0.0,-,89.22892482757568,106.36719985961913,123.21399993896485,126.27899932861328,325056.0
08/19/2020,126.02999877929688,128.9199981689453,125.8499984741211,126.81999969482422,252100,0.0,0.0,-,88.9767748260498,105.60979995727538,122.47250022888184,125.92499923706055,323022.0
08/18/2020,128.5,128.8800048828125,126.5500030517578,127.18000030517578,184300,0.0,0.0,-,88.71767482757568,104.8581999206543,121.64250030517579,125.8229995727539,322856.0
08/17/2020,127.31999969482422,129.01499938964844,126.8000030517578,128.50999450683594,179600,0.0,0.0,-,88.4499248123169,104.19099990844727,120.60050010681152,125.51999969482422,324718.0
08/14/2020,128.63999938964844,129.27000427246094,126.19000244140624,126.9499969482422,196800,0.0,0.0,-,88.18207485198974,103.39020004272462,119.4555004119873,125.23100051879882,325448.0
08/13/2020,128.0399932861328,129.11000061035156,126.38999938964844,128.27000427246094,247300,0.0,0.0,-,87.9271248626709,102.65160003662109,118.38400039672851,124.47100067138672,325910.0
08/12/2020,124.05999755859376,128.17999267578125,124.05999755859376,128.07000732421875,246200,0.0,0.0,-,87.67082485198975,101.8915998840332,117.16550025939941,123.59400024414063,325900.0
08/11/2020,122.6500015258789,127.38999938964844,122.3000030517578,124.05999755859376,419900,0.0,0.0,-,87.40732482910157,101.13839981079101,116.01499977111817,123.2629997253418,326306.0
08/10/2020,120.4800033569336,122.9250030517578,117.23999786376952,122.52999877929688,543600,0.0,0.0,-,87.16517482757568,100.44959991455079,114.78849983215332,123.07300033569337,324092.0
08/07/2020,121.79000091552734,125.0,121.37000274658205,124.83999633789062,225800,0.0,0.0,-,86.92597484588623,99.85539993286133,113.48099975585937,122.0520004272461,322778.0
08/06/2020,125.5999984741211,126.11000061035156,121.4800033569336,122.0199966430664,165200,0.0,0.0,-,86.67662487030029,99.24360000610352,112.14799995422364,120.14900054931641,322922.0
08/05/2020,125.41000366210938,125.97000122070312,123.44000244140624,125.8000030517578,177700,0.0,0.0,-,86.44647487640381,98.7168000793457,111.00050010681153,119.02000122070312,325912.0
08/04/2020,125.77999877929688,126.52999877929688,123.10399627685548,124.1500015258789,498700,0.0,0.0,-,86.20377487182617,98.05380004882812,109.64150009155273,117.46200103759766,328240.0
08/03/2020,121.0999984741211,125.7699966430664,120.0199966430664,125.62000274658205,295700,0.0,0.0,-,85.9727248764038,97.41440002441406,108.33250007629394,115.68100051879883,321502.0
07/31/2020,119.5199966430664,120.01000213623048,116.62999725341795,119.3499984741211,455600,0.0,0.0,-,85.73467487335205,96.70199996948242,106.8625,113.68000030517578,321116.0
07/30/2020,122.54000091552734,124.1500015258789,118.41999816894533,119.5,528700,0.0,0.0,-,85.53952487945557,96.1166000366211,105.57350006103516,112.29700012207032,318408.0
07/29/2020,123.0,125.40499877929688,120.76000213623048,124.76000213623048,524200,0.0,0.0,-,85.33222488403321,95.45540008544921,104.24599990844726,110.7370002746582,310976.0
07/28/2020,131.99000549316406,144.49000549316406,116.33000183105467,122.16000366210938,2240200,0.0,0.0,-,85.1021248626709,94.70059997558593,102.65899963378907,108.76699981689453,305254.0
07/27/2020,106.69000244140624,112.5999984741211,106.69000244140624,112.31999969482422,325200,0.0,0.0,-,84.8825248336792,93.94459991455078,101.06199951171875,106.50399932861328,264882.0
07/24/2020,110.04000091552734,110.04000091552734,105.36000061035156,105.80999755859376,395000,0.0,0.0,-,84.71537483215332,93.3347999572754,99.83649940490723,104.90999908447266,263166.0
07/23/2020,111.11000061035156,114.12000274658205,109.7699966430664,110.7300033569336,388500,0.0,0.0,-,84.57202484130859,92.82360000610352,98.98449935913087,104.14699935913086,266990.0
07/22/2020,106.88999938964844,111.30999755859376,106.88999938964844,110.22000122070312,392400,0.0,0.0,-,84.41982482910156,92.27759994506836,97.83449935913086,102.98099899291992,265122.0
07/21/2020,105.31999969482422,107.80999755859376,105.30999755859376,106.33999633789062,336700,0.0,0.0,-,84.27217483520508,91.79259994506836,96.84649925231933,101.82099914550781,262412.0
07/20/2020,105.0199966430664,106.61000061035156,104.41000366210938,105.61000061035156,192900,0.0,0.0,-,84.13372486114503,91.30940002441406,95.94599952697754,100.98399963378907,259856.0
07/17/2020,104.08999633789062,106.22000122070312,103.28500366210938,105.5199966430664,224700,0.0,0.0,-,84.00622486114501,90.78360000610351,95.16349945068359,100.04499969482421,260234.0
07/16/2020,105.0,105.0,103.16000366210938,103.9000015258789,181800,0.0,0.0,-,83.89062488555908,90.2452000427246,94.33299980163574,98.85,260186.0
07/15/2020,101.4800033569336,106.30999755859376,100.0199966430664,105.05999755859376,339700,0.0,0.0,-,83.79132488250733,89.77360000610352,93.53949966430665,97.75499954223633,261416.0
07/14/2020,96.41999816894533,99.58999633789062,94.72000122070312,99.52999877929688,233300,0.0,0.0,-,83.68167488098145,89.25300003051758,92.73849983215332,96.55099945068359,260470.0
07/13/2020,97.47000122070312,101.37999725341795,96.2699966430664,96.37999725341795,289400,0.0,0.0,-,83.60322486877442,88.78580001831055,92.07599983215331,95.61999969482422,262884.0
07/10/2020,99.20999908447266,99.27999877929688,97.4000015258789,98.18000030517578,213400,0.0,0.0,-,83.54642486572266,88.45540008544921,91.48549995422363,94.76299972534181,266886.0
07/09/2020,98.45999908447266,100.5500030517578,98.1750030517578,99.06999969482422,273100,0.0,0.0,-,83.47872486114503,88.1784001159668,90.63050003051758,93.82199935913087,280154.0
07/08/2020,98.56999969482422,99.83000183105467,97.66000366210938,98.62000274658205,252100,0.0,0.0,-,83.40777484893799,87.9102001953125,90.06150016784667,92.68799972534181,283014.0
07/07/2020,95.4800033569336,98.8499984741211,95.18000030517578,97.97000122070312,241800,0.0,0.0,-,83.33967483520507,87.6670001220703,89.59249992370606,91.87199935913085,282784.0
07/06/2020,94.33999633789062,96.3000030517578,93.9749984741211,96.22000122070312,244900,0.0,0.0,-,83.27397483825683,87.38400009155274,89.3849998474121,90.90799942016602,281740.0
07/02/2020,92.4499969482422,94.90499877929688,90.01000213623047,93.56999969482422,261300,0.0,0.0,-,83.216524848938,87.15920013427734,88.99749984741212,90.28199920654296,282612.0
07/01/2020,93.73999786376952,94.6999969482422,91.9800033569336,92.9499969482422,168800,0.0,0.0,-,83.1781248474121,86.94200012207031,88.81999969482422,89.81599960327148,280878.0
06/30/2020,90.33000183105467,93.36000061035156,89.75,93.0199966430664,246700,0.0,0.0,-,83.13557487487793,86.65920013427734,88.68599967956543,89.32399978637696,282280.0
06/29/2020,88.9800033569336,90.26000213623048,86.83999633789062,90.22000122070312,163100,0.0,0.0,-,83.098724899292,86.50940017700195,88.55550003051758,88.92600021362304,283484.0
06/26/2020,88.56999969482422,89.18000030517578,87.2699966430664,87.80999755859375,284800,0.0,0.0,-,83.0572248840332,86.45860015869141,88.52550010681152,88.53199996948243,286068.0
06/25/2020,85.97000122070312,88.86000061035156,85.22000122070312,88.7699966430664,220500,0.0,0.0,-,83.02497489929199,86.34860015869141,88.77600021362305,88.20800018310547,285572.0
06/24/2020,89.30999755859375,90.22000122070312,86.12000274658203,87.7300033569336,192900,0.0,0.0,-,82.98357490539551,86.14460021972656,89.05000038146973,87.43900070190429,288148.0
06/23/2020,88.5,91.27999877929688,87.75,90.45999908447266,229700,0.0,0.0,-,82.9504748916626,86.05740020751954,89.44750022888184,87.43500061035157,288526.0
06/22/2020,89.69999694824219,90.48999786376952,87.21800231933594,88.33000183105469,229700,0.0,0.0,-,82.91312488555909,85.87120025634766,89.55700035095215,87.31300048828125,286834.0
06/19/2020,89.81999969482422,90.95999908447266,88.62000274658203,89.95999908447266,468900,0.0,0.0,-,82.88512489318848,85.7670002746582,89.7495002746582,87.8620002746582,287294.0
06/18/2020,87.79000091552734,91.16999816894533,87.79000091552734,88.91000366210938,221800,0.0,0.0,-,82.84227489471435,85.61080032348633,89.75150032043457,87.71300048828125,282950.0
06/17/2020,88.56999969482422,90.87000274658205,87.05999755859375,88.02999877929688,288500,0.0,0.0,-,82.79997486114502,85.40400024414062,89.81000022888183,87.82399978637696,284086.0
06/16/2020,89.6500015258789,89.98999786376953,86.80999755859375,89.04000091552734,281300,0.0,0.0,-,82.76437488555908,85.18220031738281,89.73050041198731,88.04799957275391,284278.0
06/15/2020,82.5999984741211,86.48999786376953,81.74500274658203,86.27999877929688,197900,0.0,0.0,-,82.72612487792969,84.76300033569336,89.62950019836425,88.18499984741212,285800.0
06/12/2020,84.2300033569336,85.8499984741211,82.36000061035156,84.56999969482422,268500,0.0,0.0,-,82.7003748703003,84.47580032348633,89.53350028991699,88.51900024414063,286938.0
06/11/2020,85.55000305175781,85.55000305175781,80.80000305175781,81.08000183105469,317000,0.0,0.0,-,82.67932487487793,84.15340026855469,89.39650039672851,89.34400024414063,291072.0
06/10/2020,89.41000366210938,90.08999633789062,86.95999908447266,87.69000244140625,203200,0.0,0.0,-,82.67487487792968,83.99940017700196,89.35500030517578,90.66100006103515,293322.0
06/09/2020,93.66000366210938,93.73999786376952,89.11000061035156,89.23999786376953,243800,0.0,0.0,-,82.63097488403321,83.74700012207032,89.14200019836426,91.4599998474121,298312.0
06/08/2020,92.37999725341795,94.5500030517578,90.06999969482422,93.81999969482422,277400,0.0,0.0,-,82.58447490692139,83.29940017700196,88.97850036621094,91.80100021362304,303356.0
06/05/2020,92.1999969482422,92.86000061035156,88.31999969482422,88.47000122070312,216100,0.0,0.0,-,82.52102489471436,82.89220016479493,88.39650039672851,91.6370002746582,304952.0
06/04/2020,89.52999877929688,90.9800033569336,87.94999694824219,90.0199966430664,219900,0.0,0.0,-,82.4816248703003,82.48220016479492,87.93900032043457,91.7900001525879,310504.0
06/03/2020,91.16999816894533,91.87999725341795,90.16000366210938,90.2699966430664,246800,0.0,0.0,-,82.43632488250732,82.05320022583008,87.36800041198731,91.79600067138672,314902.0
06/02/2020,89.91000366210938,90.62000274658205,88.05000305175781,90.41000366210938,266500,0.0,0.0,-,82.379974899292,81.48420028686523,86.8705005645752,91.4130012512207,329182.0
06/01/2020,92.72000122070312,92.72000122070312,89.4800033569336,89.62000274658203,309200,0.0,0.0,-,82.31807487487794,81.05880020141602,86.30150032043457,91.07400054931641,340570.0
05/29/2020,93.93000030517578,93.93000030517578,91.46499633789062,92.81999969482422,477900,0.0,0.0,-,82.2538748550415,80.56540008544921,85.62900009155274,90.54800033569336,354436.0
05/28/2020,96.7300033569336,97.0,93.58000183105467,94.25,233000,0.0,0.0,-,82.18727485656738,79.94320007324218,84.9810001373291,89.44900054931641,358368.0
05/27/2020,92.9000015258789,95.7300033569336,90.28500366210938,95.68000030517578,314700,0.0,0.0,-,82.1066248703003,79.51260009765625,84.48500022888183,88.0490005493164,369690.0
05/26/2020,95.0,95.26499938964844,91.0,92.6500015258789,294100,0.0,0.0,-,82.02157485961914,79.01080001831055,83.98400039672852,86.82400054931641,370820.0
05/22/2020,90.5199966430664,92.91000366210938,90.0989990234375,92.18000030517578,161800,0.0,0.0,-,81.95492485046387,78.70959991455078,83.6745002746582,86.15600051879883,373822.0
05/21/2020,89.05000305175781,90.51000213623048,88.33000183105469,90.0,276400,0.0,0.0,-,81.87522483825684,78.31119995117187,83.25650024414062,85.15600051879883,382810.0
05/20/2020,87.66999816894531,90.2969970703125,85.9800033569336,90.08000183105467,320200,0.0,0.0,-,81.80872482299804,78.18399993896485,83.0055004119873,84.08800048828125,387158.0
05/19/2020,86.70999908447266,88.0,86.33000183105469,86.44000244140625,157100,0.0,0.0,-,81.7360248184204,78.24199996948242,82.6370002746582,82.94000015258788,389070.0
05/18/2020,86.19999694824219,88.2040023803711,85.96499633789062,87.0199966430664,238100,0.0,0.0,-,81.68622482299804,78.32459991455079,82.25550003051758,82.32799987792968,393628.0
05/15/2020,81.47000122070312,84.41000366210938,80.0199966430664,84.36000061035156,221600,0.0,0.0,-,81.64332485198975,78.55119995117188,82.18100013732911,81.52900009155273,393822.0
05/14/2020,78.5,82.23999786376953,78.45500183105469,81.83000183105469,239400,0.0,0.0,-,81.61532485961914,78.79019989013672,82.34700012207031,80.7099998474121,395162.0
05/13/2020,83.5,84.27999877929688,78.48999786376953,80.25,586200,0.0,0.0,-,81.60422485351563,79.15619979858398,82.37099990844726,80.5129997253418,395860.0
05/12/2020,86.94999694824219,86.94999694824219,83.12999725341797,83.43000030517578,295100,0.0,0.0,-,81.54137485504151,79.37259979248047,82.28699989318848,80.92099990844727,391746.0
05/11/2020,82.20999908447266,86.29499816894531,81.33000183105469,85.97000122070312,256900,0.0,0.0,-,81.44302484512329,79.60079971313476,82.28400001525878,81.14400024414063,394498.0
05/08/2020,80.22000122070312,82.3280029296875,79.6500015258789,82.18000030517578,208900,0.0,0.0,-,81.32632484436036,79.68019973754883,82.04300003051758,81.19300003051758,400008.0
05/07/2020,79.77999877929688,80.87000274658203,79.12999725341797,79.31999969482422,211800,0.0,0.0,-,81.2312748336792,79.93919967651367,82.09000015258789,81.35699996948242,408928.0
05/06/2020,80.68000030517578,81.322998046875,78.5999984741211,78.5999984741211,222300,0.0,0.0,-,81.14827484130859,80.36239974975587,82.23150024414062,81.92300033569336,413708.0
05/05/2020,80.04000091552734,82.37000274658203,78.2300033569336,80.31999969482422,243300,0.0,0.0,-,81.06777484893799,80.82939971923828,82.23000030517578,82.33400039672851,423226.0
05/04/2020,76.29000091552734,79.11000061035156,75.30899810791016,79.02999877929688,292400,0.0,0.0,-,80.97807485580444,81.20339965820312,82.06100044250488,82.18300018310546,426116.0
05/01/2020,78.58999633789062,78.58999633789062,73.62100219726562,76.16999816894531,354000,0.0,0.0,-,80.8986248588562,81.61439971923828,81.51350059509278,82.83300018310547,423088.0
04/30/2020,84.98999786376953,85.0,79.69999694824219,79.86000061035156,489500,0.0,0.0,-,80.82982486724853,82.08939971923829,81.30100059509277,83.98400039672852,419248.0
04/29/2020,87.75,87.75,76.11000061035156,84.33000183105469,876800,0.0,0.0,-,80.74752487182617,82.4981997680664,80.73050041198731,84.22900009155273,413940.0
04/28/2020,88.2699966430664,89.41000366210938,84.94999694824219,85.66000366210938,416100,0.0,0.0,-,80.64322486877441,82.77499969482422,80.18300018310546,83.65299987792969,400242.0
04/27/2020,85.55000305175781,88.0199966430664,84.0199966430664,86.45999908447266,240600,0.0,0.0,-,80.52812484741212,83.01899963378906,79.65349998474122,83.42399978637695,395694.0
04/24/2020,85.12000274658203,85.91000366210938,83.16000366210938,83.81999969482422,189600,0.0,0.0,-,80.4086248588562,83.24539962768554,78.67350006103516,82.89300003051758,393146.0
04/23/2020,83.23999786376953,85.66999816894531,81.30000305175781,84.9800033569336,288500,0.0,0.0,-,80.3023748588562,83.50739959716798,78.15550003051757,82.82300033569337,392152.0
04/22/2020,81.27999877929688,83.16000366210938,80.05999755859375,82.70999908447266,174600,0.0,0.0,-,80.19347484588623,83.74579956054687,77.30499992370605,82.5400001525879,389106.0
04/21/2020,83.80000305175781,83.80000305175781,78.04000091552734,78.80999755859375,238900,0.0,0.0,-,80.0978748512268,83.97039962768555,76.59799995422364,82.12600021362304,388186.0
04/20/2020,83.05000305175781,87.56999969482422,83.05000305175781,85.52999877929688,306900,0.0,0.0,-,80.02677484512328,84.25759963989258,75.74850006103516,81.93900070190429,388486.0
04/17/2020,85.0,87.88999938964844,83.39700317382812,87.68000030517578,292300,0.0,0.0,-,79.9230248451233,84.44659973144532,74.92900009155274,80.19400100708008,386566.0
04/16/2020,79.62999725341797,83.62999725341797,77.47000122070312,82.30999755859375,260000,0.0,0.0,-,79.80697484970092,84.6029997253418,73.79249992370606,78.61800079345703,388984.0
04/15/2020,81.01000213623047,81.5510025024414,77.9000015258789,78.56999969482422,349300,0.0,0.0,-,79.71972486495972,84.81099975585937,72.7625,77.23200073242188,388078.0
04/14/2020,83.66000366210938,84.0,81.45500183105469,83.37000274658203,211800,0.0,0.0,-,79.65397485733033,84.99079971313476,72.47000007629394,76.71300048828125,384316.0
04/13/2020,82.37000274658203,82.55999755859375,79.62999725341797,81.1500015258789,145100,0.0,0.0,-,79.55787485122681,85.03439971923828,71.83099975585938,75.88300018310547,384600.0
04/09/2020,84.30000305175781,84.30000305175781,81.18499755859375,83.12000274658203,252700,0.0,0.0,-,79.46137483596802,85.17039962768554,71.65299949645996,74.45400009155273,383542.0
04/08/2020,80.26000213623047,82.68000030517578,75.79000091552734,82.1500015258789,251700,0.0,0.0,-,79.35627481460571,85.27859954833984,71.10999946594238,73.4879997253418,381214.0
04/07/2020,78.66000366210938,80.97000122070312,77.44000244140625,78.56999969482422,278600,0.0,0.0,-,79.2544248008728,85.40399948120117,71.18449935913085,72.06999969482422,378578.0
04/06/2020,71.0,77.41000366210938,70.93499755859375,76.94000244140625,298100,0.0,0.0,-,79.17437480926513,85.5861994934082,71.90499954223633,71.06999969482422,376676.0
04/03/2020,70.61000061035156,72.74500274658203,66.77999877929688,68.08000183105469,357400,0.0,0.0,-,79.0961747932434,85.80879943847657,72.58649940490723,69.55799942016601,375122.0
04/02/2020,68.12999725341797,72.44999694824219,67.0,71.91999816894531,254800,0.0,0.0,-,79.05997478485108,86.27059936523438,74.09999923706054,69.66399917602538,371372.0
04/01/2020,70.4000015258789,71.0,67.08999633789062,68.44999694824219,475200,0.0,0.0,-,78.99657480239868,86.66719940185547,75.31949920654297,68.96699905395508,368338.0
03/31/2020,75.16000366210938,77.26000213623047,70.41000366210938,73.37999725341797,429500,0.0,0.0,-,78.9389248085022,87.11979949951171,76.90349922180175,68.29299926757812,361054.0
03/30/2020,67.52999877929688,75.44000244140625,66.00900268554688,75.06999969482422,452700,0.0,0.0,-,78.84897481918335,87.4711994934082,77.78799934387207,68.22699966430665,355822.0
03/27/2020,70.5999984741211,72.70999908447266,66.20999908447266,66.86000061035156,496000,0.0,0.0,-,78.75552482604981,87.79059951782227,78.7764991760254,67.77899932861328,350342.0
03/26/2020,68.45999908447266,74.75,68.45999908447266,73.45999908447266,357200,0.0,0.0,-,78.70122482299804,88.2359994506836,79.93049926757813,68.85199890136718,346018.0
03/25/2020,68.37999725341797,74.52999877929688,66.66000366210938,67.97000122070312,493700,0.0,0.0,-,78.61117483139039,88.49219940185547,81.0139991760254,68.73199920654297,341554.0
03/24/2020,64.98999786376953,69.0,63.17300033569336,68.56999969482422,439800,0.0,0.0,-,78.55007482528687,88.84119934082031,82.63949928283691,70.2989990234375,335092.0
03/23/2020,68.31999969482422,68.36000061035156,58.720001220703125,61.81999969482422,960800,0.0,0.0,-,78.48322483062744,89.14739929199219,84.30849914550781,72.73999938964843,329056.0
03/20/2020,65.9000015258789,74.29000091552734,65.76000213623047,69.13999938964844,835900,0.0,0.0,-,78.45087482452392,89.5959992980957,86.16849899291992,75.61499938964843,312140.0
03/19/2020,61.93000030517578,67.15499877929688,59.16999816894531,64.94999694824219,1002500,0.0,0.0,-,78.38597482681274,89.8857992553711,87.69049911499023,78.5359992980957,298868.0
03/18/2020,66.31999969482422,70.01000213623047,59.33700180053711,61.709999084472656,674500,0.0,0.0,-,78.33967483520507,90.24939926147461,89.43899917602539,81.67199935913087,282088.0
03/17/2020,69.68000030517578,73.69000244140625,64.11000061035156,72.72000122070312,799100,0.0,0.0,-,78.29932483673096,90.67999923706054,91.36849937438964,85.5139991760254,272374.0
03/16/2020,72.7699966430664,74.7699966430664,70.0,70.58999633789062,371200,0.0,0.0,-,78.20562482833863,90.87619918823242,92.64099922180176,87.3489990234375,261696.0
03/13/2020,76.30000305175781,77.58999633789062,70.9000015258789,77.58999633789062,444200,0.0,0.0,-,78.12797485351562,91.12379928588867,94.0044994354248,89.7739990234375,259070.0
03/12/2020,78.4000015258789,78.4000015258789,72.0,72.26000213623047,611200,0.0,0.0,-,78.01987487792968,91.25319931030273,95.01399955749511,91.00899963378906,255832.0
03/11/2020,90.08000183105467,90.36000061035156,82.41999816894531,83.63999938964844,493800,0.0,0.0,-,77.94107486724853,91.47299926757813,96.24699935913085,93.2959991455078,246514.0
03/10/2020,93.58000183105467,95.12999725341795,88.33000183105469,92.9800033569336,415800,0.0,0.0,-,77.80297487258912,91.47339935302735,96.90999946594238,94.97999954223633,239556.0
03/09/2020,91.48999786376952,97.0199966430664,90.22000122070312,90.56999969482422,385000,0.0,0.0,-,77.62032485961915,91.29179931640626,96.95799942016602,95.87699890136719,234022.0
03/06/2020,94.38999938964844,98.59500122070312,91.8000030517578,98.3499984741211,247800,0.0,0.0,-,77.45867486953735,91.17319931030273,97.08799934387207,96.72199859619141,227840.0
03/05/2020,96.93000030517578,100.8949966430664,95.47000122070312,96.30999755859376,288600,0.0,0.0,-,77.2524748802185,90.89399932861328,96.9194995880127,96.84499893188476,226414.0
03/04/2020,94.23999786376952,100.62999725341795,92.76000213623048,100.12999725341795,274300,0.0,0.0,-,77.04962490081788,90.65619934082031,96.87899971008301,97.20599899291992,229004.0
03/03/2020,95.11000061035156,97.91000366210938,89.62000274658203,91.06999969482422,380500,0.0,0.0,-,76.82392492294312,90.32159942626953,96.50799980163575,97.22299957275389,228744.0
03/02/2020,90.87999725341795,95.51000213623048,90.52999877929688,94.83999633789062,432700,0.0,0.0,-,76.64847492218017,90.11259948730469,96.33249969482422,97.93299942016601,224274.0
02/28/2020,92.0,95.12000274658205,88.0999984741211,89.94000244140625,532400,0.0,0.0,-,76.45047494888306,89.82259948730469,95.86800003051758,98.23499984741211,219282.0
02/27/2020,98.31999969482422,99.61399841308594,95.0,95.12999725341795,654900,0.0,0.0,-,76.27287492752075,89.6145994567871,95.76849975585938,99.01899948120118,213270.0
02/26/2020,102.91000366210938,103.7249984741211,98.76000213623048,100.4800033569336,450800,0.0,0.0,-,76.06597494125366,89.3011994934082,95.43849983215333,99.19799957275391,204456.0
02/25/2020,103.97000122070312,109.08999633789062,100.69499969482422,101.9499969482422,698200,0.0,0.0,-,75.84267492294312,88.91659942626953,94.8354995727539,98.83999938964845,200778.0
02/24/2020,95.93000030517578,99.04000091552734,95.38999938964844,99.0199966430664,387800,0.0,0.0,-,75.61527494430543,88.46319946289063,94.12199974060059,98.03899993896485,191650.0
02/21/2020,99.62000274658205,100.4000015258789,98.25,99.58000183105467,141000,0.0,0.0,-,75.40272495269775,88.06719955444336,93.57449989318847,97.45400009155273,188812.0
02/20/2020,99.83000183105467,101.12000274658205,98.88999938964844,99.91999816894533,162000,0.0,0.0,-,75.19102495193482,87.67739944458008,93.15399971008301,96.99400024414064,192194.0
02/19/2020,97.8000030517578,100.79000091552734,97.8000030517578,100.3000030517578,224100,0.0,0.0,-,74.98417495727539,87.28119949340821,92.74549980163575,96.5520004272461,193802.0
02/18/2020,97.62000274658205,98.41000366210938,95.6500015258789,98.16999816894533,191900,0.0,0.0,-,74.77142494201661,86.82019943237304,92.28449974060058,95.79300003051759,193550.0
02/14/2020,97.81999969482422,98.6999969482422,95.7699966430664,97.86000061035156,188700,0.0,0.0,-,74.56362495422363,86.40139953613281,91.92349967956542,94.73199996948242,193434.0
02/13/2020,96.2699966430664,97.95999908447266,95.95999908447266,97.77999877929688,113200,0.0,0.0,-,74.35257495880127,85.97539947509766,91.58249969482422,93.50100021362304,193602.0
02/12/2020,97.25,98.0,96.16999816894533,96.91999816894533,139900,0.0,0.0,-,74.14452495574952,85.55079956054688,91.14999961853027,92.51800003051758,195528.0
02/11/2020,94.77999877929688,97.08000183105467,94.4000015258789,96.9000015258789,136200,0.0,0.0,-,73.95607496261597,85.14579956054688,90.61749954223633,91.67900009155274,194416.0
02/10/2020,93.04000091552734,94.04100036621094,92.1439971923828,93.94000244140624,128600,0.0,0.0,-,73.76512495040893,84.7729995727539,90.04349937438965,90.83099975585938,197230.0
02/07/2020,94.6999969482422,94.6999969482422,90.4000015258789,93.16999816894533,253900,0.0,0.0,-,73.5846749305725,84.42659957885742,89.54049911499024,90.20499954223632,201386.0
02/06/2020,95.87999725341795,96.4000015258789,94.54000091552734,94.9800033569336,210900,0.0,0.0,-,73.40467493057251,84.08839965820313,89.09449920654296,89.69499969482422,201116.0
02/05/2020,93.41999816894533,96.8000030517578,93.1999969482422,95.5,413200,0.0,0.0,-,73.21647491455079,83.68719955444335,88.5269989013672,89.31399917602539,202060.0
02/04/2020,88.7699966430664,92.81999969482422,88.02999877929688,92.70999908447266,214700,0.0,0.0,-,73.01437492370606,83.27199951171875,87.90849876403809,88.93899917602539,201290.0
02/03/2020,86.30999755859375,88.12999725341797,85.56999969482422,87.55999755859375,161200,0.0,0.0,-,72.82132492065429,82.90499954223633,87.43499870300293,88.7759994506836,204850.0
01/31/2020,87.7699966430664,87.94000244140625,85.33000183105469,85.55000305175781,226000,0.0,0.0,-,72.65432493209839,82.60359954833984,87.18349876403809,89.11499938964843,205780.0
01/30/2020,87.9000015258789,88.91999816894531,86.95999908447266,87.94999694824219,92200,0.0,0.0,-,72.50777492523193,82.31719955444336,87.05449867248535,89.66399917602538,205468.0
01/29/2020,88.62000274658203,89.41999816894531,88.25,88.52999877929688,136300,0.0,0.0,-,72.3624249458313,82.01219955444336,86.85999870300293,89.78199920654296,208822.0
01/28/2020,88.51000213623047,89.05000305175781,87.84500122070312,88.41999816894531,119900,0.0,0.0,-,72.21357494354248,81.68439956665038,86.59599876403809,89.55599899291992,211734.0
01/27/2020,86.58000183105469,88.0,82.88999938964844,87.68000030517578,183500,0.0,0.0,-,72.07477495193481,81.3293995666504,86.35799903869629,89.25599899291993,213890.0
01/24/2020,91.4000015258789,91.65499877929688,87.29000091552734,88.06999969482422,220400,0.0,0.0,-,71.93632495880126,80.99319961547852,86.16899909973145,88.87599868774414,214222.0
01/23/2020,91.62000274658205,91.7300033569336,89.97000122070312,91.16999816894533,169900,0.0,0.0,-,71.79257495880127,80.63339965820313,85.99749908447265,88.49399871826172,214706.0
01/22/2020,91.33999633789062,92.30999755859376,90.7249984741211,91.75,103100,0.0,0.0,-,71.63702497482299,80.21309967041016,85.65849914550782,87.73999862670898,218296.0
01/21/2020,90.62999725341795,91.80999755859376,90.18000030517578,91.08000183105467,111000,0.0,0.0,-,71.478274974823,79.78669967651368,85.29199905395508,86.87799835205078,221502.0
01/17/2020,91.5500030517578,92.06999969482422,90.05000305175781,90.9499969482422,167900,0.0,0.0,-,71.32232496261597,79.3888996887207,84.90799903869629,86.09399795532227,227970.0
01/16/2020,89.0999984741211,91.1500015258789,88.9800033569336,91.04000091552734,178700,0.0,0.0,-,71.17792497634888,79.07789978027344,84.39149932861328,85.25199813842774,231996.0
01/15/2020,86.2699966430664,89.48999786376953,86.2699966430664,89.12999725341797,279800,0.0,0.0,-,71.02607496261597,78.75969970703125,83.85649909973145,84.44499816894532,235976.0
01/14/2020,85.06999969482422,86.7959976196289,84.82499694824219,86.2699966430664,134000,0.0,0.0,-,70.87572498321533,78.47709976196289,83.37699928283692,83.9379981994629,238064.0
01/13/2020,84.23999786376953,85.46499633789062,83.4000015258789,85.41999816894531,170600,0.0,0.0,-,70.73922500610351,78.22429977416992,83.03649940490723,83.63599853515625,241688.0
01/10/2020,84.4800033569336,85.04000091552734,83.76000213623047,83.87999725341797,138000,0.0,0.0,-,70.60367502212524,78.01469985961914,82.82799949645997,83.45999908447266,243664.0
01/09/2020,83.81999969482422,85.13999938964844,83.73999786376953,84.25,115000,0.0,0.0,-,70.46967504501343,77.85629989624023,82.5979995727539,83.46199951171874,257102.0
01/08/2020,83.4000015258789,86.19999694824219,83.19499969482422,83.62999725341797,172300,0.0,0.0,-,70.33672504425049,77.71149993896485,82.34649963378907,83.5009994506836,268192.0
01/07/2020,83.23999786376953,83.7300033569336,82.25,83.12999725341797,163500,0.0,0.0,-,70.204075050354,77.54630004882813,82.1694995880127,83.57699966430664,268780.0
01/06/2020,81.58000183105469,83.4000015258789,81.05000305175781,83.23999786376953,188800,0.0,0.0,-,70.07167507171631,77.39630004882812,82.01849975585938,83.70599975585938,270060.0
01/03/2020,81.95999908447266,82.91300201416016,81.36000061035156,82.52999877929688,265200,0.0,0.0,-,69.94952508926391,77.22530014038085,81.7189998626709,83.72200012207031,270784.0
01/02/2020,84.98999786376953,85.0999984741211,81.52999877929688,82.97000122070312,239900,0.0,0.0,-,69.82547510147094,77.07410018920899,81.45400009155273,83.53100051879883,271428.0
12/31/2019,83.20999908447266,84.51000213623047,82.94999694824219,84.05999755859375,282300,0.0,0.0,-,69.69467510223389,76.93450012207032,81.13349990844726,83.26800003051758,274056.0
12/30/2019,83.77999877929688,84.52999877929688,82.86000061035156,83.25,145300,0.0,0.0,-,69.55372510910034,76.79850021362304,80.75800018310547,82.81600036621094,274896.0
12/27/2019,84.36000061035156,84.36000061035156,82.37999725341797,83.66000366210938,145900,0.0,0.0,-,69.41142511367798,76.69230026245117,80.42900009155274,82.4370002746582,281574.0
12/26/2019,84.63999938964844,84.65799713134766,83.55500030517578,83.9000015258789,139100,0.0,0.0,-,69.26047510147094,76.57930023193359,80.15900001525878,82.19599990844726,288242.0
12/24/2019,84.56999969482422,84.8499984741211,83.80999755859375,84.63999938964844,75900,0.0,0.0,-,69.10607509613037,76.5077001953125,79.79500007629395,81.73399963378907,290568.0
12/23/2019,84.83000183105469,84.83000183105469,82.81999969482422,84.38999938964844,176500,0.0,0.0,-,68.94797510147094,76.37570022583007,79.37600021362304,81.19199981689454,299594.0
12/20/2019,83.52999877929688,84.55000305175781,82.99500274658203,84.41999816894531,418100,0.0,0.0,-,68.79032510757446,76.2627001953125,78.90250015258789,80.76199951171876,301106.0
12/19/2019,80.61000061035156,83.4000015258789,80.36000061035156,83.4000015258789,261300,0.0,0.0,-,68.62697511672974,76.13910018920899,78.4185001373291,80.33099975585938,297248.0
12/18/2019,80.4800033569336,80.79499816894531,79.83000183105469,80.62000274658203,157000,0.0,0.0,-,68.46707509994506,76.04890014648437,77.96650009155273,79.71599960327148,299360.0
12/17/2019,79.68000030517578,80.44300079345703,78.5,80.33999633789062,183100,0.0,0.0,-,68.32482507705689,75.9793000793457,77.55999984741212,79.37699966430664,308892.0
12/16/2019,80.11000061035156,80.7699966430664,79.4800033569336,79.54000091552734,231800,0.0,0.0,-,68.1944250869751,75.97830017089844,77.10450019836426,78.99899978637696,310602.0
12/13/2019,81.01000213623047,81.08000183105469,79.30000305175781,79.45999908447266,214200,0.0,0.0,-,68.0716750907898,76.00130020141602,76.7625,78.7,310878.0
12/12/2019,79.31999969482422,81.75,79.05000305175781,81.25,266900,0.0,0.0,-,67.94807510375976,75.98510025024414,76.3965000152588,78.42099990844727,318674.0
12/11/2019,80.4000015258789,80.58000183105469,78.36000061035156,79.27999877929688,241800,0.0,0.0,-,67.81657510757447,75.96230026245117,75.86749992370605,78.12200012207032,322422.0
12/10/2019,80.01000213623047,80.17500305175781,78.87999725341797,79.22000122070312,245900,0.0,0.0,-,67.70042510986327,76.02470031738281,75.4470001220703,77.85600051879882,323442.0
12/09/2019,80.8499984741211,80.87000274658203,79.93000030517578,80.08999633789062,310100,0.0,0.0,-,67.57977510452271,76.12110031127929,74.9900001525879,77.56000061035157,325086.0
12/06/2019,77.93000030517578,80.125,77.93000030517578,80.11000061035156,242400,0.0,0.0,-,67.53222513198853,76.18190032958984,74.49325027465821,77.04300079345703,324878.0
12/05/2019,77.47000122070312,77.71499633789062,76.75,77.25,211500,0.0,0.0,-,67.48157514572144,76.25650024414062,74.00925025939941,76.50600051879883,324662.0
12/04/2019,76.73999786376953,77.4800033569336,76.30000305175781,77.2300033569336,186100,0.0,0.0,-,67.44117513656616,76.41190017700195,73.70625038146973,76.21700057983398,324686.0
12/03/2019,75.76000213623047,76.91500091552734,75.12000274658203,76.55999755859375,197100,0.0,0.0,-,67.40612512588501,76.56010009765625,73.614750289917,75.74300003051758,326436.0
12/02/2019,76.81999969482422,77.29000091552734,75.68000030517578,76.55000305175781,209500,0.0,0.0,-,67.3750251197815,76.72650009155274,73.5432502746582,75.21000061035156,327152.0
11/29/2019,78.06999969482422,78.33000183105469,76.55999755859375,76.66999816894531,84300,0.0,0.0,-,67.34407510757447,76.89550003051758,73.46575012207032,74.825,334922.0
11/27/2019,76.98999786376953,78.81999969482422,75.77999877929688,78.26000213623047,276900,0.0,0.0,-,67.30252511978149,77.05870010375976,73.31375007629394,74.37200012207032,341714.0
11/26/2019,76.4000015258789,77.91999816894531,75.83000183105469,76.62000274658203,336400,0.0,0.0,-,67.2466750907898,77.18810012817383,73.14775009155274,73.6129997253418,340040.0
11/25/2019,75.27999877929688,76.7699966430664,75.27999877929688,76.26000213623047,240400,0.0,0.0,-,67.18572507858276,77.37350006103516,73.11474990844727,73.03799972534179,340328.0
11/22/2019,75.02999877929688,75.19000244140625,73.52999877929688,74.91999816894531,258100,0.0,0.0,-,67.11787506103515,77.53710006713867,73.15224990844726,72.41999969482421,346098.0
11/21/2019,74.58000183105469,75.25,73.26000213623047,74.73999786376953,374700,0.0,0.0,-,67.06362506866455,77.75170013427734,73.1747501373291,71.94349975585938,350424.0
11/20/2019,72.58000183105469,74.75,72.57099914550781,74.36000061035156,392700,0.0,0.0,-,67.01337509155273,77.89530014038085,73.21925010681153,71.5125,349312.0
11/19/2019,71.2699966430664,72.91999816894531,70.8499984741211,72.48999786376953,207700,0.0,0.0,-,66.97177509307862,78.03530014038085,73.23575019836426,71.19550018310547,347526.0
11/18/2019,72.41999816894531,72.68000030517578,71.13999938964844,71.2300033569336,210400,0.0,0.0,-,66.94187511444092,78.19530014038087,73.35975036621093,71.4865005493164,353880.0
11/15/2019,72.76000213623047,72.87000274658203,71.91000366210938,72.69999694824219,259900,0.0,0.0,-,66.92427509307862,78.39290008544921,73.59775009155274,71.87649993896484,355104.0
11/14/2019,70.5,72.45999908447266,69.75,72.13999938964844,281900,0.0,0.0,-,66.88942512512207,78.59870010375977,73.82575035095215,72.10650024414062,355334.0
11/13/2019,70.66999816894531,71.2300033569336,70.08000183105469,70.66999816894531,227700,0.0,0.0,-,66.85072513580322,78.81050018310548,74.11575050354004,72.25550003051758,355008.0
11/12/2019,70.0,71.69999694824219,69.0999984741211,70.87000274658203,200100,0.0,0.0,-,66.8168751525879,79.02490020751954,74.4827507019043,72.68250045776367,357586.0
11/11/2019,69.7300033569336,70.3949966430664,69.43000030517578,70.08000183105469,244600,0.0,0.0,-,66.76592514038086,79.21650009155273,74.9552505493164,73.19150009155274,359188.0
11/08/2019,70.0999984741211,70.68000030517578,69.16999816894531,70.15499877929688,349400,0.0,0.0,-,66.7191251373291,79.43310012817383,75.35325050354004,73.8845001220703,358148.0
11/07/2019,71.75,72.4000015258789,69.93000030517578,70.43000030517578,263400,0.0,0.0,-,66.67440013885498,79.65780014038086,75.78250045776367,74.40600051879883,355224.0
11/06/2019,75.29000091552734,75.4800033569336,70.95999908447266,71.19000244140625,434400,0.0,0.0,-,66.62290014266968,79.8718000793457,76.17300033569336,74.92600021362304,354126.0
11/05/2019,75.1500015258789,75.9000015258789,74.44999694824219,75.4000015258789,369200,0.0,0.0,-,66.57130012512206,80.0552000427246,76.55800018310546,75.27600021362305,350548.0
11/04/2019,75.80000305175781,76.30000305175781,74.79000091552734,75.12999725341797,377700,0.0,0.0,-,66.49730010986327,80.15100006103516,76.64500007629394,75.23300018310547,346318.0
11/01/2019,73.5,75.07499694824219,72.93000030517578,75.0,384200,0.0,0.0,-,66.42845012664795,80.22660018920898,76.90300025939942,75.31900024414062,344468.0
10/31/2019,75.12000274658203,75.12000274658203,71.62999725341797,73.62999725341797,315200,0.0,0.0,-,66.3600001335144,80.3254002380371,77.18750038146973,75.54500045776368,342034.0
10/30/2019,76.26000213623047,76.5,74.27999877929688,74.94000244140625,269400,0.0,0.0,-,66.29345014572144,80.47540023803711,77.43850059509278,75.9760009765625,341070.0
10/29/2019,71.2699966430664,77.81999969482422,70.0,75.95999908447266,809900,0.0,0.0,-,66.22110013961792,80.58840011596679,77.69700050354004,76.28300094604492,341814.0
10/28/2019,75.73999786376953,77.22000122070312,75.1500015258789,77.01000213623047,669500,0.0,0.0,-,66.13610013961792,80.6884001159668,78.01900062561035,76.71900100708008,335616.0
10/25/2019,75.16000366210938,76.19000244140625,74.9000015258789,75.37000274658203,201700,0.0,0.0,-,66.05175012588501,80.72820007324219,78.3705005645752,76.82200088500977,328402.0
10/24/2019,74.9000015258789,76.26000213623047,74.36499786376953,75.62999725341797,227500,0.0,0.0,-,65.97420011520386,80.78139999389649,78.758500289917,77.15900039672852,330008.0
10/23/2019,74.86000061035156,75.41000366210938,74.19000244140625,74.69000244140625,225000,0.0,0.0,-,65.88830013275147,80.80440002441406,79.16900024414062,77.42000045776368,334110.0
10/22/2019,76.27999877929688,77.37000274658203,74.81999969482422,74.97000122070312,297400,0.0,0.0,-,65.79450012207032,80.90059997558593,79.68549995422363,77.84000015258789,338582.0
10/21/2019,77.3499984741211,77.62000274658203,75.9000015258789,75.98999786376953,371300,0.0,0.0,-,65.69230010986328,80.96360000610352,80.1689998626709,78.05699996948242,339598.0
10/18/2019,77.47000122070312,77.87000274658203,75.66999816894531,77.26000213623047,324300,0.0,0.0,-,65.57485012054444,81.01720001220703,80.61349983215332,78.4870002746582,338534.0
10/17/2019,78.08000183105469,79.23999786376953,77.19999694824219,77.94000244140625,479200,0.0,0.0,-,65.43545011520386,81.0583999633789,81.0004997253418,78.83000030517579,339426.0
10/16/2019,79.69000244140625,80.47000122070312,77.97899627685547,78.01000213623047,479300,0.0,0.0,-,65.30775011062622,81.02439987182618,81.34499969482422,78.90100021362305,341634.0
10/15/2019,78.55000305175781,81.08499908447266,78.55000305175781,80.31999969482422,255400,0.0,0.0,-,65.18235010147094,80.9981997680664,81.68099975585938,79.11100006103516,338284.0
10/14/2019,78.95999908447266,79.31500244140625,77.41000366210938,78.04000091552734,527200,0.0,0.0,-,65.03970010757446,80.90259979248047,81.95949974060059,79.31900024414062,344888.0
10/11/2019,79.13999938964844,80.52999877929688,78.62999725341797,78.73999786376953,252100,0.0,0.0,-,64.9108000946045,80.87139984130859,82.27949981689453,79.91900024414062,348006.0
10/10/2019,78.58000183105469,79.5,77.7300033569336,78.23999786376953,225200,0.0,0.0,-,64.7839001083374,80.86539993286132,82.625,80.35800018310547,355986.0
10/09/2019,78.02999877929688,79.63999938964844,77.56999969482422,78.88999938964844,366900,0.0,0.0,-,64.6394001197815,80.87580001831054,82.80900001525879,80.91800003051758,369504.0
10/08/2019,79.77999877929688,79.79000091552734,76.6500015258789,77.13999938964844,633600,0.0,0.0,-,64.48145011901856,80.89020004272462,82.93250007629395,81.53099975585937,418654.0
10/07/2019,80.3499984741211,81.63999938964844,80.02999877929688,80.29000091552734,268600,0.0,0.0,-,64.3444001197815,80.70100006103516,83.1,82.28099975585937,429364.0
10/04/2019,78.66999816894531,80.77999877929688,78.51499938964844,80.69000244140625,245600,0.0,0.0,-,64.20195011138917,80.37040000915528,83.14099998474121,82.73999938964843,435606.0
10/03/2019,79.9000015258789,80.52999877929688,76.16999816894531,78.6500015258789,604000,0.0,0.0,-,64.05035009384156,80.00919998168945,83.25599975585938,83.1709991455078,441328.0
10/02/2019,82.4000015258789,82.9000015258789,79.47000122070312,80.11000061035156,454300,0.0,0.0,-,63.91440008163452,79.69959991455079,83.4599998474121,83.78899917602538,433436.0
10/01/2019,84.63999938964844,84.94000244140625,81.87999725341797,82.4000015258789,292800,0.0,0.0,-,63.78090007781982,79.3517999267578,83.52399978637695,84.2509994506836,428850.0
09/30/2019,83.1500015258789,85.01499938964844,82.54000091552734,84.04000091552734,328100,0.0,0.0,-,63.64720006942749,78.95379989624024,83.42649955749512,84.59999923706054,427848.0
09/27/2019,84.29000091552734,84.62000274658203,82.7699966430664,83.12999725341797,299700,0.0,0.0,-,63.51990007400513,78.520599899292,83.26999969482422,84.63999938964844,426348.0
09/26/2019,84.87000274658203,85.36000061035156,83.56999969482422,83.83999633789062,231600,0.0,0.0,-,63.392700080871585,78.1207999420166,83.18299980163575,84.89199981689453,424750.0
09/25/2019,84.45999908447266,85.19999694824219,83.08000183105469,85.0199966430664,212700,0.0,0.0,-,63.26200010299683,77.69220001220702,83.04749984741211,84.7,423950.0
09/24/2019,85.6500015258789,86.45999908447266,84.54000091552734,84.63999938964844,273600,0.0,0.0,-,63.125450115203854,77.25980010986328,82.81450004577637,84.33400039672851,423858.0
09/23/2019,84.69999694824219,85.30999755859375,84.45999908447266,84.87999725341797,232900,0.0,0.0,-,63.00060010910034,76.83640014648438,82.59200019836426,83.91900024414062,423830.0
09/20/2019,84.72000122070312,85.87799835205078,84.26000213623047,85.0,598000,0.0,0.0,-,62.88320013046265,76.39160018920899,82.29350051879882,83.54200057983398,424274.0
09/19/2019,85.0199966430664,86.70999908447266,84.76000213623047,84.83000183105469,423900,0.0,0.0,-,62.778100128173826,75.94280021667481,82.04050064086914,83.34100036621093,415804.0
09/18/2019,85.9000015258789,86.20999908447266,84.12000274658203,84.7300033569336,193200,0.0,0.0,-,62.66350011825561,75.49760017395019,81.85550041198731,83.13100051879883,413142.0
09/17/2019,84.62000274658203,86.16000366210938,84.41999816894531,85.88999938964844,350800,0.0,0.0,-,62.538650093078616,75.06700012207031,81.64850006103515,82.79700012207032,413628.0
09/16/2019,85.98999786376953,86.49800109863281,83.5,84.44000244140625,528900,0.0,0.0,-,62.4000500869751,74.6210001373291,81.40200004577636,82.25299987792968,411314.0
09/13/2019,82.11000061035156,85.98999786376953,81.95999908447266,85.6500015258789,474400,0.0,0.0,-,62.2540500831604,74.2240000152588,81.12999992370605,81.9,404724.0
09/12/2019,81.41000366210938,83.30000305175781,81.08000183105469,81.91999816894531,319100,0.0,0.0,-,62.100450077056884,73.80659996032715,80.74899978637696,81.47399978637695,399380.0
09/11/2019,80.38999938964844,82.49099731445312,79.5999984741211,81.36000061035156,303400,0.0,0.0,-,61.96450008392334,73.45760002136231,80.49199981689453,81.39499969482422,397072.0
09/10/2019,81.0,81.9000015258789,78.5,80.48999786376953,525400,0.0,0.0,-,61.81900007247925,73.1276000213623,80.39899978637695,81.29499969482421,397818.0
09/09/2019,83.54000091552734,83.7300033569336,80.8949966430664,81.11000061035156,271600,0.0,0.0,-,61.677200088500975,72.82620002746582,80.28050003051757,81.26500015258789,409122.0
09/06/2019,83.05000305175781,83.94999694824219,82.2699966430664,82.98999786376953,271400,0.0,0.0,-,61.53165008544922,72.48700004577637,80.15849990844727,81.04500045776368,412716.0
09/05/2019,81.73999786376953,83.0199966430664,81.0,82.7300033569336,265600,0.0,0.0,-,61.393900089263916,72.0642000579834,79.975,80.74000091552735,415542.0
09/04/2019,81.19999694824219,82.29000091552734,79.47000122070312,81.38999938964844,356600,0.0,0.0,-,61.257350063323976,71.65159996032715,79.6504997253418,80.58000030517579,421546.0
09/03/2019,79.80000305175781,81.43000030517578,79.5999984741211,80.44999694824219,280200,0.0,0.0,-,61.12880006790161,71.25939994812012,79.41599960327149,80.5,420894.0
08/30/2019,81.93000030517578,82.44000244140625,80.5260009765625,80.91000366210938,192600,0.0,0.0,-,61.01325008392334,70.90160003662109,79.17049980163574,80.55100021362304,425768.0
08/29/2019,82.37999725341797,83.16999816894531,81.27999877929688,81.38999938964844,203200,0.0,0.0,-,60.89840005874634,70.50939994812012,78.94899978637696,80.35999984741211,427708.0
08/28/2019,80.22000122070312,81.66999816894531,79.875,81.12999725341797,208500,0.0,0.0,-,60.78515007019043,70.09839996337891,78.80149993896484,80.02399978637695,429152.0
08/27/2019,80.69999694824219,81.30999755859375,79.30000305175781,80.36000061035156,255500,0.0,0.0,-,60.67300008773804,69.66060005187988,78.68300018310546,79.58899993896485,432640.0
08/26/2019,79.58999633789062,80.30000305175781,78.19999694824219,80.19000244140625,157700,0.0,0.0,-,60.562400093078615,69.19180000305175,78.64550018310547,79.50299987792968,432682.0
08/23/2019,79.80999755859375,81.62000274658203,78.61499786376953,78.91000366210938,285200,0.0,0.0,-,60.43950008392334,68.6957999420166,78.02000007629394,79.29599990844727,435992.0
08/22/2019,81.43000030517578,81.87000274658203,79.4000015258789,79.94000244140625,262500,0.0,0.0,-,60.3217000579834,68.24519989013672,77.26249980926514,79.27199935913086,434750.0
08/21/2019,81.19999694824219,81.69000244140625,79.94999694824219,81.12999725341797,267000,0.0,0.0,-,60.19390005111694,67.7663998413086,76.39699974060059,79.20999908447266,435378.0
08/20/2019,80.58000183105469,82.38999938964844,80.29000091552734,80.58999633789062,306600,0.0,0.0,-,60.060100059509274,67.25279991149903,75.49899978637696,78.72099914550782,437788.0
08/19/2019,79.25,82.0,79.1969985961914,80.95999908447266,500000,0.0,0.0,-,59.91765007019043,66.75599998474121,74.60550003051758,78.33199920654297,436670.0
08/16/2019,78.86000061035156,79.69999694824219,78.61000061035156,79.0,308800,0.0,0.0,-,59.75210006713867,66.24080001831055,73.68250007629395,77.78999938964844,433364.0
08/15/2019,76.86000061035156,78.4000015258789,75.60900115966797,78.02999877929688,282000,0.0,0.0,-,59.59195007324219,65.76779998779297,72.8515001296997,77.53799972534179,433294.0
08/14/2019,77.94999694824219,78.52300262451172,76.69000244140625,76.77999877929688,432600,0.0,0.0,-,59.440550079345705,65.33040000915527,72.10700016021728,77.57900009155273,433300.0
08/13/2019,78.19999694824219,79.88999938964844,78.19999694824219,79.5,448600,0.0,0.0,-,59.306800079345706,64.90860000610351,71.38850021362305,77.7770004272461,435962.0
08/12/2019,78.56999969482422,79.0199966430664,77.47000122070312,78.12000274658203,348200,0.0,0.0,-,59.15085008621216,64.39139999389648,70.583500289917,77.78800048828126,432744.0
08/09/2019,78.97000122070312,79.63999938964844,78.01000213623047,78.66999816894531,318100,0.0,0.0,-,59.01970006942749,63.90859992980957,69.85100021362305,76.74400024414062,432516.0
08/08/2019,76.95999908447266,80.0,76.26000213623047,79.31999969482422,368900,0.0,0.0,-,58.89415008544922,63.43639999389649,69.0495002746582,75.25300025939941,432056.0
08/07/2019,75.88999938964844,77.33000183105469,75.0,76.23999786376953,589600,0.0,0.0,-,58.759800090789795,62.969400024414064,68.21150035858155,73.58400039672851,432586.0
08/06/2019,76.36000061035156,77.83000183105469,73.30000305175781,76.69999694824219,311800,0.0,0.0,-,58.64650011062622,62.574600067138675,67.52800045013427,72.2770004272461,429442.0
08/05/2019,75.0,76.67500305175781,74.2300033569336,75.54000091552734,585600,0.0,0.0,-,58.535650119781494,62.161000137329104,66.85300064086914,70.87900085449219,430730.0
08/02/2019,77.69000244140625,78.22000122070312,75.80999755859375,76.4800033569336,683100,0.0,0.0,-,58.437900123596194,61.779200134277346,66.25550060272217,69.57500076293945,427350.0
08/01/2019,79.19000244140625,80.19000244140625,77.55000305175781,78.44000244140625,651100,0.0,0.0,-,58.323550109863284,61.41440010070801,65.66100025177002,68.16500053405761,419010.0
07/31/2019,79.94000244140625,80.6500015258789,77.44000244140625,78.76000213623047,901100,0.0,0.0,-,58.204050102233886,60.98780006408691,64.97800006866456,66.63500022888184,413242.0
07/30/2019,75.0,80.38099670410156,74.27899932861328,79.61000061035156,2824400,0.0,0.0,-,58.076250095367435,60.52740005493164,64.26350002288818,65.0,401156.0
07/29/2019,63.72999954223633,68.0999984741211,63.09999847412109,67.68000030517578,1169100,0.0,0.0,-,57.94670009613037,60.03500007629395,63.526000022888184,63.37900009155273,350002.0
07/26/2019,62.77000045776367,64.62999725341797,62.26499938964844,63.7599983215332,580700,0.0,0.0,-,57.89375009536743,59.801000061035154,63.41299991607666,62.95800018310547,332190.0
07/25/2019,63.22999954223633,63.47999954223633,61.880001068115234,62.630001068115234,531700,0.0,0.0,-,57.8599001121521,59.630600128173825,63.43250007629395,62.846000289916994,329102.0
07/24/2019,62.38999938964844,63.41999816894531,61.68999862670898,63.16999816894531,209400,0.0,0.0,-,57.837800102233885,59.46640007019043,63.39349994659424,62.83900032043457,325750.0
07/23/2019,62.56999969482422,62.81999969482422,61.58000183105469,62.720001220703125,225000,0.0,0.0,-,57.81125011444092,59.278000106811525,63.339999961853025,62.779000473022464,329566.0
07/22/2019,62.5099983215332,63.34000015258789,62.380001068115234,62.5,242700,0.0,0.0,-,57.80675010681152,59.140000076293944,63.292999839782716,62.82700042724609,333968.0
07/19/2019,63.38999938964844,63.97999954223633,62.34999847412109,62.380001068115234,253100,0.0,0.0,-,57.79595010757446,59.019400100708005,63.295999908447264,62.936000442504884,337200.0
07/18/2019,62.45000076293945,63.45000076293945,62.290000915527344,63.13999938964844,219800,0.0,0.0,-,57.79205009460449,58.90200004577637,63.241999816894534,63.15699996948242,338384.0
07/17/2019,63.52999877929688,63.540000915527344,62.29999923706055,62.40999984741211,191600,0.0,0.0,-,57.77590009689331,58.784000091552734,63.126999855041504,63.32099990844726,348386.0
07/16/2019,63.470001220703125,63.97999954223633,62.93000030517578,63.400001525878906,208100,0.0,0.0,-,57.76010009765625,58.706800079345705,62.968499946594235,63.52700004577637,352576.0
07/15/2019,62.70000076293945,63.790000915527344,62.40999984741211,63.470001220703125,272200,0.0,0.0,-,57.73160009384155,58.59380004882812,62.64449977874756,63.672999954223634,357052.0
07/12/2019,62.09999847412109,63.0,61.380001068115234,62.63999938964844,255100,0.0,0.0,-,57.707200088500976,58.4566000366211,62.24049968719483,63.86799964904785,362668.0
07/11/2019,62.81999969482422,63.13999938964844,62.16999816894531,62.560001373291016,174500,0.0,0.0,-,57.68370008468628,58.316800079345704,61.927499771118164,64.0189998626709,370528.0
07/10/2019,63.38999938964844,63.80500030517578,62.2599983215332,62.56999969482422,290800,0.0,0.0,-,57.66040008544922,58.18900001525879,61.59949970245361,63.94799957275391,384330.0
07/09/2019,63.15999984741211,64.05999755859375,63.060001373291016,63.20000076293945,217500,0.0,0.0,-,57.63940008163452,58.12220001220703,61.243499755859375,63.90099945068359,386430.0
07/08/2019,64.38999938964844,64.48999786376953,63.16999816894531,63.59000015258789,235100,0.0,0.0,-,57.611850070953366,58.0323999786377,60.8709997177124,63.758999252319335,387980.0
07/05/2019,64.43000030517578,64.81300354003906,63.540000915527344,64.58999633789062,199400,0.0,0.0,-,57.612600078582766,57.91759994506836,60.45149974822998,63.65599937438965,388426.0
07/03/2019,64.63999938964844,65.19999694824219,64.41000366210938,64.77999877929688,207200,0.0,0.0,-,57.60190010070801,57.769199981689454,59.9894998550415,63.32699966430664,390254.0
07/02/2019,64.91999816894531,64.91999816894531,63.16999816894531,64.47000122070312,203700,0.0,0.0,-,57.58805009841919,57.620400009155276,59.55849990844727,62.932999801635745,395354.0
07/01/2019,66.22000122070312,66.44999694824219,64.0199966430664,64.86000061035156,340700,0.0,0.0,-,57.5773000907898,57.432600021362305,59.11949977874756,62.40999984741211,397266.0
06/28/2019,64.16000366210938,65.72000122070312,63.709999084472656,65.41999816894531,1090600,0.0,0.0,-,57.564400081634524,57.217399978637694,58.5584997177124,61.61599960327148,398024.0
06/27/2019,62.0,64.27999877929688,61.834999084472656,64.1500015258789,451300,0.0,0.0,-,57.55170009613037,56.99220001220703,57.98649978637695,60.612999725341794,385674.0
06/26/2019,62.31999969482422,62.73500061035156,61.290000915527344,61.84999847412109,412700,0.0,0.0,-,57.53875009536743,56.83400001525879,57.53199977874756,59.83599967956543,385554.0
06/25/2019,62.18999862670898,62.20000076293945,61.0,62.09999847412109,565800,0.0,0.0,-,57.520900096893314,56.77460006713867,57.23799991607666,59.25099983215332,382636.0
06/24/2019,62.66999816894531,63.40999984741211,61.59999847412109,61.77999877929688,324000,0.0,0.0,-,57.49955011367798,56.70780006408691,56.9579999923706,58.58600006103516,378392.0
06/21/2019,61.29999923706055,62.7599983215332,61.255001068115234,62.560001373291016,523900,0.0,0.0,-,57.48315011978149,56.68540008544922,56.670000076293945,57.98300018310547,377686.0
06/20/2019,61.47999954223633,61.77000045776367,60.15999984741211,61.29999923706055,289600,0.0,0.0,-,57.47695011138916,56.634000091552736,56.36450004577637,57.24700012207031,380030.0
06/19/2019,59.40999984741211,60.90999984741211,59.20000076293945,60.84000015258789,275400,0.0,0.0,-,57.4694001197815,56.59440010070801,56.21150016784668,56.65200004577637,384362.0
06/18/2019,57.5099983215332,59.4900016784668,57.3849983215332,59.2400016784668,382900,0.0,0.0,-,57.45875011444092,56.57880012512207,56.025000190734865,56.18400001525879,388536.0
06/17/2019,55.5099983215332,57.18000030517578,55.5,56.91999816894531,257600,0.0,0.0,-,57.45710010528565,56.594000091552736,55.85000019073486,55.82899971008301,391096.0
06/14/2019,56.45000076293945,58.20000076293945,55.369998931884766,55.38999938964844,323200,0.0,0.0,-,57.456800117492676,56.6534001159668,55.753500366210936,55.50099983215332,391888.0
06/13/2019,56.15999984741211,56.5,55.483001708984375,56.380001068115234,223100,0.0,0.0,-,57.45985012054443,56.78700012207031,55.78300037384033,55.35999984741211,392458.0
06/12/2019,55.15999984741211,56.52999877929688,54.810001373291016,56.0,293900,0.0,0.0,-,57.45455011367798,56.87280006408692,55.72600040435791,55.22799987792969,397182.0
06/11/2019,56.060001373291016,57.04999923706055,54.59999847412109,55.45000076293945,387500,0.0,0.0,-,57.44980010986328,56.93400009155273,55.647000312805176,55.225,401170.0
06/10/2019,55.59000015258789,56.59999847412109,55.5,55.75,250700,0.0,0.0,-,57.45435010910034,57.00440010070801,55.5620002746582,55.329999923706055,402734.0
06/07/2019,55.65999984741211,56.650001525878906,55.119998931884766,55.20000076293945,334700,0.0,0.0,-,57.46100011825561,57.05560012817383,55.565500259399414,55.35699996948242,402546.0
06/06/2019,56.43999862670898,56.63999938964844,55.21500015258789,55.34999847412109,305300,0.0,0.0,-,57.4674001121521,57.09320014953613,55.6290002822876,55.48199996948242,402148.0
06/05/2019,56.060001373291016,56.58000183105469,54.93000030517578,56.15999984741211,282300,0.0,0.0,-,57.479800128936766,57.13940017700195,55.6870002746582,55.77100028991699,405774.0
06/04/2019,54.310001373291016,55.720001220703125,53.09999847412109,55.68999862670898,565700,0.0,0.0,-,57.489650135040286,57.158200149536135,55.74100036621094,55.86600036621094,406524.0
06/03/2019,54.0,54.790000915527344,53.369998931884766,53.63999938964844,287700,0.0,0.0,-,57.495600147247316,57.17740020751953,55.88400039672852,55.87100067138672,403276.0
05/31/2019,54.29999923706055,54.65999984741211,53.68999862670898,53.97999954223633,336800,0.0,0.0,-,57.515100154876706,57.28080024719238,56.089500427246094,56.00600090026855,408232.0
05/30/2019,56.119998931884766,57.0,54.494998931884766,55.060001373291016,295100,0.0,0.0,-,57.53105014801025,57.35560028076172,56.22100048065185,56.206000900268556,415760.0
05/29/2019,56.15999984741211,56.2599983215332,55.150001525878906,55.970001220703125,395400,0.0,0.0,-,57.5492501449585,57.39060028076172,56.25050048828125,56.22400093078613,421728.0
05/28/2019,56.02999877929688,57.09999847412109,55.720001220703125,56.5,432400,0.0,0.0,-,57.56035013198853,57.388600234985354,56.26050033569336,56.06900062561035,424448.0
05/24/2019,56.970001220703125,57.77999877929688,55.900001525878906,56.02000045776367,376200,0.0,0.0,-,57.5595001411438,57.3544002532959,56.397000312805176,55.79400062561035,425946.0
05/23/2019,57.630001068115234,58.31999969482422,56.31999969482422,56.45000076293945,416600,0.0,0.0,-,57.5610001373291,57.30340026855469,56.531500244140624,55.774000549316405,426664.0
05/22/2019,57.06999969482422,58.34000015258789,56.22499847412109,58.2400016784668,266100,0.0,0.0,-,57.570400142669676,57.234800262451174,56.60150012969971,55.776000595092775,427044.0
05/21/2019,56.209999084472656,57.25,56.209999084472656,57.11000061035156,362700,0.0,0.0,-,57.57605012893677,57.13040023803711,56.547999954223634,55.603000259399415,428178.0
05/20/2019,54.43999862670898,56.02999877929688,54.19400024414063,55.7400016784668,296800,0.0,0.0,-,57.587800121307374,57.04540023803711,56.55949993133545,55.61600036621094,432134.0
05/17/2019,55.34999847412109,56.30500030517578,54.79999923706055,54.9900016784668,266700,0.0,0.0,-,57.60975011825562,56.965600204467776,56.52649993896485,55.89700012207031,445862.0
05/16/2019,55.220001220703125,56.540000915527344,55.220001220703125,55.97999954223633,278500,0.0,0.0,-,57.641650104522704,56.89420013427734,56.48199977874756,56.172999954223634,458248.0
05/15/2019,54.0,55.93000030517578,53.84000015258789,55.2400016784668,426300,0.0,0.0,-,57.59710010528565,56.818000106811525,56.39099979400635,56.236000061035156,471106.0
05/14/2019,53.970001220703125,54.845001220703125,53.48500061035156,54.41999816894531,364100,0.0,0.0,-,57.55950010299683,56.79840003967285,56.440999794006345,56.27700004577637,474488.0
05/13/2019,54.5,55.209999084472656,53.36000061035156,53.75,400200,0.0,0.0,-,57.5311501121521,56.80980010986328,56.66399993896484,56.452000045776366,485550.0
05/10/2019,56.209999084472656,57.0,54.150001525878906,55.81999969482422,445100,0.0,0.0,-,57.50945011138916,56.829600143432614,56.914499855041505,57.0,495460.0
05/09/2019,55.91999816894531,56.59999847412109,54.22999954223633,56.470001220703125,404300,0.0,0.0,-,57.4721501159668,56.81220016479492,57.1564998626709,57.28899993896484,511514.0
05/08/2019,57.27999877929688,57.380001068115234,56.400001525878906,56.5099983215332,312300,0.0,0.0,-,57.43480010986328,56.80380012512207,57.33249988555908,57.42699966430664,530114.0
05/07/2019,57.86000061035156,58.58000183105469,56.52000045776367,57.2400016784668,719900,0.0,0.0,-,57.3921501159668,56.775400161743164,57.47299995422363,57.49299964904785,630450.0
05/06/2019,56.45000076293945,58.83000183105469,56.06999969482422,58.54999923706055,401100,0.0,0.0,-,57.34145009994507,57.04220016479492,57.613999938964845,57.502999496459964,629130.0
05/03/2019,56.95000076293945,57.77999877929688,56.09999847412109,57.75,431900,0.0,0.0,-,57.279250106811524,57.27080024719238,57.686499977111815,57.155999755859376,632258.0
05/02/2019,55.36000061035156,56.630001068115234,54.459999084472656,56.61000061035156,553000,0.0,0.0,-,57.219950103759764,57.49920021057129,57.79349994659424,56.79099960327149,630612.0
05/01/2019,55.86000061035156,57.26499938964844,55.22999954223633,55.650001525878906,648100,0.0,0.0,-,57.15980010986328,57.77140022277832,58.066499900817874,56.54599952697754,626176.0
04/30/2019,60.400001525878906,61.709999084472656,55.29999923706055,56.16999816894531,864600,0.0,0.0,-,57.105150108337405,58.065200119018556,58.31749973297119,56.60499954223633,622018.0
04/29/2019,59.29999923706055,59.880001068115234,58.65999984741211,59.22999954223633,395800,0.0,0.0,-,57.047000122070315,58.34900016784668,58.46199989318848,56.87599983215332,615948.0
04/26/2019,58.11000061035156,58.880001068115234,57.380001068115234,58.709999084472656,295000,0.0,0.0,-,56.97020011901856,58.53160018920899,58.44899997711182,56.82899971008301,618852.0
04/25/2019,57.06999969482422,58.29999923706055,56.59999847412109,57.84999847412109,257400,0.0,0.0,-,56.89805011749267,58.69920013427734,58.42900009155274,57.023999786376955,625272.0
04/24/2019,57.25,57.72999954223633,56.59000015258789,57.16999816894531,290800,0.0,0.0,-,56.830650119781495,58.830800170898435,58.39050025939942,57.238000106811526,632958.0
04/23/2019,55.369998931884766,57.5099983215332,54.79600143432617,57.34000015258789,462200,0.0,0.0,-,56.76650012969971,58.94120018005371,58.41500034332275,57.45300025939942,648816.0
04/22/2019,53.90999984741211,55.34000015258789,53.90999984741211,55.08000183105469,299300,0.0,0.0,-,56.69925012588501,59.07580017089844,58.40300025939941,57.72500038146973,656624.0
04/18/2019,54.130001068115234,54.79999923706055,52.84000015258789,54.09999847412109,378600,0.0,0.0,-,56.643500118255616,59.26800018310547,58.481500244140626,58.21700019836426,665044.0
04/17/2019,56.36000061035156,56.36000061035156,53.52000045776367,54.15999984741211,473100,0.0,0.0,-,56.58925012588501,59.506800231933596,58.71700038909912,58.79600028991699,668610.0
04/16/2019,59.43999862670898,59.619998931884766,55.77000045776367,56.2400016784668,445300,0.0,0.0,-,56.53345012664795,59.75380027770996,58.89500045776367,59.5870002746582,674172.0
04/15/2019,58.7599983215332,59.63600158691406,58.59999847412109,58.880001068115234,266800,0.0,0.0,-,56.46765012741089,59.983200225830075,58.92350044250488,60.02999992370606,676584.0
04/12/2019,60.93999862670898,60.93999862670898,58.72999954223633,58.7599983215332,353600,0.0,0.0,-,56.386150131225584,60.12020027160644,58.77300033569336,60.047999954223634,689430.0
04/11/2019,60.43000030517578,60.79999923706055,59.72999954223633,60.65999984741211,288700,0.0,0.0,-,56.3092501449585,60.23300033569336,58.574500465393065,60.069000244140625,698406.0
04/10/2019,59.45000076293945,61.01499938964844,59.11000061035156,59.9900016784668,641100,0.0,0.0,-,56.224700145721435,60.297800369262696,58.215000534057616,59.83400039672851,715674.0
04/09/2019,59.95000076293945,61.09999847412109,59.16999816894531,59.31999969482422,506200,0.0,0.0,-,56.15010013580322,60.311600341796876,57.86650047302246,59.54300041198731,709902.0
04/08/2019,59.91999816894531,60.119998931884766,58.72499847412109,60.060001373291016,484100,0.0,0.0,-,56.07620014190674,60.33960037231445,57.551500511169436,59.377000427246095,707132.0
04/05/2019,60.0,61.27000045776367,59.54999923706055,60.0,510900,0.0,0.0,-,56.001300144195554,60.362600326538086,57.19150047302246,59.0810001373291,709240.0
04/04/2019,61.93000030517578,62.06999969482422,59.630001068115234,59.88999938964844,297200,0.0,0.0,-,55.9247501373291,60.36520034790039,56.779000473022464,58.74600028991699,707668.0
04/03/2019,61.119998931884766,62.22999954223633,60.75,62.06999969482422,351700,0.0,0.0,-,55.85260013580322,60.384800338745116,56.35550041198731,58.63800048828125,711606.0
04/02/2019,59.18000030517578,60.97999954223633,58.709999084472656,60.66999816894531,459300,0.0,0.0,-,55.76845014572144,60.35540031433106,55.86050033569336,58.20300064086914,712032.0
04/01/2019,59.43999862670898,60.27999877929688,58.31999969482422,59.060001373291016,493300,0.0,0.0,-,55.69000015258789,60.36920036315918,55.54000034332275,57.81700096130371,713374.0
03/29/2019,58.79999923706055,59.150001525878906,57.5099983215332,58.970001220703125,465700,0.0,0.0,-,55.61270013809204,60.41420036315918,55.336500358581546,57.49800071716309,715436.0
03/28/2019,57.43999862670898,58.369998931884766,57.38999938964844,58.310001373291016,241300,0.0,0.0,-,55.52780014038086,60.4412003326416,55.125000381469725,57.080000686645505,713148.0
03/27/2019,57.66999816894531,57.84000015258789,55.88999938964844,57.08000183105469,314800,0.0,0.0,-,55.45320013046265,60.484400329589846,54.95700035095215,56.59600067138672,723142.0
03/26/2019,57.540000915527344,58.59999847412109,57.209999084472656,57.65999984741211,486600,0.0,0.0,-,55.385300121307374,60.522000274658204,54.90550022125244,56.19000053405762,733228.0
03/25/2019,56.70000076293945,57.43999862670898,55.560001373291016,57.09999847412109,319800,0.0,0.0,-,55.31335012435913,60.57160026550293,54.77700023651123,55.72600059509277,732364.0
03/22/2019,58.400001525878906,58.86000061035156,56.47999954223633,56.650001525878906,403300,0.0,0.0,-,55.24705013275147,60.62680030822754,55.45100040435791,55.30200080871582,736938.0
03/21/2019,57.25,59.38999938964844,57.06999969482422,58.810001373291016,535500,0.0,0.0,-,55.17945013046265,60.66280029296875,56.11750049591065,54.81200065612793,742386.0
03/20/2019,56.810001373291016,58.27000045776367,56.150001525878906,57.720001220703125,713200,0.0,0.0,-,55.09765012741089,60.60520027160644,56.63550033569336,54.07300033569336,744154.0
03/19/2019,56.38999938964844,57.04999923706055,56.04999923706055,56.810001373291016,593500,0.0,0.0,-,55.02220012664795,60.54140022277832,57.26050033569336,53.51800003051758,745138.0
03/18/2019,54.79999923706055,55.90999984741211,54.209999084472656,55.869998931884766,531400,0.0,0.0,-,54.948950119018555,60.4552001953125,57.93700008392334,53.2629997253418,746114.0
03/15/2019,53.63999938964844,55.119998931884766,53.5099983215332,54.790000915527344,507300,0.0,0.0,-,54.880250129699704,60.32540023803711,58.66150016784668,53.175,763384.0
03/14/2019,53.02000045776367,54.060001373291016,53.02000045776367,53.470001220703125,412100,0.0,0.0,-,54.81865013122559,60.27760025024414,59.34000015258789,53.170000076293945,774224.0
03/13/2019,53.150001525878906,54.45000076293945,52.970001220703125,53.02000045776367,435600,0.0,0.0,-,54.76130012512207,60.266800231933594,60.020999908447266,53.31800003051758,879022.0
03/12/2019,53.060001373291016,53.47499847412109,52.560001373291016,53.02000045776367,322800,0.0,0.0,-,54.70990013122559,60.24220024108887,60.59149990081787,53.62099990844727,892676.0
03/11/2019,51.959999084472656,53.220001220703125,51.75,52.86000061035156,560500,0.0,0.0,-,54.65685012817383,60.22700019836426,61.07499980926514,53.827999877929685,905154.0
03/08/2019,50.880001068115234,52.02000045776367,50.13999938964844,51.75,983200,0.0,0.0,-,54.605250129699705,60.23700019836426,61.63549976348877,55.6,915582.0
03/07/2019,52.18999862670898,52.77000045776367,50.66999816894531,51.41999816894531,886000,0.0,0.0,-,54.55630012512207,60.188800201416015,62.28249988555908,57.42300033569336,911954.0
03/06/2019,54.2400016784668,54.459999084472656,51.52000045776367,52.16999816894531,921400,0.0,0.0,-,54.512300128936765,60.10640022277832,63.01350002288818,59.19800033569336,907798.0
03/05/2019,55.04999923706055,55.15999984741211,54.20000076293945,54.2599983215332,595400,0.0,0.0,-,54.4580001449585,60.05760025024414,63.73050022125244,61.00300064086914,905000.0
03/04/2019,55.130001068115234,55.220001220703125,53.5099983215332,54.9900016784668,917200,0.0,0.0,-,54.39185014724731,60.00840026855469,64.40300025939942,62.61100044250488,905936.0
03/01/2019,55.41999816894531,56.47999954223633,54.71500015258789,54.7400016784668,895700,0.0,0.0,-,54.32465013504029,59.91600021362305,64.94000034332275,64.14800033569335,901808.0
02/28/2019,55.290000915527344,55.5099983215332,52.93999862670898,54.95000076293945,1247800,0.0,0.0,-,54.26250013351441,59.85040016174317,65.42300033569336,65.51000022888184,896348.0
02/27/2019,55.310001373291016,56.369998931884766,54.540000915527344,56.04999923706055,1334300,0.0,0.0,-,54.19395013809204,59.819600143432616,65.87050037384033,66.72399978637695,880694.0
02/26/2019,58.0099983215332,59.93999862670898,55.0,55.09000015258789,5329100,0.0,0.0,-,54.1157501411438,59.811800155639645,66.1020004272461,67.56199989318847,861226.0
02/25/2019,70.75,71.66000366210938,70.33999633789062,70.58000183105469,653900,0.0,0.0,-,54.037550144195556,59.88160018920898,66.38350048065186,68.32199974060059,761446.0
02/22/2019,69.04000091552734,70.01000213623047,68.33999633789062,69.9800033569336,557500,0.0,0.0,-,53.884950141906735,59.623800125122074,65.91500034332276,67.67099952697754,757740.0
02/21/2019,70.1500015258789,70.2300033569336,68.77999877929688,69.16999816894531,349600,0.0,0.0,-,53.73050012588501,59.37820007324219,65.42250022888183,67.14199943542481,758940.0
02/20/2019,70.70999908447266,70.70999908447266,69.19999694824219,70.22000122070312,331200,0.0,0.0,-,53.571250133514404,59.149000091552736,65.0075002670288,66.82899971008301,764156.0
02/19/2019,70.55000305175781,70.77999877929688,69.55000305175781,70.33999633789062,440200,0.0,0.0,-,53.402250118255616,58.93800003051758,64.52650012969971,66.45799980163574,773104.0
02/15/2019,68.93000030517578,70.38999938964844,68.44999694824219,70.36000061035156,561100,0.0,0.0,-,53.2450001335144,58.75920013427734,64.07750034332275,66.19500007629395,779714.0
02/14/2019,66.9800033569336,68.83000183105469,66.77999877929688,68.36000061035156,541000,0.0,0.0,-,53.08415012359619,58.63160011291504,63.625000381469725,65.73200035095215,783924.0
02/13/2019,64.66999816894531,67.18000030517578,64.66999816894531,67.08999633789062,616000,0.0,0.0,-,52.927300128936764,58.50260009765625,63.22300033569336,65.33600044250488,789122.0
02/12/2019,63.0,64.9800033569336,62.33000183105469,64.43000030517578,641700,0.0,0.0,-,52.778500156402586,58.356000137329104,62.89200057983398,65.01700096130371,786790.0
02/11/2019,64.55000305175781,65.5,62.18000030517578,62.68999862670898,1083700,0.0,0.0,-,52.64310014724732,58.23080009460449,62.618500518798825,64.64200096130371,788798.0
02/08/2019,64.29000091552734,64.29000091552734,60.95000076293945,64.06999969482422,852600,0.0,0.0,-,52.51525014877319,58.08180015563965,62.4910005569458,64.44500122070312,772560.0
02/07/2019,65.44999694824219,65.97000122070312,64.4000015258789,64.69000244140625,720300,0.0,0.0,-,52.37995014190674,57.89900016784668,62.28050060272217,64.15900115966797,762720.0
02/06/2019,66.19999694824219,67.19000244140625,65.25,66.04000091552734,556900,0.0,0.0,-,52.242000122070316,57.69980010986328,61.96850051879883,63.70300102233887,757064.0
02/05/2019,68.37000274658203,69.70999908447266,66.15699768066406,66.51000213623047,751200,0.0,0.0,-,52.09500011444092,57.4242000579834,61.46300048828125,63.18600082397461,751848.0
02/04/2019,66.5,67.73999786376953,66.01000213623047,67.70999908447266,565900,0.0,0.0,-,51.94695011138916,57.1366000366211,60.86400032043457,62.595000457763675,748408.0
02/01/2019,64.4000015258789,66.83000183105469,63.59999847412109,65.7300033569336,909100,0.0,0.0,-,51.7969001197815,56.82240005493164,60.10350036621094,61.960000610351564,750830.0
01/31/2019,64.16000366210938,64.98999786376953,63.29999923706055,64.4000015258789,802400,0.0,0.0,-,51.65625009536743,56.61659996032715,59.28600025177002,61.5180004119873,745370.0
01/30/2019,61.22999954223633,64.47000122070312,60.42499923706055,63.900001525878906,1152100,0.0,0.0,-,51.52140008926391,56.43699989318848,58.68600025177002,61.11000022888184,742526.0
01/29/2019,60.970001220703125,61.369998931884766,60.04999923706055,60.68000030517578,352500,0.0,0.0,-,51.38740007400513,56.272599868774414,58.13750019073486,60.76700019836426,730356.0
01/28/2019,60.95000076293945,61.40299987792969,60.09999847412109,60.720001220703125,367700,0.0,0.0,-,51.26910007476807,56.20579986572265,57.69300022125244,60.59500007629394,735038.0
01/25/2019,60.540000915527344,61.66999816894531,60.27000045776367,61.209999084472656,589500,0.0,0.0,-,51.149450073242186,56.150199813842775,57.27000007629395,60.53699989318848,742366.0
01/24/2019,60.63999938964844,61.4900016784668,59.98500061035156,60.130001068115234,432300,0.0,0.0,-,51.02735008239746,56.10079986572266,56.87750015258789,60.40200004577637,743162.0
01/23/2019,61.0,61.880001068115234,60.2599983215332,60.869998931884766,494100,0.0,0.0,-,50.90470006942749,56.07219985961914,56.33800010681152,60.234000015258786,743956.0
01/22/2019,61.27000045776367,61.34000015258789,59.93999862670898,60.59999847412109,373000,0.0,0.0,-,50.77830007553101,56.01959991455078,55.65950012207031,59.74000015258789,743752.0
01/18/2019,61.90999984741211,62.0,60.54999923706055,61.36000061035156,526400,0.0,0.0,-,50.656200084686276,55.91979995727539,55.116000175476074,59.133000183105466,746096.0
01/17/2019,60.08000183105469,61.36000061035156,59.72999954223633,61.310001373291016,596400,0.0,0.0,-,50.528750076293946,55.79959991455078,54.638000106811525,58.24700012207031,747658.0
01/16/2019,60.869998931884766,62.130001068115234,60.25,60.31999969482422,351300,0.0,0.0,-,50.39335006713867,55.660999908447266,54.09099998474121,57.05400009155274,751272.0
01/15/2019,59.209999084472656,61.0099983215332,59.150001525878906,60.470001220703125,741000,0.0,0.0,-,50.26190006256103,55.541999893188475,53.647999954223636,56.262000274658206,760896.0
01/14/2019,59.619998931884766,59.90999984741211,58.63999938964844,58.959999084472656,819100,0.0,0.0,-,50.13410005569458,55.374599838256835,53.29499988555908,55.508000183105466,765592.0
01/11/2019,59.400001525878906,60.64500045776367,59.34000015258789,60.13999938964844,443400,0.0,0.0,-,50.019300060272215,55.1523998260498,53.12999992370605,54.79100036621094,770922.0
01/10/2019,57.68000030517578,59.95000076293945,57.32500076293945,59.86000061035156,548500,0.0,0.0,-,49.8992000579834,54.8889998626709,53.05200004577637,54.003000259399414,775024.0
01/09/2019,56.54999923706055,58.52000045776367,56.0,58.45000076293945,675700,0.0,0.0,-,49.782000045776364,54.646799850463864,52.94349994659424,53.353000259399415,778994.0
01/08/2019,55.47999954223633,56.18000030517578,54.38999938964844,55.93000030517578,623900,0.0,0.0,-,49.668000049591065,54.47839981079102,52.905999946594235,52.442000198364255,776290.0
01/07/2019,53.119998931884766,55.95000076293945,53.119998931884766,54.52999877929688,762400,0.0,0.0,-,49.570300045013425,54.32599983215332,52.99499988555908,51.579000091552736,772694.0
01/04/2019,50.18999862670898,52.85499954223633,50.00699996948242,52.5,642300,0.0,0.0,-,49.48225004196167,54.27319984436035,53.251999855041504,51.09900016784668,764522.0
01/03/2019,51.79999923706055,51.9900016784668,48.18000030517578,49.380001068115234,1394900,0.0,0.0,-,49.40235004425049,54.29439987182617,53.69699993133545,51.02900009155273,763450.0
01/02/2019,52.13999938964844,52.4900016784668,51.20000076293945,52.400001525878906,1049300,0.0,0.0,-,49.33725004196167,54.35579986572266,54.4269998550415,51.12799987792969,740140.0
12/31/2018,52.52999877929688,54.43999862670898,50.625,52.93000030517578,5652000,0.0,0.0,-,49.255750026702884,54.37939987182617,54.902499771118165,51.033999633789065,723334.0
12/28/2018,53.209999084472656,53.5099983215332,51.720001220703125,51.790000915527344,1118300,0.0,0.0,-,49.16905002593994,54.411399841308594,55.24399967193604,51.08199958801269,615398.0
12/27/2018,52.04999923706055,53.5099983215332,49.790000915527344,52.2599983215332,946700,0.0,0.0,-,49.089850025177,54.49539985656738,55.56299953460693,51.46899948120117,599326.0
12/26/2018,49.65999984741211,53.4900016784668,49.5099983215332,53.36000061035156,1081900,0.0,0.0,-,49.00645004272461,54.52239990234375,55.71199970245361,52.10099983215332,585098.0
12/24/2018,50.09999847412109,50.720001220703125,47.70000076293945,49.34000015258789,801800,0.0,0.0,-,48.925150032043454,54.545999908447264,55.790499687194824,52.533999633789065,570480.0
12/21/2018,50.09999847412109,51.0,47.20000076293945,47.29999923706055,678200,0.0,0.0,-,48.861800022125244,54.623199920654294,56.05999965667725,53.369999694824216,565358.0
12/20/2018,51.2599983215332,51.790000915527344,49.540000915527344,49.72999954223633,781500,0.0,0.0,-,48.80150003433228,54.75119995117188,56.30799961090088,54.41099967956543,561670.0
12/19/2018,50.68000030517578,52.47999954223633,50.560001373291016,51.79999923706055,642200,0.0,0.0,-,48.72445003509522,54.89839996337891,56.42799968719483,55.404999542236325,555398.0
12/18/2018,51.9900016784668,51.9900016784668,49.66999816894531,50.369998931884766,710800,0.0,0.0,-,48.634400043487545,55.002200012207034,56.4379997253418,56.364999771118164,551126.0
12/17/2018,53.75,54.0,51.209999084472656,51.459999084472656,622700,0.0,0.0,-,48.55035005569458,55.15900001525879,56.69149971008301,57.72599983215332,546806.0
12/14/2018,55.25,55.58700180053711,53.16999816894531,53.40999984741211,465100,0.0,0.0,-,48.45595006942749,55.28700004577637,56.88949966430664,58.770999908447266,546500.0
12/13/2018,58.41999816894531,58.57799911499024,55.40999984741211,55.65999984741211,360900,0.0,0.0,-,48.350800075531005,55.45520004272461,57.00299968719482,59.405999755859376,546400.0
12/12/2018,58.25,60.06499862670898,58.25,58.58000183105469,340100,0.0,0.0,-,48.23275007247925,55.54880004882813,57.08699970245361,59.656999588012695,551002.0
12/11/2018,58.65999984741211,59.02999877929688,56.93000030517578,57.68999862670898,468600,0.0,0.0,-,48.09997507095337,55.60919998168945,57.05499954223633,59.32299957275391,557520.0
12/10/2018,58.0099983215332,59.34000015258789,56.75,57.70000076293945,617500,0.0,0.0,-,48.00677507400513,55.65360000610352,57.10749969482422,59.04699974060058,560982.0
12/07/2018,59.75,60.04999923706055,57.11000061035156,57.709999084472656,610400,0.0,0.0,-,47.908325061798095,55.684599990844724,57.15749969482422,58.749999618530275,559480.0
12/06/2018,59.68000030517578,60.709999084472656,58.22999954223633,59.66999816894531,778600,0.0,0.0,-,47.80322505950928,55.68440002441406,57.18399982452392,58.20499954223633,561846.0
12/04/2018,63.40999984741211,64.44000244140625,60.7400016784668,61.400001525878906,770700,0.0,0.0,-,47.69382507324219,55.662800064086916,56.98099994659424,57.45099983215332,556534.0
12/03/2018,63.34000015258789,64.94000244140625,63.0099983215332,63.97999954223633,771600,0.0,0.0,-,47.5748250579834,55.593600006103514,56.67849979400635,56.51099967956543,555120.0
11/30/2018,59.56999969482422,62.369998931884766,59.52000045776367,61.90999984741211,800900,0.0,0.0,-,47.445075054168704,55.47200004577637,56.198499870300296,55.656999588012695,567970.0
11/29/2018,57.959999084472656,60.40499877929688,57.68000030517578,59.7599983215332,499400,0.0,0.0,-,47.32402505874634,55.40120002746582,55.821499824523926,55.007999420166016,564512.0
11/28/2018,55.33000183105469,58.25,55.27999877929688,58.16999816894531,742100,0.0,0.0,-,47.218475074768065,55.359800033569336,55.43849983215332,54.599999618530276,591720.0
11/27/2018,54.58000183105469,55.34000015258789,54.040000915527344,55.2400016784668,271800,0.0,0.0,-,47.115275077819824,55.47120010375976,54.92249984741211,54.51699981689453,588682.0
11/26/2018,55.75,55.75,53.84000015258789,54.93000030517578,360600,0.0,0.0,-,47.0220750617981,55.61540008544922,54.508999824523926,54.78699951171875,604278.0
11/23/2018,51.4900016784668,54.93000030517578,51.43000030517578,54.72999954223633,437500,0.0,0.0,-,46.927775058746334,55.757000045776365,54.14999980926514,55.16799964904785,605020.0
11/21/2018,52.619998931884766,53.4900016784668,52.18000030517578,52.2599983215332,296100,0.0,0.0,-,46.83312505722046,55.90880004882813,53.91499977111816,55.56499977111817,605044.0
11/20/2018,50.400001525878906,52.459999084472656,50.060001373291016,52.130001068115234,579200,0.0,0.0,-,46.7535750579834,56.1092000579834,53.71749992370606,56.16300010681152,611474.0
11/19/2018,55.15999984741211,55.72999954223633,51.77000045776367,52.0,687000,0.0,0.0,-,46.67097505569458,56.3242000579834,53.70549983978272,56.511000061035155,617422.0
11/16/2018,54.959999084472656,56.709999084472656,54.45000076293945,55.43999862670898,636100,0.0,0.0,-,46.58697505950928,56.515400085449215,53.78349990844727,56.84599990844727,622514.0
11/15/2018,54.90999984741211,55.41999816894531,52.65999984741211,55.41999816894531,660200,0.0,0.0,-,46.48962507247925,56.57220008850098,53.63400001525879,56.74000015258789,630760.0
11/14/2018,57.34000015258789,58.11000061035156,55.59000015258789,55.68000030517578,543600,0.0,0.0,-,46.399575080871585,56.62040016174316,53.542000198364256,56.635000228881836,631778.0
11/13/2018,57.95000076293945,58.84000015258789,57.060001373291016,57.34000015258789,586600,0.0,0.0,-,46.30482507705688,56.67680015563965,53.484500122070315,56.27700004577637,642516.0
11/12/2018,58.81999969482422,59.130001068115234,57.43000030517578,57.93999862670898,734100,0.0,0.0,-,46.206175079345705,56.756400146484374,53.417000198364256,55.327999877929685,649428.0
11/09/2018,58.31999969482422,59.31800079345703,57.3120002746582,58.7400016784668,629300,0.0,0.0,-,46.110425090789796,56.79340019226074,53.200500297546384,54.231000137329104,656354.0
11/08/2018,58.11000061035156,59.06999969482422,57.40499877929688,58.70000076293945,472000,0.0,0.0,-,46.00987508773804,56.79280014038086,52.99050025939941,53.13199996948242,672480.0
11/07/2018,56.0,58.650001525878906,55.959999084472656,58.2400016784668,483900,0.0,0.0,-,45.90727508544922,56.797000122070315,52.71550025939941,52.26499977111816,702878.0
11/06/2018,55.220001220703125,56.560001373291016,55.220001220703125,55.61000061035156,490200,0.0,0.0,-,45.802725086212156,56.769400100708005,52.48850021362305,51.271999740600585,719492.0
11/05/2018,54.709999084472656,55.81999969482422,54.09999847412109,55.34999847412109,604500,0.0,0.0,-,45.71547508239746,56.777200088500976,52.562500190734866,50.89999961853027,743338.0
11/02/2018,54.720001220703125,55.84999847412109,53.02999877929688,54.380001068115234,777100,0.0,0.0,-,45.62882509231567,56.77660011291504,52.64450035095215,50.72099990844727,754788.0
11/01/2018,52.459999084472656,54.66999816894531,51.540000915527344,54.369998931884766,832500,0.0,0.0,-,45.54892509460449,56.79000007629394,52.83600025177002,50.52799987792969,781982.0
10/31/2018,50.2400016784668,53.27000045776367,49.9900016784668,52.09999847412109,975800,0.0,0.0,-,45.46562509536743,56.82980010986328,53.01050033569336,50.44900016784668,774144.0
10/30/2018,49.5099983215332,51.86000061035156,45.880001068115234,47.84999847412109,1085600,0.0,0.0,-,45.39387510299682,56.92940017700195,53.496500396728514,50.692000198364255,762574.0
10/29/2018,48.560001373291016,49.57500076293945,46.20000076293945,46.970001220703125,648500,0.0,0.0,-,45.34252511978149,57.10200019836426,54.12100048065186,51.50600051879883,753520.0
10/26/2018,49.04999923706055,49.45000076293945,47.220001220703125,47.75,747000,0.0,0.0,-,45.29317510604859,57.31920021057129,54.85250034332275,52.17000045776367,755880.0
10/25/2018,48.66999816894531,50.77999877929688,48.5099983215332,50.02999877929688,540500,0.0,0.0,-,45.244675102233884,57.52680023193359,55.46050033569336,52.84900054931641,751418.0
10/24/2018,51.900001525878906,52.130001068115234,48.13999938964844,48.310001373291016,444100,0.0,0.0,-,45.182525100708006,57.66380027770996,55.92150039672852,53.16600074768066,748210.0
10/23/2018,53.5,54.23500061035156,50.5,51.88999938964844,353800,0.0,0.0,-,45.128725090026855,57.848400268554684,56.39100036621094,53.705000686645505,749172.0
10/22/2018,52.40999984741211,53.85200119018555,52.22499847412109,53.560001373291016,588700,0.0,0.0,-,45.05332509994507,57.95400024414062,56.72600040435791,54.22500076293945,753052.0
10/19/2018,54.22999954223633,55.17499923706055,52.13999938964844,52.45000076293945,229400,0.0,0.0,-,44.9706750869751,58.05680023193359,56.94500026702881,54.56800079345703,757214.0
10/18/2018,54.400001525878906,54.75,52.709999084472656,53.58000183105469,209000,0.0,0.0,-,44.892675075531,58.17160018920899,57.21750030517578,55.14400062561035,770330.0
10/17/2018,55.709999084472656,55.709999084472656,54.20000076293945,54.52999877929688,255200,0.0,0.0,-,44.81112506866455,58.22660018920899,57.457000160217284,55.57200050354004,833362.0
10/16/2018,53.84000015258789,56.18999862670898,53.84000015258789,55.9900016784668,314700,0.0,0.0,-,44.72417507171631,58.26240020751953,57.61500015258789,56.30100059509277,844790.0
10/15/2018,54.18999862670898,55.130001068115234,53.0,53.61000061035156,235300,0.0,0.0,-,44.62552505493164,58.30920021057129,58.00250015258789,56.73600044250488,852926.0
10/12/2018,54.400001525878906,55.52000045776367,53.290000915527344,54.540000915527344,351000,0.0,0.0,-,44.540125045776364,58.42440017700196,58.44450016021729,57.535000228881835,865570.0
10/11/2018,53.41999816894531,55.52000045776367,52.25899887084961,53.20000076293945,545700,0.0,0.0,-,44.451325035095216,58.52280014038086,58.81800003051758,58.072000122070314,884284.0
10/10/2018,56.84999847412109,57.005001068115234,53.56999969482422,53.70000076293945,493800,0.0,0.0,-,44.36957502365112,58.661400146484375,59.273999977111814,58.67700004577637,894670.0
10/09/2018,57.060001373291016,58.470001220703125,56.84000015258789,57.09000015258789,467900,0.0,0.0,-,44.28492502212524,58.814800109863285,59.702999877929685,59.077000045776366,915678.0
10/08/2018,58.22999954223633,58.61000061035156,55.54999923706055,56.9900016784668,428600,0.0,0.0,-,44.18657501220703,58.61440010070801,59.992499923706056,59.227000045776364,911466.0
10/05/2018,57.630001068115234,59.09999847412109,56.65999984741211,58.209999084472656,494800,0.0,0.0,-,44.08762500762939,58.42900009155274,60.22099990844727,59.32199974060059,905540.0
10/04/2018,61.650001525878906,61.650001525878906,57.305999755859375,57.86000061035156,607400,0.0,0.0,-,43.988125019073486,58.23980010986328,60.22449989318848,59.29099998474121,899438.0
10/03/2018,60.5,62.02999877929688,59.77999877929688,61.81999969482422,460100,0.0,0.0,-,43.88707502365112,58.07080009460449,60.22299995422363,59.34199981689453,891386.0
10/02/2018,61.88999938964844,61.9900016784668,59.70000076293945,60.34000015258789,591000,0.0,0.0,-,43.75817502975464,57.80160011291504,60.05699996948242,58.928999710083005,886364.0
10/01/2018,60.27999877929688,62.060001373291016,59.65800094604492,61.59999847412109,666000,0.0,0.0,-,43.63837503433228,57.57480010986328,60.10599994659424,59.268999862670896,878874.0
09/28/2018,59.470001220703125,60.40999984741211,59.150001525878906,59.90999984741211,641700,0.0,0.0,-,43.51037504196167,57.30240013122559,60.01550006866455,59.354000091552734,870194.0
09/27/2018,57.66999816894531,59.540000915527344,57.540000915527344,59.25,542400,0.0,0.0,-,43.389675045013426,57.046200103759766,59.95550003051758,59.56399993896484,860782.0
09/26/2018,58.900001525878906,59.36000061035156,57.65999984741211,57.70000076293945,728700,0.0,0.0,-,43.26927503585816,56.7834001159668,59.938500022888185,59.87099990844727,855220.0
09/25/2018,58.16999816894531,58.81999969482422,57.18000030517578,58.59000015258789,513000,0.0,0.0,-,43.15517503738403,56.54720008850098,59.89650001525879,60.32899971008301,844606.0
09/24/2018,57.16999816894531,58.47999954223633,56.08000183105469,57.93999862670898,700000,0.0,0.0,-,43.03602502822876,56.267000122070314,59.76700000762939,60.75799980163574,837432.0
09/21/2018,58.56999969482422,58.75,56.02999877929688,57.900001525878906,1414100,0.0,0.0,-,42.914625034332275,56.00260017395019,59.636000061035155,61.12000007629395,825972.0
09/20/2018,57.79999923706055,58.915000915527344,57.75,58.369998931884766,628000,0.0,0.0,-,42.79112503051758,55.735400161743165,59.49349994659424,61.15799980163574,801064.0
09/19/2018,64.06999969482422,65.0,55.02000045776367,57.68999862670898,1859800,0.0,0.0,-,42.66410003662109,55.445400161743166,59.39300003051758,61.104000091552734,792212.0
09/18/2018,62.290000915527344,64.63999938964844,62.290000915527344,63.7400016784668,590200,0.0,0.0,-,42.53795003890991,55.177200164794925,59.36250019073486,61.18500022888183,758362.0
09/17/2018,62.810001373291016,65.09100341796875,61.84600067138672,62.45000076293945,1051600,0.0,0.0,-,42.38580003738403,54.78980010986328,58.99950008392334,60.94300003051758,750110.0
09/14/2018,62.310001373291016,63.21900177001953,61.41999816894531,62.0099983215332,397700,0.0,0.0,-,42.2433500289917,54.42760009765625,58.7685001373291,60.67700004577637,731414.0
09/13/2018,62.810001373291016,63.68000030517578,61.150001525878906,62.31999969482422,438700,0.0,0.0,-,42.10590003967285,54.065200119018556,58.574500274658206,60.34700012207031,725818.0
09/12/2018,62.880001068115234,63.9900016784668,60.5,62.27999877929688,617600,0.0,0.0,-,41.97500003814697,53.697400131225585,58.302500343322755,60.0060001373291,719208.0
09/11/2018,61.619998931884766,63.09000015258789,60.15999984741211,62.880001068115234,876600,0.0,0.0,-,41.84650005340576,53.31680015563965,58.06550045013428,59.46400032043457,709950.0
09/10/2018,58.709999084472656,61.68999862670898,58.400001525878906,61.560001373291016,941600,0.0,0.0,-,41.714200038909915,52.91920013427735,57.78000030517578,58.77600021362305,696160.0
09/07/2018,57.65999984741211,60.33399963378906,57.242000579833984,58.27999877929688,1048400,0.0,0.0,-,41.58745002746582,52.54960014343262,57.637000274658206,58.15200004577637,681172.0
09/06/2018,58.16999816894531,58.900001525878906,56.90999984741211,57.83000183105469,711100,0.0,0.0,-,41.47625003814697,52.23560020446777,57.63250026702881,57.829000091552736,664366.0
09/05/2018,61.45000076293945,61.733001708984375,58.31999969482422,58.5,1080500,0.0,0.0,-,41.365300025939945,51.946600189208986,57.55750026702881,57.68199996948242,653708.0
09/04/2018,60.20000076293945,61.880001068115234,59.93000030517578,61.31999969482422,932200,0.0,0.0,-,41.245450019836426,51.651600189208985,57.44850025177002,57.54000015258789,636686.0
08/31/2018,58.38999938964844,60.29999923706055,58.25,59.790000915527344,1080400,0.0,0.0,-,41.10765001296997,51.32660018920898,57.299000358581544,57.0560001373291,638468.0
08/30/2018,59.02999877929688,59.34000015258789,57.797000885009766,58.709999084472656,1435600,0.0,0.0,-,40.979300003051755,51.02160018920898,57.27800025939941,56.86000022888184,621402.0
08/29/2018,57.97999954223633,59.68000030517578,57.119998931884766,58.90999984741211,1991900,0.0,0.0,-,40.85770000457764,50.749000244140625,57.315500259399414,56.80200042724609,596174.0
08/28/2018,56.2599983215332,57.470001220703125,55.63999938964844,56.86000061035156,1314600,0.0,0.0,-,40.73590000152588,50.46460021972656,57.37650032043457,56.59900054931641,561216.0
08/27/2018,55.790000915527344,56.095001220703125,55.11000061035156,56.0,1682500,0.0,0.0,-,40.629149990081785,50.236600189208986,57.60200023651123,56.66700057983398,541070.0
08/24/2018,55.540000915527344,55.84000015258789,54.97999954223633,55.31999969482422,1177000,0.0,0.0,-,40.53559999465942,50.02140022277832,57.15550022125244,56.784000396728516,517044.0
08/23/2018,55.220001220703125,55.66999816894531,54.540000915527344,55.04999923706055,2136800,0.0,0.0,-,40.445,49.814600219726564,56.77550029754639,57.122000503540036,505098.0
08/22/2018,56.810001373291016,57.63999938964844,56.2400016784668,56.36000061035156,440600,0.0,0.0,-,40.354600009918215,49.585600204467774,56.46050033569336,57.436000442504884,485324.0
08/21/2018,56.65999984741211,57.560001373291016,56.34000015258789,57.08000183105469,397300,0.0,0.0,-,40.25900001525879,49.29820022583008,56.113000297546385,57.433000564575195,515440.0
08/20/2018,58.0099983215332,58.1870002746582,55.630001068115234,56.47999954223633,632900,0.0,0.0,-,40.153700008392335,49.02440017700195,55.67700023651123,57.35700035095215,513508.0
08/17/2018,58.130001068115234,58.58000183105469,57.06999969482422,57.83000183105469,766500,0.0,0.0,-,40.05135000228882,48.764800186157224,55.30300025939941,57.54200057983398,506670.0
08/16/2018,57.150001525878906,58.58000183105469,57.060001373291016,58.130001068115234,523900,0.0,0.0,-,39.949549999237064,48.473600158691404,54.810500144958496,57.696000289916995,496582.0
08/15/2018,57.38999938964844,58.22999954223633,56.540000915527344,56.880001068115234,380100,0.0,0.0,-,39.836749992370606,48.18780014038086,54.25900001525879,57.829000091552736,491128.0
08/14/2018,57.63999938964844,58.012001037597656,57.119998931884766,57.540000915527344,492200,0.0,0.0,-,39.72869998931885,47.91280014038086,53.720499992370605,58.15400009155273,487906.0
08/13/2018,58.95000076293945,59.20000076293945,56.959999084472656,57.16999816894531,547800,0.0,0.0,-,39.615249977111816,47.6110001373291,53.13799991607666,58.53699989318848,482760.0
08/10/2018,58.31999969482422,59.7599983215332,58.29999923706055,58.70000076293945,796800,0.0,0.0,-,39.49984998703003,47.3202001953125,52.50850009918213,57.52700004577637,477952.0
08/09/2018,56.18999862670898,58.63999938964844,56.02000045776367,58.18999862670898,885200,0.0,0.0,-,39.37414999008179,46.989400177001954,51.80950012207031,56.42900009155274,468972.0
08/08/2018,57.45000076293945,57.5,54.130001068115234,56.33000183105469,3360600,0.0,0.0,-,39.250650005340574,46.66820022583008,51.12700023651123,55.48500022888184,455726.0
08/07/2018,57.45000076293945,58.2599983215332,54.959999084472656,56.31999969482422,826600,0.0,0.0,-,39.13719999313354,46.391000213623045,50.50400009155273,54.793000030517575,395492.0
08/06/2018,58.970001220703125,59.790000915527344,57.68000030517578,58.33000183105469,721500,0.0,0.0,-,39.02409999847412,46.104600219726564,49.90200004577637,53.99700012207031,383606.0
08/03/2018,59.790000915527344,61.060001373291016,58.869998931884766,59.369998931884766,867500,0.0,0.0,-,38.89959999084473,45.792800216674806,49.20399990081787,53.06399993896484,374290.0
08/02/2018,59.97999954223633,61.04999923706055,58.18000030517578,59.459999084472656,1286700,0.0,0.0,-,38.770749988555906,45.45360023498535,48.45249996185303,51.925,360544.0
08/01/2018,61.369998931884766,61.59999847412109,58.560001373291016,60.130001068115234,1065000,0.0,0.0,-,38.640549983978275,45.11520027160645,47.67399997711182,50.68899993896484,339394.0
07/31/2018,57.4900016784668,63.970001220703125,57.34999847412109,61.369998931884766,1544200,0.0,0.0,-,38.505149974823,44.75180023193359,46.863999938964845,49.28699989318848,321258.0
07/30/2018,47.66999816894531,48.22999954223633,46.900001525878906,47.06999969482422,257300,0.0,0.0,-,38.36629997253418,44.37680023193359,45.9579999923706,47.738999938964845,294394.0
07/27/2018,48.95000076293945,49.34000015258789,47.34000015258789,47.720001220703125,132300,0.0,0.0,-,38.30129997253418,44.26160026550293,45.754500007629396,47.49000015258789,292782.0
07/26/2018,49.290000915527344,49.6870002746582,48.619998931884766,48.75,189700,0.0,0.0,-,38.23064996719361,44.12780021667481,45.52250003814697,47.19000015258789,296358.0
07/25/2018,48.59000015258789,49.470001220703125,48.4900016784668,49.40999984741211,204800,0.0,0.0,-,38.15579996109009,43.98380020141602,45.214000129699706,46.76900024414063,297070.0
07/24/2018,49.18000030517578,49.56999969482422,48.09000015258789,48.36000061035156,209000,0.0,0.0,-,38.07354995727539,43.8418002319336,44.91250019073486,46.21500015258789,300506.0
07/23/2018,48.0099983215332,49.04999923706055,47.84000015258789,49.0,216500,0.0,0.0,-,38.00079996109009,43.6994002532959,44.682000160217285,45.80699996948242,299282.0
07/20/2018,47.2599983215332,48.560001373291016,47.17100143432617,47.97999954223633,232000,0.0,0.0,-,37.92524995803833,43.52760025024414,44.48550014495849,45.3439998626709,298722.0
07/19/2018,46.08000183105469,47.36000061035156,46.08000183105469,47.09999847412109,171100,0.0,0.0,-,37.85089996337891,43.357000274658205,44.313500213623044,44.97999992370605,297838.0
07/18/2018,45.81999969482422,46.2599983215332,45.31999969482422,46.11000061035156,264300,0.0,0.0,-,37.77964996337891,43.2162003326416,44.212500381469724,44.65900001525879,302922.0
07/17/2018,44.560001373291016,46.18000030517578,44.560001373291016,45.88999938964844,198000,0.0,0.0,-,37.708599958419796,43.07580032348633,44.141500282287595,44.44099998474121,307062.0
07/16/2018,44.810001373291016,45.38999938964844,43.95100021362305,44.58000183105469,154300,0.0,0.0,-,37.639799966812134,42.90440032958984,44.12000026702881,44.17700004577637,315316.0
07/13/2018,44.65999984741211,45.43999862670898,44.54999923706055,44.720001220703125,127000,0.0,0.0,-,37.57754996299744,42.74120025634765,44.15300025939941,44.018999862670896,367538.0
07/12/2018,44.06999969482422,44.790000915527344,43.77999877929688,44.540000915527344,168700,0.0,0.0,-,37.510449953079224,42.62460021972656,44.16600017547607,43.85499992370605,370232.0
07/11/2018,44.04999923706055,44.290000915527344,43.84000015258789,43.869998931884766,185400,0.0,0.0,-,37.44494995117188,42.4976001739502,44.11900005340576,43.65900001525879,372040.0
07/10/2018,44.369998931884766,44.81999969482422,43.97999954223633,44.27999877929688,167300,0.0,0.0,-,37.382199954986575,42.36000022888184,44.025000190734865,43.61000022888184,371864.0
07/09/2018,44.41999816894531,44.68999862670898,44.02000045776367,44.369998931884766,177600,0.0,0.0,-,37.31604995727539,42.221000289916994,43.98050022125244,43.55700035095215,370186.0
07/06/2018,43.959999084472656,44.63999938964844,43.88999938964844,44.34000015258789,116800,0.0,0.0,-,37.249299964904786,42.08060028076172,43.9370002746582,43.627000427246095,368508.0
07/05/2018,44.150001525878906,44.64899826049805,43.43000030517578,43.88999938964844,117900,0.0,0.0,-,37.183599967956546,41.936200256347654,43.883500289916995,43.64700050354004,367194.0
07/03/2018,43.459999084472656,44.22999954223633,43.220001220703125,43.93000030517578,108200,0.0,0.0,-,37.12044997215271,41.79860023498535,43.88100032806396,43.766000747680664,366682.0
07/02/2018,42.7599983215332,43.25,42.43000030517578,43.25,154700,0.0,0.0,-,37.05584997177124,41.66200019836426,43.841000366210935,43.842000579833986,365812.0
06/29/2018,43.18000030517578,43.52999877929688,42.69499969482422,43.0,187100,0.0,0.0,-,36.99364996910095,41.529800186157225,43.80100040435791,44.06300048828125,364628.0
06/28/2018,42.619998931884766,44.290000915527344,41.84000015258789,43.08000183105469,192200,0.0,0.0,-,36.93474996566773,41.40780021667481,43.782500457763675,44.28700065612793,363250.0
06/27/2018,43.43999862670898,43.85499954223633,42.37799835205078,42.58000183105469,208100,0.0,0.0,-,36.87999996185303,41.3002001953125,43.736500358581544,44.4770004272461,362148.0
06/26/2018,43.869998931884766,44.61000061035156,43.24599838256836,43.380001068115234,178200,0.0,0.0,-,36.82949995040894,41.200600128173825,43.71400032043457,44.579000091552736,361696.0
06/25/2018,44.77000045776367,44.77000045776367,43.44100189208984,43.75,229400,0.0,0.0,-,36.77334995269776,41.08160011291504,43.66850032806396,44.44000015258789,359960.0
06/22/2018,44.68999862670898,45.06999969482422,44.08000183105469,45.06999969482422,1021300,0.0,0.0,-,36.71774995803833,40.94860008239746,43.581000328063965,44.40400009155273,357468.0
06/21/2018,45.34999847412109,45.43000030517578,43.96900177001953,44.540000915527344,227100,0.0,0.0,-,36.65274995803833,40.78760009765625,43.464500427246094,44.24700012207031,343060.0
06/20/2018,44.84000015258789,45.18000030517578,43.72999954223633,45.08000183105469,174200,0.0,0.0,-,36.5905499458313,40.63260009765625,43.35800037384033,44.12000007629395,340086.0
06/19/2018,45.13999938964844,45.5260009765625,44.06999969482422,44.68999862670898,244000,0.0,0.0,-,36.529799938201904,40.4668000793457,43.23100032806396,43.99599990844727,339962.0
06/18/2018,45.2599983215332,45.93999862670898,44.619998931884766,45.459999084472656,307300,0.0,0.0,-,36.4695499420166,40.28500007629395,43.094500350952146,43.84000015258789,337164.0
06/15/2018,44.83000183105469,45.88999938964844,44.09000015258789,45.2400016784668,481200,0.0,0.0,-,36.40334995269775,40.08760009765625,42.952500343322754,43.53900032043457,335232.0
06/14/2018,43.540000915527344,45.7400016784668,43.540000915527344,44.97999954223633,579700,0.0,0.0,-,36.337899951934816,39.90640007019043,42.75600032806396,43.27800025939941,327780.0
06/13/2018,42.060001373291016,43.755001068115234,41.810001373291016,43.59999847412109,1148100,0.0,0.0,-,36.27359994888306,39.724200057983396,42.55850028991699,42.99600028991699,320364.0
06/12/2018,41.650001525878906,42.40999984741211,41.5,41.9900016784668,1946400,0.0,0.0,-,36.215349960327146,39.5368000793457,42.456000328063965,42.84900054931641,301798.0
06/11/2018,43.68999862670898,43.97999954223633,43.060001373291016,43.38999938964844,300700,0.0,0.0,-,36.16659996032715,39.377600021362305,42.47200031280518,42.89700050354004,266134.0
06/08/2018,43.34999847412109,44.45000076293945,43.34999847412109,43.5,291000,0.0,0.0,-,36.10744996070862,39.20800003051758,42.36450042724609,42.7580005645752,266194.0
06/07/2018,43.77000045776367,43.79999923706055,41.27000045776367,43.27000045776367,262100,0.0,0.0,-,36.048449964523314,39.058000030517576,42.2100004196167,42.682000732421876,263838.0
06/06/2018,43.22999954223633,44.11000061035156,42.68000030517578,43.84000015258789,251200,0.0,0.0,-,35.98889996528626,38.915,42.01900043487549,42.59600067138672,262040.0
06/05/2018,42.68000030517578,43.18000030517578,42.18000030517578,43.130001068115234,219000,0.0,0.0,-,35.925699968338016,38.76659996032715,41.830000495910646,42.46600074768067,260074.0
06/04/2018,42.68000030517578,43.20000076293945,42.060001373291016,42.45000076293945,234900,0.0,0.0,-,35.86829996109009,38.61699996948242,41.62800045013428,42.34900054931641,259172.0
06/01/2018,42.22999954223633,42.86000061035156,42.0,42.630001068115234,307400,0.0,0.0,-,35.81209995269776,38.4957999420166,41.371500396728514,42.36600036621094,258296.0
05/31/2018,42.060001373291016,43.15999984741211,41.900001525878906,42.15999984741211,347800,0.0,0.0,-,35.75579995155334,38.3815998840332,41.06100025177002,42.23400039672852,255872.0
05/30/2018,42.68999862670898,43.22999954223633,42.04999923706055,42.130001068115234,222900,0.0,0.0,-,35.70129995346069,38.26879989624023,40.89750022888184,42.12100028991699,252508.0
05/29/2018,41.97999954223633,42.59999847412109,41.290000915527344,42.470001220703125,348900,0.0,0.0,-,35.64479994773865,38.15339988708496,40.700500106811525,42.06300010681152,251730.0
05/25/2018,42.66999816894531,43.27999877929688,41.95000076293945,42.0,232300,0.0,0.0,-,35.58689993858337,38.02599983215332,40.426500129699704,42.047000122070315,253300.0
05/24/2018,42.380001068115234,42.83000183105469,42.060001373291016,42.7400016784668,255700,0.0,0.0,-,35.53784993171692,37.89779983520508,40.19300022125244,41.971000289916994,251142.0
05/23/2018,42.290000915527344,42.95000076293945,42.150001525878906,42.40999984741211,180200,0.0,0.0,-,35.489699926376346,37.76199981689453,39.923500061035156,41.738000106811526,249804.0
05/22/2018,41.900001525878906,43.16999816894531,41.900001525878906,42.540000915527344,229200,0.0,0.0,-,35.43724992752075,37.625399856567384,39.65900001525879,41.442000198364255,250046.0
05/21/2018,42.66999816894531,43.0,41.720001220703125,41.959999084472656,158200,0.0,0.0,-,35.38269991874695,37.516599807739254,39.382499885559085,41.194000244140625,251698.0
05/18/2018,41.4900016784668,43.130001068115234,41.4900016784668,42.619998931884766,201000,0.0,0.0,-,35.33054992675781,37.41079978942871,39.13949985504151,40.907000350952146,255564.0
05/17/2018,40.959999084472656,42.35699844360352,40.72999954223633,41.310001373291016,176700,0.0,0.0,-,35.266299934387206,37.26319984436035,38.84049987792969,40.377000427246095,257042.0
05/16/2018,41.630001068115234,42.119998931884766,40.650001525878906,41.02999877929688,311100,0.0,0.0,-,35.20824993133545,37.123399810791014,38.61999988555908,39.888000106811525,258570.0
05/15/2018,42.0099983215332,42.36000061035156,41.459999084472656,41.54999923706055,225300,0.0,0.0,-,35.14024993896484,36.978599853515625,38.453499984741214,39.67400016784668,255930.0
05/14/2018,41.43999862670898,43.0,41.369998931884766,42.310001373291016,376600,0.0,0.0,-,35.06994994163513,36.818799896240236,38.25599994659424,39.33800010681152,256200.0
05/11/2018,40.52000045776367,41.560001373291016,39.14099884033203,41.2400016784668,147800,0.0,0.0,-,34.99824993133545,36.62419990539551,38.011999893188474,38.8060001373291,254934.0
05/10/2018,39.619998931884766,40.4900016784668,39.290000915527344,40.40999984741211,188500,0.0,0.0,-,34.93499992370605,36.446999893188476,37.80499973297119,38.41500015258789,260012.0
05/09/2018,39.86000061035156,40.34999847412109,38.88999938964844,39.45000076293945,187800,0.0,0.0,-,34.87614992141724,36.27979988098144,37.63549976348877,38.109000015258786,266848.0
05/08/2018,39.119998931884766,40.810001373291016,39.09000015258789,40.060001373291016,425300,0.0,0.0,-,34.82339991569519,36.131299896240236,37.50249977111817,37.87599983215331,288436.0
05/07/2018,37.59000015258789,39.209999084472656,37.470001220703125,39.09000015258789,471300,0.0,0.0,-,34.764249906539916,36.111099853515626,37.33899974822998,37.57099952697753,286798.0
05/04/2018,36.5099983215332,37.665000915527344,36.36000061035156,37.31999969482422,610700,0.0,0.0,-,34.709749908447264,36.08949981689453,37.16449966430664,37.371999359130854,281114.0
05/03/2018,35.119998931884766,36.709999084472656,35.0,36.41999816894531,2765400,0.0,0.0,-,34.663449907302855,36.07689979553223,37.077999687194826,37.30399932861327,273114.0
05/02/2018,38.13999938964844,38.959999084472656,37.47999954223633,38.88999938964844,261700,0.0,0.0,-,34.621549921035765,36.10429985046387,37.065999794006345,37.35199966430663,219808.0
05/01/2018,40.68000030517578,40.68000030517578,37.150001525878906,38.18999862670898,259100,0.0,0.0,-,34.567299928665165,36.07849983215332,36.91499977111816,37.232999801635735,220074.0
04/30/2018,37.43999862670898,37.970001220703125,36.915000915527344,36.9900016784668,176600,0.0,0.0,-,34.514749937057495,36.07529983520508,36.71699981689453,37.17399978637695,217916.0
04/27/2018,37.43000030517578,37.650001525878906,37.130001068115234,37.33000183105469,83400,0.0,0.0,-,34.46734992980957,36.08949981689453,36.568999671936034,37.217999649047854,217468.0
04/26/2018,37.2400016784668,37.84999847412109,36.91999816894531,37.34999847412109,93700,0.0,0.0,-,34.4194999217987,36.115899810791014,36.44799957275391,37.194999313354494,219352.0
04/25/2018,36.90999984741211,37.25,36.32500076293945,37.119998931884766,51100,0.0,0.0,-,34.37084993362427,36.11949981689453,36.38049964904785,37.16199951171875,219432.0
04/24/2018,37.43000030517578,37.77999877929688,36.59000015258789,37.0099983215332,92300,0.0,0.0,-,34.32159994125366,36.109099807739256,36.33049964904785,37.12899971008301,221426.0
04/23/2018,36.70000076293945,37.45000076293945,36.540000915527344,37.09999847412109,64700,0.0,0.0,-,34.28274994850159,36.09029983520508,36.30099964141846,37.10699996948242,222460.0
04/20/2018,36.75,36.86000061035156,36.43999862670898,36.63999938964844,95500,0.0,0.0,-,34.24224995613098,36.06429985046387,36.228499794006346,36.956999969482425,225110.0
04/19/2018,37.59999847412109,38.150001525878906,36.72999954223633,36.900001525878906,118200,0.0,0.0,-,34.205449962615965,36.05849983215332,36.21599979400635,36.852000045776364,225830.0
04/18/2018,37.810001373291016,38.10499954223633,37.43999862670898,37.70000076293945,137100,0.0,0.0,-,34.16599995613098,36.032699813842775,36.21699962615967,36.77999992370606,226604.0
04/17/2018,37.59000015258789,37.810001373291016,37.0,37.59999847412109,185500,0.0,0.0,-,34.12249995231628,35.98269981384277,36.15799961090088,36.59699974060059,229726.0
04/16/2018,37.2400016784668,37.86000061035156,36.93999862670898,37.43000030517578,91400,0.0,0.0,-,34.08014995574951,35.950099868774416,36.0959997177124,36.25999984741211,229320.0
04/13/2018,37.18000030517578,37.2599983215332,36.5,37.09999847412109,104800,0.0,0.0,-,34.04059995651245,35.94969985961914,36.02949962615966,35.91999969482422,231128.0
04/12/2018,36.97999954223633,37.70000076293945,35.7400016784668,37.02000045776367,300900,0.0,0.0,-,33.99909996032715,35.942299880981444,35.95399971008301,35.70099983215332,232162.0
04/11/2018,36.59999847412109,37.14500045776367,36.15499877929688,36.790000915527344,78400,0.0,0.0,-,33.95944995880127,35.954099884033205,35.900499725341795,35.59899978637695,228854.0
04/10/2018,36.119998931884766,36.91999816894531,35.9900016784668,36.790000915527344,168000,0.0,0.0,-,33.92184995651245,35.994099884033204,35.839999771118165,35.531999588012695,229874.0
04/09/2018,35.810001373291016,36.77000045776367,35.470001220703125,35.599998474121094,104100,0.0,0.0,-,33.88194994926452,36.03089988708496,35.85549964904785,35.49499931335449,228034.0
04/06/2018,35.91999816894531,36.25,35.119998931884766,35.59000015258789,210700,0.0,0.0,-,33.84594995498657,36.08249992370605,35.908999633789065,35.499999618530275,229026.0
04/05/2018,36.060001373291016,36.31999969482422,35.439998626708984,36.18000030517578,108600,0.0,0.0,-,33.81004995346069,36.11729995727539,35.89149971008301,35.57999954223633,228342.0
04/04/2018,33.91999816894531,35.97999954223633,33.91999816894531,35.869998931884766,208900,0.0,0.0,-,33.7715999507904,36.15689994812012,35.79849967956543,35.65399932861328,228366.0
04/03/2018,34.369998931884766,34.97700119018555,33.52000045776367,34.22999954223633,219800,0.0,0.0,-,33.73399995803833,36.199899978637696,35.694499778747556,35.71899948120117,228390.0
04/02/2018,34.7400016784668,36.59999847412109,33.7599983215332,34.029998779296875,163200,0.0,0.0,-,33.7035999584198,36.28330001831055,35.660999870300294,35.931999588012694,227400.0
03/29/2018,36.09999847412109,36.33000183105469,34.61000061035156,34.90999984741211,303700,0.0,0.0,-,33.673399963378905,36.35690002441406,35.588500022888184,36.13899955749512,227916.0
03/28/2018,36.13999938964844,36.83000183105469,35.470001220703125,36.0,173200,0.0,0.0,-,33.639799966812134,36.41370002746582,35.46200008392334,36.20699958801269,228766.0
03/27/2018,36.54999923706055,36.68000030517578,35.76499938964844,36.119998931884766,172200,0.0,0.0,-,33.600549964904786,36.445300064086915,35.264500045776366,36.20199966430664,228898.0
03/26/2018,36.11000061035156,36.619998931884766,35.459999084472656,36.41999816894531,152900,0.0,0.0,-,33.55849996566772,36.46490005493164,35.059750175476076,36.147999954223636,227590.0
03/23/2018,36.52000045776367,36.83000183105469,35.56999969482422,35.650001525878906,173900,0.0,0.0,-,33.519549970626834,36.497500076293946,35.191250228881835,36.21599998474121,227588.0
03/22/2018,36.619998931884766,37.47999954223633,36.220001220703125,36.38999938964844,191100,0.0,0.0,-,33.48164996147156,36.53650001525879,35.309250068664554,36.31799964904785,228218.0
03/21/2018,36.59000015258789,37.119998931884766,36.560001373291016,36.91999816894531,186200,0.0,0.0,-,33.44019996643066,36.55970001220703,35.324250030517575,36.202999877929685,229628.0
03/20/2018,36.27999877929688,36.810001373291016,36.27000045776367,36.52000045776367,179600,0.0,0.0,-,33.395149974823,36.55750007629395,35.36775016784668,35.94300003051758,232334.0
03/19/2018,36.040000915527344,36.380001068115234,35.70000076293945,36.36000061035156,184000,0.0,0.0,-,33.35274997711181,36.56770004272461,35.42175006866455,35.670000076293945,232448.0
03/16/2018,35.560001373291016,36.18999862670898,35.5,36.09999847412109,427400,0.0,0.0,-,33.31244997024536,36.5775,35.505249977111816,35.39000015258789,232576.0
03/15/2018,36.04999923706055,36.34999847412109,35.56999969482422,35.59000015258789,124400,0.0,0.0,-,33.27104997634888,36.60090003967285,35.58525009155274,35.03800048828125,227370.0
03/14/2018,35.709999084472656,36.119998931884766,35.43000030517578,35.95000076293945,188800,0.0,0.0,-,33.23049997329712,36.631900024414065,35.738250160217284,34.717000579833986,229156.0
03/13/2018,37.150001525878906,37.150001525878906,35.5,35.58000183105469,192300,0.0,0.0,-,33.186099967956544,36.63809997558594,35.81725006103515,34.32700042724609,227822.0
03/12/2018,36.79999923706055,37.56499862670898,36.59999847412109,37.09999847412109,311800,0.0,0.0,-,33.14314995765686,36.657099914550784,35.86824989318848,33.971500396728516,225692.0
03/09/2018,35.27000045776367,37.150001525878906,35.27000045776367,36.66999816894531,351500,0.0,0.0,-,33.091499967575075,36.6506999206543,35.81674995422363,34.16650047302246,221436.0
03/08/2018,34.52000045776367,35.25,33.97999954223633,35.2400016784668,274900,0.0,0.0,-,33.04149997711182,36.654299926757815,35.77325000762939,34.30050048828125,216570.0
03/07/2018,33.52000045776367,34.36000061035156,33.52000045776367,34.31999969482422,253100,0.0,0.0,-,32.99924997329712,36.68489990234375,35.82874984741211,34.445500183105466,218458.0
03/06/2018,33.59000015258789,33.95000076293945,33.04499816894531,33.790000915527344,179100,0.0,0.0,-,32.959849977493285,36.74689987182617,35.893249893188475,34.79250030517578,216472.0
03/05/2018,32.5099983215332,33.66999816894531,32.439998626708984,33.560001373291016,238800,0.0,0.0,-,32.922249975204465,36.81509986877441,35.96374988555908,35.173500061035156,217118.0
03/02/2018,32.04999923706055,33.16999816894531,32.04999923706055,32.58000183105469,313300,0.0,0.0,-,32.885099964141844,36.91009986877442,36.084249877929686,35.620499801635745,216460.0
03/01/2018,32.16999816894531,32.94499969482422,31.75,32.380001068115234,401700,0.0,0.0,-,32.85629995346069,37.011499862670895,36.32574977874756,36.13249969482422,216012.0
02/28/2018,32.150001525878906,32.849998474121094,32.0,32.04999923706055,530300,0.0,0.0,-,32.826099948883055,37.08469985961914,36.543249702453615,36.75949974060059,228372.0
02/27/2018,36.0,36.0,32.0,32.025001525878906,1267200,0.0,0.0,-,32.79419995307922,37.171299896240235,36.82124977111816,37.307499694824216,223826.0
02/26/2018,38.209999084472656,39.290000915527344,37.470001220703125,39.04999923706055,343400,0.0,0.0,-,32.76032494544983,37.250799865722655,37.15949974060059,37.76499938964844,204406.0
02/23/2018,36.93000030517578,38.130001068115234,36.59999847412109,38.0099983215332,187100,0.0,0.0,-,32.68927495002747,37.185199890136715,37.13849983215332,37.4669994354248,206926.0
02/22/2018,37.9900016784668,38.34999847412109,36.2400016784668,36.68999862670898,210700,0.0,0.0,-,32.62157495498657,37.12839988708496,37.14699993133545,37.24599952697754,207848.0
02/21/2018,37.630001068115234,38.38999938964844,37.459999084472656,37.790000915527344,100100,0.0,0.0,-,32.558974962234494,37.09219993591309,37.17900009155274,37.21199951171875,206606.0
02/20/2018,37.95000076293945,38.380001068115234,37.130001068115234,37.59999847412109,275000,0.0,0.0,-,32.484924955368044,37.031599884033206,37.19750003814697,36.99399948120117,210420.0
02/16/2018,37.59999847412109,38.52000045776367,37.59999847412109,38.02999877929688,151200,0.0,0.0,-,32.40992496490478,36.95279991149902,37.2185001373291,36.75399971008301,209538.0
02/15/2018,38.90999984741211,38.90999984741211,37.2599983215332,37.70000076293945,154200,0.0,0.0,-,32.33067497253418,36.856199951171874,37.2370002746582,36.547999954223634,212978.0
02/14/2018,37.290000915527344,38.720001220703125,37.209999084472656,38.650001525878906,177600,0.0,0.0,-,32.25452496528626,36.761499938964846,37.23750019073486,36.518999862670896,224146.0
02/13/2018,36.43999862670898,37.70000076293945,36.04999923706055,37.52999877929688,97700,0.0,0.0,-,32.2232249546051,36.637699890136716,37.19250011444092,36.32699966430664,266578.0
02/12/2018,36.22999954223633,36.869998931884766,35.779998779296875,36.59999847412109,150800,0.0,0.0,-,32.194124956130985,36.5532999420166,37.19500026702881,36.33499984741211,281204.0
02/09/2018,36.11000061035156,36.29999923706055,34.84000015258789,36.06999969482422,144000,0.0,0.0,-,32.168924961090084,36.500499954223635,37.22000026702881,36.55400009155274,282884.0
02/08/2018,36.56999969482422,36.63999938964844,35.744998931884766,35.79999923706055,197200,0.0,0.0,-,32.144374961853025,36.46949996948242,37.319000244140625,36.81000022888183,287576.0
02/07/2018,35.470001220703125,36.619998931884766,35.33000183105469,36.34999847412109,131500,0.0,0.0,-,32.121374969482424,36.47629997253418,37.40900020599365,37.04800033569336,287320.0
02/06/2018,34.560001373291016,36.310001373291016,34.560001373291016,35.61000061035156,156900,0.0,0.0,-,32.09442497253418,36.48090003967285,37.469000244140624,37.146000671386716,285826.0
02/05/2018,35.599998474121094,36.025001525878906,34.560001373291016,35.20000076293945,293200,0.0,0.0,-,32.06867496490479,36.497099990844724,37.5290002822876,37.401000595092775,283990.0
02/02/2018,37.209999084472656,37.209999084472656,35.529998779296875,35.970001220703125,165200,0.0,0.0,-,32.04487496376038,36.51729995727539,37.62050018310547,37.683000564575195,280066.0
02/01/2018,36.59000015258789,37.4900016784668,36.1349983215332,37.40999984741211,181800,0.0,0.0,-,32.01552495956421,36.518699951171875,37.664500045776364,37.92600059509277,278884.0
01/31/2018,37.83000183105469,38.0099983215332,36.68000030517578,36.72999954223633,156500,0.0,0.0,-,31.97347496032715,36.4832999420166,37.65750007629394,37.95600051879883,278004.0
01/30/2018,38.459999084472656,39.630001068115234,37.290000915527344,37.61000061035156,135500,0.0,0.0,-,31.934824962615966,36.43929992675781,37.67800006866455,38.058000564575195,276948.0
01/29/2018,38.54999923706055,39.290000915527344,38.28499984741211,38.790000915527344,129400,0.0,0.0,-,31.888974962234496,36.362299880981446,37.610499954223634,38.055000686645506,276760.0
01/26/2018,38.369998931884766,38.79499816894531,38.09999847412109,38.630001068115234,76000,0.0,0.0,-,31.83967495918274,36.268899841308595,37.49749984741211,37.88600044250488,276548.0
01/25/2018,37.470001220703125,38.27999877929688,36.90999984741211,38.18000030517578,153700,0.0,0.0,-,31.79377495765686,36.18409980773926,37.40499973297119,37.82800025939942,277158.0
01/24/2018,38.119998931884766,38.119998931884766,37.130001068115234,37.33000183105469,176500,0.0,0.0,-,31.749474954605102,36.11149978637695,37.33849964141846,37.77000007629395,276482.0
01/23/2018,37.970001220703125,38.810001373291016,37.95000076293945,38.15999984741211,109800,0.0,0.0,-,31.711374940872194,36.07509971618652,37.310499572753905,37.79199981689453,277970.0
01/22/2018,38.400001525878906,38.58000183105469,37.505001068115234,38.02000045776367,210100,0.0,0.0,-,31.67077494621277,36.05769973754883,37.273499488830566,37.65699996948242,278170.0
01/19/2018,37.88999938964844,38.709999084472656,37.619998931884766,38.400001525878906,170300,0.0,0.0,-,31.631574945449827,36.041299743652345,37.232499504089354,37.557999801635745,276764.0
01/18/2018,37.75,38.27799987792969,37.30500030517578,37.709999084472656,189000,0.0,0.0,-,31.589924936294555,36.01269973754883,37.22799949645996,37.40299949645996,275588.0
01/17/2018,37.68999862670898,38.220001220703125,37.16999816894531,37.75,346200,0.0,0.0,-,31.55317494392395,36.00329978942871,37.224999618530276,37.35899963378906,275478.0
01/16/2018,37.29999923706055,37.95000076293945,37.2599983215332,37.58000183105469,179800,0.0,0.0,-,31.513674945831298,35.968699798583984,37.13949966430664,37.29799957275391,269926.0
01/12/2018,38.09999847412109,38.2599983215332,36.90999984741211,37.09999847412109,106800,0.0,0.0,-,31.46727493286133,35.937299728393555,37.07949962615967,37.165999221801755,270132.0
01/11/2018,37.54999923706055,38.77000045776367,37.41999816894531,38.04999923706055,152800,0.0,0.0,-,31.42197494506836,35.9446997833252,37.02449970245361,37.108999252319336,275322.0
01/10/2018,37.209999084472656,37.709999084472656,36.810001373291016,37.59999847412109,205400,0.0,0.0,-,31.367874946594238,35.895099792480465,36.91049976348877,36.981999206542966,276116.0
01/09/2018,36.81999969482422,37.97999954223633,36.77000045776367,37.54999923706055,261600,0.0,0.0,-,31.316024951934814,35.84849983215332,36.78899974822998,36.90699920654297,274436.0
01/08/2018,36.95000076293945,37.27000045776367,36.4900016784668,36.810001373291016,321500,0.0,0.0,-,31.262824954986574,35.79449981689453,36.65549983978271,36.82899932861328,271258.0
01/05/2018,36.97999954223633,37.25,36.5,37.02999877929688,185300,0.0,0.0,-,31.214274950027466,35.74009979248047,36.55299968719483,36.88999900817871,266814.0
01/04/2018,37.27000045776367,37.4900016784668,36.619998931884766,36.84999847412109,190400,0.0,0.0,-,31.162224960327148,35.67069984436035,36.38449974060059,36.90699920654297,264040.0
01/03/2018,37.15999984741211,37.58000183105469,36.70399856567383,37.27000045776367,167100,0.0,0.0,-,31.110774965286254,35.60349990844727,36.20199985504151,37.05299949645996,261206.0
01/02/2018,36.5099983215332,37.15999984741211,36.04999923706055,37.13999938964844,213700,0.0,0.0,-,31.05972496032715,35.53089988708496,35.98674983978272,37.090999603271484,258270.0
12/29/2017,36.70000076293945,36.900001525878906,36.18000030517578,36.2599983215332,122100,0.0,0.0,-,31.012324962615967,35.462099914550784,35.752749824523924,36.98099975585937,255386.0
12/28/2017,36.880001068115234,36.880001068115234,36.459999084472656,36.52999877929688,85800,0.0,0.0,-,30.973274974823,35.405499954223636,35.60524997711182,36.99300003051758,253924.0
12/27/2017,37.0,37.36000061035156,36.619998931884766,36.77999877929688,99000,0.0,0.0,-,30.932224979400633,35.34689994812012,35.47674999237061,36.94000015258789,253512.0
12/26/2017,36.7599983215332,37.13800048828125,36.5880012512207,36.84999847412109,108200,0.0,0.0,-,30.888924989700318,35.27969993591309,35.36375007629395,36.83900032043457,253102.0
12/22/2017,37.38999938964844,37.38999938964844,36.630001068115234,36.77000045776367,369300,0.0,0.0,-,30.846574993133544,35.20369995117188,35.328250122070315,36.67100028991699,252120.0
12/21/2017,37.209999084472656,37.720001220703125,36.86000061035156,37.41999816894531,153800,0.0,0.0,-,30.805324993133546,35.14029991149902,35.31875019073486,36.48200035095215,247442.0
12/20/2017,38.38999938964844,38.38999938964844,36.86000061035156,37.20000076293945,211400,0.0,0.0,-,30.76402500152588,35.073299942016604,35.26875019073486,36.216000366210935,245434.0
12/19/2017,37.86000061035156,38.560001373291016,37.65999984741211,38.310001373291016,205900,0.0,0.0,-,30.720774993896484,35.00109992980957,35.21925010681152,35.8620002746582,242336.0
12/18/2017,36.0099983215332,37.810001373291016,36.0099983215332,37.650001525878906,290900,0.0,0.0,-,30.67082498550415,34.91049987792969,35.10575008392334,35.351000213623045,240762.0
12/15/2017,36.400001525878906,36.68999862670898,36.02000045776367,36.040000915527344,1019700,0.0,0.0,-,30.623674974441528,34.816699829101566,35.005249977111816,34.882500076293944,236818.0
12/14/2017,35.959999084472656,36.869998931884766,35.52000045776367,36.380001068115234,303000,0.0,0.0,-,30.58777497291565,34.772099838256835,34.92974987030029,34.52449989318848,217490.0
12/13/2017,35.81999969482422,36.560001373291016,35.52000045776367,36.0,296200,0.0,0.0,-,30.550824966430664,34.7222998046875,34.79874973297119,34.21749992370606,213070.0
12/12/2017,35.189998626708984,35.869998931884766,34.81999969482422,35.77000045776367,469400,0.0,0.0,-,30.513974962234496,34.66449981689453,34.70474967956543,34.01349983215332,209094.0
12/11/2017,34.88999938964844,35.56999969482422,34.7599983215332,35.16999816894531,233200,0.0,0.0,-,30.479874963760377,34.60609977722168,34.635749626159665,33.88849983215332,202042.0
12/08/2017,34.75,35.08000183105469,34.29999923706055,34.880001068115234,148600,0.0,0.0,-,30.485924978256225,34.54069980621338,34.60474967956543,33.985499954223634,199348.0
12/07/2017,33.86000061035156,34.83000183105469,33.86000061035156,34.7599983215332,290800,0.0,0.0,-,30.49207497596741,34.485699806213375,34.63624954223633,34.15550003051758,197844.0
12/06/2017,33.150001525878906,33.91999816894531,33.11000061035156,33.65999984741211,230900,0.0,0.0,-,30.496074991226195,34.43309986114502,34.762749671936035,34.32150001525879,193740.0
12/05/2017,33.09000015258789,33.5,32.93000030517578,33.20000076293945,323200,0.0,0.0,-,30.505624990463257,34.38589984893799,34.9397497177124,34.576499938964844,190140.0
12/04/2017,32.529998779296875,33.81999969482422,32.459999084472656,32.96500015258789,712600,0.0,0.0,-,30.51677498817444,34.35069984436035,35.12824974060059,34.860499954223634,184712.0
12/01/2017,33.099998474121094,33.16999816894531,31.700000762939453,32.459999084472656,2299200,0.0,0.0,-,30.528049993515015,34.31779983520508,35.34199981689453,35.12799987792969,171402.0
11/30/2017,34.06999969482422,35.09000015258789,33.029998779296875,33.310001373291016,829000,0.0,0.0,-,30.544900007247925,34.289599838256834,35.51999988555908,35.33499984741211,126370.0
11/29/2017,34.349998474121094,34.65999984741211,33.720001220703125,33.959999084472656,234800,0.0,0.0,-,30.553900003433228,34.24379981994629,35.65499973297119,35.37999954223633,112068.0
11/28/2017,35.4900016784668,35.4900016784668,33.209999084472656,34.52000045776367,378600,0.0,0.0,-,30.556150007247926,34.188599853515626,35.83049983978272,35.39599952697754,109064.0
11/27/2017,36.63999938964844,36.875,35.810001373291016,36.13999938964844,184400,0.0,0.0,-,30.554350004196166,34.123399848937986,35.88299980163574,35.382999420166016,103114.0
11/24/2017,36.54999923706055,37.04999923706055,36.15999984741211,36.58000183105469,56800,0.0,0.0,-,30.5453000164032,34.02079986572266,35.8394998550415,35.223999404907225,101906.0
11/22/2017,36.18999862670898,36.90999984741211,36.13999938964844,36.41999816894531,65100,0.0,0.0,-,30.53130000114441,33.90539981842041,35.75299968719482,35.11699905395508,103580.0
11/21/2017,36.150001525878906,36.56999969482422,35.5,36.209999084472656,97000,0.0,0.0,-,30.512500009536744,33.801399841308594,35.63649978637695,35.20399932861328,104404.0
11/20/2017,35.66999816894531,36.22999954223633,35.36000061035156,36.040000915527344,106100,0.0,0.0,-,30.49520001411438,33.71979988098145,35.503999900817874,35.30299949645996,104186.0
11/17/2017,34.540000915527344,35.63999938964844,34.540000915527344,35.63999938964844,137800,0.0,0.0,-,30.480100011825563,33.64859985351563,35.37649993896484,35.39599952697754,103696.0
11/16/2017,34.08000183105469,34.75,33.810001373291016,34.529998779296875,103700,0.0,0.0,-,30.468900022506713,33.578799896240234,35.27649993896485,35.555999755859375,103322.0
11/15/2017,34.0,34.470001220703125,33.21200180053711,33.7599983215332,126100,0.0,0.0,-,30.464750032424927,33.540799942016605,35.23500003814697,35.704999923706055,103280.0
11/14/2017,34.31999969482422,34.72999954223633,33.599998474121094,34.119998931884766,118800,0.0,0.0,-,30.469700040817262,33.50699996948242,35.2185001373291,35.929999923706056,102338.0
11/13/2017,34.5,35.0890007019043,33.56999969482422,34.38999938964844,106500,0.0,0.0,-,30.47355004310608,33.46659996032715,35.19250011444092,36.26500015258789,102028.0
11/10/2017,35.52000045776367,36.505001068115234,34.34000015258789,34.54999923706055,119900,0.0,0.0,-,30.473300046920777,33.43739997863769,35.14400005340576,36.383000183105466,101134.0
11/09/2017,37.209999084472656,37.209999084472656,35.20000076293945,35.5099983215332,250900,0.0,0.0,-,30.475650053024292,33.399199981689456,35.06900005340576,36.45500030517578,99920.0
11/08/2017,37.209999084472656,37.7599983215332,36.869998931884766,37.290000915527344,119800,0.0,0.0,-,30.47335005760193,33.33340003967285,34.97350006103515,36.38900032043457,96750.0
11/07/2017,37.09000015258789,37.459999084472656,36.52000045776367,37.20000076293945,139800,0.0,0.0,-,30.46255005836487,33.23060005187988,34.8125,36.069000244140625,95670.0
11/06/2017,37.22999954223633,37.34000015258789,36.86000061035156,36.970001220703125,111500,0.0,0.0,-,30.451050062179565,33.12900001525879,34.63199996948242,35.70500030517578,94020.0
11/03/2017,35.959999084472656,37.380001068115234,35.959999084472656,37.2400016784668,183500,0.0,0.0,-,30.437950048446655,33.02860000610352,34.47249984741211,35.35700035095215,93366.0
11/02/2017,36.02999877929688,36.65999984741211,35.0989990234375,36.02000045776367,68600,0.0,0.0,-,30.4266500377655,32.928600006103515,34.258499717712404,34.99700012207031,91622.0
11/01/2017,35.5,36.52000045776367,35.5,36.0099983215332,190100,0.0,0.0,-,30.41840003013611,32.83939998626709,34.14799976348877,34.76500015258789,92168.0
10/31/2017,36.63999938964844,39.63999938964844,34.720001220703125,37.470001220703125,366300,0.0,0.0,-,30.411350030899047,32.75320003509521,34.04199981689453,34.50700035095215,90172.0
10/30/2017,35.27000045776367,36.5,35.040000915527344,35.56999969482422,192500,0.0,0.0,-,30.397900018692017,32.63100002288818,33.82399978637695,34.12000007629395,85170.0
10/27/2017,34.939998626708984,35.709999084472656,34.34000015258789,35.27000045776367,121400,0.0,0.0,-,30.39735001564026,32.54360004425049,33.6879997253418,33.90499992370606,83050.0
10/26/2017,34.040000915527344,35.11000061035156,33.79999923706055,34.849998474121094,102700,0.0,0.0,-,30.39760001182556,32.47120002746582,33.519499683380126,33.682999801635745,83162.0
10/25/2017,33.63999938964844,34.099998474121094,33.45000076293945,34.09000015258789,99300,0.0,0.0,-,30.4015500164032,32.39840003967285,33.38349981307984,33.557999801635745,82638.0
10/24/2017,33.72999954223633,33.97999954223633,33.29999923706055,33.560001373291016,46600,0.0,0.0,-,30.412750024795532,32.344000053405765,33.2854998588562,33.555999755859375,82644.0
10/23/2017,33.529998779296875,33.779998779296875,33.400001525878906,33.4900016784668,48700,0.0,0.0,-,30.423550024032593,32.29800003051758,33.17249975204468,33.558999633789064,83952.0
10/20/2017,33.849998474121094,34.13999938964844,33.48199844360352,33.63999938964844,20300,0.0,0.0,-,30.43520001411438,32.24479999542236,33.06999969482422,33.58799934387207,85930.0
10/19/2017,33.400001525878906,33.9900016784668,33.25,33.70000076293945,69500,0.0,0.0,-,30.446150026321412,32.18979999542236,32.95399971008301,33.51999931335449,88984.0
10/18/2017,33.81999969482422,33.81999969482422,33.369998931884766,33.43000030517578,49000,0.0,0.0,-,30.459600019454957,32.159599952697754,32.82149963378906,33.53099937438965,93374.0
10/17/2017,33.599998474121094,33.97999954223633,33.439998626708984,33.599998474121094,65200,0.0,0.0,-,30.47200001716614,32.15319995880127,32.700999641418456,33.576999282836915,96732.0
10/16/2017,33.290000915527344,34.470001220703125,33.25,33.41999816894531,78500,0.0,0.0,-,30.484350023269652,32.119599990844726,32.580999755859374,33.52799949645996,98094.0
10/13/2017,33.68000030517578,33.68000030517578,33.0,33.04999923706055,59100,0.0,0.0,-,30.496100034713745,32.08380001068115,32.4729998588562,33.470999526977536,99524.0
10/12/2017,34.09000015258789,34.349998474121094,33.43000030517578,33.599998474121094,135400,0.0,0.0,-,30.509850034713747,32.05340003967285,32.37099990844727,33.35599956512451,103278.0
10/11/2017,33.59000015258789,34.209999084472656,33.59000015258789,34.06999969482422,53400,0.0,0.0,-,30.521650037765504,31.976800079345704,32.23149995803833,33.20899982452393,108534.0
10/10/2017,33.88999938964844,34.2400016784668,33.38999938964844,33.59000015258789,56500,0.0,0.0,-,30.530700044631956,31.88940010070801,32.08899993896485,33.01499996185303,129342.0
10/09/2017,33.0,34.27000045776367,32.78099822998047,33.779998779296875,127200,0.0,0.0,-,30.541650037765503,31.766200103759765,32.015999984741214,32.785999870300294,131958.0
10/06/2017,33.83000183105469,33.83000183105469,32.95000076293945,32.959999084472656,93700,0.0,0.0,-,30.55275004386902,31.64040012359619,31.951000022888184,32.55200004577637,133832.0
10/05/2017,34.11000061035156,34.11000061035156,33.279998779296875,33.810001373291016,53300,0.0,0.0,-,30.567400045394898,31.54060012817383,31.910500144958498,32.388000106811525,134934.0
10/04/2017,33.18000030517578,34.060001373291016,33.09000015258789,33.88999938964844,82000,0.0,0.0,-,30.573300046920778,31.436200103759766,31.85150012969971,32.111999893188475,135742.0
10/03/2017,32.959999084472656,33.39500045776367,32.849998474121094,33.11000061035156,97400,0.0,0.0,-,30.57585005760193,31.331200103759766,31.760500144958495,31.825,136250.0
10/02/2017,32.029998779296875,33.20000076293945,31.799999237060547,32.849998474121094,116800,0.0,0.0,-,30.578850049972534,31.24700008392334,31.710000038146973,31.63400001525879,138568.0
09/29/2017,31.96999931335449,32.029998779296875,31.5,31.899999618530277,98500,0.0,0.0,-,30.583050050735473,31.154600105285645,31.714000129699706,31.475000190734868,139044.0
09/28/2017,32.15999984741211,32.22999954223633,31.51000022888184,32.130001068115234,73400,0.0,0.0,-,30.59365005493164,31.080400123596192,31.751000118255615,31.386000251770025,145286.0
09/27/2017,31.3700008392334,32.380001068115234,31.3700008392334,32.130001068115234,85600,0.0,0.0,-,30.60565004348755,30.999000091552734,31.75550012588501,31.254000091552733,146440.0
09/26/2017,31.40999984741211,31.549999237060547,31.059999465942383,31.299999237060547,50900,0.0,0.0,-,30.625000038146972,30.917200088500977,31.756500148773192,31.16299991607666,148524.0
09/25/2017,31.200000762939453,31.520000457763672,30.989999771118164,31.440000534057617,51800,0.0,0.0,-,30.651250038146973,30.85200012207031,31.797500133514404,31.24600009918213,150486.0
09/22/2017,31.11000061035156,31.530000686645508,30.899999618530277,31.31999969482422,47100,0.0,0.0,-,30.68025004386902,30.776800117492677,31.823000144958495,31.35,152902.0
09/21/2017,30.959999084472656,31.8439998626709,30.790000915527344,31.049999237060547,47600,0.0,0.0,-,30.71300004005432,30.70060012817383,31.869000244140626,31.43300018310547,156084.0
09/20/2017,31.11000061035156,31.5,30.6200008392334,31.020000457763672,113900,0.0,0.0,-,30.74505003929138,30.634800148010253,31.894500255584717,31.591000366210938,160032.0
09/19/2017,31.200000762939453,31.59000015258789,31.0,31.200000762939453,84600,0.0,0.0,-,30.774900045394897,30.566800155639648,31.928500270843507,31.69600028991699,162130.0
09/18/2017,31.13999938964844,31.6200008392334,30.93000030517578,31.26000022888184,81100,0.0,0.0,-,30.794950037002565,30.488200149536134,31.93650026321411,31.786000061035157,166574.0
09/15/2017,30.920000076293945,31.270000457763672,30.649999618530277,31.01000022888184,124000,0.0,0.0,-,30.817050037384032,30.44780014038086,31.933500289916992,31.95300006866455,167024.0
09/14/2017,31.270000457763672,31.57999992370605,30.6299991607666,30.809999465942383,140500,0.0,0.0,-,30.845900030136107,30.40760013580322,31.965500259399413,32.11599998474121,166808.0
09/13/2017,32.22999954223633,32.22999954223633,31.07999992370605,31.21999931335449,106300,0.0,0.0,-,30.87450002670288,30.377000160217285,31.985500240325926,32.25700016021729,165832.0
09/12/2017,32.4900016784668,32.64500045776367,31.709999084472656,32.130001068115234,86100,0.0,0.0,-,30.90570002555847,30.332800178527833,31.993000316619874,32.35000038146973,164878.0
09/11/2017,32.4900016784668,32.70000076293945,32.119998931884766,32.47999954223633,81600,0.0,0.0,-,30.92955002784729,30.270200157165526,31.949500274658202,32.34900016784668,164350.0
09/08/2017,32.59000015258789,32.71500015258789,31.69499969482422,32.150001525878906,119100,0.0,0.0,-,30.947800035476686,30.203200149536134,31.86700029373169,32.29600028991699,164138.0
09/07/2017,32.0099983215332,32.630001068115234,31.75,32.630001068115234,101600,0.0,0.0,-,30.966750020980836,30.150600128173828,31.804000186920167,32.30500030517578,162898.0
09/06/2017,32.27000045776367,32.27000045776367,31.549999237060547,32.06999969482422,79000,0.0,0.0,-,30.983550024032592,30.074000091552733,31.782000064849854,32.1980001449585,162640.0
09/05/2017,32.70000076293945,32.849998474121094,31.674999237060547,32.099998474121094,103300,0.0,0.0,-,31.00250002861023,30.01440010070801,31.83400011062622,32.16100025177002,162596.0
09/01/2017,32.849998474121094,32.959999084472656,32.4900016784668,32.93000030517578,61800,0.0,0.0,-,31.0214000415802,29.957800140380858,31.825000190734862,32.08700046539306,169280.0
08/31/2017,32.380001068115234,32.790000915527344,32.06999969482422,32.63999938964844,59200,0.0,0.0,-,31.036800031661986,29.87540012359619,31.760000133514403,31.914000511169434,176544.0
08/30/2017,32.20000076293945,32.79999923706055,31.90999984741211,32.220001220703125,92400,0.0,0.0,-,31.04705002784729,29.79060012817383,31.704500198364258,31.815000534057617,179962.0
08/29/2017,32.04999923706055,32.45000076293945,31.920000076293945,32.150001525878906,65800,0.0,0.0,-,31.05770001411438,29.71440010070801,31.582000160217284,31.71400032043457,184738.0
08/28/2017,32.060001373291016,32.33000183105469,31.770000457763672,32.119998931884766,57300,0.0,0.0,-,31.06920001029968,29.641200065612793,31.459500122070313,31.63600025177002,187046.0
08/25/2017,32.20000076293945,32.290000915527344,31.559999465942383,31.950000762939453,78800,0.0,0.0,-,31.077050008773803,29.56580009460449,31.225000190734864,31.550000381469733,193144.0
08/24/2017,31.739999771118164,32.36000061035156,31.71999931335449,32.2400016784668,96300,0.0,0.0,-,31.078550004959105,29.48980007171631,31.0020001411438,31.438000297546388,196094.0
08/23/2017,31.459999084472656,31.88999938964844,31.459999084472656,31.559999465942383,95900,0.0,0.0,-,31.075949993133545,29.404800033569337,30.788500022888183,31.303000068664552,197690.0
08/22/2017,31.63999938964844,31.98500061035156,31.36000061035156,31.700000762939453,90300,0.0,0.0,-,31.072999992370605,29.337400054931642,30.64000005722046,31.36599998474121,203998.0
08/21/2017,31.290000915527344,31.440000534057617,30.71999931335449,31.36000061035156,116200,0.0,0.0,-,31.05984998703003,29.266400032043457,30.486999988555908,31.506999969482422,207516.0
08/18/2017,31.57999992370605,31.75,31.11000061035156,31.200000762939453,86500,0.0,0.0,-,31.0521999835968,29.19340000152588,30.363999938964845,31.56299991607666,208808.0
08/17/2017,32.439998626708984,32.689998626708984,31.31999969482422,31.649999618530277,127000,0.0,0.0,-,31.041649980545046,29.141999969482423,30.215499877929688,31.605999755859376,208960.0
08/16/2017,31.479999542236328,31.9950008392334,31.0,31.209999084472656,76500,0.0,0.0,-,31.02849998474121,29.0703999710083,30.042499923706053,31.5939998626709,209528.0
08/15/2017,31.239999771118164,32.132999420166016,31.09000015258789,31.3700008392334,99600,0.0,0.0,-,31.01689998626709,29.008199996948242,29.88499994277954,31.45,210558.0
08/14/2017,30.940000534057617,31.280000686645508,30.649999618530277,31.26000022888184,112000,0.0,0.0,-,31.003749980926514,28.938999977111816,29.71849994659424,31.282999992370605,210936.0
08/11/2017,31.020000457763672,31.280000686645508,30.63999938964844,30.82999992370605,147600,0.0,0.0,-,30.995799980163575,28.874599990844725,29.557499980926515,30.9,210858.0
08/10/2017,32.13999938964844,32.19200134277344,30.850000381469727,30.88999938964844,173000,0.0,0.0,-,30.993649978637695,28.823999977111818,29.4,30.56599998474121,211872.0
08/09/2017,33.029998779296875,33.5,32.060001373291016,32.189998626708984,289000,0.0,0.0,-,30.994649982452394,28.76259998321533,29.23100004196167,30.27399997711181,211620.0
08/08/2017,31.88999938964844,33.38999938964844,31.540000915527344,33.11000061035156,216900,0.0,0.0,-,30.99019998550415,28.668400001525878,29.009500122070314,29.91400012969971,209522.0
08/07/2017,31.489999771118164,32.20000076293945,31.489999771118164,31.920000076293945,133300,0.0,0.0,-,30.979199981689455,28.54759998321533,28.735000133514404,29.467000007629395,207402.0
08/04/2017,31.57999992370605,31.934999465942383,31.21999931335449,31.6299991607666,150000,0.0,0.0,-,30.97349998474121,28.448999977111818,28.502500152587892,29.164999961853034,207516.0
08/03/2017,29.780000686645508,31.815000534057617,29.780000686645508,31.530000686645508,246800,0.0,0.0,-,30.968849992752077,28.351800003051757,28.38300018310547,28.825,206380.0
08/02/2017,29.82999992370605,30.57999992370605,29.38999938964844,29.770000457763672,398200,0.0,0.0,-,30.95869998931885,28.254599990844728,28.256500148773192,28.49099998474121,203226.0
08/01/2017,29.0,30.8799991607666,28.1200008392334,29.700000762939453,1093800,0.0,0.0,-,30.955849990844726,28.195,28.232000160217286,28.31999988555908,197314.0
07/31/2017,27.6200008392334,27.649999618530277,27.06999969482422,27.43000030517578,187300,0.0,0.0,-,30.955799989700317,28.129799995422363,28.197500133514403,28.153999900817873,178292.0
07/28/2017,27.90999984741211,28.18000030517578,27.31999969482422,27.489999771118164,220900,0.0,0.0,-,30.965349988937376,28.10659999847412,28.276000118255617,28.214999961853028,177404.0
07/27/2017,28.6200008392334,28.6200008392334,27.790000915527344,27.96999931335449,148800,0.0,0.0,-,30.976199989318847,28.07939998626709,28.358000087738038,28.23400001525879,176598.0
07/26/2017,28.729999542236328,28.940000534057617,28.36000061035156,28.59000015258789,93700,0.0,0.0,-,30.987599992752074,28.056399993896484,28.435500144958496,28.188000106811522,177270.0
07/25/2017,28.899999618530277,28.96999931335449,28.440000534057617,28.63999938964844,107400,0.0,0.0,-,30.9956999874115,28.011399993896486,28.44600009918213,28.10500011444092,179768.0
07/24/2017,28.13999938964844,29.09000015258789,27.59000015258789,28.899999618530277,213300,0.0,0.0,-,30.9994499874115,27.952000007629394,28.4685001373291,28.003000259399414,181014.0
07/21/2017,28.40999984741211,28.549999237060547,27.90900039672852,28.229999542236328,140600,0.0,0.0,-,31.005499992370606,27.87900001525879,28.48700017929077,27.840000343322753,182042.0
07/20/2017,28.049999237060547,28.549999237060547,27.968000411987305,28.190000534057617,410600,0.0,0.0,-,31.014199991226196,27.81120002746582,28.516000175476073,27.941000366210936,182638.0
07/19/2017,27.959999084472656,28.459999084472656,27.65999984741211,28.059999465942383,131100,0.0,0.0,-,31.025899991989135,27.73680000305176,28.526500129699706,28.022000312805176,180012.0
07/18/2017,27.84000015258789,28.32999992370605,27.5049991607666,28.040000915527344,189800,0.0,0.0,-,31.034899997711182,27.65900001525879,28.544000148773193,28.144000434875487,185160.0
07/17/2017,27.61000061035156,28.09499931335449,27.61000061035156,28.040000915527344,149000,0.0,0.0,-,31.03954998970032,27.55779998779297,28.566500091552733,28.241000366210937,208440.0
07/14/2017,27.540000915527344,27.93000030517578,27.299999237060547,27.68000030517578,172600,0.0,0.0,-,31.046549987792968,27.448999977111818,28.582000064849854,28.3370002746582,212284.0
07/13/2017,27.850000381469727,28.09000015258789,27.20499992370605,27.51000022888184,206200,0.0,0.0,-,31.05474998474121,27.338999977111815,28.60550003051758,28.482000160217286,223586.0
07/12/2017,28.030000686645508,28.31999969482422,27.68000030517578,27.76000022888184,245000,0.0,0.0,-,31.06234998703003,27.23819995880127,28.629500007629396,28.68300018310547,269764.0
07/11/2017,27.13999938964844,27.86000061035156,27.09499931335449,27.6200008392334,218800,0.0,0.0,-,31.071299982070922,27.3307999420166,28.651000022888184,28.78700008392334,267388.0
07/10/2017,28.450000762939453,28.5,26.559999465942383,27.270000457763672,306800,0.0,0.0,-,31.082949981689453,27.412599906921386,28.677499961853027,28.93400001525879,263916.0
07/07/2017,29.0,29.450000762939453,28.950000762939453,29.239999771118164,103600,0.0,0.0,-,31.096749982833863,27.49839988708496,28.699499893188477,29.13400001525879,259542.0
07/06/2017,29.01000022888184,29.26000022888184,28.71999931335449,29.0,113200,0.0,0.0,-,31.10274998664856,27.53679988861084,28.668999862670898,29.09099998474121,259928.0
07/05/2017,29.07999992370605,29.405000686645508,28.84000015258789,29.280000686645508,91700,0.0,0.0,-,31.11059998512268,27.58079990386963,28.622499847412108,29.03099994659424,260594.0
07/03/2017,29.040000915527344,29.125,28.636999130249023,29.01000022888184,58600,0.0,0.0,-,31.11644998550415,27.614399871826173,28.56349983215332,28.9439998626709,260782.0
06/30/2017,29.200000762939453,29.23500061035156,28.559999465942383,29.0,59700,0.0,0.0,-,31.12144998550415,27.64339984893799,28.508499813079833,28.891999816894533,261356.0
06/29/2017,29.63999938964844,29.63999938964844,28.68000030517578,29.1299991607666,71000,0.0,0.0,-,31.127149982452394,27.67219985961914,28.460499858856203,28.826999855041503,263070.0
06/28/2017,28.96999931335449,29.65999984741211,28.96999931335449,29.520000457763672,57100,0.0,0.0,-,31.130599985122682,27.691599884033202,28.418999862670898,28.728999900817872,263792.0
06/27/2017,29.1299991607666,29.40999984741211,28.559999465942383,28.799999237060547,88700,0.0,0.0,-,31.131749982833863,27.68119987487793,28.333999824523925,28.57599983215332,263452.0
06/26/2017,29.32999992370605,29.54199981689453,28.940000534057617,29.09000015258789,76800,0.0,0.0,-,31.135499982833863,27.68519989013672,28.267999839782714,28.51499996185303,265594.0
06/23/2017,28.71999931335449,29.364999771118164,28.43000030517578,29.270000457763672,437500,0.0,0.0,-,31.140299978256227,27.672199897766113,28.16699981689453,28.420999908447264,265994.0
06/22/2017,28.6299991607666,29.31999969482422,28.350000381469727,28.809999465942383,425000,0.0,0.0,-,31.14094997406006,27.665399894714355,28.052999782562257,28.264999771118163,259068.0
06/21/2017,28.450000762939453,29.020000457763672,28.280000686645508,28.399999618530277,230100,0.0,0.0,-,31.14929997444153,27.678199920654297,27.95099983215332,28.246999740600586,256682.0
06/20/2017,28.57999992370605,29.34000015258789,28.280000686645508,28.40999984741211,331200,0.0,0.0,-,31.160799980163574,27.696599922180177,27.864499855041505,28.21399974822998,257914.0
06/19/2017,28.31999969482422,28.816999435424805,28.084999084472656,28.489999771118164,181200,0.0,0.0,-,31.16497498512268,27.72259990692139,27.783499908447265,28.18299980163574,254492.0
06/16/2017,28.149999618530277,28.709999084472656,27.700000762939453,28.350000381469727,362200,0.0,0.0,-,31.16377498626709,27.75359992980957,27.680999946594238,28.124999809265137,255926.0
06/15/2017,27.90999984741211,28.5,27.799999237060547,28.149999618530277,226300,0.0,0.0,-,31.1613249874115,27.79019992828369,27.576999950408936,28.0939998626709,252042.0
06/14/2017,28.149999618530277,28.21999931335449,27.739999771118164,27.989999771118164,176100,0.0,0.0,-,31.161574993133545,27.82859992980957,27.475999927520753,28.108999824523927,251358.0
06/13/2017,28.13999938964844,28.75,27.795000076293945,28.190000534057617,411300,0.0,0.0,-,31.15727499008179,27.875999946594238,27.417499923706053,28.091999816894532,251850.0
06/12/2017,27.690000534057617,28.440000534057617,26.809999465942383,28.149999618530277,266200,0.0,0.0,-,31.154774990081787,27.90919994354248,27.32499990463257,28.020999717712403,251442.0
06/09/2017,28.649999618530277,28.649999618530277,27.459999084472656,27.709999084472656,180800,0.0,0.0,-,31.154424991607666,27.912199935913087,27.20099992752075,27.9129997253418,250266.0
06/08/2017,28.020000457763672,29.239999771118164,27.959999084472656,28.6299991607666,94100,0.0,0.0,-,31.16182499885559,27.91879997253418,27.077999973297118,27.840999794006347,251400.0
06/07/2017,28.26000022888184,28.280000686645508,27.81999969482422,28.06999969482422,155400,0.0,0.0,-,31.164975004196165,27.890799980163575,26.888500022888184,27.654999923706054,258576.0
06/06/2017,27.920000076293945,28.600000381469727,27.920000076293945,28.100000381469727,128000,0.0,0.0,-,31.167275009155272,27.873999977111815,26.7085000038147,27.51499996185303,257092.0
06/05/2017,28.07999992370605,28.299999237060547,27.61000061035156,27.90999984741211,118500,0.0,0.0,-,31.165625009536743,27.850199966430665,26.511999988555907,27.38400001525879,259060.0
06/02/2017,28.21999931335449,28.559999465942383,27.700000762939453,28.040000915527344,108100,0.0,0.0,-,31.166775007247924,27.833999977111816,26.265499973297118,27.23700008392334,260958.0
06/01/2017,27.90999984741211,28.32999992370605,27.520000457763672,28.299999237060547,198300,0.0,0.0,-,31.173175001144408,27.805599975585938,25.993499946594238,27.060000038146974,261646.0
05/31/2017,27.59000015258789,27.96999931335449,27.351999282836918,27.81999969482422,160400,0.0,0.0,-,31.17777500152588,27.770799980163574,25.6875,26.84300003051758,260434.0
05/30/2017,26.959999084472656,27.799999237060547,26.959999084472656,27.479999542236328,184100,0.0,0.0,-,31.178875007629394,27.755599975585938,25.419999980926512,26.743000030517578,260238.0
05/26/2017,26.850000381469727,27.13500022888184,26.700000762939453,27.06999969482422,110900,0.0,0.0,-,31.18042501449585,27.759199981689452,25.66549997329712,26.629000091552733,262772.0
05/25/2017,26.76000022888184,27.229999542236328,26.6200008392334,26.989999771118164,139000,0.0,0.0,-,NaN,27.78680000305176,25.89749994277954,26.489000129699708,263378.0
05/24/2017,26.6299991607666,26.989999771118164,26.420000076293945,26.770000457763672,93200,0.0,0.0,-,NaN,27.813400001525878,26.125999927520752,26.315000152587892,262914.0
05/23/2017,26.8799991607666,26.8799991607666,26.420000076293945,26.670000076293945,89100,0.0,0.0,-,NaN,27.840400009155275,26.345499897003172,26.12200012207031,264114.0
05/22/2017,26.5,26.920000076293945,26.459999084472656,26.790000915527344,102600,0.0,0.0,-,NaN,27.874599990844725,26.571999931335448,25.90200004577637,263810.0
05/19/2017,26.420000076293945,26.59000015258789,26.190000534057617,26.440000534057617,142700,0.0,0.0,-,NaN,27.909199981689454,26.780499839782713,25.63999996185303,265716.0
05/18/2017,26.11000061035156,26.56999969482422,25.881999969482425,26.270000457763672,142900,0.0,0.0,-,NaN,27.963599967956544,26.981499767303468,25.293999862670898,265702.0
05/17/2017,26.6299991607666,26.809999465942383,25.920000076293945,26.1299991607666,180600,0.0,0.0,-,NaN,28.00919994354248,27.189999771118163,24.926999855041505,268098.0
05/16/2017,26.34000015258789,26.86000061035156,26.049999237060547,26.81999969482422,182400,0.0,0.0,-,NaN,28.052999954223633,27.38849983215332,24.53199996948242,266666.0
05/15/2017,25.729999542236328,26.71999931335449,25.729999542236328,26.34000015258789,218600,0.0,0.0,-,NaN,28.08099994659424,27.497499847412108,24.09699993133545,266740.0
05/12/2017,25.170000076293945,25.8700008392334,25.149999618530277,25.670000076293945,169700,0.0,0.0,-,NaN,28.13139995574951,27.630499839782715,24.701999855041503,265684.0
05/11/2017,24.71999931335449,25.459999084472656,24.57999992370605,25.25,264700,0.0,0.0,-,NaN,28.197799949645997,27.7689998626709,25.305999755859375,268744.0
05/10/2017,24.489999771118164,24.93000030517578,24.25,24.84000015258789,170400,0.0,0.0,-,NaN,28.265399932861328,27.952999877929688,25.936999702453612,269650.0
05/09/2017,24.25,24.670000076293945,23.920000076293945,24.46999931335449,279300,0.0,0.0,-,NaN,28.34759994506836,28.183499908447267,26.568999671936034,292306.0
05/08/2017,23.06999969482422,24.239999771118164,23.0,24.170000076293945,388500,0.0,0.0,-,NaN,28.585799980163575,28.425999927520753,27.24199981689453,291062.0
05/05/2017,22.700000762939453,23.790000915527344,22.600000381469727,22.979999542236328,1353800,0.0,0.0,-,NaN,28.824599990844728,28.702999877929688,27.9209997177124,285320.0
05/04/2017,22.21999931335449,23.07999992370605,22.200000762939453,22.600000381469727,341200,0.0,0.0,-,NaN,29.07620002746582,29.055999946594238,28.668999671936035,259940.0
05/03/2017,22.51000022888184,22.54700088500977,21.76000022888184,22.18000030517578,737700,0.0,0.0,-,NaN,29.33560001373291,29.43499994277954,29.452999687194826,254698.0
05/02/2017,24.40999984741211,25.100000381469727,22.350000381469727,22.46999931335449,2515100,0.0,0.0,-,NaN,29.60060001373291,29.829499912261962,30.24499969482422,241212.0
05/01/2017,31.8799991607666,32.619998931884766,31.670000076293945,32.38999938964844,126200,0.0,0.0,-,NaN,29.855600051879883,30.223999977111816,30.89799976348877,193298.0
04/28/2017,31.65999984741211,31.82999992370605,31.420000076293945,31.709999084472656,45200,0.0,0.0,-,NaN,29.92440010070801,30.09700002670288,30.558999824523926,193016.0
04/27/2017,31.18000030517578,31.6200008392334,31.0,31.559999465942383,88100,0.0,0.0,-,NaN,29.992400131225587,29.926500034332275,30.231999969482423,195668.0
04/26/2017,31.1299991607666,31.420000076293945,30.540000915527344,31.15999984741211,122900,0.0,0.0,-,NaN,30.04940013885498,29.750500106811522,29.96900005340576,196696.0
04/25/2017,31.149999618530277,31.3700008392334,30.899999618530277,31.200000762939453,146500,0.0,0.0,-,NaN,30.10940013885498,29.554000091552734,29.798000144958497,195824.0
04/24/2017,30.86000061035156,31.100000381469727,30.6200008392334,30.959999084472656,101100,0.0,0.0,-,NaN,30.172000160217284,29.35550003051758,29.61000003814697,194824.0
04/21/2017,30.440000534057617,30.530000686645508,29.839000701904297,30.459999084472656,87300,0.0,0.0,-,NaN,30.22840015411377,29.15300006866455,29.48500003814697,195102.0
04/20/2017,30.239999771118164,30.57999992370605,30.136999130249023,30.440000534057617,145400,0.0,0.0,-,NaN,30.27240016937256,28.985000133514404,29.44300022125244,196358.0
04/19/2017,29.13999938964844,30.309999465942383,29.0,30.100000381469727,107100,0.0,0.0,-,NaN,30.318600158691407,28.794000148773193,29.417000198364256,195368.0
04/18/2017,28.86000061035156,29.020000457763672,28.59000015258789,29.0,40100,0.0,0.0,-,NaN,30.377000160217285,28.617000102996826,29.41400012969971,196444.0
04/17/2017,28.56999969482422,29.030000686645508,28.415000915527344,29.0,195800,0.0,0.0,-,NaN,30.465000190734862,28.520000076293947,29.550000190734863,197526.0
04/13/2017,28.8799991607666,29.049999237060547,28.399999618530277,28.440000534057617,96800,0.0,0.0,-,NaN,30.55900020599365,28.45300006866455,29.635000228881836,196704.0
04/12/2017,29.51000022888184,29.655000686645508,28.84000015258789,28.93000030517578,91200,0.0,0.0,-,NaN,30.6852001953125,28.453500080108643,29.62100009918213,197592.0
04/11/2017,29.270000457763672,29.674999237060547,28.84000015258789,29.450000762939453,305700,0.0,0.0,-,NaN,30.804400177001952,28.423000049591064,29.532000160217287,197664.0
04/10/2017,29.8799991607666,30.15999984741211,29.25,29.31999969482422,291700,0.0,0.0,-,NaN,30.902200164794923,28.35650005340576,29.310000038146974,192476.0
04/07/2017,30.0,30.325000762939453,29.649999618530277,29.709999084472656,160100,0.0,0.0,-,NaN,31.016200180053712,28.30950002670288,29.101000022888183,188296.0
04/06/2017,30.36000061035156,30.36000061035156,29.530000686645508,30.040000915527344,252900,0.0,0.0,-,NaN,31.123000183105468,28.250000095367433,28.82100009918213,187756.0
04/05/2017,30.09000015258789,30.700000762939453,30.059999465942383,30.18000030517578,168000,0.0,0.0,-,NaN,31.224800186157225,28.20600004196167,28.52700004577637,183846.0
04/04/2017,30.25,30.350000381469727,29.770000457763672,30.06999969482422,192100,0.0,0.0,-,NaN,31.31920021057129,28.124499988555907,28.17100009918213,182020.0
04/03/2017,30.0,30.90999984741211,29.950000762939453,30.36000061035156,200700,0.0,0.0,-,NaN,31.404800186157228,28.03699998855591,27.820000076293944,180616.0
03/31/2017,28.350000381469727,30.09600067138672,28.13999938964844,29.850000381469727,390900,0.0,0.0,-,NaN,31.497200164794922,27.929999923706056,27.489999961853027,178400.0
03/30/2017,28.059999465942383,28.739999771118164,27.799999237060547,28.299999237060547,207400,0.0,0.0,-,NaN,31.58760013580322,27.880499935150148,27.270999908447266,172054.0
03/29/2017,27.709999084472656,28.239999771118164,27.290000915527344,28.040000915527344,237500,0.0,0.0,-,NaN,31.713600120544434,27.914999961853027,27.286000061035157,168924.0
03/28/2017,27.229999542236328,27.614999771118164,26.6200008392334,27.229999542236328,452900,0.0,0.0,-,NaN,31.848400077819825,27.94449987411499,27.313999938964844,165882.0
03/27/2017,26.670000076293945,27.36000061035156,26.01000022888184,27.229999542236328,81200,0.0,0.0,-,NaN,32.01300006866455,28.030499935150146,27.40300006866455,157760.0
03/24/2017,27.200000762939453,27.3799991607666,26.65999984741211,26.90999984741211,226400,0.0,0.0,-,NaN,32.174800071716305,28.488000011444093,27.518000030517577,156974.0
03/23/2017,26.56999969482422,27.28499984741211,26.55500030517578,27.100000381469727,213400,0.0,0.0,-,NaN,32.34940006256104,28.948000049591066,27.679000091552734,154920.0
03/22/2017,26.5,26.82999992370605,26.229999542236328,26.6200008392334,142500,0.0,0.0,-,NaN,32.534000091552734,29.37100009918213,27.885000038146973,151576.0
03/21/2017,27.229999542236328,27.36000061035156,26.26000022888184,26.559999465942383,137700,0.0,0.0,-,NaN,32.71600009918213,29.81850004196167,28.077999877929688,150040.0
03/20/2017,27.729999542236328,27.729999542236328,26.743000030517575,27.059999465942383,150600,0.0,0.0,-,NaN,32.90120010375976,30.26200008392334,28.25399990081787,149130.0
03/17/2017,28.3700008392334,28.459999084472656,27.649999618530277,27.65999984741211,310800,0.0,0.0,-,NaN,33.07660015106201,30.67000017166138,28.369999885559082,148510.0
03/16/2017,28.38999938964844,28.690000534057617,28.21999931335449,28.450000762939453,141200,0.0,0.0,-,NaN,33.251200141906736,31.078500270843506,28.489999961853027,145378.0
03/15/2017,28.229999542236328,28.46999931335449,27.71999931335449,28.31999969482422,115800,0.0,0.0,-,NaN,33.40040012359619,31.411500263214112,28.543999862670898,144880.0
03/14/2017,28.190000534057617,28.26000022888184,27.82999992370605,28.1200008392334,153200,0.0,0.0,-,NaN,33.55540012359619,31.716000270843505,28.574999809265137,144018.0
03/13/2017,28.71999931335449,28.71999931335449,28.170000076293945,28.3799991607666,73900,0.0,0.0,-,NaN,33.708400115966796,32.01800022125244,28.657999801635743,142356.0
03/10/2017,29.3700008392334,29.450000762939453,28.38999938964844,28.520000457763672,197900,0.0,0.0,-,NaN,33.856800117492675,32.31550035476685,29.457999992370606,142550.0
03/09/2017,28.63999938964844,29.18000030517578,28.270000457763672,29.15999984741211,142000,0.0,0.0,-,NaN,34.00560009002685,32.578500270843506,30.217000007629395,140188.0
03/08/2017,28.46999931335449,28.989999771118164,28.059999465942383,28.549999237060547,262700,0.0,0.0,-,NaN,34.140000114440916,32.7535002708435,30.857000160217286,139052.0
03/07/2017,28.049999237060547,28.690000534057617,27.780000686645508,28.31999969482422,109000,0.0,0.0,-,NaN,34.28460010528565,32.963500308990476,31.55900020599365,135340.0
03/06/2017,28.71999931335449,28.940000534057617,28.049999237060547,28.21999931335449,186100,0.0,0.0,-,NaN,34.43820011138916,33.198500347137454,32.270000267028806,136162.0
03/03/2017,28.93000030517578,29.1200008392334,28.549999237060547,28.86000061035156,165800,0.0,0.0,-,NaN,34.59160011291504,33.45750045776367,32.970000457763675,135040.0
03/02/2017,28.43000030517578,29.049999237060547,28.3799991607666,28.989999771118164,322700,0.0,0.0,-,NaN,34.71420013427734,33.699500465393065,33.66700057983398,134778.0
03/01/2017,29.0,29.899999618530277,28.600000381469727,28.6299991607666,310000,0.0,0.0,-,NaN,34.82240016937256,33.987500476837155,34.27900066375732,144878.0
02/28/2017,33.0,33.189998626708984,28.15999984741211,28.950000762939453,1303200,0.0,0.0,-,NaN,34.92400016784668,34.30050048828125,34.857000732421874,142066.0
02/27/2017,35.9900016784668,36.47999954223633,35.650001525878906,36.380001068115234,217100,0.0,0.0,-,NaN,35.01880012512207,34.57000045776367,35.37800064086914,119472.0
02/24/2017,35.529998779296875,36.459999084472656,35.08000183105469,36.11000061035156,101400,0.0,0.0,-,NaN,34.97160011291504,34.502000427246095,35.173000717163085,117936.0
02/23/2017,35.599998474121094,35.630001068115234,34.95000076293945,35.560001373291016,84800,0.0,0.0,-,NaN,34.94000007629395,34.44900035858154,34.94000053405762,119856.0
02/22/2017,35.34000015258789,35.72999954223633,35.060001373291016,35.56999969482422,79100,0.0,0.0,-,NaN,34.948800048828126,34.427500343322755,34.650000381469724,120414.0
02/21/2017,35.59000015258789,35.59000015258789,34.7400016784668,35.43000030517578,63400,0.0,0.0,-,NaN,34.96840003967285,34.39400043487549,34.3680004119873,120904.0
02/17/2017,35.75,35.849998474121094,35.06999969482422,35.220001220703125,119400,0.0,0.0,-,NaN,35.004600067138675,34.34000034332276,34.127000427246095,121468.0
02/16/2017,35.40999984741211,35.939998626708984,34.90999984741211,35.83000183105469,112100,0.0,0.0,-,NaN,35.057600021362305,34.32800025939942,33.94500045776367,120896.0
02/15/2017,34.2400016784668,35.43000030517578,34.099998474121094,35.11000061035156,177800,0.0,0.0,-,NaN,35.09019996643067,34.25500011444092,33.73200035095215,121374.0
02/14/2017,34.2400016784668,34.52000045776367,33.775001525878906,34.40999984741211,139500,0.0,0.0,-,NaN,35.12779998779297,34.2295000076294,33.696000289916995,120244.0
02/13/2017,34.560001373291016,34.900001525878906,33.84000015258789,34.15999984741211,79300,0.0,0.0,-,NaN,35.14379997253418,34.24799995422363,33.74400024414062,119062.0
02/10/2017,33.93000030517578,34.689998626708984,33.529998779296875,34.33000183105469,96500,0.0,0.0,-,NaN,35.174199981689455,34.31299991607666,33.762000274658206,121666.0
02/09/2017,32.52000045776367,34.36000061035156,32.52000045776367,33.779998779296875,115000,0.0,0.0,-,NaN,35.223199920654295,34.36249980926514,33.8310001373291,122146.0
02/08/2017,32.599998474121094,33.400001525878906,32.2599983215332,32.65999984741211,150100,0.0,0.0,-,NaN,35.278199920654295,34.45549983978272,33.95800018310547,121724.0
02/07/2017,32.91999816894531,33.68000030517578,32.560001373291016,32.75,95900,0.0,0.0,-,NaN,35.37419990539551,34.638999938964844,34.20500030517578,119358.0
02/06/2017,33.290000915527344,33.86000061035156,32.43000030517578,33.02000045776367,160900,0.0,0.0,-,NaN,35.45719993591309,34.7875,34.42000045776367,119480.0
02/03/2017,33.88999938964844,33.96900177001953,33.029998779296875,33.400001525878906,94200,0.0,0.0,-,NaN,35.51939994812012,34.92749996185303,34.55300025939941,118184.0
02/02/2017,34.650001525878906,34.900001525878906,33.369998931884766,33.70000076293945,154700,0.0,0.0,-,NaN,35.57019989013672,35.04899997711182,34.71100006103516,118068.0
02/01/2017,34.83000183105469,35.375,34.36000061035156,34.75,141200,0.0,0.0,-,NaN,35.615999908447264,35.18349990844727,34.77799987792969,117062.0
01/31/2017,34.099998474121094,35.08000183105469,34.099998474121094,34.88999938964844,94800,0.0,0.0,-,NaN,35.638199920654294,35.24149990081787,34.7629997253418,118708.0
01/30/2017,35.02000045776367,35.02000045776367,34.099998474121094,34.34000015258789,46300,0.0,0.0,-,NaN,35.657999954223634,35.30049991607666,34.75199966430664,119508.0
01/27/2017,35.22999954223633,35.310001373291016,34.04999923706055,35.02000045776367,82700,0.0,0.0,-,NaN,35.69139991760254,35.37199993133545,34.86399955749512,122442.0
01/26/2017,35.15999984741211,35.84000015258789,34.68000030517578,35.04999923706055,133100,0.0,0.0,-,NaN,35.684799880981444,35.410999870300294,34.89399948120117,123544.0
01/25/2017,34.90999984741211,35.36000061035156,34.439998626708984,35.130001068115234,57400,0.0,0.0,-,NaN,35.67079986572266,35.456499862670896,34.95299949645996,123988.0
01/24/2017,34.400001525878906,35.20000076293945,34.358001708984375,34.900001525878906,76700,0.0,0.0,-,NaN,35.65719985961914,35.4939998626709,35.07299957275391,127244.0
01/23/2017,35.0,35.0,33.81999969482422,34.349998474121094,121900,0.0,0.0,-,NaN,35.63299980163574,35.5379997253418,35.154999542236325,129074.0
01/20/2017,34.290000915527344,35.119998931884766,33.86000061035156,34.97999954223633,89900,0.0,0.0,-,NaN,35.59099983215332,35.620499801635745,35.30199966430664,129050.0
01/19/2017,34.40999984741211,34.65999984741211,33.70000076293945,34.369998931884766,73600,0.0,0.0,-,NaN,35.52579982757568,35.665999794006346,35.386999893188474,129450.0
01/18/2017,34.689998626708984,35.59700012207031,34.189998626708984,34.599998474121094,50900,0.0,0.0,-,NaN,35.45779983520508,35.69699993133545,35.58899993896485,131510.0
01/17/2017,35.63999938964844,35.63999938964844,34.5,34.779998779296875,85400,0.0,0.0,-,NaN,35.34719985961914,35.68700008392334,35.72000007629394,132904.0
01/13/2017,35.540000915527344,36.38999938964844,35.349998474121094,35.459999084472656,46800,0.0,0.0,-,NaN,35.24819988250732,35.63350009918213,35.84900016784668,133100.0
01/12/2017,35.400001525878906,35.91999816894531,35.0099983215332,35.31999969482422,41900,0.0,0.0,-,NaN,35.12079990386963,35.545000076293945,35.880000305175784,133968.0
01/11/2017,36.41999816894531,36.75,35.02000045776367,35.63999938964844,123700,0.0,0.0,-,NaN,34.99479991912842,35.48000011444092,35.92800025939941,135804.0
01/10/2017,35.849998474121094,36.34999847412109,35.625,36.33000183105469,46200,0.0,0.0,-,NaN,34.85979991912842,35.42450008392334,35.96000022888184,135236.0
01/09/2017,36.0,36.02999877929688,35.5,35.720001220703125,65700,0.0,0.0,-,NaN,34.70799987792969,35.407999992370605,35.91500015258789,136654.0
01/06/2017,36.02000045776367,36.209999084472656,35.36000061035156,35.81999969482422,92200,0.0,0.0,-,NaN,34.586999855041505,35.449499893188474,35.920999908447264,136418.0
01/05/2017,36.34000015258789,37.21599960327149,35.630001068115234,35.83000183105469,119600,0.0,0.0,-,NaN,34.478599853515625,35.5204999923706,35.93899993896484,135746.0
01/04/2017,35.81999969482422,37.060001373291016,35.650001525878906,36.38999938964844,154200,0.0,0.0,-,NaN,34.38379981994629,35.62249984741211,35.94499969482422,135848.0
01/03/2017,36.41999816894531,36.834999084472656,35.369998931884766,35.90999984741211,116300,0.0,0.0,-,NaN,34.28199981689453,35.67599983215332,35.804999923706056,137488.0
12/30/2016,36.0,37.7400016784668,35.665000915527344,36.06999969482422,72700,0.0,0.0,-,NaN,34.18199981689453,35.72999992370605,35.65400009155273,138140.0
12/29/2016,35.900001525878906,36.25,35.20800018310547,35.77000045776367,70100,0.0,0.0,-,NaN,34.07619983673096,35.68699989318848,35.418000030517575,138754.0
12/28/2016,36.040000915527344,36.5099983215332,35.41999816894531,35.79999923706055,83600,0.0,0.0,-,NaN,33.97479984283447,35.68249988555908,35.20999984741211,140070.0
12/27/2016,35.9900016784668,36.63999938964844,35.61000061035156,35.959999084472656,79800,0.0,0.0,-,NaN,33.84879985809326,35.7314998626709,35.03199996948242,140192.0
12/23/2016,35.79999923706055,36.380001068115234,35.150001525878906,35.880001068115234,85200,0.0,0.0,-,NaN,33.7135998916626,35.75999984741211,34.888999938964844,139728.0
12/22/2016,36.18999862670898,36.18999862670898,35.400001525878906,35.779998779296875,77100,0.0,0.0,-,NaN,33.589799880981445,35.83899974822998,34.90099983215332,141024.0
12/21/2016,36.16999816894531,36.47999954223633,35.41999816894531,36.0,150100,0.0,0.0,-,NaN,33.46099990844726,35.89499988555908,34.97799987792969,143038.0
12/20/2016,35.2400016784668,36.41999816894531,35.2400016784668,35.88999938964844,130000,0.0,0.0,-,NaN,33.33419990539551,35.90149993896485,35.102000045776364,145916.0
12/19/2016,34.709999084472656,35.56999969482422,34.06999969482422,34.9900016784668,152700,0.0,0.0,-,NaN,33.22139991760254,35.90399990081787,35.3,151962.0
12/16/2016,34.0,34.95000076293945,33.56999969482422,34.400001525878906,827700,0.0,0.0,-,NaN,33.125799865722655,35.95399990081787,35.54699974060058,164358.0
12/15/2016,33.65999984741211,34.189998626708984,33.34000015258789,33.709999084472656,169400,0.0,0.0,-,NaN,33.025599822998046,36.0269998550415,35.805999755859375,151048.0
12/14/2016,33.970001220703125,34.507999420166016,32.59000015258789,33.689998626708984,173500,0.0,0.0,-,NaN,32.95359985351563,36.13549995422363,35.955999755859374,150348.0
12/13/2016,34.66999816894531,35.2239990234375,33.540000915527344,34.02000045776367,140300,0.0,0.0,-,NaN,32.87919986724854,36.25149993896484,36.15499992370606,149966.0
12/12/2016,35.869998931884766,36.43999862670898,34.04999923706055,34.529998779296875,197400,0.0,0.0,-,NaN,32.80939987182617,36.28499984741211,36.430999755859375,151284.0
12/09/2016,36.619998931884766,37.25,35.40999984741211,36.0,112700,0.0,0.0,-,NaN,32.715999908447266,36.27599983215332,36.63099975585938,167918.0
12/08/2016,37.34999847412109,37.43999862670898,36.0,36.54999923706055,103600,0.0,0.0,-,NaN,32.57539989471436,36.198499870300296,36.77699966430664,168732.0
12/07/2016,38.0,38.31999969482422,36.540000915527344,37.2400016784668,91600,0.0,0.0,-,NaN,32.433199920654296,36.05549983978271,36.81199989318848,168806.0
12/06/2016,37.79999923706055,38.93999862670898,37.130001068115234,37.869998931884766,90800,0.0,0.0,-,NaN,32.27479988098145,35.805999755859375,36.70099983215332,168818.0
12/05/2016,37.56999969482422,38.5,37.26900100708008,37.459999084472656,136000,0.0,0.0,-,NaN,32.09799991607666,35.49849977493286,36.50799980163574,170572.0
12/02/2016,35.06999969482422,38.20000076293945,35.06999969482422,36.9900016784668,121300,0.0,0.0,-,NaN,31.93979991912842,35.17399978637695,36.361000061035156,171026.0
12/01/2016,35.84000015258789,36.40999984741211,34.599998474121094,35.209999084472656,80400,0.0,0.0,-,NaN,31.798999900817872,34.77799968719482,36.24799995422363,172040.0
11/30/2016,37.060001373291016,37.22999954223633,35.33000183105469,35.68000030517578,209500,0.0,0.0,-,NaN,31.695399932861328,34.50899972915649,36.31500015258789,174480.0
11/29/2016,36.34999847412109,37.58000183105469,36.060001373291016,36.77999877929688,120500,0.0,0.0,-,NaN,31.590599937438967,34.1794997215271,36.34799995422363,172492.0
11/28/2016,37.7400016784668,37.7400016784668,36.0,36.52999877929688,93900,0.0,0.0,-,NaN,31.466399955749512,33.79149980545044,36.138999938964844,173116.0
11/25/2016,37.08000183105469,37.5099983215332,36.790000915527344,37.459999084472656,31800,0.0,0.0,-,NaN,31.344799995422363,33.40949983596802,35.920999908447264,181500.0
11/23/2016,36.0,37.16999816894531,35.80799865722656,36.900001525878906,102000,0.0,0.0,-,NaN,31.195800018310546,32.973499870300294,35.62000007629395,182458.0
11/22/2016,36.08000183105469,36.375,35.93000030517578,36.130001068115234,96100,0.0,0.0,-,NaN,31.060599975585937,32.61199979782104,35.29899978637695,186648.0
11/21/2016,35.869998931884766,36.38999938964844,35.349998474121094,35.939998626708984,88400,0.0,0.0,-,NaN,30.934399948120117,32.3254997253418,34.91099967956543,186968.0
11/18/2016,35.91999816894531,36.334999084472656,35.680999755859375,35.9900016784668,104400,0.0,0.0,-,NaN,30.810599975585937,32.082999801635744,34.48899974822998,189296.0
11/17/2016,35.900001525878906,37.560001373291016,35.599998474121094,35.86000061035156,223500,0.0,0.0,-,NaN,30.68179992675781,31.84849967956543,33.98699951171875,192196.0
11/16/2016,35.75,36.61000061035156,35.75,35.880001068115234,134800,0.0,0.0,-,NaN,30.565599899291993,31.600999641418458,33.30799942016601,199544.0
11/15/2016,34.66999816894531,36.220001220703125,34.65999984741211,36.0099983215332,193000,0.0,0.0,-,NaN,30.435999870300293,31.34599962234497,32.7029993057251,202130.0
11/14/2016,34.47999954223633,35.58000183105469,34.31999969482422,34.689998626708984,137800,0.0,0.0,-,NaN,30.325399894714355,31.080499744415285,32.010999488830564,211768.0
11/11/2016,34.5,34.779998779296875,31.57099914550781,34.349998474121094,155300,0.0,0.0,-,NaN,30.245599937438964,30.820999813079833,31.443999671936034,231568.0
11/10/2016,33.970001220703125,34.880001068115234,33.849998474121094,34.45000076293945,220200,0.0,0.0,-,NaN,30.14349998474121,30.563499927520752,30.89799976348877,233794.0
11/09/2016,32.16999816894531,33.7400016784668,31.209999084472656,33.689998626708984,168200,0.0,0.0,-,NaN,30.01949996948242,30.32549991607666,30.32699966430664,233968.0
11/08/2016,31.81999969482422,32.41999816894531,31.239999771118164,32.25,120700,0.0,0.0,-,NaN,29.902900009155275,30.107999992370605,29.924999809265138,234290.0
11/07/2016,31.979999542236328,31.979999542236328,30.979999542236328,31.71999931335449,109900,0.0,0.0,-,NaN,29.821900024414063,29.978499984741212,29.739999771118164,237650.0
11/04/2016,31.38999938964844,31.38999938964844,29.09000015258789,30.96999931335449,176600,0.0,0.0,-,NaN,29.730100021362304,29.905000019073487,29.676999855041505,240556.0
11/03/2016,29.96999931335449,29.96999931335449,28.940000534057617,29.06999969482422,120600,0.0,0.0,-,NaN,29.664500045776368,29.867000007629393,29.70999984741211,240002.0
11/02/2016,28.940000534057617,29.959999084472656,28.940000534057617,29.82999992370605,95200,0.0,0.0,-,NaN,29.644700050354004,29.882999992370607,29.8939998626709,245712.0
11/01/2016,29.01000022888184,29.25,28.75,29.09000015258789,90200,0.0,0.0,-,NaN,29.631900062561034,29.89700002670288,29.988999938964845,252308.0
10/31/2016,28.93000030517578,29.1879997253418,28.63999938964844,29.020000457763672,133700,0.0,0.0,-,NaN,29.635300064086913,29.94099998474121,30.15,261044.0
10/28/2016,28.739999771118164,29.440000534057617,28.63999938964844,28.88999938964844,95300,0.0,0.0,-,NaN,29.62550006866455,30.016499996185303,30.197999954223633,263726.0
10/27/2016,29.86000061035156,30.0,28.6200008392334,28.739999771118164,117100,0.0,0.0,-,NaN,29.603100090026857,30.06500005722046,30.229000091552734,268434.0
10/26/2016,30.459999084472656,30.799999237060547,29.5,29.670000076293945,53900,0.0,0.0,-,NaN,29.59110008239746,30.076500034332277,30.32400016784668,276250.0
10/25/2016,31.239999771118164,31.25,30.16399955749512,30.399999618530277,58600,0.0,0.0,-,NaN,29.584100074768067,30.06500005722046,30.291000175476075,281476.0
10/24/2016,31.5,32.13999938964844,31.0,31.09000015258789,124700,0.0,0.0,-,NaN,29.560500068664552,30.011000061035155,30.217000198364257,292716.0
10/21/2016,30.790000915527344,32.290000915527344,30.790000915527344,31.299999237060547,236200,0.0,0.0,-,NaN,29.49950008392334,29.90800008773804,30.13300018310547,299676.0
10/20/2016,30.6200008392334,31.290000915527344,30.040000915527344,30.90999984741211,148900,0.0,0.0,-,NaN,29.429300117492676,29.820500087738036,30.02400016784668,402078.0
10/19/2016,30.739999771118164,31.09000015258789,30.020999908447266,30.780000686645508,103400,0.0,0.0,-,NaN,NaN,29.772500133514406,29.87200012207031,NaN
10/18/2016,29.71999931335449,30.96999931335449,29.71999931335449,30.700000762939453,135900,0.0,0.0,-,NaN,NaN,29.735000133514404,29.80500011444092,NaN
10/17/2016,29.489999771118164,29.63999938964844,29.14800071716309,29.5,89700,0.0,0.0,-,NaN,NaN,29.722000122070312,29.731999969482423,NaN
10/14/2016,29.75,29.950000762939453,28.864999771118164,29.200000762939453,56600,0.0,0.0,-,NaN,NaN,29.775500106811524,29.835000038146973,NaN
10/13/2016,29.350000381469727,29.940000534057617,29.0,29.690000534057617,150000,0.0,0.0,-,NaN,NaN,29.838000106811524,29.901000022888184,NaN
10/12/2016,30.100000381469727,30.100000381469727,28.75,29.34000015258789,177800,0.0,0.0,-,NaN,NaN,29.854000091552734,29.82899990081787,NaN
10/11/2016,30.420000076293945,30.540000915527344,29.309999465942383,29.65999984741211,294000,0.0,0.0,-,NaN,NaN,29.89400005340576,29.838999938964843,NaN
10/10/2016,30.6299991607666,31.239999771118164,29.809999465942383,30.25,432300,0.0,0.0,-,NaN,NaN,29.90200004577637,29.804999923706056,NaN
10/07/2016,29.51000022888184,30.36000061035156,28.5,30.209999084472656,772500,0.0,0.0,-,NaN,NaN,29.877000045776366,29.682999992370604,NaN
10/06/2016,29.959999084472656,30.285999298095703,29.020000457763672,29.38999938964844,162200,0.0,0.0,-,NaN,NaN,29.84400005340576,29.617000007629393,NaN
10/05/2016,29.96999931335449,30.479999542236328,29.75,30.11000061035156,134400,0.0,0.0,-,NaN,NaN,29.877000045776366,29.673000144958497,NaN
10/04/2016,30.459999084472656,30.68000030517578,29.540000915527344,29.96999931335449,154400,0.0,0.0,-,NaN,NaN,29.841499996185302,29.66500015258789,NaN
10/03/2016,30.09000015258789,30.649999618530277,29.309999465942383,30.530000686645508,206200,0.0,0.0,-,NaN,NaN,29.867000007629393,29.7120002746582,NaN
09/30/2016,29.149999618530277,30.729999542236328,28.600000381469727,29.86000061035156,1029100,0.0,0.0,-,NaN,NaN,29.875500011444093,29.716000175476076,NaN
09/29/2016,29.520000457763672,29.739999771118164,28.6299991607666,28.96999931335449,153400,0.0,0.0,-,NaN,NaN,29.844750022888185,29.775000190734865,NaN
09/28/2016,29.280000686645508,29.739999771118164,28.975000381469727,29.440000534057617,107300,0.0,0.0,-,NaN,NaN,29.808750057220458,29.8790002822876,NaN
09/27/2016,29.299999237060547,29.450000762939453,28.709999084472656,29.31999969482422,92200,0.0,0.0,-,NaN,NaN,29.729750061035155,29.94900016784668,NaN
09/26/2016,29.209999084472656,30.049999237060547,28.90999984741211,29.030000686645508,178500,0.0,0.0,-,NaN,NaN,29.673750114440917,29.99900016784668,NaN
09/23/2016,29.940000534057617,30.09000015258789,29.36000061035156,29.549999237060547,158700,0.0,0.0,-,NaN,NaN,29.57875003814697,30.07100009918213,NaN
09/22/2016,30.309999465942383,30.32999992370605,29.5,29.950000762939453,172000,0.0,0.0,-,NaN,NaN,29.485750102996825,30.07100009918213,NaN
09/21/2016,30.25,30.81999969482422,29.3799991607666,30.030000686645508,202400,0.0,0.0,-,NaN,NaN,29.392250061035156,30.08099994659424,NaN
09/20/2016,30.739999771118164,30.8799991607666,30.239999771118164,30.440000534057617,110100,0.0,0.0,-,NaN,NaN,29.350250053405762,30.017999839782714,NaN
09/19/2016,30.700000762939453,31.0,30.100000381469727,30.56999969482422,151700,0.0,0.0,-,NaN,NaN,29.291250038146973,30.021999740600585,NaN
09/16/2016,29.979999542236328,31.18000030517578,29.500999450683597,30.450000762939453,513100,0.0,0.0,-,NaN,NaN,29.18925008773804,30.03499984741211,NaN
09/15/2016,30.229999542236328,31.229999542236328,29.5,30.01000022888184,79700,0.0,0.0,-,NaN,NaN,29.055250072479247,29.914499855041505,NaN
09/14/2016,30.0,31.350000381469727,29.81999969482422,30.13999938964844,311500,0.0,0.0,-,NaN,NaN,28.961750030517578,29.73849983215332,NaN
09/13/2016,29.5,30.459999084472656,29.5,29.81999969482422,112100,0.0,0.0,-,NaN,NaN,28.920750045776366,29.510499954223633,NaN
09/12/2016,29.25,29.950000762939453,29.0,29.75,204800,0.0,0.0,-,NaN,NaN,28.890750026702882,29.348500061035157,NaN
09/09/2016,29.739999771118164,29.86000061035156,29.0,29.549999237060547,249400,0.0,0.0,-,NaN,NaN,28.805250072479247,29.086499977111817,NaN
09/08/2016,29.18000030517578,30.18000030517578,27.34000015258789,30.049999237060547,590900,0.0,0.0,-,NaN,NaN,28.71725015640259,28.900500106811524,NaN
09/07/2016,30.530000686645508,30.530000686645508,29.1200008392334,29.399999618530277,264100,0.0,0.0,-,NaN,NaN,NaN,28.703500175476073,NaN
09/06/2016,30.739999771118164,31.0,29.049999237060547,30.479999542236328,674900,0.0,0.0,-,NaN,NaN,NaN,28.682500267028807,NaN
09/02/2016,29.76000022888184,31.13999938964844,29.049999237060547,30.700000762939453,1127800,0.0,0.0,-,NaN,NaN,NaN,28.56050033569336,NaN
09/01/2016,28.3700008392334,29.450000762939453,28.01000022888184,29.2450008392334,266600,0.0,0.0,-,NaN,NaN,NaN,28.343500328063964,NaN
08/31/2016,27.979999542236328,28.5,27.46999931335449,28.25,228900,0.0,0.0,-,NaN,NaN,NaN,28.19600028991699,NaN
08/30/2016,28.559999465942383,28.559999465942383,27.09000015258789,27.86000061035156,184300,0.0,0.0,-,NaN,NaN,NaN,28.185000228881837,NaN
08/29/2016,27.0,28.200000762939453,27.0,28.200000762939453,288700,0.0,0.0,-,NaN,NaN,NaN,28.331000137329102,NaN
08/26/2016,27.600000381469727,28.09000015258789,26.51099967956543,27.1299991607666,255200,0.0,0.0,-,NaN,NaN,NaN,28.432999992370604,NaN
08/25/2016,27.88999938964844,28.450000762939453,27.600000381469727,27.690000534057617,148900,0.0,0.0,-,NaN,NaN,NaN,28.52400016784668,NaN
08/24/2016,29.059999465942383,29.299999237060547,27.78700065612793,28.07999992370605,406100,0.0,0.0,-,NaN,NaN,NaN,28.534000205993653,NaN
08/23/2016,29.8700008392334,29.8700008392334,28.71999931335449,29.190000534057617,425000,0.0,0.0,-,NaN,NaN,NaN,NaN,NaN
08/22/2016,28.899999618530277,29.690000534057617,28.770000457763672,29.26000022888184,527000,0.0,0.0,-,NaN,NaN,NaN,NaN,NaN
08/19/2016,27.770000457763672,28.899999618530277,27.600000381469727,28.530000686645508,267800,0.0,0.0,-,NaN,NaN,NaN,NaN,NaN
08/18/2016,28.229999542236328,28.843000411987305,27.71999931335449,27.770000457763672,330700,0.0,0.0,-,NaN,NaN,NaN,NaN,NaN
08/17/2016,29.43000030517578,29.790000915527344,28.1200008392334,28.13999938964844,507900,0.0,0.0,-,NaN,NaN,NaN,NaN,NaN
08/16/2016,29.559999465942383,29.979999542236328,29.200000762939453,29.31999969482422,315200,0.0,0.0,-,NaN,NaN,NaN,NaN,NaN
08/15/2016,28.290000915527344,29.600000381469727,27.90699958801269,29.21999931335449,620600,0.0,0.0,-,NaN,NaN,NaN,NaN,NaN
08/12/2016,27.549999237060547,28.5,27.1299991607666,28.040000915527344,472700,0.0,0.0,-,NaN,NaN,NaN,NaN,NaN
08/11/2016,28.149999618530277,28.739999771118164,27.100000381469727,27.790000915527344,5356300,0.0,0.0,-,NaN,NaN,NaN,NaN,NaN
