Date,Open,High,Low,Adj_Close,Volume,Dividends,Stock Splits,Empty_col_H,MA_Price_200_day,MA_Price_50_day,MA_Price_20_day,MA_Price_10_day,MA_Volume_50_day
01/03/2028
12/31/2027
12/30/2027
12/29/2027
12/28/2027
12/27/2027
12/24/2027
12/23/2027
12/22/2027
12/21/2027
12/20/2027
12/17/2027
12/16/2027
12/15/2027
12/14/2027
12/13/2027
12/10/2027
12/09/2027
12/08/2027
12/07/2027
12/06/2027
12/03/2027
12/02/2027
12/01/2027
11/30/2027
11/29/2027
11/26/2027
11/25/2027
11/24/2027
11/23/2027
11/22/2027
11/19/2027
11/18/2027
11/17/2027
11/16/2027
11/15/2027
11/12/2027
11/11/2027
11/10/2027
11/09/2027
11/08/2027
11/05/2027
11/04/2027
11/03/2027
11/02/2027
11/01/2027
10/29/2027
10/28/2027
10/27/2027
10/26/2027
10/25/2027
10/22/2027
10/21/2027
10/20/2027
10/19/2027
10/18/2027
10/15/2027
10/14/2027
10/13/2027
10/12/2027
10/11/2027
10/08/2027
10/07/2027
10/06/2027
10/05/2027
10/04/2027
10/01/2027
09/30/2027
09/29/2027
09/28/2027
09/27/2027
09/24/2027
09/23/2027
09/22/2027
09/21/2027
09/20/2027
09/17/2027
09/16/2027
09/15/2027
09/14/2027
09/13/2027
09/10/2027
09/09/2027
09/08/2027
09/07/2027
09/06/2027
09/03/2027
09/02/2027
09/01/2027
08/31/2027
08/30/2027
08/27/2027
08/26/2027
08/25/2027
08/24/2027
08/23/2027
08/20/2027
08/19/2027
08/18/2027
08/17/2027
08/16/2027
08/13/2027
08/12/2027
08/11/2027
08/10/2027
08/09/2027
08/06/2027
08/05/2027
08/04/2027
08/03/2027
08/02/2027
07/30/2027
07/29/2027
07/28/2027
07/27/2027
07/26/2027
07/23/2027
07/22/2027
07/21/2027
07/20/2027
07/19/2027
07/16/2027
07/15/2027
07/14/2027
07/13/2027
07/12/2027
07/09/2027
07/08/2027
07/07/2027
07/06/2027
07/05/2027
07/02/2027
07/01/2027
06/30/2027
06/29/2027
06/28/2027
06/25/2027
06/24/2027
06/23/2027
06/22/2027
06/21/2027
06/18/2027
06/17/2027
06/16/2027
06/15/2027
06/14/2027
06/11/2027
06/10/2027
06/09/2027
06/08/2027
06/07/2027
06/04/2027
06/03/2027
06/02/2027
06/01/2027
05/31/2027
05/28/2027
05/27/2027
05/26/2027
05/25/2027
05/24/2027
05/21/2027
05/20/2027
05/19/2027
05/18/2027
05/17/2027
05/14/2027
05/13/2027
05/12/2027
05/11/2027
05/10/2027
05/07/2027
05/06/2027
05/05/2027
05/04/2027
05/03/2027
04/30/2027
04/29/2027
04/28/2027
04/27/2027
04/26/2027
04/23/2027
04/22/2027
04/21/2027
04/20/2027
04/19/2027
04/16/2027
04/15/2027
04/14/2027
04/13/2027
04/12/2027
04/09/2027
04/08/2027
04/07/2027
04/06/2027
04/05/2027
04/02/2027
04/01/2027
03/31/2027
03/30/2027
03/29/2027
03/26/2027
03/25/2027
03/24/2027
03/23/2027
03/22/2027
03/19/2027
03/18/2027
03/17/2027
03/16/2027
03/15/2027
03/12/2027
03/11/2027
03/10/2027
03/09/2027
03/08/2027
03/05/2027
03/04/2027
03/03/2027
03/02/2027
03/01/2027
02/26/2027
02/25/2027
02/24/2027
02/23/2027
02/22/2027
02/19/2027
02/18/2027
02/17/2027
02/16/2027
02/15/2027
02/12/2027
02/11/2027
02/10/2027
02/09/2027
02/08/2027
02/05/2027
02/04/2027
02/03/2027
02/02/2027
02/01/2027
01/29/2027
01/28/2027
01/27/2027
01/26/2027
01/25/2027
01/22/2027
01/21/2027
01/20/2027
01/19/2027
01/18/2027
01/15/2027
01/14/2027
01/13/2027
01/12/2027
01/11/2027
01/08/2027
01/07/2027
01/06/2027
01/05/2027
01/04/2027
01/01/2027
12/31/2026
12/30/2026
12/29/2026
12/28/2026
12/24/2026
12/23/2026
12/22/2026
12/21/2026
12/18/2026
12/17/2026
12/16/2026
12/15/2026
12/14/2026
12/11/2026
12/10/2026
12/09/2026
12/08/2026
12/07/2026
12/04/2026
12/03/2026
12/02/2026
12/01/2026
11/30/2026
11/27/2026
11/25/2026
11/24/2026
11/23/2026
11/20/2026
11/19/2026
11/18/2026
11/17/2026
11/16/2026
11/13/2026
11/12/2026
11/11/2026
11/10/2026
11/09/2026
11/06/2026
11/05/2026
11/04/2026
11/03/2026
11/02/2026
10/30/2026
10/29/2026
10/28/2026
10/27/2026
10/26/2026
10/23/2026
10/22/2026
10/21/2026
10/20/2026
10/19/2026
10/16/2026
10/15/2026
10/14/2026
10/13/2026
10/12/2026
10/09/2026
10/08/2026
10/07/2026
10/06/2026
10/05/2026
10/02/2026
10/01/2026
09/30/2026
09/29/2026
09/28/2026
09/25/2026
09/24/2026
09/23/2026
09/22/2026
09/21/2026
09/18/2026
09/17/2026
09/16/2026
09/15/2026
09/14/2026
09/11/2026
09/10/2026
09/09/2026
09/08/2026
09/04/2026
09/03/2026
09/02/2026
09/01/2026
08/31/2026
08/28/2026
08/27/2026
08/26/2026
08/25/2026
08/24/2026
08/21/2026
08/20/2026
08/19/2026
08/18/2026
08/17/2026
08/14/2026
08/13/2026
08/12/2026
08/11/2026
08/10/2026
08/07/2026
08/06/2026
08/05/2026
08/04/2026
08/03/2026
07/31/2026,53.459999,53.459999,48.779999,50.610001,917300,0.000,0.0,-,34.809052,41.238939,48.738500,50.856000,756054.0
07/30/2026,55.570000,55.599998,50.750000,54.029999,1465400,0.000,0.0,-,34.774990,40.844704,48.476500,50.750000,754846.0
07/29/2026,53.470001,55.900002,52.570000,53.180000,925500,0.000,0.0,-,34.719883,40.381872,47.978500,50.295000,737566.0
07/28/2026,51.430000,52.919998,51.430000,52.580002,644700,0.000,0.0,-,34.675741,39.912075,47.385000,49.749000,728902.0
07/27/2026,48.830002,51.040001,48.830002,50.250000,614400,0.000,0.0,-,34.637228,39.428743,46.886000,49.241000,723744.0
07/24/2026,47.910000,49.450001,47.540001,48.349998,485500,0.000,0.0,-,34.613558,38.997118,46.445500,49.055000,721516.0
07/23/2026,49.380001,49.520000,47.759998,47.980000,541400,0.000,0.0,-,34.601971,38.650243,45.948500,48.771000,722870.0
07/22/2026,52.330002,52.330002,47.840000,48.770000,658100,0.000,0.0,-,34.593736,38.327661,45.455000,48.410000,721984.0
07/21/2026,50.610001,52.110001,50.000000,51.110001,730300,0.000,0.0,-,34.579907,37.992422,44.868500,47.923000,720958.0
07/20/2026,48.889999,51.709999,48.459999,51.700001,602600,0.000,0.0,-,34.556069,37.612347,44.018500,47.367000,726192.0
07/17/2026,49.930000,50.549999,48.130001,49.549999,546000,0.000,0.0,-,34.528577,37.143079,43.244500,46.621000,730620.0
07/16/2026,49.049999,50.549999,48.459999,49.480000,679400,0.000,0.0,-,34.510942,36.713472,42.629000,46.203000,736906.0
07/15/2026,47.790001,48.919998,46.959999,47.720001,720800,0.000,0.0,-,34.495677,36.304318,41.902500,45.662000,748476.0
07/14/2026,46.970001,48.310001,45.619999,47.500000,1175100,0.000,0.0,-,34.488601,35.910329,41.327500,45.021000,774776.0
07/13/2026,46.549999,49.169998,46.549999,48.389999,1255000,0.000,0.0,-,34.489949,35.659025,40.782500,44.531000,769970.0
07/10/2026,45.040001,45.610001,43.820000,45.509998,297000,0.000,0.0,-,34.485299,35.422136,40.247000,43.836000,768870.0
07/09/2026,43.020000,44.490002,42.099998,44.369999,247400,0.000,0.0,-,34.498898,35.204347,39.821500,43.126000,778826.0
07/08/2026,45.080002,45.139999,43.700001,43.900002,351100,0.000,0.0,-,34.513596,34.977929,39.466500,42.500000,790276.0
07/07/2026,45.160000,46.799999,44.389999,45.549999,654400,0.000,0.0,-,34.535856,34.743625,39.007500,41.814000,793402.0
07/06/2026,44.509998,44.840000,43.349998,44.240002,445900,0.000,0.0,-,34.549114,34.465322,38.499000,40.670000,795664.0
07/02/2026,44.029999,45.660000,42.950001,45.369999,612500,0.000,0.0,-,34.570942,34.216754,37.960500,39.868000,798162.0
07/01/2026,42.049999,45.200001,40.680000,44.070000,717200,0.000,0.0,-,34.588293,33.934782,37.342000,39.055000,800586.0
06/30/2026,40.470001,42.860001,40.470001,41.310001,463200,0.000,0.0,-,34.616464,33.670561,36.898991,38.143000,800462.0
06/29/2026,41.779999,42.900002,40.750000,42.599998,973700,0.000,0.0,-,34.664022,33.412040,36.639161,37.634000,808098.0
06/26/2026,38.540001,41.500000,38.250000,41.439999,1313700,0.000,0.0,-,34.691186,33.123397,36.201884,37.034000,816504.0
06/25/2026,37.810001,39.750000,37.389999,38.410000,506900,0.000,0.0,-,34.735042,32.839490,35.801982,36.658001,810474.0
06/24/2026,36.090000,38.400002,36.090000,38.110001,662300,0.000,0.0,-,34.792781,32.613236,35.499563,36.517001,814486.0
06/23/2026,34.480000,37.360001,34.160000,37.040001,650300,0.000,0.0,-,34.855776,32.398090,35.149777,36.433001,825090.0
06/22/2026,35.830002,35.830002,33.099998,34.110001,930400,0.000,0.0,-,34.931727,32.148950,34.873625,36.201001,822576.0
06/18/2026,37.330002,37.419998,34.980000,36.220001,2202600,0.000,0.0,-,35.017867,31.975697,34.683572,36.328001,819468.0
06/17/2026,34.990002,39.180000,34.990002,37.240002,1268000,0.000,0.0,-,35.089557,31.763190,34.424848,36.053001,818182.0
06/16/2026,36.459999,37.000000,33.500000,34.950001,777100,0.000,0.0,-,35.159816,31.564657,34.107759,35.629000,808488.0
06/15/2026,35.619999,36.970001,35.119999,36.220001,652100,0.000,0.0,-,35.237669,31.415068,33.904679,35.654982,815314.0
06/12/2026,37.130001,37.430000,35.910000,36.599998,725700,0.000,0.0,-,35.312238,31.266990,33.578188,35.644321,819190.0
06/11/2026,36.750000,38.000000,35.770000,37.680000,505500,0.000,0.0,-,35.378266,31.066132,33.168857,35.369768,815558.0
06/10/2026,37.130001,38.299999,36.730000,37.000000,812800,0.000,0.0,-,35.447439,30.843675,32.718295,34.945964,816858.0
06/09/2026,34.529999,37.310001,34.279999,37.270000,698200,0.000,0.0,-,35.520662,30.644640,32.418607,34.482125,817730.0
06/08/2026,35.209999,36.029999,34.400002,34.720001,726000,0.000,0.0,-,35.584176,30.419579,32.147652,33.866554,817560.0
06/05/2026,36.310001,37.060001,34.730000,35.380001,827500,0.000,0.0,-,35.662251,30.252000,32.012054,33.546250,819374.0
06/04/2026,33.700001,34.790001,33.279999,33.470001,991000,0.600,0.0,-,35.741066,30.056293,31.848366,33.039143,819498.0
06/03/2026,34.610718,34.610718,32.636608,33.000000,1034600,0.000,0.0,-,35.819400,29.908215,31.586697,32.796696,823426.0
06/02/2026,35.023214,36.575002,34.659822,35.209820,538800,0.000,0.0,-,35.891817,29.765411,31.340179,32.586518,828080.0
06/01/2026,34.453572,36.683033,34.453572,36.113392,785100,0.000,0.0,-,35.958572,29.541875,31.030804,32.154375,889048.0
05/29/2026,33.874109,34.512499,33.373214,33.854465,711700,0.000,0.0,-,36.022342,29.265893,30.626161,31.512054,898048.0
05/28/2026,32.528570,34.168751,32.008036,33.441963,986800,0.000,0.0,-,36.085842,29.042161,30.680179,30.967946,911684.0
05/27/2026,31.458033,32.803572,30.809821,32.361607,972600,0.000,0.0,-,36.150151,28.835125,30.835357,30.490625,923894.0
05/26/2026,31.025893,31.183036,30.132144,31.114286,572200,0.000,0.0,-,36.236674,28.614536,30.948304,30.355090,939610.0
05/22/2026,30.318750,31.634820,30.191071,31.516964,435500,0.000,0.0,-,36.323721,28.388643,31.045045,30.428750,952888.0
05/21/2026,30.741071,30.917857,29.464286,30.308929,383400,0.000,0.0,-,36.400673,28.161965,31.078438,30.477858,974952.0
05/20/2026,30.240179,31.153570,29.424999,31.045536,408000,0.000,0.0,-,36.484409,27.946679,31.144733,30.657590,991016.0
05/19/2026,30.947323,32.852680,30.544644,30.898214,856900,0.000,0.0,-,36.553362,27.718232,31.183036,30.376697,1009296.0
05/18/2026,29.474107,32.125892,29.474107,30.888393,601400,0.000,0.0,-,36.608190,27.531233,31.201697,30.093840,1019890.0
05/15/2026,28.570536,30.083035,28.491964,29.690178,492300,0.000,0.0,-,36.730456,27.350715,31.200224,29.907232,1032744.0
05/14/2026,28.649107,29.366071,27.971428,28.413393,386800,0.000,0.0,-,36.861545,27.175108,31.134911,29.740268,1043782.0
05/13/2026,30.416964,30.642858,27.539287,28.668751,503000,0.000,0.0,-,37.003385,27.015866,31.122635,30.392411,1057428.0
05/12/2026,32.410715,32.764287,30.839286,31.006250,553200,0.000,0.0,-,37.145294,26.850753,31.051429,31.180090,1065204.0
05/11/2026,32.155359,32.823212,31.143749,31.850893,497100,0.000,0.0,-,37.270640,26.634305,30.855983,31.541518,1072172.0
05/08/2026,31.772322,32.027681,30.416965,32.008038,606800,0.000,0.0,-,37.387443,26.421597,30.631072,31.661340,1080494.0
05/07/2026,30.308931,32.479466,30.240181,32.106251,992000,0.000,0.0,-,37.504575,26.219692,30.259822,31.679019,1088922.0
05/06/2026,27.558928,28.619642,27.185714,28.236607,824000,0.000,0.0,-,37.620101,26.004743,29.926875,31.631876,1090972.0
05/05/2026,28.924108,29.955357,27.382142,28.069643,860300,0.000,0.0,-,37.744851,25.862792,29.794777,31.989376,1111742.0
05/04/2026,28.148215,30.358037,27.941966,29.022322,1257900,0.000,0.0,-,37.867556,25.702402,29.756965,32.309554,1120326.0
05/01/2026,32.440177,33.196428,27.333036,28.020536,2035800,0.000,0.0,-,37.990095,25.567089,29.679375,32.493215,1120070.0
04/30/2026,34.168752,35.602680,32.155360,34.934822,934800,0.000,0.0,-,38.114114,25.487920,29.719152,32.529554,1107728.0
04/29/2026,35.072322,37.026788,34.620537,36.545536,1200000,0.000,0.0,-,38.206952,25.280399,29.300268,31.852858,1110140.0
04/28/2026,32.823214,34.983929,32.695538,34.620537,794800,0.000,0.0,-,38.295452,25.025571,28.800849,30.922768,1115402.0
04/27/2026,32.263393,33.540182,31.693752,33.049110,819900,0.000,0.0,-,38.393809,24.823762,28.422233,30.170447,1136010.0
04/24/2026,31.674107,32.410714,31.045537,32.184822,507400,0.000,0.0,-,38.509497,24.657967,28.070625,29.600804,1154328.0
04/23/2026,31.320536,31.752681,30.662500,31.634821,767500,0.000,0.0,-,38.629786,24.587405,27.778438,28.840625,1200150.0
04/22/2026,31.232143,31.880357,30.908036,31.811607,570800,0.000,0.0,-,38.756818,24.597764,27.476429,28.221875,1225564.0
04/21/2026,30.976787,32.646431,30.976787,31.271429,733700,0.000,0.0,-,38.877580,24.662665,27.189152,27.600179,1228716.0
04/20/2026,28.550893,31.310713,28.275894,30.858929,711000,0.000,0.0,-,39.006197,24.780782,26.918572,27.204375,1241136.0
04/17/2026,28.177679,28.668751,27.608036,28.383928,845000,0.000,0.0,-,39.138363,24.933130,26.577277,26.865536,1246978.0
04/16/2026,27.657143,28.305358,26.517858,28.167858,1394000,0.000,0.0,-,39.284669,25.145105,26.273795,26.908750,1252892.0
04/15/2026,27.421428,28.020536,27.038393,27.244642,1012200,0.000,0.0,-,39.423045,25.346881,25.998795,26.747679,1236316.0
04/14/2026,27.421430,28.010716,26.704466,27.097322,707500,0.000,0.0,-,39.562044,25.626345,25.791072,26.678929,1229988.0
04/13/2026,24.583036,27.902678,24.425893,27.352678,1192500,0.000,0.0,-,39.699689,25.900732,25.502813,26.674018,1236080.0
04/10/2026,25.427678,25.732144,24.199999,24.583036,524600,0.000,0.0,-,39.834849,26.134286,25.126161,26.540447,1239672.0
04/09/2026,25.201785,25.476786,24.475000,25.447321,775000,0.000,0.0,-,39.990825,26.420941,24.906161,26.716250,1246954.0
04/08/2026,27.853572,27.853572,25.565180,25.594643,2138300,0.000,0.0,-,40.142293,26.759276,24.611027,26.730983,1239884.0
04/07/2026,27.598215,27.814286,26.950001,27.313393,783300,0.000,0.0,-,40.290981,27.119311,24.312456,26.778126,1207094.0
04/06/2026,28.521430,28.835715,27.460714,27.470535,1118400,0.000,0.0,-,40.434001,27.465603,24.024197,26.632768,1198832.0
04/02/2026,26.714287,28.845537,26.134823,28.816072,845900,0.000,0.0,-,40.578465,27.819451,23.743795,26.289018,1185586.0
04/01/2026,26.566964,26.822321,25.113393,26.557144,544100,0.000,0.0,-,40.714807,28.141993,23.348483,25.638840,1179120.0
03/31/2026,27.283930,27.283930,26.341072,26.557144,570500,0.000,0.0,-,40.863141,28.477428,23.043191,25.249911,1187458.0
03/30/2026,26.301787,27.225000,26.026786,27.048216,856400,0.000,0.0,-,41.015377,28.836362,22.735989,24.903215,1187740.0
03/27/2026,26.115179,26.115179,24.946428,26.016964,689700,0.000,0.0,-,41.164831,29.180316,22.392771,24.331607,1187160.0
03/26/2026,25.486609,27.450895,25.417857,26.341072,816700,0.000,0.0,-,41.325341,29.530184,22.152697,23.711875,1193754.0
03/25/2026,26.458929,26.822321,24.258930,25.594643,833700,0.000,0.0,-,41.485344,29.858096,21.931284,23.096071,1210032.0
03/24/2026,25.211607,26.350893,24.769642,26.066072,1187400,0.000,0.0,-,41.648940,30.210680,21.719491,22.491072,1237562.0
03/23/2026,24.406250,25.918749,23.247321,25.859821,1267300,0.000,0.0,-,41.811294,30.548485,21.473141,21.846786,1232674.0
03/20/2026,24.347323,25.191964,23.866071,24.033035,3587200,0.000,0.0,-,41.975415,30.868828,21.182656,21.415625,1236930.0
03/19/2026,22.589286,23.915179,21.911607,22.314285,1235100,0.000,0.0,-,42.148624,31.196859,21.093838,21.198572,1205930.0
03/18/2026,22.569643,23.208036,21.754465,22.667858,1393500,0.000,0.0,-,42.331485,31.570154,21.181227,21.058125,1227164.0
03/17/2026,21.518750,24.072322,21.518750,23.090179,1597300,0.000,0.0,-,42.515890,31.926061,21.275772,20.836471,1227128.0
03/16/2026,20.418751,21.332142,19.957142,21.332142,1758400,0.000,0.0,-,42.700438,32.202072,21.311471,20.568764,1212620.0
03/13/2026,20.183035,20.733036,19.731250,19.819643,1236100,0.000,0.0,-,42.889222,32.515153,21.471369,20.453935,1188142.0
03/12/2026,20.438392,21.322320,19.976786,20.183035,1538700,0.000,0.0,-,43.089939,32.863261,21.718356,20.593520,1179968.0
03/11/2026,19.574108,20.104465,18.238393,19.544643,1186600,0.000,0.0,-,43.288378,33.199324,22.142038,20.766497,1161164.0
03/10/2026,21.410715,21.587501,19.250001,19.623215,1322000,0.000,0.0,-,43.497923,33.545290,22.772445,20.947910,1149538.0
03/09/2026,21.567857,21.823215,20.281251,21.548216,1386600,0.000,0.0,-,43.708178,33.887201,23.544118,21.099496,1128924.0
03/06/2026,20.546430,21.990179,20.251787,21.862501,1244100,0.600,0.0,-,43.926935,34.176474,24.325570,20.949686,1112478.0
03/05/2026,20.374896,21.693103,20.317584,20.909821,1044200,0.000,0.0,-,44.146099,34.482770,25.156263,20.989105,1111022.0
03/04/2026,20.308032,20.986239,19.954599,20.451315,1069100,0.000,0.0,-,44.371636,34.802196,26.059904,21.304328,1246912.0
03/03/2026,19.964151,20.546837,19.505645,20.413107,891800,0.000,0.0,-,44.595877,35.146649,26.950171,21.715074,1241162.0
03/02/2026,20.661463,21.349224,19.677584,20.183851,901600,0.000,0.0,-,44.815203,35.490720,27.990408,22.054178,1247150.0
02/27/2026,21.377880,21.425642,20.308032,21.215492,913200,0.000,0.0,-,45.033190,35.829824,29.022049,22.488804,1245562.0
02/26/2026,21.521164,22.409520,21.330119,21.912806,1028200,0.000,0.0,-,45.244548,36.135687,29.912794,22.843192,1240580.0
02/25/2026,21.349224,21.798178,20.814300,21.358776,1094500,0.000,0.0,-,45.438249,36.435818,30.762942,23.517579,1234014.0
02/24/2026,20.470420,21.683553,19.954599,21.139074,1862500,0.000,0.0,-,45.636699,36.734993,31.813209,24.596980,1233542.0
02/23/2026,22.027432,22.161164,20.040569,20.050121,1289500,0.000,0.0,-,45.831140,37.004557,32.936073,25.988740,1221548.0
02/20/2026,23.660864,24.004742,21.970119,22.256685,1245100,0.000,0.0,-,46.031486,37.259793,34.164967,27.701453,1216868.0
02/19/2026,24.386831,24.940860,24.023846,24.062056,1418700,0.000,0.0,-,46.218316,37.480449,35.310279,29.323421,1222642.0
02/18/2026,23.479370,24.921757,23.422058,24.558771,1055400,0.000,0.0,-,46.405687,37.659176,36.354337,30.815479,1216704.0
02/17/2026,24.692503,24.873996,23.374295,23.804146,1463100,0.000,0.0,-,46.586618,37.842993,37.292843,32.185268,1207952.0
02/13/2026,24.721159,25.800561,24.195787,24.530115,1825200,0.000,0.0,-,46.766677,38.042466,38.327827,33.926639,1203604.0
02/12/2026,28.236378,28.713990,24.549221,24.759369,1735800,0.000,0.0,-,46.953318,38.202254,39.313616,35.555293,1177854.0
02/11/2026,33.757566,34.588609,26.765337,28.656677,2798500,0.000,0.0,-,47.191213,38.370415,40.251167,36.982396,1158256.0
02/10/2026,35.037563,35.629799,31.780254,32.152790,2038200,0.000,0.0,-,47.411369,38.461569,40.955166,38.008305,1107176.0
02/09/2026,37.253678,37.970095,34.884727,35.056667,728400,0.000,0.0,-,47.610411,38.484303,41.508718,39.029438,1076858.0
02/06/2026,38.610091,39.097257,36.862036,37.177258,1354700,0.000,0.0,-,47.798383,38.450650,41.903703,39.883406,1077524.0
02/05/2026,39.355171,39.775467,37.167710,38.476364,1003100,0.000,0.0,-,47.974143,38.345663,42.138688,40.628481,1066616.0
02/04/2026,38.409500,40.625616,38.056068,38.982635,1140700,0.000,0.0,-,48.135171,38.223332,42.236598,41.297136,1079138.0
02/03/2026,40.558747,41.342029,38.113379,38.256660,565200,0.000,0.0,-,48.303376,38.053126,42.336419,41.893195,1097768.0
02/02/2026,41.351584,41.705015,40.319942,41.217854,695800,0.000,0.0,-,48.493521,37.883166,42.446747,42.400418,1097284.0
01/30/2026,39.125914,41.408895,38.944423,40.816658,1012100,0.000,0.0,-,48.670607,37.660556,42.230389,42.729014,1100884.0
01/29/2026,38.896665,39.517557,38.036963,39.030396,1372100,0.000,0.0,-,48.858119,37.444466,42.038867,43.071939,1093758.0
01/28/2026,42.421433,42.488298,38.848899,38.915768,888700,0.000,0.0,-,49.054608,37.277249,41.948598,43.519939,1077254.0
01/27/2026,43.109193,43.892475,42.192176,42.364117,421500,0.000,0.0,-,49.241457,37.123406,41.852121,43.902028,1071328.0
01/26/2026,44.637548,44.637548,43.090089,43.596355,498800,0.000,0.0,-,49.416033,36.908483,41.576061,43.987998,1078180.0
01/23/2026,45.038744,45.516356,44.179043,44.627998,370200,0.000,0.0,-,49.558960,36.679245,41.232181,43.923999,1086162.0
01/22/2026,45.115162,45.984414,44.981431,45.162922,456100,0.000,0.0,-,49.709381,36.403269,40.801376,43.648895,1094944.0
01/21/2026,43.882921,45.736055,43.051878,44.943218,522600,0.000,0.0,-,49.872999,36.135939,40.402093,43.176059,1101686.0
01/20/2026,43.605907,43.949784,42.813071,43.328892,961000,0.000,0.0,-,50.052300,35.877134,39.998989,42.779642,1114066.0
01/16/2026,44.312773,44.694864,43.682327,44.503819,584600,0.000,0.0,-,50.246388,35.687991,39.716243,42.493076,1127526.0
01/15/2026,43.701434,44.637552,43.223823,44.245911,827400,0.000,0.0,-,50.437546,35.493379,39.371885,41.731763,1174830.0
01/14/2026,42.793970,44.035759,42.793970,43.510387,1019400,0.000,0.0,-,50.626820,35.455300,39.016543,41.005794,1199506.0
01/13/2026,43.367107,43.691883,42.708001,42.736660,1630600,0.000,0.0,-,50.814480,35.413715,38.666454,40.377258,1197364.0
01/12/2026,43.023224,43.491281,42.087106,43.223820,2210200,0.000,0.0,-,51.012174,35.366193,38.375588,39.802214,1177838.0
01/09/2026,42.039343,43.080536,41.370691,42.956360,943000,0.000,0.0,-,51.205546,35.299914,38.030275,39.164125,1145824.0
01/08/2026,40.310393,42.679344,40.310393,41.876957,1480100,0.000,0.0,-,51.395654,35.300586,37.613321,38.540364,1137592.0
01/07/2026,40.291285,41.389793,39.918749,40.434570,2037200,0.000,0.0,-,51.595761,35.318338,37.160067,37.953857,1117974.0
01/06/2026,40.539645,42.278149,40.272183,40.979050,2296800,0.000,0.0,-,51.791991,35.373389,36.802814,37.628126,1085902.0
01/05/2026,36.623231,41.112778,36.623231,40.463226,1391700,0.000,0.0,-,51.989226,35.424500,36.403781,37.218335,1050018.0
01/02/2026,36.976664,37.559350,36.040546,36.890694,871900,0.000,0.0,-,52.204866,35.503958,36.068102,36.939410,1032416.0
12/31/2025,37.110394,37.339649,36.460842,36.986217,534500,0.000,0.0,-,52.436068,35.665759,35.912458,37.012008,1022548.0
12/30/2025,36.852489,37.731292,36.288907,37.225025,827400,0.000,0.0,-,52.657270,35.819264,35.689121,37.027291,1019648.0
12/29/2025,36.756962,37.291888,36.756962,36.986217,598500,0.000,0.0,-,52.880681,35.959541,35.486241,36.955649,1011236.0
12/26/2025,36.489499,36.862035,36.078753,36.842930,605300,0.000,0.0,-,53.097420,36.108538,35.297649,36.948963,1018116.0
12/24/2025,36.241143,36.718754,35.925921,36.718754,291300,0.000,0.0,-,53.313818,36.243123,35.119978,36.896426,1015076.0
12/23/2025,36.814277,37.358754,35.925920,36.011890,564300,0.000,0.0,-,53.539654,36.391835,34.952741,36.686277,1017316.0
12/22/2025,36.833381,37.482932,36.651886,37.177258,1171300,0.000,0.0,-,53.790042,36.547548,34.748540,36.366277,1017866.0
12/19/2025,37.616663,37.731289,36.613681,36.881142,7838700,0.000,0.0,-,54.017013,36.664177,34.507669,35.977502,1004396.0
12/18/2025,37.511591,38.075172,37.502037,37.673977,781600,0.000,0.0,-,54.228056,36.813586,34.187229,35.589227,855520.0
12/17/2025,36.967113,37.884126,36.766517,37.616665,1191200,0.000,0.0,-,54.432896,36.957655,33.791463,35.196793,849322.0
12/16/2025,36.556367,37.320544,35.801740,37.139053,822200,0.000,0.0,-,54.636424,37.115642,33.414996,34.812908,833174.0
12/15/2025,37.196364,37.521139,36.164725,36.508606,664100,0.000,0.0,-,54.843527,37.293511,33.058654,34.350951,828444.0
12/12/2025,36.776069,37.320545,36.346218,36.919353,699900,0.000,0.0,-,55.062921,37.489998,32.766700,34.016833,826520.0
12/11/2025,34.817863,36.967114,34.722339,36.317562,1070900,0.000,0.0,-,55.280124,37.671697,32.481912,33.646335,819998.0
12/10/2025,33.146220,34.913380,32.611294,34.617264,1262800,0.000,0.0,-,55.497047,37.872193,32.246933,33.343529,808082.0
12/09/2025,33.308610,33.719356,32.706822,32.811893,1055500,0.600,0.0,-,55.724846,38.103878,32.122793,33.219205,795158.0
12/08/2025,32.895096,33.749636,32.528865,33.289501,1533800,0.000,0.0,-,55.951575,38.368102,32.023658,33.130803,783772.0
12/05/2025,33.740252,33.975016,32.876320,32.998398,1121800,0.000,0.0,-,56.172809,38.630850,31.949003,33.037837,763964.0
12/04/2025,33.937449,34.106480,33.308284,33.749638,617800,0.000,0.0,-,56.403632,38.896978,31.899233,32.785231,752380.0
12/03/2025,32.585213,33.796594,32.331667,33.777813,1245700,0.000,0.0,-,56.631840,39.177380,31.905337,32.386133,749560.0
12/02/2025,33.336459,33.336459,32.181421,32.519482,537700,0.000,0.0,-,56.859771,39.451021,31.955107,32.017085,733786.0
12/01/2025,33.054741,33.787203,32.904493,33.167427,755900,0.000,0.0,-,57.097831,39.765229,32.446233,31.766356,732190.0
11/28/2025,33.214375,33.514872,32.904488,33.214375,244500,0.000,0.0,-,57.326163,40.048072,32.859417,31.516568,745880.0
11/26/2025,33.289501,33.768418,32.989004,33.289501,522300,0.000,0.0,-,57.548824,40.350824,33.216728,31.317488,749056.0
11/25/2025,31.815188,33.636954,31.787014,33.374020,761700,0.000,0.0,-,57.772982,40.649068,33.547745,31.150337,750588.0
11/24/2025,32.031172,32.096906,31.054554,31.927876,809300,0.000,0.0,-,57.975655,40.953697,34.028541,31.026382,744818.0
11/21/2025,30.801009,32.453748,30.509904,32.359840,1629200,0.000,0.0,-,58.134019,41.291945,34.570376,30.916513,743884.0
11/20/2025,29.777437,30.538073,29.336082,30.472340,2072200,0.000,0.0,-,58.298585,41.638832,35.111741,30.860169,717940.0
11/19/2025,30.087327,30.087327,29.289130,29.758657,541000,0.000,0.0,-,58.485565,42.045818,35.764854,31.013235,690274.0
11/18/2025,29.861953,30.331481,29.110710,30.087328,875800,0.000,0.0,-,58.681961,42.411299,36.498726,31.424541,692820.0
11/17/2025,30.425388,31.261146,29.955859,30.012201,655800,0.000,0.0,-,58.870683,42.813778,37.243396,31.893129,685634.0
11/14/2025,31.063943,31.664938,30.491119,30.669538,546900,0.000,0.0,-,59.063345,43.212688,37.975860,33.126109,685752.0
11/13/2025,31.580421,32.472524,31.045160,31.223579,592400,0.000,0.0,-,59.252262,43.613477,38.654327,34.202266,689834.0
11/12/2025,32.247156,32.979617,31.571035,31.617987,764100,0.000,0.0,-,59.455178,44.033611,39.314953,35.115968,685654.0
11/11/2025,31.326884,32.162642,30.660155,32.134472,897900,0.000,0.0,-,59.662656,44.428014,39.912661,35.945153,678704.0
11/10/2025,32.078125,32.125077,30.631979,30.829184,809300,0.000,0.0,-,59.868739,44.796482,40.513656,37.030700,671212.0
11/07/2025,32.106292,32.773024,31.524079,31.796406,793200,0.000,0.0,-,60.072530,45.205733,41.162074,38.224239,661916.0
11/06/2025,33.646349,34.266125,31.392615,32.003002,1141600,0.000,0.0,-,60.275460,45.580220,41.722690,39.363313,654624.0
11/05/2025,34.810771,35.280298,33.035957,33.871716,1634000,0.000,0.0,-,60.476855,45.962835,42.340118,40.516473,639708.0
11/04/2025,33.543049,37.721841,30.988818,34.773209,2949800,0.000,0.0,-,60.675257,46.281512,42.890405,41.572910,614626.0
11/03/2025,41.346596,43.835093,40.407540,42.341995,2061200,0.000,0.0,-,60.852429,46.616340,43.427544,42.593663,563518.0
10/31/2025,40.116439,41.647096,39.919235,41.431114,912300,0.000,0.0,-,61.000575,46.802393,43.612069,42.825610,537492.0
10/30/2025,39.543615,40.933416,39.543615,40.360592,654300,0.000,0.0,-,61.146194,46.973225,43.857162,43.106388,527188.0
10/29/2025,42.511027,42.783353,39.778376,39.909843,609500,0.000,0.0,-,61.294515,47.172713,44.139348,43.513938,524384.0
10/28/2025,42.576761,43.036900,42.182356,42.989944,531400,0.000,0.0,-,61.447283,47.397378,44.460974,43.880169,532154.0
10/27/2025,43.459467,43.835091,42.210526,42.764568,499200,0.000,0.0,-,61.576518,47.520314,44.621553,43.996612,532908.0
10/24/2025,43.882048,43.900829,42.999337,43.187149,433600,0.000,0.0,-,61.708890,47.614690,44.784479,44.099908,531426.0
10/23/2025,44.605118,44.605118,42.717619,43.534595,502600,0.000,0.0,-,61.842530,47.722164,44.946466,44.082066,535068.0
10/22/2025,44.971354,45.544178,44.285844,44.436092,511600,0.000,0.0,-,61.976398,47.828820,45.084976,44.163764,543660.0
10/21/2025,44.576946,45.431486,44.351571,44.980740,378500,0.000,0.0,-,62.112794,47.871188,45.251658,44.207899,545336.0
10/20/2025,44.332793,45.403316,44.314012,44.661465,389500,0.000,0.0,-,62.232898,47.897648,45.375614,44.261425,551126.0
10/17/2025,44.445481,44.886835,43.844483,44.238888,406800,0.000,0.0,-,62.363735,47.997742,45.554034,44.398527,559134.0
10/16/2025,43.506430,44.839886,42.708231,44.436092,942500,0.000,0.0,-,62.496046,48.083438,45.707570,44.607936,569902.0
10/15/2025,44.370354,44.755367,43.553377,43.572159,453300,0.000,0.0,-,62.624858,48.132866,45.903363,44.764758,568888.0
10/14/2025,42.830306,44.351574,42.830306,44.154373,403300,0.000,0.0,-,62.761782,48.202545,46.134840,45.041779,596362.0
10/13/2025,43.384348,44.088640,43.149584,43.797531,591800,0.000,0.0,-,62.890220,48.216180,46.357396,45.246493,622378.0
10/10/2025,44.605119,44.905616,42.642493,43.008724,497800,0.000,0.0,-,63.016925,48.177504,46.609532,45.469049,656090.0
10/09/2025,44.821102,44.839883,44.126203,44.351574,394900,0.000,0.0,-,63.149630,48.424161,46.944305,45.810865,661462.0
10/08/2025,45.628689,45.844671,44.248276,44.877445,471700,0.000,0.0,-,63.277905,48.655292,47.267810,46.006189,665564.0
10/07/2025,46.201509,46.445661,45.300017,45.515999,383800,0.000,0.0,-,63.408211,48.893368,47.425571,46.295418,665172.0
10/06/2025,46.671040,46.821289,45.825889,46.032482,585700,0.000,0.0,-,63.545833,49.124061,47.660335,46.489803,665474.0
10/03/2025,46.004313,47.037272,45.675642,46.332981,567900,0.000,0.0,-,63.674704,49.324918,47.856598,46.709542,662738.0
10/02/2025,46.276634,46.783724,45.431486,46.004311,373800,0.000,0.0,-,63.823958,49.502488,48.075398,46.807204,659262.0
10/01/2025,45.778937,46.502010,45.065257,46.342369,475100,0.000,0.0,-,63.974948,49.691091,48.386695,47.041968,659030.0
09/30/2025,45.731988,46.239078,45.234286,46.201515,616600,0.000,0.0,-,64.117713,49.868473,48.636484,47.227901,655618.0
09/29/2025,46.708604,46.708604,45.628689,46.023090,486200,0.000,0.0,-,64.272925,50.008174,48.854303,47.468299,651734.0
09/26/2025,46.483232,46.793122,46.004316,46.426888,543400,0.000,0.0,-,64.422038,50.139926,49.117734,47.750015,647672.0
09/25/2025,47.891811,48.314387,46.248465,46.304810,542600,0.000,0.0,-,64.566003,50.281994,49.322427,48.077745,646028.0
09/24/2025,47.516188,48.492806,47.215691,47.769733,476800,0.000,0.0,-,64.705678,50.412384,49.563876,48.529431,640820.0
09/23/2025,48.643054,49.159534,47.243864,47.459846,457000,0.000,0.0,-,64.842793,50.527037,49.665665,48.555725,640064.0
09/22/2025,47.037273,48.267437,46.530183,48.229874,457900,0.000,0.0,-,64.974788,50.662749,49.868404,48.830868,638388.0
09/19/2025,48.483420,48.520979,47.206304,47.309601,1440400,0.000,0.0,-,65.102525,50.783990,50.039144,49.003654,634536.0
09/18/2025,48.483419,49.262833,47.985717,48.351952,403300,0.000,0.0,-,65.223658,50.961534,50.172300,49.343592,612264.0
09/17/2025,48.830867,51.234850,48.126576,48.201702,598900,0.000,0.0,-,65.337766,51.119346,50.271451,49.731422,609616.0
09/16/2025,48.896600,49.347346,48.248653,48.605492,473200,0.000,0.0,-,65.452942,51.296139,50.418520,50.045066,605848.0
09/15/2025,50.004686,50.004686,48.567932,48.840256,762600,0.000,0.0,-,65.571135,51.443306,50.445083,50.240307,605882.0
09/12/2025,50.718367,50.812275,49.685408,49.704189,332000,0.000,0.0,-,65.672095,51.606399,50.377239,50.485452,595952.0
09/11/2025,48.530370,50.943741,48.304995,50.821663,688900,0.000,0.0,-,65.758530,51.758158,50.320072,50.567108,599684.0
09/10/2025,49.629064,50.154936,47.657049,48.032673,668300,0.000,0.0,-,65.836292,51.894627,50.222358,50.598321,597130.0
09/09/2025,50.633853,50.633853,49.751142,50.211281,516500,0.000,0.0,-,65.925051,52.050836,50.148450,50.775606,595756.0
09/08/2025,50.708977,50.708977,48.483417,49.957733,661700,0.000,0.0,-,66.006591,52.147497,49.953071,50.905941,598134.0
09/05/2025,52.145734,53.732739,50.098593,50.708981,751000,0.000,0.0,-,66.088582,52.240868,49.938494,51.074634,593358.0
09/04/2025,51.338144,52.446230,50.859228,52.230247,383400,0.600,0.0,-,66.177568,52.314385,49.829230,51.001008,591778.0
09/03/2025,50.437150,51.486764,50.269955,51.338146,416600,0.000,0.0,-,66.268246,52.385342,49.563092,50.811481,592630.0
09/02/2025,51.087354,51.328856,50.307110,50.557903,523300,0.000,0.0,-,66.360392,52.473398,49.348989,50.791975,593506.0
08/29/2025,50.762256,51.821157,50.474307,51.291706,344500,0.000,0.0,-,66.472678,52.568885,49.062900,50.649859,600232.0
08/28/2025,51.440318,51.700398,49.898409,50.520744,428600,0.000,0.0,-,66.577712,52.661399,48.591502,50.269025,599330.0
08/27/2025,49.805521,51.393876,49.666194,51.133793,395800,0.000,0.0,-,66.691227,52.778250,48.832542,50.073036,600086.0
08/26/2025,51.347432,52.118388,49.796236,49.805523,379900,0.000,0.0,-,66.811975,52.877266,49.071259,49.846394,603598.0
08/25/2025,51.598227,52.062657,50.790119,51.514629,394400,0.000,0.0,-,66.909016,53.005635,49.420047,49.521293,605674.0
08/22/2025,50.297823,52.006927,50.084182,51.644669,759900,0.000,0.0,-,66.997331,53.115426,49.696847,49.000202,605722.0
08/21/2025,49.991295,50.557901,48.820932,49.972717,397100,0.000,0.0,-,67.080141,53.221316,49.918381,48.802355,599990.0
08/20/2025,51.198817,51.774714,50.307112,50.334976,514100,0.000,0.0,-,67.187596,53.384239,50.180319,48.657453,598420.0
08/19/2025,49.127455,51.440321,49.127455,51.143085,998000,0.000,0.0,-,67.303855,53.544374,50.435291,48.314703,597082.0
08/18/2025,47.678434,49.805523,47.427641,49.136745,569100,0.000,0.0,-,67.430090,53.687790,50.638712,47.906004,585686.0
08/15/2025,48.867376,49.099591,46.443048,47.483372,425100,0.000,0.0,-,67.544629,53.875792,50.841203,47.475941,582334.0
08/14/2025,48.532987,49.062438,47.827055,48.560852,615700,0.000,0.0,-,67.658996,54.099805,51.097569,46.913979,584094.0
08/13/2025,46.285142,48.969550,46.275852,48.867374,932200,0.000,0.0,-,67.801318,54.302084,51.346039,47.592048,581776.0
08/12/2025,46.591667,47.557684,45.857866,46.554512,595400,0.000,0.0,-,67.952722,54.502466,51.543887,48.296124,574168.0
08/11/2025,49.452560,49.721927,46.201547,46.303719,668000,0.000,0.0,-,68.114647,54.762354,51.891280,49.318800,572512.0
08/08/2025,48.885952,50.112048,48.022111,49.666195,789900,0.000,0.0,-,68.277735,55.036275,52.288368,50.393492,566256.0
08/07/2025,50.028451,50.418571,47.873494,48.523697,945200,0.000,0.0,-,68.427413,55.224729,52.519655,51.034406,560590.0
08/06/2025,47.093247,47.381192,45.895016,46.907475,891800,0.000,0.0,-,68.588111,55.453515,52.902810,51.703186,551996.0
08/05/2025,45.021891,47.056095,43.962990,47.056095,1827000,0.000,0.0,-,68.756345,55.712784,53.369562,52.555880,547044.0
08/04/2025,42.272459,44.984734,40.999920,44.836117,1704100,0.000,0.0,-,68.923383,56.000733,53.868825,53.371420,522596.0
08/01/2025,51.876877,53.325901,41.863758,41.863758,2277400,0.000,0.0,-,69.100886,56.337498,54.425213,54.206466,502264.0
07/31/2025,55.564462,56.196088,54.691334,55.341537,766400,0.000,0.0,-,69.288714,56.806214,55.181770,55.281158,465490.0
07/30/2025,56.799847,57.013485,55.870987,55.908138,600000,0.000,0.0,-,69.402303,57.013287,55.279300,55.100031,460998.0
07/29/2025,56.948468,57.087795,56.196089,56.781273,452100,0.000,0.0,-,69.516825,57.215469,55.366149,54.791649,457446.0
07/28/2025,56.279684,57.264277,55.387978,57.050636,398900,0.000,0.0,-,69.619632,57.385835,55.319241,54.463760,461164.0
07/25/2025,55.555177,56.465460,54.942128,56.075336,448900,0.000,0.0,-,69.719959,57.530387,55.218924,54.183244,464372.0
07/24/2025,55.025725,56.001028,54.895682,55.211494,394100,0.000,0.0,-,69.831150,57.684508,55.146473,54.004903,469446.0
07/23/2025,55.731653,55.731653,54.802792,55.434418,362200,0.000,0.0,-,69.941035,57.850018,55.105139,54.102433,473564.0
07/22/2025,53.455948,55.545885,53.251601,55.211494,304500,0.000,0.0,-,70.050485,57.954390,55.122323,54.183244,473922.0
07/21/2025,52.768592,53.223732,52.350604,53.186577,422400,0.000,0.0,-,70.165496,58.071134,55.148795,54.366230,482982.0
07/18/2025,53.502385,53.864644,52.397042,52.610680,283100,0.000,0.0,-,70.298752,58.207950,55.256079,54.643959,484700.0
07/17/2025,52.647840,53.846071,52.647840,53.530258,461200,0.000,0.0,-,70.430214,58.358124,55.421416,55.082381,493008.0
07/16/2025,53.660298,54.068996,52.397047,52.824322,282200,0.000,0.0,-,70.555355,58.479970,55.563067,55.458570,496468.0
07/15/2025,54.598440,54.812078,53.493097,53.502384,439000,0.000,0.0,-,70.685387,58.654210,55.726082,55.940649,498224.0
07/14/2025,53.994687,54.421962,53.493101,54.245480,373200,0.000,0.0,-,70.811983,58.799064,55.862160,56.174723,504932.0
07/11/2025,55.536597,55.852410,54.134015,54.291924,265300,0.000,0.0,-,70.953461,58.910469,56.000096,56.254604,521462.0
07/10/2025,56.149643,57.162101,55.917428,56.186798,326800,0.000,0.0,-,71.098700,59.061798,56.132459,56.288043,554584.0
07/09/2025,56.976328,57.357161,55.638770,56.242527,270900,0.000,0.0,-,71.236142,59.384829,56.229060,56.107844,559188.0
07/08/2025,55.954582,57.905188,55.778096,57.041348,410500,0.000,0.0,-,71.361421,59.713738,56.334022,56.061401,561018.0
07/07/2025,56.818421,57.589378,55.796676,55.963871,474900,0.000,0.0,-,71.480121,60.012133,56.397649,55.931361,559640.0
07/03/2025,57.747279,58.081669,56.911306,56.994904,266100,0.000,0.0,-,71.601486,60.345879,56.526296,55.868198,556466.0
07/02/2025,57.765858,57.858747,56.623360,57.292141,518600,0.000,0.0,-,71.717877,60.652563,56.610752,55.760451,557338.0
07/01/2025,55.583042,58.796901,55.230074,57.645115,561200,0.000,0.0,-,71.824526,60.920363,56.679887,55.667565,552476.0
06/30/2025,55.257941,55.945296,54.700622,55.843121,599600,0.000,0.0,-,71.926915,61.219932,56.741954,55.511515,552532.0
06/27/2025,55.016432,56.038181,54.654176,55.044296,635400,0.000,0.0,-,72.042850,61.628781,56.927244,55.549598,546474.0
06/26/2025,54.700619,55.118607,54.180459,54.626312,422900,0.000,0.0,-,72.160875,62.060599,57.175018,55.745588,539690.0
06/25/2025,55.620194,55.666637,53.753182,54.384808,672000,0.000,0.0,-,72.281216,62.534453,57.398147,55.976875,537144.0
06/24/2025,55.954585,56.140354,55.304382,55.778099,426000,0.000,0.0,-,72.411202,63.013320,57.677055,56.350277,532068.0
06/23/2025,55.406553,56.056753,54.774927,55.740940,460400,0.000,0.0,-,72.544110,63.423469,57.881698,56.606643,530924.0
06/20/2025,56.158931,56.604783,54.886392,55.332245,859600,0.000,0.0,-,72.680404,63.854236,58.167328,56.863937,531072.0
06/18/2025,56.307551,57.310722,55.861698,55.917431,299400,0.000,0.0,-,72.827304,64.191230,58.484433,57.184394,524772.0
06/17/2025,55.768811,57.487202,55.768811,56.363281,466400,0.000,0.0,-,72.967131,64.567125,58.953540,57.461054,527892.0
06/16/2025,56.771977,57.059925,55.508725,56.084621,571400,0.000,0.0,-,73.099367,64.997590,59.420136,57.692209,527940.0
06/13/2025,55.880272,57.162101,55.536594,56.223949,483700,0.000,0.0,-,73.237998,65.491962,59.916767,57.972392,523444.0
06/12/2025,56.316841,57.189969,55.387980,57.004196,396800,0.000,0.0,-,73.378862,66.010415,60.370547,58.304890,519256.0
06/11/2025,58.267446,58.601837,56.288971,56.939175,473300,0.000,0.0,-,73.515555,66.525041,60.734250,58.604448,516276.0
06/10/2025,58.657569,59.558565,57.858748,58.118828,318600,0.000,0.0,-,73.648561,67.028269,61.076361,58.819419,514420.0
06/09/2025,58.806189,59.214887,57.868038,58.341759,447200,0.000,0.0,-,73.775399,67.486743,61.344767,59.003833,515062.0
06/06/2025,59.409945,59.456391,57.645111,58.313889,428200,0.600,0.0,-,73.898599,67.965416,61.460332,59.156754,512770.0
06/05/2025,59.088874,59.088874,58.058359,58.536812,401500,0.000,0.0,-,74.027436,68.437101,61.597072,59.470718,511712.0
06/04/2025,58.656427,59.199283,58.352792,58.684029,513100,0.000,0.0,-,74.153896,68.885927,61.671600,59.784472,509838.0
06/03/2025,58.886458,59.337305,58.039967,58.674835,499800,0.000,0.0,-,74.281513,69.350210,61.743368,60.446025,508792.0
06/02/2025,59.364901,59.374104,58.131969,58.886452,551800,0.000,0.0,-,74.401019,69.770328,61.790753,61.148063,547532.0
05/30/2025,59.926169,60.340218,58.895660,59.548931,512600,0.000,0.0,-,74.522217,70.201119,61.923247,61.861142,546622.0
05/29/2025,59.006064,60.239003,58.877254,59.999775,355200,0.000,0.0,-,74.632711,70.681964,61.983054,62.436205,544492.0
05/28/2025,60.119387,60.487429,58.886455,59.088879,506600,0.000,0.0,-,74.746269,71.144590,61.973853,62.864051,543890.0
05/27/2025,60.588643,60.616245,59.116483,59.962975,515500,0.000,0.0,-,74.869158,71.587343,62.112328,63.333303,548016.0
05/23/2025,60.745053,61.195908,59.650138,59.870960,644200,0.000,0.0,-,74.983891,72.026231,62.731096,63.685701,545362.0
05/22/2025,61.269509,62.401236,60.505830,61.453533,604600,0.000,0.0,-,75.105167,72.435492,63.371946,63.763910,538878.0
05/21/2025,64.499064,64.701487,61.628354,61.674355,687500,0.000,0.0,-,75.215692,72.808869,63.897324,63.723425,538794.0
05/20/2025,65.787213,66.210458,65.060332,65.299561,438700,0.000,0.0,-,75.338272,73.213102,64.446165,63.558727,536968.0
05/19/2025,65.253554,66.458891,64.857910,65.695206,541800,0.000,0.0,-,75.450477,73.628901,64.797643,63.040710,545414.0
05/16/2025,65.501988,66.072446,65.023532,66.017242,422400,0.000,0.0,-,75.584903,73.966425,65.046990,62.433443,546302.0
05/15/2025,63.937808,65.492781,63.753791,65.299561,638000,0.000,0.0,-,75.719792,74.227876,65.377305,61.985353,543922.0
05/14/2025,63.532965,64.581879,62.392035,64.278244,559300,0.000,0.0,-,75.846192,74.494725,65.926606,61.529903,539788.0
05/13/2025,63.146519,63.901002,62.171215,63.781391,702600,0.000,0.0,-,75.983782,74.775604,66.544454,61.083654,536954.0
05/12/2025,61.950395,63.624978,61.867582,63.486961,600000,0.000,0.0,-,76.117908,75.071171,67.271334,60.891353,533232.0
05/09/2025,60.919876,61.858383,60.570240,60.653046,380100,0.000,0.0,-,76.247332,75.409180,68.013395,61.776490,530174.0
05/08/2025,59.788153,61.977991,59.171680,61.048687,757500,0.000,0.0,-,76.395748,75.803318,68.795021,62.979983,530260.0
05/07/2025,60.285001,61.002686,59.521323,60.027374,508300,0.000,0.0,-,76.542952,76.176385,69.606550,64.071223,522352.0
05/06/2025,58.776046,60.404625,58.665631,60.119389,698500,0.000,0.0,-,76.694992,76.579382,70.214277,65.333602,523330.0
05/05/2025,60.772662,61.637552,59.475316,59.622536,634200,0.000,0.0,-,76.841795,76.940148,70.943917,66.554576,516070.0
05/02/2025,61.407529,62.447248,60.772664,61.536343,370000,0.000,0.0,-,77.001672,77.298424,71.857117,67.660537,509502.0
05/01/2025,59.613336,61.490343,57.966355,60.745056,774400,0.000,0.0,-,77.144860,77.650955,72.820463,68.769258,509468.0
04/30/2025,62.189609,62.244819,57.966349,59.815754,1199700,0.000,0.0,-,77.274114,78.023880,73.890540,70.323309,500486.0
04/29/2025,60.220598,65.143143,56.623007,61.858383,1921400,0.000,0.0,-,77.391251,78.414843,75.036525,72.005254,485022.0
04/28/2025,73.332037,73.681680,70.948979,72.338333,557000,0.000,0.0,-,77.489161,78.780306,76.048636,73.651315,457916.0
04/25/2025,72.503956,72.881193,71.436635,72.687973,362400,0.000,0.0,-,77.512681,78.910218,76.483844,74.250299,460728.0
04/24/2025,72.043903,72.605165,71.243413,71.961090,341600,0.000,0.0,-,77.540851,79.011388,76.963216,74.610059,466490.0
04/23/2025,73.424050,74.022109,72.181908,72.651161,316200,0.000,0.0,-,77.582074,79.134589,77.460070,75.141877,477376.0
04/22/2025,71.620650,72.503953,70.718956,72.329132,309700,0.000,0.0,-,77.620162,79.159736,77.876416,75.094952,491272.0
04/21/2025,72.126702,72.126702,69.826450,70.682144,275500,0.000,0.0,-,77.666170,78.985169,78.354868,75.333257,498530.0
04/17/2025,76.175140,76.175140,72.329118,72.623550,564000,0.000,0.0,-,77.719195,78.876987,78.804798,76.053697,503866.0
04/16/2025,76.460383,77.233271,75.595493,76.285568,296700,0.000,0.0,-,77.761658,78.781881,79.194921,76.871667,500274.0
04/15/2025,77.454097,78.070563,76.267166,76.635208,296200,0.000,0.0,-,77.791263,78.636929,79.560201,77.457771,500528.0
04/14/2025,78.687020,79.147070,77.546097,78.318985,295600,0.000,0.0,-,77.820066,78.460859,79.884996,78.067796,502270.0
04/11/2025,75.954324,78.374186,75.181435,78.328178,418200,0.000,0.0,-,77.840495,78.265369,80.030373,78.445957,506172.0
04/10/2025,75.531079,76.929636,74.334952,76.285568,368800,0.000,0.0,-,77.868855,78.067868,80.209332,78.717389,505600.0
04/09/2025,71.593050,78.668628,71.593050,77.279274,467800,0.000,0.0,-,77.911439,77.978291,80.411755,79.316373,505726.0
04/08/2025,76.184360,76.184360,71.749474,72.181915,544600,0.000,0.0,-,77.950451,77.894976,80.553910,79.778264,502038.0
04/07/2025,75.595484,78.199364,73.387241,74.712181,455400,0.000,0.0,-,78.013192,77.918359,81.039115,80.657880,498256.0
04/04/2025,78.871051,79.901559,76.708815,77.886543,468800,0.000,0.0,-,78.060218,77.855864,81.607982,81.376479,494504.0
04/03/2025,79.772738,81.070083,77.987747,80.803253,346600,0.000,0.0,-,78.097050,77.745782,81.842223,81.555898,492376.0
04/02/2025,81.760158,82.247810,80.840057,82.146599,274300,0.000,0.0,-,78.111547,77.575356,81.756550,81.518175,490964.0
04/01/2025,81.999382,83.223111,81.309306,82.735458,247800,0.000,0.0,-,78.119824,77.403466,81.581321,81.662631,493316.0
03/31/2025,80.886068,83.388737,80.536426,82.100601,380500,0.000,0.0,-,78.133267,77.152909,81.360657,81.702197,496762.0
03/28/2025,81.861385,82.625071,80.499633,81.042496,350700,0.000,0.0,-,78.147497,76.950322,81.183616,81.614788,497334.0
03/27/2025,82.082193,83.370336,82.045388,82.275414,332600,0.000,0.0,-,78.164043,76.740569,81.150861,81.701276,495694.0
03/26/2025,81.254103,82.441034,80.334002,81.898178,375300,0.000,0.0,-,78.190106,76.495558,81.055089,81.507136,494454.0
03/25/2025,81.622141,82.459436,80.398405,80.978073,307800,0.000,0.0,-,78.213054,76.266864,80.945281,81.329556,495040.0
03/24/2025,80.011969,82.082195,79.772740,81.898178,460800,0.000,0.0,-,78.233571,76.024040,80.905238,81.420351,496512.0
03/21/2025,79.772741,79.984368,77.362082,79.680733,2436800,0.000,0.0,-,78.248413,75.770856,80.718214,81.839484,493234.0
03/20/2025,82.707864,83.158711,79.883155,80.426018,506300,0.000,0.0,-,78.279671,75.575545,80.610993,82.128548,449362.0
03/19/2025,83.361138,83.839595,82.017792,83.591164,406100,0.000,0.0,-,78.301739,75.373187,80.547836,81.994926,447934.0
03/18/2025,81.180509,83.177127,79.625536,83.131119,325100,0.000,0.0,-,78.304667,75.135672,80.337845,81.500011,447398.0
03/17/2025,80.269603,81.870584,79.294299,81.226509,712900,0.000,0.0,-,78.316703,74.853077,80.149485,81.019117,446546.0
03/14/2025,80.472016,82.026989,80.048771,81.907372,382800,0.000,0.0,-,78.347891,74.645127,80.094736,80.752444,438100.0
03/13/2025,80.315616,81.695767,78.208584,80.334015,320000,0.600,0.0,-,78.387004,74.421000,79.941063,80.600446,436682.0
03/12/2025,81.621022,81.621022,78.587191,80.122383,600400,0.000,0.0,-,78.448002,74.218289,79.811686,80.603042,435154.0
03/11/2025,85.723993,85.723993,81.721532,81.886017,596200,0.000,0.0,-,78.508894,74.034980,79.711625,80.561006,427960.0
03/10/2025,82.525677,87.706953,82.068775,86.089516,861000,0.000,0.0,-,78.563744,73.794101,79.312749,80.390125,418484.0
03/07/2025,79.016674,83.128794,78.806496,82.571373,586200,0.000,0.0,-,78.601518,73.455080,78.188313,79.596944,407122.0
03/06/2025,78.148566,79.391341,77.591151,79.089790,303400,0.000,0.0,-,78.655360,73.194646,77.323396,79.093437,421918.0
03/05/2025,77.974940,79.272541,76.467161,78.642014,431300,0.000,0.0,-,78.731177,73.012981,76.762320,79.100747,426884.0
03/04/2025,77.965799,79.181160,77.216479,78.322182,417600,0.000,0.0,-,78.806412,72.858914,76.282116,79.175680,431542.0
03/03/2025,80.186355,80.369113,77.024592,78.559784,516500,0.000,0.0,-,78.874917,72.753278,75.757593,79.279853,433074.0
02/28/2025,80.250318,80.981365,78.907024,80.387390,447100,0.000,0.0,-,78.949936,72.618218,75.256827,79.437027,437412.0
02/27/2025,79.564958,81.365154,78.578047,80.359970,384400,0.000,0.0,-,79.018908,72.534148,74.660113,79.281679,437146.0
02/26/2025,79.930477,80.780316,79.144605,79.702026,362100,0.000,0.0,-,79.085687,72.450991,74.232453,79.020331,438238.0
02/25/2025,78.587190,80.661523,78.587190,80.177208,557200,0.000,0.0,-,79.153607,72.354859,73.903026,78.862243,440916.0
02/24/2025,77.545452,78.833913,76.467163,78.157700,335500,0.000,0.0,-,79.225063,72.296193,73.561720,78.235373,436574.0
02/21/2025,79.555815,80.085824,76.266121,77.536308,305800,0.000,0.0,-,79.294300,72.249954,73.233207,76.779682,439582.0
02/20/2025,79.007542,79.546691,78.148564,79.162888,368300,0.000,0.0,-,79.367361,72.203624,72.975514,75.553356,443958.0
02/19/2025,78.431852,79.930491,78.112021,79.391342,325300,0.000,0.0,-,79.433587,72.105165,72.631466,74.423893,445032.0
02/18/2025,80.021855,80.433064,78.440970,79.363914,426500,0.000,0.0,-,79.503732,72.021189,72.339505,73.388552,447084.0
02/14/2025,80.113243,80.588425,78.623744,80.131523,566100,0.000,0.0,-,79.567879,71.911089,71.881689,72.235332,446180.0
02/13/2025,79.217711,79.391329,75.452834,78.833908,697600,0.000,0.0,-,79.633965,71.784004,71.473676,71.076628,444414.0
02/12/2025,77.435793,78.495810,76.540269,77.746490,650500,0.000,0.0,-,79.706315,71.638053,71.059723,70.038548,434908.0
02/11/2025,74.146099,78.203393,73.954201,78.121147,885900,0.000,0.0,-,79.805419,71.506592,70.673640,69.444574,429616.0
02/10/2025,66.945322,75.407147,65.940139,73.908508,1011000,0.000,0.0,-,79.905292,71.368908,70.290756,68.943809,418206.0
02/07/2025,64.724771,64.971495,62.860609,63.600788,672600,0.000,0.0,-,80.022333,71.335618,70.037176,68.888066,405848.0
02/06/2025,68.379985,68.379985,64.532869,65.273048,542300,0.000,0.0,-,80.192524,71.444249,70.319086,69.686732,399796.0
02/05/2025,69.613626,69.613626,67.740324,67.868256,384400,0.000,0.0,-,80.351398,71.478609,70.551193,70.397672,393664.0
02/04/2025,67.749466,69.403450,67.740326,69.037933,309400,0.000,0.0,-,80.490355,71.448726,70.673186,70.839040,391980.0
02/03/2025,67.393089,68.635864,66.479285,67.831718,383300,0.000,0.0,-,80.618760,71.383656,70.807059,71.290459,391392.0
01/31/2025,68.462233,69.622769,67.959645,68.544479,490700,0.000,0.0,-,80.749167,71.357407,70.865541,71.528046,394790.0
01/30/2025,72.062635,72.062635,67.786029,68.453110,389600,0.000,0.0,-,80.877711,71.313637,70.979767,71.870724,391332.0
01/29/2025,73.332807,73.433326,71.678823,71.806755,375100,0.000,0.0,-,81.009802,71.314698,71.092164,72.080898,389196.0
01/28/2025,73.232287,74.072985,72.537794,73.113495,283400,0.000,0.0,-,81.127230,71.285883,71.011750,71.902706,387790.0
01/27/2025,72.300212,73.817124,71.422961,73.351082,355500,0.000,0.0,-,81.231272,71.218958,70.903922,71.637704,390362.0
01/24/2025,72.071770,72.291082,71.075720,71.587448,267800,0.000,0.0,-,81.350159,71.212239,70.728471,71.186286,391240.0
01/23/2025,72.099169,72.939868,71.422956,72.382446,362400,0.000,0.0,-,81.475088,71.226459,70.606022,70.951439,393944.0
01/22/2025,73.214013,73.497291,72.080891,72.281929,276000,0.000,0.0,-,81.586995,71.243287,70.464383,70.704713,394220.0
01/21/2025,70.819850,73.917647,70.819850,73.552124,391900,0.000,0.0,-,81.698553,71.303314,70.350614,70.507333,402376.0
01/17/2025,73.040388,73.387631,69.997418,70.207596,420100,0.000,0.0,-,81.811912,71.216548,70.219940,70.323659,403312.0
01/16/2025,70.938649,72.766258,70.225882,71.971252,409100,0.000,0.0,-,81.940292,71.195946,70.361580,70.203036,404284.0
01/15/2025,71.322447,71.678830,70.308124,70.554848,268700,0.000,0.0,-,82.061913,71.120656,70.353355,70.088810,408426.0
01/14/2025,70.682782,71.112271,69.028798,70.024841,270600,0.000,0.0,-,82.200021,71.138835,70.634807,70.103431,413594.0
01/13/2025,68.836899,70.783301,68.425683,70.463470,404600,0.000,0.0,-,82.336121,71.210073,70.943673,70.120793,417708.0
01/10/2025,67.996208,69.074491,67.256021,68.836906,381400,0.000,0.0,-,82.456862,71.328606,71.165269,70.170139,421570.0
01/08/2025,69.430881,69.659332,68.370864,69.238976,296900,0.000,0.0,-,82.586004,71.392756,71.585619,70.270657,438092.0
01/07/2025,70.627958,71.587449,69.549668,69.915192,243200,0.000,0.0,-,82.710359,71.415115,71.915959,70.260605,447820.0
01/06/2025,71.578308,72.537799,70.070530,70.308121,434900,0.000,0.0,-,82.821749,71.557315,72.181189,70.224052,446430.0
01/03/2025,69.010518,71.952970,68.581035,71.715385,379300,0.000,0.0,-,82.923696,71.734116,72.377780,70.193896,441726.0
01/02/2025,71.505195,71.779340,68.562744,69.001373,282500,0.000,0.0,-,83.011038,71.878598,72.551639,70.116221,440668.0
12/31/2024,71.221923,72.144861,70.271566,70.828987,290600,0.000,0.0,-,83.109039,72.076997,72.794516,70.520123,439976.0
12/30/2024,69.659321,71.368131,68.535338,70.701057,311900,0.000,0.0,-,83.195617,72.252453,72.941929,70.617900,440810.0
12/27/2024,70.353809,71.560030,69.714148,70.198463,243600,0.000,0.0,-,83.282253,72.451697,72.983693,71.166183,440668.0
12/26/2024,69.357774,71.413834,69.101910,70.956932,240700,0.000,0.0,-,83.370462,72.658815,73.032443,71.766552,440518.0
12/24/2024,68.836896,70.006564,68.644997,69.842079,122400,0.000,0.0,-,83.464552,72.848950,73.046444,72.160400,439824.0
12/23/2024,69.540528,70.362953,68.708969,69.138458,292900,0.000,0.0,-,83.566948,73.058841,73.166540,72.900581,440174.0
12/20/2024,69.312069,71.313303,69.165864,69.549660,1326000,0.000,0.0,-,83.673578,73.264660,73.161235,73.571313,437890.0
12/19/2024,71.550893,72.364178,69.266382,70.006561,551700,0.000,0.0,-,83.775421,73.434855,73.033304,74.138326,414858.0
12/18/2024,73.140909,73.862815,70.883811,70.938637,664200,0.000,0.0,-,83.879368,73.610974,72.851682,74.561665,406208.0
12/17/2024,71.422967,73.807990,71.148823,73.040398,494200,0.000,0.0,-,83.950217,73.739056,72.593970,74.987057,395854.0
12/16/2024,76.421463,76.421463,71.167088,71.806755,733400,0.000,0.0,-,84.024846,73.820566,72.267915,75.068908,389100.0
12/13/2024,75.991986,76.704752,75.196973,76.183884,433800,0.000,0.0,-,84.122517,73.950701,71.995376,75.265958,378416.0
12/12/2024,74.703517,76.256982,74.274028,76.202156,439000,0.000,0.0,-,84.194740,73.970793,71.611489,74.801204,372736.0
12/11/2024,78.112004,78.112004,74.831443,74.895409,496000,0.000,0.0,-,84.260194,73.993242,71.319682,74.298335,367850.0
12/10/2024,76.494577,78.194254,74.383691,77.243896,340100,0.600,0.0,-,84.319049,74.059607,71.063272,73.932489,364062.0
12/09/2024,75.464738,77.696562,75.464738,75.845779,485900,0.000,0.0,-,84.370079,74.111482,70.851836,73.432499,361290.0
12/06/2024,75.074617,76.362905,74.140155,75.219780,524600,0.000,0.0,-,84.429258,74.172630,70.674470,72.751157,355934.0
12/05/2024,74.992968,75.446591,73.722822,74.239952,422000,0.000,0.0,-,84.487471,74.239404,70.574672,71.928282,348874.0
12/04/2024,74.040359,75.682472,73.514154,75.192558,427900,0.000,0.0,-,84.544662,74.331217,70.626839,71.141698,344834.0
12/03/2024,73.940558,74.212735,72.851866,73.858910,381300,0.000,0.0,-,84.602209,74.403797,70.327901,70.200884,342152.0
12/02/2024,71.799455,74.249017,69.903314,73.777252,477800,0.000,0.0,-,84.662107,74.577444,70.093832,69.466922,338948.0
11/29/2024,71.200670,72.089767,70.910351,71.536346,222300,0.000,0.0,-,84.714889,74.768691,69.815307,68.724794,343544.0
11/27/2024,71.735957,72.289378,70.992015,71.173462,385900,0.000,0.0,-,84.768815,75.011470,69.811678,68.421774,344060.0
11/26/2024,71.735942,72.352869,70.420438,71.236954,315400,0.000,0.0,-,84.823799,75.213967,69.932342,68.341029,341176.0
11/25/2024,69.277304,72.969795,69.277304,72.243996,393100,0.000,0.0,-,84.891909,75.404852,70.190001,68.194056,338136.0
11/22/2024,67.290445,69.277317,67.254155,69.032356,370000,0.000,0.0,-,84.959704,75.564709,70.180021,68.271174,336724.0
11/21/2024,66.845880,67.617037,65.802546,66.991035,235700,0.000,0.0,-,85.043467,75.789525,70.246250,68.597783,332204.0
11/20/2024,65.339848,66.845880,65.040462,66.374115,300200,0.000,0.0,-,85.211825,76.022143,70.747958,69.221062,331762.0
11/19/2024,66.011228,66.365053,65.049542,65.784416,280000,0.000,0.0,-,85.384737,76.257120,71.386660,70.111980,329886.0
11/18/2024,66.401348,66.927545,65.485027,66.519287,553200,0.000,0.0,-,85.555968,76.522036,72.044413,70.454919,328092.0
11/15/2024,69.195650,69.531333,65.993073,66.355972,317800,0.000,0.0,-,85.729935,76.764634,72.664515,70.720741,322994.0
11/14/2024,70.311567,70.674467,68.079743,68.506149,282800,0.000,0.0,-,85.905921,77.011405,73.326805,70.905820,321558.0
11/13/2024,70.130126,71.182528,69.576705,70.366005,304800,0.000,0.0,-,86.073960,77.248922,73.934661,71.201582,320734.0
11/12/2024,72.561547,72.997021,69.721862,69.767227,412000,0.000,0.0,-,86.234080,77.488797,74.444080,71.523656,318540.0
11/11/2024,72.307517,73.976854,71.654306,73.015175,399400,0.000,0.0,-,86.396615,77.753447,74.978902,72.185945,315456.0
11/08/2024,73.169402,73.423430,70.311575,72.298447,403000,0.000,0.0,-,86.541797,77.987387,75.344976,72.088869,312814.0
11/07/2024,75.092748,75.092748,73.042377,73.223824,376200,0.000,0.0,-,86.681927,78.219077,75.701523,71.894717,308028.0
11/06/2024,72.634130,75.764134,72.634130,75.283295,683800,0.000,0.0,-,86.838576,78.410810,75.943304,72.274855,303648.0
11/05/2024,68.959778,69.567632,67.744065,69.213806,438700,0.000,0.0,-,86.973353,78.581361,76.119763,72.661340,292602.0
11/04/2024,68.605951,70.075685,68.360990,69.177513,468700,0.000,0.0,-,87.138521,78.885020,76.526209,73.633907,286608.0
11/01/2024,71.409334,71.463767,67.426524,68.206757,616200,0.000,0.0,-,87.303604,79.188322,76.923130,74.608289,283126.0
10/31/2024,73.441565,76.027221,71.409335,71.463768,527100,0.000,0.0,-,87.479417,79.494997,77.428466,75.747791,273018.0
10/30/2024,76.045383,77.959673,73.441583,73.586746,476300,0.000,0.0,-,87.643976,79.735449,77.714703,76.667741,265554.0
10/29/2024,72.053486,76.626007,71.109949,76.390121,597700,0.000,0.0,-,87.794536,79.923348,77.901595,77.364504,259016.0
10/28/2024,71.046435,72.652264,70.356933,72.044411,1207500,0.000,0.0,-,87.932504,80.077171,77.992773,77.771858,249664.0
10/25/2024,76.979826,76.979826,70.311569,70.356934,783300,0.000,0.0,-,88.092112,80.312861,78.382435,78.601083,227908.0
10/24/2024,79.257025,79.374964,76.979835,77.025200,173700,0.000,0.0,-,88.259177,80.589871,78.809748,79.508328,215268.0
10/23/2024,78.803389,80.527158,78.395131,79.148140,199700,0.000,0.0,-,88.396418,80.700890,78.886410,79.611753,214690.0
10/22/2024,78.159251,79.021132,76.000001,78.939484,326400,0.000,0.0,-,88.524247,80.780445,78.870534,79.578187,213646.0
10/21/2024,79.819512,80.490872,78.903191,78.921333,247900,0.000,0.0,-,88.642211,80.834611,78.864637,79.418511,210164.0
10/18/2024,80.835631,81.198531,78.730821,79.601776,332300,0.000,0.0,-,88.766188,80.910410,79.045633,79.237970,208446.0
10/17/2024,80.481808,81.461636,78.640099,80.663261,304800,0.000,0.0,-,88.880262,80.991708,79.232525,79.109141,204776.0
10/16/2024,80.817485,82.033191,80.391078,80.554382,236100,0.000,0.0,-,89.005635,81.036635,79.383128,78.761665,202194.0
10/15/2024,80.572526,82.033193,79.619922,80.463661,206000,0.000,0.0,-,89.124696,81.108073,79.420324,78.438685,202844.0
10/14/2024,79.474767,80.763055,79.184448,80.336655,139900,0.000,0.0,-,89.239091,81.169970,79.436201,78.213687,204052.0
10/11/2024,78.386056,79.474748,78.386056,79.429390,178700,0.000,0.0,-,89.353141,81.287043,79.431211,78.163787,206002.0
10/10/2024,77.923360,78.676376,77.614900,78.059448,174400,0.000,0.0,-,89.479252,81.453265,79.473399,78.111167,209122.0
10/09/2024,77.043343,78.930417,76.689517,78.812477,119200,0.000,0.0,-,89.610387,81.743685,79.501524,78.161067,213366.0
10/08/2024,77.696553,77.696553,76.616928,77.342728,146500,0.000,0.0,-,89.733884,82.027335,79.467048,78.162881,216422.0
10/07/2024,77.723774,78.195546,76.852819,77.115921,156500,0.000,0.0,-,89.861746,82.292072,79.551422,78.310763,216854.0
10/04/2024,77.932442,79.030209,77.723773,78.313484,199200,0.000,0.0,-,90.001472,82.585679,79.628084,78.853296,217642.0
10/03/2024,77.233858,77.932441,76.435484,77.188499,149800,0.000,0.0,-,90.127464,82.831542,79.647136,79.355910,219388.0
10/02/2024,77.814492,78.376987,77.233855,77.324585,194700,0.000,0.0,-,90.252269,83.075209,79.806811,80.004591,219200.0
10/01/2024,79.293309,79.674351,77.696554,78.213684,306600,0.000,0.0,-,90.388548,83.335441,80.058571,80.401964,219054.0
09/30/2024,78.785245,80.372926,78.658231,79.837654,201500,0.000,0.0,-,90.522517,83.580956,80.297873,80.658715,215766.0
09/27/2024,79.356814,80.908204,78.794319,78.903191,218100,0.000,0.0,-,90.639552,83.792910,80.541598,80.698634,215884.0
09/26/2024,79.338681,79.774162,78.313495,78.558449,171600,0.000,0.0,-,90.764644,84.004446,80.790587,80.835630,214146.0
09/25/2024,79.293310,79.810440,78.313482,78.830612,220000,0.000,0.0,-,90.893818,84.265237,81.003187,80.841980,216032.0
09/24/2024,82.260012,82.260012,78.767116,78.821548,293800,0.000,0.0,-,91.020518,84.492104,81.252200,80.771215,216886.0
09/23/2024,83.394059,83.820466,82.260001,82.541252,221100,0.000,0.0,-,91.146462,84.647590,81.530959,80.792081,215362.0
09/20/2024,83.956550,84.101706,82.377944,83.339622,707600,0.000,0.0,-,91.249179,84.661627,81.621027,80.402872,214706.0
09/19/2024,82.904144,83.702525,81.579565,83.675308,248100,0.000,0.0,-,91.355204,84.623644,81.631071,79.938362,205432.0
09/18/2024,80.817478,82.904139,80.509010,81.298317,241700,0.000,0.0,-,91.451003,84.490982,81.621626,79.609031,203672.0
09/17/2024,80.744906,81.742875,80.427371,80.781197,163400,0.000,0.0,-,91.548359,84.431456,81.705794,79.715179,202424.0
09/16/2024,80.799335,82.577537,79.365892,80.236847,322500,0.000,0.0,-,91.641480,84.419947,81.870798,79.937030,201624.0
09/13/2024,78.694534,80.799345,78.513088,80.273148,144000,0.000,0.0,-,91.739803,84.420586,82.050401,80.384561,197248.0
09/12/2024,78.694523,78.694523,77.778209,78.621948,213600,0.000,0.0,-,91.841664,84.445735,82.247116,80.745544,195788.0
09/11/2024,78.576586,78.694526,76.916324,78.122963,206400,0.000,0.0,-,91.952535,84.499042,82.444824,81.164394,193466.0
09/10/2024,78.721738,79.928376,78.576582,79.030205,190300,0.000,0.0,-,92.064617,84.558903,82.694971,81.733185,192846.0
09/09/2024,78.594723,79.320522,77.905221,78.649162,298300,0.000,0.0,-,92.170922,84.622430,82.825850,82.269836,200004.0
09/06/2024,80.708614,81.325542,78.594729,78.694527,246000,0.000,0.0,-,92.278335,84.697364,83.028957,82.839183,197196.0
09/05/2024,82.459590,82.523097,80.291273,80.381996,241600,0.600,0.0,-,92.381844,84.771571,83.277564,83.323779,195912.0
09/04/2024,82.738341,83.170956,81.791985,82.359795,195100,0.000,0.0,-,92.469475,84.843934,83.403943,83.634220,196908.0
09/03/2024,84.090276,85.442210,82.612162,82.999710,257800,0.000,0.0,-,92.553374,84.892784,83.492270,83.696410,197924.0
08/30/2024,83.900997,84.748211,83.459367,84.712158,267300,0.000,0.0,-,92.632301,84.934423,83.520210,83.804565,201112.0
08/29/2024,83.504433,84.405722,81.945200,83.882973,163700,0.000,0.0,-,92.686321,84.934784,83.594116,83.716241,200094.0
08/28/2024,83.639639,84.694146,82.621178,82.810448,157200,0.000,0.0,-,92.747943,84.939471,83.786992,83.748688,202204.0
08/27/2024,84.279549,84.531909,83.702725,83.810875,131500,0.000,0.0,-,92.808947,84.988321,84.275491,83.725254,202498.0
08/26/2024,84.901441,85.487280,84.279556,84.396721,139000,0.000,0.0,-,92.863443,84.986158,84.734698,83.656758,203996.0
08/23/2024,83.964089,85.568382,83.756789,84.342628,294600,0.000,0.0,-,92.916250,84.974261,85.043840,83.381864,204870.0
08/22/2024,83.720744,84.198426,82.999710,83.540489,110800,0.000,0.0,-,92.968221,84.995892,85.416523,83.218731,202008.0
08/21/2024,83.756794,83.891989,82.936618,83.486404,153900,0.000,0.0,-,93.031333,85.024012,85.769829,83.231349,203208.0
08/20/2024,83.522462,83.756799,82.116453,82.981689,149400,0.000,0.0,-,93.090286,85.041317,86.064101,83.173666,204920.0
08/19/2024,83.819894,84.270538,83.513459,84.081268,130100,0.000,0.0,-,93.135950,85.131446,86.431827,83.288130,205312.0
08/16/2024,84.099293,84.504878,83.279124,83.828911,119700,0.000,0.0,-,93.184355,85.179575,86.752235,83.235854,207204.0
08/15/2024,83.765813,84.919462,83.053794,84.207443,151300,0.000,0.0,-,93.192606,85.204626,87.082557,83.471991,208588.0
08/14/2024,83.207010,83.207010,81.584687,82.576111,144800,0.000,0.0,-,93.194934,85.217808,87.346184,83.825297,208308.0
08/13/2024,81.764967,83.207028,81.233202,83.125916,147500,0.000,0.0,-,93.216891,85.284933,87.797279,84.825728,209044.0
08/12/2024,82.485981,82.485981,81.251219,81.647781,152300,0.000,0.0,-,93.223342,85.319208,88.149682,85.812637,210850.0
08/09/2024,83.459368,83.459368,82.377824,82.711296,162000,0.000,0.0,-,93.246042,85.369789,88.397086,86.705815,212910.0
08/08/2024,83.702724,84.685126,82.440918,83.666672,148800,0.000,0.0,-,93.265684,85.426328,88.423674,87.614316,213796.0
08/07/2024,85.090701,85.982975,82.657217,82.909576,175700,0.000,0.0,-,93.282720,85.502275,88.312365,88.308309,215332.0
08/06/2024,83.468390,84.486845,81.990277,84.126328,268600,0.000,0.0,-,93.311558,85.638685,88.018996,88.954535,216688.0
08/05/2024,84.117312,84.820316,82.251643,83.558510,266400,0.000,0.0,-,93.334179,85.806831,87.728781,89.575524,214592.0
08/02/2024,84.090279,86.929334,83.684694,86.190277,237400,0.000,0.0,-,93.366683,85.981675,87.561142,90.268616,211596.0
08/01/2024,90.462399,92.346090,84.757236,87.740501,334700,0.000,0.0,-,93.385673,86.114991,87.265068,90.693124,209874.0
07/31/2024,92.724624,94.545232,92.310032,92.580421,386600,0.000,0.0,-,93.384864,86.233066,86.954574,90.867071,209276.0
07/30/2024,91.156380,93.770120,90.741788,92.995010,272000,0.000,0.0,-,93.355293,86.248252,86.389916,90.768830,204948.0
07/29/2024,91.931493,91.931493,90.444365,90.579559,168100,0.000,0.0,-,93.325288,86.273418,85.795967,90.486726,202244.0
07/26/2024,91.480853,91.931498,90.273129,91.796303,195900,0.000,0.0,-,93.308424,86.335608,85.377318,90.088356,204778.0
07/25/2024,89.750384,91.733217,89.750384,90.606606,286500,0.000,0.0,-,93.285919,86.340143,84.907296,89.233031,204398.0
07/24/2024,90.155951,91.030203,89.218609,89.371834,140400,0.000,0.0,-,93.264932,86.399284,84.497208,88.316420,202596.0
07/23/2024,90.219048,91.183427,89.398878,90.336220,187400,0.000,0.0,-,93.243653,86.495481,84.228624,87.083456,202842.0
07/22/2024,89.993721,90.949093,89.209604,90.489433,142200,0.000,0.0,-,93.224816,86.563075,83.951928,85.882038,202610.0
07/19/2024,89.768396,90.462393,89.029340,90.435349,207400,0.000,0.0,-,93.197151,86.619006,83.681540,84.853667,203886.0
07/18/2024,90.732764,92.391139,89.452935,89.479973,131200,0.000,0.0,-,93.174186,86.699665,83.396283,83.837012,205506.0
07/17/2024,89.741361,92.021622,89.669257,91.598015,265900,0.000,0.0,-,93.159099,86.750169,83.128151,83.042077,206728.0
07/16/2024,87.352934,90.444356,86.658944,90.173973,262700,0.000,0.0,-,93.134042,86.761178,82.810896,82.011002,207526.0
07/15/2024,83.973101,86.694998,83.783831,86.595856,217600,0.000,0.0,-,93.111586,86.805862,82.487334,81.105207,209720.0
07/12/2024,81.918161,83.828897,81.404427,83.243057,188300,0.000,0.0,-,93.093335,86.942352,82.347635,80.666280,214856.0
07/11/2024,77.853357,81.918173,77.628034,81.440491,243900,0.000,0.0,-,93.096852,87.121356,82.456691,80.581560,221576.0
07/10/2024,78.610439,78.979964,76.645629,77.042198,160100,0.000,0.0,-,93.111376,87.359520,82.631992,80.677997,225240.0
07/09/2024,79.691993,80.367960,78.249932,78.322037,179300,0.000,0.0,-,93.150062,87.684754,82.997464,81.373792,230340.0
07/08/2024,80.908723,81.197136,79.646924,80.205719,123400,0.000,0.0,-,93.182127,88.069660,83.455769,82.021817,231430.0
07/05/2024,81.305290,82.395849,79.755072,80.268806,103700,0.000,0.0,-,93.205526,88.427463,83.769868,82.509414,233352.0
07/03/2024,81.287272,82.314741,80.881687,81.530617,71000,0.000,0.0,-,93.232464,88.768418,84.010502,82.955553,235280.0
07/02/2024,81.386412,81.701862,80.881685,81.287270,97500,0.000,0.0,-,93.259604,89.090587,84.177297,83.214224,238504.0
07/01/2024,82.008294,82.774389,81.052930,81.116020,175400,0.000,0.0,-,93.287429,89.405799,84.409552,83.610790,241146.0
06/28/2024,83.026758,83.026758,80.872677,82.206581,548200,0.000,0.0,-,93.308403,89.696669,84.595734,83.869460,242622.0
06/27/2024,82.639211,83.198006,81.864101,82.395859,157900,0.000,0.0,-,93.325696,89.946919,84.694246,84.028989,235528.0
06/26/2024,83.630615,83.910013,82.377824,82.404861,181800,0.000,0.0,-,93.345453,90.177262,84.851367,84.331822,236952.0
06/25/2024,84.802292,84.802292,83.161946,84.000145,291400,0.000,0.0,-,93.363261,90.414231,85.104324,84.585986,237406.0
06/24/2024,85.370108,85.883843,84.405729,84.802292,245900,0.000,0.0,-,93.377433,90.631655,85.390822,84.621136,235176.0
06/21/2024,84.847351,85.811730,84.279541,85.081688,417200,0.000,0.0,-,93.392334,90.841456,85.777387,84.889720,233662.0
06/20/2024,83.396283,85.865813,83.396283,84.730194,216400,0.000,0.0,-,93.410594,91.018260,86.138340,85.030322,230354.0
06/18/2024,85.532356,85.532356,83.964115,84.117332,269200,0.000,0.0,-,93.436029,91.266226,86.544632,85.065451,230776.0
06/17/2024,83.558509,85.766671,83.369239,85.252930,171900,0.000,0.0,-,93.461710,91.515342,87.020979,85.140370,230214.0
06/14/2024,82.918597,84.243493,82.918597,83.702721,206400,0.000,0.0,-,93.481889,91.705561,87.425319,85.208315,232276.0
06/13/2024,84.883417,84.883417,82.449938,83.801872,182700,0.000,0.0,-,93.502420,91.923380,87.952849,85.322007,232996.0
06/12/2024,86.136206,86.280416,85.018609,85.424187,151500,0.000,0.0,-,93.529986,92.171820,88.447208,85.359503,233918.0
06/11/2024,84.126326,85.216892,83.369247,84.946503,170800,0.000,0.0,-,93.547326,92.381006,88.777151,85.370912,238906.0
06/10/2024,86.794146,86.794146,83.621604,84.351646,239500,0.000,0.0,-,93.562959,92.607986,89.208008,85.622662,242350.0
06/07/2024,86.586840,87.758518,86.172247,87.488129,169000,0.600,0.0,-,93.575886,92.884482,89.699510,86.160507,246626.0
06/06/2024,85.260620,86.550407,84.991910,86.487709,224700,0.000,0.0,-,93.578415,93.079618,90.010900,86.665054,249556.0
06/05/2024,84.982956,85.314363,83.657340,85.081482,188900,0.000,0.0,-,93.586474,93.242095,90.350814,87.246357,252506.0
06/04/2024,85.556201,85.762213,84.660512,84.866524,137300,0.000,0.0,-,93.601608,93.433773,90.820155,88.023813,257620.0
06/03/2024,85.681581,87.186332,85.403913,85.932373,181600,0.000,0.0,-,93.623191,93.618643,91.177086,88.901587,262022.0
05/31/2024,84.382842,85.090437,84.185790,84.839645,237800,0.000,0.0,-,93.646138,93.743860,91.487890,89.642323,263044.0
05/30/2024,85.753241,86.219003,83.952912,84.176834,255300,0.000,0.0,-,93.668911,93.861016,91.866319,90.583691,262506.0
05/29/2024,86.505622,87.078862,85.493490,85.538277,206300,0.000,0.0,-,93.697245,93.961154,92.328494,91.534912,262254.0
05/28/2024,89.192684,89.398689,87.365478,87.464005,225600,0.000,0.0,-,93.709655,94.022419,92.661242,92.183390,265956.0
05/24/2024,92.712740,93.088928,89.712184,89.730095,243500,0.000,0.0,-,93.708121,94.036033,92.955476,92.793354,300256.0
05/23/2024,92.730652,93.008314,91.369209,92.533600,163800,0.000,0.0,-,93.691732,94.001997,93.134167,93.238513,303834.0
05/22/2024,92.506740,92.829189,91.960369,92.300735,116600,0.000,0.0,-,93.651594,93.908129,93.385855,93.356745,308844.0
05/21/2024,93.465110,93.465110,91.503556,92.856041,151300,0.000,0.0,-,93.619049,93.857612,93.675610,93.455271,311872.0
05/20/2024,93.268070,94.056280,92.318642,93.644264,304800,0.000,0.0,-,93.569415,93.806917,93.898637,93.616497,315072.0
05/17/2024,94.951980,94.951980,93.303909,93.339737,170200,0.000,0.0,-,93.521256,93.743323,94.098376,93.452586,316360.0
05/16/2024,93.689038,94.414551,93.250153,94.253326,136800,0.000,0.0,-,93.478936,93.674892,94.283783,93.333457,320668.0
05/15/2024,92.300728,94.513073,91.897664,93.689041,294800,0.000,0.0,-,93.438302,93.605745,94.354094,93.148946,331704.0
05/14/2024,94.620555,94.620555,91.915578,92.023056,176900,0.000,0.0,-,93.487999,93.434131,94.405596,93.122076,332392.0
05/13/2024,94.557859,95.561033,93.411379,93.563644,196400,0.000,0.0,-,93.551928,93.352997,94.500092,93.139095,338222.0
05/10/2024,94.136899,94.477265,93.384524,94.181686,152700,0.000,0.0,-,93.614098,93.308540,94.534576,93.117599,340710.0
05/09/2024,93.196425,93.733837,92.345517,93.715919,175800,0.000,0.0,-,93.680754,93.237476,94.569059,93.029820,348830.0
05/08/2024,94.351861,94.387689,92.802323,93.285995,206000,0.000,0.0,-,93.748902,93.149017,94.647879,93.414966,354668.0
05/07/2024,92.605266,94.611607,92.336556,94.468300,288400,0.000,0.0,-,93.815368,93.016627,94.679675,93.895950,356748.0
05/06/2024,92.354468,93.115802,91.808097,92.005150,192300,0.000,0.0,-,93.867246,92.876260,94.812684,94.180777,356548.0
05/03/2024,93.626341,94.584727,91.960359,92.148453,305800,0.000,0.0,-,93.935976,92.789786,95.041085,94.744166,359424.0
05/02/2024,94.047323,94.351854,90.975110,92.408211,372400,0.000,0.0,-,94.005135,92.684064,95.171856,95.234108,360310.0
05/01/2024,93.599477,94.934051,88.726927,93.420341,474400,0.000,0.0,-,94.070088,92.549463,95.281129,95.559242,360166.0
04/30/2024,93.187460,94.163757,91.996192,92.193245,524300,0.000,0.0,-,94.120820,92.415098,95.421304,95.689117,357792.0
04/29/2024,93.939837,94.853444,92.721700,93.348686,427100,0.000,0.0,-,94.168704,92.288001,95.605816,95.861089,359496.0
04/26/2024,95.587911,95.928270,92.327604,93.303902,415100,0.000,0.0,-,94.204159,92.107702,95.753157,95.951553,360452.0
04/25/2024,97.871906,97.970432,96.125316,97.567375,233800,0.000,0.0,-,94.236316,91.888056,95.996784,96.108298,360486.0
04/24/2024,97.092666,98.203318,96.573165,98.095833,219500,0.000,0.0,-,94.255699,91.580112,95.980662,95.880792,363502.0
04/23/2024,97.836075,98.346617,97.020995,97.316574,200100,0.000,0.0,-,94.271251,91.315376,95.806450,95.463400,369934.0
04/22/2024,97.029969,98.212278,97.029969,97.639038,232200,0.000,0.0,-,94.287924,91.085101,95.673888,95.444591,378256.0
04/19/2024,95.740170,97.191188,95.238586,97.047874,229600,0.000,0.0,-,94.310868,90.848020,95.497437,95.338004,402164.0
04/18/2024,94.719078,96.411929,94.396629,95.659554,249200,0.000,0.0,-,94.339587,90.920317,95.254706,95.109603,402854.0
04/17/2024,94.504122,95.095273,93.921923,94.719086,193500,0.000,0.0,-,94.388019,91.026257,95.006600,95.003016,401516.0
04/16/2024,93.966717,94.504129,93.393470,93.912971,229100,0.000,0.0,-,94.438336,91.132487,94.729832,95.153492,401156.0
04/15/2024,95.462505,95.650599,93.975658,94.253326,204500,0.000,0.0,-,94.485592,91.280481,94.464260,95.350543,400062.0
04/12/2024,94.889263,95.632680,94.522027,94.871346,179900,0.000,0.0,-,94.521369,91.426476,94.158830,95.554761,401352.0
04/11/2024,94.190627,95.677467,94.190627,95.292320,170200,0.000,0.0,-,94.563040,91.571329,93.816677,95.885271,403382.0
04/10/2024,95.471451,95.623723,93.366584,93.921913,251800,0.000,0.0,-,94.603003,91.713282,93.444072,96.080531,407846.0
04/09/2024,96.617937,97.513625,96.528362,97.128479,237500,0.000,0.0,-,94.645942,91.880329,93.236721,96.149500,408690.0
04/08/2024,95.157976,96.841875,94.987800,96.573166,241100,0.000,0.0,-,94.697203,91.978793,92.896360,95.903186,410040.0
04/05/2024,94.468291,95.193797,93.760696,94.763870,275000,0.000,0.0,-,94.744283,92.053818,92.590930,95.656871,409966.0
04/04/2024,97.298658,97.683805,94.477244,94.593681,242400,0.000,0.0,-,94.795608,92.249611,92.348646,95.399809,408194.0
04/03/2024,95.041538,96.600034,94.817615,96.223846,228800,0.000,0.0,-,94.850118,92.402510,92.158760,95.010184,408668.0
04/02/2024,95.390852,96.877699,95.122143,95.883484,400900,0.000,0.0,-,94.893615,92.522984,91.602985,94.306173,408102.0
04/01/2024,98.006264,98.006264,96.044710,96.295502,343000,0.000,0.0,-,94.929213,92.649197,91.207129,93.577978,404096.0
03/28/2024,97.262839,99.170660,97.235969,98.176445,453300,0.000,0.0,-,95.005779,92.790675,90.959393,92.762900,400438.0
03/27/2024,95.516247,97.316583,95.166929,97.244926,315500,0.000,0.0,-,95.073424,92.914655,90.581996,91.748084,394108.0
03/26/2024,95.569982,95.569982,93.303890,94.611595,372200,0.000,0.0,-,95.146652,93.043733,90.184399,90.807612,390252.0
03/25/2024,93.635301,94.969875,93.151628,94.665344,444600,0.000,0.0,-,95.226969,93.231175,89.787142,90.323942,385102.0
03/22/2024,92.865009,94.835522,92.524650,94.110016,357400,0.000,0.0,-,95.299442,93.417186,89.426373,89.889533,379124.0
03/21/2024,91.225899,93.017277,90.903451,92.193245,232700,0.000,0.0,-,95.357383,93.610387,89.104945,89.524989,374118.0
03/20/2024,89.273292,91.127368,88.950844,90.697441,210900,0.000,0.0,-,95.414345,93.855990,88.838400,89.297484,372308.0
03/19/2024,88.494054,89.479310,88.055161,89.183731,242700,0.000,0.0,-,95.479400,94.136318,88.587436,89.307336,372014.0
03/18/2024,87.911855,89.165820,87.553578,88.601532,391400,0.000,0.0,-,95.528704,94.403292,88.463354,88.899797,370438.0
03/15/2024,87.526695,89.353900,87.526695,88.144722,1940600,0.000,0.0,-,95.571013,94.705594,88.325198,88.836280,366376.0
03/14/2024,87.911853,88.126816,86.514574,88.028290,422400,0.000,0.0,-,95.614159,94.991033,88.134649,89.155885,331590.0
03/13/2024,89.291221,90.240649,87.723765,87.840202,414300,0.000,0.0,-,95.658151,95.345222,87.849313,89.415907,327522.0
03/12/2024,89.810716,89.909243,88.646325,89.774895,268000,0.000,0.0,-,95.703170,95.675749,87.565812,89.561185,323766.0
03/11/2024,90.500400,91.252776,89.398700,90.321259,311300,0.000,0.0,-,95.743732,95.947105,87.320020,89.250343,322158.0
03/08/2024,90.455610,91.602091,90.357084,90.464569,369200,0.000,0.0,-,95.786910,96.203615,87.094097,88.963213,320512.0
03/07/2024,91.028850,91.834971,89.613667,89.918198,385600,0.000,0.0,-,95.831695,96.487354,86.860120,88.684901,316414.0
03/06/2024,89.013542,93.035189,88.565697,90.795967,688600,0.570,0.0,-,95.869525,96.774718,87.397346,88.379315,312272.0
03/05/2024,87.725962,88.206751,84.716589,85.108337,329200,0.000,0.0,-,95.901431,97.029035,87.905374,87.867536,303144.0
03/04/2024,91.483233,91.527753,87.806099,87.966362,468400,0.000,0.0,-,95.957962,97.385175,88.651486,88.026910,301642.0
03/01/2024,90.299069,92.142089,90.049773,91.340775,320800,0.000,0.0,-,95.994242,97.727068,89.318802,87.814117,298024.0
02/29/2024,89.622419,90.993549,89.506669,90.628510,558700,0.000,0.0,-,96.024389,97.970489,89.829417,87.113413,296498.0
02/28/2024,86.328124,89.453247,86.328124,89.292984,467700,0.000,0.0,-,96.059981,98.200911,90.403691,86.282718,301258.0
02/27/2024,87.610239,87.752691,86.515108,86.666466,310000,0.000,0.0,-,96.101901,98.506657,91.058542,85.570438,297346.0
02/26/2024,87.343115,87.921842,86.710969,87.449959,278400,0.000,0.0,-,96.167561,98.873480,91.838931,85.389697,296626.0
02/23/2024,86.889042,88.429346,86.889042,87.681458,336100,0.000,0.0,-,96.233292,99.189375,92.569017,85.224982,295878.0
02/22/2024,85.785015,87.610231,85.099450,86.862335,350100,0.000,0.0,-,96.301154,99.514173,93.201164,85.035338,293530.0
02/21/2024,86.800010,86.800010,85.117253,85.678177,365200,0.000,0.0,-,96.383148,99.864792,94.085724,86.415376,293112.0
02/20/2024,85.241910,86.817829,85.046032,86.702080,355700,0.000,0.0,-,96.469486,100.234643,94.913747,87.943212,289276.0
02/16/2024,84.565227,86.960258,83.568035,85.838425,609500,0.000,0.0,-,96.568587,100.580809,95.691021,89.276061,285488.0
02/15/2024,82.837956,84.529618,82.143486,84.333740,474900,0.000,0.0,-,96.667536,100.925730,96.508805,90.823487,276560.0
02/14/2024,82.535238,83.176289,81.306560,82.321556,416800,0.000,0.0,-,96.784572,101.329948,97.460587,92.545420,270968.0
02/13/2024,83.799527,83.924175,81.778434,82.170189,384600,0.000,0.0,-,96.909741,101.740221,98.563283,94.524664,265664.0
02/12/2024,85.704881,87.031498,84.378258,84.859047,541100,0.000,0.0,-,97.033649,102.112209,99.639714,96.546645,263152.0
02/09/2024,85.651446,85.954168,82.989309,85.802811,616200,0.000,0.0,-,97.134339,102.403134,100.595947,98.288166,255338.0
02/08/2024,92.053069,92.293467,80.843592,85.785019,1427600,0.000,0.0,-,97.231757,102.685105,101.504102,99.913053,245862.0
02/07/2024,100.956536,101.757851,100.110708,100.662720,264100,0.000,0.0,-,97.340923,102.982316,102.403354,101.366990,220168.0
02/06/2024,99.772371,101.392804,99.772371,100.956535,182300,0.000,0.0,-,97.406296,102.984984,102.593888,101.756072,216466.0
02/05/2024,100.903115,100.903115,99.647721,100.030571,175500,0.000,0.0,-,97.464676,102.976638,102.781752,101.884283,215492.0
02/02/2024,100.538078,102.229740,100.003871,101.312683,174400,0.000,0.0,-,97.524531,102.981850,102.906846,102.105981,214324.0
02/01/2024,102.167412,102.167412,100.164130,101.553070,269000,0.000,0.0,-,97.578939,102.958231,103.027042,102.194124,214520.0
01/31/2024,102.390004,103.681006,101.553075,102.113998,281400,0.000,0.0,-,97.627850,102.915099,103.070224,102.375755,213864.0
01/30/2024,101.446233,102.487938,100.912019,102.389999,393400,0.000,0.0,-,97.658747,102.830982,103.251410,102.601902,211898.0
01/29/2024,101.944823,102.443415,100.849692,102.274254,294000,0.000,0.0,-,97.692646,102.765972,103.350238,102.732783,208920.0
01/26/2024,100.938747,102.683828,100.938747,102.051682,305000,0.000,0.0,-,97.718051,102.696191,103.403659,102.903728,208058.0
01/25/2024,104.366566,104.366566,99.674430,100.324387,237400,0.000,0.0,-,97.741325,102.565483,103.458414,103.095152,205948.0
01/24/2024,103.191312,104.598063,102.381092,104.553543,186400,0.000,0.0,-,97.773148,102.483140,103.674769,103.439717,204724.0
01/23/2024,103.075562,104.241922,101.633203,102.238640,266100,0.000,0.0,-,97.779179,102.292295,103.661414,103.431703,204324.0
01/22/2024,102.835184,103.698822,101.909221,102.247551,200500,0.000,0.0,-,97.791305,102.141725,103.725073,103.679221,201274.0
01/19/2024,103.850162,103.850162,101.677711,102.194115,200600,0.000,0.0,-,97.802115,101.995936,103.758460,103.707712,199840.0
01/18/2024,103.511836,103.805646,102.211929,103.369377,160100,0.000,0.0,-,97.822004,101.846788,103.901807,103.859961,199890.0
01/17/2024,102.888587,104.615864,102.888587,104.375473,136800,0.000,0.0,-,97.837944,101.702660,103.908929,103.764694,202660.0
01/16/2024,103.164599,104.206305,102.799554,103.698807,122700,0.000,0.0,-,97.836274,101.520692,103.797636,103.900918,205686.0
01/12/2024,104.517919,105.506205,103.271430,103.983711,114700,0.000,0.0,-,97.835007,101.289005,103.841708,103.967694,212702.0
01/11/2024,103.360475,104.366572,102.051669,103.965912,145700,0.000,0.0,-,97.829466,101.084574,103.892904,103.903590,223164.0
01/10/2024,104.295344,104.455607,103.342672,103.770042,107100,0.000,0.0,-,97.823444,100.714839,103.856844,103.821677,230822.0
01/09/2024,103.556347,104.500120,103.031045,104.473404,142200,0.000,0.0,-,97.811914,100.332899,103.864411,103.909821,232478.0
01/08/2024,102.523559,104.918590,102.479039,104.713814,196200,0.000,0.0,-,97.791695,99.982780,103.860405,103.891124,234376.0
01/05/2024,103.039961,104.010437,102.220836,102.532463,163900,0.000,0.0,-,97.778515,99.576826,103.833249,103.770926,236426.0
01/04/2024,102.746130,103.716606,102.220822,103.716606,188300,0.000,0.0,-,97.791057,99.249934,103.907147,103.809209,237080.0
01/03/2024,105.969196,105.969196,102.354386,102.416710,201300,0.000,0.0,-,97.792199,98.908396,103.875540,103.943652,236076.0
01/02/2024,103.609778,105.906871,103.609778,105.737709,219000,0.000,0.0,-,97.790066,98.601537,103.981937,104.053165,237134.0
12/29/2023,103.547451,105.221303,103.547451,104.366570,226500,0.000,0.0,-,97.783031,98.260327,103.836810,103.694354,239048.0
12/28/2023,102.692717,103.957016,102.568069,103.342674,187600,0.000,0.0,-,97.773866,97.946008,103.656960,103.715723,237808.0
12/27/2023,104.651472,104.820640,103.066654,103.146782,229000,0.000,0.0,-,97.778237,97.680339,103.460092,103.882217,238278.0
12/26/2023,104.446699,104.882974,103.965910,104.651482,164300,0.000,0.0,-,97.775873,97.417169,103.297822,103.892010,238096.0
12/22/2023,104.170688,104.945293,103.520731,104.286430,178500,0.000,0.0,-,97.772296,97.075714,103.097525,103.819001,238012.0
12/21/2023,103.102274,103.609772,102.514641,103.511833,232200,0.000,0.0,-,97.781942,96.723311,102.923011,103.829686,238776.0
12/20/2023,104.713797,106.182872,102.755035,102.915291,254100,0.000,0.0,-,97.800326,96.392955,102.774381,103.895572,236406.0
12/19/2023,104.019337,105.800033,104.019337,105.061043,287500,0.000,0.0,-,97.824137,96.078782,102.643176,104.005085,234494.0
12/18/2023,103.280341,104.544633,101.971529,103.511833,244500,0.000,0.0,-,97.840668,95.723466,102.396709,103.807428,231738.0
12/15/2023,104.660385,105.132269,101.766755,102.149605,796700,0.000,0.0,-,97.861671,95.381416,102.190940,103.910709,230986.0
12/14/2023,106.076038,106.316436,103.155698,104.580254,272100,0.000,0.0,-,97.892278,95.040743,101.978868,103.979266,220630.0
12/13/2023,102.532449,105.061033,102.007140,105.007614,274000,0.000,0.0,-,97.910253,94.680515,101.706831,103.598198,218808.0
12/12/2023,104.215195,104.215195,102.487919,103.244713,241000,0.000,0.0,-,97.926832,94.279492,101.395710,103.037967,216880.0
12/11/2023,104.482311,105.328145,103.850165,103.921394,218700,0.000,0.0,-,97.945941,93.931446,101.009288,102.703635,215280.0
12/08/2023,104.411084,105.087750,103.716614,104.393280,329200,0.000,0.0,-,97.959222,93.582268,100.623580,102.376049,218018.0
12/07/2023,103.787843,104.562448,102.781752,104.170692,173400,0.000,0.0,-,97.977869,93.226133,100.154482,102.016336,216010.0
12/06/2023,103.200209,104.161779,102.407793,104.010422,166300,0.000,0.0,-,98.000379,92.856378,99.681452,101.653190,216064.0
12/05/2023,104.500129,104.500129,102.701623,103.084473,163100,0.000,0.0,-,98.022817,92.435080,99.228838,101.281266,215874.0
12/04/2023,102.799559,105.185691,102.799559,104.544640,195300,0.000,0.0,-,98.055559,92.052322,98.811450,100.985991,217680.0
12/01/2023,100.689433,103.013241,100.689433,102.835175,151600,0.570,0.0,-,98.070481,91.648334,98.392366,100.471172,217966.0
11/30/2023,99.458462,101.044200,98.926932,100.769577,259000,0.000,0.0,-,98.080901,91.287217,98.014460,99.978470,219440.0
11/29/2023,100.238039,100.920169,99.059809,99.405304,150400,0.000,0.0,-,98.097414,90.966525,97.581704,99.815465,217808.0
11/28/2023,100.388630,100.929021,99.715355,99.901390,142400,0.000,0.0,-,98.118785,90.676132,97.299549,99.753453,218218.0
11/27/2023,100.220310,101.859205,100.131723,100.645538,142900,0.000,0.0,-,98.134314,90.391231,96.578438,99.314941,219146.0
11/24/2023,100.273480,101.336541,99.963415,100.796150,79000,0.000,0.0,-,98.140143,90.117492,95.779811,98.871111,226044.0
11/22/2023,100.964459,101.292232,99.883676,100.539230,133600,0.000,0.0,-,98.124094,89.838615,95.088377,98.292627,229446.0
11/21/2023,99.635630,100.627818,99.050941,100.291183,117100,0.000,0.0,-,98.116269,89.534047,94.282220,97.709715,232968.0
11/20/2023,98.980073,101.141631,98.439682,100.131721,184200,0.000,0.0,-,98.103661,89.241528,93.577055,97.176411,236370.0
11/17/2023,98.342254,99.679937,97.155162,99.396454,236200,0.000,0.0,-,98.097350,88.965840,92.902453,96.636909,238852.0
11/16/2023,99.520462,99.706505,97.296893,97.908150,183100,0.000,0.0,-,98.097421,88.697239,92.286319,96.313559,238800.0
11/15/2023,99.024357,100.344325,98.776310,99.139526,244500,0.000,0.0,-,98.089789,88.475767,91.824773,96.050451,244038.0
11/14/2023,96.933681,98.980083,96.845094,98.785187,250900,0.000,0.0,-,98.076610,88.248626,91.300328,95.347944,243614.0
11/13/2023,96.242692,96.933683,95.507405,95.516266,199500,0.000,0.0,-,98.057435,88.047598,90.864029,94.845645,242940.0
11/10/2023,95.277068,96.667910,94.240576,96.207245,176200,0.000,0.0,-,98.053861,87.933616,90.587631,93.841935,243040.0
11/09/2023,95.436535,95.782030,94.382328,95.011307,166400,0.000,0.0,-,98.059665,87.794539,90.156205,92.688512,245032.0
11/08/2023,95.117613,95.241636,94.329175,94.710106,113600,0.000,0.0,-,98.068350,87.680087,89.738952,91.884127,246012.0
11/07/2023,94.763249,95.401088,94.222858,94.958145,128800,0.000,0.0,-,98.096523,87.542063,89.353149,90.854726,248502.0
11/06/2023,94.098863,96.189555,93.168679,94.736702,203100,0.000,0.0,-,98.124199,87.429202,88.965574,89.977700,249220.0
11/03/2023,97.137430,97.137430,94.550644,96.162956,298600,0.000,0.0,-,98.148791,87.312314,88.593501,89.167998,248736.0
11/02/2023,93.735622,95.684576,93.700186,95.277069,288100,0.000,0.0,-,98.155384,87.150518,88.105820,88.259080,246888.0
11/01/2023,93.487576,94.462049,90.121212,92.114456,473500,0.000,0.0,-,98.163351,86.983714,87.597765,87.599095,244842.0
10/31/2023,91.937276,98.670010,91.512054,93.762199,637800,0.000,0.0,-,98.193198,86.901303,87.320483,87.252711,240494.0
10/30/2023,85.310850,87.454693,84.983070,85.479164,528600,0.000,0.0,-,98.225500,86.788050,86.880198,86.882412,232750.0
10/27/2023,86.427063,87.250937,84.442679,84.673012,189900,0.000,0.0,-,98.297253,86.840635,86.898360,87.333327,227172.0
10/26/2023,84.752745,87.906505,84.752745,86.967461,237100,0.000,0.0,-,98.372687,86.930834,86.987834,87.623898,235392.0
10/25/2023,85.434870,85.913249,84.176906,84.416100,298700,0.000,0.0,-,98.423992,87.001921,86.968788,87.593777,236334.0
10/24/2023,87.020617,87.702746,85.186832,86.187881,196600,0.000,0.0,-,98.482205,87.101487,87.032129,87.851571,237246.0
10/23/2023,86.781417,87.941926,86.568806,86.639679,138100,0.000,0.0,-,98.545351,87.174601,86.870011,87.953448,239852.0
10/20/2023,88.916422,88.916422,86.896595,87.073776,254200,0.000,0.0,-,98.593100,87.202213,86.735356,88.019005,247932.0
10/19/2023,88.198844,90.271821,87.809058,88.677223,314700,0.000,0.0,-,98.652908,87.203879,86.598929,87.952561,252864.0
10/18/2023,89.368185,89.625093,88.606322,88.650620,164500,0.000,0.0,-,98.702822,87.159384,86.404034,87.596435,258200.0
10/17/2023,89.846587,91.343737,89.846587,90.059204,211100,0.000,0.0,-,98.755401,87.076488,86.208253,87.388255,262062.0
10/16/2023,88.234262,90.165494,88.012790,89.988319,219900,0.000,0.0,-,98.805214,86.991140,85.949574,86.877984,265834.0
10/13/2023,86.949734,87.596427,86.161296,87.578712,160100,0.000,0.0,-,98.845561,86.849957,85.732975,86.463392,273802.0
10/12/2023,86.852295,87.561000,86.241031,86.666260,216700,0.000,0.0,-,98.906074,86.778634,85.701970,86.351771,280356.0
10/11/2023,87.667309,87.959653,86.551091,86.994034,113700,0.000,0.0,-,98.974423,86.742824,85.711271,86.343798,287240.0
10/10/2023,87.348396,88.136834,86.427073,87.206657,158500,0.000,0.0,-,99.030483,86.725474,85.627112,86.212688,305072.0
10/09/2023,85.930977,87.835634,85.603196,87.295242,149700,0.000,0.0,-,99.098967,87.053910,85.550039,85.786574,306090.0
10/06/2023,84.655282,86.604236,84.655282,86.409340,206900,0.000,0.0,-,99.154307,87.404179,85.502643,85.451707,306364.0
10/05/2023,86.568812,86.825720,85.098238,85.115959,278900,0.000,0.0,-,99.207180,87.795949,85.480497,85.245297,305858.0
10/04/2023,85.142540,86.754852,84.876771,86.568817,181000,0.000,0.0,-,99.273722,88.243886,85.566428,85.211633,304080.0
10/03/2023,85.612051,85.895535,84.469257,84.956497,177600,0.000,0.0,-,99.337582,88.659419,85.627111,85.028252,303664.0
10/02/2023,85.975284,86.427081,85.142548,85.842400,161000,0.000,0.0,-,99.427749,89.091873,85.815973,85.021164,302100.0
09/29/2023,86.958602,87.392685,85.984122,86.462502,355600,0.000,0.0,-,99.520906,89.471904,86.014712,85.002559,302196.0
09/28/2023,85.603198,86.799150,85.488035,86.586533,228800,0.000,0.0,-,99.603193,89.857677,86.154259,85.052170,298408.0
09/27/2023,83.149294,85.700645,83.149294,85.682930,176100,0.000,0.0,-,99.676436,90.245551,86.289366,85.078744,297130.0
09/26/2023,83.698527,84.088312,82.883507,82.945518,156800,0.000,0.0,-,99.753106,90.639870,86.395665,85.041537,297412.0
09/25/2023,83.884567,84.593272,83.415049,83.946579,253400,0.000,0.0,-,99.844337,91.052295,86.714144,85.313505,297332.0
09/22/2023,85.071664,85.558904,84.159202,84.345238,209600,0.000,0.0,-,99.935537,91.408761,86.961430,85.553579,295134.0
09/21/2023,84.185770,85.372861,83.928862,84.779312,225300,0.000,0.0,-,100.029109,91.730653,87.147825,85.715696,294756.0
09/20/2023,85.452582,85.939822,84.646429,84.735016,177400,0.000,0.0,-,100.121384,92.029771,87.255704,85.921223,296294.0
09/19/2023,85.310841,85.815796,84.797025,84.885612,170900,0.000,0.0,-,100.212185,92.363950,87.418649,86.225969,297484.0
09/18/2023,86.816858,87.543285,85.612052,85.656349,188800,0.000,0.0,-,100.302929,92.690361,87.579346,86.610783,297296.0
09/15/2023,86.861162,87.525577,86.365062,86.958611,487800,0.000,0.0,-,100.375348,92.990259,87.701948,87.026865,297774.0
09/14/2023,85.753775,86.887708,85.239960,86.852272,249100,0.000,0.0,-,100.449903,93.295645,87.813166,87.256348,290506.0
09/13/2023,85.346289,85.922117,85.107103,85.310860,309700,0.000,0.0,-,100.529640,93.614432,87.996643,87.499989,287794.0
09/12/2023,86.143579,86.489074,84.088323,85.665199,287200,0.000,0.0,-,100.616780,94.015135,88.200819,87.749792,283062.0
09/11/2023,86.533356,86.701676,85.585458,86.347321,308300,0.000,0.0,-,100.706972,94.397477,88.409738,88.114783,281070.0
09/08/2023,86.994032,87.720459,85.842384,85.966408,233600,0.000,0.0,-,100.791059,94.737814,88.493387,88.369282,277844.0
09/07/2023,87.791338,88.119119,86.055002,86.834579,445000,0.570,0.0,-,100.871662,95.046661,88.552921,88.579955,277308.0
09/06/2023,88.636868,89.359139,87.377295,87.782478,223300,0.000,0.0,-,100.939189,95.374082,88.533814,88.590186,271914.0
09/05/2023,88.945151,89.367940,87.412520,88.733749,217200,0.000,0.0,-,101.004845,95.684130,88.369982,88.611328,270926.0
09/01/2023,89.685045,90.609908,89.605774,89.817169,204500,0.000,0.0,-,101.061703,95.959651,88.222885,88.547910,274854.0
08/31/2023,89.209397,90.697984,89.121317,89.253441,275800,0.000,0.0,-,101.109190,96.310922,87.878485,88.377031,276362.0
08/30/2023,88.258117,89.535309,87.694393,89.288681,215400,0.000,0.0,-,101.161364,96.645633,87.616441,88.369984,274856.0
08/29/2023,88.874690,89.112508,87.324446,87.808899,238100,0.000,0.0,-,101.227354,96.960438,87.395796,88.493298,274556.0
08/28/2023,89.006824,90.010958,89.006824,89.315109,164700,0.000,0.0,-,101.276625,97.314175,87.311678,88.651845,278794.0
08/25/2023,88.390237,89.464837,87.967447,88.892303,178900,0.000,0.0,-,101.330273,97.626337,88.027343,88.704693,281014.0
08/24/2023,86.408387,88.381421,86.073678,88.073135,206200,0.000,0.0,-,101.382253,97.908552,88.823164,88.617492,287814.0
08/23/2023,88.363820,88.363820,86.188194,86.936890,185800,0.000,0.0,-,101.434071,98.379262,89.719398,88.525887,290580.0
08/22/2023,88.099598,88.513585,86.936916,87.993904,256100,0.000,0.0,-,101.496480,98.874635,90.748195,88.477442,292666.0
08/21/2023,87.826512,89.191785,87.764855,88.099564,250600,0.000,0.0,-,101.553431,99.352567,91.715774,88.128635,295028.0
08/18/2023,88.998013,90.037380,88.081960,88.108383,249700,0.000,0.0,-,101.637013,99.804075,92.639753,87.897861,294170.0
08/17/2023,90.169496,90.460161,89.165362,89.182976,600900,0.000,0.0,-,101.709340,100.225107,93.476532,87.379939,293554.0
08/16/2023,89.315094,90.971032,89.182970,90.521812,284200,0.000,0.0,-,101.729013,100.555414,94.304943,86.862898,286666.0
08/15/2023,88.566405,90.002139,88.566405,89.394371,344300,0.000,0.0,-,101.741341,100.816690,95.077863,86.298294,284188.0
08/14/2023,87.632731,89.922860,87.095430,89.843590,326900,0.000,0.0,-,101.753439,101.102969,95.878088,85.971510,281980.0
08/11/2023,87.024971,89.552918,86.936883,88.020294,542100,0.000,0.0,-,101.778370,101.286988,96.564246,87.349993,281226.0
08/10/2023,86.549321,87.976244,85.730158,87.157082,500800,0.000,0.0,-,101.812982,101.467849,97.251726,89.028835,278904.0
08/09/2023,84.523449,86.857622,83.334344,86.452446,581500,0.000,0.0,-,101.847652,101.660187,97.915864,90.912910,273022.0
08/08/2023,85.791832,85.791832,83.598593,84.505836,357600,0.000,0.0,-,101.883933,101.867670,98.580002,93.018948,263786.0
08/07/2023,83.175782,85.871087,83.166972,85.791817,399700,0.000,0.0,-,101.942680,102.114435,99.426909,95.302912,260658.0
08/04/2023,84.593909,84.884582,82.788227,82.929161,618300,0.000,0.0,-,101.999560,102.356346,100.197626,97.381646,257344.0
08/03/2023,84.532260,86.276279,83.422426,84.012573,487800,0.000,0.0,-,102.062322,102.676900,101.083731,99.573125,251816.0
08/02/2023,84.268003,85.897518,82.691335,84.875771,560900,0.000,0.0,-,102.102894,102.985079,101.994498,101.746987,251034.0
08/01/2023,88.081954,92.257037,85.140020,86.126534,1005300,0.000,0.0,-,102.156488,103.237245,102.890291,103.857431,244314.0
07/31/2023,104.429960,105.231509,103.364169,103.628418,209400,0.000,0.0,-,102.191357,103.458259,103.851265,105.784665,227538.0
07/28/2023,106.614399,107.433561,104.509240,104.808716,163400,0.000,0.0,-,102.139933,103.313982,103.908959,105.778500,228220.0
07/27/2023,107.662581,108.323196,105.944979,105.997826,181600,0.000,0.0,-,102.070918,103.122254,103.836731,105.474616,230426.0
07/26/2023,105.918544,108.525769,105.592638,107.512825,190000,0.000,0.0,-,101.988179,102.949700,103.607278,104.918819,229918.0
07/25/2023,106.041866,107.345482,105.249127,107.345482,160200,0.000,0.0,-,101.908598,102.754385,103.391917,104.141056,229836.0
07/24/2023,104.747049,106.931484,104.632545,106.579155,99400,0.000,0.0,-,101.837807,102.561014,103.188888,103.550906,231412.0
07/21/2023,106.438230,106.957917,104.808715,104.843948,165800,0.000,0.0,-,101.777235,102.425400,102.985419,103.013607,233446.0
07/20/2023,106.403009,106.922689,104.799918,105.751198,166200,0.000,0.0,-,101.711737,102.340446,103.112257,102.594337,232966.0
07/19/2023,105.592647,106.270881,104.271417,105.980209,164900,0.000,0.0,-,101.626624,102.250496,103.124148,102.242008,232288.0
07/18/2023,103.055889,105.663114,102.765217,105.398872,190200,0.000,0.0,-,101.547667,102.196117,103.076583,101.923151,234536.0
07/17/2023,101.769892,104.570899,101.769892,103.566765,152800,0.000,0.0,-,101.482089,102.147052,103.081427,101.917864,236902.0
07/14/2023,100.008243,101.866773,99.559023,101.769882,143500,0.000,0.0,-,101.414243,102.206165,103.149250,102.039418,240684.0
07/13/2023,99.735198,102.007708,99.215511,100.439850,190700,0.000,0.0,-,101.354816,102.283332,103.210908,102.198846,242546.0
07/12/2023,103.487485,103.487485,99.462140,99.735199,302200,0.000,0.0,-,101.300431,102.429354,103.769348,102.295737,243310.0
07/11/2023,101.206167,101.822738,100.827414,101.443985,236900,0.000,0.0,-,101.262346,102.581754,104.367865,102.642779,244864.0
07/10/2023,100.043480,102.580238,100.043480,101.206161,161500,0.000,0.0,-,101.220758,102.691913,104.890191,102.826870,249230.0
07/07/2023,101.602532,102.395271,100.563165,100.651245,212700,0.000,0.0,-,101.180272,102.767730,105.363631,102.957230,256430.0
07/06/2023,102.439314,102.571432,101.126888,102.227913,124400,0.000,0.0,-,101.149426,102.860432,105.789067,103.630177,261450.0
07/05/2023,104.306644,104.306644,102.465735,102.791634,113500,0.000,0.0,-,101.099877,102.968238,105.962589,104.006287,273034.0
07/03/2023,103.945509,105.548600,103.919085,105.346008,73100,0.000,0.0,-,101.040774,103.187151,106.002287,104.230016,279596.0
06/30/2023,103.936717,105.346027,103.936717,104.782303,187600,0.000,0.0,-,100.977416,103.332885,105.920404,104.244990,283482.0
06/29/2023,101.214971,103.663648,101.214971,103.364166,147000,0.000,0.0,-,100.923004,103.477269,105.633516,104.259081,284734.0
06/28/2023,103.302516,103.751736,101.056430,101.408752,206800,0.000,0.0,-,100.894021,103.653873,105.318473,104.222969,287164.0
06/27/2023,103.355358,104.412345,102.897334,103.205620,175300,0.000,0.0,-,100.876596,103.852403,105.086735,105.242959,287248.0
06/26/2023,101.990091,103.734110,101.990091,103.284897,173900,0.000,0.0,-,100.838585,103.954155,104.767783,106.092950,286624.0
06/23/2023,106.085897,106.896249,101.990085,102.509766,413600,0.000,0.0,-,100.800264,104.071855,104.445744,106.953511,286962.0
06/22/2023,106.068288,108.076556,105.557411,107.380714,279900,0.000,0.0,-,100.755568,104.168764,104.214624,107.770033,282908.0
06/21/2023,104.465193,106.834600,104.200951,105.989014,200500,0.000,0.0,-,100.685783,104.155280,103.793431,107.947957,280510.0
06/20/2023,105.046543,105.715961,104.262614,105.028923,200400,0.000,0.0,-,100.628924,104.169279,103.465055,107.918890,281322.0
06/16/2023,106.235635,106.385372,104.887982,105.495743,450000,0.000,0.0,-,100.575309,104.183895,103.087813,107.774558,283380.0
06/15/2023,102.826863,105.161036,102.386453,104.923218,275700,0.000,0.0,-,100.516548,104.167258,102.671888,107.595818,277764.0
06/14/2023,110.542858,111.027311,102.307196,103.003044,518900,0.000,0.0,-,100.471074,104.156986,102.246456,107.007950,276248.0
06/13/2023,111.485336,112.621594,110.199340,111.608650,344500,0.000,0.0,-,100.440477,104.220360,101.857420,106.413976,268366.0
06/12/2023,112.075478,113.370291,111.476521,111.705536,290100,0.000,0.0,-,100.375459,104.119336,101.145493,104.930511,265920.0
06/09/2023,110.384302,113.546448,110.384302,111.890503,374200,0.000,0.0,-,100.305156,103.966055,100.447570,103.442615,262920.0
06/08/2023,109.063079,110.807104,108.587435,110.674980,207700,0.000,0.0,-,100.228651,103.797151,99.736892,101.937978,257926.0
06/07/2023,106.253251,109.970310,106.253251,109.159958,218900,0.570,0.0,-,100.162376,103.641162,99.193066,100.659216,255704.0
06/06/2023,103.629434,106.294467,103.497934,105.698341,256500,0.000,0.0,-,100.108175,103.513194,98.764879,99.638905,254040.0
06/05/2023,102.998245,103.962565,102.165425,103.585609,160300,0.000,0.0,-,100.073746,103.428509,98.542647,99.011221,252072.0
06/02/2023,100.149110,103.997627,100.043916,103.708336,233900,0.000,0.0,-,100.051223,103.365390,98.526429,98.401068,254040.0
06/01/2023,96.712634,99.342600,96.405806,99.044540,289200,0.000,0.0,-,100.033448,103.332778,98.488295,97.747959,253684.0
05/31/2023,96.607444,97.650666,95.178498,97.063309,426000,0.000,0.0,-,100.035836,103.452705,98.862188,97.484962,252046.0
05/30/2023,95.949936,97.317523,95.441481,96.773994,206700,0.000,0.0,-,100.051806,103.590339,99.290434,97.300863,248428.0
05/26/2023,96.581114,98.176626,96.581114,96.826576,119700,0.000,0.0,-,100.049846,103.694661,99.838781,97.360475,273646.0
05/25/2023,97.738317,97.913652,96.335670,96.844131,201200,0.000,0.0,-,100.045979,103.844745,100.365213,97.452526,276536.0
05/24/2023,99.281239,99.281239,97.852293,97.887360,234000,0.000,0.0,-,100.033937,103.958534,100.870604,97.535807,280142.0
05/23/2023,99.088355,100.569905,98.772759,98.956856,341900,0.000,0.0,-,100.017110,104.085123,101.226086,97.726917,282806.0
05/22/2023,97.633116,99.447792,96.747692,99.421494,448700,0.000,0.0,-,99.995240,104.159464,101.542559,97.890852,285852.0
05/19/2023,98.115278,98.115278,96.975630,97.484085,224900,0.000,0.0,-,99.971305,104.249759,101.952396,98.074073,282498.0
05/18/2023,96.256762,97.501611,95.616801,97.177246,166500,0.000,0.0,-,99.959437,104.424389,102.765056,98.651790,281508.0
05/17/2023,95.800903,96.581126,95.283680,96.414566,243500,0.000,0.0,-,99.944171,104.624617,103.537828,99.228630,280610.0
05/16/2023,96.397036,96.747699,95.213552,95.222321,273700,0.000,0.0,-,99.942235,104.849876,104.317176,100.239413,278552.0
05/15/2023,97.633116,98.202937,97.335050,97.370117,156200,0.000,0.0,-,99.940767,105.112772,105.165777,101.280004,275974.0
05/12/2023,98.088981,99.228635,97.098362,97.747086,185900,0.000,0.0,-,99.924408,105.319619,105.864034,102.317087,275622.0
05/11/2023,98.825364,99.360118,97.256150,97.676941,239000,0.000,0.0,-,99.895913,105.530099,106.391343,103.277900,274704.0
05/10/2023,101.832301,102.007630,99.377663,99.798454,201100,0.000,0.0,-,99.853453,105.740062,106.965990,104.205401,274956.0
05/09/2023,101.166042,101.525467,100.175417,100.596214,141800,0.000,0.0,-,99.803542,105.910562,107.343829,104.725256,278446.0
05/08/2023,103.156041,103.804771,101.157268,101.253700,132300,0.000,0.0,-,99.749902,106.039967,107.649343,105.194267,281860.0
05/05/2023,103.743410,104.988266,103.129754,103.261253,277300,0.000,0.0,-,99.700328,106.146445,107.921106,105.830718,282550.0
05/04/2023,105.707114,107.030859,102.665119,102.945648,308500,0.000,0.0,-,99.631806,106.243674,108.046029,106.878322,280986.0
05/03/2023,106.504863,108.231875,105.812304,106.522400,341900,0.000,0.0,-,99.557423,106.358215,108.131940,107.847027,279232.0
05/02/2023,106.873083,107.311411,103.822319,105.628227,236600,0.000,0.0,-,99.449758,106.397728,108.026303,108.394938,277356.0
05/01/2023,107.083452,109.608217,106.601289,107.740944,228900,0.000,0.0,-,99.355777,106.477822,108.053478,109.051550,279028.0
04/28/2023,106.347062,108.091611,106.347062,107.355217,379900,0.000,0.0,-,99.249502,106.473585,107.994305,109.410982,279770.0
04/27/2023,105.338907,107.591911,104.427185,106.951950,455200,0.000,0.0,-,99.144896,106.424861,107.828617,109.504786,276636.0
04/26/2023,103.445325,105.698329,102.033909,104.997002,521500,0.000,0.0,-,99.044469,106.367267,107.653286,109.726580,272360.0
04/25/2023,106.601307,107.293865,104.865533,105.286324,463700,0.000,0.0,-,98.959267,106.340915,107.547212,109.962402,267460.0
04/24/2023,111.668361,111.747264,104.497320,107.618217,703600,0.000,0.0,-,98.878241,106.295334,107.420974,110.104419,264686.0
04/21/2023,113.132395,114.920766,112.825560,113.737289,441600,0.000,0.0,-,98.786377,106.179197,107.113268,110.011493,257256.0
04/20/2023,110.984588,112.921996,110.274499,112.632698,267400,0.000,0.0,-,98.656521,105.856177,106.447885,109.213735,252090.0
04/19/2023,111.887541,113.053501,111.563183,112.001511,250200,0.000,0.0,-,98.527518,105.583008,105.920138,108.416854,250244.0
04/18/2023,111.449189,112.317076,109.967646,112.194351,268500,0.000,0.0,-,98.401151,105.298370,105.572105,107.657669,248194.0
04/17/2023,108.643926,111.379094,108.135464,111.335258,211000,0.000,0.0,-,98.271961,105.031874,105.159640,107.055406,246970.0
04/14/2023,109.161146,110.055338,107.679602,108.293259,144100,0.000,0.0,-,98.135907,104.793383,104.692381,106.577628,246004.0
04/13/2023,107.960109,109.275092,107.074686,109.169891,190800,0.000,0.0,-,98.015711,104.555151,104.494255,106.152448,247188.0
04/12/2023,107.337687,108.915662,106.767859,107.355217,210900,0.000,0.0,-,97.900518,104.301830,104.162442,105.579992,246948.0
04/11/2023,107.171123,107.460421,106.434736,106.706497,160000,0.000,0.0,-,97.786657,104.053725,104.005521,105.132023,245584.0
04/10/2023,105.286310,107.600680,105.286310,106.688957,241100,0.000,0.0,-,97.656965,103.815627,103.803890,104.737528,246510.0
04/06/2023,104.847990,106.145443,104.243102,105.759712,303300,0.000,0.0,-,97.528269,103.629209,103.666256,104.215042,244916.0
04/05/2023,103.392739,104.707722,103.392739,104.663887,169200,0.000,0.0,-,97.401884,103.448980,103.689049,103.682035,241746.0
04/04/2023,106.636366,106.636366,103.813534,104.409660,199900,0.000,0.0,-,97.265883,103.362599,103.815287,103.423422,239914.0
04/03/2023,106.075290,106.382118,104.979471,106.171722,124800,0.000,0.0,-,97.128385,103.284269,103.978680,103.486542,237900.0
03/31/2023,105.075922,106.706502,104.479796,106.557472,222200,0.000,0.0,-,97.005389,103.153938,104.088451,103.263873,238586.0
03/30/2023,104.129122,104.672651,103.445332,104.041458,140100,0.000,0.0,-,96.877048,102.972419,104.146198,102.807134,237390.0
03/29/2023,103.489171,104.181723,102.744008,103.445335,124500,0.000,0.0,-,96.755015,102.828999,104.357681,102.836063,236830.0
03/28/2023,102.419668,103.857383,102.419668,102.875526,96600,0.000,0.0,-,96.648809,102.721770,104.594168,102.744892,237894.0
03/27/2023,102.384589,103.208647,101.928724,102.761551,135700,0.000,0.0,-,96.552761,102.668711,104.866566,102.879018,239488.0
03/24/2023,99.596822,101.779693,98.877965,101.464096,158100,0.000,0.0,-,96.457932,102.610075,105.081811,102.870252,238626.0
03/23/2023,102.051460,103.664502,100.070216,100.429642,258700,0.000,0.0,-,96.377592,102.575992,105.337486,103.117469,237418.0
03/22/2023,105.154814,105.198650,102.016393,102.077759,216100,0.000,0.0,-,96.300961,102.511967,105.722140,103.696062,234256.0
03/21/2023,105.812310,106.119145,103.927506,105.040855,207300,0.000,0.0,-,96.216993,102.391584,106.051885,104.207153,232224.0
03/20/2023,103.033315,105.321387,102.735256,103.945038,245100,0.000,0.0,-,96.129439,102.267110,106.224747,104.470818,231740.0
03/17/2023,104.050227,104.602518,100.999464,101.990082,1467600,0.000,0.0,-,96.035920,102.112001,106.509140,104.913028,229062.0
03/16/2023,101.841045,104.900577,101.323822,104.330750,264200,0.000,0.0,-,95.956520,102.052907,106.786090,105.485262,201686.0
03/15/2023,102.288160,103.243712,99.789694,102.533623,381500,0.000,0.0,-,95.865074,101.939492,106.815504,105.879299,198910.0
03/14/2023,105.365212,105.777241,102.542381,104.216789,367200,0.000,0.0,-,95.775686,101.872146,106.892435,106.443445,193020.0
03/13/2023,102.472255,103.576843,100.604982,102.673889,494200,0.000,0.0,-,95.658951,101.788246,106.865567,106.854114,187808.0
03/10/2023,105.961343,106.110372,103.576839,103.936264,281000,0.000,0.0,-,95.546660,101.695921,106.882236,107.293370,180052.0
03/09/2023,107.556858,108.056551,106.180509,106.215576,175400,0.520,0.0,-,95.426380,101.610823,106.775990,107.557504,175764.0
03/08/2023,107.747343,108.375863,106.586327,107.188660,121600,0.000,0.0,-,95.296597,101.493233,106.344526,107.748217,173946.0
03/07/2023,108.367139,109.030577,107.188667,107.677513,140600,0.000,0.0,-,95.165734,101.313581,105.933807,107.896618,173902.0
03/06/2023,107.328330,108.384597,106.987883,108.367134,144800,0.000,0.0,-,95.036342,101.178100,105.438411,107.978675,174356.0
03/03/2023,108.646474,108.646474,107.136286,107.712425,138600,0.000,0.0,-,94.922949,100.978022,104.963531,108.105252,175124.0
03/02/2023,107.214858,108.306037,107.162483,108.271118,140000,0.000,0.0,-,94.801472,100.763452,104.548446,108.086919,176244.0
03/01/2023,107.520372,109.432119,107.127551,108.175079,251600,0.000,0.0,-,94.681589,100.566516,103.953972,107.751708,179582.0
02/28/2023,107.066445,109.728917,107.066445,108.323479,375600,0.000,0.0,-,94.552635,100.389833,103.370410,107.341425,178080.0
02/27/2023,107.415631,108.908362,106.822029,107.066452,312500,0.000,0.0,-,94.437654,100.283159,102.701736,106.877020,175764.0
02/24/2023,107.014070,107.642590,105.198354,106.577599,166800,0.000,0.0,-,94.337606,100.231306,102.088493,106.471102,174750.0
02/23/2023,109.100410,109.344833,106.935508,108.122711,199100,0.000,0.0,-,94.234968,100.158154,101.628016,105.994476,175888.0
02/22/2023,108.288578,109.894790,107.660058,108.672668,220800,0.000,0.0,-,94.130456,100.020403,101.059294,104.940835,173930.0
02/21/2023,108.873451,109.650370,108.498085,108.498085,248100,0.000,0.0,-,94.033907,99.867289,100.642900,103.970995,171320.0
02/17/2023,107.852106,109.947164,107.852106,109.632904,320200,0.000,0.0,-,93.959614,99.721159,100.242656,102.898146,169194.0
02/16/2023,103.775434,107.965562,103.775434,107.529091,266000,0.000,0.0,-,93.871258,99.572234,99.743769,101.821809,165112.0
02/15/2023,103.164397,104.997576,103.164397,104.919014,223200,0.000,0.0,-,93.788688,99.482845,99.241391,101.009973,164558.0
02/14/2023,103.661966,104.613471,102.701730,104.072250,241400,0.000,0.0,-,93.720374,99.449150,98.838963,100.156236,162938.0
02/13/2023,103.164395,103.801646,102.492232,103.679428,276500,0.000,0.0,-,93.671696,99.425610,98.539544,99.399394,160286.0
02/10/2023,101.793881,103.993694,101.662938,103.007271,325000,0.000,0.0,-,93.619646,99.412708,98.366702,98.526452,158974.0
02/09/2023,100.388446,103.880218,99.698820,101.811340,332100,0.000,0.0,-,93.567989,99.355366,98.207826,97.705885,154954.0
02/08/2023,98.144979,98.790955,96.468930,97.586296,183300,0.000,0.0,-,93.484536,99.356533,98.105254,97.261555,150344.0
02/07/2023,96.704623,98.974274,96.084835,98.974274,175100,0.000,0.0,-,93.420444,99.460800,98.087359,97.177753,147752.0
02/06/2023,98.319544,98.930608,96.896649,97.769592,147700,0.000,0.0,-,93.366450,99.536092,97.941577,97.314805,146222.0
02/03/2023,98.171180,99.908335,98.171180,98.869537,207300,0.000,0.0,-,93.324159,99.654771,97.993954,97.587165,145858.0
02/02/2023,96.748257,99.515484,96.259404,99.410728,162700,0.000,0.0,-,93.272323,99.740675,97.859957,97.665728,145258.0
02/01/2023,95.552338,96.879215,94.208005,96.381638,203300,0.000,0.0,-,93.206724,99.794200,97.841190,97.472808,145502.0
01/31/2023,95.028562,96.634774,94.653196,96.503838,178800,0.000,0.0,-,93.157863,99.873368,97.955108,97.521691,144066.0
01/30/2023,94.234192,95.892785,94.234192,94.950005,142700,0.000,0.0,-,93.108347,99.961565,98.088232,97.679694,143176.0
01/27/2023,96.765719,97.097442,94.522256,94.801598,206300,0.000,0.0,-,93.064450,100.064672,98.341821,98.206951,143662.0
01/26/2023,96.983953,97.699766,96.460188,97.368050,161400,0.000,0.0,-,93.019186,100.154930,98.504625,98.709767,142910.0
01/25/2023,99.070293,99.070293,96.460195,96.748268,144800,0.000,0.0,-,92.963456,100.201333,98.620290,98.948953,142716.0
01/24/2023,100.982047,100.982047,99.471852,100.344795,77600,0.000,0.0,-,92.914353,100.316104,98.799680,98.996966,144106.0
01/23/2023,99.532952,101.226463,99.288529,100.493195,99200,0.000,0.0,-,92.846322,100.262471,98.692744,98.568349,145878.0
01/20/2023,97.787063,99.777378,96.329250,99.655167,159100,0.000,0.0,-,92.780430,100.253498,98.713257,98.400744,146538.0
01/19/2023,96.259408,98.214805,96.137196,97.481529,162400,0.000,0.0,-,92.721139,100.246163,98.648660,98.054186,146516.0
01/18/2023,98.302094,99.375810,96.826818,96.870468,112100,0.000,0.0,-,92.673920,100.265266,98.623781,98.209572,146694.0
01/17/2023,100.379700,101.008220,98.057675,98.083862,177700,0.000,0.0,-,92.621625,100.316233,98.701473,98.388525,147778.0
01/13/2023,98.834604,100.519384,98.834604,100.222580,176300,0.000,0.0,-,92.566188,100.342235,98.764325,98.496770,150686.0
01/12/2023,99.934513,100.589220,99.122676,99.829758,92600,0.000,0.0,-,92.503973,100.434104,98.902687,98.476691,153928.0
01/11/2023,97.263293,99.864666,97.263293,99.759911,97700,0.000,0.0,-,92.423114,100.488983,99.134889,98.299483,166414.0
01/10/2023,95.465052,97.525198,94.382604,97.228394,100600,0.000,0.0,-,92.340839,100.356138,99.292892,98.291627,173974.0
01/09/2023,98.921883,98.974258,95.534868,96.058632,114500,0.000,0.0,-,92.275482,100.271316,99.493232,98.602393,181484.0
01/06/2023,97.228383,99.035374,96.783187,98.817139,183100,0.000,0.0,-,92.207454,100.186423,99.741148,98.817138,184190.0
01/05/2023,98.354485,98.354485,95.779306,96.189590,111200,0.000,0.0,-,92.128904,100.106676,99.859869,99.025771,184792.0
01/04/2023,99.759929,99.943247,98.232279,99.035385,98800,0.000,0.0,-,92.068052,100.081741,100.159724,99.243133,186054.0
01/03/2023,100.056718,100.327328,97.734686,98.660004,125400,0.000,0.0,-,91.998909,99.982855,100.360937,99.037990,187842.0
12/30/2022,99.279792,99.532940,98.319550,99.166306,87000,0.000,0.0,-,91.926781,99.883828,100.589648,99.014421,188518.0
12/29/2022,98.756018,100.676497,98.756018,100.021790,106600,0.000,0.0,-,91.849970,99.825605,100.776096,99.031880,189888.0
12/28/2022,100.388434,100.693963,97.996572,98.057678,106400,0.000,0.0,-,91.754425,99.768524,100.926723,99.328683,190930.0
12/27/2022,99.986879,101.025684,99.166311,99.681351,66600,0.000,0.0,-,91.662677,99.717004,101.030847,99.970296,191872.0
12/23/2022,97.673581,100.606670,97.420427,100.336060,84500,0.000,0.0,-,91.538158,99.565914,101.140265,100.294157,193286.0
12/22/2022,100.047988,100.047988,97.306947,98.206078,119400,0.000,0.0,-,91.412903,99.471086,101.263445,100.384070,195304.0
12/21/2022,98.904432,101.043139,98.398123,100.903465,163300,0.000,0.0,-,91.297955,99.368970,101.490083,100.665159,196758.0
12/20/2022,97.272034,98.607636,96.599871,98.363213,183200,0.000,0.0,-,91.160527,99.217774,101.630088,100.693967,200462.0
12/19/2022,98.607630,98.607630,96.853013,96.983955,194600,0.000,0.0,-,91.033831,99.070623,101.870163,101.076316,202086.0
12/16/2022,98.686202,99.035374,97.298219,98.424316,306900,0.000,0.0,-,90.933634,98.919943,102.125315,101.683884,204920.0
12/15/2022,101.933531,101.933531,98.974256,99.340897,176500,0.000,0.0,-,90.832184,98.783391,102.221101,102.164875,202334.0
12/14/2022,103.880214,106.254620,102.946165,102.989815,259800,0.000,0.0,-,90.725766,98.660317,102.299740,102.520312,204514.0
12/13/2022,104.753150,105.512612,102.754110,104.473808,261800,0.000,0.0,-,90.584968,98.489817,102.155519,102.524763,203024.0
12/12/2022,101.418505,102.963611,101.191538,102.919968,223700,0.000,0.0,-,90.447579,98.235230,101.897553,102.091398,202312.0
12/09/2022,100.240029,101.715298,100.240029,101.235184,101200,0.000,0.0,-,90.320184,97.951402,101.735965,101.986372,201938.0
12/08/2022,101.147911,101.497082,100.353529,101.016968,90300,0.000,0.0,-,90.185591,97.730473,101.798545,102.142820,202558.0
12/07/2022,101.575648,103.007274,100.685243,101.191551,141800,0.000,0.0,-,90.050121,97.555799,101.630854,102.315008,204678.0
12/06/2022,102.981080,103.557219,101.366137,102.186699,116100,0.000,0.0,-,89.925034,97.331919,101.573505,102.566209,205140.0
12/05/2022,102.090672,103.077102,100.536834,103.059639,238300,0.520,0.0,-,89.799893,97.085875,101.428590,102.664010,207152.0
12/02/2022,100.661624,103.712242,100.522568,103.234222,142200,0.000,0.0,-,89.670773,96.815941,101.197442,102.566745,207600.0
12/01/2022,103.625329,104.138107,101.391688,102.895264,108800,0.000,0.0,-,89.551950,96.593620,101.006671,102.277328,207748.0
11/30/2022,100.235761,103.060405,99.366639,103.034332,210900,0.000,0.0,-,89.442227,96.398241,100.831108,102.079168,208610.0
11/29/2022,101.600276,102.295569,100.140152,100.140152,124000,0.000,0.0,-,89.330738,96.199734,100.920193,101.786274,206620.0
11/28/2022,101.834940,103.408054,101.582894,101.869705,101600,0.000,0.0,-,89.223576,96.086574,101.041869,101.703708,206340.0
11/25/2022,102.738829,103.607950,102.521549,102.799667,53700,0.000,0.0,-,89.178172,95.895542,100.604267,101.485558,211708.0
11/23/2022,103.321156,103.790482,102.165229,102.738846,98600,0.000,0.0,-,89.138261,95.658967,100.113648,101.454269,214180.0
11/22/2022,103.938220,104.242418,102.347733,103.703560,129500,0.000,0.0,-,89.097841,95.457679,99.567405,100.946701,216702.0
11/21/2022,101.574224,103.764407,101.556838,103.164711,177300,0.000,0.0,-,89.038688,95.261605,99.123717,100.580801,217436.0
11/18/2022,102.147829,102.391181,100.922371,102.086990,174900,0.000,0.0,-,88.982144,95.149662,98.712623,100.193170,216400.0
11/17/2022,99.783813,101.104881,98.871239,100.340050,131500,0.000,0.0,-,88.923755,95.066400,98.312827,99.828139,215964.0
11/16/2022,99.801192,101.965302,99.609984,100.913666,134300,0.000,0.0,-,88.879236,94.971666,97.981258,99.736014,215960.0
11/15/2022,100.618171,102.034843,99.801201,100.105392,167000,0.000,0.0,-,88.827698,94.865807,97.748333,99.583047,216650.0
11/14/2022,98.480136,100.991896,98.184638,99.314491,168700,0.000,0.0,-,88.787392,94.735112,97.601451,100.054111,218182.0
11/11/2022,103.077784,103.173388,99.592606,99.688210,151700,0.000,0.0,-,88.736702,94.617293,97.409809,100.380031,217734.0
11/10/2022,102.217353,102.817049,100.939743,102.486778,214300,0.000,0.0,-,88.667709,94.515874,97.031742,99.722976,217376.0
11/09/2022,99.357946,99.983714,97.385044,97.663162,166200,0.000,0.0,-,88.587890,94.352257,96.687136,98.773027,217162.0
11/08/2022,99.557850,101.400383,99.184127,100.044556,132200,0.000,0.0,-,88.535785,94.273865,96.458992,98.188108,216606.0
11/07/2022,98.801701,99.940247,98.488816,99.288406,158000,0.000,0.0,-,88.490818,94.189541,96.123946,97.666634,219508.0
11/04/2022,100.418279,100.418279,96.350791,98.436684,171300,0.000,0.0,-,88.442655,94.141446,95.709810,97.232076,220744.0
11/03/2022,98.341084,100.661637,97.524108,99.418793,166300,0.000,0.0,-,88.399222,94.144814,95.260474,96.797514,220024.0
11/02/2022,104.059879,104.485746,98.958135,99.384003,323100,0.000,0.0,-,88.355758,94.109337,94.869370,96.226501,218434.0
11/01/2022,104.285868,105.815523,102.912661,104.816032,338400,0.000,0.0,-,88.310541,94.053448,94.559529,95.913618,214202.0
10/31/2022,98.210699,104.642197,96.168265,102.573685,716900,0.000,0.0,-,88.243600,93.905527,94.041967,95.148791,209316.0
10/28/2022,93.647825,94.438729,91.900889,93.117661,475700,0.000,0.0,-,88.194505,93.820446,93.500506,94.439588,197680.0
10/27/2022,92.170320,94.160602,91.422875,92.987289,476100,0.000,0.0,-,88.195257,93.934347,93.281053,94.340508,189828.0
10/26/2022,95.568576,95.977064,91.692296,91.813972,249800,0.000,0.0,-,88.205393,94.056218,93.141124,94.601245,182638.0
10/25/2022,95.029713,96.437692,94.499555,94.829819,213200,0.000,0.0,-,88.222765,94.223009,93.164590,94.729876,179972.0
10/24/2022,94.951511,95.359999,93.847730,94.942818,174300,0.000,0.0,-,88.221333,94.316853,92.922975,94.581257,178692.0
10/21/2022,93.430538,94.881969,92.900374,94.091072,188200,0.000,0.0,-,88.236115,94.423143,92.670060,94.187545,177842.0
10/20/2022,96.628912,97.011328,93.143734,93.708664,159200,0.000,0.0,-,88.248649,94.468960,92.443653,93.723434,176110.0
10/19/2022,96.550671,97.193825,94.403947,96.255173,155500,0.000,0.0,-,88.282869,94.515852,92.364128,93.512238,175096.0
10/18/2022,97.341577,98.471437,96.602825,97.167755,158700,0.000,0.0,-,88.305897,94.479461,92.207687,93.205440,174776.0
10/17/2022,94.186670,95.698939,93.691271,95.481659,153500,0.000,0.0,-,88.325560,94.426549,92.004747,92.935144,174044.0
10/14/2022,96.681056,97.115616,92.039951,92.126862,137300,0.000,0.0,-,88.350744,94.408570,91.954773,92.561424,173386.0
10/13/2022,91.674925,96.707132,90.805804,95.594658,185400,0.000,0.0,-,88.396382,94.458724,91.964333,92.221597,173272.0
10/12/2022,93.830340,94.490874,92.995984,93.100281,192100,0.000,0.0,-,88.417405,94.449038,91.733147,91.681002,174264.0
10/11/2022,90.527677,93.647819,90.249552,93.343628,348500,0.000,0.0,-,88.453640,94.469517,91.711854,91.599304,175112.0
10/10/2022,89.997522,91.040465,88.580850,91.005699,264400,0.000,0.0,-,88.479199,94.523190,91.739666,91.264693,172500.0
10/07/2022,91.014380,91.014380,88.328792,89.449959,336300,0.000,0.0,-,88.510927,94.601650,92.067759,91.152574,170624.0
10/06/2022,92.804789,92.969924,90.953562,91.596710,177600,0.000,0.0,-,88.542087,94.694617,92.491457,91.163872,165974.0
10/05/2022,93.334936,93.752117,92.561419,93.187187,285500,0.000,0.0,-,88.551044,94.703645,92.691789,91.216017,165696.0
10/04/2022,93.421848,94.716844,93.248027,94.464798,185300,0.000,0.0,-,88.557569,94.623599,92.813466,91.209933,163412.0
10/03/2022,90.006218,91.909596,87.955091,91.744461,226200,0.000,0.0,-,88.553554,94.530630,92.768756,91.074349,161316.0
09/30/2022,90.240868,92.039949,88.520005,88.728592,205000,0.000,0.0,-,88.574056,94.493106,92.852710,91.348121,159928.0
09/29/2022,91.136051,91.518466,88.971941,90.188705,132200,0.000,0.0,-,88.599065,94.545310,93.147145,91.707069,158830.0
09/28/2022,90.640664,92.926450,90.432076,92.283302,196300,0.000,0.0,-,88.619127,94.532673,93.353004,91.785293,158548.0
09/27/2022,90.771030,91.648838,88.667752,89.997513,164900,0.000,0.0,-,88.638047,94.448387,93.426019,91.824403,157270.0
09/26/2022,89.502105,91.014374,88.867644,89.884514,216700,0.000,0.0,-,88.667155,94.348226,93.717560,92.214639,156240.0
09/23/2022,90.953527,90.953527,88.467840,89.562935,260700,0.000,0.0,-,88.712235,94.287175,94.067518,92.982944,156722.0
09/22/2022,92.335444,92.717860,91.327267,92.118164,149600,0.000,0.0,-,88.758495,94.225636,94.519626,93.819042,153438.0
09/21/2022,94.134528,95.594652,92.987288,93.126350,151900,0.000,0.0,-,88.797543,94.111954,94.795963,94.167561,152080.0
09/20/2022,93.473991,93.473991,91.770508,93.108955,111400,0.000,0.0,-,88.819652,93.986759,94.969123,94.416998,150946.0
09/19/2022,91.396801,94.716844,91.396801,94.482178,110000,0.000,0.0,-,88.843089,93.883711,95.184676,94.463162,151042.0
09/16/2022,89.962751,92.509277,89.336983,92.318069,370000,0.000,0.0,-,88.842983,93.775689,95.376549,94.357299,150750.0
09/15/2022,92.292016,92.717883,90.501621,90.970947,177300,0.000,0.0,-,88.866352,93.714236,95.701280,94.587222,145292.0
09/14/2022,94.473489,94.473489,91.448950,92.674408,224700,0.000,0.0,-,88.915060,93.650141,96.106776,94.920716,144160.0
09/13/2022,95.333916,97.498026,93.152419,93.899864,166200,0.000,0.0,-,88.936648,93.533293,96.480730,95.027635,142156.0
09/12/2022,97.915223,98.436695,96.898346,97.567574,125500,0.000,0.0,-,88.991285,93.389859,96.761839,95.220482,141356.0
09/09/2022,96.011848,98.202031,96.011848,97.923912,153100,0.000,0.0,-,89.027877,93.165632,96.896325,95.152091,143224.0
09/08/2022,94.386584,95.672887,94.047627,95.603355,131300,0.520,0.0,-,89.043413,92.889643,96.819226,95.220210,142312.0
09/07/2022,93.925257,95.715874,93.034274,95.620720,168800,0.000,0.0,-,89.057730,92.662660,96.841722,95.424364,142420.0
09/06/2022,94.150165,94.150165,92.307648,93.570595,243600,0.000,0.0,-,89.073594,92.472872,96.782468,95.521248,142262.0
09/02/2022,95.906192,96.035942,92.472011,93.423546,146300,0.000,0.0,-,89.104779,92.293118,96.830045,95.906190,144844.0
09/01/2022,93.068892,94.755710,93.068892,94.617302,133800,0.000,0.0,-,89.138082,92.040010,96.888002,96.395798,145196.0
08/31/2022,93.501404,95.153620,93.501404,94.305885,203600,0.000,0.0,-,89.164704,91.766659,96.888867,96.815337,146096.0
08/30/2022,95.672618,95.672618,92.991018,93.743599,138400,0.000,0.0,-,89.196193,91.490194,96.929090,97.292835,145294.0
08/29/2022,95.785083,96.182998,93.388939,95.828331,277300,0.000,0.0,-,89.230577,91.164596,96.948121,97.933825,147058.0
08/26/2022,98.717539,98.717539,95.179551,96.883667,219800,0.000,0.0,-,89.254621,90.786231,96.958069,98.303195,145164.0
08/25/2022,97.861166,98.622399,96.875029,98.605095,135300,0.000,0.0,-,89.278752,90.480009,96.860321,98.640559,144518.0
08/24/2022,95.975391,97.740059,95.975391,97.644905,86800,0.000,0.0,-,89.296329,90.125692,96.634980,98.418243,149674.0
08/23/2022,96.823110,97.956300,96.494400,96.589554,111500,0.000,0.0,-,89.318456,89.765492,96.355141,98.259079,153644.0
08/22/2022,97.151849,97.999584,96.208966,97.420013,94100,0.000,0.0,-,89.345105,89.477782,95.984908,98.043687,153762.0
08/19/2022,98.518587,98.518587,97.419999,98.319633,135100,0.000,0.0,-,89.366722,89.202701,95.604724,97.753899,154696.0
08/18/2022,99.150053,99.677723,98.579128,98.812691,83100,0.000,0.0,-,89.391550,88.912224,95.182155,97.380206,155032.0
08/17/2022,98.977058,99.954549,98.501294,99.080864,116600,0.000,0.0,-,89.438845,88.643891,94.808461,96.962396,159558.0
08/16/2022,98.432082,100.404356,98.432082,100.153496,116500,0.000,0.0,-,89.467200,88.364343,94.332261,96.565346,159630.0
08/15/2022,98.717553,100.430314,98.414786,99.522034,149200,0.000,0.0,-,89.491784,88.066956,93.728035,95.962418,161154.0
08/12/2022,96.554962,100.309201,96.165693,100.257301,131800,0.000,0.0,-,89.509720,87.827117,93.001407,95.612943,162378.0
08/11/2022,96.840409,96.987470,96.053233,96.381943,101600,0.000,0.0,-,89.527877,87.526794,92.330141,95.080083,162338.0
08/10/2022,95.153626,96.183017,94.340493,96.053261,108500,0.000,0.0,-,89.570816,87.321360,91.835342,94.851717,170464.0
08/09/2022,94.790305,95.006563,93.241895,94.435638,139500,0.000,0.0,-,89.605720,87.121123,91.354383,94.451203,171104.0
08/08/2022,94.375079,95.023853,93.103480,94.522133,122100,0.000,0.0,-,89.639828,86.925531,90.975931,93.926128,174074.0
08/05/2022,93.363002,94.894107,92.783432,94.582695,120600,0.000,0.0,-,89.666339,86.652484,90.647651,93.455548,179692.0
08/04/2022,94.349135,95.395824,93.864719,94.634598,131600,0.000,0.0,-,89.686053,86.365146,90.372570,92.984105,180760.0
08/03/2022,94.288581,96.226252,93.164035,95.110359,235000,0.000,0.0,-,89.704292,86.070059,90.103112,92.654527,181508.0
08/02/2022,97.921708,99.046253,93.786852,94.124214,234500,0.000,0.0,-,89.722917,85.773029,89.735905,92.099175,179348.0
08/01/2022,94.003110,96.650115,92.947769,96.027290,217900,0.000,0.0,-,89.744840,85.510867,89.371293,91.493652,177400.0
07/29/2022,93.786860,95.352574,93.786860,94.928703,170600,0.000,0.0,-,89.760347,85.226304,88.906339,90.389871,176138.0
07/28/2022,92.653671,94.651895,91.996244,94.098274,103800,0.000,0.0,-,89.780007,85.041501,88.477715,89.580199,175612.0
07/27/2022,89.747136,92.212478,89.600082,92.048126,163700,0.000,0.0,-,89.801430,84.827874,87.979023,88.818968,177700.0
07/26/2022,89.219485,90.292124,88.311198,89.184883,171300,0.000,0.0,-,89.841526,84.672803,87.589326,88.257564,177736.0
07/25/2022,90.049893,90.646768,89.323269,89.816338,80500,0.000,0.0,-,89.900548,84.536791,87.436648,88.025735,179954.0
07/22/2022,90.880350,91.814587,88.588018,89.868263,156800,0.000,0.0,-,89.944009,84.447009,87.174976,87.839754,182666.0
07/21/2022,88.717765,91.373416,88.051693,91.338814,150100,0.000,0.0,-,89.987882,84.390780,86.719970,87.761036,182748.0
07/20/2022,88.371756,89.634703,87.887333,89.556847,118100,0.000,0.0,-,90.015812,84.285004,86.200518,87.551697,183032.0
07/19/2022,85.517141,88.449602,84.678058,88.068985,132400,0.000,0.0,-,90.051771,84.238273,85.746807,87.372634,185184.0
07/18/2022,87.688384,88.224700,84.885673,84.989479,113400,0.000,0.0,-,90.075435,84.264152,85.216542,87.248933,186448.0
07/15/2022,87.792165,87.792165,85.577683,86.831978,240800,0.000,0.0,-,90.118226,84.437155,84.812572,87.422806,187544.0
07/14/2022,85.404679,87.074192,84.807804,86.485970,96500,0.000,0.0,-,90.143927,84.539748,84.549603,87.375230,186118.0
07/13/2022,85.966963,87.307767,85.819909,86.434082,81700,0.000,0.0,-,90.187489,84.630331,84.269765,87.139077,189262.0
07/12/2022,88.077640,89.608745,86.295674,86.866592,95200,0.000,0.0,-,90.221297,84.726770,83.929807,86.921089,191922.0
07/11/2022,88.510148,89.081073,87.480757,87.956528,116200,0.000,0.0,-,90.242090,84.876172,83.696681,86.847562,193698.0
07/08/2022,88.812921,90.196972,88.250648,89.081085,95400,0.000,0.0,-,90.251693,84.982433,83.482153,86.510199,197620.0
07/07/2022,88.501494,89.660641,88.233336,89.245422,97100,0.000,0.0,-,90.249262,85.054329,83.217886,85.678903,203738.0
07/06/2022,86.866585,88.224686,86.235115,87.766220,120700,0.000,0.0,-,90.247476,84.971834,83.025417,84.849339,204614.0
07/05/2022,85.093267,86.857934,83.631360,86.831978,124500,0.000,0.0,-,90.252667,84.911867,82.892279,84.120981,204844.0
07/01/2022,85.620962,86.961759,84.427212,86.728203,126200,0.000,0.0,-,90.263996,84.938737,82.814890,83.184151,205726.0
06/30/2022,82.913391,86.425428,82.766337,86.356224,218900,0.000,0.0,-,90.278986,84.990399,82.854984,82.202338,205766.0
06/29/2022,84.323396,84.323396,83.060442,84.124435,107500,0.000,0.0,-,90.290264,85.033323,82.799229,81.723975,203308.0
06/28/2022,87.030959,87.108808,84.228254,84.254204,136700,0.000,0.0,-,90.317979,85.076653,82.898520,81.400453,203026.0
06/27/2022,85.785303,86.529231,84.453151,86.131317,160900,0.000,0.0,-,90.337253,85.123756,82.987880,80.938525,202788.0
06/24/2022,81.607186,84.764557,81.607186,84.582901,372700,0.000,0.0,-,90.357448,85.133145,82.914114,80.545801,201208.0
06/23/2022,81.036286,81.546652,79.496528,80.768127,163900,0.000,0.0,-,90.401266,85.164896,82.728460,80.454107,196024.0
06/22/2022,79.911732,81.702350,79.851180,80.949776,178800,0.000,0.0,-,90.465827,85.264510,82.700844,80.756869,194656.0
06/21/2022,78.484420,80.923812,77.956749,80.482643,163500,0.000,0.0,-,90.537659,85.369957,82.647367,81.201495,193138.0
06/17/2022,77.429082,78.519018,76.702451,77.463684,226600,0.000,0.0,-,90.611243,85.498859,82.636177,81.663578,192202.0
06/16/2022,79.980935,79.980935,75.897979,76.910072,182600,0.000,0.0,-,90.685399,85.684354,82.813798,82.445628,191606.0
06/15/2022,81.918602,82.420322,80.456701,81.572594,187500,0.000,0.0,-,90.761321,85.892451,83.058252,83.507629,190374.0
06/14/2022,79.842525,81.088167,79.435958,80.889214,393100,0.000,0.0,-,90.818688,86.016936,83.264051,83.874483,188912.0
06/13/2022,80.396159,80.923830,79.228359,79.634926,285300,0.000,0.0,-,90.876551,86.159907,83.390435,84.396586,184122.0
06/10/2022,81.996465,82.956652,81.313088,82.204071,117400,0.000,0.0,-,90.931546,86.295437,83.623419,85.037235,182006.0
06/09/2022,83.397804,84.306085,83.354550,83.665962,140800,0.000,0.0,-,90.972026,86.391287,83.632430,85.282428,182262.0
06/08/2022,84.721331,85.075991,83.605438,83.795746,151900,0.520,0.0,-,91.005321,86.473560,83.715492,85.002812,183796.0
06/07/2022,84.449493,85.817692,84.449493,85.396042,309400,0.000,0.0,-,91.032877,86.470802,83.878546,84.644820,182616.0
06/06/2022,86.299565,86.299565,85.017421,85.103470,120200,0.000,0.0,-,91.048841,86.428981,83.911245,84.093239,178628.0
06/03/2022,86.325384,86.729820,84.853930,85.284180,192700,0.000,0.0,-,91.065560,86.410050,84.017086,83.608777,178706.0
06/02/2022,85.998393,87.573104,85.163707,87.530083,210400,0.000,0.0,-,91.070858,86.353429,84.221024,83.181968,177836.0
06/01/2022,86.557706,87.332158,84.329014,85.241142,129800,0.000,0.0,-,91.067556,86.264970,84.526500,82.608875,176548.0
05/31/2022,85.447655,86.764219,84.380630,86.110237,507900,0.000,0.0,-,91.079371,86.240531,84.862526,82.653619,177170.0
05/27/2022,84.828118,86.282359,84.828118,86.041420,140500,0.000,0.0,-,91.087424,86.222461,85.107770,82.384284,198560.0
05/26/2022,81.308653,85.249745,81.196791,84.655998,288000,0.000,0.0,-,91.095321,86.186320,85.368501,82.209602,198984.0
05/25/2022,80.293264,82.332652,79.656496,80.869804,403000,0.000,0.0,-,91.105847,86.169282,85.852534,81.982432,198896.0
05/24/2022,79.045540,80.990272,78.159226,80.215820,174000,0.000,0.0,-,91.132466,86.170143,86.472524,82.428172,197108.0
05/23/2022,81.248426,81.248426,79.441377,79.880234,169000,0.000,0.0,-,91.155928,86.159989,87.095527,83.112273,200234.0
05/20/2022,81.472159,81.824960,78.339938,80.258850,127000,0.000,0.0,-,91.181861,86.057934,87.357548,83.729250,201142.0
05/19/2022,81.007484,82.040081,80.009307,81.016090,137100,0.000,0.0,-,91.203773,85.958460,87.582999,84.425395,202874.0
05/18/2022,84.561353,84.810899,80.981676,81.799149,154800,0.000,0.0,-,91.213218,85.842464,87.940968,85.260080,205472.0
05/17/2022,84.458076,86.299545,84.062247,85.688591,144300,0.000,0.0,-,91.223296,85.674839,88.316577,86.444126,206818.0
05/16/2022,84.027840,84.982995,82.694062,83.416885,208200,0.000,0.0,-,91.207584,85.421549,88.457269,87.071433,209878.0
05/13/2022,83.451315,85.533724,83.451315,84.294601,165500,0.000,0.0,-,91.203857,85.292102,88.600972,87.831255,209766.0
05/12/2022,85.258367,85.998398,81.429137,82.384293,282200,0.000,0.0,-,91.192694,85.168897,88.716709,88.527400,210610.0
05/11/2022,87.237515,88.769211,85.026029,85.327209,216100,0.000,0.0,-,91.182570,85.082358,88.927531,89.722636,209408.0
05/10/2022,87.418232,88.003373,85.344430,87.056824,160900,0.000,0.0,-,91.154184,84.872419,88.969695,90.516876,210850.0
05/09/2022,86.376998,87.013773,85.060434,86.050011,164300,0.000,0.0,-,91.110807,84.671200,88.904296,91.078780,217854.0
05/06/2022,89.139210,89.569461,85.292780,87.220299,225700,0.000,0.0,-,91.072338,84.499020,88.912901,90.985845,227138.0
05/05/2022,92.314454,92.589813,87.779621,89.362938,195600,0.000,0.0,-,91.022718,84.240947,88.898272,90.740604,233342.0
05/04/2022,91.737906,93.837528,90.731123,93.639610,168200,0.000,0.0,-,90.967852,83.932146,88.767047,90.621857,239856.0
05/03/2022,90.980693,92.383306,90.352524,91.961662,169500,0.000,0.0,-,90.892103,83.582837,88.450813,90.189027,244808.0
05/02/2022,90.799981,92.159573,89.216664,91.015106,253700,0.000,0.0,-,90.814269,83.286774,88.242572,89.843105,247158.0
04/29/2022,93.209383,94.689444,90.593461,91.256050,214700,0.000,0.0,-,90.746468,83.011183,88.093705,89.370688,246684.0
04/28/2022,94.431310,94.827140,92.159590,94.336655,184000,0.000,0.0,-,90.681635,82.775456,87.851474,88.906017,247364.0
04/27/2022,93.544967,96.092047,92.727495,93.269608,312300,0.000,0.0,-,90.603820,82.507734,87.484470,88.132426,248888.0
04/26/2022,87.340767,95.265973,87.340767,92.675865,401300,0.000,0.0,-,90.530672,82.257073,87.209970,87.422513,249732.0
04/25/2022,84.724830,85.266942,83.175934,85.120659,140900,0.000,0.0,-,90.457071,81.977713,86.759069,86.729811,258120.0
04/22/2022,87.857076,88.115229,84.690435,84.767883,132200,0.000,0.0,-,90.419577,82.131076,86.668287,86.839957,259302.0
04/21/2022,90.404161,90.498817,87.573114,88.175468,168600,0.000,0.0,-,90.375709,82.332069,86.637738,87.055941,258958.0
04/20/2022,89.492022,90.352522,89.251083,89.311317,128200,0.000,0.0,-,90.319685,82.461657,86.351620,86.912237,257802.0
04/19/2022,86.772827,88.769193,86.643757,88.502434,96000,0.000,0.0,-,90.257064,82.512889,86.041410,86.712599,257516.0
04/18/2022,86.256519,87.160046,85.266942,86.290939,93400,0.000,0.0,-,90.199573,82.579957,85.817250,86.642039,258216.0
04/14/2022,87.108436,87.461238,86.247936,86.609344,124800,0.000,0.0,-,90.152138,82.662322,85.763039,86.816722,258124.0
04/13/2022,86.437241,86.970754,85.387437,86.600739,81900,0.000,0.0,-,90.096224,82.758862,85.644290,86.796931,258260.0
04/12/2022,86.867482,88.295915,85.172302,86.170479,113500,0.000,0.0,-,90.038810,82.838969,85.504459,86.836514,259914.0
04/11/2022,86.127464,87.332165,85.464881,85.748848,95500,0.000,0.0,-,89.989014,82.956441,85.241577,86.997428,262050.0
04/08/2022,86.824476,87.848467,86.170494,86.222122,102900,0.000,0.0,-,89.950591,83.024996,84.939541,86.788326,262906.0
04/07/2022,86.910512,87.495652,86.333978,86.927719,116700,0.000,0.0,-,89.913891,83.018345,84.367308,86.496616,263032.0
04/06/2022,86.592136,87.375195,85.869319,86.738426,196800,0.000,0.0,-,89.872786,83.010251,83.785180,86.219535,263902.0
04/05/2022,87.573087,88.347539,86.798643,87.314941,121000,0.000,0.0,-,89.832294,83.020323,83.209074,85.791003,262966.0
04/04/2022,88.416398,88.786413,87.366587,87.796837,114400,0.000,0.0,-,89.787418,83.095048,82.514220,85.370222,265214.0
04/01/2022,86.342579,88.201263,86.342579,88.037766,153600,0.000,0.0,-,89.732787,83.132230,81.775584,84.992461,266300.0
03/31/2022,86.833080,87.934519,86.204912,86.411430,179500,0.000,0.0,-,89.686424,83.166476,81.220922,84.709356,267086.0
03/30/2022,87.900095,87.986143,86.635158,86.996567,130200,0.000,0.0,-,89.642518,83.252766,80.807069,84.491649,265490.0
03/29/2022,85.172310,88.459421,83.597594,87.779625,217500,0.000,0.0,-,89.601695,83.319649,80.360106,84.172404,265728.0
03/28/2022,82.960826,83.735271,82.651046,83.657829,92900,0.000,0.0,-,89.550113,83.392612,79.712638,83.485726,263166.0
03/25/2022,84.776470,84.948574,82.694061,83.305016,110000,0.000,0.0,-,89.516052,83.574547,79.379541,83.090755,263076.0
03/24/2022,83.029654,84.268776,82.229389,84.156914,124100,0.000,0.0,-,89.476160,83.773810,79.086340,82.238000,263700.0
03/23/2022,82.375668,83.081278,82.048674,82.453110,149200,0.000,0.0,-,89.435805,83.990960,78.594328,81.350825,266390.0
03/22/2022,84.354847,84.879753,82.608033,83.107124,146000,0.000,0.0,-,89.408602,84.247664,78.167817,80.627145,266494.0
03/21/2022,84.785071,85.327190,83.520134,84.019226,160900,0.000,0.0,-,89.369740,84.476393,77.821168,79.658218,265838.0
03/18/2022,84.036444,86.050011,82.771508,85.206718,1577400,0.000,0.0,-,89.325695,84.753990,77.478134,78.558708,265278.0
03/17/2022,83.279204,84.449485,83.115707,84.234360,161700,0.000,0.0,-,89.269483,84.981815,77.079575,77.732489,235898.0
03/16/2022,81.919625,84.191345,81.541010,83.804123,283600,0.000,0.0,-,89.217011,85.308180,76.841342,77.122488,234692.0
03/15/2022,80.379336,81.248436,79.148820,80.912842,313600,0.000,0.0,-,89.178651,85.649313,76.698663,76.547808,232024.0
03/14/2022,76.180073,80.689092,75.827272,79.708122,330300,0.000,0.0,-,89.156948,86.053065,76.689849,75.939550,227964.0
03/11/2022,75.637958,75.637958,74.261159,74.777458,214400,0.000,0.0,-,89.146502,86.469270,76.639835,75.668327,223348.0
03/10/2022,73.650212,75.594944,73.650212,75.285164,213600,0.000,0.0,-,89.157137,86.998811,77.540403,75.934680,220878.0
03/09/2022,75.543296,76.300534,74.700003,75.216309,267000,0.450,0.0,-,89.157426,87.489094,78.517021,75.837830,217820.0
03/08/2022,72.870032,75.848864,72.125329,73.417862,222100,0.000,0.0,-,89.161465,87.991712,79.488950,75.708489,213616.0
03/07/2022,76.225515,76.816140,72.878608,73.024124,297300,0.000,0.0,-,89.162661,88.492464,80.411703,75.984118,210644.0
03/04/2022,76.807572,77.732032,75.900223,76.944527,202600,0.000,0.0,-,89.167278,88.979005,81.353288,76.397559,206158.0
03/03/2022,78.468187,78.802021,77.081495,78.134354,207700,0.000,0.0,-,89.145940,89.353756,82.026521,76.426662,204144.0
03/02/2022,75.215448,78.844825,74.847374,78.057320,222100,0.000,0.0,-,89.122224,89.658829,82.691622,76.560196,203776.0
03/01/2022,77.013027,77.860451,74.059873,74.830261,288200,0.000,0.0,-,89.101052,89.987527,83.319059,76.849519,207686.0
02/28/2022,76.105669,77.269803,75.771828,76.995888,511100,0.000,0.0,-,89.097968,90.364161,84.179752,77.440147,205568.0
02/25/2022,74.607685,77.560832,74.522081,77.440994,628500,0.000,0.0,-,89.074462,90.741137,84.788785,77.611344,198810.0
02/24/2022,72.253744,74.453626,72.073981,74.316666,535900,0.000,0.0,-,89.031704,91.066926,85.211215,79.146127,189472.0
02/23/2022,76.559334,77.175644,71.851414,73.922897,521300,0.000,0.0,-,89.014534,91.464616,85.821532,81.196212,181508.0
02/22/2022,76.739102,78.699310,75.780396,76.174149,415800,0.000,0.0,-,89.010381,91.907504,86.487490,83.269411,173420.0
02/18/2022,77.038701,78.784913,76.114235,77.158539,287000,0.000,0.0,-,88.998459,92.300401,87.231342,84.839289,167834.0
02/17/2022,79.007439,79.418308,77.132829,77.235550,230000,0.000,0.0,-,88.974472,92.735242,87.856211,86.309016,164884.0
02/16/2022,81.053275,81.053275,78.956106,79.469696,248700,0.000,0.0,-,88.949270,93.166830,88.481938,87.626380,163704.0
02/15/2022,81.481260,82.157489,80.163041,80.950546,260200,0.000,0.0,-,88.916842,93.575991,89.044748,88.823048,161856.0
02/14/2022,79.024578,82.782354,78.930420,80.736549,354500,0.000,0.0,-,88.880291,93.907942,89.514256,89.788600,160276.0
02/11/2022,82.234517,83.578414,77.569400,78.707855,820700,0.000,0.0,-,88.840158,94.249138,90.048819,90.919356,160334.0
02/10/2022,92.600501,95.433810,91.607554,92.788818,200000,0.000,0.0,-,88.818309,94.564202,90.751155,91.966226,147956.0
02/09/2022,95.348234,96.966046,94.012898,94.817520,115000,0.000,0.0,-,88.718621,94.648262,90.775122,91.276303,149484.0
02/08/2022,91.710299,95.202722,91.710299,94.654892,110800,0.000,0.0,-,88.610493,94.766165,90.784966,90.446852,150820.0
02/07/2022,91.393568,92.677547,91.059735,91.872925,113900,0.000,0.0,-,88.506749,94.812904,90.816637,89.705569,152828.0
02/04/2022,89.647367,92.583397,89.253608,91.855804,131000,0.000,0.0,-,88.411640,95.071991,90.950171,89.623395,152368.0
02/03/2022,90.229439,91.924286,89.655923,90.409195,88800,0.000,0.0,-,88.312880,95.332595,91.252333,89.403407,155122.0
02/02/2022,90.563269,91.949961,89.758640,91.436371,131600,0.000,0.0,-,88.221975,95.545033,91.561772,89.337495,158078.0
02/01/2022,91.872933,92.626198,90.280799,90.606071,164600,0.000,0.0,-,88.120869,95.685640,92.017583,89.266449,156820.0
01/31/2022,88.029532,92.104024,88.029532,92.044106,220300,0.000,0.0,-,88.028108,95.849391,92.530318,89.239912,156070.0
01/28/2022,85.530060,89.185121,84.246082,89.176559,138300,0.000,0.0,-,87.930814,96.004660,92.983135,89.178282,154236.0
01/27/2022,87.053728,88.988257,85.196241,85.889587,109200,0.000,0.0,-,87.847610,96.222811,93.550225,89.536084,154368.0
01/26/2022,88.483218,90.152387,85.829658,86.523010,160200,0.000,0.0,-,87.776022,96.503853,94.318472,90.273942,153996.0
01/25/2022,89.407700,89.578902,86.386072,87.242058,150000,0.000,0.0,-,87.696534,96.785467,94.982289,91.123080,152788.0
01/24/2022,88.483229,91.436376,87.293410,91.051186,233400,0.000,0.0,-,87.620801,97.053035,95.637545,91.927705,152712.0
01/21/2022,89.638813,91.753098,89.544654,89.655930,168700,0.000,0.0,-,87.524610,97.244755,96.007758,92.276946,150422.0
01/20/2022,90.871422,92.044118,89.236486,89.750076,192900,0.000,0.0,-,87.432447,97.485834,96.392522,93.101260,150972.0
01/19/2022,90.494793,91.222380,89.878483,90.725906,99700,0.000,0.0,-,87.334663,97.733242,96.689122,93.786048,150216.0
01/18/2022,90.075352,91.042614,88.671530,90.340706,142100,0.000,0.0,-,87.237856,97.960129,96.822227,94.768718,151914.0
01/14/2022,92.061237,93.148336,90.777259,91.427803,89400,0.000,0.0,-,87.139735,98.191702,97.029803,95.820724,152642.0
01/13/2022,93.507842,94.731902,92.377942,92.754578,88400,0.000,0.0,-,87.038298,98.398014,97.141509,96.787988,156668.0
01/12/2022,95.861800,96.820506,93.208247,93.268166,141200,0.000,0.0,-,86.922294,98.608629,97.296015,97.564367,159640.0
01/11/2022,95.442382,95.759099,91.795882,95.014389,258600,0.000,0.0,-,86.801728,98.908696,97.319128,98.363002,162802.0
01/10/2022,94.252573,95.391035,92.831634,95.288315,154400,0.000,0.0,-,86.667033,99.103445,97.278469,98.841498,162326.0
01/07/2022,97.017392,98.241451,94.543594,94.543594,113200,0.000,0.0,-,86.536907,99.299085,97.317416,99.347384,161476.0
01/06/2022,97.000276,98.695130,96.461007,97.899063,132900,0.000,0.0,-,86.404690,99.470401,97.381187,99.738570,163172.0
01/05/2022,101.006288,101.006288,96.469562,96.597961,108400,0.000,0.0,-,86.256070,99.590193,97.431263,99.683785,164226.0
01/04/2022,101.571229,102.196095,100.432767,100.552605,101400,0.000,0.0,-,86.114537,99.757629,97.542114,99.592195,166474.0
01/03/2022,101.288764,102.256025,99.097437,100.860771,150200,0.000,0.0,-,85.959210,99.807256,97.510870,98.875735,167816.0
12/31/2021,99.876382,101.776670,99.859265,101.100441,110600,0.000,0.0,-,85.815799,99.815187,97.345237,98.238882,168582.0
12/30/2021,101.905063,102.333055,100.424205,100.518364,99500,0.000,0.0,-,85.676588,99.789665,97.180032,97.495030,169786.0
12/29/2021,100.484128,101.502753,99.876380,101.254517,90900,0.000,0.0,-,85.544938,99.749806,96.877166,97.027663,169594.0
12/28/2021,99.927746,100.663894,99.379916,99.799347,60700,0.000,0.0,-,85.405788,99.690364,96.664032,96.275254,170430.0
12/27/2021,98.652322,100.347176,98.318488,100.347176,56800,0.000,0.0,-,85.281969,99.671086,96.709697,95.715440,172422.0
12/23/2021,98.036021,98.934808,97.402593,98.455452,73500,0.000,0.0,-,85.175596,99.634316,96.541931,95.287448,175150.0
12/22/2021,95.990199,97.411138,94.877415,97.351219,73000,0.000,0.0,-,85.075524,99.647782,96.860523,95.023805,176332.0
12/21/2021,94.945912,95.887495,94.577838,95.682060,101900,0.000,0.0,-,84.975533,99.677970,97.237261,95.178741,176760.0
12/20/2021,93.473605,93.850241,90.178063,93.388008,189300,0.000,0.0,-,84.880524,99.731988,97.504712,95.492033,177520.0
12/17/2021,93.251057,95.331102,92.497786,94.492233,417600,0.000,0.0,-,84.795952,99.865575,97.758650,96.146004,178816.0
12/16/2021,96.478119,96.478119,92.335153,93.661926,182300,0.000,0.0,-,84.699118,99.995514,97.973717,96.451592,177316.0
12/15/2021,93.439379,96.478123,93.216821,95.844696,173200,0.000,0.0,-,84.593535,100.092448,98.281000,96.865033,177088.0
12/14/2021,93.422268,94.894564,92.660441,93.730423,161600,0.000,0.0,-,84.483281,100.148409,98.492971,96.726668,178164.0
12/13/2021,95.699185,96.033019,93.679058,94.201210,137700,0.000,0.0,-,84.385584,100.212297,98.803534,97.052811,178052.0
12/10/2021,97.043076,97.043076,94.851749,96.067253,116900,0.000,0.0,-,84.289172,100.263249,99.123658,97.703954,179618.0
12/09/2021,97.659387,98.455454,95.819023,95.819023,136500,0.000,0.0,-,84.175614,100.197939,99.351318,97.796414,180226.0
12/08/2021,99.217291,99.217291,97.034525,98.900574,139500,0.000,0.0,-,84.056930,100.152511,99.592227,98.697241,179878.0
12/07/2021,100.886463,101.725325,97.856273,98.814980,171000,0.000,0.0,-,83.922755,100.013942,99.732692,99.295781,180104.0
12/06/2021,99.088865,100.663875,98.087357,99.927727,156300,0.000,0.0,-,83.776644,99.941612,99.897968,99.517392,183648.0
12/03/2021,98.164422,98.292821,96.332613,97.548111,181200,2.450,0.0,-,83.613763,99.806971,100.005093,99.371295,184910.0
12/02/2021,95.324192,98.315905,94.871663,97.796333,357400,0.000,0.0,-,83.453394,99.676512,100.223656,99.495842,182538.0
12/01/2021,99.505891,99.505891,94.368862,94.461044,201800,0.000,0.0,-,83.286905,99.518127,100.421009,99.696967,177410.0
11/30/2021,99.220975,99.757304,96.882912,96.991852,276400,0.000,0.0,-,83.134652,99.400805,100.862223,100.259275,175096.0
11/29/2021,98.885773,100.922150,98.382966,100.712646,181800,0.000,0.0,-,82.972268,99.238733,101.426207,100.554256,171908.0
11/26/2021,102.556271,103.670832,96.405244,96.991852,211200,0.000,0.0,-,82.803188,99.000569,101.628167,100.543362,178688.0
11/24/2021,104.307728,105.187640,103.427810,104.827293,90900,0.000,0.0,-,82.687530,98.842687,102.032090,100.906222,176248.0
11/23/2021,101.056236,105.028432,100.913775,104.885971,268700,0.000,0.0,-,82.532198,98.540666,101.946193,100.487213,177270.0
11/22/2021,100.218214,101.584183,99.170695,101.031090,236600,0.000,0.0,-,82.369254,98.215180,101.896330,100.169603,175152.0
11/19/2021,98.542177,99.572938,98.148315,98.466759,68700,0.000,0.0,-,82.224592,97.987910,102.093263,100.278544,173708.0
11/18/2021,99.648358,99.841098,98.014225,98.793579,127100,0.000,0.0,-,82.076583,97.780752,102.321622,100.638890,181050.0
11/17/2021,99.983569,100.142794,99.187457,99.807587,128600,0.000,0.0,-,81.928016,97.608288,102.444810,100.951470,183536.0
11/16/2021,99.388568,100.385808,99.355046,100.084122,144900,0.000,0.0,-,81.761931,97.479066,102.445648,101.145051,183500.0
11/15/2021,101.341149,101.341149,99.296391,99.941666,90600,0.000,0.0,-,81.594051,97.350991,102.367713,101.465171,184592.0
11/12/2021,101.181925,101.475229,100.377431,100.603699,99800,0.000,0.0,-,81.424940,97.258482,102.284748,102.298158,185364.0
11/11/2021,100.788053,101.818814,100.394192,100.620453,146200,0.000,0.0,-,81.246481,97.150396,102.196337,102.712973,189646.0
11/10/2021,101.810429,102.170776,100.008696,100.637207,118900,0.000,0.0,-,81.077656,96.983884,102.090747,103.157959,189016.0
11/09/2021,101.835567,102.556260,100.804812,101.709869,196200,0.000,0.0,-,80.901593,96.813030,102.015326,103.405173,190860.0
11/08/2021,102.614924,102.640070,101.223823,102.120499,155100,0.000,0.0,-,80.733854,96.639753,101.872863,103.623058,189530.0
11/05/2021,102.941751,103.335619,101.391425,102.070221,184600,0.000,0.0,-,80.568280,96.446579,101.685985,103.907982,189654.0
11/04/2021,102.598170,104.450183,101.357905,101.919380,178500,0.000,0.0,-,80.406513,96.217852,101.585842,104.004353,188422.0
11/03/2021,102.790912,103.033930,100.628832,101.743393,290700,0.000,0.0,-,80.241531,95.985465,101.539332,103.938150,187582.0
11/02/2021,108.296649,108.296649,102.824413,103.285324,237000,0.000,0.0,-,80.091446,95.757099,101.377595,103.746245,184832.0
11/01/2021,105.145738,108.372101,104.936234,108.271530,299300,0.000,0.0,-,79.926499,95.477528,101.145466,103.270255,182468.0
10/29/2021,105.028400,106.042398,103.302085,104.751854,234800,0.000,0.0,-,79.736206,95.083878,100.578130,102.271339,179642.0
10/28/2021,103.964133,105.288198,103.117743,105.070312,111900,0.000,0.0,-,79.562892,94.757783,100.177978,101.679701,177582.0
10/27/2021,103.838427,104.324471,102.405416,103.109352,198000,0.000,0.0,-,79.387614,94.383253,99.564551,101.023535,179558.0
10/26/2021,105.388757,105.497697,103.084216,103.888710,185600,0.000,0.0,-,79.230534,94.058459,99.086463,100.625478,179476.0
10/25/2021,103.117730,104.994881,102.807662,104.969742,220800,0.000,0.0,-,79.060171,93.732767,98.490634,100.122668,178460.0
10/22/2021,101.374670,103.268585,101.374670,103.033936,168500,0.000,0.0,-,78.886222,93.387792,98.002071,99.463988,176268.0
10/21/2021,99.581317,101.894234,98.877381,101.257347,188500,0.000,0.0,-,78.722366,93.079530,97.510157,99.167330,175536.0
10/20/2021,98.743301,99.874620,97.922043,99.824341,170800,0.000,0.0,-,78.563382,92.789606,96.998548,99.140514,174242.0
10/19/2021,98.625985,98.625985,97.343823,98.525421,89900,0.000,0.0,-,78.396552,92.516991,96.501186,99.008945,174242.0
10/18/2021,98.064494,98.868993,96.832617,98.282379,132700,0.000,0.0,-,78.230676,92.244648,96.004662,99.020677,176720.0
10/15/2021,99.950027,100.545023,98.768429,98.835472,160300,0.000,0.0,-,78.075940,91.980337,95.534956,98.884921,177084.0
10/14/2021,100.327142,100.327142,97.503030,98.508652,193200,0.000,0.0,-,77.918190,91.696450,95.033404,98.676255,176446.0
10/13/2021,98.625977,99.572931,96.991844,99.128784,132600,0.000,0.0,-,77.758063,91.384379,94.562859,98.105566,175218.0
10/12/2021,99.128775,99.966790,98.382943,98.860611,94400,0.000,0.0,-,77.610672,91.078100,94.092732,97.547447,175796.0
10/11/2021,99.765660,100.427686,98.382935,98.382935,139900,0.000,0.0,-,77.467600,90.751812,93.580286,96.858600,177106.0
10/08/2021,101.257340,102.246197,99.329903,100.067360,254100,0.000,0.0,-,77.327661,90.437582,93.144518,96.540155,177790.0
10/07/2021,99.170692,101.123268,99.170692,100.989189,342600,0.000,0.0,-,77.180457,90.077477,92.546594,95.852984,175402.0
10/06/2021,97.352187,98.558931,96.145450,98.508652,170900,0.000,0.0,-,77.033936,89.664881,92.005654,94.856581,171092.0
10/05/2021,96.581222,99.170685,95.659407,98.642738,227000,0.000,0.0,-,76.901762,89.287708,91.747545,93.993427,170470.0
10/04/2021,96.547702,97.218116,95.349340,96.924812,156000,0.000,0.0,-,76.767677,88.882480,91.499426,92.988647,167750.0
10/01/2021,93.338097,97.452753,92.642550,96.748817,216000,0.000,0.0,-,76.641644,88.511110,91.418997,92.184991,167366.0
09/30/2021,94.544838,95.315810,92.759869,92.801765,147300,0.000,0.0,-,76.517815,88.122059,91.341526,91.390553,165018.0
09/29/2021,92.307334,94.050406,91.569877,93.547592,119100,0.000,0.0,-,76.402142,87.833818,91.316180,91.020151,164330.0
09/28/2021,95.181736,95.181736,91.620173,91.972137,150800,0.000,0.0,-,76.291837,87.532662,91.243526,90.638017,165476.0
09/27/2021,92.600642,95.919180,92.600642,95.198486,348200,0.000,0.0,-,76.185275,87.221117,91.297221,90.301971,164658.0
09/24/2021,90.941386,93.430291,90.463717,93.195648,219400,0.000,0.0,-,76.069073,86.866245,91.160384,89.748882,159644.0
09/23/2021,90.505590,91.712334,89.885461,91.025162,62600,0.000,0.0,-,75.965449,86.568122,91.032296,89.240204,157510.0
09/22/2021,89.256984,90.488867,88.745794,89.877113,101000,0.000,0.0,-,75.871436,86.323091,90.996040,89.154726,158670.0
09/21/2021,90.136877,90.136877,87.907761,88.594933,86100,0.000,0.0,-,75.787051,86.098350,91.018438,89.501663,159748.0
09/20/2021,87.078143,89.022338,87.078143,88.888252,117000,0.000,0.0,-,75.705480,85.885565,91.054031,90.010204,160300.0
09/17/2021,89.416183,89.810051,87.815578,88.804436,520800,0.000,0.0,-,75.618778,85.660236,91.039069,90.653003,160246.0
09/16/2021,89.684356,89.684356,88.134029,89.097748,89200,0.000,0.0,-,75.534553,85.404032,91.021204,91.292500,151640.0
09/15/2021,88.192688,90.187168,87.874245,89.726257,142000,0.000,0.0,-,75.441000,85.161493,90.883508,91.612209,152038.0
09/14/2021,89.751380,89.751380,87.865846,88.611679,162800,0.000,0.0,-,75.356530,84.902711,90.740676,91.849035,152538.0
09/13/2021,88.930137,89.667587,88.008315,89.667587,164400,0.000,0.0,-,75.278291,84.670560,90.690298,92.292470,151090.0
09/10/2021,90.857559,90.857559,87.857464,88.108871,435800,0.000,0.0,-,75.194978,84.413286,90.592969,92.571886,150716.0
09/09/2021,93.019639,93.111821,89.986023,90.170387,251400,0.450,0.0,-,75.114478,84.159642,90.568567,92.824388,146470.0
09/08/2021,93.463337,94.122700,92.703809,93.346481,126800,0.000,0.0,-,75.022848,83.858592,90.398105,92.837353,145202.0
09/07/2021,94.665223,95.015771,92.854049,93.680344,199500,0.000,0.0,-,74.922705,83.515888,90.040461,92.535212,148950.0
09/03/2021,94.172781,95.424746,93.989159,95.316238,129200,0.000,0.0,-,74.806938,83.203564,89.601855,92.097858,169520.0
09/02/2021,92.795632,95.424759,92.470121,95.199402,313900,0.000,0.0,-,74.687809,82.874882,89.089385,91.425136,170936.0
09/01/2021,92.394991,93.020973,91.869168,92.294838,114700,0.000,0.0,-,74.572185,82.545031,88.561472,90.749908,168342.0
08/31/2021,92.603653,93.137824,91.585394,92.094521,211100,0.000,0.0,-,74.475613,82.271936,88.091985,90.154807,168904.0
08/30/2021,92.712170,93.738777,92.328234,93.046028,129700,0.000,0.0,-,74.380330,81.996837,87.678001,89.632317,167646.0
08/27/2021,90.792468,93.104433,90.792468,92.461754,161300,0.000,0.0,-,74.289922,81.673329,87.153010,89.088127,172022.0
08/26/2021,89.941139,91.109641,89.757517,90.633888,123000,0.000,0.0,-,74.207292,81.399400,86.663493,88.614051,175074.0
08/25/2021,90.550423,91.084594,89.966175,90.300034,136500,0.000,0.0,-,74.133266,81.139325,86.234904,88.312746,177124.0
08/24/2021,89.515468,90.350112,88.739250,90.325073,153200,0.000,0.0,-,74.039588,80.909965,85.737873,87.958857,177488.0
08/23/2021,88.914525,89.866018,88.346968,89.306808,118800,0.000,0.0,-,73.950559,80.652728,85.204119,87.545709,177680.0
08/20/2021,87.896257,88.705862,87.545708,88.589012,158000,0.000,0.0,-,73.860571,80.403504,84.657845,87.105853,179300.0
08/19/2021,85.742886,88.664137,85.709500,88.447128,131800,0.000,0.0,-,73.767421,80.138254,84.146209,86.753635,181918.0
08/18/2021,86.861300,87.186810,86.260356,86.343819,210700,0.000,0.0,-,73.666296,79.891033,83.588668,86.373036,182976.0
08/17/2021,86.794500,88.305208,86.285368,86.869621,193900,0.000,0.0,-,73.549796,79.704407,83.190961,86.029163,184336.0
08/16/2021,87.028228,88.180039,86.594216,87.604134,134800,0.000,0.0,-,73.435812,79.473709,82.771971,85.723686,184178.0
08/13/2021,87.161784,88.113276,86.819577,87.720993,111200,0.000,0.0,-,73.312064,79.225829,82.211508,85.217893,184564.0
08/12/2021,87.220203,87.695949,86.719418,87.620834,131900,0.000,0.0,-,73.187978,78.950694,81.698202,84.712935,188302.0
08/11/2021,86.118474,86.819571,85.692804,86.761147,123800,0.000,0.0,-,73.060360,78.673077,81.231636,84.157063,190394.0
08/10/2021,84.924941,86.644304,84.515968,86.193596,170800,0.000,0.0,-,72.942638,78.460496,80.832259,83.516890,191570.0
08/09/2021,85.083516,85.091857,83.480996,84.908241,213800,0.000,0.0,-,72.827424,78.268070,80.454583,82.862530,190584.0
08/06/2021,85.517542,85.542580,84.424161,85.066833,150900,0.000,0.0,-,72.709952,78.122282,80.106954,82.209838,191228.0
08/05/2021,82.846660,84.916571,82.337527,84.641144,128400,0.000,0.0,-,72.589752,77.959037,79.734702,81.538784,193432.0
08/04/2021,82.955159,83.906652,82.855000,82.905083,131800,0.000,0.0,-,72.468758,77.773074,79.302357,80.804300,197264.0
08/03/2021,84.390763,84.390763,81.853447,83.814857,161500,0.000,0.0,-,72.357432,77.635455,79.005643,80.352760,202636.0
08/02/2021,83.213914,84.432499,82.320846,82.546204,159900,0.000,0.0,-,72.246991,77.432296,78.654258,79.820256,204096.0
07/30/2021,81.644796,83.105421,81.386058,82.671410,174100,0.000,0.0,-,72.134455,77.260325,78.377156,79.205122,204724.0
07/29/2021,80.952034,83.322424,80.885267,82.062111,134700,0.000,0.0,-,72.019276,77.060434,78.083779,78.683469,204944.0
07/28/2021,79.766825,80.926978,79.115805,80.359421,127100,0.000,0.0,-,71.908831,76.887014,77.752008,78.306210,209356.0
07/27/2021,78.147634,79.750153,78.147634,79.649994,139800,0.000,0.0,-,71.804348,76.756286,77.489931,78.147629,209976.0
07/26/2021,78.589986,79.040687,77.621797,78.381325,91000,0.000,0.0,-,71.705758,76.647555,77.317994,78.046636,211226.0
07/23/2021,79.291095,79.399597,78.139290,78.356293,136800,0.000,0.0,-,71.606472,76.525824,77.302137,78.004070,214382.0
07/22/2021,77.838822,78.130946,77.129377,77.296303,98600,0.000,0.0,-,71.496857,76.336484,77.328428,77.930621,218378.0
07/21/2021,78.706847,79.190936,77.964016,78.389679,112900,0.000,0.0,-,71.391841,76.208213,77.398955,77.800415,221076.0
07/20/2021,76.578489,79.374542,76.436602,78.489822,176400,0.000,0.0,-,71.277902,76.102262,77.411475,77.658526,223018.0
07/19/2021,76.161168,77.338018,75.234714,76.394867,109900,0.000,0.0,-,71.158028,76.008262,77.403964,77.488259,221532.0
07/16/2021,78.873763,79.040689,77.404789,77.454872,97500,0.000,0.0,-,71.045624,75.927588,77.427752,77.549190,222608.0
07/15/2021,78.439764,78.857085,77.805433,78.289528,112700,0.000,0.0,-,70.926932,75.822392,77.493272,77.484089,226446.0
07/14/2021,79.207623,79.491399,78.615028,78.773605,120600,0.000,0.0,-,70.807030,75.716284,77.460303,77.197805,232640.0
07/13/2021,78.181012,79.040693,77.605112,78.640068,154900,0.000,0.0,-,70.680181,75.613619,77.463225,76.832233,236990.0
07/12/2021,77.454881,78.197713,77.237872,77.955666,113700,0.000,0.0,-,70.549965,75.495019,77.404383,76.589352,239456.0
07/09/2021,76.661955,77.663530,76.495029,77.621796,114300,0.000,0.0,-,70.419261,75.422666,77.348879,76.600203,241616.0
07/08/2021,75.435032,77.254554,75.142908,75.994247,90500,0.000,0.0,-,70.299734,75.327255,77.234116,76.726235,242224.0
07/07/2021,76.286380,77.563383,76.286380,76.970787,109100,0.000,0.0,-,70.186411,75.271206,77.238707,76.997495,251364.0
07/06/2021,76.787155,77.338023,75.142907,76.787155,167000,0.000,0.0,-,70.081130,75.209912,77.240793,77.164423,254856.0
07/02/2021,77.137713,77.379760,76.328108,77.004173,90400,0.000,0.0,-,69.980636,75.131194,77.168171,77.319669,255512.0
07/01/2021,76.086076,76.845598,76.019303,76.803864,145700,0.000,0.0,-,69.880127,75.033184,77.078469,77.306315,259842.0
06/30/2021,74.825745,75.593615,74.241491,75.426689,223500,0.000,0.0,-,69.774116,74.941673,76.936489,77.502455,261228.0
06/29/2021,76.127799,76.127799,74.917569,75.117882,188000,0.000,0.0,-,69.670011,74.857439,76.852154,77.722801,261166.0
06/28/2021,78.431419,78.681809,75.176310,76.211266,314200,0.000,0.0,-,69.553372,74.796159,76.902864,78.094218,259728.0
06/25/2021,78.606690,79.391257,77.980708,78.064171,1228000,0.000,0.0,-,69.431143,74.723643,76.920916,78.219414,256048.0
06/24/2021,79.182590,79.374555,78.489835,78.882118,200000,0.000,0.0,-,69.296603,74.613072,76.898650,78.097556,233942.0
06/23/2021,78.665113,79.015662,77.964016,78.706848,184200,0.000,0.0,-,69.158260,74.466873,76.799771,77.741996,233156.0
06/22/2021,78.222747,78.873767,77.262906,78.640068,142800,0.000,0.0,-,69.027501,74.305241,76.631581,77.479918,234924.0
06/21/2021,77.922286,78.564958,76.929058,78.339607,148200,0.000,0.0,-,68.902842,74.174348,76.500783,77.317162,234592.0
06/18/2021,78.014099,78.289533,76.436624,76.870636,348500,0.000,0.0,-,68.795677,74.043816,76.266649,77.016673,234222.0
06/17/2021,77.404794,79.007314,77.179443,78.765266,313900,0.000,0.0,-,68.690499,73.930869,76.120499,76.850624,229862.0
06/16/2021,78.873766,78.873766,76.845583,77.630150,225500,0.000,0.0,-,68.572207,73.759431,75.816078,76.370524,226466.0
06/15/2021,77.621816,78.973941,77.246230,78.832047,154700,0.000,0.0,-,68.468058,73.634118,75.604127,75.981506,224790.0
06/14/2021,77.187799,77.563386,76.787167,77.463226,162800,0.000,0.0,-,68.354505,73.471809,75.353676,75.711510,223740.0
06/11/2021,75.551889,76.862279,75.326539,76.845589,199800,0.000,0.0,-,68.244769,73.345349,75.191187,75.622418,223736.0
06/10/2021,76.169514,76.169514,74.416765,75.326523,288900,0.000,0.0,-,68.140820,73.199513,74.963645,75.699744,225934.0
06/09/2021,77.171099,77.404798,75.710474,76.086067,184700,0.450,0.0,-,68.049088,73.076085,74.641785,75.857547,225520.0
06/08/2021,75.583893,77.103878,75.019090,77.012512,278700,0.000,0.0,-,67.953518,72.915871,74.381618,75.783244,228996.0
06/07/2021,75.044011,75.467615,74.553964,75.334717,186000,0.000,0.0,-,67.854297,72.760882,74.185600,75.684403,228086.0
06/04/2021,74.205122,75.351343,73.789825,75.210144,154100,0.000,0.0,-,67.759621,72.616192,74.108354,75.516625,230218.0
06/03/2021,73.092139,74.495843,72.494112,73.964264,298100,0.000,0.0,-,67.667531,72.475490,73.965906,75.390374,231558.0
06/02/2021,76.057328,76.057328,72.660209,73.739975,236500,0.000,0.0,-,67.584737,72.362031,73.877447,75.261632,230844.0
06/01/2021,77.278295,77.485943,75.941041,76.132080,182600,0.000,0.0,-,67.502043,72.276978,73.839655,75.226747,232894.0
05/28/2021,78.358080,78.358080,76.173624,76.572311,121500,0.000,0.0,-,67.411027,72.197906,73.715067,74.995843,254560.0
05/27/2021,77.494267,78.108903,77.078971,77.618851,246000,0.000,0.0,-,67.317566,72.131624,73.521954,74.759955,259036.0
05/26/2021,75.941065,76.962696,75.492544,76.904549,261100,0.000,0.0,-,67.213595,72.063017,73.357912,74.227546,259180.0
05/25/2021,75.924459,76.314832,75.326431,75.343040,320000,0.000,0.0,-,67.110906,71.993414,73.155247,73.426023,259774.0
05/24/2021,73.823031,76.339730,73.141945,76.024101,400400,0.000,0.0,-,67.019706,71.987267,73.047685,72.979993,260620.0
05/21/2021,74.371247,75.542379,73.474205,73.656937,234500,0.000,0.0,-,66.919210,72.048233,72.941785,72.686796,257976.0
05/20/2021,72.776500,74.047305,72.494095,73.947632,191300,0.000,0.0,-,66.835377,72.143917,72.901501,72.700082,256598.0
05/19/2021,72.261545,72.734983,71.347895,72.676842,185100,0.000,0.0,-,66.749640,72.212025,72.809304,72.541438,257564.0
05/18/2021,73.955931,74.246638,73.083807,73.391129,355300,0.000,0.0,-,66.664449,72.292094,72.786877,72.493262,258416.0
05/17/2021,73.141951,73.922710,72.884469,73.823036,158100,0.000,0.0,-,66.570943,72.353742,72.678070,72.452563,255256.0
05/14/2021,72.842954,74.221740,72.294766,74.213432,202300,0.000,0.0,-,66.481085,72.379791,72.589613,72.434292,259186.0
05/13/2021,69.229874,72.784808,69.229874,72.294762,248800,0.000,0.0,-,66.392260,72.346427,72.508215,72.283954,262302.0
05/12/2021,70.600338,71.090385,68.789647,68.889320,336600,0.000,0.0,-,66.306772,72.376412,72.520258,72.488279,264062.0
05/11/2021,71.912675,72.369497,70.475748,70.882736,233500,0.000,0.0,-,66.232543,72.482446,72.654399,72.884472,262772.0
05/10/2021,73.922725,74.180207,72.527329,73.092133,210000,0.000,0.0,-,66.144790,72.563166,72.641525,73.115378,263932.0
05/07/2021,72.261516,73.823027,72.261516,73.789803,102100,0.000,0.0,-,66.054333,72.568438,72.591690,73.196775,266326.0
05/06/2021,72.352883,72.377800,71.455842,72.361191,163700,0.000,0.0,-,65.959692,72.534284,72.492850,73.102920,271716.0
05/05/2021,73.200092,73.200092,70.741540,72.195076,289400,0.000,0.0,-,65.874035,72.528372,72.435955,73.077171,272822.0
05/04/2021,73.931013,74.794830,70.849517,72.984138,422400,0.000,0.0,-,65.786427,72.476327,72.335869,73.080492,272680.0
05/03/2021,73.482513,75.110473,73.399455,73.640327,338100,0.000,0.0,-,65.695528,72.363676,72.254886,72.903578,269628.0
04/30/2021,73.856268,74.005774,72.685136,72.710052,278200,0.000,0.0,-,65.598976,72.200356,72.108701,72.744933,266626.0
04/29/2021,73.440971,74.529052,73.067207,74.338013,221700,0.000,0.0,-,65.507198,72.036123,72.030210,72.732475,263920.0
04/28/2021,73.299770,73.847964,72.552236,72.851250,144700,0.000,0.0,-,65.393457,71.829573,71.790999,72.552237,265960.0
04/27/2021,74.005772,74.645332,72.743275,73.191795,547500,0.000,0.0,-,65.283673,71.662848,71.606192,72.424326,269688.0
04/26/2021,73.266545,74.811448,73.233321,73.906105,283700,0.000,0.0,-,65.174599,71.536948,71.350370,72.167672,270104.0
04/23/2021,72.195081,73.490809,71.680118,72.851250,199800,0.000,0.0,-,65.054429,71.536029,71.118218,71.986604,272898.0
04/22/2021,72.394411,73.208388,71.464146,72.103699,306900,0.000,0.0,-,64.945954,71.554223,70.880667,71.882781,273056.0
04/21/2021,71.264811,72.352884,70.492360,72.228294,215000,0.000,0.0,-,64.837617,71.558092,70.684234,71.794740,269244.0
04/20/2021,71.754883,72.386135,71.181772,71.214996,220400,0.000,0.0,-,64.739128,71.555498,70.487384,71.591246,268142.0
04/19/2021,72.377809,72.477483,71.389402,72.053879,116100,0.000,0.0,-,64.646032,71.508499,70.401001,71.606194,265660.0
04/16/2021,73.258250,73.399455,71.937611,72.585472,130200,0.000,0.0,-,64.547638,71.449023,70.407231,71.472469,266112.0
04/15/2021,72.336283,72.577155,71.090394,72.535629,122700,0.000,0.0,-,64.449448,71.329129,70.440869,71.327945,266614.0
04/14/2021,70.625261,72.278138,70.625261,71.572136,160700,0.000,0.0,-,64.344596,71.208578,70.523513,71.029761,266508.0
04/13/2021,71.646891,72.020655,70.517285,70.625259,272600,0.000,0.0,-,64.234501,71.099522,70.616124,70.788058,267748.0
04/12/2021,71.655209,72.602090,71.489093,72.095428,126200,0.000,0.0,-,64.140632,70.985256,70.836646,70.533067,266472.0
04/09/2021,71.190074,71.962526,70.633579,71.813019,129700,0.000,0.0,-,64.031682,70.880455,71.185494,70.249832,266482.0
04/08/2021,70.301332,71.331264,69.919260,71.223289,130500,0.000,0.0,-,63.937069,70.752689,71.516900,69.878554,268992.0
04/07/2021,71.273118,71.273118,69.769748,70.193352,144100,0.000,0.0,-,63.838574,70.691464,71.823388,69.573727,269578.0
04/06/2021,70.317937,71.696717,69.994001,71.364479,141700,0.000,0.0,-,63.744247,70.667710,72.147735,69.383521,268826.0
04/05/2021,71.937593,72.261523,70.209960,70.716621,102200,0.000,0.0,-,63.637030,70.634758,72.403187,69.195808,269260.0
04/01/2021,69.844508,71.190069,69.844508,71.140236,162600,0.000,0.0,-,63.528840,70.598884,72.623631,69.341993,269672.0
03/31/2021,69.213248,70.417604,68.831176,69.553787,309700,0.000,0.0,-,63.421721,70.610610,72.693881,69.553793,269634.0
03/30/2021,68.282989,69.628551,68.249764,69.155113,268200,0.000,0.0,-,63.311738,70.625449,72.905893,70.017265,268160.0
03/29/2021,69.088672,70.625266,67.925841,68.075348,358500,0.000,0.0,-,63.195977,70.646608,73.157687,70.444189,266124.0
03/26/2021,68.980679,69.645148,67.925823,69.263077,233200,0.000,0.0,-,63.070074,70.686882,73.499857,71.140224,261448.0
03/25/2021,67.817837,68.665038,65.517093,68.100235,292600,0.000,0.0,-,62.961462,70.701912,73.704488,72.121156,260010.0
03/24/2021,68.989003,70.450847,68.091968,68.175026,221100,0.000,0.0,-,62.868808,70.773776,73.903583,73.155246,256758.0
03/23/2021,68.939151,69.603627,67.884302,68.291290,262400,0.000,0.0,-,62.783346,70.806597,74.098111,74.073048,254494.0
03/22/2021,72.278135,72.278135,68.955766,69.487350,339000,0.000,0.0,-,62.698529,70.844371,74.163187,74.911948,252104.0
03/19/2021,73.391131,74.254947,72.153550,72.178467,1265900,0.000,0.0,-,62.583479,70.859878,74.056401,75.610566,247842.0
03/18/2021,73.931024,76.863014,73.200099,73.258240,345300,0.000,0.0,-,62.456396,70.805518,73.721192,75.905270,227848.0
03/17/2021,73.706754,74.711770,73.416048,74.188499,253200,0.000,0.0,-,62.313475,70.669523,73.283202,75.833968,224460.0
03/16/2021,74.811442,74.811442,72.419339,73.424355,290800,0.000,0.0,-,62.159284,70.492758,72.774302,75.794521,224140.0
03/15/2021,78.814903,78.814903,74.653634,75.035706,362300,0.000,0.0,-,62.002699,70.370972,72.328833,75.871185,222624.0
03/12/2021,78.474367,79.437850,77.652076,79.072388,268200,0.000,0.0,-,61.838464,70.215967,71.921887,75.859489,220154.0
03/11/2021,78.275017,78.482665,76.946071,78.441139,165600,0.000,0.0,-,61.665701,69.964185,71.661277,75.287821,222906.0
03/10/2021,76.954370,78.590637,76.107162,77.353050,239600,0.400,0.0,-,61.484114,69.788376,71.427266,74.651920,222134.0
03/09/2021,77.391519,78.036585,76.250242,76.680290,227700,0.000,0.0,-,61.298748,69.646238,71.174471,74.123173,218770.0
03/08/2021,75.257822,77.565178,74.736808,76.473526,197300,0.000,0.0,-,61.112157,69.520533,70.945388,73.414425,216672.0
03/05/2021,72.776801,75.208209,72.222706,75.125504,354600,0.000,0.0,-,60.924609,69.403594,70.564964,72.502235,215740.0
03/04/2021,73.380508,74.149626,71.974589,72.545227,358100,0.000,0.0,-,60.737385,69.334787,70.262691,71.537115,213994.0
03/03/2021,74.406007,75.621711,73.794022,73.794022,336800,0.000,0.0,-,60.574271,69.325359,69.964968,70.732435,221998.0
03/02/2021,74.439100,74.836060,73.041452,74.190994,272100,0.000,0.0,-,60.387247,69.285993,69.600671,69.754083,219946.0
03/01/2021,74.439086,75.373604,73.306082,74.918747,291500,0.000,0.0,-,60.194055,69.236537,69.197089,68.786482,220760.0
02/26/2021,72.363304,74.943575,71.999418,73.355713,329700,0.000,0.0,-,60.006036,69.177820,68.696749,67.984286,219946.0
02/25/2021,71.685156,73.694788,71.494941,72.082123,371600,0.000,0.0,-,59.829083,69.104051,68.371733,68.034732,218856.0
02/24/2021,69.262022,72.363306,69.137969,72.065582,219000,0.000,0.0,-,59.679656,69.092141,68.038862,68.202613,217476.0
02/23/2021,66.797517,69.849182,66.574227,69.592812,282300,0.000,0.0,-,59.539937,69.064023,67.843687,68.225769,217236.0
02/22/2021,65.002922,67.409522,64.796169,67.351631,269800,0.000,0.0,-,59.407749,69.111328,67.814329,68.476350,219034.0
02/19/2021,64.581125,66.367468,64.581125,65.474297,188000,0.000,0.0,-,59.277102,69.213711,67.932590,68.627692,220986.0
02/18/2021,63.539101,65.193119,62.927110,64.498428,142900,0.000,0.0,-,59.164979,69.348680,68.105022,68.988268,220610.0
02/17/2021,64.060124,64.440548,62.224163,64.010506,323700,0.000,0.0,-,59.042342,69.518713,68.466426,69.197501,222128.0
02/16/2021,66.723097,67.665887,64.473631,64.514984,331100,0.000,0.0,-,58.913495,69.684115,68.780689,69.447259,222038.0
02/12/2021,72.470823,72.470823,66.309606,66.896782,568300,0.000,0.0,-,58.784685,69.824773,69.065593,69.607697,218094.0
02/11/2021,73.992501,75.911161,72.950467,73.860176,423400,0.000,0.0,-,58.655946,69.926028,69.225205,69.409212,210970.0
02/10/2021,72.991814,74.273674,72.189615,73.760933,207700,0.000,0.0,-,58.468915,69.856567,69.032926,68.708734,208746.0
02/09/2021,72.057309,72.305414,70.469452,72.297142,116300,0.000,0.0,-,58.275152,69.837991,68.929551,67.875111,206782.0
02/08/2021,69.336413,72.139978,69.162742,72.098625,159900,0.000,0.0,-,58.077661,69.851326,68.805499,67.461604,207132.0
02/05/2021,69.890539,70.039401,68.112469,68.865044,96300,0.000,0.0,-,57.881326,69.869454,68.709566,67.152307,208924.0
02/04/2021,66.524608,69.237197,66.524608,69.080063,138700,0.000,0.0,-,57.702457,69.932332,68.779449,67.237489,212064.0
02/03/2021,66.293042,66.706546,65.168309,66.590759,155300,0.000,0.0,-,57.518290,69.987617,68.798470,67.221776,213606.0
02/02/2021,67.244117,67.392979,65.871285,66.508080,117400,0.000,0.0,-,57.349737,70.122159,68.791854,67.735350,216530.0
02/01/2021,65.614886,66.367467,64.870583,66.119362,222700,0.000,0.0,-,57.183710,70.202539,68.733963,68.114120,217444.0
01/29/2021,66.822329,66.822329,64.771344,64.911934,208800,0.000,0.0,-,57.013575,70.309957,68.794748,68.523490,219190.0
01/28/2021,66.350930,68.095914,66.350930,66.855400,126700,0.000,0.0,-,56.850411,70.453214,68.913424,69.041198,223856.0
01/27/2021,66.549431,67.004282,64.589417,65.424698,255200,0.000,0.0,-,56.684921,70.575713,68.894818,69.357118,226248.0
01/26/2021,69.749935,69.832641,68.029761,68.162079,159800,0.000,0.0,-,56.518949,70.727979,69.106119,69.983991,224754.0
01/25/2021,69.361268,70.055952,68.319234,69.005653,106500,0.000,0.0,-,56.343677,70.864024,69.210322,70.149393,227356.0
01/22/2021,67.988406,69.931876,67.392958,69.716858,163400,0.000,0.0,-,56.160532,71.002627,69.279790,70.266825,232804.0
01/21/2021,71.858820,71.858820,68.831970,68.922935,122800,0.000,0.0,-,55.960185,71.124865,69.325277,70.321409,241346.0
01/20/2021,70.295773,71.941519,70.295773,71.726501,160700,0.000,0.0,-,55.752720,71.177694,69.463387,70.375164,247964.0
01/19/2021,70.527338,70.932571,68.616949,70.295776,236000,0.000,0.0,-,55.520109,71.193550,69.480754,69.848359,251384.0
01/15/2021,69.468757,70.750623,69.361248,70.213066,166400,0.000,0.0,-,55.313943,71.213818,69.557251,69.353806,252420.0
01/14/2021,70.684460,71.279907,69.898797,70.089012,124700,0.000,0.0,-,55.101449,71.208738,69.632509,69.066006,261384.0
01/13/2021,71.610724,71.610724,69.543201,70.014603,161300,0.000,0.0,-,54.902490,71.171398,69.727201,68.785651,273368.0
01/12/2021,69.865739,71.767856,69.865739,71.693428,130000,0.000,0.0,-,54.704959,71.031982,69.709834,68.432517,277588.0
01/11/2021,69.212380,70.676184,69.212380,69.816093,107900,0.000,0.0,-,54.503988,70.879571,69.699496,68.228246,282826.0
01/08/2021,70.891206,71.536272,69.543177,70.179977,142900,0.000,0.0,-,54.314517,70.740339,69.741674,68.271252,287098.0
01/07/2021,68.964291,70.461176,68.922938,70.262695,125900,0.000,0.0,-,54.105193,70.594817,69.830579,68.292756,292060.0
01/06/2021,67.517017,69.931882,67.161403,69.460487,266200,0.000,0.0,-,53.896918,70.431506,69.940984,68.329145,293292.0
01/05/2021,65.201393,67.078707,65.201393,66.458450,175900,0.000,0.0,-,53.671211,70.306630,70.079095,68.551611,291232.0
01/04/2021,68.145537,68.319208,65.060791,65.350243,237200,0.000,0.0,-,53.464616,70.240478,70.406177,69.113149,292854.0
12/31/2020,67.194485,67.806470,66.574229,67.335075,215000,0.000,0.0,-,53.270506,70.161749,70.752695,69.760697,291232.0
12/30/2020,66.599035,68.054572,66.599035,67.285454,238800,0.000,0.0,-,53.039871,70.035585,70.963336,70.199011,290412.0
12/29/2020,69.270292,69.468772,65.962255,66.483269,405800,0.000,0.0,-,52.857204,69.898724,71.197039,70.668752,288622.0
12/28/2020,70.990470,70.990470,69.303376,69.650719,127000,0.000,0.0,-,52.691057,69.781858,71.392233,70.987151,284796.0
12/24/2020,71.048347,71.048347,69.311623,70.246147,71400,0.000,0.0,-,52.551716,69.623376,71.551305,71.170746,286030.0
12/23/2020,70.849871,71.288185,70.287504,70.395020,122800,0.000,0.0,-,52.404606,69.419233,71.687191,71.212097,289336.0
12/22/2020,71.610724,71.701695,70.419835,70.626587,150700,0.000,0.0,-,52.284612,69.204045,71.817692,71.368403,289636.0
12/21/2020,70.709272,72.049029,68.525968,71.685143,267300,0.000,0.0,-,52.184172,68.990976,71.886810,71.552823,288934.0
12/18/2020,72.131728,73.471478,71.834004,72.073837,758300,0.000,0.0,-,52.076003,68.746527,71.894766,71.606580,286442.0
12/17/2020,72.040746,72.040746,70.825042,71.825722,234200,0.000,0.0,-,51.978724,68.503690,71.956969,71.699205,275440.0
12/16/2020,72.603115,72.768515,70.932554,71.718216,312800,0.000,0.0,-,51.880574,68.237660,71.892036,71.744693,274628.0
12/15/2020,70.279228,72.528687,69.137951,71.982864,250800,0.000,0.0,-,51.795876,67.931959,71.880639,71.727661,271976.0
12/14/2020,71.974616,72.603145,69.667259,69.667259,275200,0.000,0.0,-,51.702017,67.618167,71.885236,71.725327,269500.0
12/11/2020,70.105554,71.602445,69.923617,71.486664,302600,0.000,0.0,-,51.633864,67.336856,72.050890,71.797314,267850.0
12/10/2020,71.668612,72.007683,70.419827,70.659660,207000,0.000,0.0,-,51.547975,66.997424,72.128456,71.931863,265154.0
12/09/2020,73.016647,73.016647,71.561109,71.958076,372200,0.000,0.0,-,51.464285,66.662512,72.343690,72.162284,265774.0
12/08/2020,71.536269,72.776783,71.246817,72.470787,367400,0.000,0.0,-,51.378461,66.297680,72.542575,72.266982,260854.0
12/07/2020,72.900857,72.900857,71.974604,72.222710,169200,0.000,0.0,-,51.295967,65.934450,72.710474,72.220796,257976.0
12/04/2020,72.785074,73.628620,72.247517,73.000092,218800,0.400,0.0,-,51.222465,65.558069,72.677557,72.182953,258064.0
12/03/2020,71.350335,73.153235,70.757600,72.280602,319200,0.000,0.0,-,51.147860,65.150005,72.653519,72.214732,258114.0
12/02/2020,71.506733,71.992442,70.930466,71.547897,133900,0.000,0.0,-,51.080002,64.740689,72.604948,72.039380,257086.0
12/01/2020,71.621987,72.626342,71.375012,71.959518,212100,0.000,0.0,-,51.011730,64.384061,72.525505,72.033617,259540.0
11/30/2020,72.338215,72.716905,70.263643,70.387131,312200,0.000,0.0,-,50.944185,64.011462,72.338630,72.045145,263668.0
11/27/2020,72.947414,73.573079,71.819571,72.832161,109500,0.000,0.0,-,50.888983,63.722011,71.971465,72.304465,275180.0
11/25/2020,72.453462,73.342557,72.074771,72.963867,133800,0.000,0.0,-,50.819618,63.399135,71.533501,72.325048,281010.0
11/24/2020,73.210861,74.042337,72.008929,73.005051,249500,0.000,0.0,-,50.743984,63.077907,71.028031,72.525096,291076.0
11/23/2020,72.469947,73.186170,71.910143,72.008934,253300,0.000,0.0,-,50.738543,62.729840,70.522973,72.818169,296886.0
11/20/2020,72.939189,72.996816,71.350333,71.844276,215800,0.000,0.0,-,50.727466,62.381773,70.027382,73.200153,298730.0
11/19/2020,70.551794,73.984716,69.753255,73.317886,301500,0.000,0.0,-,50.719795,61.980690,69.596004,73.172161,299620.0
11/18/2020,71.457343,72.338211,70.477684,70.527077,163100,0.000,0.0,-,50.713234,61.549641,69.087652,73.092307,300474.0
11/17/2020,71.177443,72.379375,69.975512,71.490273,310000,0.000,0.0,-,50.727207,61.162224,68.631988,73.170515,302152.0
11/16/2020,74.495117,74.898509,71.045739,72.074791,442100,0.000,0.0,-,50.733860,60.756688,68.108818,73.017393,300060.0
11/13/2020,73.408422,74.453942,72.469927,72.980339,246300,0.000,0.0,-,50.732626,60.366291,67.527198,72.632115,296732.0
11/12/2020,74.281083,74.758558,72.066562,73.037987,180500,0.000,0.0,-,50.720406,59.980851,66.910179,71.638464,297958.0
11/11/2020,76.429716,76.520273,74.124645,74.964348,289900,0.000,0.0,-,50.715810,59.658222,66.344612,70.741953,299628.0
11/10/2020,76.528518,77.022462,75.392447,75.935783,378900,0.000,0.0,-,50.701420,59.275636,65.598344,69.530967,298434.0
11/09/2020,75.697044,78.850060,75.590025,75.828766,590500,0.000,0.0,-,50.689479,58.859061,64.783335,68.227776,295214.0
11/06/2020,72.618109,73.350794,70.823443,71.564362,453700,0.000,0.0,-,50.675651,58.478491,63.990553,66.854611,287032.0
11/05/2020,71.992466,73.630722,71.893681,72.519341,331700,0.000,0.0,-,50.688433,58.169631,63.385471,66.019846,282180.0
11/04/2020,69.152271,72.000686,69.152271,71.309166,287800,0.000,0.0,-,50.700033,57.829565,62.756103,65.082997,281424.0
11/03/2020,67.291747,70.798756,65.208947,69.959053,614600,0.000,0.0,-,50.717563,57.524499,62.116855,64.093460,280364.0
11/02/2020,64.542118,69.498028,64.542118,68.222008,723900,0.000,0.0,-,50.742812,57.264922,61.440563,63.200243,272492.0
10/30/2020,63.603628,64.451565,62.656899,63.043823,372300,0.000,0.0,-,50.777836,57.039923,60.844124,62.422281,262718.0
10/29/2020,62.574584,64.624454,61.743109,64.072884,391900,0.000,0.0,-,50.841173,56.922413,60.472019,62.181894,262202.0
10/28/2020,61.240928,63.702418,61.240928,62.854481,321500,0.000,0.0,-,50.892140,56.768944,59.994127,61.947270,256860.0
10/27/2020,61.817193,63.537770,61.817193,62.903877,391000,0.000,0.0,-,50.944435,56.647696,59.547106,61.665721,253642.0
10/26/2020,62.195906,62.451109,61.553772,62.097115,187500,0.000,0.0,-,50.993576,56.537730,59.087737,61.338895,249948.0
10/23/2020,63.488384,63.743587,61.422046,63.216713,163200,0.000,0.0,-,51.044289,56.439809,58.698344,61.126496,250034.0
10/22/2020,61.751344,63.224947,61.092749,63.150852,257000,0.000,0.0,-,51.085973,56.334055,58.207692,60.751096,250696.0
10/21/2020,61.018647,61.841888,60.672881,61.413799,156100,0.000,0.0,-,51.122012,56.228638,57.679994,60.429208,248834.0
10/20/2020,61.224457,61.981837,60.689349,61.026875,174000,0.000,0.0,-,51.164597,56.136858,57.200044,60.140250,251198.0
10/19/2020,60.714058,61.743110,60.294203,60.442387,149300,0.000,0.0,-,51.214041,56.043655,56.834526,59.680883,251478.0
10/16/2020,61.611380,61.833659,60.598797,60.639961,214500,0.000,0.0,-,51.260959,55.976865,56.478885,59.265968,252690.0
10/15/2020,58.944079,61.743101,58.639484,61.726639,188700,0.000,0.0,-,51.309431,55.882566,56.242615,58.762143,254144.0
10/14/2020,60.500003,62.014770,59.989598,60.038990,236700,0.000,0.0,-,51.348111,55.785838,55.990703,58.040983,256562.0
10/13/2020,59.141666,59.923750,58.688887,59.635616,137800,0.000,0.0,-,51.395511,55.721064,55.833875,57.428492,261740.0
10/12/2020,59.528578,60.187174,59.396863,59.973129,115600,0.000,0.0,-,51.446260,55.641126,55.632180,56.836580,264770.0
10/09/2020,60.771666,60.771666,58.894677,59.462715,142700,0.000,0.0,-,51.500045,55.535461,55.363803,56.270192,266836.0
10/08/2020,58.532458,60.038992,58.244325,59.931973,208200,0.000,0.0,-,51.555090,55.463234,54.980173,55.664287,267320.0
10/07/2020,57.174104,58.845289,56.918902,58.524220,193600,0.000,0.0,-,51.610695,55.393565,54.571846,54.930779,268204.0
10/06/2020,56.935375,58.186699,56.392032,56.433197,180200,0.000,0.0,-,51.672087,55.327021,54.203446,54.259838,271466.0
10/05/2020,56.062733,56.589607,55.362979,56.293240,127000,0.000,0.0,-,51.737839,55.279231,53.942460,53.988169,272538.0
10/02/2020,53.494216,55.848680,53.123754,55.601711,192700,0.000,0.0,-,51.799891,55.220006,53.755546,53.691802,273424.0
10/01/2020,54.169282,55.033681,53.716496,54.515041,167800,0.000,0.0,-,51.862817,55.207986,53.660876,53.723087,273166.0
09/30/2020,54.193979,54.877271,53.551852,53.914074,238000,0.000,0.0,-,51.930370,55.214918,53.780453,53.940422,273318.0
09/29/2020,54.235143,54.251611,53.049680,53.716503,126200,0.000,0.0,-,51.996527,55.241231,53.876501,54.239259,272024.0
09/28/2020,54.292778,54.984304,53.897625,54.309246,223500,0.000,0.0,-,52.059676,55.260371,53.946028,54.427780,272672.0
09/25/2020,51.995922,53.576547,51.995922,53.403667,173600,0.000,0.0,-,52.113160,55.270274,54.070579,54.457415,273014.0
09/24/2020,51.864205,53.321340,51.279705,52.596889,221300,0.000,0.0,-,52.166731,55.288800,54.206462,54.296060,273596.0
09/23/2020,53.593013,54.399792,51.699558,51.814812,267800,0.000,0.0,-,52.221148,55.323952,54.352420,54.212913,274584.0
09/22/2020,53.658876,54.333934,52.720382,53.716503,256600,0.000,0.0,-,52.281493,55.319451,54.564473,54.147055,274158.0
09/21/2020,53.922309,54.325696,52.522798,53.329575,418500,0.000,0.0,-,52.328536,55.263010,54.727659,53.896752,272738.0
09/18/2020,56.803661,57.528111,55.659356,55.914558,887800,0.000,0.0,-,52.373315,55.223960,54.909782,53.819290,268930.0
09/17/2020,56.112126,56.713089,55.041910,56.688393,401000,0.000,0.0,-,52.403118,55.103109,54.972471,53.598665,257430.0
09/16/2020,55.823993,57.750380,55.511163,56.902443,637100,0.000,0.0,-,52.433797,54.992466,54.958024,53.620484,255298.0
09/15/2020,54.959584,56.120351,54.671451,55.601711,540000,0.000,0.0,-,52.461999,54.863145,54.952505,53.513743,249218.0
09/14/2020,52.539261,54.762010,52.448704,54.605598,345500,0.000,0.0,-,52.497950,54.801719,55.042697,53.464277,243252.0
09/11/2020,51.888903,52.300524,51.362029,51.790115,260300,0.000,0.0,-,52.532811,54.761524,55.172470,53.683743,244426.0
09/10/2020,52.308762,52.695687,51.485521,51.765423,344200,0.400,0.0,-,52.575556,54.773222,55.479417,54.116865,246064.0
09/09/2020,51.548855,51.843327,50.796316,51.156227,247000,0.000,0.0,-,52.614083,54.796865,55.785144,54.491926,246264.0
09/08/2020,51.548848,52.489519,50.338244,51.213478,205400,0.000,0.0,-,52.654650,54.805045,56.068573,54.981892,250018.0
09/04/2020,54.477193,54.730770,51.884211,52.554951,275700,0.000,0.0,-,52.695413,54.771835,56.326235,55.558565,268712.0
09/03/2020,56.898411,57.045647,53.462914,53.708309,307600,0.000,0.0,-,52.723678,54.757766,56.553633,56.000274,274006.0
09/02/2020,55.998628,57.192872,55.205191,56.906582,264000,0.000,0.0,-,52.748389,54.689710,56.664469,56.346277,281262.0
09/01/2020,55.213374,56.407618,54.730771,55.835037,230200,0.000,0.0,-,52.756987,54.609385,56.663651,56.295564,286816.0
08/31/2020,56.489419,56.489419,55.090681,55.107044,217900,0.000,0.0,-,52.765596,54.523170,56.711912,56.391267,291964.0
08/28/2020,56.669387,57.029299,55.982290,56.800266,181400,0.000,0.0,-,52.772134,54.447589,56.738496,56.621117,321164.0
08/27/2020,56.203130,56.898409,55.745066,56.121334,211100,0.000,0.0,-,52.769322,54.310005,56.632977,56.661197,327990.0
08/26/2020,56.137690,56.194949,54.902551,55.516033,293900,0.000,0.0,-,52.775935,54.169150,56.619480,56.841969,333824.0
08/25/2020,57.307383,57.536416,55.646894,56.055882,234800,0.000,0.0,-,52.775322,54.053161,56.666104,57.078362,341414.0
08/24/2020,57.258322,57.888161,56.571225,56.980213,221000,0.000,0.0,-,52.772693,53.883186,56.623161,57.155254,348738.0
08/21/2020,56.522149,57.274685,55.875947,56.972038,235200,0.000,0.0,-,52.762226,53.663641,56.476334,57.093906,353328.0
08/20/2020,55.745066,57.839083,55.638725,57.168343,346500,0.000,0.0,-,52.762214,53.382093,56.294333,57.106993,362804.0
08/19/2020,57.176526,57.601870,56.350368,56.399445,124800,0.000,0.0,-,52.763391,53.189541,56.185951,56.982660,364522.0
08/18/2020,57.421915,57.618234,56.530324,56.792076,160600,0.000,0.0,-,52.914336,53.052939,56.109061,57.031738,369840.0
08/17/2020,57.258305,58.092637,57.192865,57.405540,206300,0.000,0.0,-,53.055114,52.938750,56.030944,57.032557,375196.0
08/14/2020,56.947498,57.749111,56.653026,57.201069,191800,0.000,0.0,-,53.192182,52.817199,55.894342,56.855875,386462.0
08/13/2020,57.749091,58.673408,57.135609,57.929047,196300,0.000,0.0,-,53.324723,52.602726,55.774508,56.604756,393386.0
08/12/2020,57.814531,58.346217,57.356467,57.879971,163900,0.000,0.0,-,53.450247,52.379378,55.594554,56.396991,400052.0
08/11/2020,57.102904,58.084479,56.481246,56.824795,274300,0.000,0.0,-,53.578268,52.115263,55.418280,56.253846,402004.0
08/10/2020,57.151990,58.010861,56.203135,56.366734,188000,0.000,0.0,-,53.723989,51.845771,55.156528,56.091069,402124.0
08/07/2020,56.260395,57.135629,55.892308,57.102909,209900,0.000,0.0,-,53.865407,51.560585,54.882914,55.858762,404390.0
08/06/2020,56.636650,57.372829,55.646899,55.925014,287200,0.000,0.0,-,53.995624,51.262300,54.596622,55.481674,409892.0
08/05/2020,57.765462,58.068109,55.835039,56.890228,309600,0.000,0.0,-,54.135712,51.034197,54.293972,55.389243,410848.0
08/04/2020,59.090596,60.595675,56.612129,56.800266,495600,0.000,0.0,-,54.265866,50.738866,54.007272,55.186384,413076.0
08/03/2020,55.123399,56.145869,54.264522,55.638721,289300,0.000,0.0,-,54.400894,50.408458,53.689079,55.029330,409774.0
07/31/2020,55.352431,55.385151,53.340211,54.689873,218900,0.000,0.0,-,54.534733,50.082924,53.533663,54.932809,410602.0
07/30/2020,55.352433,56.064074,53.806459,55.851398,166900,0.000,0.0,-,54.671828,49.768407,53.428963,54.944260,412910.0
07/29/2020,55.254277,56.530317,54.828926,56.448521,252400,0.000,0.0,-,54.797044,49.404992,53.255143,54.792117,416870.0
07/28/2020,54.076392,56.276750,54.076392,55.197021,356700,0.000,0.0,-,54.920602,49.074471,53.080095,54.582714,422252.0
07/27/2020,53.217509,54.068205,52.620391,54.043667,233800,0.000,0.0,-,55.039841,48.698314,52.898505,54.221987,421172.0
07/24/2020,55.017062,55.017062,53.242050,53.332027,171300,0.000,0.0,-,55.165049,48.328491,52.673970,53.907067,429782.0
07/23/2020,54.485379,55.957739,54.485379,55.000702,179800,0.000,0.0,-,55.294297,48.008153,52.599944,53.711571,436666.0
07/22/2020,54.910721,55.589643,54.379042,54.861645,175400,0.000,0.0,-,55.417695,47.667438,52.365185,53.198701,446350.0
07/21/2020,55.107037,56.104963,54.918900,55.229729,173300,0.000,0.0,-,55.541185,47.414140,52.266619,52.828159,453930.0
07/20/2020,54.280879,54.869823,53.806451,54.673504,158600,0.000,0.0,-,55.652741,47.191983,52.081348,52.348827,460212.0
07/17/2020,54.354497,55.164298,53.790098,54.804386,240600,0.000,0.0,-,55.768808,46.961618,51.914073,52.134518,470120.0
07/16/2020,53.978234,54.730776,53.454730,54.329964,202700,0.000,0.0,-,55.882492,46.689972,51.669907,51.913665,487600.0
07/15/2020,53.266593,54.755309,52.759445,54.354496,270700,0.000,0.0,-,56.007394,46.464366,51.407337,51.718169,507324.0
07/14/2020,50.649078,51.655192,49.945622,51.589752,246500,0.000,0.0,-,56.129881,46.176700,51.175441,51.577477,514112.0
07/13/2020,51.957831,52.923039,50.845383,50.894463,185600,0.000,0.0,-,56.271620,45.909727,50.973809,51.575023,521562.0
07/10/2020,50.084668,51.434329,49.986512,51.377071,228100,0.000,0.0,-,56.415951,45.666894,50.729234,51.440874,530770.0
07/09/2020,50.878108,51.393434,49.356672,49.871998,312800,0.000,0.0,-,56.547937,45.462333,50.305113,51.488317,539436.0
07/08/2020,50.411869,51.172587,49.569351,51.156227,294400,0.000,0.0,-,56.695209,45.193975,50.188552,51.531669,539916.0
07/07/2020,51.851503,52.186874,50.354609,50.436405,333100,0.000,0.0,-,56.839398,44.871017,50.109208,51.705080,545022.0
07/06/2020,53.929157,53.929157,52.145969,52.530418,241700,0.000,0.0,-,56.985697,44.518268,50.141518,51.813869,549620.0
07/02/2020,53.511989,54.158190,52.571315,52.595860,404200,0.000,0.0,-,57.125588,44.124289,50.081396,51.693627,553232.0
07/01/2020,53.135714,53.577422,52.162324,52.374996,342200,0.000,0.0,-,57.267243,43.734200,49.775473,51.426148,551432.0
06/30/2020,51.172569,53.192967,50.910817,52.947578,354200,0.000,0.0,-,57.413500,43.331632,49.494807,51.096505,550054.0
06/29/2020,50.518197,52.006916,49.953795,51.565208,434700,0.000,0.0,-,57.561518,42.930285,49.081138,50.773405,549310.0
06/26/2020,51.491580,52.219578,49.503899,49.552979,1140100,0.000,0.0,-,57.714478,42.565032,48.670388,50.372596,554398.0
06/25/2020,50.076495,51.941479,49.921077,51.851501,540400,0.000,0.0,-,57.878183,42.215819,48.298111,50.017594,540788.0
06/24/2020,51.900573,51.957831,49.569340,50.305519,670400,0.000,0.0,-,58.023117,41.824371,47.814969,49.121909,538758.0
06/23/2020,52.448627,53.479273,51.794244,52.890335,541700,0.000,0.0,-,58.172283,41.493410,47.525686,48.845434,533596.0
06/22/2020,50.910818,51.753332,49.937424,51.524300,487600,0.000,0.0,-,58.312264,41.080211,46.987354,48.513335,530966.0
06/19/2020,50.469121,51.442511,49.463011,51.327995,1677900,0.000,0.0,-,58.460201,40.711877,46.425133,48.469166,532740.0
06/18/2020,48.317838,50.379138,48.317838,49.921070,522700,0.000,0.0,-,58.596611,40.332850,45.826834,48.469166,512934.0
06/17/2020,49.961983,49.961983,48.636860,49.078568,502800,0.000,0.0,-,58.737290,39.927376,45.278981,48.124798,522096.0
06/16/2020,49.929251,50.027407,47.777974,49.716576,673400,0.000,0.0,-,58.889037,39.494404,44.709085,47.893110,531086.0
06/15/2020,43.998920,47.933382,43.459056,47.557114,601000,0.000,0.0,-,59.034106,39.004160,44.219380,47.388871,531692.0
06/12/2020,44.923233,46.035681,43.230023,46.002964,450500,0.000,0.0,-,59.180591,38.634269,43.660981,46.968180,534106.0
06/11/2020,44.825077,45.062291,42.641083,42.894653,709000,0.000,0.0,-,59.329835,38.268495,43.138459,46.578628,542064.0
06/10/2020,49.283058,49.283058,46.624635,47.540768,432400,0.000,0.0,-,59.500354,38.016546,42.859483,46.508030,538188.0
06/09/2020,49.937433,50.812667,48.473256,49.569344,390700,0.000,0.0,-,59.639103,37.675899,42.380692,46.205939,545042.0
06/08/2020,52.366826,52.759458,50.542743,51.082607,428400,0.000,0.0,-,59.775446,37.314499,42.012064,45.461374,548130.0
06/05/2020,48.628675,52.399542,48.056091,51.327995,769600,0.400,0.0,-,59.911360,36.931281,41.664026,44.381100,553440.0
06/04/2020,46.290575,47.484592,45.259007,46.477394,538000,0.000,0.0,-,60.035703,36.471028,41.255389,43.184502,556084.0
06/03/2020,45.583906,46.891642,45.518927,46.761681,529600,0.000,0.0,-,60.186424,36.113634,40.992624,42.433163,563784.0
06/02/2020,44.105613,44.925995,43.910673,44.674194,261500,0.000,0.0,-,60.327103,35.664781,40.807023,41.525060,572002.0
06/01/2020,42.334875,43.861920,42.139934,43.350197,280300,0.000,0.0,-,60.464830,35.274084,40.571873,41.049888,588524.0
05/29/2020,41.595721,42.497328,40.994652,42.107445,301300,0.000,0.0,-,60.610059,34.937647,40.316418,40.353783,601204.0
05/28/2020,44.861000,44.917858,41.847524,42.188671,485000,0.000,0.0,-,60.782871,34.519659,40.148688,39.698291,621992.0
05/27/2020,43.407064,44.763536,42.781625,44.519859,335000,0.000,0.0,-,60.947097,34.290928,40.096703,39.210937,635424.0
05/26/2020,42.416105,42.927825,41.595723,42.123692,421000,0.000,0.0,-,61.104960,34.065607,39.693417,38.555445,643870.0
05/22/2020,39.808758,40.612895,39.045237,40.279869,330500,0.000,0.0,-,61.283783,34.058784,39.337648,38.562755,661780.0
05/21/2020,38.915281,40.417957,38.728462,39.362022,330700,0.000,0.0,-,61.467376,34.069668,38.963603,38.946953,668418.0
05/20/2020,38.614733,39.824996,38.086765,38.964005,334300,0.000,0.0,-,61.658485,34.210351,38.637075,39.326276,671846.0
05/19/2020,39.556958,40.052436,37.664396,37.680641,364900,0.000,0.0,-,61.855593,34.441845,38.343444,39.552084,687228.0
05/18/2020,38.769070,40.320482,38.574130,39.922478,521500,0.000,0.0,-,62.078561,34.689258,38.071744,40.088986,689094.0
05/15/2020,35.479421,36.681562,35.195132,36.389149,302700,0.000,0.0,-,62.301706,34.943170,37.719630,40.093859,689098.0
05/14/2020,36.259184,36.389145,32.555291,35.552521,664300,0.000,0.0,-,62.546126,35.259301,37.565301,40.279054,696158.0
05/13/2020,37.575054,38.265476,36.242952,37.315132,515500,0.000,0.0,-,62.795251,35.643824,37.392290,40.599084,705062.0
05/12/2020,42.472970,42.472970,37.834978,37.964939,664000,0.000,0.0,-,63.045224,35.961741,37.140490,40.982470,705938.0
05/11/2020,43.155257,43.155257,41.327677,42.196793,554400,0.000,0.0,-,63.435233,36.323176,36.930115,40.831389,707354.0
05/08/2020,43.902539,44.406138,42.700398,44.121849,487400,0.000,0.0,-,63.782273,36.565420,36.431795,40.112540,711624.0
05/07/2020,41.961231,43.772565,41.961231,43.155251,654000,0.000,0.0,-,64.128147,36.761412,35.881084,38.980253,723392.0
05/06/2020,42.676034,43.317719,40.815963,41.222092,1114600,0.000,0.0,-,64.467588,36.994174,35.342152,37.947874,722320.0
05/05/2020,42.676022,46.899763,42.351118,43.049660,1188900,0.000,0.0,-,64.813809,37.289174,34.763418,37.134804,717340.0
05/04/2020,37.453205,40.076797,37.453205,39.971203,610100,0.000,0.0,-,65.141110,37.578624,33.982432,36.054501,703552.0
05/01/2020,37.705007,38.468532,37.038956,38.241100,619000,0.000,0.0,-,65.482038,37.940784,33.244090,35.345401,707996.0
04/30/2020,40.141787,40.239260,37.883711,38.752827,646000,0.000,0.0,-,65.819350,38.350140,32.785165,34.851548,713854.0
04/29/2020,37.899955,41.839405,37.899955,41.148987,661400,0.000,0.0,-,66.153742,38.732954,32.233235,34.185496,714676.0
04/28/2020,36.356659,36.779033,35.430685,36.454132,336800,0.000,0.0,-,66.482809,39.078986,31.690646,33.298510,715716.0
04/27/2020,33.115746,35.601255,33.115746,35.008305,549700,0.000,0.0,-,66.826249,39.536837,31.393360,33.028841,725864.0
04/24/2020,32.977668,33.302572,32.311617,32.798973,563000,0.000,0.0,-,67.169221,40.015855,31.217913,32.751050,743870.0
04/23/2020,32.693384,34.269164,32.693384,32.831467,422300,0.000,0.0,-,67.520153,40.516615,31.174051,32.781916,808434.0
04/22/2020,33.099510,33.578742,32.774606,33.091389,314200,0.000,0.0,-,67.862623,41.298322,30.948243,32.736429,812598.0
04/21/2020,31.775521,32.669006,31.507477,32.246632,273300,0.000,0.0,-,68.205117,42.032365,30.724059,32.392032,815272.0
04/20/2020,32.222266,33.578738,32.059817,32.880196,317000,0.000,0.0,-,68.553638,42.793637,30.327678,31.910364,817560.0
04/17/2020,33.416290,35.073297,33.245716,33.302574,689100,0.000,0.0,-,68.904444,43.576146,29.940637,31.142780,821390.0
04/16/2020,32.287251,32.733993,31.483115,32.092308,459600,0.000,0.0,-,69.243517,44.376526,29.601926,30.718781,813548.0
04/15/2020,32.311617,32.644643,31.491238,32.279129,438900,0.000,0.0,-,69.581103,45.191100,29.057713,30.280974,810758.0
04/14/2020,33.075146,34.025486,32.855836,33.757442,412300,0.000,0.0,-,69.909377,45.982078,28.981361,30.082782,810900.0
04/13/2020,32.855827,32.855827,31.564338,32.230389,410200,0.000,0.0,-,70.228174,46.717655,28.956180,29.757879,810182.0
04/09/2020,34.285406,34.910845,32.344110,33.107632,576300,0.000,0.0,-,70.549235,47.515420,29.433788,29.684776,808322.0
04/08/2020,30.589634,32.750240,29.777376,32.376602,687600,0.000,0.0,-,70.866911,48.294994,29.819610,29.566186,802668.0
04/07/2020,29.086960,30.516533,29.054469,29.647417,980800,0.000,0.0,-,71.197303,49.118414,30.520588,29.160056,796812.0
04/06/2020,26.276539,28.039140,26.049108,27.429947,952300,0.000,0.0,-,71.543626,49.986730,31.565151,29.056087,782420.0
04/03/2020,28.867640,29.233156,25.082517,25.204357,703700,0.000,0.0,-,71.900155,50.920547,32.696220,28.744993,767512.0
04/02/2020,27.584280,29.241287,27.511177,29.062590,721700,0.000,0.0,-,72.270217,51.913247,34.066906,28.738495,760256.0
04/01/2020,28.778298,28.835156,27.186273,27.714239,848400,0.000,0.0,-,72.616417,52.828298,35.223561,28.485070,754376.0
03/31/2020,30.500271,31.068852,29.598665,30.297207,515200,0.000,0.0,-,72.966834,53.774190,36.576782,27.834452,741434.0
03/30/2020,31.393769,32.002962,29.127569,30.508408,775100,0.000,0.0,-,73.304776,54.672783,37.722472,27.879939,737450.0
03/27/2020,30.362198,32.774602,29.249403,31.499357,545100,0.000,0.0,-,73.641182,55.576840,38.998885,28.154482,729788.0
03/26/2020,28.794542,32.701501,28.087879,31.921734,693900,0.000,0.0,-,73.963933,56.432176,40.139366,29.182800,727750.0
03/25/2020,28.607719,29.290016,27.259371,28.315306,901800,0.000,0.0,-,74.284371,57.260011,41.239353,30.073035,720650.0
03/24/2020,25.131261,29.273776,24.871338,28.607725,923000,0.000,0.0,-,74.625929,58.148349,42.563256,31.881120,715918.0
03/23/2020,25.058161,25.740458,23.092496,24.319006,940500,0.000,0.0,-,74.961695,59.020989,43.931473,34.074216,710480.0
03/20/2020,26.845120,28.615842,24.733251,25.139380,1087600,0.000,0.0,-,75.314334,59.965679,45.591630,36.647448,699726.0
03/19/2020,21.143069,27.494923,20.412036,26.528337,914300,0.000,0.0,-,75.659633,60.870065,47.238622,39.395316,685834.0
03/18/2020,29.005733,30.029180,18.348909,21.208057,1340700,0.000,0.0,-,75.993587,61.738114,48.847651,41.962051,673812.0
03/17/2020,33.708703,33.724949,28.437148,30.752085,1156600,0.000,0.0,-,76.341667,62.732267,50.681924,45.319112,658488.0
03/16/2020,38.086768,39.085845,32.758359,33.253834,757300,0.000,0.0,-,76.643385,63.513741,52.066849,47.565005,641642.0
03/13/2020,42.562305,43.577627,39.069595,41.782536,1316500,0.000,0.0,-,76.937914,64.255353,53.371492,49.843288,635614.0
03/12/2020,43.618255,43.618255,39.768150,40.824085,662400,0.000,0.0,-,77.180681,64.808954,54.230324,51.095932,616012.0
03/11/2020,49.377144,49.823885,45.486429,46.396156,502100,0.000,0.0,-,77.436719,65.382853,55.080970,52.405670,608984.0
03/10/2020,51.675840,52.634308,48.930411,50.538681,1103400,0.000,0.0,-,77.664096,65.850639,56.357003,53.245392,605612.0
03/09/2020,49.369030,51.927643,49.109108,50.051327,458200,0.000,0.0,-,77.868642,66.254467,57.319746,53.788730,590312.0
03/06/2020,50.611790,52.804887,50.563053,52.618065,521700,0.000,0.0,-,78.080223,66.662874,58.332691,54.535813,584158.0
03/05/2020,53.698362,53.974527,51.797679,52.195686,655700,0.000,0.0,-,78.283129,67.031573,59.302069,55.081927,580978.0
03/04/2020,54.161346,55.079195,53.275982,54.778664,1109500,0.400,0.0,-,78.475510,67.403712,60.358363,55.733251,602056.0
03/03/2020,55.939781,56.682522,53.009182,53.211014,559300,0.000,0.0,-,78.655576,67.699812,61.260481,56.044736,591966.0
03/02/2020,54.680351,56.077026,53.211014,56.036663,734800,0.000,0.0,-,78.849799,68.009664,62.191331,56.568693,593074.0
02/28/2020,52.476346,54.639987,52.476346,54.308979,767900,0.000,0.0,-,79.023696,68.252670,62.916312,56.899697,591916.0
02/27/2020,53.921467,55.334292,53.001113,53.921467,1075800,0.000,0.0,-,79.200032,68.527000,63.806796,57.364717,588474.0
02/26/2020,56.222345,56.747110,54.656126,54.793377,600400,0.000,0.0,-,79.377586,68.791481,64.715040,57.756270,584472.0
02/25/2020,57.554424,57.845062,55.770229,55.972061,865600,0.000,0.0,-,79.569016,69.022538,65.652752,59.468614,587664.0
02/24/2020,56.464557,58.046921,55.794473,57.522156,499500,0.000,0.0,-,79.756872,69.203219,66.507309,60.850761,580514.0
02/21/2020,58.660486,58.910756,57.845082,58.079208,832300,0.000,0.0,-,79.937977,69.335136,67.337241,62.129569,582352.0
02/20/2020,58.256818,59.346710,57.602877,58.708920,911900,0.000,0.0,-,80.116776,69.443156,68.175248,63.522211,579682.0
02/19/2020,58.499013,58.918827,57.627097,57.893517,687100,0.000,0.0,-,80.307143,69.546655,68.980558,64.983475,574434.0
02/18/2020,59.007633,59.661573,57.845084,58.450581,713400,0.000,0.0,-,80.502467,69.651285,69.836326,66.476226,571810.0
02/14/2020,59.419363,61.066313,58.797723,59.346706,844200,0.000,0.0,-,80.689207,69.727981,70.675140,67.813969,573548.0
02/13/2020,57.279931,59.621184,56.690585,58.959175,1450000,0.000,0.0,-,80.866428,69.778552,71.493367,68.932927,570622.0
02/12/2020,56.512984,58.022690,53.194864,57.837002,3791200,0.000,0.0,-,81.049745,69.855853,72.258715,70.248876,560710.0
02/11/2020,70.205278,72.368919,69.850052,71.916817,630500,0.000,0.0,-,81.225517,69.949967,73.032539,71.673810,491048.0
02/10/2020,70.035734,70.455542,69.075012,69.793533,447900,0.000,0.0,-,81.355563,69.767471,73.073309,71.836889,491890.0
02/07/2020,71.852234,72.110579,70.084183,70.310234,387700,0.000,0.0,-,81.493106,69.603154,73.195619,72.163857,494584.0
02/06/2020,73.701011,73.701011,71.860304,72.005623,508500,0.000,0.0,-,81.634864,69.403733,73.257782,72.544913,496214.0
02/05/2020,73.967429,74.023942,72.562673,73.321564,297000,0.000,0.0,-,81.768505,69.153034,73.175434,72.828285,495088.0
02/04/2020,73.168181,73.515333,72.740298,72.821030,320100,0.000,0.0,-,81.890288,68.871996,73.005896,72.977641,502748.0
02/03/2020,70.794631,72.175162,70.528211,71.828011,446000,0.000,0.0,-,82.010294,68.602898,72.910629,73.196426,508436.0
01/31/2020,72.045986,72.134792,70.479773,70.536285,376400,0.000,0.0,-,82.150502,68.330499,72.810520,73.536311,509428.0
01/30/2020,71.698846,72.255904,70.778492,72.118660,317200,0.000,0.0,-,82.312124,68.092782,72.800428,74.053806,511366.0
01/29/2020,73.935124,73.935124,72.029829,72.086342,293600,0.000,0.0,-,82.466834,67.822934,72.667622,74.268555,517534.0
01/28/2020,73.402288,74.104666,72.893673,73.547607,394800,0.000,0.0,-,82.623825,67.532340,72.539257,74.391268,526454.0
01/27/2020,72.829091,73.797889,72.175157,73.063217,261200,0.000,0.0,-,82.774430,67.189683,72.351150,74.309728,535730.0
01/24/2020,75.049225,75.073444,73.361912,74.120796,206900,0.000,0.0,-,82.921258,66.853174,72.234492,74.227380,544330.0
01/23/2020,74.605220,74.912003,73.620279,74.839340,340900,0.000,0.0,-,83.057119,66.519640,72.052038,73.970651,555732.0
01/22/2020,75.485201,76.001891,74.798973,74.815117,427700,0.000,0.0,-,83.194147,66.130721,71.862720,73.522584,567448.0
01/21/2020,74.847419,75.234939,74.209629,75.008888,201300,0.000,0.0,-,83.333575,65.745021,71.662098,73.034151,580392.0
01/17/2020,75.888861,76.244088,74.968508,75.226852,316000,0.000,0.0,-,83.473274,65.342578,71.390835,72.624832,610750.0
01/16/2020,74.710157,75.888856,74.653645,75.711243,392000,0.000,0.0,-,83.615283,64.977433,71.064674,72.084729,646874.0
01/15/2020,73.321571,74.912009,73.273133,74.266144,443200,0.000,0.0,-,83.741713,64.611286,70.688460,71.547049,735080.0
01/14/2020,72.748349,73.951267,72.724130,73.313477,338900,0.000,0.0,-,83.873968,64.857730,70.376427,71.066689,738278.0
01/13/2020,72.191300,73.079360,71.908736,72.732208,665200,0.000,0.0,-,84.001910,65.090416,70.068028,70.687247,739082.0
01/10/2020,71.706899,72.441571,70.891496,72.239738,651100,0.000,0.0,-,84.125840,65.332154,69.748730,70.392572,732074.0
01/09/2020,71.133697,72.045976,70.843058,71.553505,402800,0.000,0.0,-,84.251312,65.561545,69.387047,70.241604,725678.0
01/08/2020,69.946926,70.907649,69.583631,70.358665,393000,0.000,0.0,-,84.383894,65.791150,69.015273,70.133424,726978.0
01/07/2020,70.843065,70.843065,69.914636,69.930786,313200,0.000,0.0,-,84.513293,66.053659,68.671350,70.202856,728036.0
01/06/2020,69.858105,71.044878,69.494810,70.915703,574500,0.000,0.0,-,84.645512,66.374426,68.369005,70.290045,728378.0
01/03/2020,69.123449,70.084166,69.034643,69.825821,314300,0.000,0.0,-,84.798679,66.649116,67.979471,70.156837,722106.0
01/02/2020,70.059947,70.342511,69.179962,70.334442,455900,0.000,0.0,-,84.944458,66.915527,67.602449,70.044620,722984.0
12/31/2019,69.397960,70.043825,69.220346,69.462547,336400,0.000,0.0,-,85.091094,67.187688,67.179489,69.829871,720740.0
12/30/2019,69.971153,70.148766,68.937773,69.519051,311000,0.000,0.0,-,85.241489,67.456861,66.847571,69.686166,719600.0
12/27/2019,70.907647,70.923791,69.543260,69.785461,333500,0.000,0.0,-,85.386243,67.742596,66.498755,69.448809,721072.0
12/26/2019,70.923814,71.101427,70.431343,70.730057,338400,0.000,0.0,-,85.535424,67.995017,66.149083,69.104889,721696.0
12/24/2019,71.157938,71.157938,70.374829,70.471710,150500,0.000,0.0,-,85.675763,68.222595,65.691463,68.532491,721112.0
12/23/2019,71.157929,71.311323,69.850055,71.052979,362700,0.000,0.0,-,85.817113,68.431053,65.184838,67.897121,723022.0
12/20/2019,69.833890,71.077176,69.042705,70.802681,1709600,0.000,0.0,-,85.954999,68.633193,64.605724,67.139845,723798.0
12/19/2019,68.671341,69.591695,67.775206,69.583626,605000,0.000,0.0,-,86.085998,68.798039,64.029071,66.447965,694086.0
12/18/2019,68.186954,68.881257,67.646046,68.703644,614700,0.000,0.0,-,86.226962,68.988069,63.518196,65.802105,688206.0
12/17/2019,68.114294,68.283832,67.323110,68.186951,676900,0.000,0.0,-,86.370650,69.197629,62.993418,65.160279,686342.0
12/16/2019,67.694490,68.235398,67.306976,68.025497,595800,0.000,0.0,-,86.526775,69.427496,62.516591,64.529108,681502.0
12/13/2019,66.200912,67.613737,65.902199,67.145485,875700,0.000,0.0,-,86.685942,69.658178,62.046629,64.008977,677040.0
12/12/2019,65.030317,66.451211,64.658940,66.346260,760000,0.000,0.0,-,86.860000,69.866090,61.567189,63.548700,668734.0
12/11/2019,64.182601,65.135248,63.641692,65.006073,508100,0.000,0.0,-,87.031991,70.096903,61.070612,63.193277,668894.0
12/10/2019,63.625541,64.424800,62.810144,64.118011,591400,0.000,0.0,-,87.209805,70.347603,60.632198,62.850436,668250.0
12/09/2019,63.795078,63.795078,62.979681,63.480221,698800,0.000,0.0,-,87.392299,70.651449,60.298503,62.472556,662614.0
12/06/2019,63.682052,64.053423,63.334901,63.883884,649500,0.000,0.0,-,87.585681,70.958883,59.894161,62.071603,654744.0
12/05/2019,62.576035,63.173457,61.873657,63.125019,555900,0.300,0.0,-,87.786459,71.279957,59.476471,61.610177,645758.0
12/04/2019,62.414060,63.330849,62.172797,62.285385,800300,0.000,0.0,-,87.986125,71.612670,59.064557,61.234288,641618.0
12/03/2019,61.762653,62.494473,61.529434,61.875240,697900,0.000,0.0,-,88.185441,71.922449,58.798769,60.826557,632442.0
12/02/2019,62.703561,63.419299,61.714391,62.824192,954400,0.000,0.0,-,88.393629,72.271473,58.575200,60.504074,624706.0
11/29/2019,62.703557,63.041320,62.454257,62.542713,308100,0.000,0.0,-,88.597033,72.614866,59.763409,60.084282,615976.0
11/27/2019,61.521387,63.049371,61.304256,62.792027,672600,0.000,0.0,-,88.783374,72.957939,60.883661,59.585678,615600.0
11/26/2019,60.250738,61.762640,60.162276,61.577671,582600,0.000,0.0,-,88.957139,73.312271,61.985015,58.947947,610716.0
11/25/2019,59.969279,60.837817,59.591303,60.339211,469200,0.000,0.0,-,89.145194,73.699252,63.091596,58.413960,606010.0
11/22/2019,59.711947,60.041672,59.020333,59.470684,452200,0.000,0.0,-,89.369959,74.124997,64.226325,58.124449,602896.0
11/21/2019,59.438514,59.728021,58.682563,59.269627,680000,0.000,0.0,-,89.515013,74.586608,65.426996,57.716719,601146.0
11/20/2019,57.902489,59.454597,57.797945,59.366135,604500,0.000,0.0,-,89.653213,75.044360,66.761971,57.342765,599396.0
11/19/2019,58.980101,58.980101,57.709468,58.208069,495600,0.000,0.0,-,89.793963,75.502915,68.026175,56.894825,597042.0
11/18/2019,58.385026,58.980133,58.192019,58.650414,473300,0.000,0.0,-,89.939825,75.955520,69.273090,56.770980,595826.0
11/15/2019,57.733603,58.714729,57.202827,58.626266,625600,0.000,0.0,-,90.075696,76.385285,70.537695,56.646327,596638.0
11/14/2019,56.575552,57.870317,56.286039,57.556679,739600,0.000,0.0,-,90.209453,76.830491,71.752441,59.442536,591614.0
11/13/2019,56.044787,56.559475,56.004574,56.414719,858600,0.000,0.0,-,90.347243,77.301592,73.064897,62.181645,585046.0
11/12/2019,57.210883,57.291302,55.345137,56.237801,691200,0.000,0.0,-,90.485676,77.745499,74.364487,65.022084,575180.0
11/11/2019,55.039536,57.596896,54.693729,57.444096,777000,0.000,0.0,-,90.617772,78.181879,75.658044,67.769232,570552.0
11/08/2019,56.414726,56.583608,55.087793,55.393387,926700,0.000,0.0,-,90.744396,78.621556,76.830570,70.328201,565946.0
11/07/2019,55.087777,55.707009,54.122738,55.530090,1074900,0.000,0.0,-,90.887138,79.088295,78.118900,73.137273,558414.0
11/06/2019,56.945483,57.492340,54.565048,54.886730,1719200,0.000,0.0,-,91.017268,79.514775,79.294643,76.181177,547956.0
11/05/2019,58.433276,59.012296,56.495148,56.969624,2122200,0.000,0.0,-,91.152690,79.934077,80.504563,79.157526,523802.0
11/04/2019,60.033619,60.234669,53.929728,57.403877,4802300,0.000,0.0,-,91.267684,80.334653,81.615166,81.775199,491404.0
11/01/2019,85.567023,86.604443,84.875409,86.588356,603100,0.000,0.0,-,91.382341,80.692386,82.728985,84.429063,404480.0
10/31/2019,84.626094,85.116651,84.304412,84.947769,379100,0.000,0.0,-,91.343816,80.497380,82.377548,84.062346,399196.0
10/30/2019,83.902318,84.859313,82.784479,84.819107,314800,0.000,0.0,-,91.303003,80.363730,82.007214,83.948149,403076.0
10/29/2019,82.776412,84.167682,82.776412,83.709282,331300,0.000,0.0,-,91.259720,80.191281,81.660604,83.706889,404438.0
10/28/2019,83.781690,84.489385,82.704057,83.033783,467800,0.000,0.0,-,91.218357,80.049526,81.352194,83.546857,409654.0
10/25/2019,85.735881,85.735881,82.921177,83.484116,445900,0.000,0.0,-,91.183004,79.886804,81.166021,83.332939,409766.0
10/24/2019,85.245341,86.178218,84.561772,85.969124,330300,0.000,0.0,-,91.144522,79.661513,80.934410,83.100527,407900.0
10/23/2019,83.033777,84.883442,82.897064,84.650223,260900,0.000,0.0,-,91.089027,79.390051,80.632834,82.408109,409690.0
10/22/2019,83.781674,84.312444,83.065936,83.146355,358200,0.000,0.0,-,91.035779,79.230440,80.388356,81.851601,412108.0
10/21/2019,83.636918,84.368744,83.234818,83.942513,343700,0.000,0.0,-,90.980595,79.068192,80.119754,81.455132,411490.0
10/18/2019,83.355458,84.063153,82.687969,82.921188,279400,0.000,0.0,-,90.930127,78.911190,79.888950,81.028907,412826.0
10/17/2019,83.186569,84.127483,82.784469,83.805801,384600,0.000,0.0,-,90.869447,78.810535,79.742585,80.692751,416692.0
10/16/2019,81.537971,82.897073,80.830276,82.406509,364700,0.000,0.0,-,90.817349,78.674387,79.537112,80.066280,421346.0
10/15/2019,81.385173,82.631687,81.151960,82.108955,309200,0.000,0.0,-,90.777752,78.577932,79.442216,79.614318,426298.0
10/14/2019,80.790064,81.304752,80.307544,80.894608,246000,0.000,0.0,-,90.732662,78.503464,79.383106,79.157532,430446.0
10/11/2019,80.428176,82.334129,79.688306,81.159996,401500,0.000,0.0,-,90.695878,78.531059,79.419698,78.999102,435446.0
10/10/2019,79.213819,80.267320,78.498080,79.044937,224000,0.000,0.0,-,90.655493,78.598889,79.489260,78.768294,441112.0
10/09/2019,80.034102,80.235152,78.087936,79.085144,311000,0.000,0.0,-,90.609207,78.723454,79.644874,78.857559,455618.0
10/08/2019,78.578520,80.460355,78.353345,79.181671,521500,0.000,0.0,-,90.565952,78.849299,79.805312,78.925112,484262.0
10/07/2019,79.157528,79.993898,78.047732,79.680260,434900,0.000,0.0,-,90.528956,79.011861,79.888144,78.784375,527016.0
10/04/2019,78.063809,79.696336,77.975346,79.559624,372700,0.000,0.0,-,90.496848,79.737590,79.911064,78.748992,525322.0
10/03/2019,77.581304,77.951236,75.852270,77.541092,460400,0.000,0.0,-,90.468533,80.378493,79.977411,78.792419,527460.0
10/02/2019,76.592130,78.168363,76.157860,77.886894,768000,0.000,0.0,-,90.450192,81.093604,80.155943,79.007945,526314.0
10/01/2019,79.897402,80.387965,77.082697,77.541092,475900,0.000,0.0,-,90.437103,81.756737,80.192101,79.270114,517742.0
09/30/2019,79.382686,80.146680,78.859954,79.310310,309600,0.000,0.0,-,90.436355,82.415240,80.217888,79.608681,514062.0
09/27/2019,80.460316,80.693528,78.248763,78.851913,305300,0.000,0.0,-,90.426401,82.999229,80.223768,79.840293,517386.0
09/26/2019,79.736541,80.597036,78.763459,79.937592,200200,0.000,0.0,-,90.415548,83.585331,80.217690,80.210227,517058.0
09/25/2019,78.071852,80.243193,77.726046,79.760674,348900,0.000,0.0,-,90.396480,84.100648,80.063516,80.432189,519362.0
09/24/2019,79.704384,80.243197,77.147024,77.774300,341500,0.000,0.0,-,90.372842,84.618060,79.868073,80.685512,518086.0
09/23/2019,79.422938,80.146720,78.731324,79.326431,311100,0.000,0.0,-,90.369408,85.201819,79.829278,80.991913,515910.0
09/20/2019,79.921508,81.119772,79.720457,79.993889,517900,0.000,0.0,-,90.363148,85.718134,79.627484,81.073135,515742.0
09/19/2019,80.404059,81.578192,79.567689,79.696358,289300,0.000,0.0,-,90.373576,86.190311,79.469693,81.162402,511536.0
09/18/2019,80.669421,80.677465,79.278156,80.508583,428400,0.000,0.0,-,90.373350,86.656089,79.398139,81.303941,510252.0
09/17/2019,81.288652,81.706834,80.379901,80.926758,347300,0.000,0.0,-,90.362215,87.072429,79.182541,81.114088,505826.0
09/16/2019,81.811403,82.977493,81.594266,81.626434,313500,0.000,0.0,-,90.352453,87.485696,78.967281,80.827095,503880.0
09/13/2019,82.760348,83.339368,82.269785,82.551254,364700,0.000,0.0,-,90.330474,87.892186,78.630842,80.607243,500670.0
09/12/2019,82.543225,83.837989,81.441466,82.157211,592500,0.000,0.0,-,90.308847,88.301989,78.114259,80.225153,497010.0
09/11/2019,81.320817,82.937257,80.186890,82.293900,486800,0.000,0.0,-,90.284016,88.681185,77.626199,79.694843,492050.0
09/10/2019,79.873271,81.505799,77.927106,80.838310,434800,0.000,0.0,-,90.263357,89.027500,77.344987,79.050634,486750.0
09/09/2019,81.007195,81.103696,79.286199,80.138657,513900,0.000,0.0,-,90.243368,89.369411,77.054771,78.666644,488616.0
09/06/2019,80.910684,81.795304,80.597046,80.886559,374400,0.300,0.0,-,90.240134,89.716975,76.852457,78.181833,482516.0
09/05/2019,79.820823,81.873471,79.371802,81.111748,411200,0.000,0.0,-,90.237619,90.028094,76.702551,77.776984,479538.0
09/04/2019,79.099162,80.029266,77.936525,78.610054,365300,0.000,0.0,-,90.258103,90.338717,76.496883,77.492337,478566.0
09/03/2019,78.690259,80.293892,77.415374,78.056824,459800,0.000,0.0,-,90.282496,90.735617,76.445568,77.250993,477034.0
08/30/2019,79.844865,81.336244,79.179356,79.427917,546700,0.000,0.0,-,90.345285,91.152721,76.462006,77.107468,481116.0
08/29/2019,77.696003,79.123235,77.230948,78.730347,550100,0.000,0.0,-,90.402812,91.538876,76.604327,76.654441,476664.0
08/28/2019,75.442912,77.214932,74.969843,76.854111,552000,0.000,0.0,-,90.468921,91.948604,76.895387,76.003366,470076.0
08/27/2019,77.623827,78.128976,75.755600,75.851814,511500,0.000,0.0,-,90.557151,92.377575,77.316338,75.557555,463636.0
08/26/2019,76.517317,78.048783,75.819735,76.998405,502300,0.000,0.0,-,90.641435,92.816489,77.792617,75.639341,458168.0
08/23/2019,77.126710,77.423378,74.592968,75.290550,456100,0.000,0.0,-,90.707765,93.234236,78.308186,75.442899,452940.0
08/22/2019,78.393586,78.393586,76.381031,76.838066,338900,0.000,0.0,-,90.772442,93.684215,80.341994,75.523080,447864.0
08/21/2019,77.351212,79.179352,76.934264,78.265282,573100,0.000,0.0,-,90.830895,94.068445,82.080330,75.628117,445508.0
08/20/2019,76.461218,76.749872,75.787689,76.196617,382900,0.000,0.0,-,90.882490,94.423329,83.831898,75.501430,440864.0
08/19/2019,76.100391,77.222929,75.940024,76.621567,592100,0.000,0.0,-,90.938816,94.831934,85.574245,75.640144,436972.0
08/16/2019,72.604457,75.098106,72.604457,74.897652,473400,0.000,0.0,-,90.987244,95.214721,87.266478,75.816544,428568.0
08/15/2019,72.756812,73.061506,71.546074,72.219597,352600,0.000,0.0,-,91.036569,95.613705,88.947084,76.554214,424940.0
08/14/2019,75.338668,75.691470,72.099329,72.396004,419800,0.000,0.0,-,91.103106,96.053293,90.743954,77.787407,423600.0
08/13/2019,74.657110,77.607794,74.111874,76.669670,381800,0.000,0.0,-,91.170115,96.471759,92.409325,79.075121,420294.0
08/12/2019,75.330649,75.555163,74.079818,75.033981,327300,0.000,0.0,-,91.205723,96.754843,93.857405,79.945894,418678.0
08/09/2019,77.471494,77.471494,75.956062,76.092369,410500,0.000,0.0,-,91.267423,97.076080,95.453820,81.173473,418886.0
08/08/2019,77.391307,78.393577,77.046526,77.888435,472700,0.000,0.0,-,91.329127,97.397425,96.906310,85.160908,417828.0
08/07/2019,76.741825,77.607787,75.891901,76.998405,617300,0.000,0.0,-,91.368036,97.646376,98.192025,88.532543,419620.0
08/06/2019,78.826567,79.973165,76.862120,77.583755,612300,0.000,0.0,-,91.419795,97.947040,99.491370,92.162366,413914.0
08/05/2019,80.726877,80.726877,77.399337,78.385574,516600,0.000,0.0,-,91.474281,98.232798,100.678459,95.508346,408842.0
08/02/2019,84.182665,84.182665,80.951348,82.274345,496000,0.000,0.0,-,91.524120,98.494041,101.838686,98.716411,403316.0
08/01/2019,85.433532,86.716437,84.014313,84.551529,684800,0.000,0.0,-,91.538712,98.695904,102.822515,101.339954,396668.0
07/31/2019,85.385401,87.838963,85.152874,85.273148,949300,0.000,0.0,-,91.545579,98.868859,103.747009,103.700500,389966.0
07/30/2019,86.644261,86.932915,81.961657,85.377396,1743200,0.000,0.0,-,91.545455,98.976836,104.539204,105.743530,375264.0
07/29/2019,102.784833,103.594663,86.940942,87.309776,2659200,0.000,0.0,-,91.548711,99.085127,105.250816,107.768917,344862.0
07/26/2019,112.061859,116.199234,111.837351,115.966713,350200,0.000,0.0,-,91.564917,99.180043,105.782019,109.734167,296612.0
07/25/2019,113.015982,113.505090,111.268028,111.604790,479600,0.000,0.0,-,91.433658,98.677028,104.859528,108.651713,296010.0
07/24/2019,110.698749,113.801774,110.329921,113.296638,403100,0.000,0.0,-,91.335555,98.236457,104.101412,107.851506,293518.0
07/23/2019,110.650654,111.668964,110.257760,111.043549,339400,0.000,0.0,-,91.225051,97.759170,103.268726,106.820373,292786.0
07/22/2019,109.183314,110.498292,109.047007,110.466225,291900,0.000,0.0,-,91.137198,97.399885,102.639300,105.848572,292006.0
07/19/2019,108.173020,109.712505,108.173020,108.509781,475800,0.000,0.0,-,91.044867,97.061424,102.061591,104.960961,290928.0
07/18/2019,105.623248,108.173030,105.150179,108.156990,288900,0.000,0.0,-,90.970161,96.766092,101.572885,104.305077,286448.0
07/17/2019,105.294516,106.272720,104.965768,105.703438,315400,0.000,0.0,-,90.898931,96.479734,101.125872,103.793517,287878.0
07/16/2019,107.058503,107.058503,105.069990,105.631271,285100,0.000,0.0,-,90.830215,96.301312,100.755835,103.334878,286618.0
07/15/2019,105.446848,107.258961,105.406767,106.962280,232700,0.000,0.0,-,90.766835,96.127852,100.364147,102.732714,287312.0
07/12/2019,103.835202,105.486941,103.442307,105.142166,302700,0.000,0.0,-,90.701180,95.904579,99.910320,101.829870,289554.0
07/11/2019,103.025413,104.524806,102.399991,103.602722,307600,0.000,0.0,-,90.641043,95.697553,99.542686,101.067343,294416.0
07/10/2019,101.750508,103.009359,101.750508,102.985306,225100,0.000,0.0,-,90.580840,95.537951,99.165029,100.351318,305400.0
07/09/2019,101.205265,101.814647,100.708137,101.325539,207100,0.000,0.0,-,90.527705,95.338072,98.816238,99.717080,320922.0
07/08/2019,101.718412,101.983013,101.253357,101.590118,250000,0.000,0.0,-,90.484063,95.270081,98.581305,99.430029,322884.0
07/05/2019,102.407970,102.656531,100.940645,101.950935,153000,0.000,0.0,-,90.449648,95.184323,98.289845,99.162222,324084.0
07/03/2019,101.822639,103.811146,101.726425,103.041397,181700,0.000,0.0,-,90.411438,95.118541,97.934640,98.840693,325896.0
07/02/2019,99.786025,101.830658,99.641698,101.117043,344500,0.000,0.0,-,90.371956,95.032390,97.492520,98.458227,329820.0
07/01/2019,99.280887,99.721888,97.997982,99.609634,221800,0.000,0.0,-,90.334930,94.963610,97.102632,98.176791,329146.0
06/28/2019,97.669237,98.406913,97.404642,97.933838,528100,0.000,0.0,-,90.305243,94.907864,96.663346,97.995580,337070.0
06/27/2019,96.731116,97.565006,96.185881,97.516899,208900,0.000,0.0,-,90.292479,94.946577,96.321446,97.990769,332126.0
06/26/2019,97.027803,97.885746,96.177873,96.442474,225500,0.000,0.0,-,90.278024,95.053454,96.053580,98.018029,332770.0
06/25/2019,98.711609,98.928097,96.562741,96.642921,362600,0.000,0.0,-,90.268543,95.185818,95.748257,97.978740,332296.0
06/24/2019,99.056387,99.056387,98.174390,98.455025,288700,0.000,0.0,-,90.252696,95.322651,95.517691,97.915396,330450.0
06/21/2019,97.997978,99.521430,97.019762,98.912048,663900,0.000,0.0,-,90.227589,95.426920,95.188522,97.732581,329206.0
06/20/2019,100.026574,100.339282,97.492832,98.735649,324100,0.000,0.0,-,90.213113,95.497256,94.815307,97.417467,319728.0
06/19/2019,98.326719,99.489357,97.548963,99.216736,220700,0.000,0.0,-,90.195744,95.548406,94.496899,97.028587,318494.0
06/18/2019,98.519182,99.449286,97.893761,98.302689,230000,0.000,0.0,-,90.171399,95.608969,94.196026,96.526814,317912.0
06/17/2019,97.901757,98.487086,97.228235,97.797523,238100,0.000,0.0,-,90.144867,95.696930,93.814491,96.028473,319304.0
06/14/2019,97.781487,98.246542,97.524906,97.885727,240900,0.000,0.0,-,90.117087,95.799954,93.464211,95.331111,324334.0
06/13/2019,96.282085,97.805537,95.985411,97.789497,202300,0.000,0.0,-,90.091448,95.914810,93.172705,94.652122,327904.0
06/12/2019,95.857149,96.498599,94.975146,96.049583,221100,0.000,0.0,-,90.060926,95.978964,92.824026,94.089130,330398.0
06/11/2019,96.362284,98.398899,95.456234,96.009483,340900,0.000,0.0,-,90.040096,96.072318,92.500360,93.517775,331418.0
06/10/2019,95.993441,97.492834,95.889201,96.626877,188300,0.000,0.0,-,90.013109,96.130164,92.171500,93.119985,332652.0
06/07/2019,95.472256,96.506599,95.311895,95.760910,171900,0.300,0.0,-,89.985617,96.147990,91.994122,92.644462,337430.0
06/06/2019,94.111037,95.046787,93.455211,94.846840,292000,0.000,0.0,-,89.954309,96.179455,91.883236,92.213146,339200.0
06/05/2019,93.711134,95.518656,93.367225,94.199005,285600,0.000,0.0,-,89.927372,96.243918,91.828051,91.965211,337396.0
06/04/2019,91.791684,93.375267,90.911918,93.319283,254500,0.000,0.0,-,89.901885,96.284708,91.810056,91.865239,341052.0
06/03/2019,91.151822,91.791649,90.008125,90.823906,301000,0.000,0.0,-,89.875433,96.345811,91.983209,91.600509,341750.0
05/31/2019,91.031856,91.735667,89.424281,91.095840,337700,0.000,0.0,-,89.866027,96.560315,92.289928,91.597311,341418.0
05/30/2019,90.560000,92.279540,90.200092,92.159576,357600,0.000,0.0,-,89.847115,96.718033,92.525066,91.693288,339368.0
05/29/2019,91.487725,92.295513,90.192067,90.336029,562300,0.000,0.0,-,89.826858,96.868073,92.656631,91.558923,339508.0
05/28/2019,91.935609,93.783123,91.839638,92.031586,332000,0.000,0.0,-,89.810950,97.052185,92.920961,91.482944,335970.0
05/24/2019,91.975613,92.815393,90.807924,91.871643,358700,0.000,0.0,-,89.774840,97.180950,92.968950,91.223016,340622.0
05/23/2019,91.215821,92.391504,90.583988,91.447754,240300,0.000,0.0,-,89.736549,97.335949,93.271668,91.343782,339020.0
05/22/2019,92.527454,93.663151,92.359499,92.367493,163600,0.000,0.0,-,89.702364,97.482950,93.564391,91.553326,340146.0
05/21/2019,91.751666,94.207014,91.607704,93.199280,349700,0.000,0.0,-,89.652851,97.610436,93.879108,91.690891,341390.0
05/20/2019,89.744225,91.687710,89.616262,90.671982,214200,0.000,0.0,-,89.591429,97.719053,94.155834,91.754874,339040.0
05/17/2019,91.279802,92.343522,90.488014,90.791931,223100,0.000,0.0,-,89.556355,97.845663,94.506139,92.365910,340076.0
05/16/2019,90.983890,92.895383,90.983890,92.055603,246700,0.000,0.0,-,89.480342,97.985353,94.807658,92.982544,339510.0
05/15/2019,89.336313,91.615714,89.072388,90.815926,320100,0.000,0.0,-,89.399601,98.093067,95.198354,93.356844,339078.0
05/14/2019,89.856173,90.384036,89.496271,89.576248,355000,0.000,0.0,-,89.344532,98.264989,95.800594,93.754339,337120.0
05/13/2019,91.095857,91.631714,89.128379,89.432297,366500,0.000,0.0,-,89.303014,98.470640,96.474815,94.358978,336262.0
05/10/2019,92.935345,93.455209,90.711936,93.079308,300400,0.000,0.0,-,89.252081,98.721136,97.177428,94.714883,335028.0
05/09/2019,93.239273,94.199016,91.199811,93.543190,238000,0.000,0.0,-,89.175759,98.874439,97.706888,95.199554,335360.0
05/08/2019,93.991081,94.374982,92.767406,93.743149,251800,0.000,0.0,-,89.100497,99.014953,98.151171,95.575456,335932.0
05/07/2019,95.526656,96.758330,93.239263,93.839104,360400,0.000,0.0,-,89.020260,99.152424,98.528671,96.067324,338216.0
05/06/2019,95.118781,97.246213,94.686894,96.782341,252400,0.000,0.0,-,88.940934,99.318775,98.948960,96.556795,343944.0
05/03/2019,96.478397,97.574109,96.030518,96.958275,319800,0.000,0.0,-,88.850469,99.463918,99.244880,96.646369,345894.0
05/02/2019,94.526947,96.814341,94.526947,95.798607,344800,0.000,0.0,-,88.758727,99.585916,99.544402,96.632772,346924.0
05/01/2019,95.702635,97.214233,94.478954,94.790871,545800,0.000,0.0,-,88.660264,99.712917,99.935897,97.039864,349808.0
04/30/2019,95.774597,98.317922,95.014801,95.622635,856800,0.000,0.0,-,88.571013,99.887358,100.246215,97.846849,350334.0
04/29/2019,99.845539,100.781296,89.088392,92.991356,1001200,0.000,0.0,-,88.470847,100.045005,100.500948,98.590652,346756.0
04/26/2019,97.310170,98.109958,96.630352,97.926010,305200,0.000,0.0,-,88.375889,100.181396,100.796469,99.639973,339172.0
04/25/2019,97.942042,98.285951,95.990558,97.302216,310000,0.000,0.0,-,88.260034,100.173777,100.776076,100.214222,345170.0
04/24/2019,98.661827,99.381637,98.261933,98.661827,243600,0.000,0.0,-,88.151470,100.211504,100.777674,100.726886,358526.0
04/23/2019,97.758074,99.461620,97.438158,98.733810,377900,0.000,0.0,-,88.040877,100.344111,100.748083,100.990017,375840.0
04/22/2019,96.558387,98.141964,96.262464,97.678085,310800,0.000,0.0,-,87.932706,100.139064,100.623317,101.341125,374554.0
04/18/2019,99.525590,99.989463,96.606364,96.822304,618000,0.000,0.0,-,87.826833,99.923696,100.558135,101.843391,374150.0
04/17/2019,103.516547,103.516547,98.933766,99.869522,280900,0.000,0.0,-,87.729810,99.737572,100.794473,102.456032,366592.0
04/16/2019,103.972430,103.972430,102.372854,102.860725,241100,0.000,0.0,-,87.609005,99.487790,100.750085,102.831931,366894.0
04/15/2019,103.676509,103.876456,102.404837,103.060669,201800,0.000,0.0,-,87.467483,99.147068,100.590127,102.645580,366396.0
04/12/2019,104.300345,104.300345,102.508816,103.484558,270300,0.000,0.0,-,87.321582,98.793412,100.414174,102.411243,367452.0
04/11/2019,102.900713,103.932434,102.332858,103.668503,226500,0.000,0.0,-,87.179523,98.426012,100.163440,101.952965,367192.0
04/10/2019,101.573077,102.964712,101.133191,102.428856,190000,0.000,0.0,-,87.031577,98.034667,99.961094,101.337930,367408.0
04/09/2019,101.677031,102.588795,100.429364,101.293137,262400,0.000,0.0,-,86.897976,97.639233,99.779541,100.828461,369602.0
04/08/2019,102.212902,102.300879,100.765282,102.244888,191600,0.000,0.0,-,86.774227,97.268748,99.651975,100.506149,367928.0
04/05/2019,103.444549,104.332314,102.252867,102.700752,299600,0.000,0.0,-,86.654263,96.902684,99.471236,99.905508,369140.0
04/04/2019,103.836473,103.972435,101.301146,102.948708,489600,0.000,0.0,-,86.526854,96.479792,99.186324,99.272878,368148.0
04/03/2019,101.924965,103.788472,101.661034,103.628517,419400,0.000,0.0,-,86.414499,96.060238,98.927709,99.132915,367718.0
04/02/2019,100.933231,101.285139,99.613586,100.997215,327000,0.000,0.0,-,86.293181,95.587036,98.618349,98.668239,364990.0
04/01/2019,99.773543,100.845256,99.301671,100.717293,272100,0.000,0.0,-,86.185020,95.173801,98.539088,98.534674,366366.0
03/29/2019,98.437901,99.349658,97.422167,98.901779,402600,0.000,0.0,-,86.067329,94.737122,98.496163,98.417106,368016.0
03/28/2019,97.806074,98.549878,96.622386,97.518150,427200,0.000,0.0,-,85.959908,94.294786,98.648931,98.373916,365338.0
03/27/2019,97.798054,98.717811,96.302454,97.334175,260400,0.000,0.0,-,85.855232,93.867677,98.810244,98.584259,360834.0
03/26/2019,97.134251,98.789812,96.574402,98.070007,201800,0.000,0.0,-,85.755649,93.429725,98.971980,98.730621,359664.0
03/25/2019,96.422435,97.438169,94.678897,96.238487,468400,0.000,0.0,-,85.647022,92.987589,99.099316,98.797801,359302.0
03/22/2019,101.117194,101.221164,96.278474,96.374451,289400,0.000,0.0,-,85.555286,92.578573,99.395222,99.036964,354852.0
03/21/2019,98.637845,102.092928,98.637845,101.549072,284400,0.000,0.0,-,85.457317,92.148487,99.778477,99.099769,356210.0
03/20/2019,99.677570,100.125455,97.854054,98.981758,235200,0.000,0.0,-,85.330898,91.597516,99.853932,98.722504,355084.0
03/19/2019,99.973484,100.917234,98.797795,99.661568,364600,0.000,0.0,-,85.205418,91.060073,100.012275,98.568459,357398.0
03/18/2019,98.405913,99.781550,98.309937,99.541611,385400,0.000,0.0,-,85.071977,90.543820,100.204843,98.543501,356232.0
03/15/2019,99.789524,100.613311,98.293925,98.469879,564600,0.000,0.0,-,84.937947,89.968691,100.403011,98.575220,352978.0
03/14/2019,98.973756,99.805536,97.862051,99.621582,278600,0.000,0.0,-,84.806301,89.467017,100.470063,98.923946,349562.0
03/13/2019,99.333655,100.133442,98.653836,98.797798,296600,0.300,0.0,-,84.666715,88.964329,100.366236,99.036230,350464.0
03/12/2019,98.598193,99.547629,97.648751,98.741806,225800,0.000,0.0,-,84.531446,88.450193,100.385776,99.213338,348782.0
03/11/2019,97.138132,98.685961,96.882820,98.630112,232200,0.000,0.0,-,84.392888,87.946112,100.713294,99.400830,349758.0
03/08/2019,97.098240,97.281748,95.287126,97.002502,266000,0.000,0.0,-,84.248741,87.435169,100.205862,99.753481,350090.0
03/07/2019,97.441319,97.935988,96.619536,97.776421,194800,0.000,0.0,-,84.126811,86.890876,99.701221,100.457185,348006.0
03/06/2019,99.515720,99.635392,97.201956,97.441307,225100,0.000,0.0,-,83.996649,86.344030,99.188205,100.985360,359166.0
03/05/2019,99.882729,100.281654,99.044985,99.411995,222200,0.000,0.0,-,83.864990,85.830854,98.685161,101.456092,362452.0
03/04/2019,102.164586,102.539576,99.316265,99.858803,312100,0.000,0.0,-,83.722486,85.307785,98.005793,101.866185,367170.0
03/01/2019,101.717773,102.731039,100.959819,101.957130,304800,0.000,0.0,-,83.569816,84.788544,97.281745,102.230801,366872.0
02/28/2019,100.832187,101.989072,100.560921,100.744423,317000,0.000,0.0,-,83.404672,84.226859,96.439616,102.016180,369246.0
02/27/2019,100.337501,100.880039,99.810918,100.568878,266600,0.000,0.0,-,83.252134,83.717352,95.607458,101.696243,369620.0
02/26/2019,102.100729,102.244336,100.177910,100.616730,366000,0.000,0.0,-,83.093733,83.253802,94.711872,101.558215,370294.0
02/25/2019,104.406565,104.446460,101.614092,102.156624,646800,0.000,0.0,-,82.931523,82.787859,93.819479,102.025758,368304.0
02/22/2019,103.265621,104.518250,103.082119,104.039536,349900,0.000,0.0,-,82.753086,82.278353,92.908733,100.658243,361312.0
02/21/2019,102.036928,103.433164,101.454502,103.058174,371300,0.000,0.0,-,82.571581,81.720041,91.784564,98.945258,360876.0
02/20/2019,103.393271,103.393271,100.744412,102.148628,489000,0.000,0.0,-,82.384869,81.159541,90.730207,97.391050,360132.0
02/19/2019,103.449095,104.677777,102.882617,103.512924,572100,0.000,0.0,-,82.205679,80.658315,89.621196,95.914230,359770.0
02/15/2019,100.624737,103.616665,100.337511,103.504967,677900,0.000,0.0,-,82.013124,80.149549,88.462321,94.145402,356526.0
02/14/2019,97.138127,100.903976,97.130147,99.810921,622000,0.000,0.0,-,81.822394,79.721039,87.231240,92.332688,351240.0
02/13/2019,99.172657,99.651365,97.154093,97.545044,605100,0.000,0.0,-,81.641607,79.317843,86.079945,90.863051,345506.0
02/12/2019,105.395870,105.715004,97.784383,99.188599,977800,0.000,0.0,-,81.457276,78.932574,85.010826,89.518674,338984.0
02/11/2019,97.776422,105.316095,97.289734,105.292160,1109300,0.000,0.0,-,81.267306,78.528289,83.823227,87.865530,327640.0
02/08/2019,86.199627,88.768702,86.175692,88.481476,313600,0.000,0.0,-,81.048802,77.967059,82.356778,85.613200,313506.0
02/07/2019,86.622465,87.946897,86.215560,86.909691,290600,0.000,0.0,-,80.914152,77.761947,81.722089,85.159223,314530.0
02/06/2019,87.021422,87.787356,85.856562,87.516090,240100,0.000,0.0,-,80.783395,77.567570,81.120112,84.623869,311348.0
02/05/2019,86.016103,87.388405,85.896431,87.380424,296000,0.000,0.0,-,80.641477,77.380493,80.444334,84.069364,313560.0
02/04/2019,85.840600,85.856561,84.851269,85.824646,216200,0.000,0.0,-,80.513522,77.169694,79.680792,83.328163,319822.0
02/01/2019,84.962946,85.633142,84.348604,85.377831,254600,0.000,0.0,-,80.388191,77.043038,79.082005,82.779241,336326.0
01/31/2019,84.492226,85.465603,84.021492,85.114548,257300,0.000,0.0,-,80.262515,76.943153,78.352373,82.129793,485860.0
01/30/2019,83.478953,84.476264,82.665149,84.101280,237300,0.000,0.0,-,80.128043,76.945033,77.765954,81.296838,494666.0
01/29/2019,83.072035,83.119904,82.449708,82.657150,299700,0.000,0.0,-,79.995465,76.932781,77.285250,80.502977,509472.0
01/28/2019,83.167792,83.383215,82.282179,82.768867,178700,0.000,0.0,-,79.866141,77.091931,76.806941,79.780924,509638.0
01/25/2019,82.457704,84.276799,81.978996,83.941704,252200,0.000,0.0,-,79.733880,77.255217,76.345386,79.100356,513484.0
01/24/2019,81.803484,82.130605,80.542880,81.556152,250000,0.000,0.0,-,79.598530,77.415428,75.802450,78.284955,514046.0
01/23/2019,80.447150,81.979019,80.215773,81.971039,468100,0.000,0.0,-,79.466779,77.674306,75.214035,77.616355,518466.0
01/22/2019,80.183831,81.548152,79.505660,79.968414,283000,0.000,0.0,-,79.328393,77.889058,74.637189,76.819304,516464.0
01/18/2019,79.425879,80.838069,78.811532,80.335426,395800,0.000,0.0,-,79.211125,78.094976,74.227893,76.033421,519788.0
01/17/2019,76.513734,79.441839,76.513734,78.883347,354600,0.000,0.0,-,79.084288,78.252789,73.874047,75.384769,518580.0
01/16/2019,76.944577,77.479135,76.242466,76.785004,268700,0.000,0.0,-,78.965703,78.445695,73.624720,74.574953,517232.0
01/15/2019,75.588214,77.056259,75.588214,76.162666,202000,0.000,0.0,-,78.849877,78.681682,73.479112,74.235069,522416.0
01/14/2019,75.436623,76.186597,74.981849,75.436623,201900,0.000,0.0,-,78.744895,78.907663,73.434434,74.067523,524648.0
01/11/2019,75.644047,76.242434,75.324913,75.963188,183700,0.000,0.0,-,78.637991,79.125076,73.532172,73.832957,528852.0
01/10/2019,74.399433,75.819604,74.080293,75.787689,245900,0.000,0.0,-,78.530240,79.301065,73.599991,73.590416,532204.0
01/09/2019,74.590909,75.332909,73.713277,74.870155,357300,0.000,0.0,-,78.435065,79.495850,73.644671,73.319945,533376.0
01/08/2019,72.907471,74.064356,71.766546,74.000526,228100,0.000,0.0,-,78.332183,79.714401,73.707361,72.811715,536616.0
01/07/2019,73.832945,73.832945,71.766513,72.109589,350900,0.000,0.0,-,78.240392,79.910216,73.758993,72.455074,539490.0
01/04/2019,71.862265,74.551019,70.761235,73.848907,306300,0.000,0.0,-,78.165393,80.215507,74.007881,72.422365,537456.0
01/03/2019,72.771822,73.194681,70.426143,70.785179,222700,0.000,0.0,-,78.080903,80.507191,74.219167,72.363326,535468.0
01/02/2019,73.689350,74.080294,71.886209,73.386169,393800,0.000,0.0,-,78.006775,80.804893,74.783882,72.674487,535230.0
12/31/2018,73.442025,75.261120,73.075009,74.487206,323700,0.000,0.0,-,77.922220,81.084174,75.097127,72.723154,533042.0
12/28/2018,73.880834,74.423372,72.700021,73.090965,212500,0.000,0.0,-,77.825418,81.364048,75.286848,72.801345,532318.0
12/27/2018,71.686763,73.593622,70.761261,73.537773,274600,0.000,0.0,-,77.733812,81.669298,75.581016,73.231386,535858.0
12/26/2018,69.979345,73.146807,69.612335,73.082977,248800,0.000,0.0,-,77.641558,81.902394,75.765660,73.609566,538404.0
12/24/2018,69.939450,70.769208,69.117661,69.787857,161800,0.000,0.0,-,77.554950,82.159236,76.022806,73.969397,541138.0
12/21/2018,71.758553,72.109602,70.107005,70.434120,752800,0.000,0.0,-,77.487395,82.468445,76.392955,74.603008,545700.0
12/20/2018,72.771825,73.258513,70.904861,71.782494,389400,0.000,0.0,-,77.408081,82.780334,76.779360,75.062912,540448.0
12/19/2018,74.072318,75.620147,72.779806,73.258514,458100,0.000,0.0,-,77.323414,83.155703,77.032261,75.593398,538766.0
12/18/2018,74.646764,75.484508,73.625518,73.896790,297200,0.000,0.0,-,77.227401,83.484832,77.343927,76.075009,536168.0
12/17/2018,75.077602,75.516422,72.476613,73.872849,423500,0.000,0.0,-,77.123254,83.846579,77.668267,76.893277,536578.0
12/14/2018,76.681309,77.527027,74.798383,75.269112,335700,0.000,0.0,-,77.020215,84.193039,78.235050,77.471100,535854.0
12/13/2018,77.758383,78.013694,76.449910,77.391373,300300,0.000,0.0,-,76.905054,84.557117,78.646030,77.772351,533778.0
12/12/2018,77.949868,78.731763,77.239783,77.319572,266500,0.200,0.0,-,76.776316,84.849290,79.307195,77.930647,538056.0
12/11/2018,77.254549,77.819845,75.781594,76.681290,297200,0.000,0.0,-,76.649518,85.174269,79.987873,77.921754,536862.0
12/10/2018,75.184455,76.729070,74.746547,76.123962,328100,0.000,0.0,-,76.530460,85.518861,80.751422,78.076215,544774.0
12/07/2018,77.198809,77.708372,74.404172,75.033165,334100,0.000,0.0,-,76.413793,85.835587,81.670227,78.182903,541726.0
12/06/2018,76.904222,77.716342,74.666923,77.087349,470900,0.000,0.0,-,76.298823,86.194032,82.554000,78.495808,541778.0
12/04/2018,81.609727,82.246684,77.827813,78.074631,409900,0.000,0.0,-,76.171407,86.528911,83.212849,78.471125,543392.0
12/03/2018,80.447277,82.310364,80.025296,82.079468,413600,0.000,0.0,-,76.034112,86.829712,83.720421,78.612845,543648.0
11/30/2018,78.281626,80.144719,78.146274,79.651077,335300,0.000,0.0,-,75.873036,87.019365,84.042880,78.443256,546690.0
11/29/2018,78.695641,79.308713,78.154236,78.281624,279000,0.000,0.0,-,75.734977,87.273509,84.489543,78.999001,543610.0
11/28/2018,77.756154,79.221145,77.230664,78.974327,410600,0.000,0.0,-,75.597240,87.559820,84.948548,79.519710,545138.0
11/27/2018,77.987032,77.987032,76.139866,77.230652,402600,0.000,0.0,-,75.445956,87.874475,85.315194,80.683743,543472.0
11/26/2018,78.273668,78.520492,77.055495,78.225899,364800,0.000,0.0,-,75.302204,88.216042,85.691793,82.053991,540832.0
11/23/2018,77.620786,78.488639,76.864406,77.190842,131500,0.000,0.0,-,75.137659,88.554424,86.056847,83.426628,538292.0
11/21/2018,77.270484,79.197269,76.665376,78.162216,350700,0.000,0.0,-,74.973346,88.884844,86.487189,85.157551,540148.0
11/20/2018,78.273658,79.730691,76.291141,76.840515,609100,0.000,0.0,-,74.809909,89.195042,86.768643,86.612191,538932.0
11/19/2018,80.017319,80.327833,76.179672,79.491829,1041400,0.000,0.0,-,74.656245,89.565852,87.295325,87.954572,532286.0
11/16/2018,84.109764,84.786526,80.152687,80.383583,7731300,0.000,0.0,-,74.491697,89.868534,87.742387,88.827997,515706.0
11/15/2018,83.345431,85.367761,82.899566,85.208519,697600,0.000,0.0,-,74.326842,90.151791,88.006722,89.642503,366390.0
11/14/2018,88.727662,89.380540,80.869243,83.488716,977600,0.000,0.0,-,74.141619,90.317088,88.113809,89.980085,359430.0
11/13/2018,91.307352,92.015963,89.555731,90.614662,308000,0.000,0.0,-,73.966379,90.515987,88.363416,90.377386,344986.0
11/12/2018,92.015950,92.533477,89.834385,90.933128,371000,0.000,0.0,-,73.753137,90.624031,88.250356,89.946645,343258.0
11/09/2018,93.879061,93.879061,90.566897,91.952271,280300,0.000,0.0,-,73.541861,90.710604,87.963329,89.329596,339890.0
11/08/2018,92.629012,94.738923,91.856710,94.500069,471000,0.000,0.0,-,73.325688,90.758513,87.661969,88.687065,339234.0
11/07/2018,90.479278,93.934755,90.105066,92.708618,368000,0.000,0.0,-,73.097566,90.728441,87.199381,87.816828,334184.0
11/06/2018,88.154417,90.407643,88.034987,90.264328,449200,0.000,0.0,-,72.870888,90.719097,86.865379,86.925095,330954.0
11/05/2018,88.122571,88.536589,85.558831,88.226074,335400,0.000,0.0,-,72.661177,90.768970,86.879711,86.636077,329904.0
11/02/2018,89.850325,91.745267,88.011122,88.528648,287200,0.000,0.0,-,72.459878,90.838149,86.954155,86.656776,328902.0
11/01/2018,87.939416,93.146513,85.144786,88.584335,527900,0.000,0.0,-,72.257263,90.905250,87.126928,86.370940,330426.0
10/31/2018,87.533384,90.168778,87.278602,87.461723,313600,0.000,0.0,-,72.049625,90.945802,87.257506,86.247533,324690.0
10/30/2018,84.523789,86.848670,83.202107,86.307259,412100,0.000,0.0,-,71.857881,91.019140,87.558069,86.349446,324698.0
10/29/2018,86.394831,87.437841,83.870897,84.762634,351300,0.000,0.0,-,71.662420,91.082979,87.842708,86.554067,320786.0
10/26/2018,83.878845,86.211688,82.174994,85.526962,304500,0.000,0.0,-,71.472110,91.176915,88.283002,86.597062,318166.0
10/25/2018,84.428247,87.159187,84.197350,85.797699,519300,0.000,0.0,-,71.279957,91.248411,88.702199,86.636872,320192.0
10/24/2018,87.143252,87.947408,83.592235,83.791283,371800,0.000,0.0,-,71.082495,91.293031,89.010325,86.581934,313750.0
10/23/2018,86.832742,88.042958,84.340662,87.374153,249200,0.000,0.0,-,70.898625,91.396061,89.468534,86.805664,310220.0
10/22/2018,85.956909,88.974478,85.733976,88.433067,206900,0.000,0.0,-,70.703958,91.394845,89.791390,87.123345,308698.0
10/19/2018,86.960122,87.565230,85.391622,85.670288,210800,0.000,0.0,-,70.492133,91.388347,90.025471,87.251534,309248.0
10/18/2018,88.687861,89.109842,86.808847,87.350258,284400,0.000,0.0,-,70.290168,91.418030,90.320062,87.882916,311666.0
10/17/2018,88.608252,88.608252,86.952170,88.480858,287500,0.000,0.0,-,70.075651,91.367217,90.570464,88.267479,311782.0
10/16/2018,86.187826,88.576403,85.216470,88.353470,389500,0.000,0.0,-,69.857656,91.281869,90.776279,88.766692,312918.0
10/15/2018,85.988774,85.988774,84.436201,85.192581,401900,0.000,0.0,-,69.642670,91.207017,91.093960,89.131348,310012.0
10/12/2018,87.135280,88.369374,84.420261,85.925064,385500,0.000,0.0,-,69.443093,91.152462,91.549781,89.968943,308612.0
10/11/2018,85.487182,87.772250,85.041310,85.248322,389900,0.000,0.0,-,69.238273,91.052259,92.010778,90.767525,310942.0
10/10/2018,90.550952,90.813691,85.733986,86.028580,490200,0.000,0.0,-,69.037231,91.020434,92.433954,91.438716,318618.0
10/09/2018,89.205397,90.933133,88.942652,90.550964,305300,0.000,0.0,-,68.833672,90.811652,92.816130,92.131404,318106.0
10/08/2018,91.418809,92.605134,88.066840,89.714958,328200,0.000,0.0,-,68.607106,90.518780,93.057634,92.459435,320060.0
10/05/2018,91.482509,93.520760,91.004795,91.984108,317700,0.000,0.0,-,68.395199,90.320523,93.303181,92.799408,319138.0
10/04/2018,92.899736,93.186366,90.622625,91.195885,387300,0.000,0.0,-,68.166410,90.106292,93.431297,92.757207,317134.0
10/03/2018,92.350358,94.460269,91.769141,93.472992,231900,0.000,0.0,-,67.942748,89.867289,93.545172,92.873450,313132.0
10/02/2018,93.576488,94.197517,91.243644,92.000031,514200,0.000,0.0,-,67.705724,89.554129,93.543204,92.785867,314698.0
10/01/2018,94.539883,94.930022,93.425212,93.568527,206800,0.000,0.0,-,67.472505,89.283941,93.744047,93.056571,307810.0
09/28/2018,91.641742,94.388609,91.203839,93.910889,692800,0.000,0.0,-,67.232334,88.966486,93.828710,93.130618,307542.0
09/27/2018,93.154517,93.433183,91.920416,91.960228,175700,0.000,0.0,-,66.990847,88.647748,93.850552,93.254030,297494.0
09/26/2018,93.751652,94.587656,92.875842,92.955460,336700,0.000,0.0,-,66.758321,88.382330,93.902364,93.429192,299048.0
09/25/2018,93.910886,94.070128,92.820107,93.831268,551600,0.000,0.0,-,66.523687,88.095418,93.866660,93.500856,298910.0
09/24/2018,91.283454,93.910885,88.695829,93.114693,422700,0.000,0.0,-,66.282894,87.740914,93.812997,93.655833,294754.0
09/21/2018,92.358295,92.995252,91.482485,91.562103,565700,0.000,0.0,-,66.043905,87.417433,93.741512,93.806953,290658.0
09/20/2018,92.915639,93.592407,91.880593,92.358307,181300,0.000,0.0,-,65.812480,87.097980,93.757593,94.105386,284150.0
09/19/2018,94.508017,95.224591,92.000016,92.597160,355400,0.000,0.0,-,65.577767,86.730809,93.670275,94.216895,288514.0
09/18/2018,94.627459,96.418892,94.627459,94.707077,327300,0.000,0.0,-,65.341267,86.373964,93.596848,94.300542,285804.0
09/17/2018,95.065385,95.590869,93.751666,94.308998,270600,0.000,0.0,-,65.096292,85.991611,93.336453,94.431523,285874.0
09/14/2018,93.711855,95.304240,93.632237,95.145004,237800,0.200,0.0,-,64.851467,85.636297,93.093975,94.526802,284834.0
09/13/2018,93.870811,95.500239,93.036231,93.711845,224300,0.000,0.0,-,64.602461,85.275390,92.791813,94.447074,284898.0
09/12/2018,95.579725,96.183807,92.996490,93.672104,289900,0.000,0.0,-,64.355290,84.931223,92.507656,94.375536,283502.0
09/11/2018,94.307999,96.295104,94.307999,95.381035,276800,0.000,0.0,-,64.107543,84.606132,92.271190,94.232465,284512.0
09/10/2018,95.301514,95.738674,94.546411,94.625900,212400,0.000,0.0,-,63.850960,84.212685,91.867807,93.970161,284816.0
09/07/2018,93.314424,95.341267,92.996486,94.546425,265500,0.000,0.0,-,63.598249,83.811290,91.541921,93.676071,284596.0
09/06/2018,93.791334,94.172861,92.956748,93.473396,349600,0.000,0.0,-,63.347875,83.397973,91.172320,93.409800,282616.0
09/05/2018,95.778420,96.056613,91.843956,93.433640,255400,0.000,0.0,-,63.102381,83.029961,90.739130,93.123656,280820.0
09/04/2018,95.182298,96.279177,94.466939,96.016884,221600,0.000,0.0,-,62.849816,82.642873,90.278122,92.893154,283344.0
08/31/2018,94.387463,95.539981,93.592621,95.261787,202600,0.000,0.0,-,62.579488,82.236709,89.707822,92.241383,290974.0
08/30/2018,92.996496,95.500249,92.797786,94.347725,247500,0.000,0.0,-,62.311288,81.862339,89.067974,91.661149,294290.0
08/29/2018,92.440081,93.592599,92.002916,92.996468,218500,0.000,0.0,-,62.048918,81.540427,88.396332,91.136552,301410.0
08/28/2018,93.155450,93.433649,91.375006,92.241386,206500,0.000,0.0,-,61.789816,81.224875,87.929363,90.639776,304176.0
08/27/2018,91.963162,93.950266,91.526003,92.758003,396700,0.000,0.0,-,61.533228,80.989603,87.096767,90.309916,303970.0
08/24/2018,92.440101,92.559322,90.850417,91.684998,285300,0.000,0.0,-,61.276287,80.721741,86.254236,89.765452,303660.0
08/23/2018,90.810678,92.400361,90.214546,91.883713,363400,0.000,0.0,-,61.017829,80.475340,85.660092,89.407771,302832.0
08/22/2018,90.969638,91.406803,90.055575,90.611961,241100,0.000,0.0,-,60.760509,80.181248,85.129534,88.934840,303650.0
08/21/2018,89.697899,91.526037,89.697899,91.128616,314000,0.000,0.0,-,60.502182,79.917361,84.561222,88.354604,302444.0
08/20/2018,89.578651,90.413238,88.465878,89.499168,216500,0.000,0.0,-,60.245924,79.626449,83.895541,87.663089,300114.0
08/17/2018,89.181250,89.578671,87.694900,89.459450,220300,0.000,0.0,-,59.989090,79.384817,83.345115,87.174261,300536.0
08/16/2018,88.783815,89.936339,87.790263,89.101753,405800,0.000,0.0,-,59.725766,79.122519,82.756931,86.474799,301658.0
08/15/2018,88.704324,88.942778,87.154385,88.028709,197200,0.000,0.0,-,59.463746,78.898309,82.200542,85.656113,298722.0
08/14/2018,87.830008,89.976078,87.575658,88.942787,195300,0.000,0.0,-,59.210290,78.673351,81.733573,85.218951,300114.0
08/13/2018,87.949238,89.777370,87.313362,87.313362,173100,0.000,0.0,-,58.953136,78.419800,81.216926,83.883617,302980.0
08/10/2018,86.478763,89.022254,86.439019,88.108185,234400,0.000,0.0,-,58.701414,78.151245,80.656562,82.743020,304664.0
08/09/2018,85.087824,88.465902,84.690403,87.154411,331700,0.000,0.0,-,58.446495,77.848551,80.098185,81.912413,305474.0
08/08/2018,84.253207,85.071892,82.385330,84.809593,290200,0.000,0.0,-,58.194599,77.560174,79.519938,81.324227,303282.0
08/07/2018,84.928829,85.842898,84.173732,84.213470,344300,0.000,0.0,-,57.954815,77.306794,78.979446,80.767840,303566.0
08/06/2018,82.544306,84.769865,82.305857,84.610893,244200,0.000,0.0,-,57.716364,77.056613,78.506517,80.127994,299424.0
08/03/2018,80.875138,82.703276,79.396732,82.464821,331900,0.000,0.0,-,57.475538,76.799276,78.055445,79.515968,301800.0
08/02/2018,82.822509,83.100709,79.722631,80.914894,502000,0.000,0.0,-,57.243504,76.570582,77.759368,79.039064,308228.0
08/01/2018,77.854742,84.531414,76.503514,83.657089,773700,0.000,0.0,-,57.019413,76.348299,77.568605,78.744971,310540.0
07/31/2018,75.947137,77.616304,74.794613,75.589455,464600,0.000,0.0,-,56.781515,76.127489,77.210925,78.248196,298570.0
07/30/2018,79.603402,80.517471,75.629193,75.907387,403000,0.000,0.0,-,56.584052,76.050580,77.302332,78.550234,294640.0
07/27/2018,81.471283,82.703290,78.768820,79.802116,282100,0.000,0.0,-,56.384998,75.954623,77.292396,78.570103,290000.0
07/26/2018,79.444414,81.630229,78.888028,81.272552,217500,0.000,0.0,-,56.166762,75.776804,77.030098,78.283958,288292.0
07/25/2018,77.934236,79.627247,77.934236,79.245720,187200,0.000,0.0,-,55.940593,75.537850,76.660499,77.715648,287478.0
07/24/2018,79.126500,79.404694,76.861196,77.815010,310200,0.000,0.0,-,55.724266,75.331500,76.451853,77.191052,290486.0
07/23/2018,77.775280,78.967543,77.457342,78.490639,169800,0.000,0.0,-,55.515578,75.179939,76.265065,76.885040,291454.0
07/20/2018,78.013716,78.093199,77.298357,77.695778,193400,0.000,0.0,-,55.303124,74.987898,76.125966,76.594922,294528.0
07/19/2018,78.649583,78.649583,77.656031,77.973969,190400,0.000,0.0,-,55.092415,74.797476,76.068341,76.479671,298346.0
07/18/2018,78.768814,79.126496,78.053455,78.689331,253400,0.000,0.0,-,54.878861,74.567384,76.082251,76.392238,302068.0
07/17/2018,75.827895,78.888034,75.827895,78.609840,329800,0.000,0.0,-,54.656011,74.348366,76.008728,76.173654,304076.0
07/16/2018,76.900921,77.258597,75.907369,76.106079,343800,0.000,0.0,-,54.431911,74.090485,76.102123,76.054430,305380.0
07/13/2018,75.430459,77.099624,75.430459,76.940659,217900,0.000,0.0,-,54.221203,73.894577,76.265066,76.014689,304192.0
07/12/2018,74.238226,76.185586,73.880544,75.589455,240300,0.000,0.0,-,54.000990,73.655802,76.386280,75.776239,313780.0
07/11/2018,74.158735,75.192026,73.562604,73.999763,399500,0.000,0.0,-,53.786757,73.451190,76.465763,75.605350,324864.0
07/10/2018,75.629215,75.732543,74.476691,74.754890,219900,0.000,0.0,-,53.578826,73.244265,76.636655,75.712653,331520.0
07/09/2018,76.622751,76.900945,75.430489,75.589455,330800,0.000,0.0,-,53.365664,72.962748,76.728060,75.645089,334896.0
07/06/2018,77.099661,77.266577,76.503529,76.543274,218600,0.000,0.0,-,53.148718,72.674851,76.819467,75.657011,336242.0
07/05/2018,77.218860,77.814991,76.265046,77.099632,241000,0.000,0.0,-,52.927196,72.375810,76.809530,75.657011,337096.0
07/03/2018,77.934211,78.689308,76.463750,76.503494,154500,0.000,0.0,-,52.701827,72.064848,76.849112,75.772263,338114.0
07/02/2018,75.311263,77.457333,75.271518,77.417595,340400,0.000,0.0,-,52.476821,71.749945,76.862976,75.843801,342670.0
06/29/2018,74.874085,76.582996,74.675375,75.708672,292000,0.000,0.0,-,52.247147,71.384240,76.805359,76.149816,345292.0
06/28/2018,73.761318,74.834353,73.530813,74.556160,201400,0.000,0.0,-,52.024274,71.105857,76.714207,76.515443,343156.0
06/27/2018,75.430507,76.066377,73.840823,73.880562,166500,0.000,0.0,-,51.808423,70.829901,76.635074,76.996320,351562.0
06/26/2018,74.158737,75.883542,74.158737,75.072800,259800,0.000,0.0,-,51.595950,70.557145,76.577822,77.326177,353088.0
06/25/2018,75.112543,75.470220,73.642087,74.079247,381600,0.000,0.0,-,51.378194,70.220092,76.431213,77.560657,353310.0
06/22/2018,77.020162,77.044006,74.802553,75.708672,603100,0.000,0.0,-,51.164243,69.890219,76.312470,77.811031,351660.0
06/21/2018,78.411151,78.411151,76.225336,76.543274,368400,0.000,0.0,-,50.941466,69.511894,76.114238,77.981924,347354.0
06/20/2018,77.894483,78.490614,77.338096,78.252159,603500,0.000,0.0,-,50.714709,69.107359,75.838583,77.962049,343274.0
06/19/2018,79.563653,79.961073,76.304803,77.218872,356800,0.000,0.0,-,50.481050,68.679750,75.416012,77.925960,337920.0
06/18/2018,78.808578,80.994394,78.514485,80.477745,196200,0.000,0.0,-,50.250046,68.239493,75.185896,77.882151,336640.0
06/15/2018,78.888033,79.444420,77.361939,79.364937,381200,0.000,0.0,-,50.000238,67.715816,74.749211,77.460901,340270.0
06/14/2018,77.298350,79.484164,77.298350,79.364937,243900,0.000,0.0,-,49.758214,67.258812,74.336439,76.912972,338460.0
06/13/2018,77.576551,78.331655,76.424033,77.179131,404300,0.000,0.0,-,49.514162,66.770875,73.913752,76.273827,337938.0
06/12/2018,76.622753,77.576561,76.145849,77.417595,180800,0.000,0.0,-,49.283454,66.330620,73.521037,75.829466,336790.0
06/11/2018,77.536806,78.172676,76.265055,76.582993,197500,0.000,0.0,-,49.050877,65.854661,73.096568,75.301769,338860.0
06/08/2018,76.304815,77.934243,76.304815,77.417595,237600,0.200,0.0,-,48.821411,65.426328,72.779267,74.813908,341042.0
06/07/2018,77.851590,77.970570,75.630656,76.344528,276400,0.000,0.0,-,48.587869,64.959095,72.352816,74.246553,341394.0
06/06/2018,76.860122,77.970590,76.423865,77.891266,259000,0.000,0.0,-,48.360657,64.520461,71.944324,73.715116,339552.0
06/05/2018,76.265210,77.415333,75.670318,76.780785,266800,0.000,0.0,-,48.125712,64.097690,71.373228,72.906064,338928.0
06/04/2018,74.202950,76.384223,74.202950,76.265244,338600,0.000,0.0,-,47.897575,63.647952,70.921111,72.489641,336924.0
06/01/2018,73.608035,74.044286,72.180291,73.885651,257300,0.000,0.0,-,47.676458,63.235493,70.393638,72.037521,333746.0
05/31/2018,72.695873,74.202935,72.259616,72.973488,274900,0.000,0.0,-,47.467721,62.899973,70.014891,71.759906,331712.0
05/30/2018,72.775181,73.925304,72.497566,72.735519,222100,0.000,0.0,-,47.265187,62.579524,69.616312,71.553676,329526.0
05/29/2018,71.387097,72.299267,71.188799,72.140625,304400,0.000,0.0,-,47.060656,62.244005,69.247479,71.212607,329462.0
05/25/2018,71.783702,72.576892,71.069829,71.704384,137200,0.000,0.0,-,46.859100,61.930696,68.823122,70.891367,332170.0
05/24/2018,71.268129,72.100981,71.268129,71.744041,363000,0.000,0.0,-,46.662814,61.599142,68.271855,70.744626,331826.0
05/23/2018,69.205820,71.268112,68.729907,71.030159,653300,0.000,0.0,-,46.464013,61.259657,67.744383,70.459079,328070.0
05/22/2018,72.775207,73.036961,69.205850,69.800743,617600,0.000,0.0,-,46.271486,60.940795,67.272436,70.173532,319300.0
05/21/2018,72.418257,73.211447,72.100979,72.616554,175200,0.000,0.0,-,46.085202,60.660005,66.859976,69.840393,315386.0
05/18/2018,71.783703,72.378596,71.387108,71.744041,268100,0.000,0.0,-,45.884839,60.333211,66.267066,69.352581,314992.0
05/17/2018,70.990525,71.744053,70.498745,71.109505,171000,0.000,0.0,-,45.687969,59.989760,65.636481,68.749756,313282.0
05/16/2018,69.364462,71.307781,69.285144,70.911186,196700,0.000,0.0,-,45.504315,59.664551,65.170481,68.269876,314504.0
05/15/2018,68.254023,69.761080,68.254023,69.324829,176800,0.000,0.0,-,45.295579,59.327446,64.662840,67.678949,315190.0
05/14/2018,70.831880,71.180880,68.610945,68.928223,337600,0.000,0.0,-,45.094196,59.002296,64.208738,67.282351,314844.0
05/11/2018,69.047192,70.395612,68.928212,70.236977,358600,0.000,0.0,-,44.892960,58.689032,63.673334,66.754878,311074.0
05/10/2018,68.254024,69.205850,67.381510,68.888573,323500,0.000,0.0,-,44.683540,58.329031,63.040766,65.799084,310318.0
05/09/2018,66.469336,68.809245,66.072741,68.174690,384300,0.000,0.0,-,44.479702,57.984134,62.435957,65.029687,308134.0
05/08/2018,67.421179,67.698794,66.017234,66.469353,376500,0.000,0.0,-,44.276247,57.659842,61.843048,64.371341,303582.0
05/07/2018,66.231371,68.769577,66.191710,67.738434,353800,0.000,0.0,-,44.083733,57.387847,61.363167,63.879558,298498.0
05/04/2018,65.993405,66.469324,63.732815,65.715790,395000,0.000,0.0,-,43.886515,57.088889,60.736547,63.181551,294508.0
05/03/2018,65.001942,67.024580,64.565691,66.310707,284400,0.000,0.0,-,43.698252,56.815357,60.165450,62.523206,292072.0
05/02/2018,65.358854,65.517490,64.248387,65.001915,697300,0.000,0.0,-,43.505565,56.521227,59.675654,62.071086,290464.0
05/01/2018,64.129402,65.834761,62.923756,65.358849,794500,0.000,0.0,-,43.320195,56.233501,59.173962,61.646730,281642.0
04/30/2018,60.480732,64.803615,59.489245,63.653492,732300,0.000,0.0,-,43.131592,55.923610,58.664338,61.135125,270660.0
04/27/2018,61.353249,61.948142,60.520403,60.679039,388700,0.000,0.0,-,42.951419,55.691324,58.162645,60.591791,262954.0
04/26/2018,61.868813,61.868813,60.956644,61.194603,398100,0.000,0.0,-,42.785925,55.492429,57.887012,60.282447,261772.0
04/25/2018,61.511907,61.749860,59.965182,61.591225,261300,0.000,0.0,-,42.616405,55.242887,57.530077,59.842227,263212.0
04/24/2018,61.075616,61.630847,60.520386,61.551529,291900,0.000,0.0,-,42.445095,54.980668,57.171157,59.314756,264702.0
04/23/2018,59.647894,60.798024,59.647894,60.758362,382300,0.000,0.0,-,42.276011,54.655974,56.931218,58.846776,266942.0
04/20/2018,61.511910,61.829182,58.656420,59.132339,471500,0.000,0.0,-,42.107416,54.327371,56.607993,58.291542,264250.0
04/19/2018,60.996315,61.829161,60.520402,61.789505,185200,0.000,0.0,-,41.948787,54.054224,56.433490,57.807694,258536.0
04/18/2018,60.599726,61.273937,59.013346,60.758362,621700,0.000,0.0,-,41.777740,53.740587,56.199499,57.280222,259526.0
04/17/2018,58.735737,60.322118,58.220163,60.242794,242800,0.000,0.0,-,41.611077,53.457064,56.009134,56.701194,250380.0
04/16/2018,58.180488,58.418448,57.030365,58.220150,270900,0.000,0.0,-,41.447958,53.200460,55.794972,56.193551,248794.0
04/13/2018,57.149351,57.625264,56.475134,57.585602,299100,0.000,0.0,-,41.297173,52.999335,55.707721,55.733500,247280.0
04/12/2018,56.594107,58.013918,56.554451,56.792404,387800,0.000,0.0,-,41.145697,52.816438,55.584777,55.491576,247222.0
04/11/2018,56.356171,56.990720,55.880252,56.316509,164400,0.000,0.0,-,41.002920,52.639914,55.483646,55.217926,243352.0
04/10/2018,55.880243,57.070028,55.800925,56.871731,335800,0.000,0.0,-,40.865323,52.487144,55.422173,55.027559,243990.0
04/09/2018,54.650797,55.840582,54.650797,55.206028,292800,0.000,0.0,-,40.725818,52.324060,55.366649,55.015660,240412.0
04/06/2018,55.959562,56.475130,53.461012,54.293858,377700,0.000,0.0,-,40.597250,52.197454,55.420189,54.924443,239638.0
04/05/2018,55.523298,56.594104,54.531811,56.514786,290700,0.000,0.0,-,40.471311,52.059038,55.434071,55.059286,234598.0
04/04/2018,54.492156,55.206028,54.016243,54.968075,217800,0.000,0.0,-,40.335329,51.895184,55.350787,55.118775,231032.0
04/03/2018,53.936920,56.673423,53.936920,55.166367,346900,0.000,0.0,-,40.207468,51.755147,55.305178,55.317073,228760.0
04/02/2018,55.166364,55.523297,53.143728,53.619640,284300,0.000,0.0,-,40.078615,51.611935,55.200225,55.396394,225322.0
03/29/2018,54.412832,55.721597,54.333515,55.166367,306600,0.000,0.0,-,39.958944,51.480676,55.182495,55.681943,226366.0
03/28/2018,54.492155,55.269484,53.540330,54.055904,255200,0.000,0.0,-,39.832409,51.359608,55.036023,55.677978,223966.0
03/27/2018,56.713086,56.713086,54.174881,54.412834,184300,0.000,0.0,-,39.710364,51.222788,54.915415,55.749365,222786.0
03/26/2018,55.166363,56.832061,54.611126,56.752743,227800,0.000,0.0,-,39.586147,51.068548,54.792778,55.816787,221676.0
03/23/2018,55.800920,56.514792,54.293858,54.293858,166600,0.000,0.0,-,39.450232,50.875418,54.598621,55.717638,220896.0
03/22/2018,56.633780,57.228672,55.523312,55.642292,179700,0.000,0.0,-,39.326320,50.715649,54.523453,55.915936,221424.0
03/21/2018,57.109673,57.585585,56.237165,57.109673,155600,0.000,0.0,-,39.195378,50.543146,54.343298,55.808855,222860.0
03/20/2018,55.959570,57.109693,55.959570,56.951057,165600,0.000,0.0,-,39.056132,50.369767,54.068026,55.582798,226488.0
03/19/2018,56.435481,56.594117,54.849101,55.959568,218900,0.000,0.0,-,38.919418,50.152109,53.751254,55.293282,227786.0
03/16/2018,55.047393,56.673430,54.730116,56.475132,439800,0.000,0.0,-,38.787661,49.938463,53.446491,55.004057,228334.0
03/15/2018,54.888757,55.681947,54.611142,55.126717,120000,0.000,0.0,-,38.651009,49.697897,53.224694,54.683048,222732.0
03/14/2018,55.206026,55.364668,54.452498,54.769775,175200,0.000,0.0,-,38.520713,49.492999,53.005071,54.394067,224284.0
03/13/2018,56.157867,56.752759,55.007737,55.087055,214800,0.000,0.0,-,38.394422,49.304730,52.702459,54.081466,224612.0
03/12/2018,56.276826,56.276826,54.849087,55.761257,421900,0.000,0.0,-,38.268283,49.108534,52.372120,53.768770,221952.0
03/09/2018,54.888750,56.395812,54.571479,56.276833,155500,0.000,0.0,-,38.137711,48.892527,51.849897,53.479603,215508.0
03/08/2018,55.087052,55.483647,54.214544,54.571484,182600,0.000,0.0,-,38.007362,48.667791,51.252466,53.130970,214380.0
03/07/2018,53.857614,55.206035,53.262722,54.849102,232100,0.200,0.0,-,37.884187,48.482697,50.797641,52.877741,213184.0
03/06/2018,53.146400,54.174532,52.671880,54.055901,231000,0.000,0.0,-,37.764066,48.290469,50.360570,52.553253,213194.0
03/05/2018,53.146404,53.620930,52.315995,53.067318,159500,0.000,0.0,-,37.647622,48.156021,49.986884,52.209226,213708.0
03/02/2018,51.881020,53.423219,51.446046,53.265041,149100,0.000,0.0,-,37.536314,48.019201,49.704149,51.888924,215392.0
03/01/2018,51.485579,52.395079,50.852887,52.236908,320800,0.000,0.0,-,37.426625,47.883172,49.449093,51.766339,217046.0
02/28/2018,52.236913,53.067322,51.643761,51.643761,214300,0.000,0.0,-,37.323718,47.759796,49.259284,51.616074,220038.0
02/27/2018,52.988227,53.265030,51.881009,51.960094,156700,0.000,0.0,-,37.222714,47.634048,49.075407,51.323452,220488.0
02/26/2018,52.909133,53.265021,52.513698,52.869587,122300,0.000,0.0,-,37.121288,47.505532,48.911302,50.975470,221062.0
02/23/2018,52.355528,52.830054,51.683290,52.790508,154300,0.000,0.0,-,37.015314,47.360407,48.703700,50.220191,223024.0
02/22/2018,52.315995,53.304582,51.604212,52.039192,273200,0.000,0.0,-,36.911082,47.213701,48.507960,49.373962,225718.0
02/21/2018,50.813352,52.830071,50.813352,51.604221,204000,0.000,0.0,-,36.808779,47.093489,48.274653,48.717541,222950.0
02/20/2018,49.903844,51.643760,49.468866,50.615627,256200,0.000,0.0,-,36.710287,46.974858,48.110547,48.167886,222678.0
02/16/2018,51.801934,51.841480,49.856396,49.864304,245400,0.000,0.0,-,36.621644,46.868882,47.978077,47.764542,221850.0
02/15/2018,50.773797,52.078732,50.299276,52.039192,347000,0.000,0.0,-,36.535411,46.777141,47.885150,47.519373,221954.0
02/14/2018,48.361646,50.971510,47.966211,50.734253,329600,0.000,0.0,-,36.442826,46.644670,47.636026,47.131846,220542.0
02/13/2018,48.480277,50.615624,48.124385,48.717537,470100,0.000,0.0,-,36.355804,46.535926,47.554961,46.902494,219762.0
02/12/2018,46.107671,49.192061,46.068128,48.480278,335800,0.000,0.0,-,36.288006,46.475820,47.479828,46.827362,216900.0
02/09/2018,44.644562,45.989040,43.814150,45.316799,403900,0.000,0.0,-,36.224184,46.413092,47.390856,46.847134,214908.0
02/08/2018,45.672699,45.672699,44.328220,44.328220,247700,0.000,0.0,-,36.175121,46.413634,47.479829,47.187208,215026.0
02/07/2018,46.147217,46.424023,45.395894,45.474979,185800,0.000,0.0,-,36.128211,46.412623,47.578687,47.641957,215768.0
02/06/2018,45.830867,46.779910,44.960909,46.107670,234700,0.000,0.0,-,36.073547,46.385575,47.655797,47.831765,214788.0
02/05/2018,47.214886,48.005755,46.542646,46.582191,164400,0.000,0.0,-,36.013602,46.344710,47.772450,48.053208,214302.0
02/02/2018,47.768501,48.559370,47.175349,47.412609,163500,0.000,0.0,-,35.953113,46.294742,47.746747,48.191611,221110.0
02/01/2018,48.203468,48.401185,47.017164,48.163925,195200,0.000,0.0,-,35.883180,46.235920,47.639979,48.250927,226712.0
01/31/2018,48.203467,49.310682,48.203467,48.440727,296200,0.000,0.0,-,35.811799,46.160134,47.454126,48.140205,231952.0
01/30/2018,48.203485,48.757094,47.926679,47.966225,194300,0.000,0.0,-,35.736822,46.049733,47.276180,48.207429,231572.0
01/29/2018,48.717540,49.468867,48.519823,48.677998,196300,0.000,0.0,-,35.661138,45.929435,47.145686,48.132294,232950.0
01/26/2018,49.033886,49.033886,48.203474,48.717537,156900,0.000,0.0,-,35.582665,45.788311,46.975649,47.934577,234244.0
01/25/2018,47.570777,48.875710,47.214886,48.875710,254100,0.000,0.0,-,35.505437,45.651436,46.787817,47.772449,237674.0
01/24/2018,48.361649,48.361649,47.175345,47.373062,125700,0.000,0.0,-,35.426168,45.497440,46.596032,47.515418,237408.0
01/23/2018,48.005752,48.598904,47.847578,48.322098,112400,0.000,0.0,-,35.354797,45.368456,46.493218,47.479829,240626.0
01/22/2018,47.966225,48.045310,47.491701,47.966225,104200,0.000,0.0,-,35.278680,45.229409,46.338999,47.491692,244766.0
01/19/2018,47.017174,48.598912,47.017174,48.005760,175000,0.000,0.0,-,35.204151,45.069952,46.307364,47.301883,256710.0
01/18/2018,49.192060,49.271146,46.344930,47.056713,336500,0.000,0.0,-,35.128943,44.918234,46.218391,47.029032,258674.0
01/17/2018,47.531227,49.152510,47.531227,49.112965,186600,0.000,0.0,-,35.057229,44.756030,46.188734,46.768046,260776.0
01/16/2018,47.610313,48.559356,47.175335,47.214878,196200,0.000,0.0,-,34.982258,44.571312,46.036493,46.344931,266288.0
01/12/2018,47.056713,47.317701,46.582192,46.700821,128800,0.000,0.0,-,34.913313,44.389660,45.943565,46.159077,271704.0
01/11/2018,46.265852,47.254438,46.265852,47.096264,188800,0.000,0.0,-,34.846843,44.191537,45.885239,46.016721,277232.0
01/10/2018,46.898545,46.898545,46.147219,46.305393,193000,0.000,0.0,-,34.779261,43.983567,45.811094,45.803185,280580.0
01/09/2018,48.282563,48.440738,46.938085,47.017174,251500,0.000,0.0,-,34.713998,43.804208,45.768585,45.676645,279664.0
01/08/2018,46.107663,48.622627,46.107663,48.440727,337000,0.000,0.0,-,34.645176,43.614104,45.719155,45.506608,276930.0
01/05/2018,45.395893,46.107673,44.367761,46.068130,230500,0.000,0.0,-,34.569910,43.384672,45.580753,45.186307,273370.0
01/04/2018,44.446844,45.554059,44.288670,45.277256,246300,0.000,0.0,-,34.505544,43.205794,45.543187,45.312845,272508.0
01/03/2018,45.040002,45.277262,44.249133,44.446850,159700,0.000,0.0,-,34.446865,43.035754,45.543187,45.407750,271798.0
01/02/2018,45.435430,45.751775,44.763189,44.881821,197600,0.000,0.0,-,34.395898,42.883874,45.591627,45.609423,271568.0
12/29/2017,45.395881,46.265835,45.356335,45.356335,191600,0.000,0.0,-,34.343237,42.716703,45.612388,45.728054,271048.0
12/28/2017,45.000453,45.395888,44.866004,45.277256,81800,0.000,0.0,-,34.289262,42.538490,45.630183,45.728054,272408.0
12/27/2017,45.039996,45.474973,44.921364,44.960907,99700,0.000,0.0,-,34.236164,42.354105,45.633514,45.753757,275200.0
12/26/2017,45.158626,45.395889,44.842280,45.039997,99100,0.000,0.0,-,34.181760,42.176822,45.652663,45.819004,279182.0
12/22/2017,45.435431,45.633148,44.842279,45.316799,122800,0.000,0.0,-,34.127539,41.997570,45.614547,45.860524,285196.0
12/21/2017,47.452150,47.452150,45.237717,45.237717,232600,0.000,0.0,-,34.071837,41.813169,45.554836,45.931703,286732.0
12/20/2017,46.424017,47.728950,46.368657,47.333515,256700,0.000,0.0,-,34.013548,41.630350,45.496171,45.975200,286288.0
12/19/2017,46.344935,46.898545,45.909958,46.226307,243700,0.000,2.0,-,33.944973,41.406778,45.333686,45.773528,284418.0
12/18/2017,46.325172,46.779922,46.087912,46.463573,231800,0.000,0.0,-,33.881067,41.203025,45.245947,45.678623,283116.0
12/15/2017,45.435436,46.384479,45.297034,46.068130,470400,0.000,0.0,-,33.814147,40.993362,45.141498,45.573831,283120.0
12/14/2017,45.633141,45.712226,45.237706,45.356335,236800,0.000,0.0,-,33.750359,40.793547,44.984124,45.496722,277608.0
12/13/2017,45.593606,46.384475,45.494747,45.534290,185400,0.000,0.0,-,33.688206,40.606417,44.813875,45.532312,280008.0
12/12/2017,45.514514,46.028580,45.376113,45.613373,220400,0.000,0.0,-,33.621410,40.406811,44.618250,45.513271,283184.0
12/11/2017,46.028586,46.028586,45.059769,45.455204,289000,0.000,0.0,-,33.553068,40.199807,44.431271,45.486323,286364.0
12/08/2017,45.850636,46.206528,45.613376,46.028584,134800,0.000,0.0,-,33.483118,39.973090,44.217306,45.368570,284376.0
12/07/2017,45.217933,45.949487,45.198164,45.672684,190400,0.000,0.0,-,33.410301,39.728315,43.962071,45.177969,284852.0
12/06/2017,45.217941,45.652918,44.846234,45.316799,214800,0.000,0.0,-,33.339744,39.494148,43.746925,45.017143,285176.0
12/05/2017,45.376115,46.463560,45.237713,45.277256,250600,0.000,0.0,-,33.274227,39.245773,43.480753,44.893844,283400.0
12/04/2017,45.593604,46.206526,45.277256,45.415657,276400,0.000,0.0,-,33.209005,38.995088,43.237883,44.813271,281460.0
12/01/2017,45.949500,45.949500,43.932784,45.297035,290600,1.150,0.0,-,33.143665,38.735043,42.914426,44.709164,279124.0
11/30/2017,45.537759,45.944866,45.305127,45.712234,327000,0.000,0.0,-,33.081989,38.471555,42.643426,44.471527,275232.0
11/29/2017,45.363275,45.402046,44.587834,45.343887,236200,0.000,0.0,-,33.015647,38.201314,42.264429,44.095438,271404.0
11/28/2017,44.452132,45.460205,44.238885,45.343887,409800,0.000,0.0,-,32.951626,37.939216,41.836968,43.723228,269784.0
11/27/2017,44.374602,44.529691,44.103199,44.277672,284800,0.000,0.0,-,32.884343,37.672852,41.404661,43.376219,265536.0
11/24/2017,44.277667,44.471527,43.657315,44.122581,136800,0.000,0.0,-,32.803781,37.417344,41.057651,43.066042,266528.0
11/22/2017,44.083807,44.374597,43.793017,44.064423,210400,0.000,0.0,-,32.721308,37.164550,40.727119,42.746173,267392.0
11/21/2017,44.742931,44.742931,43.967491,44.083805,504800,0.000,0.0,-,32.637687,36.905941,40.372355,42.476706,266048.0
11/20/2017,44.742929,45.518370,44.258279,44.471523,443600,0.000,0.0,-,32.554736,36.651984,40.024376,42.067662,257872.0
11/17/2017,43.424682,44.878633,43.056349,44.374596,457200,0.000,0.0,-,32.470615,36.390272,39.639564,41.662496,251016.0
11/16/2017,42.203376,43.017588,42.203376,42.920658,277200,0.000,0.0,-,32.387745,36.133214,39.263475,41.119687,244608.0
11/15/2017,41.447313,42.183982,41.276715,41.951347,263200,0.000,0.0,-,32.309460,35.900581,38.943606,40.815326,241788.0
11/14/2017,41.583017,42.048280,41.001436,41.621788,261000,0.000,0.0,-,32.234677,35.684621,38.668324,40.433421,241504.0
11/13/2017,41.175901,42.040518,40.885110,41.873798,328400,0.000,0.0,-,32.163749,35.476024,38.390134,39.950709,241016.0
11/10/2017,40.904500,41.330992,40.505149,41.175903,240800,0.000,0.0,-,32.090602,35.268955,38.101282,39.433103,238100.0
11/09/2017,41.350381,41.427924,40.458623,40.923889,286600,0.000,0.0,-,32.022287,35.065799,37.846357,39.049260,237664.0
11/08/2017,39.799486,41.466681,39.605626,41.369751,319400,0.000,0.0,-,31.955616,34.857641,37.605001,38.708066,235268.0
11/07/2017,40.458630,40.749420,39.702576,39.993366,701400,0.000,0.0,-,31.887099,34.649450,37.341351,38.268003,231820.0
11/06/2017,38.868979,40.516791,38.810820,40.419861,273200,0.000,0.0,-,31.823833,34.460674,37.149429,37.981089,224404.0
11/03/2017,39.896427,39.935198,38.849580,38.946510,441600,0.000,0.0,-,31.756037,34.273026,36.930367,37.616632,221012.0
11/02/2017,38.636341,40.516784,38.597569,39.877045,462200,0.000,0.0,-,31.697430,34.112141,36.782064,37.407263,215532.0
11/01/2017,38.403704,38.423088,35.805975,38.132298,467000,0.000,0.0,-,31.631292,33.928396,36.592081,37.071885,208452.0
10/31/2017,36.794666,37.201771,36.678349,36.794666,405200,0.000,0.0,-,31.577716,33.779933,36.485458,36.903226,202424.0
10/30/2017,37.337482,37.453796,36.387565,36.697742,356200,0.000,0.0,-,31.529196,33.662084,36.423423,36.829559,197636.0
10/27/2017,37.531335,37.667037,36.891596,37.337475,147200,0.000,0.0,-,31.484999,33.546175,36.351694,36.769461,194876.0
10/26/2017,37.182382,37.608874,37.182382,37.511944,114800,0.000,0.0,-,31.433766,33.422492,36.190790,36.643454,197660.0
10/25/2017,37.085445,37.085445,36.639566,36.969128,159000,0.000,0.0,-,31.383962,33.313088,36.004684,36.501936,199788.0
10/24/2017,36.852819,37.201765,36.387553,37.124222,187400,0.000,0.0,-,31.336489,33.216472,35.854443,36.414699,199524.0
10/23/2017,37.124237,37.337484,36.523269,36.775288,210800,0.000,0.0,-,31.286514,33.123322,35.643136,36.317770,199340.0
10/20/2017,36.755895,36.969140,36.736508,36.852825,148200,0.000,0.0,-,31.238284,33.024402,35.441521,36.244102,200048.0
10/19/2017,36.387564,36.775285,36.135545,36.523266,171600,0.000,0.0,-,31.190817,32.923932,35.219551,36.156864,200672.0
10/18/2017,36.271232,36.445705,36.116144,36.445705,259600,0.000,0.0,-,31.148547,32.842414,34.999519,36.112277,202576.0
10/17/2017,36.096770,36.213087,35.941681,36.057999,221400,0.000,0.0,-,31.103403,32.753176,34.787243,36.067690,203676.0
10/16/2017,36.193694,36.426325,35.693534,36.096764,298800,0.000,0.0,-,31.059239,32.682509,34.596291,36.017286,206140.0
10/13/2017,36.154939,36.310028,35.875780,36.077396,399800,0.000,0.0,-,31.016416,32.611452,34.392737,35.933926,205828.0
10/12/2017,36.019221,36.251852,35.650885,36.096764,199600,0.000,0.0,-,30.971770,32.540783,34.163982,35.738126,206808.0
10/11/2017,36.019221,36.096764,35.933922,36.096764,210400,0.000,0.0,-,30.928563,32.466250,33.933288,35.507433,214508.0
10/10/2017,36.251856,36.271244,35.836996,36.154926,163200,0.000,0.0,-,30.883630,32.431890,33.685147,35.294186,229392.0
10/09/2017,36.057996,36.135539,35.592732,36.038609,178600,0.000,0.0,-,30.837829,32.292071,33.446699,34.968502,234416.0
10/06/2017,36.057993,36.310011,35.534571,35.980450,232000,0.000,0.0,-,30.793666,32.152262,33.214067,34.638940,237472.0
10/05/2017,36.077396,36.387571,35.980466,36.077396,194800,0.000,0.0,-,30.749793,32.006276,32.991128,34.282238,239084.0
10/04/2017,35.534573,36.154925,35.429887,35.999836,356800,0.000,0.0,-,30.705148,31.851784,32.751709,33.886761,240664.0
10/03/2017,35.263169,35.786593,35.166238,35.553959,344200,0.000,0.0,-,30.660891,31.694208,32.509384,33.506796,240520.0
10/02/2017,34.158162,35.340710,33.964302,35.263165,379400,0.000,0.0,-,30.620302,31.532803,32.291284,33.175295,237552.0
09/29/2017,33.712281,34.216319,33.700650,34.119389,189600,0.000,0.0,-,30.581071,31.386871,32.104141,32.851548,233772.0
09/28/2017,33.944926,33.964310,33.460275,33.789837,158600,0.000,0.0,-,30.548134,31.270380,31.949078,32.589838,234276.0
09/27/2017,32.994997,34.080616,32.832156,33.964298,206600,0.000,0.0,-,30.519340,31.155846,31.785385,32.359144,236576.0
09/26/2017,32.820540,33.130714,32.529749,32.898083,126000,0.000,0.0,-,30.488714,31.032028,31.635180,32.076108,235764.0
09/25/2017,32.394043,32.839919,31.971426,32.742989,153600,0.000,0.0,-,30.462843,30.932625,31.518006,31.924896,240184.0
09/22/2017,32.083864,32.490971,32.083864,32.413425,159600,0.000,0.0,-,30.438132,30.830529,31.432729,31.789193,240364.0
09/21/2017,32.297111,32.297111,31.940406,32.122635,96000,0.000,0.0,-,30.414205,30.734638,31.357170,31.700018,241272.0
09/20/2017,32.297110,32.374653,32.006320,32.200180,135600,0.000,0.0,-,30.392691,30.643791,31.285528,31.616657,245492.0
09/19/2017,32.025705,32.366901,31.696143,32.238953,155200,0.000,0.0,-,30.367336,30.545598,31.210975,31.511972,248136.0
09/18/2017,31.541045,32.103242,31.541045,32.025696,197400,0.000,0.0,-,30.342459,30.447402,31.144141,31.407273,251568.0
09/15/2017,31.502283,31.579826,31.133950,31.502283,334400,0.000,0.0,-,30.321238,30.361584,31.087969,31.356733,256092.0
09/14/2017,31.075790,31.521669,30.959473,31.482895,180000,0.000,0.0,-,30.303018,30.272328,31.070521,31.308318,253844.0
09/13/2017,31.269643,31.424732,30.959466,31.133942,143200,0.000,0.0,-,30.285087,30.190798,31.098464,31.211626,254188.0
09/12/2017,31.463507,31.541050,31.095171,31.385962,96000,0.000,0.0,-,30.269952,30.119725,31.148684,31.194251,254312.0
09/11/2017,31.793069,31.889999,31.327806,31.385962,100800,0.000,0.0,-,30.252887,30.040520,31.202720,31.111115,259720.0
09/08/2017,31.250263,31.676755,30.862543,31.521669,136800,0.000,0.0,-,30.236684,29.965179,31.224888,31.076265,263544.0
09/07/2017,31.192098,31.444117,30.940082,31.289028,136200,0.150,0.0,-,30.218845,29.896007,31.240270,31.014323,273180.0
09/06/2017,31.269212,31.365781,30.747737,31.153330,249000,0.000,0.0,-,30.199589,29.816038,31.298186,30.954400,278768.0
09/05/2017,31.423726,31.616865,31.095390,31.191959,236600,0.000,0.0,-,30.182827,29.757710,31.339712,30.909979,278456.0
09/01/2017,31.076081,31.848638,31.076081,31.520302,182600,0.000,0.0,-,30.164343,29.709812,31.406345,30.881009,290744.0
08/31/2017,30.593223,31.481664,30.554596,31.018131,219000,0.000,0.0,-,30.142209,29.658823,31.457527,30.819204,292428.0
08/30/2017,30.940879,31.095391,30.438720,30.515974,166800,0.000,0.0,-,30.123160,29.628307,31.533817,30.832724,291696.0
08/29/2017,30.400089,31.095390,30.322834,30.960194,147000,0.000,0.0,-,30.108916,29.600108,31.626524,30.985303,290956.0
08/28/2017,31.172650,31.230592,30.419409,30.554605,330600,0.000,0.0,-,30.093598,29.567275,31.797452,31.103117,290924.0
08/25/2017,31.018141,31.172649,30.902256,31.037453,103600,0.000,0.0,-,30.077919,29.544098,31.727921,31.294325,290076.0
08/24/2017,30.728432,31.269219,30.593232,30.902256,167600,0.000,0.0,-,30.057243,29.511264,31.628455,31.373511,291760.0
08/23/2017,30.573913,30.805679,30.458028,30.689795,108200,0.000,0.0,-,30.034949,29.486929,31.517400,31.466217,290368.0
08/22/2017,30.902259,30.998828,30.651177,30.709120,165600,0.000,0.0,-,30.010945,29.470319,31.400551,31.641973,290744.0
08/21/2017,30.902256,31.018141,30.767059,30.902256,165800,0.000,0.0,-,29.991529,29.449073,31.271148,31.769445,291540.0
08/18/2017,30.902256,31.249907,30.863629,30.902256,218200,0.000,0.0,-,29.961300,29.422420,31.100220,31.931681,292244.0
08/17/2017,32.003141,32.215595,31.114703,31.153330,286400,0.000,0.0,-,29.934991,29.395767,30.953434,32.095849,292352.0
08/16/2017,32.331472,32.756380,31.925882,32.041763,221200,0.000,0.0,-,29.923010,29.362933,30.810511,32.234910,290488.0
08/15/2017,32.466675,32.466675,32.022455,32.138336,145800,0.000,0.0,-,29.902667,29.311172,30.611578,32.267745,289724.0
08/14/2017,32.119031,32.601879,32.061089,32.466682,178200,0.000,0.0,-,29.878303,29.253617,30.393332,32.491787,291056.0
08/11/2017,31.578236,32.080398,31.033582,31.829317,246200,0.000,0.0,-,29.854115,29.196448,30.166394,32.161518,292120.0
08/10/2017,32.254222,32.524616,31.810002,31.829317,179400,0.000,0.0,-,29.834929,29.152026,29.956838,31.883399,299264.0
08/09/2017,31.771363,32.910882,31.771363,32.447350,266800,0.000,0.0,-,29.816508,29.098333,29.746316,31.568582,301420.0
08/08/2017,32.408746,32.852967,31.848641,31.983841,314600,0.000,0.0,-,29.794042,29.030735,29.502962,31.159129,301476.0
08/07/2017,32.601877,32.976568,32.485993,32.524620,344600,0.000,0.0,-,29.774084,28.981291,29.268297,30.772851,300976.0
08/04/2017,32.563253,32.698450,32.215602,32.543938,283200,0.000,0.0,-,29.752664,28.927985,29.008525,30.268758,298268.0
08/03/2017,32.389426,32.640507,31.848636,32.543938,448800,0.000,0.0,-,29.733634,28.870043,28.768066,29.811018,299652.0
08/02/2017,34.591213,34.861607,32.061090,32.370113,584600,0.000,0.0,-,29.713744,28.823303,28.492843,29.386112,299948.0
08/01/2017,30.709111,34.726405,30.527560,34.378754,954600,0.000,0.0,-,29.693346,28.774632,28.244659,28.955411,295488.0
07/31/2017,29.241250,29.395762,28.893602,29.163996,414400,0.000,0.0,-,29.662847,28.703557,27.904734,28.294877,284748.0
07/28/2017,28.507337,29.202636,28.507337,29.048124,331400,0.000,0.0,-,29.659054,28.735618,27.817822,28.171269,287836.0
07/27/2017,28.430069,28.758405,28.275557,28.681150,312600,0.000,0.0,-,29.654749,28.770769,27.746359,28.030277,291920.0
07/26/2017,28.121053,28.661840,27.850657,28.352819,273800,0.000,0.0,-,29.655091,28.823689,27.715457,27.924050,292032.0
07/25/2017,27.503008,28.178995,27.464381,28.121056,349600,0.000,0.0,-,29.654530,28.889743,27.662344,27.846794,292128.0
07/24/2017,27.966538,28.024480,27.406433,27.483690,195800,0.000,0.0,-,29.656257,28.956182,27.668138,27.763743,289732.0
07/21/2017,28.352818,28.352818,27.812028,27.966539,190400,0.000,0.0,-,29.659985,29.040005,27.733805,27.748292,291560.0
07/20/2017,28.082422,28.488015,27.831343,28.294876,214800,0.000,0.0,-,29.660898,29.114170,27.784021,27.725115,295752.0
07/19/2017,27.869969,28.159678,27.777263,28.063108,273600,0.000,0.0,-,29.660054,29.187156,27.843894,27.599574,302268.0
07/18/2017,27.812042,27.889296,27.522333,27.773415,166000,0.000,0.0,-,29.658629,29.257466,27.896041,27.533906,304308.0
07/17/2017,27.657517,28.043795,27.580263,27.927914,347000,0.000,0.0,-,29.658652,29.340113,27.973296,27.514590,310136.0
07/14/2017,27.580262,27.869971,27.580262,27.638205,162600,0.000,0.0,-,29.660408,29.439297,28.046689,27.464374,308892.0
07/13/2017,27.618879,27.618879,27.367798,27.618879,205000,0.000,0.0,-,29.663459,29.538888,28.134567,27.462441,312120.0
07/12/2017,27.522313,28.217615,27.445059,27.580256,307000,0.000,0.0,-,29.665670,29.656954,28.237897,27.506864,322408.0
07/11/2017,27.329179,27.696142,27.193983,27.290552,267800,0.000,0.0,-,29.668590,29.771944,28.351849,27.477894,336004.0
07/10/2017,27.560938,27.773392,27.058779,27.329172,326800,0.000,0.0,-,29.674584,29.929291,28.469664,27.572532,338564.0
07/07/2017,27.039468,27.831339,27.039468,27.734770,423600,0.000,0.0,-,29.678033,30.097026,28.581685,27.719319,337100.0
07/06/2017,27.193981,27.251923,26.942899,27.039469,222000,0.000,0.0,-,29.675745,30.252416,28.673426,27.842928,333564.0
07/05/2017,27.638200,27.676828,27.193980,27.406431,197200,0.000,0.0,-,29.677469,30.410551,28.797035,28.088214,333420.0
07/03/2017,27.676825,27.812022,27.367801,27.580256,149400,0.000,0.0,-,29.675235,30.553264,28.899399,28.258176,333812.0
06/30/2017,27.734773,27.773400,27.193983,27.425749,366400,0.000,0.0,-,29.671903,30.684034,28.983415,28.432002,334536.0
06/29/2017,28.217611,28.410750,27.425740,27.618879,292000,0.000,0.0,-,29.661160,30.825207,29.092539,28.629004,331252.0
06/28/2017,27.503003,28.372129,27.159216,28.063108,618600,0.000,0.0,-,29.649299,30.941348,29.192006,28.806692,329464.0
06/27/2017,28.101736,28.198305,27.251925,27.290552,415600,0.000,0.0,-,29.637636,31.057843,29.246085,28.968929,320948.0
06/26/2017,28.893613,29.106065,28.178996,28.236938,233400,0.000,0.0,-,29.627740,31.180936,29.334929,29.225805,316408.0
06/23/2017,29.067427,29.299193,28.777718,28.797033,851000,0.000,0.0,-,29.614103,31.272786,29.398664,29.366795,314892.0
06/22/2017,29.453707,29.492334,28.661836,28.970860,266800,0.000,0.0,-,29.599171,31.356512,29.451778,29.444051,300496.0
06/21/2017,29.183314,29.608219,29.067429,29.492334,182400,0.000,0.0,-,29.581521,31.442535,29.485577,29.503924,297856.0
06/20/2017,29.163993,29.318505,29.067423,29.106050,129800,0.000,0.0,-,29.560845,31.513126,29.521308,29.505855,296804.0
06/19/2017,29.608221,29.608221,29.241255,29.318512,145400,0.000,0.0,-,29.541034,31.592981,29.562833,29.540622,298544.0
06/16/2017,28.893607,29.473025,28.874292,29.395767,288200,0.000,0.0,-,29.519303,31.668588,29.638157,29.534828,298964.0
06/15/2017,29.357140,29.666164,28.603899,29.395767,187800,0.000,0.0,-,29.498101,31.741879,29.706721,29.556074,297904.0
06/14/2017,29.936560,29.994502,29.588909,29.685478,98000,0.000,0.0,-,29.478060,31.813246,29.777217,29.577320,298492.0
06/13/2017,29.762735,29.955874,29.608223,29.859304,127000,0.000,0.0,-,29.456856,31.873816,29.859301,29.523240,305060.0
06/12/2017,29.608220,29.743416,29.395765,29.646847,205400,0.000,0.0,-,29.434288,31.959005,29.949111,29.444053,310372.0
06/09/2017,29.588902,29.820668,29.376451,29.569590,201000,0.000,0.0,-,29.412402,32.034587,30.038920,29.430533,309668.0
06/08/2017,29.492332,29.878610,29.337820,29.569590,223600,0.000,0.0,-,29.391739,32.111330,30.144181,29.459505,308860.0
06/07/2017,29.473019,29.646843,29.434389,29.511646,193200,0.000,0.0,-,29.370296,32.191536,30.249441,29.467231,307320.0
06/06/2017,29.106063,29.666169,28.912924,29.453714,183000,0.000,0.0,-,29.348552,32.266359,30.371070,29.536761,306428.0
06/05/2017,29.550283,29.724107,29.260574,29.260574,212400,0.000,0.0,-,29.327650,32.342340,30.477314,29.585045,306020.0
06/02/2017,29.588912,29.955878,29.384185,29.608227,231400,0.000,0.0,-,29.306800,32.424878,30.609571,29.741486,304544.0
06/01/2017,29.202633,29.666169,28.646395,29.608227,603400,0.000,0.0,-,29.285564,32.496614,30.773517,29.857369,305124.0
05/31/2017,29.086744,29.202626,28.758406,29.144684,287200,0.000,0.0,-,29.266746,32.575278,30.923993,29.977114,299556.0
05/30/2017,29.376460,29.473030,28.970867,29.067436,269600,0.000,0.0,-,29.249199,32.677453,31.142868,30.195362,299700.0
05/26/2017,29.801355,29.820667,29.318507,29.511646,289600,0.000,0.0,-,29.233562,32.783098,31.355984,30.454168,305000.0
05/25/2017,29.646850,30.071756,29.627535,29.859304,209200,0.000,0.0,-,29.216142,32.884091,31.638296,30.647307,303416.0
05/24/2017,30.284206,30.342149,29.530962,29.646847,352400,0.000,0.0,-,29.194907,32.980056,31.931128,30.828856,303748.0
05/23/2017,29.955871,30.380776,29.588905,30.206949,463600,0.000,0.0,-,29.173630,33.068724,32.223999,31.031652,299716.0
05/22/2017,30.844305,30.960190,29.917237,29.936552,361600,0.000,0.0,-,29.152924,33.148500,32.460962,31.205378,294852.0
05/19/2017,30.786357,30.960184,30.747730,30.824987,417600,0.000,0.0,-,29.131265,33.233298,32.691240,31.369583,292552.0
05/18/2017,30.651171,31.180373,30.604819,30.767056,568800,0.000,0.0,-,29.106002,33.288396,32.855927,31.477657,288340.0
05/17/2017,31.327158,31.327158,30.631859,30.805683,535600,0.000,0.0,-,29.082477,33.345423,33.041794,31.689666,282840.0
05/16/2017,31.674809,31.887263,31.095392,31.327158,318200,0.000,0.0,-,29.056491,33.398214,33.172808,31.870872,277188.0
05/15/2017,31.539611,31.790692,31.269215,31.655493,278600,0.000,0.0,-,29.049366,33.433263,33.300841,32.090375,277692.0
05/12/2017,31.520293,31.655490,31.134015,31.443039,229800,0.000,0.0,-,29.042008,33.466363,33.390327,32.257800,280444.0
05/11/2017,31.539604,31.713428,30.805675,31.674801,287200,0.150,0.0,-,29.035808,33.496015,33.459646,32.629285,284660.0
05/10/2017,31.905726,32.059675,31.405394,31.674805,400000,0.000,0.0,-,29.032259,33.506022,33.525075,33.033400,289840.0
05/09/2017,31.636313,31.963455,31.039766,31.944210,540600,0.000,0.0,-,29.028844,33.511424,33.604935,33.416346,299304.0
05/08/2017,31.790275,32.117414,31.386163,31.578598,375600,0.000,0.0,-,29.024557,33.501845,33.658817,33.716547,295528.0
05/05/2017,32.983362,32.983362,31.620924,31.905727,457400,0.000,0.0,-,29.020822,33.499577,33.734829,34.012896,293920.0
05/04/2017,32.656221,32.925632,32.483030,32.887142,284800,0.000,0.0,-,29.012118,33.492687,33.794484,34.234198,291368.0
05/03/2017,33.291267,33.406729,32.483040,32.617744,324000,0.000,0.0,-,28.998126,33.479214,33.803144,34.393922,289876.0
05/02/2017,33.348996,35.735189,33.348996,33.522186,719400,0.000,0.0,-,28.985900,33.471513,33.820463,34.474744,292084.0
05/01/2017,32.771682,34.484352,31.578586,33.329742,986800,0.000,0.0,-,28.968886,33.448026,33.780051,34.511308,285260.0
04/28/2017,35.831421,36.043101,34.522861,35.157898,395800,0.000,0.0,-,28.952223,33.440666,33.819501,34.522855,274908.0
04/27/2017,35.638970,35.900682,35.369563,35.715946,253600,0.000,0.0,-,28.924935,33.386383,33.732905,34.290007,279932.0
04/26/2017,34.965450,35.958416,34.965450,35.504269,246800,0.000,0.0,-,28.894418,33.322858,33.617444,34.016750,292492.0
04/25/2017,34.849995,35.331083,34.619071,34.946213,214800,0.000,0.0,-,28.864597,33.250520,33.521226,33.793523,307532.0
04/24/2017,34.619068,34.946210,34.272687,34.542095,216800,0.000,0.0,-,28.836043,33.114900,33.436554,33.601088,310628.0
04/21/2017,34.368910,34.418942,34.022526,34.118744,185600,0.000,0.0,-,28.806709,32.976619,33.372087,33.456762,309188.0
04/20/2017,33.637665,34.542110,33.560689,34.484379,202200,0.000,0.0,-,28.786026,32.841048,33.335524,33.354770,311412.0
04/19/2017,34.041760,34.284230,33.291264,33.425968,202600,0.000,0.0,-,28.762753,32.701235,33.271058,33.212366,312080.0
04/18/2017,33.233540,33.984039,33.233540,33.887821,192800,0.000,0.0,-,28.741647,32.585660,33.276831,33.166182,312980.0
04/17/2017,33.021861,33.464459,32.906398,33.445217,188600,0.000,0.0,-,28.719318,32.463918,33.295111,33.048795,311984.0
04/13/2017,33.002612,33.425969,32.560011,32.829422,157600,0.000,0.0,-,28.694021,32.340283,33.340333,33.116148,312708.0
04/12/2017,33.348996,33.368238,32.860210,32.983368,131200,0.000,0.0,-,28.669099,32.223592,33.426928,33.175802,315864.0
04/11/2017,32.887137,33.329738,32.740887,33.272007,134800,0.000,0.0,-,28.642701,32.112648,33.510638,33.218138,317768.0
04/10/2017,33.079590,33.502950,32.906400,33.021862,129800,0.000,0.0,-,28.617928,31.992094,33.551050,33.248928,319428.0
04/07/2017,33.118072,33.329749,32.752444,33.098827,216800,0.000,0.0,-,28.596728,31.881915,33.609742,33.272019,320112.0
04/06/2017,33.098827,33.272018,32.944879,33.098827,166400,0.000,0.0,-,28.574897,31.771732,33.663624,33.287413,318732.0
04/05/2017,33.137314,33.830081,33.021854,33.060341,235200,0.000,0.0,-,28.553389,31.663083,33.687678,33.316278,320396.0
04/04/2017,32.675470,33.079582,32.098165,32.964123,217200,0.000,0.0,-,28.530740,31.548681,33.715582,33.329749,320032.0
04/03/2017,34.080245,34.311166,32.675469,32.713955,426400,0.000,0.0,-,28.507335,31.426610,33.739636,33.387480,318572.0
03/31/2017,33.349003,34.118744,33.214300,34.118744,392600,0.000,0.0,-,28.486646,31.316834,33.757918,33.541427,313908.0
03/30/2017,33.348995,33.830083,33.291264,33.425968,170200,0.000,0.0,-,28.458115,31.167449,33.717507,33.564518,312580.0
03/29/2017,33.541427,33.656886,33.033399,33.406723,160600,0.000,0.0,-,28.433029,31.047270,33.692490,33.678054,313484.0
03/28/2017,33.233523,33.637638,32.991056,33.579906,146600,0.000,0.0,-,28.406553,30.920951,33.630911,33.803138,313680.0
03/27/2017,33.021852,33.329746,32.771686,33.252773,148600,0.000,0.0,-,28.381516,30.806518,33.549161,33.853172,314156.0
03/24/2017,33.425964,33.695374,33.079580,33.252773,162600,0.000,0.0,-,28.358857,30.683279,33.459784,33.947466,314568.0
03/23/2017,33.137304,33.676123,33.118062,33.387470,138600,0.000,0.0,-,28.334408,30.569249,33.370408,34.039835,316356.0
03/22/2017,33.445223,33.695389,33.098839,33.195057,260400,0.000,0.0,-,28.307152,30.450991,33.279094,34.059078,318512.0
03/21/2017,34.503603,34.503603,33.483697,33.541428,325000,0.000,0.0,-,28.281868,30.329673,33.230017,34.101414,320436.0
03/20/2017,34.407378,34.580568,34.099481,34.253429,294400,0.000,0.0,-,28.251766,30.201429,33.164581,34.091793,316140.0
03/17/2017,34.599817,34.811494,34.137972,34.349651,534600,0.000,0.0,-,28.218618,30.063548,33.069300,33.974409,315316.0
03/16/2017,34.696037,34.696037,34.291922,34.561333,210400,0.000,0.0,-,28.184781,29.937942,32.999906,33.870495,309460.0
03/15/2017,34.214961,34.849997,33.945550,34.657562,225800,0.000,0.0,-,28.148594,29.795054,32.894026,33.706926,311596.0
03/14/2017,34.061001,34.157219,33.579914,34.080246,150800,0.000,0.0,-,28.110407,29.646405,32.788132,33.458683,311004.0
03/13/2017,34.099492,34.330413,33.849326,34.195709,220400,0.000,0.0,-,28.074025,29.515443,32.678487,33.245150,311192.0
03/10/2017,33.849318,34.234188,33.445207,34.176460,246600,0.000,0.0,-,28.034408,29.374496,32.376964,32.972103,308628.0
03/09/2017,33.618393,33.926290,33.368227,33.579906,207000,0.000,0.0,-,27.996027,29.240074,32.049542,32.700981,306200.0
03/08/2017,33.599174,34.061017,33.349008,33.618416,293800,0.000,0.0,-,27.960912,29.110675,31.737558,32.499110,304512.0
03/07/2017,33.002616,33.502948,32.887154,33.445217,253000,0.000,0.0,-,27.927788,28.978205,31.431323,32.358619,302652.0
03/06/2017,33.137325,33.252787,32.887159,33.079594,343400,0.000,0.0,-,27.894563,28.853419,31.141423,32.237368,301444.0
03/03/2017,33.002611,33.522186,32.675472,33.310509,416200,0.000,0.0,-,27.860583,28.735946,30.877478,32.164190,299380.0
03/02/2017,32.155896,33.079582,32.040434,32.925636,440600,0.125,0.0,-,27.820608,28.612703,30.575128,32.129316,294808.0
03/01/2017,32.367002,32.635609,32.060025,32.175140,546200,0.000,0.0,-,27.785557,28.497158,30.278590,32.081127,302296.0
02/28/2017,31.407696,32.251887,31.062345,31.944908,873200,0.000,0.0,-,27.751449,28.402378,30.041641,32.117581,296440.0
02/27/2017,31.311753,31.637916,30.889659,31.465242,351800,0.000,0.0,-,27.717107,28.311819,29.806611,32.111825,283688.0
02/24/2017,31.235009,31.733847,30.686286,31.465242,295200,0.000,0.0,-,27.684555,28.233157,29.608994,31.781824,282740.0
02/23/2017,32.271078,32.271078,31.465261,31.561192,329800,0.000,0.0,-,27.653636,28.164471,29.415215,31.398103,281804.0
02/22/2017,31.925720,32.309443,31.795256,32.213512,210200,0.000,0.0,-,27.618706,28.090028,29.220476,30.976007,280920.0
02/21/2017,32.367007,32.673986,32.002471,32.232704,434400,0.000,0.0,-,27.580477,28.000237,28.976812,30.504028,285876.0
02/17/2017,32.482111,32.654785,32.002458,32.347809,378200,0.000,0.0,-,27.542095,27.911597,28.708206,30.045478,287648.0
02/16/2017,32.539679,33.000145,32.405373,32.961773,469200,0.000,0.0,-,27.501580,27.817202,28.452071,29.590767,286148.0
02/15/2017,32.443748,32.808284,32.117582,32.443748,647000,0.000,0.0,-,27.454598,27.714364,28.136459,29.020939,282988.0
02/14/2017,32.060027,33.134449,31.887350,32.539680,881600,0.000,0.0,-,27.399975,27.608073,27.885120,28.476052,277196.0
02/13/2017,29.009425,31.906532,27.743142,31.887344,998800,0.000,0.0,-,27.337449,27.502549,27.612677,27.965701,270624.0
02/10/2017,27.762326,28.337909,27.608836,28.165236,369600,0.000,0.0,-,27.277312,27.420433,27.411223,27.501397,256720.0
02/09/2017,27.436169,27.877451,27.301867,27.628031,144800,0.000,0.0,-,27.236639,27.414293,27.357502,27.436165,254140.0
02/08/2017,27.436160,27.512903,27.063948,27.340229,296800,0.000,0.0,-,27.197362,27.419665,27.353664,27.432328,259816.0
02/07/2017,27.666395,27.666395,27.321044,27.493721,235600,0.000,0.0,-,27.158878,27.434999,27.360380,27.464945,256268.0
02/06/2017,27.704763,27.934999,27.436159,27.647207,247600,0.000,0.0,-,27.120823,27.444587,27.342153,27.449596,258108.0
02/03/2017,27.493723,27.896630,27.359421,27.800699,143000,0.000,0.0,-,27.081488,27.454547,27.316252,27.370933,265176.0
02/02/2017,26.994889,27.589660,26.898958,27.263496,224800,0.000,0.0,-,27.041594,27.457613,27.294188,27.313375,272092.0
02/01/2017,27.628023,27.723954,26.783835,26.994881,315400,0.000,0.0,-,27.004595,27.461098,27.334479,27.251979,277252.0
01/31/2017,27.109999,27.589653,27.052440,27.436163,226400,0.000,0.0,-,26.970059,27.477221,27.355583,27.294188,276396.0
01/30/2017,27.359421,27.512907,27.129185,27.244303,217800,0.000,0.0,-,26.932234,27.478400,27.345031,27.259653,276956.0
01/27/2017,27.589663,27.647222,27.282684,27.512917,164000,0.000,0.0,-,26.895388,27.475385,27.359421,27.321049,281236.0
01/26/2017,27.589663,27.723965,27.378614,27.589663,147800,0.000,0.0,-,26.856952,27.469293,27.341193,27.278839,289544.0
01/25/2017,27.532099,27.858262,27.282678,27.666401,249600,0.000,0.0,-,26.816994,27.470843,27.334478,27.275001,295592.0
01/24/2017,26.937319,27.551278,26.803017,27.340229,217000,0.000,0.0,-,26.776651,27.475448,27.306658,27.255814,298296.0
01/23/2017,27.205931,27.263490,26.803021,26.860580,144200,0.000,0.0,-,26.737484,27.477016,27.289390,27.234710,299096.0
01/20/2017,26.687907,27.455353,26.687907,27.225117,193200,0.000,0.0,-,26.699671,27.477852,27.306658,27.261571,300496.0
01/19/2017,27.474538,27.532097,26.553604,26.649534,326200,0.000,0.0,-,26.661858,27.462219,27.305699,27.275001,305040.0
01/18/2017,27.090810,27.474532,26.994879,27.416973,215400,0.000,0.0,-,26.626277,27.447008,27.330641,27.416979,307184.0
01/17/2017,27.800705,27.800705,26.956516,27.090818,170400,0.000,0.0,-,26.586916,27.435187,27.317211,27.416979,315592.0
01/13/2017,27.167557,27.896627,27.167557,27.858255,170400,0.000,0.0,-,26.551122,27.390500,27.334478,27.430408,326088.0
01/12/2017,27.455357,27.455357,26.898957,27.090818,169200,0.000,0.0,-,26.510030,27.346144,27.312414,27.397793,341508.0
01/11/2017,27.532096,27.685585,27.186745,27.551283,252000,0.000,0.0,-,26.473305,27.379468,27.334478,27.403548,345024.0
01/10/2017,27.129184,27.570466,26.841392,27.474535,246400,0.000,0.0,-,26.433615,27.387905,27.358461,27.393955,346096.0
01/09/2017,27.052443,27.532097,26.687908,27.129187,356600,0.000,0.0,-,26.393453,27.383727,27.376688,27.357501,345524.0
01/06/2017,27.397794,27.723958,27.090815,27.129187,110200,0.000,0.0,-,26.354886,27.393723,27.406427,27.344071,344344.0
01/05/2017,28.011748,28.011748,27.244303,27.359421,253200,0.000,0.0,-,26.316261,27.410983,27.440002,27.351745,346548.0
01/04/2017,27.512910,28.146053,26.994885,28.069309,241800,0.000,0.0,-,26.276334,27.426699,27.453433,27.336397,343316.0
01/03/2017,27.436160,27.474532,26.726274,27.416973,317200,0.000,0.0,-,26.233332,27.424393,27.440961,27.244303,341676.0
12/30/2016,27.551283,27.608839,26.937325,27.225117,196200,0.000,0.0,-,26.193762,27.435898,27.426572,27.217443,338276.0
12/29/2016,27.167563,27.581982,27.090817,27.532099,160200,0.000,0.0,-,26.155436,27.456211,27.428491,27.238547,337800.0
12/28/2016,27.474534,27.570465,27.071627,27.148371,92200,0.000,0.0,-,26.114778,27.480328,27.440962,27.227035,338008.0
12/27/2016,27.110000,27.532094,27.090813,27.455351,125200,0.000,0.0,-,26.076570,27.508677,27.476456,27.265407,339600.0
12/23/2016,27.014070,27.225116,26.783837,27.110001,122600,0.000,0.0,-,26.034151,27.525381,27.498520,27.322967,340896.0
12/22/2016,27.167558,27.301860,26.745460,26.994881,200800,0.000,0.0,-,25.993516,27.548761,27.548368,27.395874,342260.0
12/21/2016,27.225117,27.608840,27.148374,27.205933,192600,0.000,0.0,-,25.951956,27.576968,27.597280,27.468782,341196.0
12/20/2016,27.167561,27.436166,26.803023,27.205933,240200,0.000,0.0,-,25.909643,27.596595,27.644243,27.528259,342976.0
12/19/2016,27.225114,27.436163,26.994881,27.148371,187600,0.000,0.0,-,25.866027,27.627464,27.681646,27.570469,342124.0
12/16/2016,27.666396,27.666396,27.109999,27.148371,815000,0.000,0.0,-,25.823983,27.649313,27.696114,27.637620,343876.0
12/15/2016,27.493722,27.762327,27.301861,27.436163,253400,0.000,0.0,-,25.780976,27.675674,27.728747,27.635702,331664.0
12/14/2016,27.512904,27.685581,27.282671,27.416973,235600,0.000,0.0,-,25.736718,27.691537,27.731695,27.618435,330800.0
12/13/2016,28.011752,28.334078,27.436168,27.532099,304400,0.000,0.0,-,25.692746,27.706178,27.715525,27.654890,330732.0
12/12/2016,27.743151,28.261176,27.628033,28.030943,248400,0.000,0.0,-,25.647177,27.718058,27.699335,27.687506,331504.0
12/09/2016,27.781520,27.896635,27.601170,27.839079,285600,0.000,0.0,-,25.596771,27.713001,27.681147,27.674074,336844.0
12/08/2016,27.858261,28.050123,27.589657,27.723959,458000,0.000,0.0,-,25.544187,27.711781,27.684024,27.700862,335868.0
12/07/2016,27.570466,28.011748,27.263490,27.800699,523000,0.000,0.0,-,25.492349,27.722882,27.668758,27.725777,332848.0
12/06/2016,27.800705,27.892800,27.378610,27.628031,303200,0.000,0.0,-,25.440996,27.731837,27.623841,27.760227,328084.0
12/05/2016,27.359417,27.973373,27.301859,27.819883,311200,0.000,0.0,-,25.389429,27.740498,27.564614,27.792823,329176.0
12/02/2016,27.282676,27.677910,27.071631,27.129187,357400,0.000,0.0,-,25.336469,27.747387,27.468069,27.754609,329172.0
12/01/2016,27.685591,27.965707,26.841399,27.263496,553000,0.000,0.0,-,25.286452,27.774590,27.452905,27.821793,328240.0
11/30/2016,27.858266,28.165245,27.647220,27.781523,303600,0.000,0.0,-,25.238843,27.789700,27.332555,27.844954,326692.0
11/29/2016,27.954186,28.184419,27.723953,27.858255,240600,0.125,0.0,-,25.191687,27.779612,27.225501,27.776159,327736.0
11/28/2016,28.087833,28.106955,27.648067,27.896629,428600,0.000,0.0,-,25.143052,27.770132,27.270440,27.711164,338892.0
11/25/2016,28.106953,28.221676,27.571582,28.106953,119400,0.000,0.0,-,25.089670,27.751394,27.274265,27.688219,357028.0
11/23/2016,28.202558,28.363168,27.781910,27.973114,327600,0.000,0.0,-,25.029642,27.727531,27.232200,27.667187,368316.0
11/22/2016,28.126078,28.317282,27.781911,28.145197,601000,0.000,0.0,-,24.970643,27.673612,27.214992,27.611739,369388.0
11/21/2016,27.495103,28.240797,27.437741,27.953991,488800,0.000,0.0,-,24.910159,27.615641,27.207343,27.487456,366388.0
11/18/2016,27.877512,27.877512,27.323019,27.437742,482800,0.000,0.0,-,24.854279,27.571171,27.216903,27.336405,364580.0
11/17/2016,27.495103,27.839270,27.361261,27.801027,272600,0.000,0.0,-,24.800376,27.528645,27.242716,27.181530,363664.0
11/16/2016,27.093582,27.514230,26.902378,27.495111,254400,0.000,0.0,-,24.745582,27.482815,27.252276,27.084017,368152.0
11/15/2016,27.284776,27.552463,26.978852,27.093573,431800,0.000,0.0,-,24.692677,27.449122,27.289560,26.820156,373228.0
11/14/2016,27.514226,27.992235,27.055338,27.208302,579400,0.000,0.0,-,24.641307,27.416070,27.371778,26.674842,374088.0
11/11/2016,27.877510,28.317279,27.342139,27.667185,450200,0.000,0.0,-,24.590894,27.379047,27.439655,26.829717,369940.0
11/10/2016,27.533343,28.259918,27.342140,27.896629,384800,0.000,0.0,-,24.537468,27.328579,27.470821,26.860310,367208.0
11/09/2016,26.386129,27.456872,25.896648,27.418629,257000,0.000,0.0,-,24.480685,27.270094,27.489941,26.797213,365932.0
11/08/2016,26.424359,27.017092,26.347879,26.902369,214200,0.000,0.0,-,24.427217,27.224826,27.539271,26.818245,364856.0
11/07/2016,26.347883,26.787653,26.103143,26.443485,420400,0.000,0.0,-,24.377805,27.194531,27.603516,26.927230,364052.0
11/04/2016,26.883254,26.883254,25.831634,25.888992,433400,0.000,0.0,-,24.327701,27.174557,27.718812,27.097401,362252.0
11/03/2016,24.856499,27.055343,24.684417,26.825899,635800,0.000,0.0,-,24.281428,27.163691,27.836403,27.303901,356840.0
11/02/2016,25.793394,25.793394,24.684415,24.856497,695200,0.000,0.0,-,24.231415,27.132564,27.918429,27.420534,348560.0
11/01/2016,29.062982,29.330666,25.334507,25.640434,941400,0.000,0.0,-,24.190115,27.144177,28.087070,27.758964,340268.0
10/31/2016,28.030476,28.795291,27.858390,28.757048,345000,0.000,0.0,-,24.143384,27.136987,28.212500,28.068714,326180.0
10/28/2016,27.227418,28.030476,26.562029,27.973114,305600,0.000,0.0,-,24.080673,27.065103,28.180951,28.049594,324192.0
10/27/2016,27.686307,27.686307,27.131814,27.265659,217800,0.000,0.0,-,24.023034,27.011107,28.171200,28.081333,323032.0
10/26/2016,27.858394,28.049598,27.342144,27.628950,297600,0.000,0.0,-,23.967270,26.967604,28.196821,28.182670,326936.0
10/25/2016,28.164309,28.412874,27.724540,27.992224,220400,0.000,0.0,-,23.913847,26.922244,28.229325,28.260298,328268.0
10/24/2016,28.145197,28.489364,28.068717,28.145197,91600,0.000,0.0,-,23.858683,26.879295,28.242136,28.279803,329916.0
10/21/2016,27.839270,28.087833,27.418620,27.953991,159800,0.000,0.0,-,23.801110,26.829096,28.237930,28.340223,336064.0
10/20/2016,28.126069,28.240789,27.781901,27.992224,147200,0.000,0.0,-,23.752052,26.788816,28.248447,28.368904,342000.0
10/19/2016,28.718806,28.718806,28.126077,28.240797,172400,0.000,0.0,-,23.702954,26.749525,28.273304,28.416324,350956.0
10/18/2016,28.814414,29.082102,28.718813,28.737934,170600,0.000,0.0,-,23.653445,26.696957,28.262214,28.415177,360832.0
10/17/2016,28.202559,28.584967,28.106958,28.565845,171800,0.000,0.0,-,23.601299,26.630027,28.189174,28.356285,366832.0
10/14/2016,28.279034,28.558192,28.194906,28.290508,190000,0.000,0.0,-,23.549466,26.580025,28.130092,28.312309,374384.0
10/13/2016,28.275208,28.447290,27.927216,28.279030,190800,0.000,0.0,-,23.499633,26.526310,28.063553,28.261067,378460.0
10/12/2016,28.244621,28.523777,28.038121,28.405231,147600,0.000,0.0,-,23.450802,26.476177,27.995294,28.210973,386672.0
10/11/2016,28.630862,28.630862,28.064897,28.187267,281600,0.000,0.0,-,23.400358,26.429311,27.838889,28.198353,401760.0
10/10/2016,28.397591,28.952080,28.263749,28.749405,197600,0.000,0.0,-,23.349661,26.377738,27.691858,28.204470,456888.0
10/07/2016,28.485538,28.485538,28.053418,28.240797,275200,0.000,0.0,-,23.296116,26.400791,27.540913,28.135637,463244.0
10/06/2016,27.992237,28.623211,27.992237,28.466425,204400,0.000,0.0,-,23.243867,26.439655,27.394444,28.127989,463556.0
10/05/2016,28.256097,28.489365,27.678660,28.229328,210200,0.000,0.0,-,23.189847,26.474387,27.246599,28.130284,469300.0
10/04/2016,28.145192,28.252266,27.965460,28.149017,232200,0.000,0.0,-,23.136446,26.529100,27.125657,28.109250,470792.0
10/03/2016,27.655715,28.129900,27.338316,28.126078,343000,0.000,0.0,-,23.085166,26.585953,26.990254,28.022062,470352.0
09/30/2016,27.881341,27.881341,27.273312,27.778090,515400,0.000,0.0,-,23.034624,26.645169,26.851807,27.947875,468836.0
09/29/2016,28.210209,28.210209,27.663366,27.778090,236800,0.000,0.0,-,22.984575,26.706240,26.720093,27.866040,467100.0
09/28/2016,28.267558,28.370810,27.785727,28.279030,307000,0.000,0.0,-,22.933619,26.753977,26.579807,27.779615,468164.0
09/27/2016,27.965460,28.267562,27.690129,28.248444,284800,0.000,0.0,-,22.880479,26.790171,26.423618,27.479425,467096.0
09/26/2016,27.950173,28.194916,27.701610,28.061071,357800,0.000,0.0,-,22.826944,26.828654,26.280577,27.179247,471400.0
09/23/2016,28.340229,28.428181,27.713081,28.164322,311000,0.000,0.0,-,22.774308,26.869817,26.149761,26.946188,470048.0
09/22/2016,28.019004,28.508488,27.938699,28.489367,310800,0.000,0.0,-,22.720797,26.906477,26.008831,26.660899,468880.0
09/21/2016,27.407146,28.152842,27.311544,28.018997,475600,0.000,0.0,-,22.661560,26.930692,25.847839,26.362914,470228.0
09/20/2016,27.529518,27.529518,27.032390,27.277130,355800,0.000,0.0,-,22.605374,26.962563,25.718746,26.142064,464800.0
09/19/2016,26.860309,27.384209,26.638515,27.384209,798400,0.000,0.0,-,22.552557,27.007824,25.618937,25.958446,463068.0
09/16/2016,26.845014,26.967385,26.474081,26.959738,1335400,0.000,0.0,-,22.499961,27.044848,25.507869,25.755740,452820.0
09/15/2016,25.368914,26.932963,25.323027,26.913841,683800,0.125,0.0,-,22.447805,27.079160,25.423549,25.574147,436992.0
09/14/2016,25.265704,25.341896,25.086649,25.277132,381200,0.000,0.0,-,22.394393,27.140525,25.332380,25.380000,428828.0
09/13/2016,25.498100,25.688583,25.090465,25.246660,451000,0.000,0.0,-,22.352436,27.231576,25.336571,25.367810,428968.0
09/12/2016,25.174277,25.856208,25.174277,25.730488,398400,0.000,0.0,-,22.309786,27.310741,25.366477,25.381907,424512.0
09/09/2016,25.307614,25.604767,25.181894,25.311424,437000,0.000,0.0,-,22.264791,27.384572,25.361715,25.353335,425880.0
09/08/2016,25.696194,25.696194,25.208558,25.509521,497000,0.000,0.0,-,22.221535,27.446060,25.393145,25.356763,427084.0
09/07/2016,25.368573,25.821924,25.037133,25.810495,508200,0.000,0.0,-,22.176875,27.492767,25.419051,25.332763,424400.0
09/06/2016,25.261899,25.475243,24.919032,25.440954,474800,0.000,0.0,-,22.129374,27.530635,25.409146,25.295428,420924.0
09/02/2016,25.315241,25.494295,24.938084,25.357147,372000,0.000,0.0,-,22.084398,27.588161,25.406670,25.279429,419352.0
09/01/2016,24.884749,25.166664,24.793318,25.143806,313600,0.000,0.0,-,22.038582,27.656659,25.442100,25.259999,416012.0
08/31/2016,25.155234,25.155234,24.648548,24.972372,321000,0.000,0.0,-,21.994189,27.728433,25.465148,25.272951,415736.0
08/30/2016,25.429530,25.475247,24.995228,25.155233,203200,0.000,0.0,-,21.950861,27.804931,25.505149,25.284761,415556.0
08/29/2016,25.391433,25.513343,25.280953,25.387623,174000,0.000,0.0,-,21.907896,27.872438,25.550484,25.305332,418848.0
08/26/2016,25.284764,25.593346,25.261904,25.444769,330400,0.000,0.0,-,21.864165,27.930345,25.561532,25.351048,425908.0
08/25/2016,25.288565,25.490480,25.189516,25.345711,162800,0.000,0.0,-,21.820656,27.992976,25.784397,25.370096,425872.0
08/24/2016,25.368573,25.429529,24.995227,25.269524,221800,0.000,0.0,-,21.776965,28.054311,26.026311,25.429527,428520.0
08/23/2016,25.319043,25.639056,25.277136,25.437141,280600,0.000,0.0,-,21.734050,28.117095,26.272987,25.505339,434692.0
08/22/2016,24.964757,25.319056,24.922850,25.280960,237000,0.000,0.0,-,21.690898,28.170582,26.549379,25.522865,435344.0
08/19/2016,25.277136,25.570482,25.113320,25.162848,245600,0.000,0.0,-,21.646722,28.236413,26.834913,25.533912,438524.0
08/18/2016,25.071417,25.467623,25.071417,25.273329,247600,0.000,0.0,-,21.602065,28.307578,27.131115,25.624201,445712.0
08/17/2016,25.250477,25.322861,24.709505,25.090471,413000,0.000,0.0,-,21.562027,28.369371,27.409031,25.657344,451896.0
08/16/2016,25.825726,25.856204,25.353329,25.360947,364200,0.000,0.0,-,21.523937,28.426287,27.662754,25.725537,451824.0
08/15/2016,25.654297,26.298131,25.654297,25.844780,302800,0.000,0.0,-,21.484081,28.481833,27.899144,25.795636,455592.0
08/12/2016,25.920975,26.031456,25.338097,25.635250,399000,0.000,0.0,-,21.442896,28.515357,28.115534,25.772016,461648.0
08/11/2016,26.027647,26.206702,25.543821,25.940023,456600,0.000,0.0,-,21.399469,28.555130,28.339732,26.198698,467320.0
08/10/2016,25.772398,26.027645,25.482863,26.027645,595000,0.000,0.0,-,21.355176,28.587973,28.542597,26.623095,477696.0
08/09/2016,25.380003,25.905736,25.349524,25.612392,666200,0.000,0.0,-,21.310519,28.613899,28.726223,27.040635,484224.0
08/08/2016,25.951455,25.989551,25.246664,25.391434,470600,0.000,0.0,-,21.267488,28.642056,28.926230,27.575893,487644.0
08/05/2016,25.658108,26.400995,25.528581,26.065742,549400,0.000,0.0,-,21.225186,28.670304,29.133667,28.135914,501272.0
08/04/2016,25.749525,26.073349,25.429515,25.604759,393800,0.000,0.0,-,21.181373,28.674435,29.292149,28.638028,524132.0
08/03/2016,25.940019,26.020025,25.551435,25.772396,601400,0.000,0.0,-,21.138982,28.692342,29.445679,29.160717,551472.0
08/02/2016,25.559055,26.477186,25.536198,26.061934,902000,0.000,0.0,-,21.095564,28.708035,29.656163,29.599972,562516.0
08/01/2016,28.907756,28.907756,25.421912,25.608585,3038000,0.000,0.0,-,21.050492,28.726670,29.844551,30.002653,554724.0
07/29/2016,30.130652,30.412570,29.825881,29.902073,515400,0.000,0.0,-,21.006897,28.750499,30.024367,30.459051,508060.0
07/28/2016,30.218276,30.370663,30.001125,30.183990,290800,0.000,0.0,-,20.942643,28.678131,30.000366,30.480766,511964.0
07/27/2016,30.964978,31.132605,29.803032,30.203045,491600,0.000,0.0,-,20.877318,28.580763,29.910458,30.462099,524492.0
07/26/2016,31.006882,31.307846,30.892591,30.964975,284800,0.000,0.0,-,20.810337,28.495011,29.792548,30.411810,525196.0
07/25/2016,31.086886,31.151649,30.804971,30.991644,210200,0.000,0.0,-,20.740017,28.382782,29.629495,30.276567,531524.0
07/22/2016,30.785918,31.296414,30.683058,31.086882,267200,0.000,0.0,-,20.669638,28.264477,29.495775,30.131419,533904.0
07/21/2016,30.161144,30.949745,30.046855,30.831646,428600,0.000,0.0,-,20.598369,28.141837,29.380533,29.946269,539940.0
07/20/2016,30.084943,30.241138,29.753501,30.164946,290000,0.000,0.0,-,20.528922,28.030833,29.275576,29.730642,539548.0
07/19/2016,30.111604,30.397329,30.023980,30.088747,253600,0.000,0.0,-,20.460721,27.919039,29.207193,29.712354,543972.0
07/18/2016,30.176374,30.374478,30.096371,30.172564,500000,0.000,0.0,-,20.393089,27.808617,29.129285,29.686448,551644.0
07/15/2016,30.065889,30.260183,29.825881,30.119225,290200,0.000,0.0,-,20.324832,27.696291,29.034805,29.589682,556064.0
07/14/2016,29.787783,30.092554,29.677302,29.997313,252600,0.000,0.0,-,20.254885,27.578805,28.957659,29.519966,566336.0
07/13/2016,29.623969,29.726829,29.357290,29.700161,378200,0.000,0.0,-,20.184796,27.450166,28.878418,29.358817,589840.0
07/12/2016,29.669690,29.875412,29.536352,29.612547,204200,0.000,0.0,-,20.118486,27.286543,28.813844,29.173286,613496.0
07/11/2016,29.380154,29.646829,29.189671,29.540159,269200,0.000,0.0,-,20.051656,27.094982,28.738793,28.982422,619464.0
07/08/2016,28.728704,29.391586,28.637270,29.235388,286000,0.000,0.0,-,19.985357,26.901377,28.690411,28.860131,619648.0
07/07/2016,29.597309,29.597309,28.530601,28.675367,544000,0.000,0.0,-,19.921240,26.717284,28.664696,28.814797,620092.0
07/06/2016,29.806823,30.069691,29.593482,29.982067,275600,0.000,0.0,-,19.862123,26.539228,28.649076,28.820511,613208.0
07/05/2016,29.178232,29.863973,29.174424,29.829687,388200,0.000,0.0,-,19.793764,26.332457,28.546787,28.702032,610584.0
07/01/2016,29.422059,29.471584,29.082996,29.204908,228200,0.000,0.0,-,19.729459,26.133516,28.462213,28.572122,607732.0
06/30/2016,28.397259,29.425868,28.397259,29.422060,466800,0.000,0.0,-,19.666660,25.945021,28.378019,28.479928,608064.0
06/29/2016,28.092478,28.412492,27.860088,28.385824,497200,0.000,0.0,-,19.601308,25.753019,28.288111,28.395353,604688.0
06/28/2016,28.001050,28.027718,27.761042,27.844852,362800,0.000,0.0,-,19.540687,25.582576,28.247927,28.398019,598340.0
06/27/2016,28.176303,28.183924,27.601042,27.703905,334400,0.000,0.0,-,19.484500,25.427433,28.221882,28.454402,594524.0
06/24/2016,28.031528,28.515355,27.806756,28.317253,396200,0.000,0.0,-,19.429187,25.270781,28.187699,28.495165,591160.0
06/23/2016,28.827760,29.044911,28.671565,28.782045,205000,0.000,0.0,-,19.370846,25.101937,28.112028,28.520690,585592.0
06/22/2016,28.850609,29.029661,28.656316,28.732508,299800,0.000,0.0,-,19.311270,24.922811,27.986540,28.514594,585156.0
06/21/2016,28.641077,28.858228,28.362970,28.797272,312000,0.000,0.0,-,19.250627,24.740119,27.874921,28.477641,582672.0
06/20/2016,28.545829,28.728694,28.427730,28.530590,367800,0.000,0.0,-,19.190938,24.556133,27.762909,28.391543,581928.0
06/17/2016,28.614413,28.614413,28.176300,28.282970,527000,0.000,0.0,-,19.132074,24.375657,27.686063,28.352304,577208.0
06/16/2016,28.286774,28.595356,28.233439,28.576309,328600,0.000,0.0,-,19.072437,24.195957,27.611916,28.276110,574332.0
06/15/2016,28.549637,28.660118,28.290580,28.412489,295200,0.000,0.0,-,19.012612,24.017681,27.497286,28.180869,571860.0
06/14/2016,28.031526,28.462017,28.031526,28.408682,530400,0.000,0.0,-,18.955571,23.840099,27.342440,28.097834,571372.0
06/13/2016,28.439164,28.530595,28.096293,28.111532,313200,0.000,0.0,-,18.898511,23.662820,27.217778,27.989362,565072.0
06/10/2016,28.602982,28.724891,28.416306,28.572504,396000,0.000,0.0,-,18.843648,23.499230,27.079878,27.880232,564720.0
06/09/2016,28.260117,28.873474,28.145826,28.721087,605000,0.000,0.0,-,18.785488,23.320574,26.905072,27.703365,560120.0
06/08/2016,27.955336,28.412498,27.745806,28.362970,556800,0.000,0.0,-,18.726080,23.141072,26.716763,27.458487,554736.0
06/07/2016,28.119161,28.340122,27.921059,27.936298,409400,0.000,0.0,-,18.670577,22.966075,26.562685,27.272201,552556.0
06/06/2016,27.456268,28.164866,27.410551,28.138199,552600,0.000,0.0,-,18.617563,22.796195,26.394633,27.134276,547724.0
06/03/2016,27.635320,27.677226,27.311499,27.521029,605600,0.125,0.0,-,18.565935,22.621745,26.216105,27.019822,540428.0
06/02/2016,27.642879,27.874470,27.369525,27.623898,682600,0.000,0.0,-,18.519058,22.459410,26.067867,26.947723,533424.0
06/01/2016,27.380922,27.741596,27.080992,27.582140,975400,0.000,0.0,-,18.472620,22.294411,25.898919,26.813703,525824.0
05/31/2016,27.134131,27.373314,27.073384,27.323959,921400,0.000,0.0,-,18.425961,22.132145,25.698080,26.587047,510860.0
05/27/2016,26.765869,27.126543,26.724106,27.020239,837200,0.000,0.0,-,18.380162,21.975726,25.407832,26.446194,508792.0
05/26/2016,26.272312,26.856985,26.234346,26.803833,1152000,0.000,0.0,-,18.336313,21.826521,25.058547,26.279525,498748.0
05/25/2016,26.849382,26.879755,26.241930,26.272301,1692400,0.000,0.0,-,18.294836,21.678454,24.711349,26.106780,484200.0
05/24/2016,26.879768,26.929123,26.439364,26.500111,1760800,0.000,0.0,-,18.255662,21.543144,24.399271,25.975040,458788.0
05/23/2016,27.103757,27.430262,26.545660,26.557049,1153600,0.000,0.0,-,18.213590,21.392572,24.062894,25.853169,428704.0
05/20/2016,26.822813,26.997455,26.435561,26.993658,512400,0.000,0.0,-,18.169699,21.241089,23.717216,25.654989,415244.0
05/19/2016,26.101470,26.913938,26.101470,26.800039,704800,0.000,0.0,-,18.125140,21.074875,23.361667,25.412389,412856.0
05/18/2016,25.228254,26.310281,25.167510,26.283705,710600,0.000,0.0,-,18.079510,20.913743,23.010673,25.188011,408160.0
05/17/2016,25.926824,26.371023,25.239644,25.315575,917200,0.000,0.0,-,18.036555,20.757721,22.687584,24.984135,405468.0
05/16/2016,25.353541,26.150822,25.353541,25.915436,526800,0.000,0.0,-,18.004054,20.626203,22.414991,24.809113,394404.0
05/13/2016,25.091576,25.531980,24.909342,25.353540,601200,0.000,0.0,-,17.968142,20.478832,22.123603,24.369469,389096.0
05/12/2016,25.057400,25.220652,24.822011,25.076384,329200,0.000,0.0,-,17.935115,20.343454,21.849491,23.837568,385804.0
05/11/2016,25.121950,25.171307,24.643583,24.954903,569000,0.000,0.0,-,17.903136,20.214376,21.589426,23.315919,390444.0
05/10/2016,24.654972,25.383914,24.620801,25.281404,409000,0.000,0.0,-,17.872046,20.083646,21.332967,22.823503,394996.0
05/09/2016,24.567656,24.977687,24.449963,24.575251,511200,0.000,0.0,-,17.840127,19.937012,21.048793,22.272620,409652.0
05/06/2016,24.366436,24.590432,24.066506,24.567654,637200,0.000,0.0,-,17.811459,19.791952,20.799927,21.779444,406428.0
05/05/2016,24.256329,24.749885,24.131043,24.556259,721000,0.000,0.0,-,17.784381,19.647725,20.546885,21.310945,399152.0
05/04/2016,23.504609,24.400600,23.504609,24.244942,803800,0.000,0.0,-,17.756781,19.507202,20.283972,20.833335,394712.0
05/03/2016,21.602524,23.758980,21.435473,23.565353,1427800,0.000,0.0,-,17.732758,19.368598,20.054848,20.391034,387508.0
05/02/2016,20.881174,22.312484,20.854598,21.518999,1561000,0.000,0.0,-,17.711815,19.241846,19.853250,20.020869,366852.0
04/29/2016,20.524295,20.535684,19.818132,20.034536,502600,0.000,0.0,-,17.702825,19.153981,19.754539,19.877738,343976.0
04/28/2016,19.966192,20.045919,19.764974,19.859888,278400,0.000,0.0,-,17.699142,19.108126,19.749413,19.861413,341676.0
04/27/2016,19.802945,20.091484,19.616912,20.030739,308200,0.000,0.0,-,17.697849,19.077936,19.738403,19.862933,348204.0
04/26/2016,19.734609,19.840912,19.510611,19.772575,199800,0.000,0.0,-,17.695702,19.039943,19.724166,19.842431,359504.0
04/25/2016,19.875080,19.996570,19.590337,19.643490,144400,0.000,0.0,-,17.695013,18.988896,19.716194,19.824967,364948.0
04/22/2016,19.772568,20.087683,19.708025,19.882668,245600,0.000,0.0,-,17.693661,18.918055,19.706133,19.820411,368020.0
04/21/2016,19.753589,19.962402,19.597929,19.780165,244800,0.000,0.0,-,17.690270,18.843867,19.682784,19.782825,367052.0
04/20/2016,19.890268,20.026945,19.673864,19.821930,298000,0.000,0.0,-,17.688552,18.769234,19.663991,19.734608,367556.0
04/19/2016,20.087695,20.144644,19.730817,19.863697,179800,0.000,0.0,-,17.687112,18.708355,19.641591,19.718662,369100.0
04/18/2016,19.810540,20.118064,19.810540,20.087690,172000,0.000,0.0,-,17.683985,18.644222,19.621848,19.685631,372424.0
04/15/2016,19.867489,20.045927,19.620710,19.871284,166200,0.000,0.0,-,17.678465,18.579314,19.592615,19.631339,373488.0
04/14/2016,19.814343,19.977596,19.814343,19.875088,117800,0.000,0.0,-,17.674346,18.520169,19.577048,19.637414,375360.0
04/13/2016,19.730809,19.943417,19.586539,19.825724,183200,0.000,0.0,-,17.669496,18.459059,19.553320,19.613874,379232.0
04/12/2016,19.635898,19.715625,19.442271,19.597931,175600,0.000,0.0,-,17.666222,18.405059,19.537374,19.605902,384604.0
04/11/2016,19.609322,19.977589,19.521999,19.597931,274800,0.000,0.0,-,17.665303,18.352742,19.506052,19.607421,386792.0
04/08/2016,19.400504,19.673858,19.400504,19.506809,131800,0.000,0.0,-,17.662026,18.291581,19.475300,19.591855,386452.0
04/07/2016,19.563758,19.780162,19.237252,19.297998,383200,0.000,0.0,-,17.661825,18.235947,19.434107,19.582743,388724.0
04/06/2016,19.563754,19.723211,19.404299,19.662466,205000,0.000,0.0,-,17.664707,18.190385,19.406379,19.593373,387012.0
04/05/2016,19.423287,19.670065,19.214476,19.533388,270800,0.000,0.0,-,17.662997,18.125589,19.347387,19.564520,387944.0
04/04/2016,19.947211,20.114260,19.537180,19.544773,215400,0.000,0.0,-,17.662401,18.067609,19.307701,19.558066,389464.0
04/01/2016,19.563763,19.996573,19.480239,19.932032,295600,0.000,0.0,-,17.660045,18.013181,19.257806,19.553890,392612.0
03/31/2016,19.761181,19.814333,19.544776,19.639690,166000,0.000,0.0,-,17.656370,17.946471,19.190438,19.516683,398012.0
03/30/2016,19.745996,19.863691,19.476440,19.745996,335800,0.000,0.0,-,17.652604,17.879562,19.139578,19.492765,402032.0
03/29/2016,19.430885,19.647290,19.381530,19.613121,447800,0.000,0.0,-,17.650047,17.808938,19.073197,19.468846,405436.0
03/28/2016,19.461255,19.575153,19.229665,19.442272,167800,0.000,0.0,-,17.649538,17.745583,18.990026,19.404684,405620.0
03/24/2016,19.316983,19.427083,19.218271,19.415693,187800,0.000,0.0,-,17.648462,17.678993,18.884025,19.358745,412492.0
03/23/2016,19.381523,19.514404,19.241050,19.404303,255400,0.000,0.0,-,17.647984,17.629566,18.781055,19.285472,416140.0
03/22/2016,19.442272,19.506815,19.301799,19.373934,302600,0.000,0.0,-,17.648384,17.580668,18.687347,19.219385,423024.0
03/21/2016,19.552369,19.597927,19.423285,19.468843,227200,0.000,0.0,-,17.651282,17.525801,18.584386,19.130255,472404.0
03/18/2016,19.582743,19.730809,19.465048,19.503014,818000,0.000,0.0,-,17.653016,17.499273,18.472333,19.057336,508416.0
03/17/2016,19.373930,19.624504,19.351152,19.559963,335000,0.000,0.0,-,17.655549,17.472667,18.353469,18.961723,531312.0
03/16/2016,19.465051,19.605524,19.320781,19.400509,424600,0.000,0.0,-,17.657182,17.448248,18.262561,18.864194,559344.0
03/15/2016,18.941119,19.605520,18.891763,19.506809,421800,0.000,0.0,-,17.658792,17.426413,18.210053,18.786391,593892.0
03/14/2016,18.986684,19.074006,18.793059,18.971498,256600,0.000,0.0,-,17.659294,17.400260,18.141269,18.677547,593260.0
03/11/2016,18.903159,19.036039,18.603230,18.982887,480600,0.110,0.0,-,17.663180,17.387308,18.053705,18.575367,592772.0
03/10/2016,18.856822,19.098721,18.471294,18.682957,393000,0.000,0.0,-,17.667288,17.377907,17.909632,18.409305,587748.0
03/09/2016,18.588464,18.917296,18.376802,18.743431,470000,0.000,0.0,-,17.672076,17.370575,17.784147,18.276638,585892.0
03/08/2016,18.588464,18.694295,18.354124,18.482634,576000,0.000,0.0,-,17.676879,17.356666,17.649401,18.155310,578420.0
03/07/2016,18.505315,19.011792,18.505315,18.739656,364000,0.000,0.0,-,17.683097,17.347821,17.564170,18.038518,571968.0
03/04/2016,18.584679,18.785003,18.441052,18.546883,261400,0.000,0.0,-,17.688366,17.328847,17.460039,17.887330,569776.0
03/03/2016,18.614913,18.792558,18.437268,18.584675,436600,0.000,0.0,-,17.694468,17.311158,17.374808,17.745215,571016.0
03/02/2016,18.407035,18.686730,18.184034,18.622477,561200,0.000,0.0,-,17.700214,17.290446,17.291277,17.660929,580776.0
03/01/2016,18.002609,18.614917,18.002609,18.418373,796600,0.000,0.0,-,17.705901,17.275856,17.201132,17.633715,576068.0
02/29/2016,17.337390,18.066869,17.337390,17.949699,1141800,0.000,0.0,-,17.713111,17.267843,17.136500,17.604990,574888.0
02/26/2016,17.386521,17.533929,17.148401,17.322268,350000,0.000,0.0,-,17.721771,17.264215,17.088120,17.532043,563088.0
02/25/2016,17.643543,17.677561,17.280695,17.356287,273400,0.000,0.0,-,17.733661,17.269507,17.049001,17.409960,565656.0
02/24/2016,17.099266,17.601963,17.099266,17.530149,499000,0.000,0.0,-,17.746219,17.275403,17.017441,17.291656,569120.0
02/23/2016,16.966979,17.424320,16.966979,17.314711,443600,0.000,0.0,-,17.757982,17.275630,16.991928,17.143493,565976.0
02/22/2016,17.227777,17.450777,17.129505,17.227777,395000,0.000,0.0,-,17.770245,17.280014,16.947327,17.089822,567700.0
02/19/2016,17.673783,17.783394,16.944306,17.125731,417200,0.000,0.0,-,17.781210,17.284701,16.917657,17.032749,567304.0
02/18/2016,18.335227,18.407042,17.700242,17.741817,387600,0.000,0.0,-,17.791847,17.275025,16.902538,17.004401,563436.0
02/17/2016,18.153796,18.441053,18.074424,18.350340,604800,0.000,0.0,-,17.803558,17.255824,16.845276,16.921626,560148.0
02/16/2016,17.711576,18.316324,17.711576,18.131121,873200,0.000,0.0,-,17.811947,17.223092,16.742469,16.768549,554136.0
02/12/2016,17.008564,17.363853,16.683511,17.220226,472000,0.000,0.0,-,17.811017,17.197769,16.646654,16.668010,541640.0
02/11/2016,15.950250,16.290421,15.810403,16.101437,298000,0.000,0.0,-,17.817195,17.183935,16.607912,16.644197,536220.0
02/10/2016,16.165689,16.528538,16.086316,16.173248,197200,0.000,0.0,-,17.831593,17.186535,16.608478,16.688042,537636.0
02/09/2016,16.566336,16.781778,15.904892,16.048519,270000,0.000,0.0,-,17.845055,17.200786,16.647031,16.743225,535084.0
02/08/2016,16.490747,16.823358,16.275305,16.778002,375200,0.000,0.0,-,17.859457,17.214147,16.692576,16.840362,531724.0
02/05/2016,16.755318,16.755318,16.460502,16.657045,346000,0.000,0.0,-,17.871907,17.213220,16.685205,16.804833,528408.0
02/04/2016,16.838474,16.898949,16.698626,16.842255,225200,0.000,0.0,-,17.884086,17.213282,16.759476,16.802565,525716.0
02/03/2016,16.978320,17.080372,16.619252,16.914066,259800,0.000,0.0,-,17.896513,17.207985,16.825999,16.800675,527796.0
02/02/2016,16.989660,16.997220,16.683506,16.819574,311400,0.000,0.0,-,17.908618,17.195912,16.897245,16.768925,525588.0
02/01/2016,16.944306,17.465901,16.876272,17.125731,451800,0.000,0.0,-,17.919463,17.188437,16.971705,16.716388,523072.0
01/29/2016,16.554994,16.993436,16.554994,16.982098,285000,0.000,0.0,-,17.931627,17.169799,17.025376,16.625297,517824.0
01/28/2016,16.830914,16.830914,16.426489,16.539879,257800,0.000,0.0,-,17.945833,17.155463,17.092466,16.571626,515432.0
01/27/2016,16.974543,17.016120,16.604135,16.725084,245400,0.000,0.0,-,17.961821,17.150798,17.191115,16.528915,514320.0
01/26/2016,16.498295,17.065247,16.464278,17.019890,297600,0.000,0.0,-,17.977647,17.147544,17.270677,16.550837,515096.0
01/25/2016,16.634368,16.743979,16.339553,16.422707,251600,0.000,0.0,-,17.991589,17.139973,17.322081,16.544790,515156.0
01/22/2016,17.004781,17.133290,16.524761,16.634371,346800,0.000,0.0,-,18.006635,17.146377,17.402967,16.565578,517472.0
01/21/2016,16.679720,17.091705,16.551211,16.823347,372800,0.000,0.0,-,18.020884,17.145840,17.460796,16.716387,514320.0
01/20/2016,16.124113,16.823353,16.003163,16.596573,565600,0.000,0.0,-,18.033834,17.143103,17.502751,16.851323,511372.0
01/19/2016,16.320659,16.441608,16.097657,16.294201,367000,0.000,0.0,-,18.048365,17.147308,17.550374,17.025565,506208.0
01/15/2016,16.214823,16.320653,15.874651,16.214823,506000,0.000,0.0,-,18.064277,17.150340,17.630315,17.227022,506732.0
01/14/2016,16.263959,16.645707,16.063636,16.445383,457000,0.000,0.0,-,18.081648,17.150672,17.720460,17.425455,514304.0
01/13/2016,16.944304,17.069032,15.950248,16.112774,511400,0.000,0.0,-,18.096842,17.167078,17.786605,17.613306,513364.0
01/12/2016,17.133284,17.182418,16.698620,16.944300,370200,0.000,0.0,-,18.114649,17.194272,17.860308,17.853316,506952.0
01/11/2016,16.664607,17.065253,16.660828,16.959421,599600,0.000,0.0,-,18.126062,17.203181,17.895649,17.990518,505884.0
01/08/2016,17.919459,17.942138,16.313095,16.630589,2771600,0.000,0.0,-,18.138332,17.216150,17.924752,18.099373,497796.0
01/07/2016,18.225617,18.354126,18.051751,18.142464,2027800,0.000,0.0,-,18.150550,17.222533,17.969919,18.240355,445788.0
01/06/2016,18.165139,18.293649,18.127342,18.172699,1962800,0.000,0.0,-,18.158768,17.201311,17.935902,18.205204,408140.0
01/05/2016,18.304982,18.403253,18.282303,18.338999,1736600,0.000,0.0,-,18.165623,17.179785,17.859364,18.154179,372272.0
01/04/2016,18.063089,18.320107,17.957257,18.308767,2152000,0.000,0.0,-,18.175242,17.153128,17.781503,18.075184,342276.0
12/31/2015,18.316327,18.369242,18.187818,18.199158,390200,0.000,0.0,-,18.185274,17.125572,17.701752,18.033607,301488.0
12/30/2015,18.516653,18.520432,18.323889,18.323889,232200,0.000,0.0,-,18.196449,17.107654,17.635040,18.015465,298184.0
12/29/2015,18.384362,18.520430,18.350344,18.512871,229400,0.000,0.0,-,18.206536,17.083706,17.545273,17.959903,297356.0
12/28/2015,18.029071,18.350343,18.029071,18.316326,300200,0.000,0.0,-,18.215267,17.055227,17.431201,17.867301,295016.0
12/24/2015,18.047968,18.138681,18.010172,18.047968,96400,0.000,0.0,-,18.226006,17.029851,17.359676,17.800779,293284.0
12/23/2015,17.858987,18.063090,17.843867,18.040411,253400,0.000,0.0,-,18.237640,17.006683,17.293106,17.750131,296036.0
12/22/2015,17.677564,17.828751,17.609530,17.790955,254400,0.000,0.0,-,18.248882,16.986900,17.227666,17.699483,294428.0
12/21/2015,17.632208,17.764497,17.556614,17.662445,323400,0.000,0.0,-,18.259286,16.973460,17.171127,17.666600,295088.0
12/18/2015,17.851421,17.896777,17.549047,17.549047,924600,0.000,0.0,-,18.271431,16.956348,17.116876,17.564549,291424.0
12/17/2015,18.021515,18.172702,17.824971,17.893005,325800,0.000,0.0,-,18.282150,16.943384,17.054944,17.487822,277636.0
12/16/2015,17.828745,18.078205,17.783389,18.017729,737600,0.000,0.0,-,18.292173,16.923842,16.982583,17.369896,274448.0
12/15/2015,17.651107,17.802293,17.632209,17.768276,551800,0.000,0.0,-,18.301201,16.900150,16.891389,17.254616,265684.0
12/14/2015,17.617089,17.658666,17.496140,17.586851,478400,0.000,0.0,-,18.310767,16.883629,16.816239,17.130642,258260.0
12/11/2015,17.363848,17.658664,17.363848,17.651104,446600,0.000,0.0,-,18.321074,16.862388,16.752229,16.995101,253260.0
12/10/2015,17.533931,17.643542,17.462118,17.541491,341800,0.000,0.0,-,18.328980,16.840613,16.697793,16.918572,251448.0
12/09/2015,17.450776,17.647320,17.439438,17.533930,529800,0.000,0.0,-,18.338567,16.820204,16.652786,16.836080,251472.0
12/08/2015,17.053916,17.790954,17.046356,17.462122,375200,0.000,0.0,-,18.344980,16.792123,16.613235,16.755849,245556.0
12/07/2015,16.762883,16.846037,16.581459,16.641933,223800,0.000,0.0,-,18.351863,16.762470,16.570504,16.675653,242184.0
12/04/2015,16.713744,16.982101,16.641929,16.781778,223200,0.000,0.0,-,18.363238,16.758397,16.572732,16.669202,245092.0
12/03/2015,16.891385,16.925402,16.672165,16.713741,304200,0.000,0.0,-,18.374692,16.747691,16.573985,16.622065,244356.0
12/02/2015,16.543659,16.982102,16.528540,16.864931,248400,0.110,0.0,-,18.386803,16.739023,16.560588,16.595271,241508.0
12/01/2015,16.317937,16.543583,16.129899,16.528540,201000,0.000,0.0,-,18.396152,16.729963,16.528913,16.528161,241740.0
11/30/2015,16.957262,16.957262,16.220154,16.231436,368800,0.000,0.0,-,18.406348,16.736432,16.565768,16.501837,242600.0
11/27/2015,16.709060,16.972314,16.709060,16.885817,69600,0.000,0.0,-,18.415988,16.738011,16.627821,16.509358,261092.0
11/25/2015,16.746659,16.859483,16.615033,16.716574,102000,0.000,0.0,-,18.420128,16.739666,16.653018,16.477015,265848.0
11/24/2015,16.573668,16.814357,16.505974,16.731621,209400,0.000,0.0,-,18.422088,16.738237,16.697583,16.469493,269176.0
11/23/2015,16.532298,16.663925,16.457083,16.660164,211400,0.000,0.0,-,18.421300,16.730640,16.708489,16.470620,268964.0
11/20/2015,16.389383,16.641353,16.238952,16.577421,329200,0.000,0.0,-,18.417101,16.722667,16.729549,16.465355,269368.0
11/19/2015,16.457079,16.475884,16.257759,16.310410,149400,0.000,0.0,-,18.413482,16.723269,16.755499,16.476262,269760.0
11/18/2015,16.227677,16.475888,16.144940,16.445801,185600,0.000,0.0,-,18.411199,16.729888,16.790286,16.525904,272248.0
11/17/2015,16.302893,16.483411,16.186311,16.193832,189400,0.000,0.0,-,18.407496,16.733949,16.814542,16.525904,273968.0
11/16/2015,16.314183,16.389399,16.171274,16.265293,165400,0.000,0.0,-,18.404477,16.747413,16.870014,16.529664,280288.0
11/13/2015,16.487163,16.641354,16.257756,16.306646,202200,0.000,0.0,-,18.400321,16.754182,16.913074,16.629700,280188.0
11/12/2015,16.453321,16.833157,16.453321,16.562384,284200,0.000,0.0,-,18.396646,16.765239,16.952187,16.746284,280104.0
11/11/2015,16.806828,16.851958,16.483404,16.641356,300600,0.000,0.0,-,18.393251,16.769150,16.976444,16.829021,279660.0
11/10/2015,16.536056,16.750419,16.329213,16.742897,367400,0.000,0.0,-,18.388477,16.763434,16.988854,16.925673,279484.0
11/09/2015,16.618790,16.694005,16.366819,16.607508,189200,0.000,0.0,-,18.384477,16.760801,17.004273,16.946358,277680.0
11/06/2015,16.720340,16.904618,16.562389,16.686493,225400,0.000,0.0,-,18.382991,16.768735,17.029847,16.993744,279240.0
11/05/2015,16.479646,16.870765,16.400670,16.806831,307400,0.000,0.0,-,18.381742,16.774939,17.035864,17.034736,281448.0
11/04/2015,16.231438,16.445801,15.750061,16.445801,393200,0.000,0.0,-,18.378814,16.781581,17.040564,17.054667,281292.0
11/03/2015,17.175386,17.175386,16.092288,16.231436,884600,0.000,0.0,-,18.373143,16.791476,17.064069,17.103181,282192.0
11/02/2015,17.359663,17.871126,16.784267,17.265644,410000,0.000,0.0,-,18.359447,16.803639,17.094155,17.210363,272872.0
10/30/2015,17.352146,17.641725,17.325821,17.472490,190800,0.000,0.0,-,18.340210,16.803574,17.077983,17.196449,271376.0
10/29/2015,17.540179,17.600351,17.126496,17.389750,316800,0.000,0.0,-,18.319455,16.800794,17.030598,17.158089,271920.0
10/28/2015,16.976074,17.630447,16.976074,17.607882,195200,0.000,0.0,-,18.299430,16.809249,16.989229,17.123867,268980.0
10/27/2015,17.036239,17.134019,16.799310,16.949741,171200,0.000,0.0,-,18.278351,16.820002,16.934886,17.052035,268256.0
10/26/2015,17.092656,17.141547,16.885815,17.081373,145400,0.000,0.0,-,18.260581,16.847735,16.893894,17.062189,269724.0
10/23/2015,17.134017,17.205471,16.945979,17.096409,169400,0.000,0.0,-,18.241114,16.871114,16.838798,17.065949,269928.0
10/22/2015,17.039994,17.194185,16.791784,17.006147,236800,0.000,0.0,-,18.220420,16.892471,16.805892,17.036992,271192.0
10/21/2015,17.374706,17.404792,16.908372,16.930937,112600,0.000,0.0,-,18.198879,16.917355,16.767909,17.026462,274712.0
10/20/2015,17.126504,17.483777,17.073854,17.303259,225000,0.000,0.0,-,18.176154,16.948907,16.735378,17.024957,279696.0
10/19/2015,17.036242,17.175390,16.803075,17.126501,190800,0.000,0.0,-,18.152105,16.971590,16.690813,16.977946,284416.0
10/16/2015,17.077612,17.197956,16.897096,17.088894,112400,0.000,0.0,-,18.128198,16.990773,16.677086,16.959518,287376.0
10/15/2015,16.991113,17.160348,16.791794,17.047525,213600,0.000,0.0,-,18.105668,17.004572,16.638162,16.903106,289744.0
10/14/2015,17.021192,17.258121,16.803069,16.889566,234000,0.000,0.0,-,18.084012,17.025260,16.634213,16.854592,293756.0
10/13/2015,17.028716,17.182907,16.972305,17.051281,173000,0.000,0.0,-,18.063833,17.040949,16.621991,16.817736,298448.0
10/12/2015,16.825634,17.134016,16.810591,17.118973,287400,0.000,0.0,-,18.042845,17.053779,16.587016,16.725598,315304.0
10/09/2015,16.945980,16.949741,16.799310,16.806831,140200,0.000,0.0,-,18.021352,17.087707,16.544144,16.611647,316676.0
10/08/2015,16.874523,17.118973,16.776744,16.900848,235200,0.000,0.0,-,18.001401,17.126231,16.534177,16.574792,318520.0
10/07/2015,16.889565,16.979823,16.799306,16.915890,166400,0.000,0.0,-,17.980943,17.163175,16.521203,16.509356,318024.0
10/06/2015,16.765462,17.009911,16.709050,16.833155,299400,0.000,0.0,-,17.960038,17.198470,16.507852,16.445799,318408.0
10/05/2015,16.727852,16.953498,16.660158,16.942215,180600,0.000,0.0,-,17.938099,17.236543,16.509545,16.403680,315928.0
10/02/2015,16.490928,16.539818,16.190067,16.524775,228400,0.000,0.0,-,17.914408,17.275653,16.492621,16.394655,316336.0
10/01/2015,16.479646,16.622556,16.348020,16.562384,356000,0.000,0.0,-,17.890688,17.321989,16.509357,16.373218,316612.0
09/30/2015,16.212629,16.554858,16.163739,16.521011,343000,0.000,0.0,-,17.865814,17.373785,16.519135,16.413835,311600.0
09/29/2015,15.964425,16.152463,15.708693,16.129898,234000,0.000,0.0,-,17.841426,17.424088,16.510862,16.426246,309500.0
09/28/2015,16.404428,16.479644,15.979464,15.979464,206600,0.000,0.0,-,17.819884,17.490297,16.534930,16.448434,307904.0
09/25/2015,16.396910,16.603753,16.182546,16.438278,369200,0.000,0.0,-,17.798427,17.558242,16.586167,16.476640,307632.0
09/24/2015,16.141184,16.302897,16.088534,16.246487,186400,0.000,0.0,-,17.775426,17.623895,16.614089,16.493563,304232.0
09/23/2015,16.396911,16.547342,16.261525,16.280329,161800,0.000,0.0,-,17.753174,17.684928,16.658710,16.533050,303672.0
09/22/2015,16.724101,16.750426,16.351785,16.411957,260000,0.000,0.0,-,17.730805,17.751346,16.691723,16.569905,303484.0
09/21/2015,16.460847,16.882052,16.427001,16.851967,244000,0.000,0.0,-,17.707325,17.815131,16.713102,16.615410,301744.0
09/18/2015,16.765462,16.897088,16.167502,16.310410,1293400,0.000,0.0,-,17.682063,17.870790,16.733623,16.590588,301308.0
09/17/2015,16.667689,17.175391,16.611277,16.968550,307400,0.000,0.0,-,17.657764,17.932041,16.784778,16.645495,280344.0
09/16/2015,16.302890,16.671445,16.144939,16.645119,268400,0.000,0.0,-,17.630104,17.976762,16.826975,16.624435,280768.0
09/15/2015,16.265285,16.438279,16.175026,16.351782,198800,0.000,0.0,-,17.603541,18.032591,16.901997,16.595477,281644.0
09/14/2015,16.618797,16.618797,16.193832,16.261526,231600,0.000,0.0,-,17.579296,18.096232,17.001227,16.621426,285832.0
09/11/2015,16.547336,16.622551,16.220150,16.607508,348800,0.000,0.0,-,17.556039,18.155767,17.100667,16.695693,290576.0
09/10/2015,16.645116,16.720331,16.517250,16.641356,273800,0.000,0.0,-,17.530844,18.203292,17.178505,16.734614,291256.0
09/09/2015,16.983585,17.021192,16.547337,16.648878,271600,0.000,0.0,-,17.504925,18.251413,17.258953,16.784370,292032.0
09/08/2015,16.795549,16.919654,16.615032,16.867002,505400,0.000,0.0,-,17.478378,18.296539,17.351936,16.813540,291268.0
09/04/2015,16.663922,16.851960,16.539817,16.603750,160400,0.000,0.0,-,17.450497,18.342617,17.430457,16.810794,301472.0
09/03/2015,16.757943,16.938459,16.739138,16.859484,198000,0.000,0.0,-,17.424766,18.398824,17.504553,16.876658,303600.0
09/02/2015,16.472126,16.799311,16.325456,16.757944,262000,0.000,0.0,-,17.397044,18.440487,17.550520,16.924060,310912.0
09/01/2015,16.374349,16.656406,16.302893,16.355545,291800,0.110,0.0,-,17.370490,18.494658,17.616719,17.029516,311608.0
08/31/2015,16.955543,16.981738,16.562619,16.611267,277200,0.000,0.0,-,17.346416,18.565036,17.682644,17.208516,311312.0
08/28/2015,16.940585,17.075301,16.839547,17.004200,267200,0.000,0.0,-,17.322053,18.619222,17.736718,17.381029,320072.0
08/27/2015,17.213761,17.213761,16.794644,16.996717,335800,0.000,0.0,-,17.295447,18.667420,17.827277,17.505641,321348.0
08/26/2015,17.213753,17.213753,16.704824,17.138910,299600,0.000,0.0,-,17.268983,18.708958,17.914094,17.622395,320896.0
08/25/2015,17.281113,17.329761,16.824574,16.940580,438200,0.000,0.0,-,17.242190,18.750121,17.994549,17.733537,321072.0
08/24/2015,16.375515,17.187556,15.900267,16.839539,418600,0.000,0.0,-,17.215937,18.789039,18.081553,17.890331,321568.0
08/21/2015,17.045354,17.546798,16.884443,17.262398,335200,0.000,0.0,-,17.188836,18.836938,18.176417,18.050120,317068.0
08/20/2015,17.606676,17.670293,17.329760,17.333502,218000,0.000,0.0,-,17.159482,18.881919,18.258182,18.132448,314912.0
08/19/2015,18.025803,18.037030,17.681528,17.812502,169800,0.000,0.0,-,17.127238,18.919789,18.333586,18.176979,315984.0
08/18/2015,18.291490,18.358849,18.078190,18.145548,159000,0.000,0.0,-,17.092947,18.949942,18.400570,18.203922,317472.0
08/17/2015,18.167998,18.370073,18.022055,18.336393,244600,0.000,0.0,-,17.056088,18.976714,18.445101,18.156771,318776.0
08/14/2015,18.175482,18.269035,17.891081,18.250324,155600,0.000,0.0,-,17.016903,19.009058,18.500297,18.092406,318004.0
08/13/2015,18.224129,18.437430,18.089412,18.164255,232600,0.000,0.0,-,16.978496,19.040367,18.556616,18.148912,320552.0
08/12/2015,18.362588,18.474851,17.995860,18.250324,412800,0.000,0.0,-,16.938454,19.077272,18.634452,18.205792,321760.0
08/11/2015,18.310198,18.643246,18.138060,18.508530,361800,0.000,0.0,-,16.898329,19.109996,18.686842,18.255562,318752.0
08/10/2015,18.265290,18.553434,18.265290,18.437428,461000,0.000,0.0,-,16.856792,19.134278,18.741477,18.272775,317360.0
08/07/2015,17.666556,18.175484,17.539323,18.085674,338800,0.000,0.0,-,16.814933,19.157671,18.799667,18.302713,316332.0
08/06/2015,18.115608,18.269035,17.756364,17.778816,230800,0.000,0.0,-,16.773757,19.190931,18.877129,18.383917,314496.0
08/05/2015,17.767592,18.130578,17.674039,18.081930,414200,0.000,0.0,-,16.733681,19.231446,18.956835,18.490193,313820.0
08/04/2015,17.790040,18.501042,17.554286,17.674034,468600,0.000,0.0,-,16.692072,19.262620,19.012967,18.597218,312600.0
08/03/2015,18.942616,18.942616,17.292340,17.692747,1015800,0.000,0.0,-,16.652330,19.303219,19.101094,18.733431,307340.0
07/31/2015,18.725570,18.938871,18.553433,18.815380,356000,0.000,0.0,-,16.612233,19.343890,19.193150,18.908188,292052.0
07/30/2015,18.646988,18.882741,18.459882,18.733057,232400,0.000,0.0,-,16.566645,19.363450,19.214293,18.964321,290496.0
07/29/2015,18.632019,18.822867,18.538466,18.748024,210400,0.000,0.0,-,16.521052,19.384135,19.226830,19.063113,290516.0
07/28/2015,18.796670,18.882739,18.523496,18.680664,185600,0.000,0.0,-,16.474672,19.403850,19.241798,19.118123,290764.0
07/27/2015,18.804161,18.837841,18.459887,18.736803,175400,0.000,0.0,-,16.428404,19.425434,19.253025,19.210179,289536.0
07/24/2015,18.815386,19.122239,18.714348,18.897713,201000,0.000,0.0,-,16.382948,19.447908,19.274729,19.296621,290212.0
07/23/2015,19.148435,19.283152,18.766740,18.841581,242200,0.000,0.0,-,16.336063,19.463585,19.300549,19.370340,290348.0
07/22/2015,18.935132,19.249470,18.912680,19.152176,105400,0.000,0.0,-,16.289945,19.480759,19.305601,19.423478,289644.0
07/21/2015,19.417862,19.560063,19.009971,19.036165,238000,0.000,0.0,-,16.242256,19.495073,19.321318,19.428716,294544.0
07/20/2015,19.410383,19.522647,19.290636,19.440321,154200,0.000,0.0,-,16.194453,19.512007,19.363230,19.468757,295232.0
07/17/2015,19.702267,19.702267,19.316827,19.376701,193000,0.000,0.0,-,16.144386,19.518546,19.357242,19.478112,298740.0
07/16/2015,19.391671,19.765883,19.354250,19.720978,199200,0.000,0.0,-,16.094950,19.519428,19.359114,19.464266,304548.0
07/15/2015,19.590009,19.649883,19.197087,19.298124,158400,0.000,0.0,-,16.044313,19.510070,19.326744,19.390546,311368.0
07/14/2015,19.604964,19.706002,19.436569,19.601223,152400,0.000,0.0,-,15.995704,19.525788,19.321692,19.365474,327096.0
07/13/2015,19.724712,19.814524,19.533865,19.601223,173000,0.000,0.0,-,15.945388,19.534327,19.285955,19.295871,341496.0
07/10/2015,19.631166,19.717234,19.503934,19.634909,222200,0.000,0.0,-,15.895558,19.501207,19.267619,19.252837,344616.0
07/09/2015,19.376697,19.548835,19.256949,19.372955,245200,0.000,0.0,-,15.845074,19.477622,19.261444,19.230759,344368.0
07/08/2015,19.313087,19.473998,19.043654,19.204565,328600,0.000,0.0,-,15.795969,19.469785,19.254147,19.187724,344096.0
07/07/2015,19.604967,19.604967,19.032423,19.436571,312200,0.000,0.0,-,15.748383,19.463005,19.259928,19.213919,341952.0
07/06/2015,19.129721,19.586260,18.953842,19.533871,408200,0.000,0.0,-,15.699880,19.452852,19.262305,19.257703,339748.0
07/02/2015,19.062361,19.316825,18.766735,19.238241,468800,0.000,0.0,-,15.651150,19.447535,19.283293,19.236373,336720.0
07/01/2015,19.219536,19.459031,18.953846,18.983782,382800,0.000,0.0,-,15.604350,19.444628,19.312168,19.253961,330784.0
06/30/2015,19.054881,19.185856,18.942617,19.047398,312600,0.000,0.0,-,15.559152,19.451505,19.363454,19.262942,327588.0
06/29/2015,19.111010,19.387927,18.834094,18.905193,233400,0.000,0.0,-,15.514243,19.457258,19.405412,19.277910,325640.0
06/26/2015,19.477741,19.477741,19.133466,19.170887,1015600,0.000,0.0,-,15.470514,19.458925,19.446282,19.276040,327660.0
06/25/2015,18.961326,19.481482,18.961326,19.414124,266800,0.000,0.0,-,15.425630,19.466680,19.468092,19.282401,313380.0
06/24/2015,19.481480,19.500190,18.811640,18.942614,563600,0.000,0.0,-,15.379686,19.474862,19.484820,19.292130,313696.0
06/23/2015,19.881886,19.923050,19.436573,19.466511,296800,0.000,0.0,-,15.336845,19.490760,19.527918,19.320570,307676.0
06/22/2015,19.447805,19.919312,19.343025,19.874407,277000,0.000,0.0,-,15.291403,19.499235,19.536623,19.305936,307936.0
06/19/2015,19.399156,19.563809,19.189597,19.320572,715200,0.000,0.0,-,15.244112,19.497913,19.528101,19.266908,308364.0
06/18/2015,19.185854,19.477739,18.991263,19.414124,331000,0.000,0.0,-,15.199573,19.500141,19.548389,19.330212,301328.0
06/17/2015,19.271919,19.290630,19.062360,19.073587,313200,0.000,0.0,-,15.153698,19.501541,19.567352,19.370375,299660.0
06/16/2015,18.890225,19.339280,18.830351,19.197079,308400,0.000,0.0,-,15.109544,19.508335,19.602038,19.463967,299700.0
06/15/2015,19.021208,19.414131,18.867780,18.886492,463000,0.000,0.0,-,15.064823,19.514449,19.628873,19.532914,297944.0
06/12/2015,19.425345,19.503929,19.227013,19.234497,193600,0.000,0.0,-,15.022281,19.526252,19.672542,19.616525,295016.0
06/11/2015,19.294375,19.560065,19.144690,19.511417,227400,0.110,0.0,-,14.978516,19.535344,19.703840,19.653783,304320.0
06/10/2015,19.402147,19.521384,19.193481,19.227016,271600,0.000,0.0,-,14.933229,19.534798,19.712349,19.677509,304896.0
06/09/2015,19.484122,19.592181,19.022076,19.320169,244200,0.000,0.0,-,14.889139,19.543741,19.736010,19.735265,308148.0
06/08/2015,19.897730,19.897730,19.327625,19.484125,224200,0.000,0.0,-,14.844704,19.541878,19.763398,19.767310,309116.0
06/05/2015,19.771036,19.972248,19.603358,19.953617,206000,0.000,0.0,-,14.799363,19.540462,19.783333,19.789294,311788.0
06/04/2015,19.845555,20.043043,19.737497,19.815746,283000,0.000,0.0,-,14.752192,19.522874,19.774017,19.766565,313276.0
06/03/2015,19.867919,20.031870,19.774765,20.009514,293000,0.000,0.0,-,14.705711,19.522278,19.754269,19.764330,321040.0
06/02/2015,19.595907,19.972249,19.595907,19.886547,262400,0.000,0.0,-,14.657898,19.512962,19.716448,19.740109,325760.0
06/01/2015,19.741228,19.864192,19.446860,19.722597,292200,0.000,0.0,-,14.610856,19.520489,19.726322,19.724832,331696.0
05/29/2015,19.726318,19.864187,19.215833,19.607080,409600,0.000,0.0,-,14.564478,19.532339,19.741599,19.728558,331048.0
05/28/2015,19.804573,20.054226,19.614538,19.748680,247000,0.000,0.0,-,14.518315,19.548883,19.658506,19.753897,327808.0
05/27/2015,19.674158,19.912633,19.547469,19.804575,197000,0.000,0.0,-,14.471807,19.560732,19.593857,19.747189,332532.0
05/26/2015,19.521384,19.744955,19.230743,19.640621,353200,0.000,0.0,-,14.424295,19.569824,19.552683,19.736756,336380.0
05/22/2015,19.715140,19.871640,19.603356,19.703962,205600,0.000,0.0,-,14.377706,19.586293,19.513931,19.759485,338952.0
05/21/2015,19.700243,20.020693,19.603363,19.726326,251400,0.000,0.0,-,14.330645,19.599708,19.475179,19.777371,349376.0
05/20/2015,19.771038,19.860465,19.532562,19.793394,278200,0.000,0.0,-,14.283921,19.610961,19.452263,19.781470,356196.0
05/19/2015,19.730050,19.812025,19.543742,19.767311,233400,0.000,0.0,-,14.237517,19.612526,19.417237,19.744208,360268.0
05/18/2015,19.677881,19.916355,19.402144,19.733772,222800,0.000,0.0,-,14.192467,19.619009,19.395253,19.692786,362008.0
05/15/2015,19.886551,20.028145,19.700242,19.759861,124200,0.000,0.0,-,14.148827,19.618189,19.375318,19.727812,363152.0
05/14/2015,19.733773,19.867915,19.607083,19.860462,209200,0.000,0.0,-,14.105591,19.620947,19.336752,19.754641,370256.0
05/13/2015,19.722596,19.763584,19.402146,19.681608,207800,0.000,0.0,-,14.062042,19.620202,19.321661,19.563116,376176.0
05/12/2015,19.916357,19.916357,19.402146,19.700239,207000,0.000,0.0,-,14.019904,19.620201,19.328741,19.440525,382168.0
05/11/2015,19.901454,20.110119,19.841835,19.867918,350400,0.000,0.0,-,13.977690,19.619161,19.330604,19.368611,396876.0
05/08/2015,19.871642,19.987152,19.562370,19.882820,272400,0.000,0.0,-,13.934759,19.606449,19.331721,19.268376,402332.0
05/07/2015,19.357433,19.793394,19.308993,19.767311,329600,0.000,0.0,-,13.892029,19.597970,19.327996,19.172986,420260.0
05/06/2015,19.308992,19.722596,19.156219,19.420776,483400,0.000,0.0,-,13.849567,19.578954,19.311228,19.123056,441520.0
05/05/2015,20.084032,20.084032,19.133858,19.253096,540200,0.000,0.0,-,13.808354,19.567315,19.314396,19.090266,465632.0
05/04/2015,20.121293,20.534898,20.065400,20.084032,944800,0.000,0.0,-,13.768169,19.560588,19.322407,19.097719,476436.0
05/01/2015,18.824591,20.091487,18.824591,20.028143,872400,0.000,0.0,-,13.723140,19.540362,19.293343,19.022823,473548.0
04/30/2015,18.343919,18.403537,17.822256,17.945219,329000,0.000,0.0,-,13.678286,19.522515,19.265769,18.918863,473808.0
04/29/2015,18.951279,18.973635,18.399806,18.455698,209800,0.000,0.0,-,13.643796,19.538308,19.352961,19.080206,497840.0
04/28/2015,18.943831,19.174853,18.671821,18.981092,231600,0.000,0.0,-,13.606787,19.540549,19.404383,19.216956,524160.0
04/27/2015,18.958730,19.212109,18.735159,18.865576,221400,0.000,0.0,-,13.567083,19.524114,19.439036,19.292597,541312.0
04/24/2015,19.316442,19.316442,18.858124,18.928921,202000,0.000,0.0,-,13.528060,19.501079,19.457108,19.395067,565564.0
04/23/2015,19.066796,19.376068,18.887940,19.268009,256800,0.000,0.0,-,13.489272,19.464674,19.481328,19.483005,594440.0
04/22/2015,19.331351,19.454314,18.966187,19.092876,172000,0.000,0.0,-,13.448892,19.410793,19.471640,19.499400,630528.0
04/21/2015,19.476673,19.487851,19.256829,19.327625,223000,0.000,0.0,-,13.409939,19.345341,19.506293,19.538525,642836.0
04/20/2015,19.063064,19.502751,18.973635,19.335073,215200,0.000,0.0,-,13.371003,19.275863,19.517099,19.547095,645608.0
04/17/2015,19.431953,19.431953,18.824588,18.988539,334400,0.000,0.0,-,13.331201,19.206236,19.563490,19.563863,645588.0
04/16/2015,19.826928,19.934987,19.528835,19.558645,301600,0.000,0.0,-,13.293167,19.140569,19.629815,19.612675,644844.0
04/15/2015,19.793392,20.016963,19.759857,19.823202,282600,0.000,0.0,-,13.252282,19.061198,19.673598,19.625717,647732.0
04/14/2015,19.931266,19.953622,19.674159,19.737505,262600,0.000,0.0,-,13.210075,18.973417,19.699495,19.591809,650888.0
04/13/2015,19.875365,20.091482,19.733771,19.890270,309800,0.000,0.0,-,13.167692,18.890097,19.725578,19.585475,650104.0
04/10/2015,19.547470,20.043051,19.510209,19.808302,298400,0.000,0.0,-,13.125028,18.809960,19.754269,19.519149,656960.0
04/09/2015,19.525115,19.588459,19.036987,19.431961,363400,0.000,0.0,-,13.082533,18.727526,19.782588,19.479651,661476.0
04/08/2015,19.398423,19.644350,19.312722,19.484125,247600,0.000,0.0,-,13.041885,18.657743,19.825438,19.443880,661228.0
04/07/2015,19.476668,19.711417,19.387239,19.413322,315200,0.000,0.0,-,13.001252,18.594268,19.844814,19.474061,663084.0
04/06/2015,19.327624,19.640622,19.327624,19.502754,220600,0.000,0.0,-,12.960611,18.534734,19.878722,19.487103,663632.0
04/02/2015,19.711416,19.972247,19.420774,19.476667,316600,0.000,0.0,-,12.919782,18.469104,19.888224,19.563116,673700.0
04/01/2015,19.484123,19.759859,19.260552,19.689062,658800,0.000,0.0,-,12.878479,18.385804,19.909277,19.646955,697308.0
03/31/2015,19.584732,19.633171,19.342530,19.484125,256200,0.000,0.0,-,12.836338,18.261869,19.915984,19.721479,689148.0
03/30/2015,19.353706,19.808298,19.268004,19.674156,434200,0.000,0.0,-,12.795292,18.140549,19.925858,19.807180,687764.0
03/27/2015,19.379789,19.577277,19.178577,19.227016,292600,0.000,0.0,-,12.753122,18.013497,19.924560,19.865681,683864.0
03/26/2015,19.022075,19.495299,18.928921,19.413322,357800,0.000,0.0,-,12.713844,17.896650,19.924827,19.989389,683216.0
03/25/2015,19.744957,19.744957,19.070520,19.074245,280400,0.000,0.0,-,12.674427,17.776226,19.927103,20.085525,749228.0
03/24/2015,19.543736,19.812019,19.446855,19.785936,671200,0.000,0.0,-,12.636844,17.662657,19.914217,20.206997,757228.0
03/23/2015,20.121297,20.121297,19.532562,19.543741,529000,0.000,0.0,-,12.595426,17.530697,19.866860,20.215568,758364.0
03/20/2015,20.411938,20.460378,20.020690,20.262892,559200,0.000,0.0,-,12.554823,17.398976,19.835512,20.270342,756916.0
03/19/2015,20.430569,20.441747,20.311331,20.315058,259800,0.000,0.0,-,12.508968,17.247674,19.776003,20.213332,750020.0
03/18/2015,20.311330,20.464102,20.076582,20.434294,247600,0.000,0.0,-,12.462577,17.089092,19.717041,20.171599,748940.0
03/17/2015,20.259163,20.419388,20.117569,20.341139,483200,0.000,0.0,-,12.415589,16.930278,19.632069,20.110490,749820.0
03/16/2015,20.486457,20.650408,20.136198,20.259161,389400,0.000,0.0,-,12.369102,16.770357,19.543400,20.044537,745108.0
03/13/2015,20.411934,20.490184,20.318780,20.464100,481800,0.000,0.0,-,12.322990,16.616829,19.438410,19.983440,740148.0
03/12/2015,20.356049,20.411941,20.210729,20.374680,726800,0.000,0.0,-,12.275854,16.461874,19.300896,19.860265,733004.0
03/11/2015,19.871641,20.389578,19.845556,20.288971,592400,0.000,0.0,-,12.229647,16.311455,19.137594,19.768681,721000.0
03/10/2015,19.964801,20.076586,19.767313,19.871647,481800,0.000,0.0,-,12.182275,16.162751,18.951845,19.621437,711436.0
03/09/2015,19.715140,20.121292,19.715140,20.091482,320400,0.000,0.0,-,12.136149,16.021725,18.749276,19.518153,703756.0
03/06/2015,19.819483,19.949899,19.633174,19.692793,280000,0.000,0.0,-,12.088581,15.876227,18.537388,19.400682,701136.0
03/05/2015,19.923811,19.923811,19.636896,19.897728,479400,0.000,0.0,-,12.043160,15.738556,18.345434,19.338673,700052.0
03/04/2015,19.629441,19.845558,19.480394,19.823202,505200,0.095,0.0,-,11.997333,15.595300,18.135807,19.262483,702496.0
03/03/2015,19.666754,19.763287,19.358590,19.681604,507400,0.000,0.0,-,11.951278,15.447743,17.924151,19.153647,697836.0
03/02/2015,19.250921,19.674182,19.210081,19.648191,942400,0.000,0.0,-,11.905262,15.298191,17.711778,19.042263,693952.0
02/27/2015,19.540519,19.588785,19.120971,19.232355,623200,0.000,0.0,-,11.859019,15.140842,17.507945,18.893380,681068.0
02/26/2015,18.853649,19.488541,18.820234,19.458838,1168800,0.000,0.0,-,11.816587,14.987948,17.340497,18.741527,674068.0
02/25/2015,18.894493,18.972462,18.757120,18.816525,1392600,0.000,0.0,-,11.774085,14.831639,17.151887,18.506506,655068.0
02/24/2015,18.950192,19.043012,18.809105,18.838808,1689000,0.000,0.0,-,11.733715,14.691740,17.008201,18.282253,633004.0
02/23/2015,19.080138,19.158107,18.797965,18.916775,1080400,0.000,0.0,-,11.691707,14.548723,16.881779,17.980400,610280.0
02/20/2015,19.154389,19.202655,18.890779,19.072706,800400,0.000,0.0,-,11.649807,14.407148,16.757771,17.674094,596732.0
02/19/2015,18.768259,19.172956,18.642023,19.135828,885400,0.000,0.0,-,11.606870,14.261617,16.615199,17.352194,587304.0
02/18/2015,18.564051,19.280624,18.564051,18.734840,1530600,0.000,0.0,-,11.564406,14.115033,16.423990,17.009130,576152.0
02/17/2015,18.192769,18.901916,18.166780,18.567762,1525800,0.000,0.0,-,11.525919,13.974653,16.161865,16.694656,549036.0
02/13/2015,17.669270,18.192776,17.669270,18.159361,1089200,0.000,0.0,-,11.486895,13.839291,15.904382,16.381294,527488.0
02/12/2015,17.227448,17.732389,17.227448,17.713825,1434000,0.000,0.0,-,11.451062,13.705115,15.662492,16.122511,512508.0
02/11/2015,16.852448,17.368529,16.852448,17.108633,1645800,0.000,0.0,-,11.417148,13.579571,15.446035,15.939468,489672.0
02/10/2015,17.078930,17.450212,16.176717,16.573988,2061200,0.000,0.0,-,11.385626,13.464049,15.260209,15.797267,458264.0
02/09/2015,15.864838,16.198992,15.786869,15.820285,787400,0.000,0.0,-,11.356777,13.362621,15.101300,15.734150,419340.0
02/06/2015,15.861134,15.898262,15.734898,15.853708,361600,0.000,0.0,-,11.332759,13.278420,14.969681,15.783158,406272.0
02/05/2015,15.801729,15.887124,15.794303,15.853708,214200,0.000,0.0,-,11.308420,13.192717,14.824881,15.841449,401356.0
02/04/2015,15.593804,15.772018,15.582666,15.705188,297200,0.000,0.0,-,11.283653,13.104792,14.667086,15.878205,398992.0
02/03/2015,15.541830,15.694055,15.430445,15.590096,446000,0.000,0.0,-,11.258068,13.017478,14.501124,15.838850,395344.0
02/02/2015,15.616076,15.746024,15.218806,15.434148,440400,0.000,0.0,-,11.232938,12.931493,14.346299,15.629075,389156.0
01/30/2015,15.734890,15.942807,15.552962,15.571526,223400,0.000,0.0,-,11.208108,12.851960,14.191847,15.427470,383968.0
01/29/2015,15.712612,15.957657,15.545535,15.883401,652600,0.000,0.0,-,11.182249,12.766833,14.042406,15.202474,382796.0
01/28/2015,15.939098,15.939098,15.682914,15.686626,524200,0.000,0.0,-,11.154881,12.678106,13.884055,14.952602,373656.0
01/27/2015,16.150728,16.150728,15.883405,15.942810,351000,0.000,0.0,-,11.128103,12.595189,13.742411,14.723150,365712.0
01/26/2015,16.444035,16.573982,16.217553,16.310373,340400,0.000,0.0,-,11.101364,12.511106,13.587958,14.468451,362276.0
01/23/2015,16.165574,16.577696,15.991072,16.436609,342600,0.000,0.0,-,11.073867,12.418560,13.413456,14.156204,358196.0
01/22/2015,15.311634,16.262113,14.944065,16.221272,724000,0.000,0.0,-,11.045465,12.323906,13.232457,13.808314,353928.0
01/21/2015,14.680456,15.423018,14.461400,15.311634,1497000,0.000,0.0,-,11.018517,12.235086,13.061853,13.455968,343308.0
01/20/2015,13.458938,13.533195,13.366118,13.492353,250800,0.000,0.0,-,10.995946,12.162654,12.933018,13.163398,317700.0
01/16/2015,13.284432,13.440371,13.258443,13.418094,187000,0.000,0.0,-,10.982608,12.121193,12.880668,13.063524,317788.0
01/15/2015,13.444087,13.444087,13.273298,13.321565,239200,0.000,0.0,-,10.969658,12.080662,12.819963,12.956224,323000.0
01/14/2015,13.295575,13.451512,13.239882,13.384682,260200,0.000,0.0,-,10.957071,12.031926,12.742923,12.882339,326196.0
01/13/2015,13.403244,13.406958,12.994835,13.392106,3658400,0.000,0.0,-,10.943260,11.983317,12.653073,12.815508,327884.0
01/12/2015,13.150777,13.406961,12.916870,13.395823,680400,0.000,0.0,-,10.927440,11.930949,12.565636,12.761672,258500.0
01/09/2015,12.946566,13.202751,12.749788,13.187900,728000,0.000,0.0,-,10.911516,11.873022,12.486924,12.707465,248636.0
01/08/2015,12.794344,12.957708,12.608703,12.957708,456600,0.000,0.0,-,10.896495,11.820643,12.411926,12.670708,240888.0
01/07/2015,12.475041,12.723800,12.270836,12.697810,214400,0.000,0.0,-,10.882710,11.764607,12.355943,12.656600,237428.0
01/06/2015,12.434206,12.434206,12.040647,12.385939,205800,0.000,0.0,-,10.870053,11.715157,12.310860,12.667738,235428.0
01/05/2015,12.241138,12.564152,12.196583,12.493609,291600,0.000,0.0,-,10.859024,11.671458,12.281894,12.702638,235852.0
01/02/2015,12.645834,12.682961,12.204008,12.345096,247600,0.000,0.0,-,10.846702,11.622899,12.243006,12.697812,234256.0
12/31/2014,12.768355,12.768355,12.579002,12.582714,141400,0.000,0.0,-,10.834883,11.573006,12.215734,12.683703,234196.0
12/30/2014,12.835186,12.876027,12.642120,12.716376,124600,0.000,0.0,-,10.821773,11.516625,12.159125,12.603506,234732.0
12/29/2014,12.872312,12.898303,12.731226,12.853748,126600,0.000,0.0,-,10.806795,11.457501,12.095139,12.490637,237048.0
12/26/2014,12.868600,12.920579,12.779492,12.853748,114200,0.000,0.0,-,10.791164,11.394936,12.019078,12.369600,242296.0
12/24/2014,12.831471,12.879736,12.738651,12.820332,97800,0.000,0.0,-,10.775618,11.331330,11.951521,12.266384,246728.0
12/23/2014,12.879741,12.983700,12.738655,12.816624,189400,0.000,0.0,-,10.761269,11.268878,11.891014,12.153144,249132.0
12/22/2014,12.760929,12.894590,12.697811,12.809196,225800,0.000,0.0,-,10.746475,11.204834,11.828611,12.055286,249784.0
12/19/2014,12.445342,12.768356,12.408213,12.734941,601600,0.000,0.0,-,10.732438,11.138093,11.761025,11.953981,248660.0
12/18/2014,12.215150,12.482472,12.207724,12.445344,272200,0.000,0.0,-,10.718995,11.071934,11.691251,11.861150,239248.0
12/17/2014,11.855003,12.215147,11.773321,12.204007,313200,0.000,0.0,-,10.706795,11.015940,11.633528,11.788201,239148.0
12/16/2014,11.587683,11.858719,11.550555,11.780749,298200,0.000,0.0,-,10.695647,10.962274,11.596202,11.747765,236528.0
12/15/2014,11.658226,11.758472,11.498575,11.587683,273200,0.000,0.0,-,10.686718,10.919017,11.572923,11.714744,233484.0
12/12/2014,11.684215,11.847579,11.632236,11.643374,218800,0.000,0.0,-,10.678312,10.879552,11.565892,11.699641,236236.0
12/11/2014,11.695356,11.836442,11.602535,11.821591,289400,1.000,0.0,-,10.669848,10.836196,11.560763,11.668557,239760.0
12/10/2014,11.817095,11.855496,11.586687,11.687927,552800,0.000,0.0,-,10.660187,10.788305,11.556614,11.636658,242236.0
12/09/2014,11.691421,11.879935,11.572726,11.838043,403000,0.000,0.0,-,10.651262,10.744336,11.556372,11.628885,237164.0
12/08/2014,11.831061,11.886917,11.733313,11.796151,329000,0.000,0.0,-,10.641399,10.699447,11.549666,11.601936,231300.0
12/05/2014,11.687932,11.820591,11.687932,11.806626,327800,0.000,0.0,-,10.631524,10.655049,11.548872,11.568069,226352.0
12/04/2014,11.799642,11.799642,11.666983,11.715858,174800,0.000,0.0,-,10.621477,10.609678,11.543043,11.521353,222768.0
12/03/2014,11.488942,11.838044,11.426104,11.799643,448400,0.095,0.0,-,10.611577,10.568065,11.528215,11.478855,222608.0
12/02/2014,11.467895,11.575492,11.422773,11.450541,340200,0.000,0.0,-,10.600253,10.522834,11.507809,11.444639,219640.0
12/01/2014,11.454009,11.509544,11.349882,11.436655,292200,0.000,0.0,-,10.590879,10.484862,11.479521,11.431102,219000.0
11/28/2014,11.485250,11.540784,11.308234,11.332530,75400,0.000,0.0,-,10.580398,10.449875,11.455398,11.432143,219588.0
11/26/2014,11.578963,11.627556,11.436656,11.502603,115000,0.000,0.0,-,10.569773,10.417943,11.427458,11.452969,220948.0
11/25/2014,11.575491,11.676148,11.540782,11.610201,134000,0.000,0.0,-,10.559048,10.383650,11.377303,11.476571,222040.0
11/24/2014,11.474838,11.596320,11.436658,11.568553,115800,0.000,0.0,-,10.547563,10.349011,11.325239,11.483860,222668.0
11/21/2014,11.488719,11.603259,11.408888,11.457480,96000,0.000,0.0,-,10.543956,10.316523,11.254606,11.497396,223484.0
11/20/2014,11.245755,11.367237,11.193691,11.339469,114800,0.000,0.0,-,10.541893,10.288686,11.192997,11.529675,224776.0
11/19/2014,11.457481,11.457481,11.120803,11.290877,136600,0.000,0.0,-,10.539739,10.265084,11.136074,11.564732,224576.0
11/18/2014,11.349883,11.540783,11.311703,11.457480,181000,0.000,0.0,-,10.537879,10.243148,11.074813,11.577574,223480.0
11/17/2014,11.408889,11.467895,11.266582,11.315174,164800,0.000,0.0,-,10.535577,10.218504,10.994461,11.570979,222592.0
11/14/2014,11.544252,11.572020,11.301290,11.447067,195600,0.000,0.0,-,10.534056,10.199692,10.916886,11.527940,220624.0
11/13/2014,11.662264,11.683090,11.516487,11.540783,127000,0.000,0.0,-,10.533102,10.178311,10.832543,11.478653,217976.0
11/12/2014,11.651854,11.766394,11.506076,11.738626,179200,0.000,0.0,-,10.531662,10.155819,10.741778,11.401946,218028.0
11/11/2014,11.703913,11.769860,11.641437,11.683087,136400,0.000,0.0,-,10.528637,10.129302,10.638519,11.278034,220816.0
11/10/2014,11.773330,11.814982,11.627552,11.703913,129200,0.000,0.0,-,10.526384,10.100424,10.539251,11.166619,225608.0
11/07/2014,11.596318,11.808044,11.551196,11.780276,193000,0.000,0.0,-,10.522935,10.071199,10.434777,11.011816,225764.0
11/06/2014,11.450541,11.724743,11.422773,11.690034,216600,0.000,0.0,-,10.520554,10.040655,10.319369,10.856319,224256.0
11/05/2014,11.447066,11.509542,11.367235,11.419299,255200,0.000,0.0,-,10.519562,10.014414,10.206217,10.707417,222132.0
11/04/2014,10.884781,11.391534,10.822304,11.391534,447600,0.000,0.0,-,10.519377,9.995658,10.117535,10.572051,221444.0
11/03/2014,11.110388,11.360294,10.617520,10.884780,399000,0.000,0.0,-,10.519264,9.976906,10.023994,10.417943,214956.0
10/31/2014,10.936846,11.023619,10.787597,10.954201,344600,0.000,0.0,-,10.521479,9.967391,9.960650,10.305832,209388.0
10/30/2014,10.412737,10.836188,10.409266,10.773712,189200,0.000,0.0,-,10.524217,9.956972,9.893661,10.186432,206056.0
10/29/2014,10.586280,10.655698,10.353729,10.499507,187200,0.000,0.0,-,10.528113,9.949817,9.828755,10.081611,205248.0
10/28/2014,10.176716,10.575871,10.176716,10.568930,340600,0.000,0.0,-,10.533209,9.950215,9.775130,9.999003,205952.0
10/27/2014,10.201010,10.204481,10.020523,10.155889,283600,0.000,0.0,-,10.537447,9.949225,9.721157,9.911883,204588.0
10/24/2014,10.228778,10.253075,10.138535,10.225307,114400,0.000,0.0,-,10.544295,9.955048,9.693043,9.857737,203156.0
10/23/2014,10.128121,10.256544,10.065644,10.201010,227000,0.000,0.0,-,10.550575,9.960103,9.660590,9.782418,204652.0
10/22/2014,9.846975,10.089939,9.846975,10.065642,211800,0.000,0.0,-,10.557556,9.965023,9.627443,9.705017,202172.0
10/21/2014,9.784501,9.899041,9.715082,9.850448,244600,0.000,0.0,-,10.565555,9.971201,9.605923,9.663019,200520.0
10/20/2014,9.718553,9.798384,9.687315,9.763675,168200,0.000,0.0,-,10.576828,9.983133,9.590304,9.630046,200496.0
10/17/2014,9.843504,9.843504,9.725493,9.760202,240400,0.000,0.0,-,10.589524,9.993902,9.579718,9.615468,202664.0
10/16/2014,9.555423,9.784503,9.555423,9.725497,389000,0.000,0.0,-,10.601845,10.005155,9.576074,9.600891,205308.0
10/15/2014,9.604015,9.732439,9.486004,9.673433,335800,0.000,0.0,-,10.614800,10.016481,9.576594,9.575900,204644.0
10/14/2014,9.694258,9.770618,9.680374,9.697729,218000,0.000,0.0,-,10.627964,10.030642,9.582321,9.551257,203396.0
10/13/2014,9.492944,9.749791,9.458234,9.614426,222000,0.000,0.0,-,10.641143,10.046938,9.591346,9.530431,207260.0
10/10/2014,9.406170,9.583186,9.374932,9.472117,169600,0.000,0.0,-,10.654653,10.069798,9.607833,9.528349,221668.0
10/09/2014,9.656081,9.687320,9.420059,9.427001,131000,0.000,0.0,-,10.668279,10.100470,9.637509,9.538762,225884.0
10/08/2014,9.531125,9.666491,9.510300,9.645666,267200,0.000,0.0,-,10.681720,10.134184,9.674127,9.549868,225672.0
10/07/2014,9.569305,9.607486,9.510300,9.520713,182200,0.000,0.0,-,10.693148,10.164282,9.701547,9.548827,222880.0
10/06/2014,9.628310,9.673432,9.600543,9.617897,146000,0.000,0.0,-,10.702866,10.198950,9.736777,9.550563,221952.0
10/03/2014,9.569303,9.628309,9.524182,9.614426,410800,0.000,0.0,-,10.712030,10.231742,9.774610,9.543968,224816.0
10/02/2014,9.440881,9.551950,9.440881,9.475590,395000,0.000,0.0,-,10.721245,10.265087,9.812790,9.551257,218788.0
10/01/2014,9.486007,9.538070,9.416588,9.427001,413200,0.000,0.0,-,10.731426,10.302312,9.859820,9.577289,213300.0
09/30/2014,9.593600,9.600542,9.475589,9.489473,299200,0.000,0.0,-,10.741613,10.339267,9.909107,9.613386,206504.0
09/29/2014,9.472121,9.628311,9.472121,9.593602,109800,0.000,0.0,-,10.751248,10.373042,9.946593,9.652260,202180.0
09/26/2014,9.545011,9.617900,9.506831,9.576249,81600,0.000,0.0,-,10.759289,10.405492,9.979046,9.687317,201976.0
09/25/2014,9.638725,9.676904,9.524185,9.538068,148600,0.000,0.0,-,10.767996,10.435531,10.012887,9.736256,203272.0
09/24/2014,9.527655,9.649136,9.527655,9.635253,166800,0.000,0.0,-,10.777149,10.465919,10.054885,9.798385,201980.0
09/23/2014,9.499888,9.593602,9.489475,9.538068,300000,0.000,0.0,-,10.785459,10.494157,10.097197,9.854267,201112.0
09/22/2014,9.621368,9.621368,9.486003,9.551950,308200,0.000,0.0,-,10.795669,10.524476,10.142989,9.922991,196676.0
09/19/2014,9.749793,9.833095,9.551952,9.687317,321600,0.000,0.0,-,10.805640,10.554242,10.185844,10.005251,192624.0
09/18/2014,9.805328,9.822682,9.725497,9.735909,143400,0.000,0.0,-,10.816161,10.581714,10.223139,10.074322,189392.0
09/17/2014,9.867804,9.892101,9.732439,9.787973,169600,0.000,0.0,-,10.826047,10.610421,10.257142,10.142352,188520.0
09/16/2014,9.899041,9.989285,9.850448,9.878215,165400,0.000,0.0,-,10.837189,10.638502,10.293715,10.204828,187508.0
09/15/2014,10.030936,10.072587,9.926809,9.944163,156600,0.000,0.0,-,10.848187,10.666985,10.325776,10.240925,187304.0
09/12/2014,10.173240,10.173240,10.023991,10.065642,160600,0.000,0.0,-,10.858430,10.698908,10.350918,10.270775,188224.0
09/11/2014,10.169771,10.239190,10.079528,10.159359,104800,0.000,0.0,-,10.867454,10.725091,10.371539,10.289518,188248.0
09/10/2014,10.211424,10.242662,10.162832,10.194070,81800,0.000,0.0,-,10.875772,10.749538,10.385921,10.311385,192956.0
09/09/2014,10.336377,10.336377,10.218366,10.225307,136600,0.000,0.0,-,10.883781,10.773290,10.394947,10.340127,194948.0
09/08/2014,10.405795,10.409266,10.294726,10.374557,66400,0.000,0.0,-,10.890837,10.796418,10.406032,10.362987,197104.0
09/05/2014,10.371081,10.419674,10.346785,10.378023,63200,0.000,0.0,-,10.896908,10.814146,10.402411,10.366437,197488.0
09/04/2014,10.402322,10.520333,10.371084,10.416206,129600,0.000,0.0,-,10.902810,10.833736,10.399652,10.371956,198224.0
09/03/2014,10.284309,10.430087,10.266955,10.412733,318600,0.000,0.0,-,10.908826,10.851597,10.393432,10.371932,199516.0
09/02/2014,10.246131,10.266956,10.152416,10.239189,376000,0.000,0.0,-,10.914436,10.869390,10.391869,10.382603,194760.0
08/29/2014,10.256547,10.312081,10.135065,10.242663,137000,0.000,0.0,-,10.920930,10.891757,10.405537,10.410627,192088.0
08/28/2014,10.353729,10.364142,10.239189,10.253073,117600,0.095,0.0,-,10.927034,10.912606,10.431275,10.431062,191196.0
08/27/2014,10.471149,10.491843,10.333189,10.378026,110400,0.000,0.0,-,10.932780,10.934281,10.468908,10.453559,190844.0
08/26/2014,10.519432,10.584963,10.440105,10.481493,220800,0.000,0.0,-,10.938817,10.951043,10.505640,10.460458,190928.0
08/25/2014,10.364229,10.495291,10.340086,10.453903,123200,0.000,0.0,-,10.943642,10.966633,10.539096,10.449766,188044.0
08/22/2014,10.419411,10.450452,10.333186,10.409064,120600,0.000,0.0,-,10.949453,10.983050,10.579104,10.449077,187964.0
08/21/2014,10.450458,10.453907,10.302152,10.433213,178000,0.000,0.0,-,10.956166,10.999675,10.621527,10.438385,188456.0
08/20/2014,10.460802,10.467700,10.346985,10.415965,148800,0.000,0.0,-,10.963896,11.018437,10.663949,10.427348,188296.0
08/19/2014,10.560823,10.567721,10.374577,10.519435,222400,0.000,0.0,-,10.972237,11.040717,10.709993,10.414932,188336.0
08/18/2014,10.553925,10.574619,10.484945,10.519435,272400,0.000,0.0,-,10.985234,11.061480,10.747760,10.401136,189116.0
08/15/2014,10.578071,10.578071,10.336641,10.447009,212000,0.000,0.0,-,10.997418,11.081140,10.780698,10.400447,189952.0
08/14/2014,10.495295,10.509090,10.391824,10.478049,189200,0.000,0.0,-,11.010947,11.100661,10.819154,10.431487,187872.0
08/13/2014,10.440111,10.481499,10.391825,10.447009,103000,0.000,0.0,-,11.023744,11.112939,10.849160,10.484257,186148.0
08/12/2014,10.422866,10.502194,10.350438,10.374580,129200,0.000,0.0,-,11.036120,11.124735,10.879684,10.550822,189772.0
08/11/2014,10.343539,10.522887,10.271110,10.447009,243400,0.000,0.0,-,11.049554,11.137979,10.913311,10.628425,190648.0
08/08/2014,10.309047,10.409068,10.264211,10.302150,276600,0.000,0.0,-,11.063134,11.149913,10.943663,10.709131,188968.0
08/07/2014,10.305597,10.367679,10.243516,10.322843,372600,0.000,0.0,-,11.077930,11.164605,10.980567,10.804668,185668.0
08/06/2014,10.350434,10.436659,10.284903,10.291801,355800,0.000,0.0,-,11.092437,11.178884,11.017471,10.900550,182224.0
08/05/2014,10.481499,10.505642,10.371131,10.381478,273400,0.000,0.0,-,11.107964,11.195715,11.061446,11.005054,178980.0
08/04/2014,10.726376,10.743621,10.398721,10.512538,411200,0.000,0.0,-,11.122601,11.204375,11.101971,11.094383,175312.0
08/01/2014,11.209235,11.302358,10.381476,10.757417,942400,0.000,0.0,-,11.135887,11.207054,11.141462,11.160949,168748.0
07/31/2014,10.985049,11.057478,10.847090,11.005743,380400,0.000,0.0,-,11.147729,11.203463,11.180608,11.206821,152672.0
07/30/2014,11.236829,11.236829,11.074726,11.112665,120400,0.000,0.0,-,11.158261,11.195523,11.199061,11.214064,150100.0
07/29/2014,11.274766,11.323053,11.123011,11.150603,127600,0.000,0.0,-,11.168343,11.187914,11.212512,11.208545,150968.0
07/28/2014,11.285111,11.302356,11.164396,11.254070,135800,0.000,0.0,-,11.177523,11.177145,11.224066,11.198198,151320.0
07/25/2014,11.191989,11.364439,11.136805,11.257520,289200,0.000,0.0,-,11.184524,11.161633,11.230447,11.178194,156100.0
07/24/2014,11.398927,11.409275,11.198886,11.281661,109400,0.000,0.0,-,11.191711,11.144474,11.230620,11.156466,153256.0
07/23/2014,11.274766,11.388584,11.233379,11.336848,120600,0.000,0.0,-,11.198777,11.133759,11.234414,11.134392,154664.0
07/22/2014,11.205787,11.316155,11.147154,11.274766,73400,0.000,0.0,-,11.205720,11.126192,11.233034,11.117837,156932.0
07/21/2014,11.119564,11.254074,11.012644,11.178196,83000,0.000,0.0,-,11.213024,11.115546,11.234414,11.109559,160136.0
07/18/2014,11.040235,11.257522,11.022990,11.216134,99600,0.000,0.0,-,11.221065,11.100728,11.243381,11.121976,163948.0
07/17/2014,10.998847,11.112664,10.960908,11.078174,146400,0.000,0.0,-,11.229833,11.087141,11.246830,11.154396,167288.0
07/16/2014,11.116112,11.143705,10.985051,11.057480,84000,0.000,0.0,-,11.238222,11.075283,11.259763,11.184057,170328.0
07/15/2014,11.026438,11.119561,10.943662,11.047132,123400,0.000,0.0,-,11.246561,11.066994,11.267696,11.216478,183212.0
07/14/2014,11.160952,11.160952,11.016094,11.054032,78200,0.000,0.0,-,11.255156,11.066799,11.278388,11.249934,190708.0
07/11/2014,11.029887,11.091969,10.916070,11.040234,105600,0.000,0.0,-,11.263157,11.060979,11.289425,11.282700,198500.0
07/10/2014,10.964355,11.157498,10.964355,11.060926,160000,0.000,0.0,-,11.270938,11.060030,11.299427,11.304773,201388.0
07/09/2014,11.212685,11.250624,11.143706,11.171297,99800,0.000,0.0,-,11.278073,11.057432,11.314947,11.334435,204844.0
07/08/2014,11.260970,11.292011,11.154051,11.191990,119000,0.000,0.0,-,11.284250,11.050090,11.332882,11.348231,210416.0
07/07/2014,11.443768,11.481708,11.288563,11.302360,155200,0.000,0.0,-,11.290203,11.042334,11.351162,11.359268,213236.0
07/03/2014,11.374784,11.543785,11.367886,11.540336,202600,0.000,0.0,-,11.294893,11.036623,11.361164,11.364786,214228.0
07/02/2014,11.340298,11.423073,11.309257,11.374787,161800,0.000,0.0,-,11.298257,11.025534,11.355301,11.339263,215428.0
07/01/2014,11.381689,11.509302,11.367893,11.381689,340200,0.000,0.0,-,11.301974,11.016042,11.341160,11.335469,216932.0
06/30/2014,11.319607,11.426526,11.260975,11.381689,181400,0.000,0.0,-,11.305351,11.000172,11.323915,11.318914,214472.0
06/27/2014,11.212688,11.398934,11.212688,11.381689,244400,0.000,0.0,-,11.308151,10.983822,11.306669,11.306842,213044.0
06/26/2014,11.319603,11.336848,11.247175,11.260971,85600,0.000,0.0,-,11.310612,10.965551,11.289769,11.296150,209804.0
06/25/2014,11.250624,11.374788,11.205788,11.357543,100000,0.000,0.0,-,11.312540,10.948324,11.278560,11.294080,211104.0
06/24/2014,11.243721,11.419620,11.243721,11.309253,194200,0.000,0.0,-,11.313273,10.929371,11.262522,11.295459,212012.0
06/23/2014,11.316156,11.354094,11.243726,11.302360,80800,0.000,0.0,-,11.312890,10.909806,11.253727,11.317533,212004.0
06/20/2014,11.281665,11.385134,11.209236,11.357543,242400,0.000,0.0,-,11.312304,10.895659,11.229333,11.343056,215236.0
06/19/2014,11.312700,11.402374,11.223027,11.285109,92400,0.000,0.0,-,11.310645,10.884729,11.193779,11.357541,213808.0
06/18/2014,11.174746,11.364441,11.157500,11.336848,100000,0.000,0.0,-,11.308619,10.874151,11.158418,11.371338,217900.0
06/17/2014,11.229930,11.292012,11.154052,11.216134,114600,0.000,0.0,-,11.305761,10.864046,11.122013,11.346850,224788.0
06/16/2014,11.229930,11.271318,11.178195,11.260971,76600,0.000,0.0,-,11.304822,10.855670,11.097816,11.328915,228604.0
06/13/2014,11.250623,11.367889,11.233378,11.274766,119200,0.000,0.0,-,11.302950,10.846946,11.065376,11.306497,230364.0
06/12/2014,11.312705,11.423073,11.178194,11.240276,145200,0.000,0.0,-,11.300959,10.838015,11.025560,11.283389,231472.0
06/11/2014,11.485150,11.519641,11.323048,11.371334,170000,0.000,0.0,-,11.301367,10.829293,10.983526,11.263040,236044.0
06/10/2014,11.519646,11.557583,11.450665,11.529992,150800,0.000,0.0,-,11.300732,10.814316,10.952255,11.229585,239104.0
06/09/2014,11.481707,11.636912,11.481707,11.557584,261400,0.000,0.0,-,11.300012,10.788279,10.923679,11.189921,241436.0
06/06/2014,11.474808,11.605870,11.457563,11.502399,314200,0.000,0.0,-,11.298244,10.761347,10.882924,11.115611,241536.0
06/05/2014,11.157501,11.423074,11.157501,11.423074,108000,0.000,0.0,-,11.296920,10.734971,10.829669,11.030017,241624.0
06/04/2014,11.036787,11.116113,11.036787,11.091970,103000,0.000,0.0,-,11.295874,10.710523,10.785353,10.945499,243544.0
06/03/2014,11.029888,11.067827,10.985051,11.036786,284200,0.000,0.0,-,11.296923,10.692013,10.755020,10.897177,246184.0
06/02/2014,11.071276,11.091970,10.985051,11.036786,173000,0.000,0.0,-,11.297944,10.674880,10.735332,10.866716,246348.0
05/30/2014,11.036788,11.078175,10.998849,11.043686,159400,0.000,0.0,-,11.299724,10.654730,10.735360,10.824255,245268.0
05/29/2014,11.002296,11.112664,10.991949,11.036786,111600,0.000,0.0,-,11.301554,10.633482,10.721328,10.767732,246888.0
05/28/2014,11.123011,11.126459,11.022990,11.036786,200400,0.095,0.0,-,11.302997,10.611960,10.719128,10.704013,249624.0
05/27/2014,10.807620,11.160787,10.807620,11.133357,193600,0.000,0.0,-,11.304102,10.585638,10.713841,10.674924,250696.0
05/23/2014,10.677325,10.831622,10.656752,10.814478,90000,0.000,0.0,-,11.304572,10.557522,10.697383,10.657437,250300.0
05/22/2014,10.591603,10.687610,10.591603,10.646464,83000,0.000,0.0,-,11.306148,10.536126,10.696868,10.650236,254464.0
05/21/2014,10.649895,10.711614,10.416736,10.577890,138600,0.000,0.0,-,11.309694,10.522205,10.715384,10.629321,257008.0
05/20/2014,10.749327,10.749327,10.505881,10.608746,251800,0.000,0.0,-,11.313178,10.507804,10.735785,10.625206,259060.0
05/19/2014,10.622462,10.749329,10.560744,10.732184,163800,0.000,0.0,-,11.316694,10.495666,10.750358,10.612863,257208.0
05/16/2014,10.485310,10.619033,10.430449,10.612176,145200,0.000,0.0,-,11.319305,10.481951,10.743157,10.603948,256808.0
05/15/2014,10.396162,10.499027,10.252152,10.478454,374800,0.000,0.0,-,11.322044,10.469813,10.740757,10.646465,256968.0
05/14/2014,10.769903,10.807620,10.389305,10.399591,147000,0.000,0.0,-,11.325840,10.459732,10.740243,10.674924,252572.0
05/13/2014,10.965344,10.965344,10.670467,10.745900,179800,0.000,0.0,-,11.329405,10.451640,10.740243,10.734242,256948.0
05/12/2014,10.811047,11.054493,10.766472,10.958486,234000,0.000,0.0,-,11.331476,10.434849,10.723442,10.752758,257792.0
05/09/2014,10.382446,10.742471,10.365301,10.742471,233600,0.000,0.0,-,11.332685,10.414693,10.692068,10.737329,257796.0
05/08/2014,10.574465,10.684187,10.382451,10.437312,273600,0.000,0.0,-,11.334537,10.397630,10.684697,10.743501,257512.0
05/07/2014,10.440738,10.560746,10.307014,10.536744,266600,0.000,0.0,-,11.338369,10.386942,10.703383,10.801447,255700.0
05/06/2014,10.625890,10.670465,10.475022,10.485309,298400,0.000,0.0,-,11.341671,10.373517,10.714356,10.846365,255128.0
05/05/2014,10.972201,11.033919,10.584745,10.643035,728200,0.000,0.0,-,11.345348,10.360233,10.731671,10.887854,255100.0
05/02/2014,10.910483,11.318511,10.910483,11.037349,498200,0.000,0.0,-,11.347713,10.343318,10.739386,10.882367,248776.0
05/01/2014,11.003061,11.003061,10.499025,10.763043,467800,0.000,0.0,-,11.347517,10.317289,10.728757,10.835050,243840.0
04/30/2014,10.937914,11.006490,10.800762,10.992776,250000,0.000,0.0,-,11.348961,10.292724,10.732014,10.805562,244704.0
04/29/2014,10.883054,10.982489,10.773332,10.931057,332800,0.000,0.0,-,11.349257,10.264382,10.722585,10.746244,246120.0
04/28/2014,10.872767,10.961916,10.718470,10.804191,378400,0.000,0.0,-,11.349727,10.232571,10.707155,10.694126,249716.0
04/25/2014,11.009920,11.061351,10.766473,10.804191,260000,0.000,0.0,-,11.351270,10.200638,10.678353,10.646808,258008.0
04/24/2014,11.102497,11.164216,11.003061,11.016777,204800,0.000,0.0,-,11.352914,10.171704,10.648694,10.625893,273960.0
04/23/2014,10.855624,11.116213,10.817907,10.985919,262600,0.000,0.0,-,11.352634,10.137633,10.607034,10.605320,291368.0
04/22/2014,10.653323,10.937914,10.591604,10.900198,237000,0.000,0.0,-,11.352002,10.134859,10.567774,10.582347,296660.0
04/21/2014,10.543598,10.656748,10.519596,10.588172,217200,0.000,0.0,-,11.351648,10.137754,10.531085,10.575489,294604.0
04/17/2014,10.444167,10.588177,10.444167,10.564176,110000,0.000,0.0,-,11.352144,10.144162,10.510684,10.596405,293016.0
04/16/2014,10.451025,10.495600,10.396164,10.468169,82400,0.000,0.0,-,11.352812,10.151255,10.483939,10.622464,292944.0
04/15/2014,10.420164,10.454452,10.224722,10.399591,150600,0.000,0.0,-,11.353655,10.161835,10.459595,10.658466,295172.0
04/14/2014,10.413308,10.413308,10.272726,10.409879,145400,0.000,0.0,-,11.352783,10.174061,10.437650,10.698926,298924.0
04/11/2014,10.499024,10.608746,10.262436,10.331012,193800,0.000,0.0,-,11.351641,10.190989,10.403190,10.720184,302588.0
04/10/2014,10.783621,10.811051,10.553890,10.595036,242400,0.000,0.0,-,11.350251,10.209427,10.373017,10.709898,301500.0
04/09/2014,10.769899,10.838475,10.715038,10.811045,171000,0.000,0.0,-,11.348301,10.220197,10.330500,10.671495,300056.0
04/08/2014,10.804192,10.886483,10.718471,10.756188,297000,0.000,0.0,-,11.345051,10.228625,10.287468,10.608748,300676.0
04/07/2014,10.732186,10.852195,10.553888,10.831622,444400,0.000,0.0,-,11.343138,10.233787,10.242551,10.553201,296440.0
04/04/2014,10.886483,10.886483,10.646466,10.797334,305400,0.000,0.0,-,11.340511,10.243235,10.201062,10.486682,292376.0
04/03/2014,10.790473,10.879622,10.745899,10.824761,164600,0.000,0.0,-,11.338933,10.257118,10.163516,10.424963,289576.0
04/02/2014,10.797331,10.876194,10.732184,10.828191,174600,0.000,0.0,-,11.338044,10.268272,10.122542,10.345415,288072.0
04/01/2014,10.684182,10.811048,10.564173,10.804191,373800,0.000,0.0,-,11.336413,10.279084,10.079854,10.260723,287744.0
03/31/2014,10.259009,10.701326,10.241865,10.622463,323000,0.000,0.0,-,11.334327,10.289557,10.039394,10.176374,283600.0
03/28/2014,10.183575,10.420163,10.180146,10.228149,267400,0.000,0.0,-,11.333573,10.307143,10.003589,10.086197,278596.0
03/27/2014,10.183575,10.265866,10.142429,10.211005,266400,0.000,0.0,-,11.334182,10.333637,9.989715,10.036136,275368.0
03/26/2014,10.248723,10.341301,10.139001,10.183576,318600,0.000,0.0,-,11.335401,10.359793,9.973630,9.989504,273208.0
03/25/2014,10.166429,10.279580,10.149285,10.200717,204000,0.000,0.0,-,11.336975,10.384452,9.959599,9.966188,270980.0
03/24/2014,10.187002,10.193860,10.087567,10.166430,235000,0.000,0.0,-,11.336676,10.410949,9.942836,9.931901,269436.0
03/21/2014,10.049851,10.248722,10.029278,10.180146,292400,0.000,0.0,-,11.336413,10.437247,9.925571,9.915442,267180.0
03/20/2014,9.936700,10.066995,9.936700,10.029278,119000,0.000,0.0,-,11.335440,10.465587,9.906427,9.902070,267512.0
03/19/2014,9.964133,10.187006,9.796121,9.981277,240400,0.000,0.0,-,11.335880,10.498309,9.891759,9.899670,271400.0
03/18/2014,9.700113,9.977846,9.700113,9.960702,248400,0.000,0.0,-,11.337082,10.540786,9.869434,9.898984,269668.0
03/17/2014,9.751545,9.844123,9.676111,9.720686,254000,0.000,0.0,-,11.338169,10.587629,9.850184,9.902413,268160.0
03/14/2014,9.696685,9.802978,9.665826,9.727545,173800,0.000,0.0,-,11.340792,10.637704,9.831173,9.920980,271264.0
03/13/2014,10.008706,10.029279,9.679539,9.744687,298200,0.000,0.0,-,11.343061,10.689482,9.805173,9.943293,270880.0
03/12/2014,9.775544,10.022418,9.775544,9.950414,210200,0.000,0.0,-,11.345683,10.740714,9.785814,9.957756,266476.0
03/11/2014,10.008709,10.139003,9.751547,9.857841,241200,0.000,0.0,-,11.346521,10.788376,9.753954,9.953010,264048.0
03/10/2014,10.039566,10.121858,9.950417,10.001849,159200,0.000,0.0,-,11.348242,10.837549,9.803423,9.953771,262120.0
03/07/2014,10.008706,10.070424,9.974417,10.046422,143800,0.000,0.0,-,11.349746,10.881455,9.855578,9.935699,264308.0
03/06/2014,9.974418,10.066996,9.922986,10.005278,153200,0.000,0.0,-,11.351127,10.922833,9.898686,9.910785,264616.0
03/05/2014,9.964134,10.022424,9.881842,9.974421,155000,0.085,0.0,-,11.352765,10.961353,9.944362,9.883848,268480.0
03/04/2014,9.998399,10.148393,9.960901,9.994990,365800,0.000,0.0,-,11.353534,10.991150,9.995502,9.839884,267172.0
03/03/2014,9.896132,9.937039,9.698414,9.906359,222000,0.000,0.0,-,11.353713,11.020262,10.046295,9.797955,263336.0
02/28/2014,9.916585,10.042715,9.868860,9.950674,234200,0.000,0.0,-,11.354201,11.051283,10.113792,9.741366,261332.0
02/27/2014,9.841589,9.937039,9.834771,9.889314,219400,0.000,0.0,-,11.354366,11.082509,10.178903,9.667052,258620.0
02/26/2014,9.868860,9.933629,9.807499,9.902948,183000,0.000,0.0,-,11.354268,11.114007,10.241116,9.613873,258956.0
02/25/2014,9.831362,9.896132,9.800682,9.865452,238000,0.000,0.0,-,11.353867,11.144279,10.307590,9.554898,258924.0
02/24/2014,9.749547,9.926812,9.749547,9.821135,297000,0.000,0.0,-,11.352831,11.171005,10.365030,9.653075,257248.0
02/21/2014,9.718871,9.872273,9.674555,9.797276,412000,0.000,0.0,-,11.351883,11.200935,10.439175,9.775456,256520.0
02/20/2014,9.500696,9.749548,9.500696,9.735912,251400,0.000,0.0,-,11.350802,11.232366,10.523887,9.886587,257080.0
02/19/2014,9.538193,9.695005,9.418881,9.534784,511000,0.000,0.0,-,11.349323,11.263591,10.606213,10.004876,257276.0
02/18/2014,9.354112,9.609782,9.326840,9.575692,320800,0.000,0.0,-,11.348749,11.304499,10.697913,10.151120,250168.0
02/14/2014,9.204119,9.408655,9.176847,9.340476,512600,0.000,0.0,-,11.346545,11.343906,10.785522,10.294635,249436.0
02/13/2014,9.340478,9.391612,9.152987,9.207530,793000,0.000,0.0,-,11.344828,11.392926,10.893586,10.486218,242076.0
02/12/2014,9.313205,9.548421,9.313205,9.357521,1057600,0.000,0.0,-,11.345152,11.443037,11.010853,10.690754,228852.0
02/11/2014,10.482466,10.646094,9.296158,9.313202,1075200,0.000,0.0,-,11.344626,11.496217,11.118916,10.868359,208484.0
02/10/2014,10.997215,11.004033,10.056350,10.847222,527200,0.000,0.0,-,11.344203,11.551510,11.224081,11.060282,190348.0
02/07/2014,10.922221,11.072214,10.854042,11.044943,134200,0.000,0.0,-,11.336111,11.574418,11.258001,11.076986,183168.0
02/06/2014,10.969945,11.010852,10.881313,10.908585,137800,0.000,0.0,-,11.327248,11.590929,11.279818,11.102894,184060.0
02/05/2014,10.966533,11.014259,10.792678,10.918808,106400,0.000,0.0,-,11.319436,11.609217,11.314248,11.161187,185172.0
02/04/2014,11.092667,11.167663,10.850633,10.997216,193800,0.000,0.0,-,11.310952,11.626758,11.351576,11.207549,186068.0
02/03/2014,11.201753,11.293794,10.969945,11.010852,338200,0.000,0.0,-,11.301975,11.639542,11.406971,11.244706,184008.0
01/31/2014,11.085851,11.280160,11.085851,11.256298,328600,0.000,0.0,-,11.292310,11.651103,11.471571,11.276409,182480.0
01/30/2014,11.194938,11.290388,11.136986,11.252890,139400,0.000,0.0,-,11.281249,11.657145,11.519977,11.300953,180456.0
01/29/2014,11.123346,11.246068,11.079030,11.133573,170200,0.000,0.0,-,11.270944,11.664476,11.573157,11.330952,180252.0
01/28/2014,11.048348,11.266519,10.911990,11.232430,202000,0.000,0.0,-,11.260614,11.672497,11.631790,11.369473,179584.0
01/27/2014,11.304022,11.307430,11.004035,11.014263,85200,0.000,0.0,-,11.250428,11.678609,11.686845,11.387881,178028.0
01/24/2014,11.406291,11.443789,11.242662,11.304023,241200,0.000,0.0,-,11.241316,11.687591,11.751956,11.439015,179556.0
01/23/2014,11.385839,11.494925,11.249481,11.491515,165400,0.000,0.0,-,11.230771,11.689557,11.796613,11.456742,179372.0
01/22/2014,11.372201,11.396063,11.256297,11.382427,89400,0.000,0.0,-,11.219038,11.691438,11.827804,11.467309,177716.0
01/21/2014,11.365383,11.416518,11.249479,11.368792,158200,0.000,0.0,-,11.208739,11.692718,11.855246,11.495603,178588.0
01/17/2014,11.474466,11.522191,11.297201,11.327882,166600,0.000,0.0,-,11.198257,11.697663,11.860019,11.569236,178456.0
01/16/2014,11.518785,11.607417,11.484695,11.501740,72800,0.000,0.0,-,11.188634,11.706140,11.866155,11.666732,178756.0
01/15/2014,11.532419,11.631277,11.494920,11.552872,106000,0.000,0.0,-,11.177873,11.715687,11.863939,11.739001,184300.0
01/14/2014,11.440378,11.539236,11.402880,11.518784,158400,0.000,0.0,-,11.167309,11.726314,11.861894,11.815362,194916.0
01/13/2014,11.481283,11.522189,11.300610,11.416513,207200,0.000,0.0,-,11.157269,11.758317,11.859167,11.894108,196104.0
01/10/2014,11.515378,11.549468,11.358567,11.525605,126800,0.000,0.0,-,11.147789,11.789109,11.859167,11.985809,195356.0
01/09/2014,11.607418,11.607418,11.419927,11.481288,122200,0.000,0.0,-,11.136976,11.821654,11.842974,12.064896,194580.0
01/08/2014,11.641504,11.658548,11.474465,11.597187,309000,0.000,0.0,-,11.126334,11.852779,11.834792,12.136484,194220.0
01/07/2014,12.074443,12.074443,11.627873,11.665372,313400,0.000,0.0,-,11.115214,11.879279,11.823373,12.188300,189944.0
01/06/2014,12.350562,12.350562,12.088074,12.105119,153800,0.000,0.0,-,11.104440,11.907197,11.804964,12.214889,185980.0
01/03/2014,12.221025,12.343747,12.186936,12.302840,173000,0.000,0.0,-,11.091300,11.928356,11.778715,12.150801,185172.0
01/02/2014,12.248296,12.296021,12.149437,12.224434,409200,0.000,0.0,-,11.077674,11.947528,11.740876,12.065578,186596.0
12/31/2013,12.296022,12.357383,12.231253,12.316476,154600,0.000,0.0,-,11.064172,11.967521,11.719229,11.988877,194848.0
12/30/2013,12.251705,12.343746,12.241478,12.306248,78000,0.000,0.0,-,11.050260,11.989135,11.689060,11.908426,195636.0
12/27/2013,12.367607,12.367607,12.244885,12.333518,88800,0.000,0.0,-,11.036702,12.009188,11.674572,11.824225,199860.0
12/26/2013,12.265341,12.323294,12.203980,12.316476,144800,0.000,0.0,-,11.023107,12.025915,11.661788,11.732524,204024.0
12/24/2013,12.091491,12.224439,12.057401,12.197167,268600,0.000,0.0,-,11.009431,12.042100,11.645596,11.621052,203116.0
12/23/2013,11.961948,12.166483,11.897178,12.115350,159200,0.000,0.0,-,10.996300,12.060400,11.629262,11.533101,200768.0
12/20/2013,11.471059,11.931265,11.471059,11.931265,346400,0.000,0.0,-,10.983562,12.080675,11.614645,11.458445,199984.0
12/19/2013,11.406288,11.535827,11.399470,11.464240,89600,0.000,0.0,-,10.971727,12.101783,11.607874,11.395039,202192.0
12/18/2013,11.454016,11.525604,11.317659,11.450607,174000,0.000,0.0,-,10.962278,12.125581,11.616483,11.406629,203424.0
12/17/2013,11.529008,11.529008,11.426740,11.457420,121800,0.000,0.0,-,10.952863,12.150467,11.623398,11.416174,204048.0
12/16/2013,11.491512,11.583553,11.491512,11.511966,98600,0.000,0.0,-,10.943381,12.175216,11.628446,11.449582,204200.0
12/13/2013,11.433560,11.535827,11.327882,11.464240,236200,0.000,0.0,-,10.933442,12.199485,11.633820,11.469694,203488.0
12/12/2013,11.177888,11.443784,11.136980,11.416513,181400,0.000,0.0,-,10.923576,12.224912,11.637340,11.524919,201868.0
12/11/2013,11.310840,11.375610,11.167664,11.201755,154200,0.000,0.0,-,10.913781,12.252311,11.643415,11.591052,200116.0
12/10/2013,11.361972,11.436968,11.266521,11.317656,260600,0.000,0.0,-,10.904976,12.287670,11.656497,11.670140,205912.0
12/09/2013,11.280160,11.426744,11.256297,11.368792,440000,0.000,0.0,-,10.895259,12.316435,11.660730,11.725424,205244.0
12/06/2013,11.702866,11.747181,11.246069,11.297202,261200,0.000,0.0,-,10.885035,12.343568,11.671567,11.770844,199020.0
12/05/2013,11.505146,11.672184,11.505146,11.580143,155600,0.000,0.0,-,10.876438,12.372946,11.679028,11.820710,196980.0
12/04/2013,11.808544,11.907403,11.467650,11.546056,284200,0.000,0.0,-,10.865925,12.394427,11.680824,11.826336,199836.0
12/03/2013,11.675592,11.798313,11.617640,11.791495,144600,0.000,0.0,-,10.856650,12.415436,11.691109,11.830622,201188.0
12/02/2013,12.019896,12.125573,11.624460,11.713093,131800,0.000,0.0,-,10.846381,12.429364,11.700487,11.807310,205312.0
11/29/2013,12.149434,12.180115,12.016486,12.016486,39200,0.000,0.0,-,10.835120,12.443233,11.719044,11.797946,210824.0
11/27/2013,12.036941,12.118754,11.955126,12.077847,168400,0.085,0.0,-,10.821625,12.450558,11.774167,11.749760,216592.0
11/26/2013,11.856925,12.029944,11.795860,11.992626,168200,0.000,0.0,-,10.806538,12.453807,11.818080,11.695778,220968.0
11/25/2013,11.816215,11.904421,11.816215,11.870496,178800,0.000,0.0,-,10.794330,12.458217,11.876092,11.642854,223028.0
11/22/2013,11.812818,11.945127,11.687294,11.822995,193400,0.000,0.0,-,10.782799,12.463171,11.934444,11.596037,221388.0
11/21/2013,11.687296,11.884063,11.636408,11.795857,151200,0.000,0.0,-,10.771222,12.467852,11.989403,11.572290,222540.0
11/20/2013,11.602481,11.711042,11.541415,11.636406,90800,0.000,0.0,-,10.769255,12.470770,12.052674,11.537347,224140.0
11/19/2013,11.561775,11.639803,11.517672,11.588915,261800,0.000,0.0,-,10.767435,12.475519,12.129006,11.535312,224928.0
11/18/2013,11.626233,11.666943,11.500709,11.558382,227400,0.000,0.0,-,10.765935,12.476673,12.212632,11.551596,221556.0
11/15/2013,11.514277,11.660156,11.415894,11.619446,129200,0.000,0.0,-,10.764255,12.475587,12.295919,11.593663,219100.0
11/14/2013,11.544810,11.629623,11.456604,11.534633,136800,0.000,0.0,-,10.762986,12.467852,12.384804,11.640142,217932.0
11/13/2013,11.375181,11.622836,11.375181,11.538023,124200,0.000,0.0,-,10.761408,12.460864,12.473518,11.798573,216648.0
11/12/2013,11.361615,11.476962,11.307335,11.463391,161600,0.000,0.0,-,10.759129,12.450618,12.555109,11.940381,219724.0
11/11/2013,11.571951,11.571951,11.402324,11.402324,232000,0.000,0.0,-,10.757339,12.438948,12.638227,12.109330,218852.0
11/08/2013,11.432856,11.690689,11.432856,11.585521,82600,0.000,0.0,-,10.755388,12.426204,12.723719,12.272850,216328.0
11/07/2013,11.633020,11.633020,11.402327,11.446430,133000,0.000,0.0,-,10.752455,12.415061,12.800899,12.406516,215880.0
11/06/2013,11.822998,11.822998,11.571951,11.616055,151600,0.000,0.0,-,10.750750,12.403865,12.877909,12.568001,215492.0
11/05/2013,11.904416,11.904416,11.683901,11.751752,181600,0.000,0.0,-,10.747046,12.389074,12.929815,12.722701,214140.0
11/04/2013,12.046909,12.070658,11.884067,11.979059,350000,0.000,0.0,-,10.742865,12.380478,12.976971,12.873669,212392.0
11/01/2013,12.382773,12.450624,11.744975,12.084229,636800,0.000,0.0,-,10.736612,12.365783,13.012762,12.998175,206368.0
10/31/2013,12.976459,13.224114,12.918787,13.118945,217800,0.000,0.0,-,10.729800,12.351820,13.044821,13.129465,195196.0
10/30/2013,13.122341,13.234294,12.905219,12.956106,169800,0.000,0.0,-,10.717732,12.313518,13.025653,13.148464,192476.0
10/29/2013,13.037531,13.234298,13.034138,13.152878,88000,0.000,0.0,-,10.706794,12.279147,13.017172,13.169837,190760.0
10/28/2013,12.891645,13.037524,12.847542,13.037524,104200,0.000,0.0,-,10.695023,12.240369,13.008012,13.167123,191024.0
10/25/2013,13.118949,13.118949,12.857724,12.922182,95200,0.000,0.0,-,10.683578,12.205653,12.993933,13.174587,192436.0
10/24/2013,13.176625,13.217335,13.034137,13.061278,115200,0.000,0.0,-,10.672877,12.172028,12.984095,13.195281,192960.0
10/23/2013,13.230905,13.237690,13.156268,13.163054,113400,0.000,0.0,-,10.662131,12.138659,12.969337,13.187817,193208.0
10/22/2013,13.230905,13.291970,13.166447,13.261437,244200,0.000,0.0,-,10.650259,12.103592,12.943892,13.136929,193692.0
10/21/2013,13.444629,13.464983,13.203758,13.224113,821800,0.000,0.0,-,10.638478,12.064870,12.910646,13.080273,189708.0
10/18/2013,13.434454,13.448024,13.366604,13.397137,194000,0.000,0.0,-,10.627368,12.025544,12.873837,13.027349,175176.0
10/17/2013,13.166444,13.356426,13.108771,13.308930,289200,0.000,0.0,-,10.615410,11.982150,12.824306,12.960177,173076.0
10/16/2013,13.200374,13.207159,13.074850,13.169841,297000,0.000,0.0,-,10.603809,11.938564,12.777998,12.902843,169772.0
10/15/2013,13.074848,13.176624,13.010389,13.125735,99400,0.000,0.0,-,10.592270,11.902281,12.731520,12.864506,166576.0
10/14/2013,13.108769,13.200368,13.044312,13.112163,151200,0.000,0.0,-,10.579700,11.865260,12.685890,12.848901,167472.0
10/11/2013,12.915395,13.224116,12.915395,13.129126,120000,0.000,0.0,-,10.567415,11.829254,12.636189,12.813279,167016.0
10/10/2013,12.830583,13.047705,12.772910,12.986639,456800,0.000,0.0,-,10.555312,11.791760,12.582587,12.772908,169032.0
10/09/2013,12.718625,12.796653,12.596494,12.654166,151200,0.000,0.0,-,10.544289,11.755227,12.530342,12.750856,163100.0
10/08/2013,12.711842,12.810225,12.694879,12.694879,205200,0.000,0.0,-,10.534894,11.726895,12.491328,12.750856,161588.0
10/07/2013,12.643991,12.776300,12.627029,12.694879,129400,0.000,0.0,-,10.525864,11.695252,12.438914,12.741018,158704.0
10/04/2013,12.698274,12.779694,12.671133,12.725413,63000,0.000,0.0,-,10.517500,11.664554,12.379375,12.720324,156932.0
10/03/2013,12.722018,12.800046,12.640596,12.735588,155200,0.000,0.0,-,10.508700,11.634055,12.304739,12.688434,157744.0
10/02/2013,12.918787,12.962889,12.772908,12.786477,93800,0.000,0.0,-,10.498731,11.601598,12.227219,12.653152,155692.0
10/01/2013,12.783088,12.986639,12.783088,12.969677,444000,0.000,0.0,-,10.487091,11.569945,12.139183,12.598533,154896.0
09/30/2013,12.647386,12.766126,12.579536,12.755947,227200,0.000,0.0,-,10.474234,11.534493,12.034693,12.522879,147372.0
09/27/2013,12.654170,12.823797,12.623637,12.725413,128800,0.000,0.0,-,10.462362,11.503789,11.935152,12.459099,144284.0
09/26/2013,12.657562,12.772908,12.640598,12.766123,159200,0.000,0.0,-,10.450577,11.471602,11.850300,12.392267,143584.0
09/25/2013,12.572746,12.722017,12.521857,12.654166,298400,0.000,0.0,-,10.437803,11.436240,11.756325,12.309828,142176.0
09/24/2013,12.487938,12.681313,12.365807,12.596499,351800,0.000,0.0,-,10.425407,11.404196,11.667441,12.231800,137752.0
09/23/2013,12.359018,12.538822,12.359018,12.487935,350800,0.000,0.0,-,10.413331,11.373306,11.603714,12.136809,133004.0
09/20/2013,12.416693,12.416693,12.223319,12.406516,407400,0.000,0.0,-,10.401482,11.344046,11.541534,12.038425,127504.0
09/19/2013,12.226712,12.413302,12.213142,12.382769,327600,0.000,0.0,-,10.391141,11.318171,11.490511,11.921043,121804.0
09/18/2013,12.213141,12.297955,12.145290,12.240282,387200,0.000,0.0,-,10.380418,11.293175,11.431565,11.801287,117488.0
09/17/2013,12.118149,12.243672,12.094401,12.213140,271200,0.000,0.0,-,10.369590,11.267586,11.381430,11.679834,112280.0
09/16/2013,12.162252,12.206355,12.094402,12.118150,96800,0.000,0.0,-,10.358981,11.240516,11.331471,11.546507,109680.0
09/13/2013,12.006197,12.063871,11.873889,12.057086,251000,0.000,0.0,-,10.348614,11.214738,11.290649,11.411206,111384.0
09/12/2013,11.836568,12.016372,11.812820,11.941737,231200,0.000,0.0,-,10.338085,11.187347,11.249843,11.308333,106932.0
09/11/2013,11.595696,11.884061,11.521060,11.873884,130200,0.000,0.0,-,10.328132,11.162465,11.222397,11.202821,103852.0
09/10/2013,11.524458,11.687299,11.446429,11.646589,93200,0.000,0.0,-,10.315683,11.137725,11.199187,11.103083,105084.0
09/09/2013,11.273408,11.527848,11.225913,11.504101,104600,0.000,0.0,-,10.303641,11.109297,11.183124,11.070619,112920.0
09/06/2013,11.195378,11.293762,10.907013,11.232697,70800,0.000,0.0,-,10.292029,11.082842,11.170811,11.044642,114740.0
09/05/2013,11.042714,11.225912,11.015575,11.185202,72600,0.000,0.0,-,10.282073,11.059249,11.170549,11.059979,115428.0
09/04/2013,10.876479,11.056283,10.859515,11.025750,278000,0.085,0.0,-,10.271640,11.039644,11.167769,11.061843,120580.0
09/03/2013,10.836004,10.954117,10.792134,10.879875,118000,0.000,0.0,-,10.261873,11.022350,11.184266,11.083027,119056.0
08/30/2013,10.994613,10.994613,10.741513,10.765136,105800,0.000,0.0,-,10.252619,11.012227,11.204008,11.116435,123424.0
08/29/2013,10.916994,11.082353,10.886622,11.028358,60200,0.000,0.0,-,10.244022,11.003047,11.231342,11.170092,124388.0
08/28/2013,10.852875,10.943991,10.751636,10.886621,113600,0.000,0.0,-,10.234125,10.992114,11.242647,11.191352,126132.0
08/27/2013,11.240960,11.288205,10.859624,10.876497,84000,0.000,0.0,-,10.224971,10.987322,11.256315,11.241972,126364.0
08/26/2013,11.230835,11.386070,11.220712,11.321951,94200,0.000,0.0,-,10.215933,10.979830,11.274369,11.295292,127416.0
08/23/2013,11.379318,11.382692,11.166715,11.244331,48800,0.000,0.0,-,10.206061,10.961134,11.263908,11.295629,127316.0
08/22/2013,11.240961,11.389445,11.200464,11.386071,78200,0.000,0.0,-,10.196842,10.945679,11.259690,11.296979,128560.0
08/21/2013,11.213961,11.335449,11.112722,11.203837,81800,0.000,0.0,-,10.186186,10.924958,11.250409,11.281118,129304.0
08/20/2013,11.197092,11.308454,11.139722,11.237587,84000,0.000,0.0,-,10.176556,10.909975,11.245854,11.273694,130816.0
08/19/2013,11.284827,11.389442,11.213960,11.213960,101200,0.000,0.0,-,10.167222,10.895194,11.244166,11.285505,132916.0
08/16/2013,11.170091,11.436689,11.149844,11.301703,174800,0.000,0.0,-,10.154457,10.873731,11.243323,11.291580,133136.0
08/15/2013,11.261211,11.305082,11.183594,11.240964,121400,0.000,0.0,-,10.140855,10.849974,11.239273,11.292593,132160.0
08/14/2013,11.433315,11.440065,11.352323,11.392818,127600,0.000,0.0,-,10.127407,10.824866,11.233030,11.293942,132100.0
08/13/2013,11.318580,11.433318,11.240963,11.409696,137600,0.000,0.0,-,10.112720,10.799354,11.213288,11.270657,136400.0
08/12/2013,11.153215,11.338821,11.143092,11.325323,45000,0.000,0.0,-,10.098213,10.775596,11.195403,11.253446,139212.0
08/09/2013,11.203837,11.301702,11.136344,11.257832,95200,0.000,0.0,-,10.084095,10.752649,11.181736,11.232187,140716.0
08/08/2013,11.217339,11.308454,11.126224,11.227463,89000,0.000,0.0,-,10.070563,10.732401,11.170093,11.222400,141048.0
08/07/2013,11.298328,11.369196,11.099224,11.129596,124000,0.000,0.0,-,10.057780,10.711478,11.164356,11.219700,140888.0
08/06/2013,11.281457,11.389446,11.227462,11.355700,137200,0.000,0.0,-,10.045403,10.694267,11.164525,11.218013,141752.0
08/05/2013,11.264583,11.284830,11.220712,11.274707,144200,0.000,0.0,-,10.031415,10.669514,11.144783,11.202827,142420.0
08/02/2013,11.227462,11.406318,11.153220,11.311829,128400,0.000,0.0,-,10.017517,10.648059,11.124029,11.195066,143064.0
08/01/2013,11.217338,11.311828,11.072228,11.254458,220800,0.000,0.0,-,10.003085,10.627875,11.099900,11.185954,143572.0
07/31/2013,11.261208,11.294955,11.149845,11.159968,160200,0.000,0.0,-,9.989272,10.609241,11.071553,11.172118,142144.0
07/30/2013,11.159970,11.267959,11.048607,11.237587,75600,0.000,0.0,-,9.975516,10.592698,11.048437,11.155920,141516.0
07/29/2013,11.105977,11.193717,11.062106,11.112726,61000,0.000,0.0,-,9.961057,10.570508,11.018403,11.137359,145240.0
07/26/2013,11.105974,11.186966,11.011484,11.159968,40800,0.000,0.0,-,9.947571,10.548870,10.974026,11.131285,154196.0
07/25/2013,11.075603,11.267958,11.021609,11.200465,103600,0.000,0.0,-,9.933865,10.525749,10.925093,11.117786,158984.0
07/24/2013,11.213965,11.298332,11.072231,11.112726,52600,0.000,0.0,-,9.920155,10.501416,10.867724,11.109012,160256.0
07/23/2013,11.193713,11.224084,11.116096,11.203837,54000,0.000,0.0,-,9.906321,10.476556,10.822335,11.111036,161584.0
07/22/2013,11.224089,11.244337,11.163346,11.197092,67800,0.000,0.0,-,9.892230,10.448933,10.770197,11.086739,163000.0
07/19/2013,11.095849,11.227460,10.994610,11.220711,72800,0.000,0.0,-,9.878040,10.418157,10.729026,11.052992,164216.0
07/18/2013,11.014857,11.193713,10.991235,11.116096,93800,0.000,0.0,-,9.863781,10.386372,10.683299,11.013846,166068.0
07/17/2013,11.078979,11.078979,10.943992,10.997987,88800,0.000,0.0,-,9.850178,10.355672,10.651578,10.970989,168440.0
07/16/2013,11.035108,11.116099,10.997987,11.051981,77200,0.000,0.0,-,9.836752,10.324515,10.634030,10.940954,168204.0
07/15/2013,11.021609,11.102601,10.994613,11.051981,114400,0.000,0.0,-,9.823204,10.291876,10.606526,10.899446,171296.0
07/12/2013,11.102600,11.126222,11.021607,11.024981,75800,0.000,0.0,-,9.810950,10.253532,10.573286,10.816767,171864.0
07/11/2013,11.203842,11.203842,11.068855,11.112726,122400,0.000,0.0,-,9.798367,10.212976,10.545614,10.732401,176132.0
07/10/2013,10.927117,11.156593,10.927117,11.132971,111800,0.000,0.0,-,9.785578,10.176168,10.507480,10.626436,178568.0
07/09/2013,10.886622,10.967614,10.771885,10.960865,126800,0.000,0.0,-,9.773333,10.138553,10.473565,10.533633,184340.0
07/08/2013,10.873121,10.964237,10.812377,10.859622,141200,0.000,0.0,-,9.762497,10.103911,10.450449,10.453654,184436.0
07/05/2013,10.798882,10.832628,10.545783,10.829254,182000,0.000,0.0,-,9.751835,10.071293,10.414509,10.405059,184664.0
07/03/2013,10.674019,10.711141,10.562656,10.687518,28400,0.000,0.0,-,9.741491,10.040155,10.378737,10.352752,184080.0
07/02/2013,10.657146,10.788757,10.606527,10.697642,77200,0.000,0.0,-,9.731226,10.013328,10.343641,10.332167,185372.0
07/01/2013,10.245440,10.734764,10.245440,10.636899,191800,0.000,0.0,-,9.720395,9.983816,10.314619,10.327105,186748.0
06/28/2013,10.144198,10.238688,10.113826,10.225189,485000,0.000,0.0,-,9.709869,9.955115,10.293865,10.313607,185892.0
06/27/2013,10.137448,10.215065,10.117200,10.181318,195600,0.000,0.0,-,9.701268,9.932166,10.291503,10.329805,180960.0
06/26/2013,10.248813,10.252187,10.053083,10.053083,105200,0.000,0.0,-,9.692687,9.909423,10.294709,10.358827,183488.0
06/25/2013,10.208316,10.235313,10.127324,10.204941,330200,0.000,0.0,-,9.684516,9.892197,10.301120,10.388524,185996.0
06/24/2013,10.275811,10.309557,10.130701,10.161073,201800,0.000,0.0,-,9.674391,9.869452,10.304326,10.413497,184948.0
06/21/2013,10.339930,10.447918,10.184696,10.373676,336400,0.000,0.0,-,9.663722,9.850133,10.302175,10.447243,185768.0
06/20/2013,10.343305,10.373676,10.188071,10.306184,154000,0.000,0.0,-,9.652122,9.826496,10.293588,10.423958,183780.0
06/19/2013,10.647020,10.647020,10.431042,10.481662,147400,0.000,0.0,-,9.640448,9.804276,10.293410,10.404722,190016.0
06/18/2013,10.522162,10.731390,10.420923,10.647024,125200,0.000,0.0,-,9.628111,9.777540,10.285465,10.355115,190496.0
06/17/2013,10.474918,10.522163,10.410799,10.501915,136600,0.000,0.0,-,9.614832,9.751053,10.269755,10.302133,189900.0
06/14/2013,10.485038,10.501912,10.336553,10.387174,89200,0.000,0.0,-,9.602393,9.726462,10.251065,10.274123,190624.0
06/13/2013,10.346678,10.505286,10.299433,10.471540,111000,0.000,0.0,-,9.590544,9.706783,10.233246,10.253200,191028.0
06/12/2013,10.481666,10.512038,10.279187,10.350055,115400,0.000,0.0,-,9.578307,9.684343,10.209866,10.230590,191196.0
06/11/2013,10.431043,10.539031,10.309555,10.454665,157400,0.000,0.0,-,9.567072,9.666145,10.191554,10.213717,191852.0
06/10/2013,10.144198,10.508661,10.100328,10.498537,189000,0.000,0.0,-,9.555809,9.647264,10.162306,10.195156,197400.0
06/07/2013,10.184692,10.211689,10.080078,10.140821,112200,0.000,0.0,-,9.544655,9.627708,10.128515,10.157107,196608.0
06/06/2013,10.019338,10.123952,10.002464,10.113828,126000,0.000,0.0,-,9.535570,9.612151,10.104389,10.163219,196448.0
06/05/2013,10.113825,10.123950,9.965341,9.985589,118400,0.000,0.0,-,9.525813,9.596932,10.080269,10.182098,195944.0
06/04/2013,10.228564,10.336553,10.076705,10.117201,342600,0.000,0.0,-,9.516648,9.584681,10.060045,10.215815,197484.0
06/03/2013,10.191445,10.258938,10.107079,10.221817,278200,0.000,0.0,-,9.506759,9.572549,10.026192,10.237377,191524.0
05/31/2013,10.174573,10.262314,10.171199,10.177948,120200,0.000,0.0,-,9.496775,9.557654,9.986102,10.228007,187232.0
05/30/2013,10.177947,10.282561,10.174572,10.245440,111800,0.000,0.0,-,9.487076,9.545650,9.933943,10.213291,187848.0
05/29/2013,10.245437,10.245437,10.086828,10.181318,81000,0.085,0.0,-,9.476973,9.531223,9.871530,10.189141,188536.0
05/28/2013,10.225433,10.376449,10.212010,10.269060,167200,0.000,0.0,-,9.467307,9.518278,9.826082,10.169391,188436.0
05/24/2013,10.188522,10.195233,10.074421,10.118048,170600,0.000,0.0,-,9.457186,9.504788,9.775240,10.129455,190372.0
05/23/2013,10.242214,10.279128,10.158316,10.201942,176400,0.000,0.0,-,9.447737,9.494720,9.730774,10.099923,189932.0
05/22/2013,10.299265,10.446924,10.205299,10.302621,153800,0.000,0.0,-,9.437539,9.482303,9.682114,10.045558,189020.0
05/21/2013,10.319400,10.369738,10.185164,10.322756,149400,0.000,0.0,-,9.426328,9.467671,9.630601,9.978440,189380.0
05/20/2013,10.074418,10.332823,10.074418,10.332823,128800,0.000,0.0,-,9.415674,9.452570,9.581772,9.904274,189520.0
05/17/2013,10.067706,10.232145,10.050926,10.128112,261800,0.000,0.0,-,9.407227,9.437200,9.526232,9.815007,191656.0
05/16/2013,10.060994,10.101266,10.007300,10.030791,508800,0.000,0.0,-,9.401401,9.426125,9.479920,9.744198,188404.0
05/15/2013,9.956961,10.081130,9.946893,10.003943,280200,0.000,0.0,-,9.396440,9.416863,9.432267,9.654596,179840.0
05/14/2013,9.889845,9.990522,9.829439,9.983810,167200,0.000,0.0,-,9.390032,9.408004,9.384277,9.553919,178460.0
05/13/2013,9.779099,9.896555,9.732116,9.869708,119000,0.000,0.0,-,9.383906,9.398813,9.344678,9.482773,179724.0
05/10/2013,9.691847,9.859642,9.678423,9.822727,124800,0.000,0.0,-,9.378762,9.391237,9.304575,9.421025,182040.0
05/09/2013,9.648221,9.765678,9.614662,9.658289,128600,0.000,0.0,-,9.374611,9.383933,9.273197,9.361625,183408.0
05/08/2013,9.564322,9.644863,9.527407,9.631440,165400,0.000,0.0,-,9.371957,9.379585,9.249873,9.318669,185008.0
05/07/2013,9.480423,9.591167,9.406593,9.581100,212400,0.000,0.0,-,9.370377,9.374439,9.228060,9.282761,191540.0
05/06/2013,9.393171,9.473712,9.366323,9.440153,77000,0.000,0.0,-,9.368965,9.369299,9.206247,9.259270,193540.0
05/03/2013,9.252223,9.463645,9.252223,9.420018,231800,0.000,0.0,-,9.367929,9.372049,9.200374,9.237456,197112.0
05/02/2013,9.057582,9.188462,8.960261,9.134768,142800,0.000,0.0,-,9.366648,9.373200,9.192991,9.215643,198700.0
05/01/2013,9.215307,9.279069,8.983750,8.997173,289200,0.000,0.0,-,9.367090,9.384326,9.206415,9.209938,201024.0
04/30/2013,9.269004,9.292495,9.208597,9.272359,244200,0.000,0.0,-,9.367791,9.399138,9.224033,9.214636,202736.0
04/29/2013,9.396527,9.503916,9.171681,9.252223,400400,0.000,0.0,-,9.367166,9.402909,9.232423,9.206582,203500.0
04/26/2013,9.245508,9.262288,9.144832,9.228729,131600,0.000,0.0,-,9.366674,9.404213,9.245343,9.188124,205128.0
04/25/2013,9.272356,9.292492,9.198526,9.228729,152600,0.000,0.0,-,9.366217,9.400850,9.259941,9.184769,213840.0
04/24/2013,9.336121,9.359612,9.215309,9.272359,152800,0.000,0.0,-,9.366057,9.407294,9.266653,9.181077,217960.0
04/23/2013,9.279069,9.393170,9.245510,9.346188,93000,0.000,0.0,-,9.366223,9.413133,9.270680,9.173359,226112.0
04/22/2013,9.205238,9.265644,9.030731,9.222017,146000,0.000,0.0,-,9.366035,9.416361,9.272022,9.153224,240448.0
04/19/2013,9.107919,9.211952,9.071004,9.201884,149000,0.000,0.0,-,9.365761,9.459969,9.286453,9.163291,243292.0
04/18/2013,9.087783,9.144833,9.017309,9.077715,238400,0.000,0.0,-,9.364302,9.501378,9.300212,9.170339,242684.0
04/17/2013,9.111274,9.242154,8.873005,9.044156,322000,0.000,0.0,-,9.362163,9.545604,9.325214,9.202891,241616.0
04/16/2013,9.154904,9.208598,9.067650,9.191818,230600,0.000,0.0,-,9.359945,9.589167,9.349208,9.233430,240732.0
04/15/2013,9.178393,9.225375,8.990462,9.067648,277800,0.000,0.0,-,9.356428,9.632645,9.366323,9.258264,239600.0
04/12/2013,9.178392,9.208595,9.131409,9.195171,242800,0.000,0.0,-,9.353269,9.675672,9.392667,9.302562,240960.0
04/11/2013,9.161615,9.205242,9.134768,9.191818,237000,0.000,0.0,-,9.350180,9.713412,9.413642,9.335114,238604.0
04/10/2013,9.171680,9.222019,9.161612,9.195171,465800,0.000,0.0,-,9.346730,9.751686,9.433106,9.352229,236816.0
04/09/2013,9.315987,9.315987,9.131412,9.144835,171400,0.000,0.0,-,9.343592,9.788025,9.451899,9.368002,229436.0
04/08/2013,9.305917,9.373035,9.215307,9.322697,95400,0.000,0.0,-,9.340969,9.825104,9.473041,9.390821,227836.0
04/05/2013,9.262292,9.312630,9.218665,9.272359,172800,0.000,0.0,-,9.336403,9.860761,9.485122,9.409614,229404.0
04/04/2013,9.379748,9.413307,9.332765,9.403239,109400,0.000,0.0,-,9.332368,9.892821,9.500224,9.430085,227492.0
04/03/2013,9.446864,9.450220,9.309272,9.349544,119400,0.000,0.0,-,9.326938,9.923063,9.508445,9.447536,229784.0
04/02/2013,9.530763,9.597881,9.406595,9.440153,148200,0.000,0.0,-,9.321365,9.950644,9.519016,9.464987,231760.0
04/01/2013,9.530763,9.530763,9.376392,9.510628,434800,0.000,0.0,-,9.315931,9.976279,9.523222,9.474383,231152.0
03/28/2013,9.403239,9.567678,9.326053,9.520696,149400,0.000,0.0,-,9.309882,10.000170,9.522236,9.482772,224432.0
03/27/2013,9.285781,9.379746,9.238799,9.362967,104200,0.000,0.0,-,9.304622,10.025128,9.519079,9.492169,223748.0
03/26/2013,9.413304,9.426728,9.299204,9.352899,100800,0.000,0.0,-,9.299575,10.053841,9.522974,9.513982,224780.0
03/25/2013,9.530761,9.530761,9.356254,9.373034,195400,0.000,0.0,-,9.294660,10.081755,9.524037,9.535796,226524.0
03/22/2013,9.477069,9.534119,9.463645,9.510628,44600,0.000,0.0,-,9.288212,10.109933,9.521591,9.555260,224416.0
03/21/2013,9.510626,9.594524,9.409949,9.477067,63600,0.000,0.0,-,9.281355,10.137961,9.524942,9.560629,226688.0
03/20/2013,9.540830,9.634795,9.540830,9.577745,151000,0.000,0.0,-,9.274552,10.164192,9.524966,9.570362,229776.0
03/19/2013,9.554256,9.597883,9.420020,9.524053,146200,0.000,0.0,-,9.268018,10.190745,9.530633,9.569355,229608.0
03/18/2013,9.483774,9.591162,9.480418,9.534112,76000,0.000,0.0,-,9.261293,10.220306,9.541319,9.573046,233488.0
03/15/2013,9.584457,9.671711,9.547543,9.594525,264000,0.000,0.0,-,9.254846,10.249733,9.537658,9.572062,236568.0
03/14/2013,9.564323,9.624729,9.500560,9.614661,148600,0.000,0.0,-,9.248032,10.277618,9.523803,9.561700,237336.0
03/13/2013,9.571032,9.594523,9.480423,9.581100,130800,0.000,0.0,-,9.241166,10.302565,9.496098,9.545989,237860.0
03/12/2013,9.547540,9.574388,9.497201,9.571032,171800,0.000,0.0,-,9.233846,10.323179,9.494591,9.531966,238532.0
03/11/2013,9.520693,9.567676,9.483778,9.567676,156400,0.000,0.0,-,9.226953,10.344862,9.494254,9.512278,240460.0
03/08/2013,9.658288,9.678423,9.547543,9.564322,235600,0.000,0.0,-,9.220551,10.367679,9.491250,9.487922,241368.0
03/07/2013,9.567680,9.604595,9.524053,9.574392,99200,0.000,0.0,-,9.213610,10.392032,9.583156,9.489254,238616.0
03/06/2013,9.604591,9.631438,9.487134,9.567676,80600,0.085,0.0,-,9.206962,10.416049,9.668053,9.479571,246892.0
03/05/2013,9.564302,9.664381,9.504254,9.560966,211200,0.000,0.0,-,9.201656,10.442469,9.754120,9.491911,250356.0
03/04/2013,9.444206,9.557630,9.347463,9.524270,230400,0.000,0.0,-,9.196514,10.471693,9.837186,9.509591,250700.0
03/01/2013,9.424189,9.494245,9.330781,9.490910,234800,0.000,0.0,-,9.191213,10.500516,9.929259,9.503253,249728.0
02/28/2013,9.424191,9.534279,9.340791,9.457551,193200,0.000,0.0,-,9.186520,10.525536,10.015662,9.485906,248956.0
02/27/2013,9.340791,9.527606,9.340791,9.440870,208600,0.000,0.0,-,9.181977,10.545552,10.096893,9.446207,248316.0
02/26/2013,9.387493,9.614341,9.364141,9.374149,492000,0.000,0.0,-,9.177534,10.564700,10.180126,9.457216,246652.0
02/25/2013,9.590991,9.607671,9.324112,9.324112,312400,0.000,0.0,-,9.173671,10.584849,10.262025,9.476231,240132.0
02/22/2013,9.507591,9.580982,9.454215,9.577646,255600,0.000,0.0,-,9.169632,10.605733,10.345759,9.494579,238696.0
02/21/2013,9.667714,9.691065,9.440866,9.477562,311200,0.000,0.0,-,9.164374,10.618410,10.422153,9.677057,236548.0
02/20/2013,9.714424,9.827847,9.691072,9.691072,259000,0.000,0.0,-,9.160271,10.632354,10.492042,9.856534,233052.0
02/19/2013,9.447541,9.737773,9.447541,9.737773,374800,0.000,0.0,-,9.155870,10.642162,10.553258,10.016329,230448.0
02/15/2013,9.357471,9.510927,9.357471,9.460887,282400,0.000,0.0,-,9.151366,10.649768,10.602797,10.164781,226124.0
02/14/2013,9.057228,9.324108,9.057228,9.317436,481800,0.000,0.0,-,9.148671,10.667315,10.665847,10.355266,225648.0
02/13/2013,9.380821,9.444204,9.020533,9.060565,567200,0.000,0.0,-,9.150048,10.685730,10.735236,10.545418,221184.0
02/12/2013,9.587651,9.661043,9.537611,9.550955,358600,0.000,0.0,-,9.151841,10.706013,10.820638,10.747579,215648.0
02/11/2013,9.550955,9.771132,9.280740,9.564300,560400,0.000,0.0,-,9.150954,10.716822,10.883021,10.903037,214624.0
02/08/2013,11.369078,11.385758,9.460887,9.507591,809800,0.000,0.0,-,9.149804,10.726429,10.942235,11.047820,208700.0
02/07/2013,11.258986,11.402434,11.082179,11.402434,288200,0.000,0.0,-,9.148561,10.735303,11.005952,11.196939,197464.0
02/06/2013,11.228963,11.302355,11.142228,11.272331,118600,0.000,0.0,-,9.138482,10.706280,10.981433,11.167249,200024.0
02/05/2013,11.258989,11.352396,11.225629,11.289013,185000,0.000,0.0,-,9.129217,10.668514,10.957247,11.127550,198872.0
02/04/2013,11.299021,11.345724,11.158909,11.222293,277800,0.000,0.0,-,9.120539,10.627496,10.938065,11.090187,197652.0
02/01/2013,11.235636,11.409108,11.215620,11.365740,174000,0.000,0.0,-,9.113422,10.586684,10.927056,11.040814,194064.0
01/31/2013,11.048818,11.248978,11.038810,11.218954,345800,0.000,0.0,-,9.104475,10.544198,10.909042,10.976429,193060.0
01/30/2013,11.062166,11.155574,11.002118,11.082183,125000,0.000,0.0,-,9.096180,10.501795,10.897533,10.925055,189716.0
01/29/2013,11.015462,11.108869,10.948741,11.105534,147600,0.000,0.0,-,9.089534,10.461596,10.886524,10.893696,189440.0
01/28/2013,10.982100,11.085516,10.922053,11.012124,96800,0.000,0.0,-,9.082346,10.420068,10.861838,10.863005,188796.0
01/25/2013,11.158908,11.158908,10.952077,10.998780,91400,0.000,0.0,-,9.074546,10.380740,10.843990,10.836650,190612.0
01/24/2013,10.868678,11.138893,10.845325,11.105534,173800,0.000,0.0,-,9.067843,10.341745,10.829478,10.814966,192560.0
01/23/2013,10.882017,10.995441,10.875345,10.875345,77200,0.000,0.0,-,9.061588,10.300747,10.813299,10.795617,190744.0
01/22/2013,10.705214,10.932062,10.695207,10.915382,224000,0.000,0.0,-,9.056156,10.264619,10.808295,10.786944,191632.0
01/18/2013,10.705211,10.755252,10.701876,10.728563,218200,0.000,0.0,-,9.051751,10.233263,10.806960,10.785943,191128.0
01/17/2013,10.715218,10.768594,10.661842,10.721890,117800,0.000,0.0,-,9.048984,10.206704,10.821639,10.813299,188932.0
01/16/2013,10.738572,10.738572,10.675189,10.705213,98800,0.000,0.0,-,9.045497,10.177360,10.833815,10.841655,189292.0
01/15/2013,10.758589,10.805293,10.711885,10.768597,115200,0.000,0.0,-,9.042029,10.148814,10.835650,10.870011,190024.0
01/14/2013,10.758587,10.815298,10.691867,10.798618,155800,0.000,0.0,-,9.038537,10.120858,10.820137,10.879352,197288.0
01/11/2013,10.805290,10.805290,10.675187,10.748579,188000,0.000,0.0,-,9.034929,10.078104,10.800121,10.860671,196844.0
01/10/2013,10.948740,11.008788,10.731900,10.781940,90000,0.000,0.0,-,9.031620,10.034759,10.781773,10.851330,194580.0
01/09/2013,10.811964,10.938732,10.808629,10.912044,158200,0.000,0.0,-,9.026901,9.990149,10.761090,10.843991,194160.0
01/08/2013,10.898702,10.972094,10.778607,10.788614,218000,0.000,0.0,-,9.021008,9.941014,10.726062,10.830980,196380.0
01/07/2013,10.912047,10.988774,10.892032,10.905375,142600,0.000,0.0,-,9.016059,9.895408,10.695371,10.829645,193320.0
01/04/2013,11.042147,11.042147,10.985436,11.002115,340200,0.000,0.0,-,9.010231,9.847335,10.659175,10.827977,192212.0
01/03/2013,11.008787,11.042146,10.942066,11.005451,230000,0.000,0.0,-,9.004297,9.798322,10.614973,10.829979,188660.0
01/02/2013,11.032145,11.108872,10.882024,10.988776,302400,0.000,0.0,-,8.997724,9.751630,10.581613,10.825976,186068.0
12/31/2012,10.561768,10.915384,10.561768,10.862008,174800,0.000,0.0,-,8.991267,9.704941,10.544083,10.801289,181716.0
12/28/2012,10.601796,10.768596,10.595124,10.611804,164400,0.000,0.0,-,8.984741,9.658863,10.504718,10.760923,179668.0
12/27/2012,10.691867,10.878683,10.575108,10.655171,268200,0.000,0.0,-,8.979367,9.616528,10.478698,10.739572,178648.0
12/26/2012,10.785277,10.928723,10.615140,10.708548,201800,0.000,0.0,-,8.973859,9.571933,10.448173,10.712217,177100.0
12/24/2012,10.728565,10.875348,10.601797,10.781940,98000,0.000,0.0,-,8.968443,9.527597,10.410310,10.678190,174848.0
12/21/2012,11.088850,11.088850,10.641826,10.775266,513000,0.000,0.0,-,8.962333,9.480135,10.368777,10.621144,175268.0
12/20/2012,11.048818,11.078842,10.811962,10.888690,253800,0.000,0.0,-,8.955570,9.431546,10.299216,10.561096,168080.0
12/19/2012,10.938736,11.085519,10.778608,11.022136,228400,0.000,0.0,-,8.947536,9.382081,10.216687,10.490373,164724.0
12/18/2012,10.735236,10.975429,10.661844,10.965420,181800,0.000,0.0,-,8.939876,9.330014,10.124665,10.399967,162316.0
12/17/2012,10.475026,10.758586,10.465019,10.741906,196200,0.000,0.0,-,8.932451,9.279877,10.038465,10.337251,161792.0
12/14/2012,10.341586,10.518394,10.244842,10.458346,161200,0.000,0.0,-,8.927706,9.231955,9.956309,10.286878,159976.0
12/13/2012,10.374945,10.445001,10.351594,10.398297,125400,0.000,0.0,-,8.924444,9.190501,9.887005,10.248514,158280.0
12/12/2012,10.384955,10.458347,10.291547,10.381619,166000,0.000,0.0,-,8.921791,9.149716,9.818546,10.217823,159948.0
12/11/2012,10.258188,10.374948,10.234836,10.368276,240600,0.000,0.0,-,8.919026,9.109464,9.751751,10.184130,159376.0
12/10/2012,10.174792,10.258192,10.141431,10.211488,148200,0.000,0.0,-,8.917418,9.070010,9.685788,10.142430,165156.0
12/07/2012,10.194802,10.211483,10.108066,10.174787,136400,0.000,0.0,-,8.916171,9.032033,9.627997,10.116409,167384.0
12/06/2012,10.104730,10.181458,10.061361,10.181458,128800,0.000,0.0,-,8.914929,8.995387,9.572704,10.037336,169012.0
12/05/2012,10.014663,10.214822,10.004654,10.118078,158600,0.000,0.0,-,8.913979,8.963782,9.531010,9.943000,168368.0
12/04/2012,10.241509,10.338253,10.194805,10.338253,258600,0.000,0.0,-,8.913964,8.931587,9.495138,9.849364,171368.0
12/03/2012,10.171453,10.241510,10.078045,10.238173,258600,0.000,0.0,-,8.913157,8.895918,9.440960,9.739680,167640.0
11/30/2012,10.108070,10.148103,10.038015,10.074711,290400,0.000,0.0,-,8.912476,8.864837,9.392946,9.625741,165280.0
11/29/2012,10.174791,10.174791,10.014663,10.091391,307400,0.000,0.0,-,8.912108,8.839215,9.357750,9.525495,161992.0
11/28/2012,9.957950,10.134758,9.924590,10.044686,264200,0.085,0.0,-,8.910339,8.811933,9.286227,9.419269,157444.0
11/27/2012,9.951277,10.024253,9.924740,9.951277,248000,0.000,0.0,-,8.909113,8.786248,9.213058,9.319371,156048.0
11/26/2012,9.914789,9.957911,9.785422,9.951277,416200,0.000,0.0,-,8.908776,8.759910,9.143068,9.229146,155752.0
11/23/2012,9.287859,9.384055,9.188347,9.384055,61000,0.000,0.0,-,8.908114,8.731516,9.068267,9.139585,149196.0
11/21/2012,9.224832,9.297809,9.085514,9.238101,124000,0.000,0.0,-,8.910321,8.714466,9.024482,9.108073,149504.0
11/20/2012,9.201614,9.234785,9.112052,9.181711,98400,0.000,0.0,-,8.912070,8.699805,8.987662,9.119019,148944.0
11/19/2012,9.188344,9.251369,9.118685,9.241418,123800,0.000,0.0,-,8.914686,8.685475,8.956150,9.140912,149484.0
11/16/2012,9.062297,9.125322,8.909711,9.098785,178600,0.000,0.0,-,8.915312,8.669022,8.927623,9.142239,154640.0
11/15/2012,9.049030,9.075567,8.959468,9.072249,111200,0.000,0.0,-,8.916878,8.650645,8.905398,9.160151,154472.0
11/14/2012,9.035761,9.078883,8.942882,9.029126,115400,0.000,0.0,-,8.917113,8.629748,8.879691,9.190005,159332.0
11/13/2012,8.962785,9.115371,8.913029,9.045712,187600,0.000,0.0,-,8.917530,8.610240,8.852988,9.153185,159476.0
11/12/2012,9.058980,9.112054,8.850004,9.049029,188800,0.000,0.0,-,8.917979,8.588753,8.821973,9.106745,158000.0
11/09/2012,9.049027,9.214882,9.005905,9.055661,83000,0.000,0.0,-,8.918411,8.568056,8.794110,9.056989,158228.0
11/08/2012,9.304445,9.440446,9.065614,9.068932,121600,0.000,0.0,-,8.918729,8.546765,8.761768,8.996950,159528.0
11/07/2012,9.208249,9.447079,9.135273,9.347567,198800,0.000,0.0,-,8.918329,8.525670,8.725612,8.940891,160356.0
11/06/2012,9.261322,9.453713,9.234785,9.400640,108400,0.000,0.0,-,8.916048,8.499069,8.679007,8.856305,162304.0
11/05/2012,9.241421,9.450398,9.145225,9.254689,135800,0.000,0.0,-,8.913778,8.471537,8.629914,8.771387,161572.0
11/02/2012,9.407273,9.450395,9.248053,9.277906,135400,0.000,0.0,-,8.912076,8.448506,8.590108,8.713007,162256.0
11/01/2012,8.674194,9.453710,8.674194,9.370783,478400,0.000,0.0,-,8.910029,8.426987,8.543503,8.650645,162524.0
10/31/2012,8.584635,8.660929,8.524928,8.660929,133600,0.000,0.0,-,8.906590,8.404927,8.494245,8.569377,155848.0
10/26/2012,8.561416,8.597904,8.488440,8.581319,74800,0.000,0.0,-,8.906376,8.398185,8.479152,8.552792,156132.0
10/25/2012,8.524930,8.551467,8.432051,8.551467,69000,0.000,0.0,-,8.907015,8.389807,8.468537,8.537201,158580.0
10/24/2012,8.518291,8.571364,8.425412,8.455266,269200,0.000,0.0,-,8.906973,8.381828,8.460742,8.531230,162772.0
10/23/2012,8.428733,8.524929,8.375659,8.508343,65000,0.000,0.0,-,8.907347,8.375510,8.453610,8.526587,161908.0
10/22/2012,8.538194,8.558097,8.465219,8.501706,87200,0.000,0.0,-,8.906772,8.369843,8.445318,8.510333,163156.0
10/19/2012,8.607858,8.631077,8.432051,8.551467,162600,0.000,0.0,-,8.906475,8.364573,8.450293,8.501709,163340.0
10/18/2012,8.641026,8.717320,8.624441,8.670880,100400,0.000,0.0,-,8.906189,8.358043,8.448137,8.488440,162312.0
10/17/2012,8.554782,8.654295,8.511660,8.654295,84800,0.000,0.0,-,8.905648,8.349587,8.442332,8.467210,162980.0
10/16/2012,8.528244,8.591269,8.514976,8.558098,72400,0.000,0.0,-,8.905125,8.341396,8.443825,8.436361,163732.0
10/15/2012,8.425417,8.541515,8.405515,8.495076,113400,0.000,0.0,-,8.903586,8.334800,8.455600,8.419112,164992.0
10/12/2012,8.501708,8.524928,8.415464,8.425415,190800,0.000,0.0,-,8.902605,8.328147,8.467210,8.405512,165796.0
10/11/2012,8.471853,8.541512,8.435365,8.491755,89200,0.000,0.0,-,8.901323,8.320845,8.483961,8.399873,166324.0
10/10/2012,8.349124,8.428734,8.332539,8.408832,119000,0.000,0.0,-,8.901075,8.314851,8.491093,8.390254,171252.0
10/09/2012,8.415463,8.415463,8.276146,8.345804,153600,0.000,0.0,-,8.901144,8.319541,8.497230,8.380634,174560.0
10/08/2012,8.362388,8.445316,8.335852,8.415462,86000,0.000,0.0,-,8.901887,8.331882,8.506518,8.380302,173584.0
10/05/2012,8.478486,8.558096,8.369022,8.418778,108000,0.000,0.0,-,8.901044,8.344345,8.510996,8.398878,175536.0
10/04/2012,8.365708,8.461904,8.279463,8.458587,155600,0.000,0.0,-,8.900185,8.350417,8.513318,8.407835,177072.0
10/03/2012,8.392243,8.398878,8.286096,8.345804,105400,0.000,0.0,-,8.897142,8.356418,8.511327,8.417454,176324.0
10/02/2012,8.385611,8.385611,8.322586,8.385611,76400,0.000,0.0,-,8.895444,8.366321,8.503035,8.451288,176484.0
10/01/2012,8.405514,8.405514,8.325904,8.359075,208800,0.000,0.0,-,8.892993,8.378459,8.485122,8.492088,177312.0
09/28/2012,8.345804,8.432048,8.276145,8.369023,137400,0.000,0.0,-,8.890349,8.393828,8.469854,8.528908,176700.0
09/27/2012,8.332537,8.448635,8.252926,8.395561,529600,0.000,0.0,-,8.888698,8.412754,8.449972,8.568050,176440.0
09/26/2012,8.352442,8.388930,8.259563,8.312636,259600,0.000,0.0,-,8.887873,8.430819,8.430903,8.591933,167716.0
09/25/2012,8.617803,8.700730,8.329216,8.342484,217800,0.000,0.0,-,8.887887,8.449225,8.414828,8.613825,165052.0
09/24/2012,8.491758,8.667564,8.428733,8.601222,96600,0.000,0.0,-,8.886530,8.465651,8.398413,8.632733,162880.0
09/21/2012,8.660929,8.660929,8.461904,8.508343,308600,0.000,0.0,-,8.885573,8.478088,8.369226,8.623113,164268.0
09/20/2012,8.627759,8.657613,8.534880,8.554783,72200,0.000,0.0,-,8.885193,8.490670,8.345012,8.618801,160884.0
09/19/2012,8.806878,8.806878,8.677512,8.684146,140600,0.000,0.0,-,8.885054,8.502520,8.322429,8.605200,161880.0
09/18/2012,8.697415,8.823464,8.697415,8.793611,126000,0.000,0.0,-,8.881647,8.511915,8.298319,8.554781,161868.0
09/17/2012,8.737221,8.737221,8.664245,8.727269,80000,0.000,0.0,-,8.877547,8.518792,8.272030,8.478156,165144.0
09/14/2012,8.674198,8.796931,8.621125,8.760443,194400,0.000,0.0,-,8.874251,8.528181,8.251857,8.410801,169748.0
09/13/2012,8.524928,8.757124,8.448634,8.634392,233200,0.000,0.0,-,8.867290,8.539080,8.221956,8.331893,170008.0
09/12/2012,8.538195,8.581318,8.471854,8.531561,88400,0.000,0.0,-,8.861545,8.552566,8.197863,8.269873,167820.0
09/11/2012,8.481805,8.604537,8.422097,8.531561,76400,0.000,0.0,-,8.854915,8.565277,8.178253,8.215830,169924.0
09/10/2012,8.451951,8.574684,8.451951,8.505025,96000,0.000,0.0,-,8.848415,8.572848,8.162924,8.164093,172644.0
09/07/2012,8.451951,8.465219,8.412146,8.465219,125400,0.000,0.0,-,8.843317,8.575746,8.149582,8.115338,173604.0
09/06/2012,8.213119,8.441999,8.186582,8.418778,381600,0.000,0.0,-,8.838694,8.578452,8.137571,8.071223,173184.0
09/05/2012,8.004144,8.196535,8.004144,8.179950,170200,0.085,0.0,-,8.837020,8.579847,8.129035,8.039658,170920.0
09/04/2012,8.047127,8.089948,7.885724,8.027364,354200,0.000,0.0,-,8.837688,8.584964,8.132276,8.041857,170548.0
08/31/2012,8.043836,8.076776,7.951606,8.053719,122600,0.000,0.0,-,8.840154,8.595966,8.142322,8.065903,168412.0
08/30/2012,7.977953,8.001012,7.938426,7.971366,113800,0.000,0.0,-,8.843442,8.604925,8.147757,8.092913,175240.0
08/29/2012,7.991129,8.030656,7.928544,8.014187,200200,0.000,0.0,-,8.845266,8.616849,8.152204,8.112018,174628.0
08/28/2012,8.001013,8.010895,7.941722,7.991131,148000,0.000,0.0,-,8.847749,8.628971,8.161098,8.125852,173240.0
08/27/2012,8.040538,8.057008,7.961484,8.014187,163000,0.000,0.0,-,8.849668,8.637338,8.193708,8.140675,173072.0
08/24/2012,7.997717,8.076772,7.912074,8.017481,296200,0.000,0.0,-,8.849613,8.646363,8.241141,8.161756,174232.0
08/23/2012,8.089948,8.116300,7.994424,8.024070,71800,0.000,0.0,-,8.851546,8.652358,8.292197,8.183826,170716.0
08/22/2012,8.178884,8.198648,8.057008,8.103124,170000,0.000,0.0,-,8.852234,8.656574,8.327113,8.203919,172936.0
08/21/2012,8.271120,8.304059,8.175595,8.201946,148800,0.000,0.0,-,8.852833,8.661581,8.359888,8.218412,173320.0
08/20/2012,8.307347,8.333699,8.198647,8.267820,144600,0.000,0.0,-,8.853408,8.663558,8.391839,8.222694,174604.0
08/17/2012,8.142650,8.336994,8.076772,8.323818,147800,0.000,0.0,-,8.852990,8.667576,8.428073,8.218742,174548.0
08/16/2012,8.126180,8.188765,8.063595,8.162414,197200,0.000,0.0,-,8.852663,8.668169,8.468259,8.202601,175988.0
08/15/2012,8.103124,8.192061,8.080067,8.152534,278600,0.000,0.0,-,8.853532,8.672320,8.525904,8.192390,175124.0
08/14/2012,8.267824,8.267824,8.116302,8.139359,226000,0.000,0.0,-,8.855954,8.670936,8.583218,8.196343,172776.0
08/13/2012,8.234879,8.254642,8.136060,8.224997,127400,0.000,0.0,-,8.859202,8.670936,8.637898,8.246741,172048.0
08/10/2012,8.221707,8.261235,8.149240,8.238177,96400,0.000,0.0,-,8.858610,8.668762,8.684837,8.320526,176620.0
08/09/2012,8.224997,8.280994,8.165706,8.224997,111200,0.000,0.0,-,8.857499,8.669421,8.734081,8.400569,185592.0
08/08/2012,8.221706,8.304055,8.208531,8.248058,133800,0.000,0.0,-,8.857861,8.668499,8.779703,8.450308,188908.0
08/07/2012,8.284292,8.343584,8.238177,8.244765,122400,0.000,0.0,-,8.856313,8.668433,8.824665,8.501364,188520.0
08/06/2012,8.162418,8.300764,8.122890,8.228296,135400,0.000,0.0,-,8.854022,8.668171,8.870122,8.560985,188760.0
08/03/2012,8.113004,8.271114,8.040537,8.162414,153600,0.000,0.0,-,8.852072,8.668435,8.915578,8.637404,189584.0
08/02/2012,8.119598,8.159126,7.987840,8.060307,217200,0.000,0.0,-,8.851582,8.667530,8.967294,8.733917,197072.0
08/01/2012,8.659804,8.728977,8.093243,8.192062,335600,0.000,0.0,-,8.850181,8.670172,9.029549,8.859417,197608.0
07/31/2012,8.952968,8.972732,8.600515,8.643336,284400,0.000,0.0,-,8.849673,8.672077,9.085382,8.970093,197652.0
07/30/2012,9.012256,9.041901,8.923319,8.962846,104800,0.000,0.0,-,8.845114,8.662731,9.111568,9.029055,198360.0
07/27/2012,8.742152,9.074841,8.686155,9.038608,183600,0.000,0.0,-,8.839216,8.648370,9.108933,9.049148,202896.0
07/26/2012,8.850853,8.850853,8.659804,8.722388,184800,0.000,0.0,-,8.831985,8.637728,9.089499,9.067594,202716.0
07/25/2012,8.870616,8.966140,8.715799,8.758621,118200,0.000,0.0,-,8.826497,8.633934,9.083405,9.109098,202740.0
07/24/2012,9.022136,9.022136,8.768502,8.840969,113400,0.000,0.0,-,8.818807,8.628041,9.069900,9.147966,205000.0
07/23/2012,8.966140,9.035313,8.910143,8.992492,117800,0.000,0.0,-,8.811530,8.622267,9.049642,9.179259,206052.0
07/20/2012,9.226362,9.226362,9.084722,9.127543,178200,0.000,0.0,-,8.803204,8.613398,9.028890,9.193753,208580.0
07/19/2012,9.321888,9.381180,9.279067,9.315301,124400,0.000,0.0,-,8.794381,8.601894,8.997597,9.200670,209736.0
07/18/2012,9.232950,9.361414,9.196717,9.298829,93400,0.000,0.0,-,8.781886,8.587615,8.960211,9.199682,212460.0
07/17/2012,9.206597,9.259300,9.048487,9.232948,126400,0.000,0.0,-,8.771366,8.571965,8.926283,9.200670,215752.0
07/16/2012,9.206598,9.206598,9.137425,9.163776,109200,0.000,0.0,-,8.761466,8.557829,8.885109,9.194082,220452.0
07/13/2012,9.163778,9.292242,9.163778,9.223069,166000,0.000,0.0,-,8.751006,8.547693,8.850193,9.168719,226520.0
07/12/2012,9.078135,9.213187,9.022138,9.137426,139400,0.000,0.0,-,8.740978,8.539447,8.804901,9.111403,233160.0
07/11/2012,9.167073,9.190130,9.081430,9.147309,122000,0.000,0.0,-,8.729114,8.533438,8.759774,9.057712,240056.0
07/10/2012,9.203306,9.219776,9.127545,9.153897,140000,0.000,0.0,-,8.716118,8.528932,8.720082,8.991833,253816.0
07/09/2012,9.157190,9.216481,9.074841,9.137426,289800,0.000,0.0,-,8.702991,8.537708,8.677425,8.920025,256132.0
07/06/2012,9.203307,9.275774,9.170368,9.196719,310200,0.000,0.0,-,8.690610,8.543346,8.643992,8.864028,253844.0
07/05/2012,9.272476,9.361412,9.249418,9.305415,207400,0.000,0.0,-,8.679291,8.546882,8.601829,8.794525,252276.0
07/03/2012,9.120956,9.308711,9.091310,9.308711,123800,0.000,0.0,-,8.668592,8.547459,8.555055,8.720740,252028.0
07/02/2012,8.936494,9.176953,8.893673,9.167071,193600,0.000,0.0,-,8.658458,8.546464,8.493787,8.651897,253456.0
06/29/2012,8.811324,8.913436,8.788266,8.910142,212400,0.000,0.0,-,8.649146,8.550855,8.442402,8.576136,256372.0
06/28/2012,8.511569,8.653209,8.511569,8.649915,144000,0.000,0.0,-,8.640488,8.561038,8.402710,8.531667,254800.0
06/27/2012,8.498400,8.653217,8.498400,8.600513,104400,0.000,0.0,-,8.633213,8.579109,8.383770,8.498399,254288.0
06/26/2012,8.445696,8.570867,8.419344,8.488518,268400,0.000,0.0,-,8.625553,8.603076,8.362688,8.461836,253884.0
06/25/2012,8.442403,8.465461,8.386406,8.435816,151600,0.000,0.0,-,8.618179,8.624833,8.350501,8.448331,250912.0
06/22/2012,8.593925,8.593925,8.488519,8.577456,247400,0.000,0.0,-,8.612054,8.647316,8.340294,8.434826,250880.0
06/21/2012,8.534630,8.570863,8.392990,8.501690,464000,0.000,0.0,-,8.605981,8.670828,8.323496,8.423955,248760.0
06/20/2012,8.593922,8.666389,8.524749,8.567571,83200,0.000,0.0,-,8.599253,8.694153,8.304269,8.409133,242916.0
06/19/2012,8.435817,8.656512,8.399583,8.620278,130800,0.000,0.0,-,8.593511,8.711843,8.285512,8.389369,246400.0
06/18/2012,8.425931,8.465459,8.310643,8.409462,139600,0.000,0.0,-,8.589466,8.732600,8.268863,8.335678,247300.0
06/15/2012,8.343580,8.534629,8.294170,8.465456,221000,0.000,0.0,-,8.587406,8.761500,8.257192,8.308667,247124.0
06/14/2012,8.234884,8.350173,8.225002,8.317233,120400,0.000,0.0,-,8.585852,8.787971,8.246158,8.273752,245644.0
06/13/2012,8.327114,8.392993,8.192062,8.234883,182800,0.000,0.0,-,8.584751,8.822315,8.255621,8.269140,246020.0
06/12/2012,8.313938,8.396287,8.139359,8.353466,189200,0.000,0.0,-,8.582536,8.861119,8.270511,8.263540,246548.0
06/11/2012,8.564279,8.564279,8.280999,8.300763,213000,0.000,0.0,-,8.578973,8.894541,8.276036,8.252670,246924.0
06/08/2012,8.323818,8.537925,8.277703,8.468752,141800,0.000,0.0,-,8.576959,8.928756,8.288614,8.245761,245216.0
06/07/2012,8.488518,8.521458,8.343584,8.353466,219800,0.000,0.0,-,8.573703,8.960789,8.292628,8.223036,248212.0
06/06/2012,8.165710,8.379817,8.122889,8.369935,154000,0.000,0.0,-,8.569273,8.995258,8.302570,8.199406,248260.0
06/05/2012,8.083360,8.152532,8.053714,8.083360,161200,0.000,0.0,-,8.565227,9.029594,8.314142,8.181654,249568.0
06/04/2012,8.136066,8.178887,8.020778,8.139359,189600,0.000,0.0,-,8.563191,9.064689,8.335790,8.202048,249272.0
06/01/2012,7.977954,8.182179,7.938427,8.116300,356000,0.000,0.0,-,8.563268,9.096570,8.355129,8.205717,248604.0
05/31/2012,8.178885,8.330408,8.106419,8.271116,545000,0.000,0.0,-,8.563766,9.130221,8.382164,8.218564,244220.0
05/30/2012,8.169003,8.244765,8.093243,8.178885,277000,0.085,0.0,-,8.563730,9.159597,8.409147,8.242103,236156.0
05/29/2012,8.329830,8.342917,8.169515,8.244765,114400,0.000,0.0,-,8.562807,9.192323,8.442050,8.277482,233112.0
05/25/2012,8.221861,8.264394,8.185872,8.231676,134400,0.000,0.0,-,8.561490,9.221245,8.475912,8.299402,236200.0
05/24/2012,8.133526,8.244765,8.064819,8.241493,176600,0.000,0.0,-,8.557846,9.250560,8.543964,8.331466,239136.0
05/23/2012,8.094266,8.185875,8.064821,8.117168,528000,0.000,0.0,-,8.556401,9.276865,8.602856,8.362220,240452.0
05/22/2012,8.300383,8.323285,8.149883,8.192416,244000,0.000,0.0,-,8.553201,9.305263,8.665673,8.405734,239384.0
05/21/2012,8.208775,8.352731,8.133525,8.287296,337800,0.000,0.0,-,8.552836,9.332484,8.722765,8.446630,237512.0
05/18/2012,8.251307,8.441067,8.130253,8.176057,319800,0.000,0.0,-,8.552960,9.359247,8.771350,8.469533,234608.0
05/17/2012,8.506504,8.545765,8.234950,8.244765,331600,0.000,0.0,-,8.554749,9.386926,8.831877,8.504540,231092.0
05/16/2012,8.562124,8.634102,8.483603,8.506505,174600,0.000,0.0,-,8.557463,9.410482,8.890604,8.545764,227932.0
05/15/2012,8.444337,8.585021,8.437794,8.532674,186000,0.000,0.0,-,8.561855,9.425990,8.942952,8.576191,230440.0
05/14/2012,8.437797,8.516319,8.378906,8.463971,231200,0.000,0.0,-,8.566116,9.445141,9.006260,8.606618,232296.0
05/11/2012,8.519592,8.594842,8.473788,8.552309,166000,0.000,0.0,-,8.571412,9.465470,9.061880,8.652423,234080.0
05/10/2012,8.611198,8.715893,8.509775,8.549035,244200,0.000,0.0,-,8.576538,9.490281,9.112264,8.756463,236360.0
05/09/2012,8.493418,8.624288,8.470516,8.552309,236000,0.000,0.0,-,8.582741,9.515418,9.172464,8.843491,236580.0
05/08/2012,8.427980,8.607925,8.382176,8.601382,260600,0.000,0.0,-,8.589201,9.541726,9.228247,8.925612,238980.0
05/07/2012,8.483601,8.627557,8.483601,8.516318,258000,0.000,0.0,-,8.595528,9.566272,9.270779,8.998899,240844.0
05/04/2012,8.581754,8.585026,8.450885,8.526134,361400,0.000,0.0,-,8.603372,9.596880,9.327871,9.073167,241476.0
05/03/2012,8.768240,8.771512,8.503230,8.657001,412600,0.000,0.0,-,8.609512,9.625599,9.394287,9.159214,240668.0
05/02/2012,8.742066,8.850033,8.555578,8.810773,498000,0.000,0.0,-,8.615208,9.650985,9.450888,9.235445,239428.0
05/01/2012,8.902383,9.046339,8.800959,8.836948,484200,0.000,0.0,-,8.618592,9.674597,9.512070,9.309714,236012.0
04/30/2012,9.563273,9.599263,8.787873,8.922014,810000,0.000,0.0,-,8.623613,9.700160,9.578977,9.405902,229720.0
04/27/2012,9.435673,9.648336,9.314619,9.592716,255800,0.000,0.0,-,8.628256,9.725257,9.634105,9.471337,218644.0
04/26/2012,9.357153,9.484751,9.357153,9.419316,175400,0.000,0.0,-,8.630381,9.735444,9.655044,9.468065,219088.0
04/25/2012,9.461850,9.537100,9.334253,9.373513,231800,0.000,0.0,-,8.633067,9.747081,9.687598,9.501437,225368.0
04/24/2012,9.236101,9.373514,9.200112,9.334253,195000,0.000,0.0,-,8.636063,9.754361,9.722769,9.530882,225380.0
04/23/2012,9.177207,9.304805,9.111773,9.259001,195200,0.000,0.0,-,8.640010,9.763663,9.760394,9.542660,225780.0
04/20/2012,9.540370,9.638521,9.294990,9.386599,339400,0.000,0.0,-,8.645394,9.776163,9.789349,9.582575,225696.0
04/19/2012,9.553457,9.674511,9.350610,9.419316,133800,0.000,0.0,-,8.647923,9.784809,9.806689,9.629361,222936.0
04/18/2012,9.739947,9.743219,9.533827,9.553458,118400,0.000,0.0,-,8.649838,9.792931,9.825665,9.666332,228300.0
04/17/2012,9.677782,9.919890,9.674511,9.798837,84200,0.000,0.0,-,8.650714,9.793619,9.834989,9.714426,228408.0
04/16/2012,9.605806,9.671241,9.452035,9.576361,119800,0.000,0.0,-,8.649271,9.791742,9.835807,9.752051,232116.0
04/13/2012,9.700683,9.726857,9.491292,9.559999,150000,0.000,0.0,-,8.648603,9.787545,9.841533,9.796873,234000.0
04/12/2012,9.661423,9.854455,9.661423,9.753031,141400,0.000,0.0,-,8.647936,9.784587,9.848403,9.842023,235304.0
04/11/2012,9.553457,9.667967,9.481478,9.667967,171800,0.000,0.0,-,8.645983,9.771910,9.838588,9.873759,236576.0
04/10/2012,9.658152,9.658152,9.350609,9.452032,257400,0.000,0.0,-,8.644488,9.760804,9.832045,9.914656,237044.0
04/09/2012,9.658154,9.726860,9.595990,9.658154,175800,0.000,0.0,-,8.644907,9.754472,9.837116,9.978128,236312.0
04/05/2012,9.730131,9.867544,9.684327,9.854457,130800,0.000,0.0,-,8.643927,9.744018,9.835480,9.996122,236504.0
04/04/2012,9.910076,9.910076,9.749760,9.789021,147000,0.000,0.0,-,8.642848,9.729312,9.820757,9.984017,237956.0
04/03/2012,10.142370,10.188174,9.982055,10.034403,139200,0.000,0.0,-,8.641470,9.713312,9.802435,9.984999,237372.0
04/02/2012,9.982051,10.175083,9.962421,10.175083,209200,0.000,0.0,-,8.637965,9.690451,9.764810,9.955553,237200.0
03/30/2012,10.116196,10.142370,10.014773,10.024588,208000,0.000,0.0,-,8.634079,9.665883,9.730566,9.919564,235192.0
03/29/2012,9.978781,10.050759,9.903531,10.011498,127600,0.000,0.0,-,8.630897,9.643674,9.703358,9.886192,233772.0
03/28/2012,10.070391,10.129281,9.946065,10.070391,291600,0.000,0.0,-,8.629017,9.620816,9.692426,9.854783,234884.0
03/27/2012,10.054034,10.139099,10.044219,10.076936,222200,0.000,0.0,-,8.625300,9.593069,9.679201,9.803417,233072.0
03/26/2012,9.932979,10.103108,9.913348,10.086750,219400,0.000,0.0,-,8.621808,9.563890,9.668740,9.749433,231396.0
03/23/2012,9.707228,9.838098,9.599261,9.838098,146400,0.000,0.0,-,8.619231,9.536337,9.655836,9.696104,229756.0
03/22/2012,9.681055,9.749761,9.602533,9.733402,156200,0.000,0.0,-,8.617591,9.510438,9.666267,9.674838,230004.0
03/21/2012,9.739945,9.877358,9.726858,9.798837,136800,0.000,0.0,-,8.616074,9.486372,9.677702,9.657497,229020.0
03/20/2012,9.723585,9.805379,9.713771,9.739944,141800,0.000,0.0,-,8.613860,9.458264,9.684075,9.619872,229340.0
03/19/2012,9.654880,9.916619,9.638521,9.815195,124800,0.000,0.0,-,8.612165,9.432310,9.696647,9.574068,230152.0
03/16/2012,9.694140,9.749759,9.664695,9.690868,268800,0.000,0.0,-,8.611748,9.405892,9.711640,9.541568,230136.0
03/15/2012,9.540370,9.713772,9.510924,9.697412,281200,0.000,0.0,-,8.612932,9.383328,9.735942,9.520524,227344.0
03/14/2012,9.514195,9.592717,9.488021,9.556727,242400,0.000,0.0,-,8.614967,9.360372,9.756174,9.530069,226428.0
03/13/2012,9.635251,9.635251,9.438947,9.537099,474600,0.000,0.0,-,8.616035,9.334242,9.778395,9.554984,224296.0
03/12/2012,9.618892,9.720316,9.510925,9.553458,150400,0.000,0.0,-,8.617122,9.309481,9.788417,9.588047,217568.0
03/09/2012,9.569814,9.759574,9.530552,9.625433,192600,0.000,0.0,-,8.617599,9.281789,9.800713,9.615567,216320.0
03/08/2012,9.507651,9.592716,9.363695,9.559999,144000,0.000,0.0,-,8.616821,9.258125,9.813640,9.657696,213744.0
03/07/2012,9.314617,9.438944,9.170662,9.422585,173600,0.075,0.0,-,8.617202,9.235379,9.826586,9.697906,212116.0
03/06/2012,9.376284,9.412084,9.220067,9.281903,300000,0.000,0.0,-,8.619069,9.216813,9.846727,9.748278,213476.0
03/05/2012,9.438120,9.574810,9.294921,9.490192,278800,0.000,0.0,-,8.621815,9.196115,9.862023,9.819226,209764.0
03/02/2012,9.776591,9.809136,9.470666,9.480429,320400,0.000,0.0,-,8.623423,9.171250,9.872763,9.881713,208720.0
03/01/2012,9.841682,9.971862,9.789609,9.792864,280000,0.000,0.0,-,8.624905,9.138640,9.867068,9.951360,206252.0
02/29/2012,9.893756,9.968610,9.737539,9.805883,255200,0.000,0.0,-,8.625032,9.102905,9.848029,9.982278,212456.0
02/28/2012,9.854704,9.893758,9.792868,9.867722,356000,0.000,0.0,-,8.625414,9.064697,9.813693,10.001806,212540.0
02/27/2012,9.949082,9.971863,9.721265,9.828665,353800,0.000,0.0,-,8.626413,9.023950,9.775941,9.988787,210264.0
02/24/2012,9.975116,10.085770,9.926298,10.046716,289600,0.000,0.0,-,8.627048,8.988150,9.741280,9.985858,206520.0
02/23/2012,9.897012,10.014175,9.887248,9.962103,321000,0.000,0.0,-,8.627201,8.951830,9.695717,9.969585,205440.0
02/22/2012,9.923046,9.988137,9.763575,9.926301,350600,0.000,0.0,-,8.627201,8.918894,9.653570,9.955265,202864.0
02/21/2012,10.007662,10.066243,9.825408,9.991389,327200,0.000,0.0,-,8.627508,8.881793,9.606705,9.945176,200760.0
02/17/2012,10.154114,10.232223,10.079260,10.115060,169600,0.000,0.0,-,8.627841,8.850159,9.551704,9.904820,198064.0
02/16/2012,10.056483,10.346136,10.056483,10.176901,256200,0.000,0.0,-,8.628115,8.816507,9.493285,9.863813,200988.0
02/15/2012,10.089025,10.170388,9.926299,10.102043,278000,0.000,0.0,-,8.628703,8.783506,9.430147,9.782775,206940.0
02/14/2012,9.900267,10.030448,9.643159,10.001157,489400,0.000,0.0,-,8.629138,8.741523,9.368474,9.713779,204740.0
02/13/2012,9.945824,10.001151,9.698480,9.737535,232400,0.000,0.0,-,8.627536,8.700971,9.302570,9.625581,200064.0
02/10/2012,9.844938,9.900265,9.763575,9.799375,215000,0.000,0.0,-,8.627237,8.667580,9.246592,9.563095,201624.0
02/09/2012,9.838427,9.949080,9.770082,9.883990,191000,0.000,0.0,-,8.626053,8.618957,9.192079,9.496702,203424.0
02/08/2012,9.880737,10.027190,9.773338,9.818901,201400,0.000,0.0,-,8.624478,8.570985,9.125036,9.421848,205344.0
02/07/2012,9.545521,9.978372,9.389304,9.825410,402000,0.000,0.0,-,8.622845,8.518718,9.060596,9.351876,204532.0
02/06/2012,9.662681,9.721263,9.545518,9.587827,123800,0.000,0.0,-,8.621180,8.466841,8.988996,9.268234,201204.0
02/03/2012,9.535754,9.809134,9.473919,9.704989,269600,0.000,0.0,-,8.620654,8.424792,8.931717,9.198588,207208.0
02/02/2012,9.412085,9.490193,9.343740,9.366522,214000,0.000,0.0,-,8.619111,8.381507,8.871183,9.122758,211096.0
02/01/2012,9.226578,9.454394,9.177760,9.412086,215200,0.000,0.0,-,8.619421,8.355856,8.830989,9.077520,210784.0
01/31/2012,9.194033,9.236341,9.086633,9.119179,205000,0.000,0.0,-,8.620477,8.333886,8.787867,9.023170,211504.0
01/30/2012,9.067104,9.210303,9.063849,9.112667,195200,0.000,0.0,-,8.623030,8.321912,8.744419,8.979559,211684.0
01/27/2012,9.096395,9.151722,9.083377,9.135449,220800,0.000,0.0,-,8.625247,8.313885,8.703738,8.930090,212548.0
01/26/2012,9.161486,9.164740,9.076868,9.135449,185400,0.000,0.0,-,8.627559,8.297900,8.655408,8.887456,211408.0
01/25/2012,8.975980,9.138706,8.852308,9.119179,203400,0.000,0.0,-,8.630398,8.285407,8.620747,8.828224,210900.0
01/24/2012,8.845796,9.028049,8.793724,8.988996,117800,0.000,0.0,-,8.633622,8.270523,8.585924,8.769316,211064.0
01/23/2012,8.914143,8.923907,8.777453,8.891361,130600,0.000,0.0,-,8.638455,8.250806,8.561189,8.709758,213976.0
01/20/2012,8.894617,8.949944,8.855563,8.946690,108800,0.000,0.0,-,8.643649,8.241061,8.528970,8.664846,217080.0
01/19/2012,8.878345,8.946690,8.803491,8.914145,137000,0.000,0.0,-,8.648135,8.225359,8.493984,8.619608,217968.0
01/18/2012,8.692836,8.884853,8.559401,8.868581,183200,0.000,0.0,-,8.652560,8.211537,8.440772,8.584459,219816.0
01/17/2012,8.670053,8.836034,8.634253,8.683071,201000,0.000,0.0,-,8.656989,8.200501,8.397650,8.552564,220468.0
01/13/2012,8.585435,8.644016,8.494308,8.617980,138400,0.000,0.0,-,8.662122,8.190524,8.358270,8.509279,222572.0
01/12/2012,8.582182,8.728635,8.461764,8.709108,137400,0.000,0.0,-,8.667005,8.183336,8.318890,8.477385,229684.0
01/11/2012,8.465017,8.598452,8.448744,8.543125,158800,0.000,0.0,-,8.670410,8.175878,8.285368,8.423360,231408.0
01/10/2012,8.520343,8.556143,8.448743,8.530107,107000,0.000,0.0,-,8.674085,8.177754,8.269747,8.413271,232872.0
01/09/2012,8.484543,8.494306,8.347853,8.393416,152800,0.000,0.0,-,8.677745,8.182929,8.259007,8.402531,236456.0
01/06/2012,8.520343,8.556143,8.383653,8.442235,182400,0.000,0.0,-,8.681977,8.177193,8.242897,8.412621,239620.0
01/05/2012,8.523600,8.546382,8.338092,8.494309,124000,0.000,0.0,-,8.685789,8.168670,8.241270,8.393094,239548.0
01/04/2012,8.461765,8.614728,8.386911,8.562655,129200,0.000,0.0,-,8.688989,8.164732,8.238178,8.368359,240320.0
01/03/2012,8.471527,8.591944,8.393419,8.549636,235400,0.000,0.0,-,8.691368,8.152248,8.236388,8.297085,242068.0
12/30/2011,8.266493,8.377147,8.246966,8.250220,135800,0.000,0.0,-,8.692406,8.136985,8.209050,8.242735,240248.0
12/29/2011,8.211166,8.331583,8.175366,8.299038,138200,0.000,0.0,-,8.695644,8.128745,8.195218,8.207260,240116.0
12/28/2011,8.438983,8.438983,8.139567,8.168858,88000,0.000,0.0,-,8.698734,8.124056,8.183665,8.160395,241120.0
12/27/2011,8.396671,8.484544,8.321817,8.442235,63800,0.000,0.0,-,8.702299,8.116279,8.143634,8.147377,243792.0
12/23/2011,8.543127,8.543127,8.409692,8.422709,62600,0.000,0.0,-,8.705072,8.109243,8.095793,8.126223,245336.0
12/22/2011,8.269747,8.507327,8.185129,8.494309,241600,0.000,0.0,-,8.708774,8.095419,8.034933,8.115482,246168.0
12/21/2011,8.246966,8.253476,8.025659,8.246966,114400,0.000,0.0,-,8.711815,8.081198,7.971795,8.073174,245716.0
12/20/2011,8.045186,8.282766,8.038677,8.246966,226600,0.000,0.0,-,8.717131,8.068108,7.933717,8.089446,246664.0
12/19/2011,8.077730,8.217675,7.833641,7.849914,197000,0.000,0.0,-,8.722990,8.055665,7.898406,8.107997,245948.0
12/16/2011,7.957313,8.126548,7.846660,8.006131,590200,0.000,0.0,-,8.729705,8.043079,7.910109,8.175690,246100.0
12/15/2011,7.944295,7.944295,7.742514,7.895477,259400,0.000,0.0,-,8.736705,8.030667,7.925480,8.175365,237256.0
12/14/2011,8.006129,8.006129,7.804349,7.830385,242200,0.000,0.0,-,8.744640,8.019303,7.956732,8.183176,237516.0
12/13/2011,8.334835,8.399925,8.006128,8.038673,166600,0.000,0.0,-,8.751818,8.009953,8.000777,8.206934,238648.0
12/12/2011,8.168858,8.246966,8.054949,8.230694,235600,0.000,0.0,-,8.757797,7.985508,8.015653,8.139891,241748.0
12/09/2011,8.080983,8.386908,8.058201,8.315309,192200,0.000,0.0,-,8.764230,7.964789,8.029659,8.065363,243676.0
12/08/2011,8.286022,8.315313,8.048442,8.071223,245400,0.000,0.0,-,8.770336,7.943542,8.032644,7.954383,243624.0
12/07/2011,8.416200,8.451999,8.220928,8.409691,192400,0.000,0.0,-,8.776835,7.923554,8.029239,7.870416,246972.0
12/06/2011,8.533360,8.565906,8.315307,8.432470,315800,0.000,0.0,-,8.781213,7.899708,8.028960,7.777988,251536.0
12/05/2011,8.227435,8.757923,8.211162,8.526852,553800,0.000,0.0,-,8.785906,7.866352,8.015416,7.688814,248216.0
12/02/2011,8.110276,8.181875,7.941040,8.002876,168000,0.000,0.0,-,8.790096,7.826775,8.000224,7.644527,247204.0
12/01/2011,8.015894,8.175366,7.931277,7.973586,255600,0.000,0.0,-,8.796221,7.797290,8.015920,7.675595,251308.0
11/30/2011,7.690445,8.074479,7.563518,8.067970,310400,0.000,0.0,-,8.802461,7.771042,8.026452,7.730288,251064.0
11/29/2011,7.475641,7.504932,7.299897,7.368242,305000,0.000,0.0,-,8.808246,7.748339,8.035983,7.794620,249708.0
11/28/2011,7.430079,7.573279,7.286880,7.485406,287000,0.000,0.0,-,8.818657,7.744287,8.084380,7.891415,248432.0
11/25/2011,7.185991,7.319427,7.185991,7.205518,160800,0.000,0.0,-,8.828404,7.740220,8.141956,7.993956,247432.0
11/23/2011,7.394279,7.436588,7.146935,7.231553,235600,0.000,0.0,-,8.839343,7.742203,8.221125,8.110904,248632.0
11/22/2011,7.540733,7.631860,7.469134,7.485406,424000,0.075,0.0,-,8.850009,7.741144,8.264878,8.188062,253360.0
11/21/2011,7.954635,7.954635,7.446961,7.540735,464000,0.000,0.0,-,8.859692,7.735330,8.291411,8.279932,251548.0
11/18/2011,8.323260,8.339429,8.048405,8.083975,198400,0.000,0.0,-,8.868780,7.725888,8.329244,8.342017,249540.0
11/17/2011,8.549614,8.549614,8.232722,8.313561,251200,0.000,0.0,-,8.874595,7.704482,8.321968,8.355921,253316.0
11/16/2011,8.611050,8.785664,8.497875,8.520510,214000,0.000,0.0,-,8.879517,7.682429,8.295615,8.356245,255868.0
11/15/2011,8.352362,8.782429,8.352362,8.711290,238400,0.000,0.0,-,8.882562,7.659276,8.261500,8.322616,262908.0
11/14/2011,8.446140,8.507578,8.268292,8.336198,163800,0.000,0.0,-,8.885209,7.628169,8.229165,8.277345,268324.0
11/11/2011,8.433204,8.569015,8.378233,8.510810,160000,0.000,0.0,-,8.888555,7.609831,8.201356,8.277345,271256.0
11/10/2011,8.171284,8.394401,8.106612,8.375000,211600,0.000,0.0,-,8.890996,7.595838,8.180338,8.289956,274776.0
11/09/2011,8.187450,8.235954,7.986968,8.003136,263400,0.000,0.0,-,8.895563,7.588287,8.148163,8.331346,278880.0
11/08/2011,8.223021,8.407336,8.109846,8.404102,285800,0.000,0.0,-,8.902276,7.591320,8.137169,8.341693,277764.0
11/07/2011,8.213321,8.274760,7.944933,8.161584,153200,0.000,0.0,-,8.905664,7.585178,8.096588,8.302890,275648.0
11/04/2011,8.206854,8.261825,8.109847,8.223022,229400,0.000,0.0,-,8.910074,7.577784,8.069749,8.316471,275188.0
11/03/2011,8.274759,8.352365,7.957867,8.316795,215800,0.000,0.0,-,8.913429,7.566142,8.019628,8.288015,275920.0
11/02/2011,8.387934,8.417036,7.938464,8.184217,306200,0.000,0.0,-,8.916968,7.557763,7.973064,8.234984,275072.0
11/01/2011,8.420268,8.678955,7.999901,8.258589,494000,0.000,0.0,-,8.922012,7.550431,7.930219,8.200385,277032.0
10/31/2011,8.504344,8.543147,8.316796,8.336198,223600,0.000,0.0,-,8.928385,7.534608,7.885434,8.180984,271428.0
10/28/2011,8.805066,8.908541,8.611050,8.636919,232000,0.000,0.0,-,8.934625,7.519097,7.809444,8.125366,270820.0
10/27/2011,8.407334,8.830934,8.332961,8.788898,286200,0.000,0.0,-,8.939234,7.499884,7.737335,8.070719,273544.0
10/26/2011,8.132476,8.193914,7.880257,8.106607,311000,0.000,0.0,-,8.943226,7.487202,7.660537,7.964981,272192.0
10/25/2011,8.200386,8.200386,7.996669,8.016071,178800,0.000,0.0,-,8.950502,7.489386,7.608800,7.932645,271188.0
10/24/2011,7.980501,8.349130,7.944931,8.297393,162600,0.000,0.0,-,8.958120,7.494345,7.568865,7.890285,271284.0
10/21/2011,7.919065,8.041942,7.773553,7.938466,216600,0.000,0.0,-,8.963664,7.488282,7.492229,7.823026,273752.0
10/20/2011,7.838224,7.851158,7.527799,7.786486,144400,0.000,0.0,-,8.971717,7.489140,7.422707,7.751240,275300.0
10/19/2011,8.064577,8.083979,7.802656,7.838226,129200,0.000,0.0,-,8.980801,7.483466,7.359814,7.711143,279256.0
10/18/2011,7.799420,8.138947,7.676543,8.064574,188400,0.000,0.0,-,8.989053,7.485751,7.300962,7.660052,294056.0
10/17/2011,7.986970,7.986970,7.728283,7.780020,221600,0.000,0.0,-,8.996079,7.474002,7.244374,7.589883,300516.0
10/14/2011,7.838226,8.103381,7.838226,8.090446,141000,0.000,0.0,-,9.003764,7.480791,7.213655,7.493522,302116.0
10/13/2011,7.712114,7.747683,7.550434,7.731515,104200,0.000,0.0,-,9.010024,7.485226,7.173235,7.403951,305904.0
10/12/2011,7.640972,7.857623,7.598936,7.783250,219000,0.000,0.0,-,9.018270,7.501272,7.151893,7.356094,317092.0
10/11/2011,7.534267,7.621574,7.434026,7.592472,161800,0.000,0.0,-,9.025827,7.521358,7.121659,7.284956,321464.0
10/10/2011,7.372585,7.631273,7.314381,7.624805,190800,0.000,0.0,-,9.033750,7.557207,7.101772,7.247446,329452.0
10/07/2011,7.411386,7.482524,7.120363,7.220604,204600,0.000,0.0,-,9.041751,7.592410,7.073964,7.161432,331728.0
10/06/2011,7.298213,7.414623,7.220607,7.385520,148000,0.000,0.0,-,9.052090,7.638459,7.063616,7.094174,332704.0
10/05/2011,7.356417,7.459892,7.197971,7.327315,272400,0.000,0.0,-,9.061556,7.682301,7.054886,7.008484,336732.0
10/04/2011,6.761435,7.398452,6.761435,7.362883,298800,0.000,0.0,-,9.070805,7.731548,7.056664,6.941872,335720.0
10/03/2011,7.130068,7.227076,6.816410,6.816410,321600,0.000,0.0,-,9.080528,7.781174,7.046317,6.898865,334356.0
09/30/2011,7.088030,7.311148,7.088030,7.194739,332000,0.000,0.0,-,9.092602,7.842180,7.076462,6.933788,331136.0
09/29/2011,7.256177,7.379053,7.049227,7.252943,189600,0.000,0.0,-,9.102657,7.899988,7.107282,6.942518,330160.0
09/28/2011,7.230311,7.230311,7.033061,7.071865,412800,0.000,0.0,-,9.112262,7.950015,7.144507,6.947692,329720.0
09/27/2011,6.926351,7.288513,6.864912,7.217374,420600,0.000,0.0,-,9.122884,8.004499,7.198654,6.958363,324016.0
09/26/2011,6.641794,6.771137,6.467180,6.764670,149800,0.000,0.0,-,9.133144,8.049906,7.242635,6.956099,318664.0
09/23/2011,6.522151,6.709699,6.418676,6.548020,503200,0.000,0.0,-,9.145906,8.111433,7.293996,6.986495,318552.0
09/22/2011,6.460714,6.667664,6.460714,6.528619,373200,0.000,0.0,-,9.159703,8.177485,7.348641,7.033059,312704.0
09/21/2011,6.926349,6.932816,6.645026,6.661195,243400,0.000,0.0,-,9.173613,8.247266,7.417103,7.101287,308504.0
09/20/2011,7.210907,7.210907,6.913416,6.932818,242600,0.000,0.0,-,9.186463,8.313175,7.474922,7.171456,306480.0
09/19/2011,7.172101,7.340247,7.100961,7.165633,241200,0.000,0.0,-,9.197430,8.373973,7.501655,7.193768,304300.0
09/16/2011,7.349951,7.349951,7.236775,7.282046,237000,0.000,0.0,-,9.207853,8.433133,7.521404,7.219135,309624.0
09/15/2011,7.269112,7.330550,7.075096,7.304681,220800,0.000,0.0,-,9.216550,8.494205,7.541115,7.272046,320160.0
09/14/2011,7.227074,7.291745,7.062160,7.178570,472000,0.000,0.0,-,9.225006,8.545960,7.583621,7.341321,319292.0
09/13/2011,7.100964,7.269111,7.033059,7.194739,333400,0.000,0.0,-,9.234808,8.598438,7.635484,7.438945,312152.0
09/12/2011,6.916651,7.104199,6.868147,7.068630,363600,0.000,0.0,-,9.244608,8.649115,7.688948,7.529171,308732.0
09/09/2011,7.107429,7.139765,6.939283,7.013656,387200,0.000,0.0,-,9.255310,8.697946,7.735228,7.601496,305804.0
09/08/2011,7.307915,7.307915,7.165636,7.210907,378800,0.000,0.0,-,9.264871,8.746528,7.783614,7.664222,300720.0
09/07/2011,7.214138,7.434022,7.139765,7.362883,566000,0.075,0.0,-,9.273748,8.790844,7.798209,7.732918,295572.0
09/06/2011,7.152725,7.207326,6.972863,7.155937,509200,0.000,0.0,-,9.281881,8.830836,7.827688,7.778387,288768.0
09/02/2011,7.589533,7.666617,7.387188,7.419307,310400,0.000,0.0,-,9.291191,8.875094,7.843747,7.809542,285288.0
09/01/2011,7.991012,8.093791,7.708372,7.811151,336000,0.000,0.0,-,9.297475,8.917426,7.878756,7.823673,281696.0
08/31/2011,8.206203,8.231897,7.923563,7.997435,416800,0.000,0.0,-,9.303304,8.950444,7.903808,7.810183,277860.0
08/30/2011,8.042396,8.209410,7.817568,8.154809,207600,0.000,0.0,-,9.309166,8.983268,7.930627,7.825921,274572.0
08/29/2011,7.868960,8.116271,7.746911,8.096999,180000,0.000,0.0,-,9.314352,9.010440,7.962263,7.832024,272244.0
08/26/2011,7.583109,7.807936,7.464271,7.791877,130200,0.000,0.0,-,9.320603,9.035171,8.026660,7.848725,273284.0
08/25/2011,7.981372,7.987796,7.554200,7.640920,266000,0.000,0.0,-,9.327778,9.067290,8.106313,7.868960,274036.0
08/24/2011,7.817571,7.926773,7.666616,7.897867,173400,0.000,0.0,-,9.334221,9.102234,8.200419,7.903005,271380.0
08/23/2011,7.493176,7.830417,7.329373,7.817570,404200,0.000,0.0,-,9.340723,9.136986,8.284408,7.863500,271372.0
08/22/2011,7.772606,7.772606,7.403246,7.467483,213800,0.000,0.0,-,9.347912,9.167177,8.383011,7.876989,265232.0
08/19/2011,7.541354,7.804723,7.541354,7.560625,193200,0.000,0.0,-,9.356060,9.205398,8.501849,7.877953,263536.0
08/18/2011,7.862535,8.019914,7.602378,7.676250,368200,0.000,0.0,-,9.363221,9.245610,8.617153,7.933839,262416.0
08/17/2011,8.267223,8.308977,8.064878,8.154809,218600,0.000,0.0,-,9.368996,9.282289,8.737596,7.997433,259304.0
08/16/2011,8.113058,8.331462,8.071304,8.215837,260800,0.000,0.0,-,9.369022,9.307791,8.817571,8.035333,258628.0
08/15/2011,8.122695,8.270438,8.048822,8.264014,183600,0.000,0.0,-,9.369425,9.330595,8.896582,8.092503,256116.0
08/12/2011,8.055247,8.113060,7.737277,7.994222,286000,0.000,0.0,-,9.369412,9.353335,8.957767,8.204595,255492.0
08/11/2011,7.560626,8.122695,7.528508,7.981374,294000,0.000,0.0,-,9.370938,9.388086,9.050107,8.343667,252472.0
08/10/2011,7.682674,7.868959,7.486752,7.502812,342200,0.000,0.0,-,9.372924,9.427014,9.143570,8.497834,256004.0
08/09/2011,7.650555,7.955678,7.181630,7.952466,869200,0.000,0.0,-,9.377430,9.479045,9.269313,8.705317,258088.0
08/08/2011,7.965317,8.087367,7.477121,7.477121,511400,0.000,0.0,-,9.380019,9.515403,9.369522,8.889034,243040.0
08/05/2011,8.434238,8.463145,7.946042,8.119480,301600,0.000,0.0,-,9.384701,9.560948,9.494301,9.125744,236000.0
08/04/2011,8.357156,8.620525,8.312190,8.312190,330400,0.000,0.0,-,9.386613,9.591537,9.594510,9.300467,232880.0
08/03/2011,8.749001,8.752213,8.273651,8.533809,663600,0.000,0.0,-,9.387452,9.614691,9.695682,9.477760,230516.0
08/02/2011,9.352821,9.449175,8.787540,8.787540,437600,0.000,0.0,-,9.387894,9.636738,9.763612,9.599809,219644.0
08/01/2011,10.261764,10.261764,9.205075,9.384936,561200,0.000,0.0,-,9.386324,9.656905,9.814359,9.700660,213236.0
07/29/2011,9.381724,9.484503,9.314277,9.384936,304600,0.000,0.0,-,9.382195,9.665828,9.831542,9.710938,204512.0
07/28/2011,9.568012,9.699697,9.503776,9.523046,253400,0.000,0.0,-,9.377812,9.674368,9.837805,9.756546,200384.0
07/27/2011,9.731815,9.796052,9.564801,9.577648,349400,0.000,0.0,-,9.372327,9.679442,9.833791,9.789307,197308.0
07/26/2011,9.818534,9.857077,9.683638,9.789628,221800,0.000,0.0,-,9.366585,9.684255,9.826243,9.833309,192964.0
07/25/2011,9.741452,9.889196,9.715757,9.844230,230600,0.000,0.0,-,9.359830,9.686106,9.804884,9.850010,189988.0
07/22/2011,10.107596,10.107596,9.857075,9.866710,160600,0.000,0.0,-,9.351948,9.690574,9.781117,9.862858,187416.0
07/21/2011,9.786417,10.110811,9.763934,10.085116,283200,0.000,0.0,-,9.344144,9.692354,9.764576,9.888552,185988.0
07/20/2011,9.818537,9.863502,9.699700,9.754301,167600,0.000,0.0,-,9.335564,9.692195,9.733421,9.913604,184016.0
07/19/2011,9.577647,9.799263,9.510199,9.796051,127600,0.000,0.0,-,9.326723,9.696352,9.727640,9.927415,183264.0
07/18/2011,9.779991,9.779991,9.474868,9.487716,153000,0.000,0.0,-,9.319651,9.700184,9.713508,9.928057,182748.0
07/15/2011,9.873137,9.914891,9.770359,9.841019,144200,0.000,0.0,-,9.314833,9.711590,9.705799,9.952145,184940.0
07/14/2011,10.024088,10.126866,9.818532,9.850650,210800,0.000,0.0,-,9.307521,9.718167,9.683638,9.919064,186136.0
07/13/2011,9.988762,10.126871,9.969492,10.017669,163200,0.000,0.0,-,9.299196,9.727044,9.660513,9.878274,187880.0
07/12/2011,9.947006,10.069056,9.885982,9.956642,142200,0.000,0.0,-,9.289639,9.730472,9.641402,9.819177,194976.0
07/11/2011,10.017668,10.101175,9.959855,9.972702,133600,0.000,0.0,-,9.280229,9.724956,9.609927,9.759758,195572.0
07/08/2011,10.271403,10.329215,10.078693,10.123659,507400,0.000,0.0,-,9.269442,9.719056,9.580218,9.699376,195544.0
07/07/2011,9.924522,10.361329,9.866709,10.335635,763800,0.000,0.0,-,9.258358,9.707835,9.552596,9.640599,186868.0
07/06/2011,9.763934,9.908466,9.606555,9.892406,177400,0.000,0.0,-,9.246405,9.692502,9.511324,9.553238,174312.0
07/05/2011,9.741450,9.853864,9.702908,9.802475,115000,0.000,0.0,-,9.236509,9.684500,9.488199,9.527864,172960.0
07/01/2011,9.516617,9.779987,9.516617,9.728598,162400,0.000,0.0,-,9.226034,9.678296,9.465877,9.498958,172520.0
06/30/2011,9.481296,9.542320,9.381729,9.510202,217200,0.000,0.0,-,9.214948,9.673379,9.449497,9.459453,173960.0
06/29/2011,9.433119,9.519837,9.349611,9.442754,133000,0.000,0.0,-,9.205571,9.671103,9.460578,9.448212,171456.0
06/28/2011,9.372092,9.449176,9.333550,9.426693,121400,0.000,0.0,-,9.196040,9.670816,9.484827,9.442752,171404.0
06/27/2011,9.343184,9.375302,9.144051,9.362454,225800,0.000,0.0,-,9.186368,9.674749,9.518711,9.463628,173728.0
06/24/2011,9.545528,9.545528,9.285371,9.368878,335200,0.000,0.0,-,9.175704,9.680094,9.539107,9.460096,171052.0
06/23/2011,9.359241,9.545527,9.314276,9.535892,130800,0.000,0.0,-,9.164944,9.683841,9.558381,9.461060,167324.0
06/22/2011,9.571225,9.645097,9.445964,9.462023,144200,0.000,0.0,-,9.153159,9.685078,9.564032,9.464593,167184.0
06/21/2011,9.600132,9.709334,9.539108,9.638674,252400,0.000,0.0,-,9.141443,9.689903,9.564427,9.469411,167804.0
06/20/2011,9.311067,9.542318,9.304644,9.513412,91200,0.000,0.0,-,9.129666,9.692409,9.564300,9.448534,164560.0
06/17/2011,9.465234,9.484505,9.275737,9.333549,232000,0.000,0.0,-,9.117393,9.701255,9.578425,9.432796,165224.0
06/16/2011,9.410635,9.494142,9.233985,9.397788,167800,0.000,0.0,-,9.105638,9.713187,9.603302,9.439541,165916.0
06/15/2011,9.545530,9.587284,9.368880,9.388151,133200,0.000,0.0,-,9.092661,9.722109,9.624008,9.472943,166668.0
06/14/2011,9.375304,9.635461,9.346397,9.635461,173000,0.000,0.0,-,9.079527,9.730328,9.643438,9.526902,166844.0
06/13/2011,9.404212,9.487719,9.317493,9.327128,97200,0.000,0.0,-,9.065990,9.732706,9.652579,9.573794,167272.0
06/10/2011,9.513414,9.519837,9.362458,9.378517,129000,0.000,0.0,-,9.053727,9.740357,9.680334,9.618117,170804.0
06/09/2011,9.551953,9.690061,9.478081,9.571223,137200,0.000,0.0,-,9.040925,9.744678,9.714788,9.655703,176284.0
06/08/2011,9.397789,9.590498,9.394577,9.510202,212600,0.000,0.0,-,9.026529,9.741054,9.734013,9.663471,177168.0
06/07/2011,9.417058,9.548743,9.400999,9.429906,184800,0.000,0.0,-,9.012769,9.736413,9.762362,9.659444,175608.0
06/06/2011,9.410634,9.455600,9.311068,9.356033,135200,0.000,0.0,-,8.999773,9.733059,9.788973,9.680066,176980.0
06/03/2011,9.590494,9.596917,9.381725,9.400996,152400,0.000,0.0,-,8.987318,9.730734,9.820555,9.724055,176576.0
06/02/2011,9.918102,9.918102,9.664368,9.731816,135000,0.000,0.0,-,8.976040,9.726807,9.853406,9.767063,176060.0
06/01/2011,10.062634,10.062634,9.837806,9.927737,470600,0.000,0.0,-,8.963295,9.714858,9.875308,9.775072,178008.0
05/31/2011,9.956641,10.114020,9.889193,10.104384,446400,0.075,0.0,-,8.948738,9.697072,9.893647,9.759973,172632.0
05/27/2011,9.805514,9.808710,9.674476,9.770357,116800,0.000,0.0,-,8.933312,9.670129,9.897880,9.731365,176832.0
05/26/2011,9.639317,9.783140,9.562612,9.754375,159400,0.000,0.0,-,8.920234,9.652678,9.893405,9.742551,177816.0
05/25/2011,9.466730,9.671278,9.406005,9.648906,145600,0.000,0.0,-,8.907770,9.635931,9.889570,9.773873,178896.0
05/24/2011,9.632925,9.680866,9.463534,9.469926,212200,0.000,0.0,-,8.897092,9.620590,9.885255,9.804555,179628.0
05/23/2011,9.658496,9.747986,9.597771,9.636124,120000,0.000,0.0,-,8.888096,9.611129,9.890209,9.865280,178116.0
05/20/2011,9.779945,9.856650,9.671279,9.795925,117200,0.000,0.0,-,8.878190,9.601669,9.883018,9.897880,178528.0
05/19/2011,9.863043,9.885415,9.680868,9.831082,125000,0.000,0.0,-,8.867894,9.587798,9.867837,9.917056,180560.0
05/18/2011,9.802317,9.872631,9.693651,9.811906,98200,0.000,0.0,-,8.858240,9.577379,9.850418,9.939748,182100.0
05/17/2011,9.757572,9.847062,9.716023,9.776749,99600,0.000,0.0,-,8.848855,9.569517,9.829644,9.975544,183408.0
05/16/2011,9.811904,9.910982,9.767159,9.818295,132200,0.000,0.0,-,8.840951,9.557842,9.812226,10.027320,184916.0
05/13/2011,10.054808,10.061200,9.799124,9.882221,73000,0.000,0.0,-,8.832856,9.549597,9.802478,10.064395,185316.0
05/12/2011,9.910986,10.077181,9.866241,10.067593,102000,0.000,0.0,-,8.824394,9.541601,9.789853,10.044259,188772.0
05/11/2011,10.054808,10.089965,9.850260,9.955730,89200,0.000,0.0,-,8.814784,9.525572,9.764285,10.005267,190312.0
05/10/2011,9.987689,10.147492,9.946141,10.077179,184600,0.000,0.0,-,8.806710,9.511145,9.746387,9.965955,191984.0
05/09/2011,9.962117,9.987686,9.872627,9.962117,130000,0.000,0.0,-,8.798248,9.499948,9.727690,9.915138,192608.0
05/06/2011,10.150688,10.195433,9.971709,9.987689,101800,0.000,0.0,-,8.790000,9.491435,9.717782,9.868156,197024.0
05/05/2011,10.077178,10.217805,9.994081,10.058002,262600,0.000,0.0,-,8.780318,9.479103,9.716184,9.818617,201200.0
05/04/2011,10.227392,10.227392,10.067589,10.169863,204000,0.000,0.0,-,8.768570,9.463648,9.709792,9.761088,205660.0
05/03/2011,10.153887,10.316886,10.153887,10.294514,298000,0.000,0.0,-,8.757159,9.447673,9.693492,9.683744,209068.0
05/02/2011,10.227398,10.348849,10.067595,10.189045,518000,0.000,0.0,-,8.744590,9.429077,9.668722,9.597131,217784.0
04/29/2011,9.706430,9.706430,9.604156,9.680861,172000,0.000,0.0,-,8.731825,9.409856,9.646989,9.540561,216672.0
04/28/2011,9.537045,9.677671,9.498692,9.677671,132200,0.000,0.0,-,8.722985,9.400671,9.648428,9.535447,226712.0
04/27/2011,9.556219,9.578592,9.450749,9.562612,73600,0.000,0.0,-,8.714807,9.391614,9.644273,9.523302,233012.0
04/26/2011,9.492302,9.588184,9.453949,9.569008,136000,0.000,0.0,-,8.707549,9.389374,9.635643,9.526818,241012.0
04/25/2011,9.437966,9.492299,9.281359,9.492299,109800,0.000,0.0,-,8.699080,9.386688,9.621101,9.540241,243620.0
04/21/2011,9.556220,9.556220,9.402809,9.492299,93000,0.000,0.0,-,8.691419,9.384709,9.609595,9.567407,243840.0
04/20/2011,9.460340,9.482713,9.358067,9.482713,234400,0.000,0.0,-,8.683018,9.382157,9.596971,9.613751,244008.0
04/19/2011,9.479519,9.479519,9.290951,9.396421,92000,0.000,0.0,-,8.674524,9.380942,9.583068,9.658495,241152.0
04/18/2011,9.393224,9.514675,9.338891,9.428381,130400,0.000,0.0,-,8.664637,9.380182,9.569964,9.703240,241352.0
04/15/2011,9.591379,9.652104,9.514674,9.623340,237600,0.000,0.0,-,8.653740,9.376555,9.550468,9.740314,240540.0
04/14/2011,9.485908,9.639319,9.485908,9.629730,92000,0.000,0.0,-,8.642860,9.370048,9.507161,9.753417,237900.0
04/13/2011,9.664883,9.664883,9.501884,9.556217,148800,0.000,0.0,-,8.632718,9.360042,9.470566,9.761408,238576.0
04/12/2011,9.655298,9.696847,9.543437,9.597770,123800,0.000,0.0,-,8.622803,9.353732,9.438606,9.765243,238408.0
04/11/2011,9.738395,9.808708,9.668082,9.703238,175200,0.000,0.0,-,8.614001,9.341884,9.402810,9.744469,238688.0
04/08/2011,10.029238,10.029238,9.693652,9.763965,90200,0.000,0.0,-,8.604168,9.327801,9.367493,9.701962,239720.0
04/07/2011,9.936554,9.997280,9.885417,9.955730,124400,0.000,0.0,-,8.592962,9.318290,9.337450,9.651783,241140.0
04/06/2011,9.856651,9.949337,9.811907,9.930161,266600,0.000,0.0,-,8.580121,9.306088,9.294783,9.580192,241896.0
04/05/2011,9.763965,9.859847,9.719220,9.843866,205400,0.000,0.0,-,8.567517,9.289119,9.263781,9.507641,239540.0
04/04/2011,9.760769,9.840670,9.661690,9.799121,142000,0.000,0.0,-,8.556211,9.273113,9.242527,9.436688,237980.0
04/01/2011,9.747983,9.815100,9.690454,9.754375,194400,0.000,0.0,-,8.545206,9.255013,9.212222,9.360622,239488.0
03/31/2011,9.604165,9.716027,9.508283,9.709635,273800,0.000,0.0,-,8.534615,9.240415,9.194807,9.260905,238856.0
03/30/2011,9.409199,9.632923,9.354866,9.594570,403000,0.000,0.0,-,8.524530,9.230083,9.183445,9.179725,235696.0
03/29/2011,9.268578,9.425185,9.198265,9.390028,181400,0.000,0.0,-,8.515587,9.228857,9.167024,9.111968,231040.0
03/28/2011,9.274970,9.335694,9.243009,9.278166,134600,0.000,0.0,-,8.506046,9.232739,9.159240,9.061151,229220.0
03/25/2011,9.268575,9.271771,9.236614,9.262182,253400,0.000,0.0,-,8.497080,9.238350,9.171201,9.033025,228564.0
03/24/2011,9.255792,9.268576,9.179087,9.239812,115000,0.000,0.0,-,8.487486,9.244853,9.184914,9.023117,225532.0
03/23/2011,9.134342,9.233419,9.070420,9.204655,126600,0.000,0.0,-,8.476557,9.251294,9.191478,9.009374,225748.0
03/22/2011,9.044850,9.159909,9.003302,9.134340,232400,0.000,0.0,-,8.465976,9.257994,9.195507,9.019921,226184.0
03/21/2011,8.885048,9.038460,8.837108,9.038460,201800,0.000,0.0,-,8.456282,9.263428,9.207345,9.048366,223944.0
03/18/2011,8.977731,9.025672,8.744419,8.757203,656400,0.000,0.0,-,8.447508,9.273642,9.223659,9.063822,222980.0
03/17/2011,9.044848,9.258984,8.830712,8.897830,166000,0.000,0.0,-,8.441981,9.290563,9.247198,9.128709,215200.0
03/16/2011,8.869068,9.057635,8.798755,8.917008,213400,0.000,0.0,-,8.434964,9.302381,9.263389,9.187165,218460.0
03/15/2011,8.741223,8.961751,8.741223,8.881849,182200,0.000,0.0,-,8.427427,9.313434,9.278779,9.222079,221028.0
03/14/2011,9.051243,9.185478,8.964949,8.996910,136600,0.000,0.0,-,8.420977,9.322138,9.307216,9.257330,220292.0
03/11/2011,9.124754,9.300538,9.095989,9.163107,140600,0.000,0.0,-,8.414425,9.329049,9.329105,9.309376,221252.0
03/10/2011,9.191869,9.310123,9.057634,9.102379,218800,0.000,0.0,-,8.406317,9.333400,9.340617,9.346710,221308.0
03/09/2011,9.572203,9.722418,9.268577,9.310125,202000,0.075,0.0,-,8.398513,9.337248,9.353735,9.373582,221484.0
03/08/2011,9.186660,9.507828,9.097624,9.418792,163600,0.000,0.0,-,8.390578,9.334588,9.359327,9.371093,218728.0
03/07/2011,9.441051,9.498289,9.138963,9.193021,175000,0.000,0.0,-,8.382444,9.330708,9.356306,9.366324,216936.0
03/04/2011,9.447408,9.533265,9.291594,9.406070,152200,0.000,0.0,-,8.375236,9.332616,9.359009,9.383495,215228.0
03/03/2011,9.367910,9.511005,9.332932,9.482386,245800,0.000,0.0,-,8.368495,9.330072,9.353604,9.365688,216644.0
03/02/2011,9.247074,9.304312,9.173937,9.266153,179000,0.000,0.0,-,8.362030,9.323967,9.335955,9.339613,215528.0
03/01/2011,9.539628,9.571426,9.221640,9.234360,172800,0.000,0.0,-,8.356177,9.324794,9.334684,9.335480,220380.0
02/28/2011,9.539628,9.654104,9.425153,9.517369,215800,0.000,0.0,-,8.350718,9.324730,9.323236,9.357103,221040.0
02/25/2011,9.380636,9.536449,9.336117,9.536449,350800,0.000,0.0,-,8.345220,9.318497,9.297320,9.348835,220916.0
02/24/2011,9.297958,9.412433,9.228001,9.371095,310600,0.000,0.0,-,8.340363,9.311247,9.284918,9.334525,219372.0
02/23/2011,9.380634,9.412433,9.221641,9.285238,485600,0.000,0.0,-,8.334955,9.307749,9.283646,9.333889,215916.0
02/22/2011,9.243900,9.488750,9.186662,9.371095,374400,0.000,0.0,-,8.329742,9.307431,9.273470,9.347562,209668.0
02/18/2011,9.237539,9.371094,9.224820,9.364735,733800,0.000,0.0,-,8.322722,9.306350,9.257094,9.346289,205860.0
02/17/2011,9.224818,9.262976,9.142141,9.227998,462400,0.000,0.0,-,8.316846,9.305205,9.233563,9.334524,194112.0
02/16/2011,9.237536,9.418789,9.154860,9.221637,674000,0.000,0.0,-,8.312185,9.306859,9.223387,9.341519,188352.0
02/15/2011,9.393355,9.409254,9.189842,9.224821,447200,0.000,0.0,-,8.308463,9.307050,9.221956,9.332298,178664.0
02/14/2011,9.482389,9.596865,7.991027,9.450590,473600,0.000,0.0,-,8.305351,9.305078,9.237379,9.333888,173756.0
02/11/2011,9.364733,9.498288,9.364733,9.434690,266400,0.000,0.0,-,8.292740,9.301071,9.244056,9.289369,168720.0
02/10/2011,9.307490,9.421965,9.307490,9.393347,120800,0.000,0.0,-,8.281037,9.292804,9.250257,9.245805,168020.0
02/09/2011,9.367914,9.425152,9.313857,9.364735,101400,0.000,0.0,-,8.269275,9.284854,9.259956,9.235312,170192.0
02/08/2011,9.348832,9.421969,9.288415,9.421969,91600,0.000,0.0,-,8.257484,9.280338,9.269814,9.233403,170520.0
02/07/2011,9.227997,9.479207,9.218457,9.358372,102000,0.000,0.0,-,8.246486,9.274996,9.275696,9.199379,169164.0
02/04/2011,9.272516,9.307495,9.212098,9.247077,89800,0.000,0.0,-,8.236683,9.272007,9.278081,9.167898,170396.0
02/03/2011,9.107164,9.301136,9.091265,9.297956,105600,0.000,0.0,-,8.227561,9.265584,9.293186,9.132602,170156.0
02/02/2011,9.205741,9.304317,9.043567,9.129423,125800,0.000,0.0,-,8.218028,9.259351,9.308449,9.105255,170092.0
02/01/2011,9.084903,9.275696,9.024485,9.240717,140400,0.000,0.0,-,8.209401,9.256553,9.326415,9.111615,170280.0
01/31/2011,9.034024,9.088082,8.875031,9.005405,137800,0.000,0.0,-,8.199497,9.252098,9.337863,9.140870,172724.0
01/28/2011,9.269337,9.275697,8.976788,8.999047,226800,0.000,0.0,-,8.190098,9.245512,9.353444,9.198744,176736.0
01/27/2011,9.320214,9.402891,9.231178,9.288415,161200,0.000,0.0,-,8.181449,9.245068,9.370616,9.254709,175160.0
01/26/2011,9.107159,9.380629,9.059461,9.345650,162200,0.000,0.0,-,8.171917,9.242698,9.375226,9.284600,173944.0
01/25/2011,8.986327,9.100803,8.910010,9.081723,148800,0.000,0.0,-,8.160785,9.239627,9.372683,9.306224,174004.0
01/24/2011,8.836873,9.053104,8.836873,9.043565,127400,0.000,0.0,-,8.150613,9.244936,9.377452,9.352014,175692.0
01/21/2011,9.078547,9.116706,8.875035,8.894114,217400,0.000,0.0,-,8.140646,9.248602,9.386515,9.388264,177652.0
01/20/2011,9.132604,9.266159,9.011769,9.024488,162800,0.000,0.0,-,8.130614,9.249307,9.406230,9.453770,178752.0
01/19/2011,9.507828,9.520548,9.167582,9.193021,115800,0.000,0.0,-,8.119945,9.252785,9.418950,9.511643,179216.0
01/18/2011,9.542806,9.558705,9.377452,9.533266,170200,0.000,0.0,-,8.108402,9.254032,9.418155,9.541216,183980.0
01/14/2011,9.568246,9.606405,9.463311,9.584146,90400,0.000,0.0,-,8.094830,9.245309,9.406866,9.534856,189928.0
01/13/2011,9.571425,9.635022,9.504647,9.558705,101800,0.000,0.0,-,8.080064,9.233480,9.389218,9.508145,197312.0
01/12/2011,9.657284,9.673183,9.520549,9.587326,101800,0.000,0.0,-,8.065660,9.218930,9.371569,9.486522,212076.0
01/11/2011,9.584145,9.654103,9.526907,9.561886,125800,0.000,0.0,-,8.051333,9.190387,9.350900,9.465852,223976.0
01/10/2011,9.352010,9.577781,9.250254,9.539622,148400,0.000,0.0,-,8.036929,9.165075,9.332615,9.439141,226832.0
01/07/2011,9.552344,9.558704,9.291594,9.406070,120400,0.000,0.0,-,8.023528,9.139512,9.319101,9.402891,227844.0
01/06/2011,9.593684,9.644562,9.472849,9.549166,153600,0.000,0.0,-,8.010701,9.117380,9.314649,9.384766,228216.0
01/05/2011,9.491927,9.615942,9.491927,9.603223,267400,0.000,0.0,-,7.997205,9.093968,9.302566,9.358691,227084.0
01/04/2011,9.476029,9.536447,9.374273,9.488749,329000,0.000,0.0,-,7.983611,9.069982,9.287938,9.326256,225064.0
01/03/2011,9.412430,9.491926,9.380631,9.469667,341800,0.000,0.0,-,7.970418,9.049615,9.275060,9.295093,220076.0
12/31/2010,9.313854,9.428330,9.272516,9.317034,145400,0.000,0.0,-,7.956678,9.028489,9.257888,9.278876,217424.0
12/30/2010,9.399713,9.434692,9.332936,9.342475,184600,0.000,0.0,-,7.943233,9.012190,9.254549,9.270290,217704.0
12/29/2010,9.336115,9.406072,9.301136,9.380633,143400,0.000,0.0,-,7.929112,8.994938,9.238491,9.256617,217508.0
12/28/2010,9.189837,9.304313,9.084901,9.294773,227600,0.000,0.0,-,7.914112,8.979771,9.219253,9.235947,216688.0
12/27/2010,9.199378,9.218457,9.142140,9.177119,64200,0.000,0.0,-,7.899307,8.963347,9.211462,9.226090,217184.0
12/23/2010,9.282059,9.291598,9.199382,9.224821,74000,0.000,0.0,-,7.884761,8.950985,9.210349,9.235311,219204.0
12/22/2010,9.313855,9.345653,9.231178,9.288415,89600,0.000,0.0,-,7.869477,8.936655,9.209554,9.244532,222168.0
12/21/2010,9.240718,9.301135,9.170760,9.278876,223000,0.000,0.0,-,7.853811,8.919408,9.191429,9.246440,222996.0
12/20/2010,9.294774,9.339293,9.151680,9.177119,190000,0.000,0.0,-,7.838209,8.902416,9.176801,9.249620,221608.0
12/17/2010,9.240716,9.307493,9.173938,9.307493,421600,0.000,0.0,-,7.822741,8.887648,9.167420,9.255026,223248.0
12/16/2010,9.215279,9.317034,9.135782,9.231178,205800,0.000,0.0,-,7.806495,8.866854,9.152944,9.236900,218144.0
12/15/2010,9.173938,9.348831,9.158039,9.205737,209600,0.000,0.0,-,7.790005,8.848346,9.125192,9.238808,217248.0
12/14/2010,9.253433,9.393347,9.123058,9.173936,273600,0.000,0.0,-,7.773219,8.831613,9.113747,9.220365,220188.0
12/13/2010,9.297956,9.358374,9.196200,9.196200,137800,0.000,0.0,-,7.756656,8.807856,9.113545,9.202558,219816.0
12/10/2010,9.348831,9.348831,9.189837,9.269334,173200,0.000,0.0,-,7.739699,8.791567,9.113339,9.196834,221872.0
12/09/2010,9.396531,9.396531,9.291595,9.317034,184000,0.000,0.0,-,7.721548,8.776664,9.117231,9.185387,225444.0
12/08/2010,9.358371,9.364731,9.285234,9.307493,146400,0.000,0.0,-,7.702829,8.757896,9.112724,9.174576,227048.0
12/07/2010,9.304313,9.374270,9.221636,9.310673,174400,0.000,0.0,-,7.683485,8.735456,9.093817,9.136418,229732.0
12/06/2010,9.126242,9.253437,9.126242,9.231178,189600,0.000,0.0,-,7.664032,8.711370,9.088203,9.103983,229368.0
12/03/2010,9.183478,9.186658,9.072183,9.126241,201800,0.000,0.0,-,7.644915,8.688240,9.089413,9.079814,229348.0
12/02/2010,9.021308,9.253438,9.002228,9.250258,221800,0.000,0.0,-,7.625980,8.662019,9.087957,9.068988,231892.0
12/01/2010,9.103981,9.183478,8.967247,9.021305,231400,0.000,0.0,-,7.606131,8.635153,9.075077,9.011575,231268.0
11/30/2010,9.030845,9.043565,8.929089,8.995867,229400,0.000,0.0,-,7.587348,8.613625,9.065573,9.007128,237016.0
11/29/2010,9.126243,9.196200,8.999047,9.138962,117800,0.000,0.0,-,7.568770,8.591974,9.023789,9.024533,237820.0
11/26/2010,9.145323,9.221640,9.142143,9.154862,23800,0.000,0.0,-,7.548965,8.563345,8.981655,9.029844,243460.0
11/24/2010,9.027668,9.250259,8.995869,9.208920,163600,0.000,0.0,-,7.529887,8.530474,8.936986,9.049075,246292.0
11/23/2010,8.890931,8.932270,8.795535,8.925910,77800,0.065,0.0,-,7.519330,8.498990,8.891513,9.050872,250068.0
11/22/2010,8.951508,9.005319,8.815400,8.986326,102400,0.000,0.0,-,7.510156,8.471204,8.864147,9.051216,256248.0
11/19/2010,8.979997,9.081287,8.897699,8.989492,135200,0.000,0.0,-,7.500292,8.441324,8.835026,9.072424,260424.0
11/18/2010,8.777415,9.074954,8.777415,9.017979,262600,0.000,0.0,-,7.490567,8.406126,8.809070,9.099013,272200.0
11/17/2010,8.998990,8.998990,8.445060,8.676127,338400,0.000,0.0,-,7.480281,8.370104,8.778841,9.106926,276272.0
11/16/2010,9.087617,9.112940,8.900864,8.976831,148000,0.000,0.0,-,7.472527,8.340160,8.770137,9.138579,273860.0
11/15/2010,9.233222,9.287032,9.093948,9.169915,100400,0.000,0.0,-,7.463332,8.303000,8.745289,9.124019,275240.0
11/12/2010,9.249047,9.347172,9.182576,9.192072,165200,0.000,0.0,-,7.453233,8.265269,8.717909,9.023046,280572.0
11/11/2010,9.131938,9.407320,9.081293,9.347179,233200,0.000,0.0,-,7.442744,8.222601,8.681983,8.933467,283996.0
11/10/2010,8.957837,9.230054,8.904027,9.226889,225400,0.000,0.0,-,7.431402,8.175311,8.642574,8.824897,291032.0
11/09/2010,9.192072,9.192072,8.853382,8.929350,272400,0.000,0.0,-,7.421282,8.126818,8.606648,8.732153,293664.0
11/08/2010,9.195237,9.242717,9.147757,9.198402,186000,0.000,0.0,-,7.412200,8.083458,8.581484,8.677077,292172.0
11/05/2010,9.122437,9.255381,9.093949,9.255381,354000,0.000,0.0,-,7.401882,8.038053,8.543026,8.597627,293488.0
11/04/2010,9.100278,9.109774,8.919855,9.097113,467600,0.000,0.0,-,7.391402,7.990438,8.502193,8.519127,291644.0
11/03/2010,8.837558,9.112941,8.815401,8.992659,459600,0.000,0.0,-,7.382335,7.944855,8.460728,8.450757,291092.0
11/02/2010,8.312117,8.850220,8.312117,8.831228,840000,0.000,0.0,-,7.374536,7.898845,8.426384,8.401695,292788.0
11/01/2010,8.362764,8.362764,7.979760,8.160184,696800,0.000,0.0,-,7.368166,7.857384,8.403277,8.366560,283120.0
10/29/2010,8.236148,8.334273,8.188668,8.296288,268600,0.000,0.0,-,7.364902,7.830792,8.394572,8.412773,275912.0
10/28/2010,8.400746,8.445060,8.185504,8.261472,199000,0.000,0.0,-,7.361656,7.802170,8.398846,8.430499,278776.0
10/27/2010,8.334274,8.356431,8.179174,8.299456,139000,0.000,0.0,-,7.358538,7.779845,8.411982,8.460252,281312.0
10/26/2010,8.337438,8.473547,8.302619,8.378587,97000,0.000,0.0,-,7.355028,7.757515,8.415938,8.481143,281500.0
10/25/2010,8.536849,8.596990,8.365922,8.403906,166400,0.000,0.0,-,7.351681,7.730267,8.406284,8.485892,283136.0
10/22/2010,8.445060,8.511532,8.381754,8.470383,79600,0.000,0.0,-,7.348519,7.702576,8.391407,8.488424,283504.0
10/21/2010,8.555846,8.638144,8.239314,8.413406,209200,0.000,0.0,-,7.345195,7.676262,8.371624,8.485259,287004.0
10/20/2010,8.530524,8.612822,8.492540,8.502036,159400,0.000,0.0,-,7.341270,7.653226,8.341711,8.470698,287712.0
10/19/2010,8.514696,8.679292,8.400745,8.479877,174800,0.000,0.0,-,7.336111,7.633452,8.311957,8.451073,289112.0
10/18/2010,8.489373,8.634978,8.479878,8.622316,102400,0.000,0.0,-,7.331124,7.617267,8.285211,8.439995,293452.0
10/15/2010,8.644473,8.644473,8.448224,8.473546,252400,0.000,0.0,-,7.324649,7.597919,8.249759,8.376372,296456.0
10/14/2010,8.483042,8.578002,8.403910,8.559011,165200,0.000,0.0,-,7.319134,7.583182,8.211459,8.367193,297096.0
10/13/2010,8.470383,8.596996,8.438730,8.508367,222200,0.000,0.0,-,7.313550,7.570008,8.159073,8.363711,298812.0
10/12/2010,8.397579,8.470382,8.280463,8.426067,131000,0.000,0.0,-,7.308809,7.558539,8.115391,8.350733,300376.0
10/11/2010,8.416572,8.530523,8.362761,8.429233,153600,0.000,0.0,-,7.304262,7.553939,8.070919,8.326676,324652.0
10/08/2010,8.293123,8.492538,8.245643,8.438727,272000,0.000,0.0,-,7.300026,7.549338,8.024072,8.294390,327424.0
10/07/2010,8.375424,8.375424,8.267804,8.267804,166400,0.000,0.0,-,7.295105,7.544359,7.963615,8.257989,325756.0
10/06/2010,8.340605,8.384919,8.232984,8.305786,161000,0.000,0.0,-,7.291179,7.541917,7.911070,8.212724,326860.0
10/05/2010,8.128526,8.369090,8.027236,8.369090,356600,0.000,0.0,-,7.286768,7.542618,7.854727,8.172841,328552.0
10/04/2010,8.337441,8.419739,7.935446,7.986091,255000,0.000,0.0,-,7.281978,7.542933,7.792213,8.130426,327916.0
10/01/2010,8.546348,8.546348,8.350098,8.381751,240600,0.000,0.0,-,7.279786,7.549460,7.757077,8.123146,327836.0
09/30/2010,8.502036,8.546350,8.308951,8.524193,351800,0.000,0.0,-,7.275010,7.542852,7.690922,8.055725,330560.0
09/29/2010,8.176007,8.413405,8.169676,8.378587,264200,0.000,0.0,-,7.269849,7.526536,7.613847,7.954435,326460.0
09/28/2010,8.147517,8.207658,8.055723,8.185501,280600,0.000,0.0,-,7.265322,7.516719,7.535031,7.880050,324868.0
09/27/2010,8.068386,8.138023,8.024072,8.106370,156200,0.000,0.0,-,7.261108,7.508624,7.463824,7.815161,322224.0
09/24/2010,7.929112,8.087378,7.913285,8.074717,188600,0.000,0.0,-,7.256886,7.499217,7.404911,7.753754,325852.0
09/23/2010,7.834151,7.948103,7.739192,7.815159,329000,0.000,0.0,-,7.253087,7.495981,7.344906,7.669240,325744.0
09/22/2010,7.919618,7.982924,7.821493,7.906956,190600,0.000,0.0,-,7.251796,7.500515,7.295048,7.609416,322672.0
09/21/2010,7.929112,8.033567,7.862640,7.944939,518800,0.000,0.0,-,7.251227,7.504599,7.234307,7.536613,323880.0
09/20/2010,7.713871,7.913285,7.685383,7.913285,269600,0.000,0.0,-,7.246772,7.503203,7.174971,7.453999,316356.0
09/17/2010,7.568267,7.751855,7.425828,7.707541,399800,0.000,0.0,-,7.242615,7.504139,7.120835,7.391009,314516.0
09/16/2010,7.599921,7.599921,7.441656,7.511292,165400,0.000,0.0,-,7.238881,7.506232,7.078718,7.326120,311464.0
09/15/2010,7.520789,7.660063,7.492301,7.634740,352400,0.000,0.0,-,7.235942,7.511684,7.060413,7.273259,315312.0
09/14/2010,7.498629,7.549274,7.400504,7.536613,386800,0.000,0.0,-,7.232494,7.507368,7.037824,7.190011,319480.0
09/13/2010,7.280222,7.530282,7.254899,7.492298,311200,0.000,0.0,-,7.230453,7.501617,7.011804,7.112486,316004.0
09/10/2010,7.216916,7.270727,7.150445,7.229578,724000,0.000,0.0,-,7.228680,7.500716,6.988157,7.056067,317812.0
09/09/2010,7.302379,7.302379,7.169436,7.216916,466200,0.000,0.0,-,7.228485,7.508152,6.984410,7.020572,308868.0
09/08/2010,7.144114,7.248569,7.118791,7.178932,217800,0.000,0.0,-,7.227515,7.515276,6.986645,6.980680,305732.0
09/07/2010,7.248570,7.254901,7.112462,7.118793,217000,0.000,0.0,-,7.226765,7.528445,7.003365,6.932001,306576.0
09/03/2010,7.153610,7.296049,7.147280,7.283388,367000,0.000,0.0,-,7.227042,7.540803,7.030957,6.895943,312140.0
09/02/2010,7.008006,7.102966,6.963692,7.058651,336400,0.000,0.0,-,7.226573,7.545591,7.049533,6.850662,310228.0
09/01/2010,6.909880,7.020666,6.811756,6.982682,585000,0.065,0.0,-,7.227305,7.552167,7.083435,6.831315,306700.0
08/31/2010,6.748775,6.862040,6.679556,6.802261,357000,0.000,0.0,-,7.227830,7.560703,7.129317,6.847568,297432.0
08/30/2010,6.880918,6.934405,6.751920,6.761359,197800,0.000,0.0,-,7.229196,7.576309,7.185950,6.885637,294948.0
08/27/2010,6.934407,6.962723,6.777093,6.928114,251800,0.000,0.0,-,7.231306,7.593047,7.257685,6.911123,296448.0
08/26/2010,6.833725,6.997332,6.833725,6.874627,261800,0.000,0.0,-,7.232397,7.607205,7.321240,6.920247,294320.0
08/25/2010,6.635508,6.868333,6.626069,6.817993,440000,0.000,0.0,-,7.234312,7.623566,7.386997,6.948248,293480.0
08/24/2010,6.654386,6.764506,6.399537,6.692142,544400,0.000,0.0,-,7.236433,7.643325,7.453383,6.992611,291508.0
08/23/2010,6.858893,6.887210,6.745627,6.758212,356600,0.000,0.0,-,7.240356,7.659119,7.535816,7.074729,286104.0
08/20/2010,6.827430,6.893501,6.777089,6.830575,336400,0.000,0.0,-,7.242945,7.673655,7.617147,7.165971,284468.0
08/19/2010,7.098012,7.116891,6.805408,6.865188,411800,0.000,0.0,-,7.246902,7.683912,7.691242,7.248404,283888.0
08/18/2010,7.145205,7.214424,7.079133,7.145205,325800,0.000,0.0,-,7.250254,7.687687,7.750550,7.335556,279440.0
08/17/2010,7.113743,7.201838,7.006769,7.182961,148400,0.000,0.0,-,7.252854,7.686555,7.778709,7.411066,279844.0
08/16/2010,6.962723,7.101159,6.934407,7.016210,178800,0.000,0.0,-,7.255620,7.686806,7.813947,7.486262,287012.0
08/13/2010,7.154646,7.160938,6.931260,7.019355,184800,0.000,0.0,-,7.259406,7.692155,7.852175,7.604247,295372.0
08/12/2010,7.132619,7.214423,7.057109,7.154643,254600,0.000,0.0,-,7.263840,7.704803,7.883008,7.722233,300520.0
08/11/2010,7.337129,7.409493,7.242741,7.261618,244600,0.000,0.0,-,7.268076,7.711599,7.920921,7.825745,307704.0
08/10/2010,7.569953,7.610855,7.390615,7.513319,229400,0.000,0.0,-,7.271669,7.714557,7.959935,7.914156,310260.0
08/09/2010,7.733563,7.777610,7.598272,7.670637,391800,0.000,0.0,-,7.274435,7.716130,7.989825,7.996903,311768.0
08/06/2010,7.620294,7.670635,7.415786,7.654903,252600,0.000,0.0,-,7.276292,7.716444,8.000050,8.068324,312208.0
08/05/2010,7.809069,7.881433,7.717827,7.736705,284400,0.000,0.0,-,7.279571,7.714179,8.015310,8.134081,317012.0
08/04/2010,7.963238,8.000993,7.840533,7.900312,251000,0.000,0.0,-,7.282564,7.710278,8.019085,8.165544,329752.0
08/03/2010,8.139430,8.158307,7.906604,7.934921,300400,0.000,0.0,-,7.284693,7.706734,8.013264,8.146352,334700.0
08/02/2010,8.756098,9.240626,8.098526,8.196060,1344800,0.000,0.0,-,7.286557,7.703875,7.987465,8.141632,339328.0
07/30/2010,8.063920,8.277867,7.969532,8.199210,292200,0.000,0.0,-,7.287052,7.694980,7.940114,8.100102,324988.0
07/29/2010,8.211793,8.290450,8.010430,8.189769,188600,0.000,0.0,-,7.287162,7.692155,7.902516,8.043783,325396.0
07/28/2010,8.296744,8.369109,8.089089,8.145722,221600,0.000,0.0,-,7.287612,7.692148,7.873098,8.016097,331364.0
07/27/2010,8.444622,8.485523,8.312478,8.340795,245600,0.000,0.0,-,7.287943,7.691144,7.844467,8.005714,343024.0
07/26/2010,8.337645,8.413156,8.252695,8.384839,324800,0.000,0.0,-,7.286819,7.687177,7.819297,7.982746,346292.0
07/23/2010,7.997848,8.318769,7.975824,8.312476,251000,0.000,0.0,-,7.284734,7.687837,7.786890,7.931776,350664.0
07/22/2010,7.827946,8.107966,7.824800,8.051332,376800,0.000,0.0,-,7.283320,7.692886,7.747404,7.896538,354180.0
07/21/2010,7.963240,8.073360,7.702099,7.708392,146800,0.000,0.0,-,7.282115,7.697651,7.714211,7.872626,354572.0
07/20/2010,7.680074,7.894021,7.582539,7.887728,184600,0.000,0.0,-,7.282038,7.708335,7.699266,7.880177,360472.0
07/19/2010,7.673780,7.793340,7.607709,7.780754,148400,0.000,0.0,-,7.281374,7.709925,7.684007,7.833298,371364.0
07/16/2010,7.840536,7.890876,7.629735,7.636027,337600,0.000,0.0,-,7.283035,7.718098,7.674882,7.780126,380508.0
07/15/2010,8.038751,8.038751,7.818512,7.912900,183200,0.000,0.0,-,7.285991,7.731293,7.674882,7.761248,389376.0
07/14/2010,8.101676,8.126847,7.969532,8.041897,175400,0.000,0.0,-,7.288351,7.742581,7.663870,7.730100,406716.0
07/13/2010,7.963240,8.145724,7.950655,8.111115,251000,0.000,0.0,-,7.289139,7.753792,7.652071,7.683220,467652.0
07/12/2010,7.960092,7.978970,7.818509,7.875143,142600,0.000,0.0,-,7.290584,7.730136,7.620609,7.655847,473600.0
07/09/2010,7.821658,7.966387,7.812219,7.960094,177600,0.000,0.0,-,7.294013,7.714516,7.601102,7.642003,498952.0
07/08/2010,7.887726,7.944359,7.730411,7.812215,247200,0.000,0.0,-,7.296754,7.696133,7.570268,7.598270,509452.0
07/07/2010,7.466124,7.802776,7.390613,7.783898,357800,0.000,0.0,-,7.299817,7.680019,7.532356,7.555795,532676.0
07/06/2010,7.374886,7.462981,7.337130,7.418933,560800,0.000,0.0,-,7.302976,7.668790,7.497589,7.518355,535664.0
07/02/2010,7.507029,7.507029,7.201840,7.249034,213000,0.000,0.0,-,7.306817,7.668365,7.486420,7.534715,529116.0
07/01/2010,7.569955,7.576248,7.283644,7.447250,401600,0.000,0.0,-,7.311230,7.671839,7.488150,7.569639,528412.0
06/30/2010,7.591978,7.661197,7.541638,7.601417,276800,0.000,0.0,-,7.314914,7.670723,7.498376,7.588516,523408.0
06/29/2010,7.730413,7.761876,7.519612,7.573099,309400,0.000,0.0,-,7.317178,7.666773,7.493027,7.597641,522872.0
06/28/2010,7.724120,7.934921,7.689512,7.837387,260000,0.000,0.0,-,7.319523,7.660511,7.484846,7.620923,523416.0
06/25/2010,7.576244,7.787045,7.475564,7.736705,495200,0.000,0.0,-,7.319774,7.646272,7.472576,7.585370,530056.0
06/24/2010,7.327690,7.623440,7.296227,7.522759,271400,0.000,0.0,-,7.319694,7.636926,7.470059,7.560200,527260.0
06/23/2010,7.387471,7.456689,7.293082,7.387471,160000,0.000,0.0,-,7.319310,7.634112,7.471003,7.542267,529188.0
06/22/2010,7.632878,7.705242,7.378029,7.409492,121600,0.000,0.0,-,7.320143,7.628746,7.478711,7.508916,532696.0
06/21/2010,7.705245,7.831097,7.519615,7.582541,232800,0.000,0.0,-,7.319460,7.621500,7.494393,7.476824,534796.0
06/18/2010,7.673778,7.695802,7.566804,7.598267,272800,0.000,0.0,-,7.317604,7.610856,7.504865,7.438124,535344.0
06/17/2010,7.717831,7.730416,7.569955,7.636027,145400,0.000,0.0,-,7.315777,7.596643,7.512517,7.406662,533648.0
06/16/2010,7.736707,7.796486,7.676927,7.692659,219800,0.000,0.0,-,7.314872,7.581737,7.533614,7.408235,546012.0
06/15/2010,7.560514,7.831094,7.532197,7.805923,341400,0.000,0.0,-,7.314087,7.565574,7.558452,7.388413,549860.0
06/14/2010,7.525906,7.620295,7.444103,7.481859,274200,0.000,0.0,-,7.313167,7.545831,7.572932,7.348770,548456.0
06/11/2010,7.223862,7.494443,7.223862,7.485004,274800,0.000,0.0,-,7.313729,7.528814,7.605962,7.359782,554404.0
06/10/2010,7.129477,7.365448,7.085429,7.343424,307400,0.000,0.0,-,7.314152,7.512672,7.652604,7.379918,561088.0
06/09/2010,7.142059,7.217569,6.997330,7.053963,189400,0.000,0.0,-,7.315405,7.500239,7.713679,7.399739,563816.0
06/08/2010,7.201837,7.255324,6.972159,7.088572,346000,0.000,0.0,-,7.318429,7.492781,7.775457,7.448506,568208.0
06/07/2010,7.293080,7.359152,7.170375,7.195546,506800,0.000,0.0,-,7.319836,7.488199,7.833159,7.511963,570400.0
06/04/2010,7.541636,7.569953,7.245886,7.283641,596800,0.000,0.0,-,7.320661,7.481101,7.871743,7.571607,574308.0
06/03/2010,7.617148,7.698951,7.507029,7.651757,442200,0.000,0.0,-,7.320094,7.472430,7.917031,7.618372,569224.0
06/02/2010,7.481858,7.507028,7.381176,7.494442,613800,0.000,0.0,-,7.317610,7.457084,7.949233,7.658994,570156.0
06/01/2010,7.522758,7.560513,7.400053,7.409492,372400,0.000,0.0,-,7.316926,7.444196,7.998376,7.728490,565004.0
05/28/2010,7.651758,7.711537,7.547930,7.591978,304800,0.000,0.0,-,7.316713,7.430442,8.058025,7.797093,577052.0
05/27/2010,7.724121,7.765023,7.566807,7.686366,413800,0.000,0.0,-,7.315280,7.411160,8.024840,7.852142,584364.0
05/26/2010,7.588830,7.752436,7.500734,7.541635,492800,0.065,0.0,-,7.312960,7.387799,7.995229,7.925289,589400.0
05/25/2010,7.551024,7.644903,7.450886,7.541636,921400,0.000,0.0,-,7.312225,7.364580,7.970195,8.027618,594964.0
05/24/2010,7.763818,7.804500,7.638646,7.723137,498400,0.000,0.0,-,7.312211,7.340422,7.943439,8.102408,584508.0
05/21/2010,7.610481,7.879602,7.607352,7.791981,531800,0.000,0.0,-,7.309477,7.311319,7.918405,8.154355,587992.0
05/20/2010,7.785722,7.888990,7.563542,7.751300,627800,0.000,0.0,-,7.307213,7.278837,7.898690,8.171879,583844.0
05/19/2010,8.126818,8.198792,7.923412,8.057973,312600,0.000,0.0,-,7.306858,7.246918,7.882261,8.215689,579948.0
05/18/2010,8.180014,8.305187,8.126816,8.189403,487000,0.000,0.0,-,7.306351,7.208928,7.848934,8.239472,584116.0
05/17/2010,8.180016,8.283283,7.870214,8.095525,804600,0.000,0.0,-,7.303897,7.166807,7.809661,8.268261,582400.0
05/14/2010,8.323963,8.323963,7.998514,8.142463,409000,0.000,0.0,-,7.302773,7.126064,7.767885,8.318956,579188.0
05/13/2010,8.524238,8.605601,8.377161,8.417842,543400,0.000,0.0,-,7.300538,7.081878,7.717034,8.197539,577992.0
05/12/2010,8.330221,8.583695,8.280152,8.564919,426800,0.000,0.0,-,7.296712,7.030495,7.659611,8.065169,575644.0
05/11/2010,8.158110,8.417843,8.061102,8.289541,396400,0.000,0.0,-,7.292534,6.976420,7.600467,7.912772,579392.0
05/10/2010,8.305187,8.364643,8.117428,8.242600,441800,0.000,0.0,-,7.288919,6.926727,7.541949,7.784470,582900.0
05/07/2010,8.176886,8.248861,7.954706,7.967223,729200,0.000,0.0,-,7.284955,6.874655,7.482180,7.682455,583512.0
05/06/2010,8.273894,8.361514,7.826403,8.189403,605600,0.000,0.0,-,7.280909,6.826777,7.436335,7.625501,579968.0
05/05/2010,8.039195,8.477298,8.039195,8.295798,781000,0.000,0.0,-,7.275751,6.771763,7.371246,7.548833,578064.0
05/04/2010,8.358387,8.514852,8.258249,8.477301,1050200,0.000,0.0,-,7.270216,6.714250,7.300993,7.458397,580980.0
05/03/2010,8.111170,8.705739,7.644903,8.602471,3222200,0.000,0.0,-,7.264049,6.652857,7.221352,7.351061,571476.0
04/30/2010,7.072237,7.087884,6.878220,6.928289,548400,0.000,0.0,-,7.257180,6.587595,7.132167,7.216814,516864.0
04/29/2010,7.081626,7.141083,6.790601,7.094143,1410200,0.000,0.0,-,7.258190,6.554635,7.117303,7.236529,521820.0
04/28/2010,7.025301,7.156732,7.000266,7.040947,702600,0.000,0.0,-,7.256896,6.518049,7.096493,7.254053,507368.0
04/27/2010,7.188026,7.234967,6.878225,7.006526,1408400,0.000,0.0,-,7.255315,6.482836,7.080533,7.288163,529780.0
04/26/2010,7.378912,7.438369,7.197412,7.222447,507200,0.000,0.0,-,7.253768,6.446262,7.064261,7.299429,563464.0
04/23/2010,7.428982,7.428982,7.341361,7.397688,233400,0.000,0.0,-,7.251310,6.408600,7.046111,7.281904,757668.0
04/22/2010,7.328844,7.447758,7.260000,7.422723,177800,0.000,0.0,-,7.248053,6.402594,7.018260,7.247169,757240.0
04/21/2010,7.363267,7.416466,7.306940,7.391431,151400,0.000,0.0,-,7.244226,6.395963,6.989626,7.193658,763144.0
04/20/2010,7.288161,7.438368,7.266255,7.403945,250000,0.000,0.0,-,7.241691,6.388405,6.964279,7.143589,765532.0
04/19/2010,7.119177,7.291289,7.097272,7.259996,336600,0.000,0.0,-,7.239924,6.381218,6.936584,7.091642,765996.0
04/16/2010,7.272518,7.272518,7.112923,7.125441,592000,0.000,0.0,-,7.240166,6.375232,6.909672,7.047520,763196.0
04/15/2010,7.391431,7.497827,7.263129,7.269388,355400,0.000,0.0,-,7.240282,6.375230,6.884794,6.998076,758796.0
04/14/2010,7.153605,7.460277,7.131700,7.382044,367800,0.000,0.0,-,7.239879,6.372598,6.847242,6.938932,760136.0
04/13/2010,7.031563,7.122313,7.031563,7.119184,335400,0.000,0.0,-,7.239081,6.367960,6.797173,6.872903,757336.0
04/12/2010,7.072238,7.072238,6.972101,7.047204,226600,0.000,0.0,-,7.239628,6.367462,6.757900,6.829092,755232.0
04/09/2010,6.906386,7.062852,6.884481,7.050335,260200,0.000,0.0,-,7.240304,6.368093,6.718940,6.810317,755536.0
04/08/2010,6.871965,6.943940,6.821896,6.887612,188000,0.000,0.0,-,7.240197,6.371146,6.674817,6.789350,758324.0
04/07/2010,6.862577,6.931422,6.862577,6.890741,763600,0.000,0.0,-,7.241534,6.375652,6.638204,6.785595,758448.0
04/06/2010,6.771825,6.928291,6.734274,6.884480,412200,0.000,0.0,-,7.244099,6.380531,6.601591,6.784969,746956.0
04/05/2010,6.671690,6.825026,6.615362,6.818768,271200,0.000,0.0,-,7.246172,6.386031,6.561536,6.781526,744100.0
04/01/2010,6.706110,6.809377,6.587196,6.631007,571600,0.000,0.0,-,7.247699,6.395331,6.523515,6.771825,743168.0
03/31/2010,6.652914,6.746793,6.577810,6.677948,609000,0.000,0.0,-,7.249627,6.411368,6.488623,6.771512,735480.0
03/30/2010,6.659169,6.812505,6.577807,6.721755,443800,0.000,0.0,-,7.252150,6.428950,6.447160,6.755552,726344.0
03/29/2010,6.840670,6.859446,6.649782,6.681075,409000,0.000,0.0,-,7.255145,6.444663,6.404132,6.721443,722532.0
03/26/2010,6.856316,6.950195,6.846928,6.859446,455600,0.000,0.0,-,7.258313,6.463985,6.360322,6.686708,715836.0
03/25/2010,6.856317,6.950196,6.828154,6.840671,702200,0.000,0.0,-,7.261188,6.479553,6.299300,6.627564,708808.0
03/24/2010,6.862574,6.884479,6.828152,6.850057,342600,0.000,0.0,-,7.264019,6.494688,6.235932,6.560284,697404.0
03/23/2010,6.868834,6.922032,6.825023,6.884480,488800,0.000,0.0,-,7.266280,6.511873,6.165366,6.490813,694228.0
03/22/2010,6.652910,6.859445,6.634135,6.850057,356200,0.000,0.0,-,7.268154,6.529611,6.092147,6.418213,688408.0
03/19/2010,6.721755,6.734272,6.505833,6.721755,974800,0.000,0.0,-,7.269156,6.548722,6.020028,6.341546,691648.0
03/18/2010,6.502704,6.643523,6.462023,6.627876,670400,0.000,0.0,-,7.270615,6.566857,5.950907,6.275205,680092.0
03/17/2010,6.399438,6.533998,6.377532,6.518352,665600,0.000,0.0,-,7.272774,6.583702,5.883530,6.205734,673028.0
03/16/2010,6.339983,6.408827,6.302431,6.380663,771000,0.000,0.0,-,7.275250,6.602986,5.820853,6.138767,672796.0
03/15/2010,6.239843,6.343110,6.230454,6.333722,398600,0.000,0.0,-,7.276371,6.621917,5.765836,6.086820,659240.0
03/12/2010,6.186646,6.374404,6.130318,6.268008,672600,0.000,0.0,-,7.278173,6.642657,5.708041,6.033935,657108.0
03/11/2010,6.114672,6.167870,6.089637,6.167870,324400,0.000,0.0,-,7.281056,6.666140,5.661608,5.971036,646276.0
03/10/2010,6.139705,6.170997,6.099024,6.155351,433000,0.000,0.0,-,7.286037,6.693986,5.708084,5.911579,644672.0
03/09/2010,6.080248,6.183516,6.058343,6.158481,521000,0.000,0.0,-,7.289889,6.721214,5.754875,5.839918,637368.0
03/08/2010,6.064604,6.114674,6.045829,6.083381,401200,0.000,0.0,-,7.294596,6.749683,5.797627,5.766080,631908.0
03/05/2010,5.948818,6.061474,5.939430,6.058344,644000,0.000,0.0,-,7.300061,6.777107,5.845687,5.698510,626476.0
03/04/2010,5.883103,5.933172,5.836163,5.933172,349200,0.000,0.0,-,7.305620,6.805591,5.890806,5.626610,625104.0
03/03/2010,5.898748,5.911265,5.829903,5.848680,426000,0.000,0.0,-,7.313409,6.835397,5.950414,5.561326,635272.0
03/02/2010,5.795480,5.889359,5.764187,5.861195,614200,0.000,0.0,-,7.320628,6.866646,6.014868,5.502938,631056.0
03/01/2010,5.667183,5.820519,5.654666,5.804873,571800,0.000,0.0,-,7.327860,6.900377,6.079318,5.444852,623028.0
02/26/2010,5.573301,5.654663,5.560784,5.639017,472400,0.000,0.0,-,7.335054,6.932812,6.143788,5.382147,615872.0
02/25/2010,5.363635,5.595204,5.363635,5.573299,552000,0.065,0.0,-,7.344588,6.969869,6.215775,5.352180,609860.0
02/24/2010,5.429420,5.510178,5.398359,5.438738,510400,0.000,0.0,-,7.355506,7.007868,6.297259,5.504589,603376.0
02/23/2010,5.420103,5.460482,5.382830,5.420103,926800,0.000,0.0,-,7.368028,7.045948,6.380968,5.669833,598012.0
02/22/2010,5.404573,5.420104,5.339346,5.407679,575000,0.000,0.0,-,7.380200,7.082786,6.466696,5.829174,588736.0
02/19/2010,5.261694,5.357982,5.249269,5.339346,491600,0.000,0.0,-,7.393641,7.120929,6.554287,5.992865,584996.0
02/18/2010,5.274118,5.292755,5.208891,5.280331,796200,0.000,0.0,-,7.409516,7.165283,6.651507,6.155002,581892.0
02/17/2010,5.302074,5.342453,5.249270,5.264801,687600,0.000,0.0,-,7.429536,7.215540,6.759133,6.339503,577452.0
02/16/2010,5.230633,5.333134,5.171618,5.280331,1823200,0.000,0.0,-,7.443554,7.251322,6.873747,6.526798,571728.0
02/12/2010,5.326921,5.407679,5.109496,5.177829,3092600,0.000,0.0,-,7.457876,7.287352,6.985100,6.713784,538700.0
02/11/2010,6.122077,6.212153,5.249269,5.339346,10217400,0.000,0.0,-,7.472818,7.323010,7.108567,6.905429,482696.0
02/10/2010,7.063218,7.116022,6.945188,7.097385,212000,0.000,0.0,-,7.485378,7.354692,7.223491,7.079369,285144.0
02/09/2010,7.094281,7.230949,7.060114,7.091175,473000,0.000,0.0,-,7.488415,7.351648,7.248495,7.089930,283160.0
02/08/2010,7.038369,7.053899,6.852005,7.013521,270800,0.000,0.0,-,7.491743,7.352394,7.279400,7.092103,275848.0
02/05/2010,6.948296,7.075645,6.811628,7.044584,273200,0.000,0.0,-,7.493627,7.354878,7.317295,7.104217,272936.0
02/04/2010,7.091172,7.091172,6.926550,6.960717,196600,0.000,0.0,-,7.495645,7.357798,7.355344,7.115709,272744.0
02/03/2010,7.131549,7.196777,7.088064,7.125337,372000,0.000,0.0,-,7.497685,7.359040,7.388734,7.148013,274032.0
02/02/2010,7.215411,7.271321,7.097381,7.137759,422400,0.000,0.0,-,7.497069,7.357114,7.405973,7.178763,272260.0
02/01/2010,7.100489,7.199883,7.044579,7.150186,227800,0.000,0.0,-,7.497812,7.357842,7.423212,7.220696,270064.0
01/29/2010,7.088068,7.280645,7.060113,7.094280,230200,0.000,0.0,-,7.498477,7.358631,7.432065,7.256416,274936.0
01/28/2010,7.234050,7.234050,7.053897,7.078746,241800,0.000,0.0,-,7.498872,7.360846,7.445887,7.311704,281880.0
01/27/2010,7.112913,7.262004,7.112913,7.202989,399600,0.000,0.0,-,7.499406,7.361025,7.464057,7.367614,283204.0
01/26/2010,7.116020,7.150187,7.050792,7.112914,194200,0.000,0.0,-,7.500616,7.358472,7.481917,7.407061,279644.0
01/25/2010,7.196782,7.196782,7.025948,7.134660,189000,0.000,0.0,-,7.501560,7.359882,7.502107,7.466698,280568.0
01/22/2010,7.293065,7.352080,7.112912,7.159503,269400,0.000,0.0,-,7.500057,7.360116,7.524470,7.530372,282880.0
01/21/2010,7.454585,7.498070,7.271326,7.283751,224600,0.000,0.0,-,7.497758,7.362077,7.539225,7.594979,283656.0
01/20/2010,7.488752,7.494964,7.386252,7.432843,187200,0.000,0.0,-,7.495373,7.361245,7.549164,7.629456,288120.0
01/19/2010,7.498070,7.597465,7.498070,7.557086,152200,0.000,0.0,-,7.492119,7.362124,7.548698,7.633183,295700.0
01/15/2010,7.672008,7.672008,7.435947,7.507386,253200,0.000,0.0,-,7.487863,7.356504,7.541398,7.625729,302340.0
01/14/2010,7.612995,7.675116,7.566404,7.647162,74200,0.000,0.0,-,7.482740,7.358796,7.543417,7.607713,303540.0
01/13/2010,7.647161,7.672010,7.479433,7.637843,104200,0.000,0.0,-,7.476781,7.356563,7.532391,7.580069,309300.0
01/12/2010,7.678220,7.687538,7.563295,7.597462,132000,0.000,0.0,-,7.470899,7.357110,7.525091,7.560501,315816.0
01/11/2010,7.786931,7.805568,7.675113,7.709280,183800,0.000,0.0,-,7.465906,7.359886,7.518879,7.556773,318624.0
01/08/2010,7.796254,7.796254,7.672011,7.771406,197800,0.000,0.0,-,7.460614,7.361166,7.500553,7.537516,319704.0
01/07/2010,7.600570,7.814889,7.572615,7.805571,518200,0.000,0.0,-,7.452735,7.363860,7.475083,7.518569,319112.0
01/06/2010,7.485645,7.640948,7.411099,7.628524,397000,0.000,0.0,-,7.443754,7.367785,7.450545,7.483470,318312.0
01/05/2010,7.467009,7.488752,7.404887,7.470115,317200,0.000,0.0,-,7.437032,7.374819,7.446973,7.468872,315320.0
01/04/2010,7.398675,7.482539,7.321023,7.482539,654000,0.000,0.0,-,7.428475,7.386751,7.463125,7.464212,312952.0
12/31/2009,7.345869,7.380036,7.302384,7.327233,93200,0.000,0.0,-,7.420849,7.397940,7.441693,7.457068,304140.0
12/30/2009,7.383145,7.470114,7.277538,7.370720,292000,0.000,0.0,-,7.414046,7.417608,7.429424,7.479121,305660.0
12/29/2009,7.578828,7.578828,7.426630,7.442161,131000,0.000,0.0,-,7.406108,7.436901,7.408924,7.484712,302328.0
12/28/2009,7.563293,7.600566,7.485642,7.560187,244200,0.000,0.0,-,7.398088,7.454580,7.382988,7.489682,303720.0
12/24/2009,7.585041,7.606783,7.470116,7.516707,67800,0.000,0.0,-,7.389463,7.469528,7.352238,7.480985,304984.0
12/23/2009,7.491857,7.606781,7.432841,7.581933,248000,0.000,0.0,-,7.381666,7.485099,7.332825,7.463591,307116.0
12/22/2009,7.473220,7.498069,7.414205,7.454584,129600,0.000,0.0,-,7.371955,7.497882,7.310617,7.431598,303892.0
12/21/2009,7.454584,7.566403,7.429736,7.482539,575400,0.000,0.0,-,7.363522,7.514386,7.297416,7.417620,303072.0
12/18/2009,7.488747,7.526020,7.398671,7.423520,857600,0.000,0.0,-,7.353726,7.528972,7.274431,7.425075,294632.0
12/17/2009,7.488750,7.569508,7.333446,7.411098,215200,0.000,0.0,-,7.345540,7.542824,7.254706,7.462038,280816.0
12/16/2009,7.482539,7.622313,7.473220,7.547766,212800,0.000,0.0,-,7.337538,7.553959,7.242859,7.426318,280224.0
12/15/2009,7.473220,7.650266,7.395568,7.426629,214000,0.000,0.0,-,7.329189,7.563597,7.224951,7.379727,279816.0
12/14/2009,7.498067,7.575719,7.429733,7.491855,171800,0.000,0.0,-,7.320712,7.571271,7.213872,7.333136,280024.0
12/11/2009,7.358293,7.538445,7.274428,7.473217,227800,0.000,0.0,-,7.311924,7.575294,7.193664,7.276295,280344.0
12/10/2009,7.271326,7.498069,7.262007,7.342765,242200,0.000,0.0,-,7.304284,7.580925,7.173770,7.223492,281816.0
12/09/2009,7.339657,7.339657,7.156399,7.262005,463000,0.000,0.0,-,7.296486,7.596330,7.165804,7.202060,281200.0
12/08/2009,7.526023,7.526023,7.262006,7.314809,388000,0.000,0.0,-,7.290009,7.615636,7.160022,7.189635,274760.0
12/07/2009,7.768299,7.793148,7.538450,7.557086,336400,0.000,0.0,-,7.284275,7.637035,7.157159,7.177211,270192.0
12/04/2009,7.193675,7.814890,7.153296,7.793148,574200,0.000,0.0,-,7.277634,7.649884,7.141410,7.123787,267660.0
12/03/2009,7.128445,7.184354,7.035263,7.053899,401400,0.000,0.0,-,7.270556,7.662025,7.125594,7.047373,263504.0
12/02/2009,6.945188,7.190568,6.945188,7.081855,171800,0.000,0.0,-,7.267767,7.692164,7.136703,7.059400,261552.0
12/01/2009,7.001097,7.032157,6.901702,6.960717,292400,0.000,0.0,-,7.264428,7.720693,7.163709,7.070175,264688.0
11/30/2009,6.938974,6.957611,6.802307,6.923444,339800,0.000,0.0,-,7.261072,7.749977,7.192448,7.094609,263020.0
11/27/2009,6.948296,7.032160,6.917235,6.945190,112800,0.000,0.0,-,7.258191,7.779822,7.229536,7.111033,267052.0
11/25/2009,7.175037,7.178143,7.122234,7.128446,107400,0.000,0.0,-,7.254913,7.804661,7.269089,7.124048,273160.0
11/24/2009,7.190562,7.199881,7.103593,7.137759,125200,0.000,0.0,-,7.250005,7.824723,7.301332,7.129547,279268.0
11/23/2009,7.140870,7.255795,7.140870,7.190567,263600,0.065,0.0,-,7.245248,7.845649,7.339749,7.130408,282428.0
11/20/2009,7.001222,7.047547,6.979604,7.022840,261000,0.000,0.0,-,7.240409,7.862924,7.380312,7.137107,280016.0
11/19/2009,7.100046,7.140194,6.998131,7.029015,283400,0.000,0.0,-,7.241205,7.883307,7.428181,7.159034,283264.0
11/18/2009,7.198872,7.235932,7.032103,7.174166,312600,0.000,0.0,-,7.239921,7.900478,7.480065,7.203815,284212.0
11/17/2009,7.195785,7.263728,7.121665,7.189609,471400,0.000,0.0,-,7.237137,7.911410,7.523456,7.214006,282400.0
11/16/2009,7.109312,7.239022,7.103135,7.205050,577400,0.000,0.0,-,7.234579,7.916537,7.579509,7.257243,276964.0
11/13/2009,7.078428,7.186519,6.979601,7.087693,308000,0.000,0.0,-,7.231034,7.923517,7.636025,7.290288,271320.0
11/12/2009,7.183430,7.276079,7.056809,7.075338,221600,0.000,0.0,-,7.227605,7.927223,7.697946,7.348039,269384.0
11/11/2009,7.211228,7.288436,7.130932,7.183434,240400,0.000,0.0,-,7.224480,7.929940,7.759558,7.414129,271536.0
11/10/2009,7.251374,7.276080,7.134018,7.146371,304600,0.000,0.0,-,7.221802,7.930929,7.815148,7.473116,277744.0
11/09/2009,7.294614,7.371822,7.242112,7.257554,308200,0.000,0.0,-,7.217290,7.937105,7.868885,7.549089,278140.0
11/06/2009,7.371820,7.449028,7.177256,7.242111,447800,0.000,0.0,-,7.211221,7.942664,7.919996,7.623517,276452.0
11/05/2009,7.322408,7.510796,7.211229,7.476824,566200,0.000,0.0,-,7.205047,7.950262,7.968483,7.697328,270368.0
11/04/2009,7.550939,7.659030,7.260637,7.276079,484200,0.000,0.0,-,7.197547,7.952609,8.000447,7.756315,262072.0
11/03/2009,7.513882,7.646680,7.467558,7.621974,313200,0.000,0.0,-,7.192357,7.958479,8.035036,7.832905,255756.0
11/02/2009,7.739330,7.921541,7.433586,7.535501,362200,0.000,0.0,-,7.183721,7.957923,8.055419,7.901775,255464.0
10/30/2009,7.677560,7.748591,7.541674,7.665206,430000,0.000,0.0,-,7.177112,7.960387,8.069162,7.981762,263872.0
10/29/2009,7.828890,7.835067,7.631237,7.736240,272400,0.000,0.0,-,7.169627,7.954481,8.070552,8.047853,258584.0
10/28/2009,7.912276,8.014190,7.730065,7.773301,237800,0.000,0.0,-,7.161164,7.946970,8.071479,8.104987,257644.0
10/27/2009,8.014191,8.082134,7.896835,7.906100,168200,0.000,0.0,-,7.154322,7.934909,8.088464,8.157179,259848.0
10/26/2009,7.964776,8.159340,7.936981,8.001836,478200,0.000,0.0,-,7.146695,7.919885,8.104524,8.188681,264892.0
10/23/2009,8.054342,8.094490,7.872131,7.980222,247400,0.000,0.0,-,7.139378,7.907000,8.123671,8.216475,264912.0
10/22/2009,8.051249,8.125369,7.992571,8.066691,198800,0.000,0.0,-,7.133808,7.894733,8.134634,8.239638,264000.0
10/21/2009,8.261252,8.344637,8.026540,8.041982,213400,0.000,0.0,-,7.127351,7.879507,8.151311,8.244579,267968.0
10/20/2009,8.375525,8.375525,8.193314,8.310670,169200,0.000,0.0,-,7.123142,7.863117,8.177254,8.237167,270980.0
10/19/2009,8.372436,8.431114,8.214931,8.335376,125400,0.000,0.0,-,7.117241,7.844793,8.187136,8.209064,274552.0
10/16/2009,8.279786,8.372436,8.239638,8.326111,200600,0.000,0.0,-,7.108788,7.828863,8.191614,8.156562,279724.0
10/15/2009,8.258167,8.338463,8.258167,8.307580,307400,0.000,0.0,-,7.100062,7.805869,8.196092,8.093251,281316.0
10/14/2009,8.301403,8.428025,8.221107,8.295227,174400,0.000,0.0,-,7.090488,7.786501,8.190070,8.037970,287840.0
10/13/2009,8.255081,8.319937,8.174785,8.221110,86800,0.000,0.0,-,7.078593,7.774200,8.181886,8.019749,296896.0
10/12/2009,8.218019,8.338463,8.218019,8.279785,88600,0.000,0.0,-,7.067068,7.768912,8.180033,8.020367,321844.0
10/09/2009,8.088312,8.239639,8.069781,8.211844,153400,0.000,0.0,-,7.053899,7.757289,8.168760,8.030867,326600.0
10/08/2009,8.060515,8.165518,8.038897,8.116105,166800,0.000,0.0,-,7.041632,7.750465,8.160267,8.029631,332204.0
10/07/2009,7.974042,8.085222,7.940071,7.967865,185600,0.000,0.0,-,7.030526,7.742054,8.148840,8.058044,336304.0
10/06/2009,7.850512,8.041988,7.816540,8.029634,192400,0.000,0.0,-,7.020283,7.735748,8.136487,8.117340,337028.0
10/05/2009,7.751679,7.862858,7.640499,7.810357,224400,0.000,0.0,-,7.008699,7.729742,8.107302,8.165208,340540.0
10/02/2009,7.693003,7.807271,7.637413,7.693003,187800,0.000,0.0,-,6.998454,7.724866,8.094485,8.226666,339748.0
10/01/2009,8.091397,8.134633,7.723886,7.754770,301400,0.000,0.0,-,6.988735,7.720001,8.073485,8.298933,344624.0
09/30/2009,8.258168,8.258168,7.974042,8.113017,211400,0.000,0.0,-,6.976310,7.708065,8.046308,8.342169,343416.0
09/29/2009,8.369347,8.397142,8.218020,8.227284,141000,0.000,0.0,-,6.963064,7.688963,8.002299,8.344022,343852.0
09/28/2009,8.267431,8.486701,8.199487,8.384787,159600,0.000,0.0,-,6.948519,7.668191,7.963695,8.339698,348316.0
09/25/2009,8.347729,8.446556,8.156253,8.199490,209800,0.000,0.0,-,6.933975,7.645375,7.921231,8.306653,350080.0
09/24/2009,8.570087,8.668913,8.273608,8.400229,366400,0.000,0.0,-,6.919462,7.625957,7.892355,8.290902,350652.0
09/23/2009,8.495971,8.616415,8.495971,8.560825,303800,0.000,0.0,-,6.905114,7.600558,7.852053,8.239636,350372.0
09/22/2009,8.461997,8.536117,8.418761,8.508322,328600,0.000,0.0,-,6.889114,7.566049,7.802492,8.155633,349576.0
09/21/2009,8.360078,8.489788,8.255076,8.424933,209000,0.000,0.0,-,6.870856,7.530378,7.756785,8.049395,355124.0
09/18/2009,8.205666,8.489791,8.205666,8.415671,541400,0.000,0.0,-,6.853471,7.495822,7.718473,7.962305,353352.0
09/17/2009,8.140811,8.397142,8.079044,8.187136,418200,0.000,0.0,-,6.834933,7.462127,7.666185,7.848037,346560.0
09/16/2009,8.184045,8.258164,8.075953,8.131543,412800,0.000,0.0,-,6.816080,7.433310,7.624863,7.750446,344368.0
09/15/2009,8.008014,8.184048,8.008014,8.184048,283200,0.000,0.0,-,6.801346,7.403823,7.576797,7.660577,341744.0
09/14/2009,8.023451,8.153161,7.977127,8.054335,143000,0.000,0.0,-,6.785393,7.377833,7.525339,7.587692,339984.0
09/11/2009,7.915360,8.106836,7.847417,8.041982,423400,0.000,0.0,-,6.768965,7.357755,7.490503,7.535809,341696.0
09/10/2009,7.693004,7.887568,7.609619,7.887568,330800,0.000,0.0,-,6.752948,7.343084,7.456747,7.493808,337780.0
09/09/2009,7.455202,7.720798,7.449026,7.720798,222000,0.000,0.0,-,6.736823,7.328308,7.427638,7.464469,336956.0
09/08/2009,7.594179,7.671387,7.356378,7.445940,199600,0.000,0.0,-,6.719133,7.317665,7.402722,7.449350,336260.0
09/04/2009,7.279169,7.575648,7.208138,7.554029,295200,0.000,0.0,-,6.704577,7.313195,7.400149,7.464174,342024.0
09/03/2009,7.242110,7.279169,7.081517,7.272993,211200,0.000,0.0,-,6.691376,7.306687,7.399392,7.474640,344592.0
09/02/2009,7.205050,7.337848,7.171078,7.211226,329200,0.000,0.0,-,6.679338,7.304877,7.394561,7.484332,344712.0
09/01/2009,7.399618,7.566388,7.155641,7.232849,550800,0.000,0.0,-,6.667610,7.301231,7.400959,7.499280,343092.0
08/31/2009,7.479912,7.544767,7.387262,7.455205,324400,0.000,0.0,-,6.657984,7.299671,7.423327,7.493018,339088.0
08/28/2009,7.612709,7.717712,7.504618,7.535501,223800,0.000,0.0,-,6.645050,7.298642,7.448401,7.462985,348548.0
08/27/2009,7.625062,7.689916,7.402702,7.621974,143600,0.065,0.0,-,6.634016,7.293917,7.456557,7.445198,352152.0
08/26/2009,7.566531,7.643333,7.502018,7.594180,151400,0.000,0.0,-,6.622595,7.283960,7.468992,7.419685,355616.0
08/25/2009,7.618756,7.677126,7.551171,7.569603,168400,0.000,0.0,-,6.611853,7.272409,7.474061,7.390807,356836.0
08/24/2009,7.655622,7.677126,7.523522,7.594180,298600,0.000,0.0,-,6.600874,7.264668,7.478208,7.356093,360148.0
08/21/2009,7.369915,7.677123,7.369915,7.658690,782600,0.000,0.0,-,6.590990,7.259199,7.484967,7.336125,360176.0
08/20/2009,7.326907,7.372988,7.308475,7.369916,165600,0.000,0.0,-,6.582512,7.252318,7.480359,7.324144,357136.0
08/19/2009,7.099571,7.372986,7.090355,7.360697,225400,0.000,0.0,-,6.575313,7.253608,7.484352,7.304790,362352.0
08/18/2009,7.197882,7.268540,7.121081,7.170234,348000,0.000,0.0,-,6.568566,7.254530,7.474215,7.302639,367156.0
08/17/2009,7.228603,7.268540,7.105720,7.154873,420400,0.000,0.0,-,6.559824,7.257172,7.473600,7.353635,368760.0
08/14/2009,7.342270,7.452865,7.299261,7.357630,479200,0.000,0.0,-,6.550166,7.259261,7.475290,7.433817,372320.0
08/13/2009,7.382206,7.400639,7.142584,7.366846,201800,0.000,0.0,-,6.538818,7.253116,7.469606,7.467917,367564.0
08/12/2009,7.250107,7.474369,7.247035,7.305405,397200,0.000,0.0,-,6.525455,7.246051,7.462694,7.518299,374628.0
08/11/2009,7.326910,7.326910,7.204027,7.222459,364000,0.000,0.0,-,6.513436,7.241135,7.453939,7.557314,376044.0
08/10/2009,7.471297,7.486658,7.286972,7.394495,347800,0.000,0.0,-,6.502358,7.236957,7.434585,7.600323,380800.0
08/07/2009,7.305404,7.603396,7.265467,7.538882,384000,0.000,0.0,-,6.490570,7.221167,7.401099,7.633809,390232.0
08/06/2009,7.357628,7.369916,7.105717,7.176375,280200,0.000,0.0,-,6.480797,7.204270,7.359011,7.636574,402992.0
08/05/2009,7.637187,7.664835,7.170231,7.339195,633600,0.000,0.0,-,6.473769,7.197635,7.336739,7.663915,413340.0
08/04/2009,7.922888,7.929032,7.609536,7.680194,627200,0.000,0.0,-,6.464979,7.194132,7.307093,7.645790,412972.0
08/03/2009,7.474373,8.015059,7.022777,7.956689,1334200,0.000,0.0,-,6.453778,7.179044,7.255943,7.593565,408320.0
07/31/2009,7.861452,7.898317,7.683272,7.698632,326400,0.000,0.0,-,6.440547,7.161909,7.202335,7.516763,392260.0
07/30/2009,7.772357,7.972043,7.729348,7.870664,433600,0.000,0.0,-,6.432140,7.151463,7.169925,7.471296,400644.0
07/29/2009,7.541952,7.744709,7.538880,7.695556,371800,0.000,0.0,-,6.423971,7.137453,7.141815,7.407089,411136.0
07/28/2009,7.637188,7.695557,7.498944,7.652548,221800,0.000,0.0,-,6.414858,7.133362,7.114473,7.350563,414264.0
07/27/2009,7.575748,7.732424,7.557316,7.729352,368000,0.000,0.0,-,6.404802,7.126159,7.091279,7.268846,419108.0
07/24/2009,7.372990,7.597252,7.348414,7.566531,184800,0.000,0.0,-,6.396422,7.117725,7.065934,7.168389,424992.0
07/23/2009,7.133367,7.468223,7.114934,7.449791,431600,0.000,0.0,-,6.389022,7.111265,7.049038,7.081449,435008.0
07/22/2009,7.157944,7.299260,7.093430,7.157944,241000,0.000,0.0,-,6.384881,7.113189,7.035674,7.009563,440180.0
07/21/2009,7.207097,7.256251,7.084214,7.157944,233200,0.000,0.0,-,6.386230,7.125165,7.029223,6.968396,445836.0
07/20/2009,7.262394,7.317691,7.130294,7.188664,364200,0.000,0.0,-,6.388029,7.140869,7.029069,6.918322,456832.0
07/17/2009,7.231676,7.280829,7.111865,7.243964,247800,0.000,0.0,-,6.391960,7.154186,7.039822,6.887908,463252.0
07/16/2009,7.111861,7.274682,7.056564,7.228601,238400,0.000,0.0,-,6.396668,7.171224,7.042587,6.868553,488816.0
07/15/2009,6.912178,7.185593,6.896818,7.130295,352400,0.000,0.0,-,6.399602,7.196941,7.037364,6.876541,509536.0
07/14/2009,6.740143,6.844594,6.604971,6.835377,264000,0.000,0.0,-,6.404397,7.240021,7.031681,6.878383,546660.0
07/13/2009,6.706349,6.740142,6.436006,6.724782,606000,0.000,0.0,-,6.410094,7.264681,7.049038,6.913712,549316.0
07/10/2009,6.709420,6.795438,6.614185,6.697131,120400,0.000,0.0,-,6.415804,7.293080,7.078837,6.963480,546504.0
07/09/2009,6.826159,6.826159,6.617258,6.730925,201800,0.000,0.0,-,6.422659,7.322460,7.109711,7.016627,557948.0
07/08/2009,6.681768,6.773930,6.543525,6.746282,308600,0.000,0.0,-,6.430864,7.344871,7.144887,7.061786,563688.0
07/07/2009,6.906033,6.936754,6.644906,6.657195,281600,0.000,0.0,-,6.441307,7.364042,7.177912,7.090050,567452.0
07/06/2009,7.041204,7.041204,6.743212,6.884528,195200,0.000,0.0,-,6.450346,7.386034,7.210168,7.139817,583464.0
07/02/2009,7.207093,7.247031,6.985904,7.050418,228600,0.000,0.0,-,6.457963,7.396146,7.228908,7.191736,610656.0
07/01/2009,7.207095,7.314618,7.127221,7.308474,227600,0.000,0.0,-,6.465533,7.404102,7.228908,7.216620,620648.0
06/30/2009,7.216308,7.243957,7.090353,7.148723,289600,0.000,0.0,-,6.470850,7.405308,7.214162,7.198188,637876.0
06/29/2009,7.216313,7.274682,7.010483,7.188664,187200,0.000,0.0,-,6.478815,7.402377,7.209708,7.184978,646248.0
06/26/2009,7.204027,7.247035,7.053494,7.222459,487800,0.000,0.0,-,6.486686,7.404330,7.200952,7.184364,650872.0
06/25/2009,7.179447,7.256249,7.022771,7.228601,423600,0.000,0.0,-,6.494959,7.405545,7.170078,7.194194,656632.0
06/24/2009,7.074997,7.311547,7.074997,7.182519,217200,0.000,0.0,-,6.502028,7.404439,7.143351,7.202796,663384.0
06/23/2009,7.151800,7.219386,6.992052,7.028916,248200,0.000,0.0,-,6.509749,7.404498,7.126455,7.227987,669884.0
06/22/2009,7.302333,7.323838,7.127225,7.154873,350600,0.000,0.0,-,6.517125,7.412822,7.133213,7.265774,675352.0
06/19/2009,7.489728,7.670981,7.376062,7.403710,797400,0.000,0.0,-,6.523255,7.415756,7.121759,7.280519,686100.0
06/18/2009,7.093432,7.320766,6.976692,7.299261,404000,0.000,0.0,-,6.528517,7.404365,7.106570,7.266081,678988.0
06/17/2009,6.985907,7.247033,6.899888,7.124150,316800,0.000,0.0,-,6.533158,7.392374,7.100422,7.241196,681036.0
06/16/2009,7.225528,7.250104,6.955185,7.016626,212400,0.000,0.0,-,6.538735,7.386024,7.102725,7.230137,685572.0
06/15/2009,7.204024,7.210168,7.081141,7.182519,334000,0.000,0.0,-,6.545271,7.381335,7.126442,7.234438,693752.0
06/12/2009,7.274682,7.326907,7.170231,7.320763,300000,0.000,0.0,-,6.549925,7.371802,7.131936,7.217541,700860.0
06/11/2009,7.397566,7.526593,7.286971,7.314620,630600,0.000,0.0,-,6.553782,7.355043,7.131282,7.145962,701596.0
06/10/2009,7.406783,7.514306,7.311548,7.434432,426400,0.000,0.0,-,6.557595,7.337857,7.127727,7.083906,694924.0
06/09/2009,7.302331,7.514304,7.286970,7.406782,465600,0.000,0.0,-,6.562455,7.318396,7.133303,7.024922,696100.0
06/08/2009,7.247031,7.428284,7.151797,7.302329,428200,0.000,0.0,-,6.566615,7.302239,7.150803,7.000653,698900.0
06/05/2009,7.096503,7.379135,7.056566,7.259323,598400,0.000,0.0,-,6.570938,7.289209,7.182843,6.962999,702816.0
06/04/2009,7.022769,7.074994,6.912174,7.050418,241400,0.000,0.0,-,6.575103,7.267935,7.212603,6.947060,700764.0
06/03/2009,7.016627,7.071925,6.930609,7.013555,555000,0.000,0.0,-,6.581524,7.247113,7.264876,6.959649,703588.0
06/02/2009,6.988978,7.219384,6.988978,7.059636,468000,0.000,0.0,-,6.589281,7.232526,7.339919,6.975313,702440.0
06/01/2009,6.712492,7.044276,6.712492,7.013555,601800,0.000,0.0,-,6.596030,7.206509,7.451152,7.018447,704660.0
05/29/2009,6.697131,6.733996,6.503590,6.604969,819400,0.000,0.0,-,6.602381,7.185384,7.503893,7.046331,700812.0
05/28/2009,6.881458,6.909107,6.537386,6.694062,1022000,0.000,0.0,-,6.610999,7.172615,7.580883,7.116602,694504.0
05/27/2009,7.139512,7.161017,6.841521,6.844593,797600,0.065,0.0,-,6.620474,7.154398,7.654487,7.171547,688448.0
05/26/2009,6.904408,7.258794,6.773041,7.164087,615200,0.000,0.0,-,6.628313,7.134270,7.704831,7.241685,692124.0
05/22/2009,7.124369,7.145754,6.907461,6.925791,394600,0.000,0.0,-,6.633851,7.107691,7.731868,7.300953,692400.0
05/21/2009,7.011334,7.237408,6.999114,7.099930,531200,0.000,0.0,-,6.641299,7.088322,7.773417,7.402686,694100.0
05/20/2009,7.194637,7.307674,7.118261,7.176307,745600,0.000,0.0,-,6.647562,7.059116,7.787928,7.478146,696548.0
05/19/2009,7.466537,7.466537,7.133536,7.170197,958200,0.000,0.0,-,6.653444,7.030948,7.801523,7.570103,697444.0
05/18/2009,7.356555,7.509308,7.264904,7.490978,528200,0.000,0.0,-,6.661346,6.998015,7.811452,7.704526,691128.0
05/15/2009,7.301565,7.356556,7.194638,7.292400,464000,0.000,0.0,-,6.666851,6.963921,7.787012,7.883857,693016.0
05/14/2009,7.289342,7.356553,7.191581,7.307673,662200,0.000,0.0,-,6.673154,6.934287,7.786707,7.961455,711488.0
05/13/2009,7.445152,7.454317,7.222133,7.243518,685600,0.000,0.0,-,6.677047,6.905691,7.785485,8.045164,708632.0
05/12/2009,7.787316,7.787316,7.442096,7.545968,690200,0.000,0.0,-,6.679928,6.875446,7.781972,8.137426,711848.0
05/11/2009,7.943124,7.943124,7.625399,7.756766,523800,0.000,0.0,-,6.681552,6.839214,7.763947,8.167977,714580.0
05/08/2009,7.878970,7.958400,7.579574,7.943125,783000,0.000,0.0,-,6.682616,6.802981,7.748366,8.162783,726288.0
05/07/2009,8.181420,8.303621,7.814814,7.854529,685200,0.000,0.0,-,6.683975,6.759782,7.716288,8.144147,731720.0
05/06/2009,8.590798,8.630513,7.820925,8.095880,1526000,0.000,0.0,-,6.685492,6.722022,7.665269,8.097711,737816.0
05/05/2009,9.149872,9.149872,8.425825,8.514421,1274400,0.000,0.0,-,6.684950,6.683467,7.595461,8.032944,723684.0
05/04/2009,8.416656,9.363721,8.416656,9.284289,2208600,0.000,0.0,-,6.682899,6.637756,7.510072,7.918379,709384.0
05/01/2009,8.105044,8.196695,7.943126,8.068383,396800,0.000,0.0,-,6.678225,6.579622,7.384968,7.690167,684904.0
04/30/2009,8.202802,8.450261,8.138646,8.144756,465400,0.000,0.0,-,6.678808,6.548174,7.316840,7.611958,685384.0
04/29/2009,7.869804,8.273070,7.851474,8.166143,692600,0.000,0.0,-,6.675972,6.513559,7.233743,7.525806,692004.0
04/28/2009,7.607068,7.906463,7.594848,7.851472,488800,0.000,0.0,-,6.672759,6.476027,7.148202,7.426517,689936.0
04/27/2009,7.631511,7.747603,7.524584,7.704832,496800,0.000,0.0,-,6.672451,6.445943,7.078699,7.359917,695564.0
04/24/2009,7.472646,7.848418,7.408491,7.756766,1082200,0.000,0.0,-,6.672158,6.417637,7.023403,7.333949,697900.0
04/23/2009,7.432933,7.432933,7.057162,7.390162,1554800,0.000,0.0,-,6.671486,6.385440,6.968106,7.288429,697064.0
04/22/2009,7.274072,7.640678,7.246576,7.448209,728200,0.000,0.0,-,6.673919,6.361364,6.908380,7.232827,688620.0
04/21/2009,6.993006,7.429878,6.883025,7.368777,1089000,0.000,0.0,-,6.675478,6.336855,6.836434,7.157978,720068.0
04/20/2009,7.139649,7.157980,6.922741,7.002172,708200,0.000,0.0,-,6.678272,6.333119,6.782206,7.101765,712260.0
04/17/2009,7.264905,7.344336,7.212969,7.286290,418400,0.000,0.0,-,6.683782,6.328520,6.720036,7.079768,710220.0
04/16/2009,7.228244,7.350445,6.993005,7.283235,775800,0.000,0.0,-,6.689548,6.315142,6.653589,7.021722,709824.0
04/15/2009,7.185475,7.356558,7.084659,7.173255,761200,0.000,0.0,-,6.694864,6.303040,6.587752,6.941680,702660.0
04/14/2009,7.341281,7.402382,7.170198,7.185473,542200,0.000,0.0,-,6.701644,6.289494,6.518250,6.869886,699064.0
04/13/2009,7.228243,7.481812,7.142701,7.445151,521600,0.000,0.0,-,6.709095,6.273822,6.450886,6.797481,699932.0
04/09/2009,7.020499,7.393215,7.020499,7.301563,888000,0.000,0.0,-,6.715682,6.253928,6.370386,6.712857,700208.0
04/08/2009,6.751657,6.852474,6.681391,6.834144,441800,0.000,0.0,-,6.723122,6.240852,6.303174,6.647784,694956.0
04/07/2009,6.620288,6.800536,6.611123,6.699719,506400,0.000,0.0,-,6.733706,6.229049,6.243448,6.583933,691444.0
04/06/2009,6.699721,6.828033,6.666115,6.806647,543600,0.000,0.0,-,6.745397,6.215929,6.196859,6.514889,690044.0
04/03/2009,6.696665,6.843307,6.647784,6.782207,621400,0.000,0.0,-,6.757795,6.199941,6.132703,6.462648,687064.0
04/02/2009,6.626398,6.873857,6.626398,6.705830,689400,0.000,0.0,-,6.767577,6.183835,6.082905,6.360304,685184.0
04/01/2009,6.372829,6.510306,6.155921,6.482810,336800,0.000,0.0,-,6.776514,6.174478,6.038149,6.285455,679932.0
03/31/2009,6.531691,6.663058,6.406434,6.455315,297000,0.000,0.0,-,6.786806,6.162720,6.007904,6.233825,686748.0
03/30/2009,6.516417,6.598904,6.360610,6.461426,485200,0.000,0.0,-,6.796517,6.157887,5.971702,6.166614,687596.0
03/27/2009,6.531693,6.721106,6.449207,6.598904,605600,0.000,0.0,-,6.805104,6.152022,5.935347,6.104291,687636.0
03/26/2009,6.275067,6.650837,6.275067,6.650837,624000,0.000,0.0,-,6.812541,6.140917,5.902658,6.027914,685404.0
03/25/2009,6.042886,6.323950,5.942069,6.195638,495800,0.000,0.0,-,6.820226,6.135999,5.859276,5.958565,681116.0
03/24/2009,6.201746,6.388104,5.994003,6.009278,382600,0.000,0.0,-,6.830398,6.139699,5.847819,5.902963,678832.0
03/23/2009,5.905406,6.284232,5.887076,6.284232,497600,0.000,0.0,-,6.841785,6.150283,5.855763,5.878828,678396.0
03/20/2009,5.978728,6.116205,5.737380,5.758765,579000,0.000,0.0,-,6.853653,6.161924,5.852994,5.802757,677740.0
03/19/2009,6.039828,6.039828,5.868745,5.957342,409400,0.000,0.0,-,6.866577,6.182254,5.883935,5.805507,682320.0
03/18/2009,5.767931,6.039831,5.706831,5.966510,504000,0.000,0.0,-,6.878209,6.207111,5.910867,5.790843,695304.0
03/17/2009,5.807645,5.877911,5.657948,5.783205,719200,0.000,0.0,-,6.889615,6.230389,5.933242,5.781983,711300.0
03/16/2009,5.850415,5.890131,5.661003,5.838195,981400,0.000,0.0,-,6.902477,6.247619,5.958560,5.776789,706480.0
03/13/2009,6.009280,6.009280,5.810702,5.835143,629000,0.000,0.0,-,6.915333,6.262474,5.984012,5.766403,700432.0
03/12/2009,5.654892,5.978727,5.514360,5.957342,479600,0.000,0.0,-,6.927292,6.273627,6.006733,5.777401,698708.0
03/11/2009,5.792369,5.890131,5.606011,5.639616,653600,0.000,0.0,-,6.937786,6.272804,6.016210,5.759987,698240.0
03/10/2009,5.679336,5.835143,5.657951,5.767932,790400,0.000,0.0,-,6.948335,6.278336,6.043547,5.792676,689512.0
03/09/2009,5.703773,5.774039,5.511305,5.523525,642400,0.000,0.0,-,6.959970,6.275898,6.066290,5.832697,676200.0
03/06/2009,5.868746,5.951233,5.593792,5.786261,622600,0.000,0.0,-,6.972560,6.280594,6.149213,5.903230,669720.0
03/05/2009,5.764875,5.966508,5.664058,5.810700,1387600,0.000,0.0,-,6.984282,6.282768,6.198511,5.962363,667188.0
03/04/2009,5.829030,6.000112,5.685443,5.877911,519400,0.000,0.0,-,6.995719,6.284938,6.238846,6.030891,653568.0
03/03/2009,5.786261,5.951234,5.712940,5.731270,846400,0.000,0.0,-,7.006581,6.281637,6.278855,6.084501,650724.0
03/02/2009,5.810703,5.859584,5.719051,5.734327,826800,0.000,0.0,-,7.020233,6.282239,6.317091,6.140331,641376.0
02/27/2009,5.712940,6.012334,5.654894,5.945123,1109200,0.000,0.0,-,7.032901,6.282537,6.350468,6.201621,632796.0
02/26/2009,5.984838,5.984838,5.612122,5.783205,1054600,0.000,0.0,-,7.044783,6.269027,6.375734,6.236065,622368.0
02/25/2009,6.241464,6.241464,5.697665,5.966510,990000,0.065,0.0,-,7.057311,6.262641,6.418962,6.272434,607044.0
02/24/2009,6.344201,6.344201,6.067970,6.168142,819400,0.000,0.0,-,7.068370,6.249675,6.432837,6.294418,595872.0
02/23/2009,6.465621,6.465621,6.195462,6.228852,559400,0.000,0.0,-,7.078675,6.235833,6.426615,6.299882,586108.0
02/20/2009,6.359382,6.480802,6.244032,6.377594,984600,0.000,0.0,-,7.088796,6.217195,6.415535,6.395197,592780.0
02/19/2009,6.508119,6.614362,6.432232,6.495977,420800,0.000,0.0,-,7.099663,6.200257,6.395501,6.434658,584536.0
02/18/2009,6.341162,6.450440,6.207600,6.414014,796400,0.000,0.0,-,7.108404,6.177552,6.382600,6.446800,598472.0
02/17/2009,6.098326,6.350273,5.986012,6.289562,589200,0.000,0.0,-,7.121414,6.146407,6.356646,6.473209,594356.0
02/13/2009,6.149928,6.417052,6.149928,6.347235,770200,0.000,0.0,-,7.136417,6.119573,6.352852,6.493851,594360.0
02/12/2009,6.064935,6.316882,5.931373,6.289562,613600,0.000,0.0,-,7.143711,6.086790,6.343897,6.499315,593816.0
02/11/2009,6.113501,6.350270,6.095288,6.146892,1040400,0.000,0.0,-,7.150771,6.049332,6.331603,6.515403,593744.0
02/10/2009,6.174211,6.414016,6.128679,6.186353,1132600,0.000,0.0,-,7.159304,6.030087,6.344504,6.565489,577484.0
02/09/2009,6.520258,6.996832,6.149927,6.222779,2300600,0.000,0.0,-,7.166985,6.006228,6.354218,6.571256,565916.0
02/06/2009,6.772206,7.418768,6.772206,7.181999,698600,0.000,0.0,-,7.174662,5.977148,6.370003,6.553347,529832.0
02/05/2009,6.544545,6.811669,6.502048,6.772207,606200,0.000,0.0,-,7.176962,5.930280,6.354218,6.435873,531112.0
02/04/2009,6.702391,6.838989,6.593113,6.617397,398600,0.000,0.0,-,7.183576,5.888086,6.354370,6.356343,535972.0
02/03/2009,6.574898,6.705425,6.517224,6.678105,417600,0.000,0.0,-,7.190637,5.839397,6.383511,6.318399,537976.0
02/02/2009,6.192427,6.523297,6.192427,6.495977,581400,0.000,0.0,-,7.197572,5.796530,6.406125,6.240083,535264.0
01/30/2009,6.483834,6.568828,6.316881,6.401875,585600,0.000,0.0,-,7.203287,5.764883,6.413562,6.211853,533036.0
01/29/2009,6.577935,6.623467,6.426160,6.450444,535400,0.000,0.0,-,7.209905,5.734157,6.422517,6.188480,528644.0
01/28/2009,6.374558,6.772208,6.234925,6.647753,625400,0.000,0.0,-,7.214432,5.702459,6.419633,6.147804,525820.0
01/27/2009,6.095288,6.319915,6.046720,6.244027,266200,0.000,0.0,-,7.217228,5.675655,6.383055,6.123520,530784.0
01/26/2009,6.013332,6.207605,5.925303,6.043687,436400,0.000,0.0,-,7.221774,5.648146,6.366664,6.137180,536744.0
01/23/2009,5.825130,6.207603,5.676390,6.007260,394600,0.000,0.0,-,7.228305,5.633845,6.346781,6.186659,538180.0
01/22/2009,6.089219,6.195461,5.919231,5.976905,527400,0.000,0.0,-,7.234780,5.620453,6.334335,6.272563,534588.0
01/21/2009,5.998154,6.271349,5.931373,6.237958,426800,0.000,0.0,-,7.242613,5.609833,6.330237,6.352397,529488.0
01/20/2009,6.140822,6.210639,5.864591,5.894947,677600,0.000,0.0,-,7.248754,5.592549,6.314301,6.448622,526440.0
01/16/2009,6.274384,6.274384,5.973869,6.213674,339400,0.000,0.0,-,7.256089,5.586997,6.305195,6.572167,519560.0
01/15/2009,6.031545,6.219745,5.791740,6.168142,487200,0.000,0.0,-,7.261338,5.581986,6.282580,6.615271,521284.0
01/14/2009,6.404912,6.404912,5.952622,6.043687,494000,0.000,0.0,-,7.266814,5.577224,6.261635,6.656554,520292.0
01/13/2009,6.362415,6.444374,6.259208,6.404912,409600,0.000,0.0,-,7.272928,5.576576,6.222932,6.691462,522344.0
01/12/2009,6.495975,6.553649,6.289560,6.380626,381600,0.000,0.0,-,7.276088,5.556915,6.175882,6.642590,520712.0
01/09/2009,6.887557,6.887557,6.502048,6.538475,360800,0.000,0.0,-,7.278506,5.533770,6.122761,6.596147,520668.0
01/08/2009,6.757029,6.881485,6.659893,6.866308,464800,0.000,0.0,-,7.280774,5.504762,6.069639,6.506903,525612.0
01/07/2009,7.090931,7.090931,6.665960,6.775239,808000,0.000,0.0,-,7.282909,5.461319,5.991171,6.396107,528864.0
01/06/2009,7.136465,7.330737,7.133430,7.200211,1058600,0.000,0.0,-,7.286498,5.423846,5.928944,6.308078,524396.0
01/05/2009,6.644717,7.142540,6.568830,7.130398,1303800,0.000,0.0,-,7.287738,5.379980,5.836968,6.179980,522088.0
01/02/2009,6.435265,6.729709,6.429194,6.644714,478200,0.000,0.0,-,7.287241,5.338111,5.723288,6.038222,520752.0
12/31/2008,6.404913,6.681143,6.332061,6.580972,679000,0.000,0.0,-,7.289158,5.316901,5.638446,5.949889,524780.0
12/30/2008,5.961725,6.407944,5.882802,6.392766,542800,0.000,0.0,-,7.291810,5.300696,5.544801,5.866716,518856.0
12/29/2008,5.888876,5.952622,5.761385,5.916195,456200,0.000,0.0,-,7.294450,5.284465,5.445995,5.754403,535896.0
12/26/2008,5.673355,5.928338,5.670320,5.916195,217200,0.000,0.0,-,7.300501,5.274939,5.409418,5.709174,540880.0
12/24/2008,5.746208,5.746208,5.615681,5.646037,124800,0.000,0.0,-,7.308355,5.262828,5.363278,5.649374,550936.0
12/23/2008,5.979940,6.083147,5.676390,5.758348,318400,0.000,0.0,-,7.317023,5.270252,5.319415,5.632375,563412.0
12/22/2008,5.916195,5.919231,5.603538,5.894947,496000,0.000,0.0,-,7.326203,5.279821,5.273427,5.586235,563676.0
12/19/2008,5.806915,5.989045,5.779596,5.919229,706600,0.000,0.0,-,7.330825,5.279381,5.211806,5.549809,580636.0
12/18/2008,5.764421,5.907089,5.615681,5.712817,377200,0.000,0.0,-,7.336950,5.273824,5.124991,5.493956,580308.0
12/17/2008,5.679425,5.840307,5.618716,5.761384,379000,0.000,0.0,-,7.344003,5.280635,5.066088,5.408355,589984.0
12/16/2008,5.357663,5.758349,5.327307,5.749243,397800,0.000,0.0,-,7.351707,5.287136,5.023702,5.327003,630456.0
12/15/2008,5.488189,5.542828,5.196781,5.269633,587800,0.000,0.0,-,7.359457,5.304585,4.979517,5.222886,658916.0
12/12/2008,5.193746,5.491225,5.072325,5.463905,288400,0.000,0.0,-,7.370216,5.347745,4.959312,5.137588,660692.0
12/11/2008,5.400157,5.594429,5.187672,5.318199,431400,0.000,0.0,-,7.379646,5.388823,4.951496,5.109661,685332.0
12/10/2008,5.375874,5.633892,5.284809,5.476046,331200,0.000,0.0,-,7.390252,5.441958,4.929014,5.077182,684412.0
12/09/2008,5.448726,5.737099,5.293916,5.296951,893000,0.000,0.0,-,7.402020,5.496145,4.921643,5.006455,686732.0
12/08/2008,5.469977,5.649071,5.375876,5.530686,572400,0.000,0.0,-,7.414118,5.546517,4.923679,4.960619,679240.0
12/05/2008,4.835555,5.488188,4.750561,5.360697,1117600,0.000,0.0,-,7.423638,5.597687,4.919441,4.873803,680464.0
12/04/2008,4.871981,5.139106,4.738419,4.856804,590600,0.000,0.0,-,7.432746,5.649972,4.920093,4.756025,666952.0
12/03/2008,4.604858,4.984296,4.565396,4.947869,589400,0.000,0.0,-,7.445145,5.710169,4.958119,4.723821,664316.0
12/02/2008,4.522899,4.856805,4.365053,4.708065,743000,0.000,0.0,-,7.458468,5.772574,5.008883,4.720400,660728.0
12/01/2008,5.157318,5.157318,4.398443,4.416656,610000,0.000,0.0,-,7.472012,5.845850,5.069983,4.736147,656024.0
11/28/2008,4.935728,5.184639,4.929657,5.184639,227400,0.000,0.0,-,7.486716,5.934216,5.149713,4.781036,667676.0
11/26/2008,4.647355,5.087503,4.532006,4.993402,554200,0.000,0.0,-,7.497490,5.999825,5.161574,4.793331,691440.0
11/25/2008,4.902336,4.914479,4.577538,4.768775,496400,0.000,0.0,-,7.510779,6.068116,5.173074,4.780846,696356.0
11/24/2008,4.756633,4.908408,4.440941,4.838592,762600,0.000,0.0,-,7.522713,6.144027,5.189039,4.836832,696740.0
11/21/2008,4.286128,4.662530,4.034182,4.662530,849200,0.065,0.0,-,7.534254,6.214692,5.181816,4.886740,690668.0
11/20/2008,4.495664,4.667070,4.149844,4.182922,498800,0.000,0.0,-,7.547298,6.296276,5.193771,4.965079,685036.0
11/19/2008,4.949742,5.012892,4.513708,4.534758,282000,0.000,0.0,-,7.562888,6.387874,5.234969,5.084161,688036.0
11/18/2008,4.871557,5.006878,4.724208,4.913657,470000,0.000,0.0,-,7.581913,6.474720,5.260078,5.192418,703008.0
11/17/2008,4.781342,4.961771,4.709171,4.865542,366000,0.000,0.0,-,7.600201,6.549296,5.293608,5.297367,710096.0
11/14/2008,5.130170,5.379762,4.853514,4.865542,394200,0.000,0.0,-,7.619768,6.626520,5.338865,5.403819,715192.0
11/13/2008,4.853514,5.325634,4.522729,5.307591,873600,0.000,0.0,-,7.642304,6.699292,5.374650,5.518391,722372.0
11/12/2008,5.250455,5.400812,4.859528,4.868549,564200,0.000,0.0,-,7.660225,6.760758,5.381266,5.529818,721272.0
11/11/2008,5.301575,5.548161,5.292554,5.328640,508200,0.000,0.0,-,7.679391,6.832508,5.403368,5.565302,722548.0
11/10/2008,5.581243,5.677471,5.280529,5.337665,215000,0.000,0.0,-,7.695530,6.890486,5.437800,5.541245,722112.0
11/07/2008,5.415849,5.575227,5.307592,5.445920,272400,0.000,0.0,-,7.710630,6.948523,5.482756,5.476892,727048.0
11/06/2008,5.557183,5.617325,5.343676,5.373748,274400,0.000,0.0,-,7.724194,7.006080,5.504107,5.422463,729316.0
11/05/2008,5.851881,5.909017,5.587253,5.617325,333600,0.000,0.0,-,7.738564,7.060870,5.517489,5.385776,734356.0
11/04/2008,5.987201,6.125530,5.863909,5.963144,425600,0.000,0.0,-,7.752443,7.110367,5.539290,5.327738,736816.0
11/03/2008,5.954125,6.017275,5.286542,5.930068,437600,0.000,0.0,-,7.761848,7.152649,5.545455,5.289849,743848.0
10/31/2008,5.382768,6.014266,5.370740,6.011259,596600,0.000,0.0,-,7.769994,7.202176,5.580037,5.273911,741848.0
10/30/2008,5.352695,5.497038,5.316610,5.421859,328000,0.000,0.0,-,7.778564,7.246728,5.650855,5.230909,738428.0
10/29/2008,5.103107,5.430884,5.082057,5.223392,379400,0.000,0.0,-,7.790542,7.301631,5.755654,5.232713,741476.0
10/28/2008,4.817428,5.103105,4.600914,5.088070,608000,0.000,0.0,-,7.803483,7.359007,5.893230,5.241434,741108.0
10/27/2008,4.757285,4.952748,4.694135,4.694135,627400,0.000,0.0,-,7.817678,7.423938,6.048097,5.334354,739040.0
10/24/2008,4.733228,5.094084,4.733228,4.901628,584600,0.000,0.0,-,7.833473,7.501356,6.204168,5.488620,736740.0
10/23/2008,5.067021,5.208356,4.859529,5.006878,943200,0.000,0.0,-,7.849358,7.571512,6.363546,5.585751,732304.0
10/22/2008,5.445921,5.638377,4.988836,5.036950,1237000,0.000,0.0,-,7.863588,7.637049,6.511948,5.649201,727000.0
10/21/2008,5.674460,5.821809,5.581238,5.584246,679600,0.000,0.0,-,7.876541,7.702882,6.653433,5.750842,717072.0
10/20/2008,5.704533,5.803769,5.608305,5.770690,382800,0.000,0.0,-,7.888538,7.762977,6.777628,5.801062,715456.0
10/17/2008,5.355704,5.851881,5.346683,5.581239,1394800,0.000,0.0,-,7.899944,7.815811,6.907687,5.886163,719692.0
10/16/2008,5.340669,5.560190,4.991842,5.439905,705400,0.000,0.0,-,7.912074,7.869621,7.070373,6.070801,700952.0
10/15/2008,6.038324,6.038324,5.283533,5.310597,720000,0.000,0.0,-,7.928414,7.929131,7.221631,6.278594,700660.0
10/14/2008,6.450303,6.450303,5.800762,6.017275,748600,0.000,0.0,-,7.943827,7.989971,7.376499,6.545026,706428.0
10/13/2008,6.086437,6.236794,5.851880,6.236794,331600,0.000,0.0,-,7.956982,8.036676,7.503851,6.761840,711028.0
10/10/2008,5.346684,5.936082,4.946736,5.872933,1344000,0.000,0.0,-,7.969530,8.086952,7.610604,6.919715,721564.0
10/09/2008,6.140568,6.236796,5.608305,5.641384,690200,0.000,0.0,-,7.986242,8.141333,7.754044,7.141341,711496.0
10/08/2008,5.893982,6.248824,5.794747,6.053360,861000,0.000,0.0,-,8.004230,8.199567,7.910115,7.374694,711556.0
10/07/2008,6.726959,6.726959,5.963147,6.086439,2402600,0.000,0.0,-,8.020545,8.240224,8.051300,7.556024,704040.0
10/06/2008,7.358453,7.517831,6.618699,6.621706,1820800,0.000,0.0,-,8.035269,8.274892,8.179103,7.754194,666492.0
10/03/2008,7.620072,7.674201,7.421602,7.427616,676600,0.000,0.0,-,8.045803,8.299873,8.284352,7.929210,644812.0
10/02/2008,7.683226,7.788476,7.397549,7.517834,1520400,0.000,0.0,-,8.054103,8.310710,8.338180,8.069944,636552.0
10/01/2008,8.113248,8.167376,7.851627,7.974920,385400,0.000,0.0,-,8.059875,8.324652,8.381333,8.164669,619000.0
09/30/2008,7.839596,8.203459,7.779454,8.185416,447200,0.000,0.0,-,8.064296,8.328314,8.405390,8.207972,623192.0
09/29/2008,7.983943,8.176400,7.767429,7.815543,518400,0.000,0.0,-,8.068882,8.324355,8.407495,8.245861,624128.0
09/26/2008,7.812531,8.140309,7.812531,8.089188,633600,0.000,0.0,-,8.075420,8.330127,8.428695,8.301493,623800.0
09/25/2008,7.956877,8.038069,7.935827,7.974920,442000,0.000,0.0,-,8.080977,8.335335,8.440423,8.366748,623580.0
09/24/2008,8.065130,8.065130,7.824560,7.866660,458800,0.000,0.0,-,8.089019,8.339536,8.447339,8.445535,628492.0
09/23/2008,8.359833,8.359833,8.011005,8.068141,410000,0.000,0.0,-,8.097142,8.333752,8.458616,8.546575,633084.0
09/22/2008,8.747753,8.916153,8.338783,8.371861,507800,0.000,0.0,-,8.104421,8.322860,8.459070,8.604011,632248.0
09/19/2008,8.612431,9.021402,8.612431,8.834959,1192600,0.000,0.0,-,8.109276,8.311222,8.460799,8.639495,631944.0
09/18/2008,8.588376,8.834961,8.290669,8.465083,1415600,0.000,0.0,-,8.110109,8.287448,8.430993,8.606417,618156.0
09/17/2008,8.459066,8.570330,8.227517,8.407945,800000,0.000,0.0,-,8.113400,8.270594,8.416089,8.597996,597264.0
09/16/2008,8.200451,8.564314,8.173387,8.564314,515600,0.000,0.0,-,8.119856,8.259969,8.400302,8.602808,600224.0
09/15/2008,8.495154,8.705654,8.299690,8.371861,459000,0.000,0.0,-,8.124520,8.243883,8.388816,8.569128,607140.0
09/12/2008,8.672572,8.913142,8.552286,8.741735,567600,0.000,0.0,-,8.131260,8.234998,8.398475,8.555897,604036.0
09/11/2008,8.834961,8.834961,8.552291,8.762790,648800,0.000,0.0,-,8.134593,8.222247,8.381859,8.514097,608352.0
09/10/2008,8.720690,8.952239,8.633483,8.877061,1030600,0.000,0.0,-,8.138562,8.215778,8.357906,8.449143,607380.0
09/09/2008,8.720686,8.916150,8.633479,8.642501,824400,0.000,0.0,-,8.142464,8.205168,8.330484,8.370657,597424.0
09/08/2008,8.720687,8.747752,8.516202,8.726702,620800,0.000,0.0,-,8.147036,8.202901,8.327808,8.314130,605108.0
09/05/2008,8.299689,8.612431,8.293675,8.504174,753200,0.000,0.0,-,8.151986,8.201882,8.312093,8.282103,608056.0
09/04/2008,8.419974,8.456060,8.167375,8.380881,818600,0.000,0.0,-,8.157886,8.207050,8.300472,8.255569,614832.0
09/03/2008,8.200454,8.489138,8.140311,8.456060,628000,0.000,0.0,-,8.165822,8.215222,8.302199,8.234182,611332.0
09/02/2008,8.314722,8.404936,8.128280,8.227515,486400,0.000,0.0,-,8.173367,8.225122,8.297024,8.197795,618460.0
08/29/2008,8.308710,8.359831,8.125275,8.239546,461800,0.000,0.0,-,8.182292,8.241330,8.303276,8.208504,629008.0
08/28/2008,8.116251,8.459063,8.116251,8.323743,385800,0.000,0.0,-,8.191999,8.262264,8.328828,8.241053,632960.0
08/27/2008,8.119262,8.191433,7.962891,8.113248,526400,0.065,0.0,-,8.199777,8.270562,8.342239,8.249621,639384.0
08/26/2008,8.110152,8.161028,7.930592,8.092196,456600,0.000,0.0,-,8.209170,8.278161,8.364230,8.266669,636052.0
08/25/2008,8.349567,8.418398,7.936578,8.077233,777200,0.000,0.0,-,8.219141,8.287139,8.363931,8.290311,633556.0
08/22/2008,8.292708,8.520152,8.241833,8.406430,337600,0.000,0.0,-,8.228270,8.293543,8.351063,8.341486,623260.0
08/21/2008,8.113141,8.373503,8.092192,8.238833,425600,0.000,0.0,-,8.238977,8.288995,8.324278,8.342084,622956.0
08/20/2008,8.122121,8.394454,8.023362,8.167011,480400,0.000,0.0,-,8.249353,8.285942,8.310811,8.345376,625812.0
08/19/2008,8.301683,8.358544,8.017380,8.092196,361000,0.000,0.0,-,8.263668,8.286361,8.313205,8.370216,628184.0
08/18/2008,8.487230,8.547083,8.259786,8.334603,504600,0.000,0.0,-,8.278165,8.289114,8.316497,8.396252,633836.0
08/15/2008,8.496206,8.568030,8.283726,8.565038,512400,0.000,0.0,-,8.295472,8.288157,8.299140,8.398048,635204.0
08/14/2008,8.092198,8.412415,8.092198,8.409422,362800,0.000,0.0,-,8.311479,8.290012,8.276096,8.416602,632676.0
08/13/2008,8.334602,8.478251,8.155042,8.283727,678000,0.000,0.0,-,8.327421,8.288696,8.273103,8.434857,632672.0
08/12/2008,8.565040,8.565040,8.253801,8.328618,740600,0.000,0.0,-,8.344051,8.288696,8.268165,8.461791,626992.0
08/11/2008,8.445330,8.609927,8.349564,8.588979,598800,0.000,0.0,-,8.359910,8.287080,8.230607,8.437551,619004.0
08/08/2008,8.268761,8.529124,8.187959,8.412410,594600,0.000,0.0,-,8.375915,8.282411,8.177338,8.360640,616364.0
08/07/2008,8.322632,8.388471,8.235844,8.271756,457800,0.000,0.0,-,8.392848,8.282351,8.146214,8.306472,614472.0
08/06/2008,8.322634,8.588982,8.199934,8.415407,690800,0.000,0.0,-,8.409302,8.281453,8.114941,8.276246,614656.0
08/05/2008,8.415408,8.517158,8.304678,8.352561,1008400,0.000,0.0,-,8.423794,8.274271,8.075287,8.256195,607656.0
08/04/2008,8.684748,8.801463,8.283730,8.352561,978600,0.000,0.0,-,8.440701,8.262206,8.051496,8.236742,602836.0
08/01/2008,8.289710,8.819413,8.289710,8.750582,858400,0.000,0.0,-,8.457874,8.257055,8.021868,8.200232,590348.0
07/31/2008,8.469271,8.678758,8.355549,8.591970,840600,0.000,0.0,-,8.471534,8.242871,7.980719,8.135590,581724.0
07/30/2008,8.158036,8.556062,8.077234,8.553069,693200,0.000,0.0,-,8.485247,8.233648,7.956329,8.111350,571864.0
07/29/2008,7.873734,8.089207,7.852785,8.086214,485200,0.000,0.0,-,8.499968,8.224547,7.950643,8.074540,565716.0
07/28/2008,7.843807,7.927602,7.786946,7.819865,525200,0.000,0.0,-,8.517068,8.223829,7.963661,8.023664,572724.0
07/25/2008,8.038326,8.158033,7.706139,7.870736,736800,0.000,0.0,-,8.535825,8.236664,7.999124,7.994036,567744.0
07/24/2008,8.211903,8.256793,7.894679,7.969496,263600,0.000,0.0,-,8.555038,8.244607,8.039376,7.985956,560368.0
07/23/2008,8.134095,8.382487,8.035336,8.214897,642800,0.000,0.0,-,8.574082,8.251648,8.079029,7.953635,565024.0
07/22/2008,7.870737,8.241829,7.864752,8.158034,595000,0.000,0.0,-,8.593644,8.253126,8.107758,7.894380,564476.0
07/21/2008,8.077231,8.146063,7.924605,7.987451,494000,0.000,0.0,-,8.608684,8.253535,8.147411,7.866249,569176.0
07/18/2008,8.364530,8.364530,7.978475,8.104167,502000,0.000,0.0,-,8.624799,8.258369,8.199933,7.843505,575112.0
07/17/2008,8.184970,8.433363,8.125117,8.349567,622600,0.000,0.0,-,8.641158,8.261345,8.259038,7.825848,585632.0
07/16/2008,7.607382,8.211902,7.541543,8.184968,687600,0.000,0.0,-,8.656557,8.265375,8.278491,7.801308,598164.0
07/15/2008,7.388916,7.777964,7.326070,7.577455,688400,0.000,0.0,-,8.669317,8.266557,8.293903,7.826746,605908.0
07/14/2008,7.864752,7.906649,7.481689,7.523587,368200,0.000,0.0,-,8.684998,8.295328,8.342085,7.903658,617356.0
07/11/2008,7.529574,7.837820,7.478698,7.789937,492600,0.000,0.0,-,8.701391,8.330660,8.385778,8.004213,673112.0
07/10/2008,7.556506,7.801906,7.502638,7.646286,503200,0.000,0.0,-,8.717118,8.330980,8.405231,8.092796,674496.0
07/09/2008,7.894678,7.984459,7.622345,7.622345,371000,0.000,0.0,-,8.732527,8.332086,8.427227,8.204423,683196.0
07/08/2008,7.777967,7.888697,7.526582,7.876726,948000,0.000,0.0,-,8.749743,8.336712,8.455508,8.321137,682956.0
07/07/2008,8.008403,8.074242,7.685194,7.760011,861400,0.000,0.0,-,8.764799,8.333627,8.473165,8.428574,673048.0
07/03/2008,8.164022,8.164022,7.903659,7.927600,303800,0.000,0.0,-,8.781267,8.333591,8.499500,8.556361,671612.0
07/02/2008,8.448325,8.502193,8.044313,8.104167,783400,0.000,0.0,-,8.795907,8.327879,8.536010,8.692228,683440.0
07/01/2008,8.244825,8.460298,8.170008,8.439349,600200,0.000,0.0,-,8.807533,8.327696,8.547981,8.755673,678308.0
06/30/2008,8.505187,8.732630,8.346575,8.346575,532800,0.000,0.0,-,8.818593,8.319498,8.540200,8.761059,675892.0
06/27/2008,8.690734,8.690734,8.406429,8.529129,1208600,0.000,0.0,-,8.830842,8.313871,8.535262,8.780512,680224.0
06/26/2008,8.636862,8.813430,8.400441,8.675767,768200,0.000,0.0,-,8.841675,8.296069,8.526584,8.767344,665020.0
06/25/2008,8.804453,8.992992,8.615915,8.762556,1092000,0.000,0.0,-,8.851198,8.277063,8.513266,8.717665,659376.0
06/24/2008,8.903210,9.043866,8.738613,8.789489,643600,0.000,0.0,-,8.859266,8.248929,8.486482,8.650031,647164.0
06/23/2008,9.115691,9.217442,8.933138,8.951094,984400,0.000,0.0,-,8.868576,8.217276,8.449822,8.589879,640296.0
06/20/2008,9.223430,9.328174,8.897229,9.037885,1013800,0.000,0.0,-,8.877062,8.181318,8.389732,8.517755,628148.0
06/19/2008,8.681752,9.334156,8.681752,9.286273,659400,0.000,0.0,-,8.883828,8.147558,8.342589,8.442639,621248.0
06/18/2008,8.687738,9.028902,8.624891,8.738613,707000,0.000,0.0,-,8.889308,8.107877,8.280344,8.379793,619808.0
06/17/2008,8.463286,8.568030,8.385477,8.493213,359800,0.000,0.0,-,8.896638,8.083978,8.249954,8.340290,619752.0
06/16/2008,8.379495,8.562048,8.325626,8.541100,331800,0.000,0.0,-,8.904619,8.063436,8.230194,8.319341,627992.0
06/13/2008,8.229858,8.427374,8.205917,8.397448,262400,0.000,0.0,-,8.912819,8.039851,8.205655,8.290013,630876.0
06/12/2008,8.122125,8.289715,8.077235,8.178986,322400,0.000,0.0,-,8.920554,8.017172,8.208864,8.285823,633252.0
06/11/2008,8.149060,8.161031,8.026360,8.086214,568400,0.000,0.0,-,8.930801,7.998861,8.213310,8.308867,642684.0
06/10/2008,8.149058,8.343582,8.080227,8.187963,599000,0.000,0.0,-,8.943094,7.982466,8.225077,8.322933,640024.0
06/09/2008,8.247815,8.286720,8.149057,8.229859,643600,0.000,0.0,-,8.954006,7.959446,8.230117,8.309765,637068.0
06/06/2008,8.588981,8.606937,8.205918,8.286720,573000,0.000,0.0,-,8.964398,7.932130,8.227548,8.261708,632396.0
06/05/2008,8.331609,8.663796,8.328616,8.657810,386000,0.000,0.0,-,8.973544,7.906241,8.224670,8.242539,635168.0
06/04/2008,8.244825,8.478254,8.167016,8.343583,362600,0.000,0.0,-,8.980613,7.878950,8.204429,8.180896,636900.0
06/03/2008,8.247814,8.403434,8.047305,8.283727,394000,0.000,0.0,-,8.989135,7.861938,8.214802,8.159618,639712.0
06/02/2008,8.319643,8.415409,8.205922,8.247819,341200,0.000,0.0,-,8.996836,7.845229,8.212819,8.141046,643080.0
05/30/2008,8.427377,8.454311,8.175992,8.355553,466800,0.000,0.0,-,9.002948,7.820892,8.251228,8.121297,659456.0
05/29/2008,8.196942,8.526136,8.161030,8.409422,500000,0.000,0.0,-,9.010703,7.794341,8.297961,8.131905,663736.0
05/28/2008,8.110154,8.229861,8.035337,8.226869,467000,0.055,0.0,-,9.018468,7.768382,8.267786,8.117752,674148.0
05/27/2008,7.776118,8.056285,7.776118,8.056285,340800,0.000,0.0,-,9.028798,7.742259,8.241523,8.127221,679436.0
05/23/2008,8.044363,8.059266,7.639016,7.749294,767400,0.000,0.0,-,9.034953,7.723661,8.231389,8.150469,702800.0
05/22/2008,7.990712,8.247035,7.954947,8.095030,354200,0.000,0.0,-,9.046225,7.718415,8.230048,8.193388,712032.0
05/21/2008,8.154639,8.291742,7.892355,8.041380,427200,0.000,0.0,-,9.058850,7.704109,8.213208,8.206800,715652.0
05/20/2008,8.068208,8.190408,8.020520,8.130798,347600,0.000,0.0,-,9.071625,7.695167,8.193239,8.227962,726240.0
05/19/2008,8.062248,8.366259,8.020521,8.098014,385800,0.000,0.0,-,9.084676,7.668939,8.191450,8.269987,728780.0
05/16/2008,8.452693,8.589795,7.984755,8.050325,835600,0.000,0.0,-,9.098391,7.649864,8.188022,8.284591,735624.0
05/15/2008,8.252998,8.473555,8.175505,8.461633,276200,0.000,0.0,-,9.112095,7.631325,8.188767,8.381159,753228.0
05/14/2008,8.402019,8.458648,8.261936,8.267897,368000,0.000,0.0,-,9.117992,7.608137,8.147637,8.464017,768736.0
05/13/2008,8.270883,8.348376,8.136760,8.321551,496400,0.000,0.0,-,9.125404,7.588764,8.120514,8.417819,784608.0
05/12/2008,8.217233,8.312609,8.047345,8.288765,615400,0.000,0.0,-,9.132636,7.570761,8.072230,8.355824,785560.0
05/09/2008,8.095032,8.238095,8.050324,8.178486,830000,0.000,0.0,-,9.141093,7.551984,8.018134,8.312309,784536.0
05/08/2008,8.276841,8.402021,8.154640,8.229153,790800,0.000,0.0,-,9.150898,7.537201,7.966869,8.266708,784264.0
05/07/2008,8.574892,8.592775,8.196369,8.252998,1028000,0.000,0.0,-,9.160346,7.529213,7.922907,8.219616,777828.0
05/06/2008,8.184447,8.661326,8.127818,8.551048,1249200,0.000,0.0,-,9.171400,7.518483,7.875368,8.158515,772312.0
05/05/2008,9.078591,9.078591,8.169540,8.244052,1074800,0.000,0.0,-,9.180683,7.496153,7.824997,8.112913,756404.0
05/02/2008,9.096480,9.466062,8.780547,9.016006,1260800,0.000,0.0,-,9.192268,7.474918,7.786102,8.091454,742380.0
05/01/2008,8.312606,9.418370,8.267898,9.290209,3156000,0.000,0.0,-,9.199448,7.441330,7.703393,7.996376,730344.0
04/30/2008,7.653917,7.951967,7.636034,7.805923,561800,0.000,0.0,-,9.205183,7.407779,7.602056,7.831256,675380.0
04/29/2008,7.868512,7.868512,7.600267,7.701604,938200,0.000,0.0,-,9.218177,7.399995,7.574934,7.823209,676912.0
04/28/2008,7.665839,7.957929,7.665839,7.853611,359000,0.000,0.0,-,9.232253,7.393111,7.553176,7.788635,670500.0
04/25/2008,7.805925,7.841691,7.600270,7.722471,452600,0.000,0.0,-,9.245599,7.382831,7.512344,7.723959,679096.0
04/24/2008,7.659878,7.853610,7.656898,7.758235,789600,0.000,0.0,-,9.258686,7.381406,7.469424,7.667031,686468.0
04/23/2008,8.035419,8.035419,7.621130,7.641993,895200,0.000,0.0,-,9.271167,7.369352,7.431125,7.626198,691256.0
04/22/2008,7.981771,8.205308,7.948986,8.095030,526800,0.000,0.0,-,9.285216,7.359446,7.413689,7.592221,697740.0
04/21/2008,7.975811,8.059265,7.898318,8.029460,479400,0.000,0.0,-,9.295777,7.342972,7.383586,7.537082,721336.0
04/18/2008,7.788038,8.300684,7.788038,8.065225,749400,0.000,0.0,-,9.306224,7.328403,7.354526,7.480750,766880.0
04/17/2008,7.704586,7.704586,7.466145,7.639014,448400,0.000,0.0,-,9.316875,7.333893,7.302815,7.410410,765980.0
04/16/2008,7.412497,7.746312,7.370770,7.725449,486000,0.000,0.0,-,9.329525,7.352538,7.272265,7.372856,778576.0
04/15/2008,7.308179,7.376730,7.200880,7.355866,481400,0.000,0.0,-,9.340268,7.373610,7.241565,7.326659,800808.0
04/14/2008,7.141272,7.290297,7.099545,7.206843,300200,0.000,0.0,-,9.354009,7.413944,7.219808,7.317717,803140.0
04/11/2008,7.278374,7.361829,7.123388,7.153193,377000,0.000,0.0,-,9.368436,7.447643,7.215784,7.300728,809296.0
04/10/2008,7.311161,7.466146,7.254531,7.349907,668800,0.000,0.0,-,9.382423,7.478616,7.232475,7.271818,813992.0
04/09/2008,7.537680,7.555563,7.236650,7.302221,587400,0.000,0.0,-,9.396164,7.502746,7.233965,7.236052,807348.0
04/08/2008,7.418457,7.680741,7.361828,7.543638,704200,0.000,0.0,-,9.410586,7.523853,7.248570,7.235158,802224.0
04/07/2008,7.385671,7.647955,7.355866,7.466144,771800,0.000,0.0,-,9.424509,7.536155,7.212357,7.230091,794096.0
04/04/2008,7.254529,7.668818,7.212802,7.361827,476000,0.000,0.0,-,9.438760,7.551787,7.196262,7.228303,785692.0
04/03/2008,7.156176,7.340967,7.016093,7.263474,381200,0.000,0.0,-,9.454815,7.572414,7.184340,7.195219,787312.0
04/02/2008,7.296260,7.498934,7.168098,7.263474,794000,0.000,0.0,-,9.470949,7.584027,7.186277,7.171673,794740.0
04/01/2008,7.036954,7.412497,7.036954,7.266452,435400,0.000,0.0,-,9.486965,7.589942,7.188065,7.156472,789412.0
03/31/2008,6.884948,7.188959,6.840241,7.036953,451200,0.000,0.0,-,9.503040,7.599121,7.195815,7.121898,790368.0
03/28/2008,7.042917,7.060800,6.840243,6.864087,410000,0.000,0.0,-,9.519613,7.614731,7.211462,7.130840,789124.0
03/27/2008,7.263474,7.343947,6.855145,6.992248,711600,0.000,0.0,-,9.536418,7.633678,7.240224,7.193132,787316.0
03/26/2008,7.451243,7.451243,7.209823,7.293277,472600,0.000,0.0,-,9.553672,7.652378,7.282100,7.231878,777492.0
03/25/2008,7.463165,7.618151,7.302218,7.492970,503200,0.000,0.0,-,9.570070,7.663573,7.303261,7.261982,775120.0
03/24/2008,7.132331,7.576425,7.126369,7.448263,562400,0.000,0.0,-,9.583390,7.675285,7.300341,7.194622,773644.0
03/20/2008,7.028013,7.215784,6.920715,7.030994,1160000,0.000,0.0,-,9.598674,7.683381,7.287042,7.164221,774416.0
03/19/2008,7.177036,7.308178,7.028011,7.028011,680800,0.000,0.0,-,9.616177,7.695310,7.302323,7.173461,761304.0
03/18/2008,7.171074,7.215781,6.929654,7.111464,1020600,0.000,0.0,-,9.635021,7.714422,7.331554,7.200882,761844.0
03/17/2008,6.908795,7.156176,6.908795,6.920716,731400,0.000,0.0,-,9.653345,7.733231,7.346818,7.219659,756356.0
03/14/2008,7.528734,7.665836,7.025030,7.126367,1509000,0.000,0.0,-,9.672491,7.754964,7.368652,7.269731,758088.0
03/13/2008,7.302219,7.558542,7.191940,7.487010,1229000,0.000,0.0,-,9.690504,7.786592,7.379313,7.292085,748012.0
03/12/2008,7.680742,7.680742,7.358848,7.379712,535200,0.000,0.0,-,9.705919,7.804715,7.387523,7.287316,741236.0
03/11/2008,7.025034,7.647958,7.025034,7.594309,956600,0.000,0.0,-,9.720811,7.830090,7.376317,7.332321,737168.0
03/10/2008,7.150214,7.162137,6.801496,6.819379,474600,0.000,0.0,-,9.734543,7.853131,7.353935,7.344541,726880.0
03/07/2008,7.033973,7.379711,7.033973,7.144251,728000,0.000,0.0,-,9.752575,7.901049,7.376532,7.406059,723584.0
03/06/2008,7.272412,7.302217,6.977343,7.123387,1715800,0.000,0.0,-,9.769733,7.942945,7.384370,7.409863,713016.0
03/05/2008,7.349909,7.418460,7.135313,7.302221,1051600,0.000,0.0,-,9.787597,7.986801,7.445188,7.431185,690336.0
03/04/2008,7.329041,7.424417,7.063777,7.299236,1161600,0.000,0.0,-,9.804171,8.021382,7.508640,7.462227,678108.0
03/03/2008,7.317120,7.543638,7.224725,7.421438,544000,0.000,0.0,-,9.818951,8.049968,7.582629,7.473978,664944.0
02/29/2008,7.349907,7.481049,7.227707,7.349907,564200,0.000,0.0,-,9.833503,8.083293,7.680186,7.467574,664344.0
02/28/2008,7.725446,7.752271,7.421435,7.439318,816400,0.000,0.0,-,9.847810,8.109738,7.757281,7.466541,658432.0
02/27/2008,7.665839,7.838707,7.588346,7.829766,469000,0.055,0.0,-,9.862361,8.138135,7.820407,7.487731,652564.0
02/26/2008,7.401912,7.888645,7.318810,7.716507,752200,0.000,0.0,-,9.875988,8.163590,7.856739,7.420312,650312.0
02/25/2008,7.152608,7.485011,7.022020,7.434556,453800,0.000,0.0,-,9.889387,8.191725,7.888793,7.363328,642884.0
02/22/2008,7.324748,7.351459,7.099189,7.182290,373600,0.000,0.0,-,9.905667,8.227043,7.925001,7.347005,643476.0
02/21/2008,7.550303,7.627468,7.268353,7.336615,659000,0.000,0.0,-,9.921605,8.275064,7.978275,7.358877,640916.0
02/20/2008,7.381137,7.633407,7.244614,7.612632,407800,0.000,0.0,-,9.937096,8.318157,8.031103,7.459191,634664.0
02/19/2008,7.440494,7.505788,7.271324,7.416751,638400,0.000,0.0,-,9.950059,8.356384,8.042678,7.555054,632836.0
02/15/2008,7.298037,7.416752,7.105124,7.357395,617600,0.000,0.0,-,9.964840,8.394907,8.049801,7.691280,634056.0
02/14/2008,7.654180,7.654180,7.214933,7.339584,788800,0.000,0.0,-,9.978728,8.427791,8.068202,7.892799,639908.0
02/13/2008,7.197128,7.701669,7.158546,7.651215,821200,0.000,0.0,-,9.992146,8.463465,8.092093,8.048020,651400.0
02/12/2008,7.197125,7.315840,7.122928,7.155575,1029000,0.000,0.0,-,10.002668,8.504422,8.100106,8.153082,644848.0
02/11/2008,7.220869,7.416749,7.078411,7.146672,1219400,0.000,0.0,-,10.016903,8.551255,8.138689,8.293167,630068.0
02/08/2008,7.262423,7.615602,7.152611,7.271327,1706600,0.000,0.0,-,10.031212,8.602718,8.174007,8.414257,612448.0
02/07/2008,8.606872,8.725588,7.256484,7.301002,2756600,0.000,0.0,-,10.044325,8.645456,8.214370,8.502997,590324.0
02/06/2008,8.707781,8.802753,8.277437,8.339763,704400,0.000,0.0,-,10.057671,8.690568,8.241972,8.597672,546036.0
02/05/2008,8.636552,8.862112,8.366475,8.571259,1078200,0.000,0.0,-,10.064780,8.716923,8.206357,8.603015,533784.0
02/04/2008,9.046119,9.164834,8.221046,8.779009,1597600,0.000,0.0,-,10.077080,8.736636,8.176975,8.530302,521380.0
02/01/2008,8.939277,9.390395,8.903662,9.372588,598000,0.000,0.0,-,10.086872,8.755389,8.140618,8.408322,502832.0
01/31/2008,8.663261,9.132187,8.577192,8.891788,608000,0.000,0.0,-,10.093447,8.761620,8.072357,8.243604,497208.0
01/30/2008,8.491124,8.963018,8.461445,8.701843,611800,0.000,0.0,-,10.102631,8.783146,8.063157,8.136167,491908.0
01/29/2008,8.461447,8.580162,8.221048,8.556419,336600,0.000,0.0,-,10.112721,8.808412,8.047724,8.047130,488116.0
01/28/2008,8.179498,8.405058,7.992522,8.357572,331200,0.000,0.0,-,10.122861,8.837532,8.052324,7.984211,491228.0
01/25/2008,8.289312,8.494096,8.013298,8.158725,297800,0.000,0.0,-,10.133849,8.874002,8.071763,7.933757,493072.0
01/24/2008,8.482223,8.615778,8.164659,8.247760,351600,0.000,0.0,-,10.145508,8.908414,8.124592,7.925744,499128.0
01/23/2008,7.671988,8.562354,7.609662,8.393185,557000,0.000,0.0,-,10.157428,8.943294,8.174155,7.886271,503892.0
01/22/2008,7.244615,8.013298,7.244615,7.844128,752600,0.000,0.0,-,10.167165,8.977158,8.220306,7.809699,516500.0
01/18/2008,7.713542,7.749156,7.428625,7.559211,527600,0.000,0.0,-,10.179104,9.018336,8.279664,7.823648,519364.0
01/17/2008,7.838191,7.924260,7.698701,7.725412,483200,0.000,0.0,-,10.192129,9.078108,8.338131,7.872915,525716.0
01/16/2008,7.775865,7.858965,7.716507,7.817415,389000,0.000,0.0,-,10.205778,9.129883,8.406244,7.901110,540652.0
01/15/2008,7.835221,7.894579,7.713537,7.811478,319600,0.000,0.0,-,10.218556,9.194134,8.448982,7.990146,547528.0
01/14/2008,7.939100,7.962843,7.784770,7.927228,220400,0.000,0.0,-,10.231231,9.257735,8.501365,8.048317,580880.0
01/11/2008,8.016266,8.051880,7.805545,7.853032,354000,0.000,0.0,-,10.243254,9.335112,8.560129,8.120436,591528.0
01/10/2008,7.805543,8.161690,7.719474,8.078588,429400,0.000,0.0,-,10.256132,9.413381,8.623642,8.209769,594332.0
01/09/2008,7.591858,7.882711,7.559211,7.853032,601000,0.000,0.0,-,10.268574,9.483766,8.679735,8.323440,591540.0
01/08/2008,8.048910,8.161689,7.609662,7.627470,504400,0.000,0.0,-,10.283613,9.558900,8.766249,8.462040,588856.0
01/07/2008,8.078589,8.081557,7.793672,7.983616,707800,0.000,0.0,-,10.299927,9.636356,8.859441,8.630913,590144.0
01/04/2008,7.915357,8.158724,7.867871,8.051880,746200,0.000,0.0,-,10.314828,9.712487,8.936457,8.735680,589384.0
01/03/2008,8.681067,8.710746,8.007357,8.007357,818000,0.000,0.0,-,10.329285,9.787429,9.001009,8.803347,583948.0
01/02/2008,8.345699,8.755267,8.310084,8.707781,1005200,0.000,0.0,-,10.342906,9.858530,9.050721,8.911379,576440.0
12/31/2007,8.565322,8.618744,8.200272,8.393185,890200,0.000,0.0,-,10.352951,9.910653,9.071496,8.907818,567184.0
12/28/2007,8.746364,8.879920,8.606874,8.648424,331800,0.000,0.0,-,10.364481,9.977468,9.136790,8.954413,554732.0
12/27/2007,9.155931,9.274647,8.746363,8.746363,442200,0.000,0.0,-,10.374911,10.040243,9.179231,8.999822,561088.0
12/26/2007,9.126255,9.301360,9.028314,9.215291,309800,0.000,0.0,-,10.383985,10.094966,9.227904,9.037514,567516.0
12/24/2007,9.384462,9.384462,9.040186,9.239035,199600,0.000,0.0,-,10.390023,10.137353,9.237549,9.036030,571304.0
12/21/2007,9.188580,9.381493,9.123287,9.316199,581800,0.000,0.0,-,10.397618,10.182519,9.253428,9.070458,574884.0
12/20/2007,8.802754,9.046121,8.666231,9.031281,440200,0.000,0.0,-,10.404474,10.226318,9.270493,9.087968,577188.0
12/19/2007,9.102512,9.102512,8.615779,8.728559,503400,0.000,0.0,-,10.412270,10.277118,9.296776,9.137235,583660.0
12/18/2007,8.761204,9.105479,8.586099,9.087672,514000,0.000,0.0,-,10.421036,10.336811,9.346181,9.198670,589284.0
12/17/2007,8.820561,8.977859,8.666231,8.672167,268600,0.000,0.0,-,10.427536,10.390624,9.376004,9.190063,595556.0
12/14/2007,9.016440,9.141091,8.820559,8.859142,523000,0.000,0.0,-,10.435334,10.459728,9.440800,9.235175,628916.0
12/13/2007,9.025346,9.152966,8.989732,9.102511,356400,0.000,0.0,-,10.441698,10.505865,9.496099,9.319166,628364.0
12/12/2007,9.437881,9.577372,9.007538,9.123285,380800,0.000,0.0,-,10.448476,10.548023,9.541596,9.358639,631792.0
12/11/2007,9.583308,9.654536,9.176707,9.200450,483400,0.000,0.0,-,10.454857,10.593078,9.594484,9.418294,632060.0
12/10/2007,9.423044,9.642668,9.423044,9.583310,245600,0.000,0.0,-,10.461262,10.637655,9.628429,9.439069,635608.0
12/07/2007,9.532853,9.648600,9.378523,9.491302,346400,0.000,0.0,-,10.467936,10.660731,9.648851,9.436398,640108.0
12/06/2007,9.313229,9.526917,9.236065,9.523950,316400,0.000,0.0,-,10.475567,10.685175,9.678605,9.453018,642276.0
12/05/2007,9.120315,9.423040,9.120315,9.342907,699400,0.000,0.0,-,10.482992,10.710740,9.697558,9.456317,642608.0
12/04/2007,9.022378,9.129222,8.924438,9.001603,910200,0.000,0.0,-,10.490853,10.742588,9.757804,9.493692,636760.0
12/03/2007,9.684216,9.684216,9.090638,9.123285,1363400,0.000,0.0,-,10.500113,10.777121,9.823432,9.561945,626692.0
11/30/2007,9.684218,9.891971,9.604085,9.699058,493600,0.000,0.0,-,10.508545,10.815965,9.918766,9.646425,607488.0
11/29/2007,9.678281,9.699057,9.494272,9.497240,290000,0.000,0.0,-,10.513409,10.839743,9.983389,9.673031,608916.0
11/28/2007,9.494271,9.838546,9.408203,9.719831,338400,0.000,0.0,-,10.517935,10.870871,10.098330,9.724552,614940.0
11/27/2007,9.523949,9.535820,9.265742,9.408201,600400,0.000,0.0,-,10.519985,10.893583,10.200663,9.770674,618724.0
11/26/2007,9.675315,9.675315,9.464596,9.556601,542200,0.055,0.0,-,10.522245,10.914010,10.310147,9.817789,623100.0
11/23/2007,9.651591,9.687085,9.545107,9.657507,91800,0.000,0.0,-,10.537579,10.935905,10.412802,9.861303,622260.0
11/21/2007,9.639757,9.704831,9.533273,9.556936,458000,0.000,0.0,-,10.553053,10.958680,10.504940,9.904192,634988.0
11/20/2007,9.574684,9.858642,9.527358,9.716662,670200,0.000,0.0,-,10.568738,10.981456,10.616601,9.938800,638124.0
11/19/2007,9.879347,9.894137,9.627926,9.684127,316800,0.000,0.0,-,10.583477,10.998730,10.720718,10.021917,638692.0
11/16/2007,9.985832,10.047948,9.790611,9.968085,343000,0.000,0.0,-,10.598027,11.012573,10.814631,10.084919,651240.0
11/15/2007,10.077523,10.201755,9.761029,9.965123,422200,0.000,0.0,-,10.610908,11.026238,10.881923,10.191108,674900.0
11/14/2007,10.204711,10.204711,9.897091,10.012448,492200,0.000,0.0,-,10.622691,11.039904,10.970364,10.293747,683072.0
11/13/2007,9.953295,10.204715,9.834979,10.181051,423400,0.000,0.0,-,10.632610,11.047476,11.059101,10.472108,685304.0
11/12/2007,9.962167,10.092314,9.846810,9.879347,600600,0.000,0.0,-,10.641804,11.051499,11.124175,10.630651,684348.0
11/09/2007,9.985831,10.118936,9.849768,9.991747,589800,0.000,0.0,-,10.651642,11.058006,11.196939,10.802504,675484.0
11/08/2007,9.971040,10.252039,9.971040,10.086397,1187400,0.000,0.0,-,10.659497,11.059958,11.272217,10.964301,670020.0
11/07/2007,10.470925,10.550787,9.888220,9.903009,895800,0.000,0.0,-,10.667259,11.061852,11.343206,11.105688,655308.0
11/06/2007,10.370358,10.550788,10.204716,10.547831,845200,0.000,0.0,-,10.677037,11.062680,11.426619,11.294402,649512.0
11/05/2007,10.784460,10.905733,10.204714,10.314156,1230000,0.000,0.0,-,10.683489,11.056291,11.484889,11.419520,645704.0
11/02/2007,11.408577,11.408577,10.805167,11.029967,732800,0.000,0.0,-,10.689351,11.060905,11.558097,11.544343,631236.0
11/01/2007,11.624501,11.733943,10.879113,10.991513,1987200,0.000,0.0,-,10.693348,11.047713,11.612965,11.572738,625548.0
10/31/2007,11.763526,11.949873,11.645209,11.796062,752800,0.000,0.0,-,10.698064,11.034047,11.621691,11.646981,595124.0
10/30/2007,11.565345,11.896629,11.565345,11.766481,494200,0.000,0.0,-,10.699887,11.000446,11.592408,11.646094,595864.0
10/29/2007,11.701405,11.775352,11.535763,11.597878,289800,0.000,0.0,-,10.700758,10.966548,11.572886,11.617698,593252.0
10/26/2007,11.642249,11.778311,11.479565,11.609712,466800,0.000,0.0,-,10.703204,10.935551,11.564456,11.591373,600168.0
10/25/2007,11.775354,11.787184,11.370122,11.500270,568800,0.000,0.0,-,10.705650,10.899836,11.520827,11.580133,604992.0
10/24/2007,11.686618,11.813807,11.316882,11.790145,669800,0.000,0.0,-,10.707897,10.859233,11.481487,11.580725,602972.0
10/23/2007,11.692531,11.801974,11.535763,11.799015,474400,0.000,0.0,-,10.709162,10.821560,11.432090,11.558836,598108.0
10/22/2007,11.195605,11.589005,11.142363,11.562384,442600,0.000,0.0,-,10.709929,10.784830,11.388905,11.550258,608448.0
10/19/2007,11.704364,11.719153,11.251807,11.313923,542400,0.000,0.0,-,10.712099,10.759437,11.347199,11.571851,640052.0
10/18/2007,11.654082,11.867049,11.615629,11.733944,267600,0.000,0.0,-,10.717870,10.718906,11.334776,11.653192,685044.0
10/17/2007,11.698447,11.899584,11.574217,11.787184,649600,0.000,0.0,-,10.721029,10.684303,11.292478,11.596401,723796.0
10/16/2007,11.381958,11.657041,11.367168,11.482526,763600,0.000,0.0,-,10.724756,10.660959,11.255800,11.538722,732612.0
10/15/2007,11.491396,11.535765,11.180818,11.334628,499200,0.000,0.0,-,10.729200,10.643237,11.224447,11.528073,740616.0
10/12/2007,11.550554,11.600838,11.364206,11.497312,378600,0.000,0.0,-,10.735630,10.631362,11.179191,11.537539,755388.0
10/11/2007,11.692533,11.813806,11.432239,11.506186,697000,0.000,0.0,-,10.740015,10.618239,11.136893,11.461521,768060.0
10/10/2007,11.680701,11.742817,11.361249,11.571259,763800,0.000,0.0,-,10.743726,10.603935,11.101398,11.382250,803240.0
10/09/2007,11.816765,11.858175,11.523933,11.713238,784600,0.000,0.0,-,10.746833,10.565333,11.057621,11.305345,798824.0
10/08/2007,12.127339,12.127339,11.565340,11.778308,827600,0.000,0.0,-,10.749157,10.526073,11.000978,11.227553,800328.0
10/05/2007,11.263637,12.384675,11.213352,12.127339,1936600,0.000,0.0,-,10.750702,10.485865,10.930876,11.122548,796588.0
10/04/2007,11.210396,11.402658,11.118701,11.166027,495400,0.000,0.0,-,10.750575,10.442923,10.857077,11.016360,772128.0
10/03/2007,11.263639,11.535764,11.183776,11.210397,527800,0.000,0.0,-,10.756851,10.422391,10.831195,10.988555,770796.0
10/02/2007,11.429282,11.518018,11.166030,11.376040,394200,0.000,0.0,-,10.762627,10.400558,10.790229,10.972878,772032.0
10/01/2007,10.781505,11.438155,10.760800,11.429282,660800,0.000,0.0,-,10.765890,10.382312,10.740536,10.920820,771524.0
09/28/2007,10.722347,10.781505,10.512337,10.737136,470600,0.000,0.0,-,10.769033,10.361881,10.679308,10.820843,783456.0
09/27/2007,10.843619,10.896861,10.648398,10.713472,454800,0.000,0.0,-,10.776384,10.358359,10.646919,10.812265,785424.0
09/26/2007,10.985599,10.985599,10.716431,10.802210,333000,0.000,0.0,-,10.784952,10.353129,10.620298,10.820546,787208.0
09/25/2007,10.651356,11.032924,10.651356,10.935314,407000,0.000,0.0,-,10.793209,10.345829,10.577408,10.809898,787680.0
09/24/2007,11.006303,11.035883,10.689809,10.728262,406800,0.000,0.0,-,10.801708,10.335218,10.542061,10.774403,787604.0
09/21/2007,10.887983,11.189687,10.887983,11.065455,403200,0.000,0.0,-,10.811286,10.330989,10.532892,10.739205,783524.0
09/20/2007,10.997427,10.997427,10.743048,10.887985,565000,0.000,0.0,-,10.818915,10.320134,10.498137,10.697794,783632.0
09/19/2007,10.882070,11.234058,10.778543,11.053627,591200,0.000,0.0,-,10.825878,10.309172,10.469150,10.673836,781068.0
09/18/2007,10.444310,10.864330,10.331910,10.855456,527600,0.000,0.0,-,10.832262,10.293188,10.422267,10.607579,781484.0
09/17/2007,10.604026,10.701636,10.417679,10.429510,819200,0.000,0.0,-,10.839242,10.285118,10.383075,10.560252,785140.0
09/14/2007,10.666143,10.677974,10.479796,10.651353,500200,0.000,0.0,-,10.848175,10.280672,10.364000,10.537773,777184.0
09/13/2007,10.704596,10.846575,10.438387,10.796291,728200,0.000,0.0,-,10.856907,10.270021,10.322630,10.481573,774548.0
09/12/2007,10.559664,10.819958,10.524169,10.695726,614800,0.000,0.0,-,10.866160,10.258004,10.256322,10.420049,764848.0
09/11/2007,10.405853,10.686852,10.382189,10.580368,698600,0.000,0.0,-,10.876370,10.247468,10.216861,10.344918,763988.0
09/10/2007,10.748966,10.787418,10.320072,10.376272,944200,0.000,0.0,-,10.886585,10.233342,10.185969,10.309719,761908.0
09/07/2007,10.648395,10.704595,10.538954,10.651353,1526000,0.000,0.0,-,10.897177,10.227897,10.181792,10.326579,751468.0
09/06/2007,10.432473,10.716430,10.423599,10.648398,830800,0.000,0.0,-,10.906787,10.216715,10.113592,10.298479,735224.0
09/05/2007,10.308243,10.423602,10.263875,10.391065,603800,0.000,0.0,-,10.916471,10.202761,10.081361,10.264464,729176.0
09/04/2007,10.181050,10.447261,10.145556,10.382187,375600,0.000,0.0,-,10.926945,10.196903,10.092808,10.236955,737124.0
08/31/2007,10.204714,10.243167,10.086398,10.204714,157400,0.000,0.0,-,10.935883,10.192991,10.103520,10.205897,746316.0
08/30/2007,10.042028,10.204712,10.015407,10.089355,316600,0.000,0.0,-,10.944160,10.195459,10.130329,10.190228,753636.0
08/29/2007,9.979916,10.231336,9.914842,10.181051,451800,0.000,0.0,-,10.952677,10.199999,10.167917,10.163687,756648.0
08/28/2007,10.198800,10.198800,9.849769,9.944422,606000,0.000,0.0,-,10.960399,10.207834,10.198415,10.092596,753764.0
08/27/2007,10.550785,10.568533,10.186965,10.228376,654800,0.000,0.0,-,10.970664,10.218752,10.183252,10.088804,753784.0
08/24/2007,10.358524,10.636565,10.281618,10.544871,506600,0.000,0.0,-,10.979129,10.223518,10.159345,10.062218,751936.0
08/23/2007,10.376272,10.497545,10.246124,10.370356,448400,0.000,0.0,-,10.984827,10.222249,10.120498,10.037005,747740.0
08/22/2007,10.237251,10.364441,10.192882,10.308240,466000,0.000,0.0,-,10.990287,10.221876,10.100990,9.928704,746664.0
08/21/2007,10.018366,10.494587,9.908925,10.115977,789800,0.055,0.0,-,10.996131,10.220210,10.092550,9.898259,753204.0
08/20/2007,10.071611,10.213133,9.764981,10.071611,363600,0.000,0.0,-,11.003155,10.226752,10.092690,9.948662,746664.0
08/17/2007,10.313372,10.481429,9.803306,10.048020,635600,0.000,0.0,-,11.003164,10.236777,10.112296,10.001143,753976.0
08/16/2007,9.437708,9.877015,9.331568,9.823944,708000,0.000,0.0,-,11.003320,10.238959,10.130281,10.070429,755760.0
08/15/2007,9.874069,10.009693,9.449504,9.470142,467800,0.000,0.0,-,11.004480,10.252580,10.167136,10.172148,749084.0
08/14/2007,10.042123,10.171851,9.812150,9.906498,426600,0.000,0.0,-,11.008285,10.273808,10.216226,10.304235,748432.0
08/13/2007,10.510918,10.546298,9.835743,9.962523,991400,0.000,0.0,-,11.009047,10.291617,10.242762,10.277700,745132.0
08/10/2007,9.160567,10.390035,9.030839,10.292739,2022800,0.000,0.0,-,11.008972,10.307891,10.264874,10.256471,737872.0
08/09/2007,9.644095,9.700114,8.818553,9.287343,2792000,0.000,0.0,-,11.006531,10.317031,10.276078,10.203990,705024.0
08/08/2007,10.820492,10.820492,9.487832,10.003796,2205200,0.000,0.0,-,11.009087,10.345866,10.337846,10.273277,664368.0
08/07/2007,10.723196,10.764473,10.189543,10.620004,1090400,0.000,0.0,-,11.008704,10.357188,10.354652,10.286840,631396.0
08/06/2007,10.967912,10.967912,10.192492,10.596417,1163800,0.000,0.0,-,11.005313,10.351953,10.336372,10.236718,620820.0
08/03/2007,10.876510,10.994445,10.614106,10.740886,1237800,0.000,0.0,-,11.002054,10.346837,10.329148,10.223450,611868.0
08/02/2007,10.835236,10.970861,10.425414,10.841133,1012200,0.000,0.0,-,10.998147,10.340536,10.302466,10.190133,596504.0
08/01/2007,10.171855,10.829340,10.101094,10.791011,2456000,0.000,0.0,-,10.992977,10.335229,10.266348,10.162124,585752.0
07/31/2007,9.835741,9.871121,9.614613,9.641149,543000,0.000,0.0,-,10.988220,10.333334,10.236570,10.128218,544432.0
07/30/2007,9.708960,9.794462,9.490780,9.750237,859800,0.000,0.0,-,10.988363,10.352850,10.262958,10.207823,554052.0
07/27/2007,9.930090,10.106991,9.661789,9.767930,640600,0.000,0.0,-,10.988327,10.362952,10.269149,10.273277,546540.0
07/26/2007,9.974315,10.139422,9.874070,9.980210,713600,0.000,0.0,-,10.989343,10.374230,10.285955,10.348165,539732.0
07/25/2007,10.165956,10.174801,9.930087,10.139421,428800,0.000,0.0,-,10.989151,10.378851,10.291557,10.402415,532516.0
07/24/2007,10.348756,10.348756,10.024436,10.118784,589600,0.000,0.0,-,10.988864,10.383051,10.282122,10.422463,539756.0
07/23/2007,10.437206,10.599366,10.395928,10.463741,368800,0.000,0.0,-,10.988930,10.391780,10.281090,10.436026,540440.0
07/20/2007,10.537448,10.537448,10.392978,10.407720,1257400,0.000,0.0,-,10.985677,10.390434,10.267233,10.434847,547372.0
07/19/2007,10.540399,10.746784,10.481431,10.561037,569000,0.000,0.0,-,10.982017,10.396087,10.263253,10.414798,538992.0
07/18/2007,10.392982,10.510917,10.189545,10.451949,544000,0.000,0.0,-,10.978482,10.392267,10.251018,10.370573,546048.0
07/17/2007,10.404770,10.510912,10.404770,10.437202,356600,0.000,0.0,-,10.975595,10.391921,10.257062,10.344922,563768.0
07/16/2007,10.457845,10.496173,10.322220,10.404775,403200,0.000,0.0,-,10.973045,10.387285,10.259715,10.318093,574964.0
07/13/2007,10.466687,10.552190,10.425410,10.516809,202800,0.000,0.0,-,10.971637,10.386649,10.262811,10.265022,592540.0
07/12/2007,10.407724,10.608213,10.407724,10.522710,408600,0.000,0.0,-,10.967490,10.379010,10.261043,10.223746,612432.0
07/11/2007,10.216077,10.363495,10.177748,10.339908,436800,0.000,0.0,-,10.962656,10.369019,10.252492,10.180699,630232.0
07/10/2007,10.490280,10.490280,10.227874,10.254410,612000,0.000,0.0,-,10.961396,10.357334,10.246743,10.141781,639312.0
07/09/2007,10.245563,10.490278,10.171854,10.451949,710400,0.000,0.0,-,10.961149,10.352298,10.256178,10.126155,638572.0
07/06/2007,10.083405,10.251461,10.039179,10.207235,421400,0.000,0.0,-,10.957867,10.343428,10.262222,10.099620,643116.0
07/05/2007,10.221976,10.277996,9.994953,10.118784,368400,0.000,0.0,-,10.956189,10.337160,10.259716,10.111708,654160.0
07/03/2007,10.171852,10.334012,10.165955,10.195439,243200,0.000,0.0,-,10.955158,10.334190,10.279028,10.131462,689788.0
07/02/2007,9.935987,10.198391,9.906503,10.168908,571800,0.000,0.0,-,10.952823,10.325512,10.295834,10.169202,826464.0
06/29/2007,10.142370,10.142370,9.874069,9.874069,594600,0.000,0.0,-,10.951190,10.342761,10.327234,10.201338,825736.0
06/28/2007,10.074559,10.186597,10.074559,10.104043,422200,0.000,0.0,-,10.949073,10.360029,10.372343,10.260600,829296.0
06/27/2007,9.912398,10.133525,9.906501,10.092248,713800,0.000,0.0,-,10.944489,10.371697,10.404628,10.298340,827120.0
06/26/2007,10.115835,10.183647,9.930088,9.950727,528400,0.000,0.0,-,10.940667,10.384424,10.436470,10.324285,818560.0
06/25/2007,10.186598,10.260307,9.986109,10.098147,1001200,0.000,0.0,-,10.937698,10.399805,10.467428,10.351705,812000.0
06/22/2007,10.319273,10.363499,10.139423,10.186597,835200,0.000,0.0,-,10.935162,10.409534,10.480434,10.386201,797692.0
06/21/2007,10.263258,10.348760,10.151220,10.328121,523400,0.000,0.0,-,10.934143,10.416906,10.488134,10.424824,790880.0
06/20/2007,10.572833,10.593471,10.301582,10.316325,467200,0.000,0.0,-,10.932212,10.420154,10.493021,10.407724,789344.0
06/19/2007,10.481431,10.620005,10.437207,10.572831,307600,0.000,0.0,-,10.931143,10.426459,10.505993,10.426593,789388.0
06/18/2007,10.446048,10.578724,10.434254,10.490273,607000,0.000,0.0,-,10.929216,10.421815,10.512165,10.422466,796504.0
06/15/2007,10.664230,10.681920,10.431310,10.466690,562400,0.000,0.0,-,10.926971,10.416647,10.518497,10.453129,802024.0
06/14/2007,10.375294,10.599371,10.354656,10.481436,296800,0.000,0.0,-,10.926171,10.410598,10.507931,10.484087,804976.0
06/13/2007,10.295685,10.392982,10.266202,10.351705,394600,0.000,0.0,-,10.926376,10.410074,10.500449,10.510917,806652.0
06/12/2007,10.401826,10.469639,10.136474,10.224925,793000,0.000,0.0,-,10.927360,10.410499,10.493428,10.548656,810752.0
06/11/2007,10.569885,10.625905,10.419519,10.443106,462800,0.000,0.0,-,10.930073,10.412931,10.499654,10.583152,803904.0
06/08/2007,10.157112,10.646540,10.157112,10.572831,729200,0.000,0.0,-,10.933357,10.410705,10.505258,10.574666,809124.0
06/07/2007,10.451951,10.451951,10.142373,10.157115,724800,0.000,0.0,-,10.935569,10.407824,10.496439,10.551444,808112.0
06/06/2007,10.496174,10.540400,10.331067,10.505020,374200,0.000,0.0,-,10.940429,10.416020,10.523103,10.578318,806964.0
06/05/2007,10.796910,10.796910,10.454900,10.531558,435200,0.000,0.0,-,10.943155,10.423138,10.516353,10.585392,807520.0
06/04/2007,10.732043,10.861771,10.720250,10.796906,261600,0.000,0.0,-,10.944991,10.430312,10.511508,10.601864,806416.0
06/01/2007,10.791007,10.876510,10.717298,10.776265,628400,0.000,0.0,-,10.944727,10.433649,10.481933,10.583864,806180.0
05/31/2007,10.746787,10.879464,10.696664,10.749735,380400,0.000,0.0,-,10.942874,10.436987,10.461768,10.531775,807636.0
05/30/2007,10.496174,10.729095,10.378241,10.729095,759200,0.055,0.0,-,10.940994,10.436623,10.431024,10.489982,811000.0
05/29/2007,10.387645,10.587521,10.364130,10.569884,556600,0.000,0.0,-,10.940719,10.436379,10.395727,10.438201,804704.0
05/25/2007,10.346493,10.375886,10.296524,10.358251,561600,0.000,0.0,-,10.939767,10.438965,10.355017,10.416156,807408.0
05/24/2007,10.405278,10.458187,10.243614,10.340612,716200,0.000,0.0,-,10.941434,10.446490,10.337234,10.435850,806640.0
05/23/2007,10.613974,10.661003,10.408219,10.425856,469600,0.000,0.0,-,10.943466,10.450899,10.320627,10.441435,801276.0
05/22/2007,10.625730,10.640427,10.452309,10.575761,474600,0.000,0.0,-,10.945699,10.450840,10.294026,10.467889,804708.0
05/21/2007,10.581641,10.781517,10.461128,10.696276,390000,0.000,0.0,-,10.948961,10.454485,10.263751,10.447313,801856.0
05/18/2007,10.258311,10.619850,10.234795,10.616910,1024000,0.000,0.0,-,10.949988,10.454309,10.217015,10.421153,803116.0
05/17/2007,10.287707,10.370008,10.161315,10.255374,484200,0.000,0.0,-,10.950011,10.453780,10.237738,10.380002,796232.0
05/16/2007,10.243622,10.370014,10.181896,10.331803,300200,0.000,0.0,-,10.944828,10.458306,10.261840,10.391760,806376.0
05/15/2007,10.370009,10.508159,10.187770,10.211286,352800,0.000,0.0,-,10.939628,10.459423,10.279623,10.372065,813580.0
05/14/2007,10.525794,10.528733,10.346494,10.349433,790800,0.000,0.0,-,10.933645,10.459835,10.305489,10.353254,826652.0
05/11/2007,10.434672,10.581639,10.411157,10.555185,623800,0.000,0.0,-,10.927569,10.455484,10.324007,10.293878,829392.0
05/10/2007,10.663944,10.663944,10.355313,10.396463,715400,0.000,0.0,-,10.922301,10.453544,10.325477,10.238619,839132.0
05/09/2007,10.325916,10.757999,10.281826,10.690394,838400,0.000,0.0,-,10.917084,10.453603,10.333413,10.199819,840692.0
05/08/2007,10.393524,10.393524,10.223041,10.370008,921800,0.000,0.0,-,10.908515,10.449424,10.323419,10.120163,853744.0
05/07/2007,10.187766,10.578699,10.076070,10.434670,1430000,0.000,0.0,-,10.903459,10.460385,10.336499,10.080188,856100.0
05/04/2007,10.358252,10.361191,10.170133,10.205406,916400,0.000,0.0,-,10.901302,10.472045,10.331796,10.012877,838060.0
05/03/2007,10.202466,10.702155,10.202466,10.372949,1282000,0.000,0.0,-,10.898455,10.488115,10.333119,10.095473,836732.0
05/02/2007,10.023163,10.258311,10.017285,10.134858,1197400,0.000,0.0,-,10.894973,10.498958,10.322684,10.131921,841244.0
05/01/2007,9.702780,10.046684,9.641054,10.023169,1298600,0.000,0.0,-,10.893557,10.513333,10.338704,10.187181,842640.0
04/30/2007,9.961433,10.002584,9.735104,9.755679,890800,0.000,0.0,-,10.893881,10.529062,10.356193,10.257725,839088.0
04/27/2007,9.964378,10.093708,9.899712,10.002588,575000,0.000,0.0,-,10.894682,10.547387,10.385734,10.354136,865668.0
04/26/2007,9.920291,10.064320,9.846808,10.008471,937600,0.000,0.0,-,10.895619,10.555382,10.402194,10.412335,891428.0
04/25/2007,9.967316,9.990831,9.767440,9.893832,973600,0.000,0.0,-,10.896876,10.557809,10.423211,10.467006,967308.0
04/24/2007,9.761563,10.052558,9.655746,9.970256,2149800,0.000,0.0,-,10.899596,10.557137,10.456866,10.526675,1152996.0
04/23/2007,10.228921,10.669823,9.194272,9.761565,7077000,0.000,0.0,-,10.903640,10.610201,10.501397,10.592810,1123184.0
04/20/2007,10.904969,11.069572,10.896151,11.031361,535400,0.000,0.0,-,10.907809,10.670017,10.557833,10.650715,990744.0
04/19/2007,10.669821,10.746245,10.440552,10.737426,772600,0.000,0.0,-,10.904783,10.703265,10.554452,10.570765,983884.0
04/18/2007,10.684521,10.713915,10.602220,10.687461,313400,0.000,0.0,-,10.903315,10.741806,10.564740,10.513448,975272.0
04/17/2007,10.722729,10.740366,10.702154,10.728608,285800,0.000,0.0,-,10.902373,10.779940,10.566944,10.490227,977116.0
04/16/2007,10.637490,10.728610,10.637490,10.719792,200400,0.000,0.0,-,10.899898,10.816254,10.566357,10.454661,978292.0
04/13/2007,10.555181,10.584574,10.499334,10.584574,285800,0.000,0.0,-,10.897133,10.848291,10.565328,10.417331,983164.0
04/12/2007,10.484641,10.561064,10.405279,10.555185,494600,0.000,0.0,-,10.896122,10.876528,10.572823,10.392054,985184.0
04/11/2007,10.669821,10.678639,10.434673,10.490520,446600,0.000,0.0,-,10.895944,10.905820,10.573117,10.379415,985064.0
04/10/2007,10.372950,10.722732,10.372950,10.631612,469400,0.000,0.0,-,10.896147,10.932949,10.569737,10.387058,982032.0
04/09/2007,10.249492,10.428793,10.231857,10.340612,663400,0.000,0.0,-,10.896651,10.951570,10.576056,10.409984,980100.0
04/05/2007,10.164258,10.293589,10.164258,10.231863,883000,0.000,0.0,-,10.896977,10.977536,10.593399,10.464950,975904.0
04/04/2007,10.211285,10.434674,10.140740,10.164255,710000,0.000,0.0,-,10.896884,11.010072,10.611329,10.538139,965352.0
04/03/2007,10.390582,10.531671,10.355310,10.455248,380600,0.000,0.0,-,10.898719,11.043550,10.627201,10.616032,963024.0
04/02/2007,10.405282,10.461129,10.317100,10.372949,599600,0.000,0.0,-,10.899901,11.064175,10.623821,10.643662,965424.0
03/30/2007,10.317100,10.443492,10.278889,10.346494,450600,0.000,0.0,-,10.899073,11.093303,10.616767,10.678052,961548.0
03/29/2007,10.464073,10.522860,10.293592,10.331803,723800,0.000,0.0,-,10.896424,11.125070,10.606038,10.713324,958836.0
03/28/2007,10.322978,10.569883,10.322978,10.428795,678600,0.000,0.0,-,10.896838,11.161644,10.612357,10.753592,950068.0
03/27/2007,10.849122,10.849122,10.531673,10.566945,667400,0.000,0.0,-,10.899391,11.191882,10.610887,10.766819,946952.0
03/26/2007,10.875574,10.904967,10.666881,10.860878,402000,0.000,0.0,-,10.902129,11.222287,10.606613,10.752416,937900.0
03/23/2007,10.954937,10.990209,10.810909,10.890271,380000,0.000,0.0,-,10.904578,11.247048,10.609471,10.742128,934260.0
03/22/2007,10.966696,11.007846,10.934363,10.963756,249800,0.000,0.0,-,10.907070,11.268233,10.615842,10.721847,930564.0
03/21/2007,10.758002,10.975514,10.699216,10.943181,701200,0.000,0.0,-,10.909777,11.289823,10.618099,10.684518,932128.0
03/20/2007,10.708031,10.740364,10.628669,10.731545,548600,0.000,0.0,-,10.910823,11.310008,10.616695,10.638370,926476.0
03/19/2007,10.758004,10.849124,10.684520,10.716853,444400,0.000,0.0,-,10.914619,11.335305,10.622797,10.603980,925624.0
03/16/2007,10.734486,10.734486,10.584579,10.699214,691800,0.000,0.0,-,10.917074,11.370331,10.627437,10.555481,924600.0
03/15/2007,10.596337,10.749183,10.596337,10.734487,523200,0.000,0.0,-,10.917283,11.403658,10.626072,10.498752,922928.0
03/14/2007,10.422914,10.590457,10.320038,10.561064,448000,0.000,0.0,-,10.920779,11.439621,10.609464,10.471122,920968.0
03/13/2007,10.713907,10.755058,10.402336,10.422912,641200,0.000,0.0,-,10.925258,11.475828,10.587902,10.454956,920976.0
03/12/2007,10.675700,10.813850,10.587520,10.758001,332000,0.000,0.0,-,10.929206,11.519781,10.559768,10.460809,915600.0
03/09/2007,10.693340,10.790338,10.640431,10.687461,453000,0.000,0.0,-,10.931624,11.552108,10.653040,10.476814,913376.0
03/08/2007,10.543433,10.828550,10.528737,10.590463,679800,0.000,0.0,-,10.934874,11.583327,10.756286,10.509836,909780.0
03/07/2007,10.390583,10.487582,10.302403,10.481703,991400,0.000,0.0,-,10.943701,11.615371,10.861452,10.551679,900424.0
03/06/2007,10.375887,10.469946,10.317100,10.387645,660400,0.000,0.0,-,10.952664,11.649298,10.970590,10.595021,885504.0
03/05/2007,10.052563,10.375890,10.023169,10.231863,1006400,0.000,0.0,-,10.963844,11.683290,11.080915,10.641615,877464.0
03/02/2007,10.399400,10.431733,10.120162,10.131920,927800,0.000,0.0,-,10.977969,11.720690,11.196539,10.699392,865892.0
03/01/2007,10.375883,10.516971,10.061373,10.458185,1110800,0.055,0.0,-,10.992362,11.766477,11.306025,10.753392,857852.0
02/28/2007,10.481450,10.578147,10.352520,10.399404,793400,0.000,0.0,-,11.005938,11.804625,11.382935,10.747806,843788.0
02/27/2007,10.888753,10.891682,10.346660,10.481450,1491000,0.000,0.0,-,11.022324,11.837209,11.463956,10.720848,834948.0
02/26/2007,11.017678,11.055771,10.900469,10.918050,1039600,0.000,0.0,-,11.041326,11.868738,11.532230,10.658726,818616.0
02/23/2007,10.959077,11.032333,10.956146,11.017681,528000,0.000,0.0,-,11.057883,11.894524,11.564463,10.829267,808496.0
02/22/2007,10.932705,11.032334,10.856519,11.008891,850000,0.000,0.0,-,11.070537,11.922713,11.595523,11.002736,805556.0
02/21/2007,10.853585,10.920980,10.809631,10.915119,1507600,0.000,0.0,-,11.081825,11.951605,11.638011,11.171225,797048.0
02/20/2007,10.827213,10.871166,10.607446,10.853585,1267200,0.000,0.0,-,11.093640,11.986006,11.684163,11.346160,775972.0
02/16/2007,10.671914,10.812566,10.446287,10.809635,1121000,0.000,0.0,-,11.103479,12.021814,11.715809,11.520216,760868.0
02/15/2007,10.402334,10.885823,10.285124,10.671915,2219800,0.000,0.0,-,11.118163,12.057446,11.766795,11.693686,753420.0
02/14/2007,10.126888,10.422841,10.044841,10.402329,1863000,0.000,0.0,-,11.149275,12.089619,11.829942,11.858658,722576.0
02/13/2007,10.018470,10.332005,9.904191,10.129819,4731600,0.000,0.0,-,11.181270,12.128181,11.917849,12.018063,705656.0
02/12/2007,12.013959,12.013959,9.725446,9.860237,10258000,0.000,0.0,-,11.213420,12.170611,12.008393,12.207064,624508.0
02/09/2007,12.717221,12.717221,12.471081,12.623453,659200,0.000,0.0,-,11.246554,12.217729,12.119742,12.405734,433200.0
02/08/2007,12.658608,12.790469,12.597074,12.752376,455000,0.000,0.0,-,11.265581,12.213217,12.093517,12.299659,434932.0
02/07/2007,12.658615,12.793405,12.544336,12.693777,192400,0.000,0.0,-,11.282960,12.211107,12.053373,12.188310,428344.0
02/06/2007,12.570707,12.687916,12.512102,12.664474,342000,0.000,0.0,-,11.300297,12.211986,12.020847,12.104798,432360.0
02/05/2007,12.570704,12.643960,12.491588,12.594146,405600,0.000,0.0,-,11.319090,12.211166,11.985245,12.022165,434488.0
02/02/2007,12.350934,12.594143,12.333352,12.544330,344600,0.000,0.0,-,11.338743,12.209173,11.955356,11.911402,432576.0
02/01/2007,12.043269,12.359735,12.043269,12.321642,444000,0.000,0.0,-,11.358995,12.209756,11.951547,11.839905,433944.0
01/31/2007,11.984659,12.028612,11.876239,11.996379,386800,0.000,0.0,-,11.375793,12.215026,11.953745,11.801225,436584.0
01/30/2007,11.846939,12.113590,11.726800,12.019823,488600,0.000,0.0,-,11.392690,12.224814,11.980556,11.817634,444388.0
01/29/2007,11.562703,11.952425,11.548052,11.846936,295000,0.000,0.0,-,11.409498,12.227816,11.998138,11.809723,449064.0
01/26/2007,11.650610,11.703354,11.413262,11.562703,372800,0.000,0.0,-,11.426124,12.228077,12.036817,11.833751,449428.0
01/25/2007,11.835211,11.896745,11.638885,11.638885,453600,0.000,0.0,-,11.444229,12.232678,12.077401,11.887374,456196.0
01/24/2007,11.814706,11.952427,11.744381,11.858660,355400,0.000,0.0,-,11.460745,12.234410,12.107876,11.918436,459116.0
01/23/2007,11.515820,11.899681,11.457215,11.838146,593600,0.000,0.0,-,11.478025,12.237186,12.124578,11.936896,463924.0
01/22/2007,11.779541,11.838146,11.404471,11.486518,500600,0.000,0.0,-,11.495960,12.238851,12.141573,11.948324,466232.0
01/19/2007,11.937777,11.937777,11.741450,11.829357,405800,0.000,0.0,-,11.515275,12.242811,12.171608,11.999310,469368.0
01/18/2007,12.131170,12.131170,11.896751,11.934844,315000,0.000,0.0,-,11.534185,12.235471,12.185234,12.063189,495968.0
01/17/2007,11.917261,12.224936,11.899680,12.160471,285400,0.000,0.0,-,11.553586,12.226313,12.209554,12.106264,524908.0
01/16/2007,12.116519,12.224938,11.870379,11.940705,522800,0.000,0.0,-,11.571276,12.213519,12.219810,12.143478,590652.0
01/12/2007,12.098940,12.098940,11.923126,12.087219,214800,0.000,0.0,-,11.588597,12.176173,12.224206,12.186553,596008.0
01/11/2007,11.949496,12.207357,11.885032,12.098939,220000,0.000,0.0,-,11.606130,12.136014,12.222741,12.239883,606416.0
01/10/2007,12.028614,12.084289,11.890893,11.949497,195200,0.000,0.0,-,11.623605,12.095152,12.228161,12.267427,609664.0
01/09/2007,11.972937,12.110658,11.747308,12.043262,328000,0.000,0.0,-,11.639863,12.060788,12.252043,12.297315,626064.0
01/08/2007,11.990521,12.046196,11.867452,11.952429,418600,0.000,0.0,-,11.658446,12.021098,12.272554,12.312260,640864.0
01/05/2007,12.213217,12.394891,11.931915,11.996379,506000,0.000,0.0,-,11.677904,11.981003,12.306691,12.334822,639968.0
01/04/2007,12.321637,12.488661,12.154614,12.468149,393200,0.000,0.0,-,11.695033,11.937163,12.339070,12.343906,637648.0
01/03/2007,12.588289,12.588289,12.139964,12.365592,608200,0.000,0.0,-,11.711026,11.883771,12.345224,12.307278,645436.0
12/29/2006,12.380240,12.699636,12.380240,12.532613,425200,0.000,0.0,-,11.726585,11.835003,12.340975,12.312844,645716.0
12/28/2006,12.600008,12.620520,12.163403,12.371450,448400,0.000,0.0,-,11.741019,11.783187,12.330865,12.296142,650068.0
12/27/2006,12.389028,12.658610,12.389028,12.620517,372400,0.000,0.0,-,11.755939,11.734652,12.324858,12.261858,655608.0
12/26/2006,12.219080,12.397824,12.192708,12.374382,220800,0.000,0.0,-,11.769016,11.681429,12.304640,12.205598,661500.0
12/22/2006,12.189777,12.268893,12.063777,12.248382,273200,0.000,0.0,-,11.781332,11.630088,12.305812,12.188896,671020.0
12/21/2006,12.204427,12.391962,12.063775,12.192706,212000,0.000,0.0,-,11.792532,11.581910,12.325737,12.206770,689184.0
12/20/2006,12.219075,12.380238,12.122377,12.178052,245400,0.000,0.0,-,11.802323,11.531453,12.352988,12.232849,697564.0
12/19/2006,12.043265,12.093080,11.914335,12.087219,258400,0.000,0.0,-,11.812507,11.482751,12.375258,12.278561,708060.0
12/18/2006,12.421261,12.447633,12.022749,12.101866,427800,0.000,0.0,-,11.823567,11.440428,12.395623,12.334235,714020.0
12/15/2006,12.365583,12.512095,12.350932,12.421257,525800,0.000,0.0,-,11.834787,11.397227,12.419204,12.383170,723228.0
12/14/2006,12.028615,12.444708,12.028615,12.365592,407600,0.000,0.0,-,11.845020,11.350445,12.427399,12.369105,728104.0
12/13/2006,12.072566,12.160473,11.937776,12.028612,351400,0.000,0.0,-,11.856812,11.305771,12.433407,12.365589,737888.0
12/12/2006,12.219078,12.224939,11.984660,12.057916,674400,0.000,0.0,-,11.868747,11.261462,12.440473,12.387858,746160.0
12/11/2006,12.427125,12.465218,12.178056,12.207357,533600,0.000,0.0,-,11.877356,11.213818,12.430577,12.403681,741772.0
12/08/2006,12.435910,12.494514,12.292329,12.427119,381000,0.000,0.0,-,11.887236,11.166753,12.409847,12.422727,741764.0
12/07/2006,12.617590,12.667403,12.377310,12.453496,424600,0.000,0.0,-,11.894260,11.115701,12.374765,12.444704,745524.0
12/06/2006,12.623452,12.664475,12.532614,12.635172,453800,0.000,0.0,-,11.901689,11.065175,12.351962,12.473128,749264.0
12/05/2006,12.600004,12.705493,12.485725,12.643958,512000,0.000,0.0,-,11.908457,11.014934,12.316273,12.471956,762344.0
12/04/2006,12.306985,12.743590,12.292334,12.591218,748600,0.000,0.0,-,11.915326,10.955803,12.268303,12.457012,765032.0
12/01/2006,12.394887,12.409538,12.025678,12.280608,677600,0.000,0.0,-,11.921936,10.895096,12.211859,12.455237,766132.0
11/30/2006,12.248383,12.450570,12.169266,12.330430,1017000,0.000,0.0,-,11.929213,10.851244,12.171675,12.485693,767992.0
11/29/2006,12.277683,12.304055,12.096007,12.251310,674200,0.000,0.0,-,11.927704,10.808735,12.131194,12.501225,767744.0
11/28/2006,12.409535,12.444699,12.166326,12.216140,692600,0.000,0.0,-,11.924281,10.759621,12.022298,12.493088,773556.0
11/27/2006,12.573635,12.579496,12.353867,12.397821,745800,0.000,0.0,-,11.918813,10.712730,11.915453,12.457474,776848.0
11/24/2006,12.602936,12.690844,12.600006,12.646890,125600,0.000,0.0,-,11.912712,10.663025,11.798355,12.396966,779912.0
11/22/2006,12.602939,12.758243,12.550196,12.737731,393200,0.000,0.0,-,11.906280,10.604655,11.677575,12.304826,793084.0
11/21/2006,12.547266,12.684988,12.312848,12.623453,448400,0.045,0.0,-,11.899961,10.546748,11.543627,12.230796,801848.0
11/20/2006,12.485742,12.552995,12.398020,12.494514,310000,0.000,0.0,-,11.895287,10.483290,11.409838,12.160591,803472.0
11/17/2006,12.573477,12.661198,12.482830,12.573477,413000,0.000,0.0,-,11.893741,10.417148,11.275331,12.079595,812008.0
11/16/2006,12.605634,12.725521,12.450659,12.585166,576000,0.000,0.0,-,11.892207,10.352234,11.136584,11.968480,819356.0
11/15/2006,12.134859,12.529607,12.131935,12.485746,777000,0.000,0.0,-,11.890368,10.287670,11.003686,11.857658,824472.0
11/14/2006,11.824907,12.187491,11.699172,12.169947,722400,0.000,0.0,-,11.891421,10.229774,10.876489,11.761163,823508.0
11/13/2006,11.821982,11.947717,11.702095,11.859995,313200,0.000,0.0,-,11.893066,10.186030,10.765228,11.551508,819820.0
11/10/2006,11.675780,11.804438,11.500337,11.792743,711200,0.000,0.0,-,11.896464,10.147666,10.670197,11.373433,836836.0
11/09/2006,12.009127,12.009127,11.590986,11.725492,599600,0.000,0.0,-,11.899110,10.113864,10.570925,11.199744,837944.0
11/08/2006,11.921399,12.070526,11.766424,11.997424,595800,0.000,0.0,-,11.900973,10.083103,10.476624,11.050324,843332.0
11/07/2006,11.684556,11.927254,11.573443,11.921406,709000,0.000,0.0,-,11.900955,10.043979,10.360246,10.856459,855968.0
11/06/2006,11.579286,11.751805,11.512032,11.684552,657400,0.000,0.0,-,11.903058,10.011683,10.251325,10.659085,867316.0
11/03/2006,11.593908,11.792744,11.447705,11.462325,1735800,0.000,0.0,-,11.906346,9.988441,10.165650,10.471068,862000.0
11/02/2006,11.623148,11.745958,11.348287,11.476945,1762000,0.000,0.0,-,11.912575,9.970168,10.089624,10.304689,842484.0
11/01/2006,11.082191,11.532496,10.646506,11.520801,3572600,0.000,0.0,-,11.920589,9.955978,10.019885,10.149714,822996.0
10/31/2006,10.099712,10.169889,9.921344,10.073396,790600,0.000,0.0,-,11.927658,9.947560,9.950439,9.991815,761188.0
10/30/2006,10.029534,10.158193,9.892104,10.079244,735200,0.000,0.0,-,11.940875,9.966398,9.937427,9.978949,755428.0
10/27/2006,10.234219,10.263459,10.029534,10.055851,382400,0.000,0.0,-,11.955732,9.987394,9.917251,9.966961,752856.0
10/26/2006,10.079248,10.292704,10.017842,10.231299,1015200,0.000,0.0,-,11.971374,10.007284,9.907163,9.942106,757252.0
10/25/2006,10.231293,10.263456,9.889177,10.058773,1068000,0.000,0.0,-,11.986561,10.020631,9.889326,9.902923,745452.0
10/24/2006,9.737129,9.971053,9.737129,9.947661,373800,0.000,0.0,-,12.002638,10.034337,9.882747,9.864033,732600.0
10/23/2006,9.725432,9.924269,9.704964,9.804382,390000,0.000,0.0,-,12.019228,10.043500,9.891519,9.843565,737820.0
10/20/2006,9.941814,9.950586,9.693269,9.798534,782600,0.000,0.0,-,12.036462,10.054886,9.885671,9.860232,739760.0
10/19/2006,9.941814,9.985675,9.821927,9.927194,622200,0.000,0.0,-,12.051532,10.072397,9.873536,9.874560,739704.0
10/18/2006,9.941814,9.985676,9.854093,9.941814,642800,0.000,0.0,-,12.065771,10.081444,9.881577,9.890057,740712.0
10/17/2006,9.971053,9.994446,9.795610,9.944736,725400,0.000,0.0,-,12.079079,10.096439,9.894735,9.909063,745932.0
10/16/2006,9.807309,10.073398,9.807309,9.959360,667000,0.000,0.0,-,12.090413,10.112485,9.887279,9.895905,755232.0
10/13/2006,9.865786,9.909646,9.707886,9.807304,696800,0.000,0.0,-,12.102690,10.130746,9.882892,9.867541,766580.0
10/12/2006,9.696192,9.874560,9.678647,9.839472,1181400,0.000,0.0,-,12.116192,10.159164,9.888156,9.872220,773280.0
10/11/2006,9.742975,9.754671,9.570455,9.669873,631000,0.000,0.0,-,12.129925,10.180406,9.882600,9.875728,780100.0
10/10/2006,10.017836,10.017836,9.702038,9.742974,770200,0.000,0.0,-,12.145130,10.199440,9.891226,9.901460,831228.0
10/09/2006,9.941816,10.014917,9.722511,9.971056,556400,0.000,0.0,-,12.159607,10.188957,9.876606,9.939473,837344.0
10/06/2006,10.082169,10.082169,9.740054,9.941814,888200,0.000,0.0,-,12.173002,10.175370,9.837423,9.911109,836208.0
10/05/2006,10.131874,10.292698,9.912570,10.082165,769600,0.000,0.0,-,12.186252,10.156827,9.806720,9.872512,827812.0
10/04/2006,9.824849,10.199130,9.801458,10.131877,896800,0.000,0.0,-,12.199512,10.137868,9.770462,9.873097,825288.0
10/03/2006,9.649404,9.897949,9.561683,9.813152,765000,0.000,0.0,-,12.213947,10.125264,9.743414,9.880407,822896.0
10/02/2006,9.839474,9.857018,9.564611,9.675726,455000,0.000,0.0,-,12.229307,10.116060,9.751894,9.878653,825484.0
09/29/2006,9.877479,9.997365,9.830694,9.854087,533200,0.000,0.0,-,12.245804,10.102081,9.765199,9.898243,840792.0
09/28/2006,9.941811,10.178660,9.824848,9.874557,569000,0.000,0.0,-,12.260641,10.092175,9.777626,9.904091,844860.0
09/27/2006,10.111410,10.111410,9.839472,9.927194,611600,0.000,0.0,-,12.277218,10.094750,9.793270,9.889471,844592.0
09/26/2006,9.652331,10.181587,9.652331,10.123105,1107800,0.000,0.0,-,12.293911,10.088923,9.798972,9.880991,843868.0
09/25/2006,9.506124,9.751746,9.395011,9.687417,646400,0.000,0.0,-,12.309493,10.079994,9.808147,9.813738,839592.0
09/22/2006,10.044158,10.044158,9.418408,9.555840,803600,0.000,0.0,-,12.326004,10.083279,9.849899,9.763737,851460.0
09/21/2006,10.257608,10.441823,10.017834,10.088012,770600,0.000,0.0,-,12.344437,10.093920,9.899541,9.740928,859064.0
09/20/2006,9.903798,10.362876,9.897950,10.204977,1004600,0.000,0.0,-,12.358742,10.090477,9.933511,9.667827,859644.0
09/19/2006,9.871637,9.982751,9.643560,9.795611,964800,0.000,0.0,-,12.374176,10.090176,9.978257,9.606422,854324.0
09/18/2006,9.912571,10.029533,9.751747,9.871634,857200,0.000,0.0,-,12.392557,10.099463,10.039242,9.625136,849064.0
09/15/2006,9.874555,10.011986,9.742972,9.912568,899000,0.000,0.0,-,12.408613,10.110788,10.102113,9.632154,843864.0
09/14/2006,9.766369,9.880408,9.506127,9.728356,784200,0.000,0.0,-,12.420630,10.128118,10.159001,9.651161,842744.0
09/13/2006,9.497354,9.851166,9.473963,9.842394,831400,0.000,0.0,-,12.432727,10.145458,10.217516,9.697069,843404.0
09/12/2006,9.178632,9.482735,9.152316,9.450570,529600,0.000,0.0,-,12.446661,10.157134,10.262600,9.716952,834588.0
09/11/2006,9.269278,9.336531,9.064593,9.187404,736800,0.000,0.0,-,12.462409,10.176997,10.310361,9.802557,839216.0
09/08/2006,9.409633,9.415481,9.134771,9.327759,780400,0.000,0.0,-,12.480183,10.203231,10.369676,9.936061,840104.0
09/07/2006,9.561684,9.626013,9.330683,9.356999,831800,0.000,0.0,-,12.496429,10.221350,10.436992,10.058153,833524.0
09/06/2006,9.938889,9.950585,9.558760,9.590925,728800,0.000,0.0,-,12.511122,10.237543,10.488119,10.199195,830292.0
09/05/2006,9.941811,10.093863,9.830697,9.982748,538000,0.000,0.0,-,12.525139,10.253373,10.543153,10.350092,832332.0
09/01/2006,10.102638,10.134803,9.669876,9.941814,1164000,0.000,0.0,-,12.534631,10.264109,10.581366,10.453349,828668.0
08/31/2006,10.155269,10.301472,10.073395,10.102635,766600,0.000,0.0,-,12.545212,10.275896,10.627895,10.572073,812860.0
08/30/2006,10.044157,10.231297,9.988600,10.187436,869000,0.045,0.0,-,12.555525,10.288492,10.684174,10.666841,814072.0
08/29/2006,10.300788,10.414528,10.003314,10.041227,1227600,0.000,0.0,-,12.567980,10.292859,10.719881,10.737963,813796.0
08/28/2006,10.522436,10.522436,10.245376,10.306621,1276400,0.000,0.0,-,12.581557,10.296300,10.748899,10.808249,807096.0
08/25/2006,10.513693,10.723675,10.434949,10.522443,391600,0.000,0.0,-,12.592459,10.300792,10.694509,10.818165,802576.0
08/24/2006,10.834490,10.834490,10.335782,10.548680,760000,0.000,0.0,-,12.601340,10.304175,10.632972,10.803290,809360.0
08/23/2006,11.053228,11.140720,10.671177,10.767418,787600,0.000,0.0,-,12.612119,10.297350,10.556270,10.815832,811992.0
08/22/2006,10.980325,11.175725,10.959910,11.099898,482200,0.000,0.0,-,12.623515,10.278335,10.474611,10.777044,819280.0
08/21/2006,10.994898,11.079475,10.878241,11.015313,502600,0.000,0.0,-,12.635365,10.264628,10.394700,10.736213,829104.0
08/18/2006,11.099894,11.152390,10.913242,11.129058,606600,0.000,0.0,-,12.648407,10.263111,10.311583,10.709383,833056.0
08/17/2006,10.732427,11.067816,10.668266,11.050317,602200,0.000,0.0,-,12.657951,10.262819,10.203967,10.683717,843740.0
08/16/2006,10.816997,11.006565,10.764502,10.898657,425200,0.000,0.0,-,12.664048,10.268827,10.119390,10.701507,853832.0
08/15/2006,10.644925,10.849075,10.510770,10.744083,425400,0.000,0.0,-,12.669409,10.278626,10.074623,10.701799,865012.0
08/14/2006,10.446611,10.688675,10.373701,10.405782,634800,0.000,0.0,-,12.674080,10.293850,10.019211,10.689550,891704.0
08/11/2006,10.630342,10.630342,10.259957,10.373697,487000,0.000,0.0,-,12.680877,10.308782,9.982756,10.570852,894360.0
08/10/2006,10.405784,10.755755,10.335790,10.674094,779800,0.000,0.0,-,12.687935,10.331122,9.956654,10.462654,902820.0
08/09/2006,10.779087,10.863663,10.350374,10.379538,672600,0.000,0.0,-,12.693043,10.341796,9.927344,10.296709,909444.0
08/08/2006,10.747007,10.910327,10.647848,10.691595,903800,0.000,0.0,-,12.698260,10.349029,9.904159,10.172178,914476.0
08/07/2006,10.881161,11.082393,10.717841,10.747005,1190400,0.000,0.0,-,12.700526,10.363869,9.879077,10.053187,908088.0
08/04/2006,11.286538,11.409027,10.709087,10.872406,1234400,0.000,0.0,-,12.703674,10.378066,9.854725,9.913783,909756.0
08/03/2006,10.849080,11.286543,10.703259,11.228214,1031800,0.000,0.0,-,12.705152,10.384867,9.832998,9.724216,909244.0
08/02/2006,10.644926,11.000730,10.621594,10.901571,1522400,0.000,0.0,-,12.705705,10.385134,9.810541,9.537273,919832.0
08/01/2006,9.653347,10.621598,9.481278,10.621598,3187400,0.000,0.0,-,12.707878,10.393855,9.795230,9.447448,928644.0
07/31/2006,9.218803,9.271299,8.967991,9.218803,1076000,0.000,0.0,-,12.709986,10.428539,9.785460,9.348873,877888.0
07/28/2006,9.061313,9.344206,8.970905,9.291711,499600,0.000,0.0,-,12.719471,10.489651,9.846705,9.394660,874868.0
07/27/2006,9.201301,9.405451,8.997152,9.014650,468400,0.000,0.0,-,12.729548,10.556286,9.907075,9.450655,888592.0
07/26/2006,9.501694,9.516276,8.924243,9.134225,643400,0.000,0.0,-,12.740488,10.637133,9.968028,9.557979,896372.0
07/25/2006,9.338371,9.609598,9.268377,9.501691,777200,0.000,0.0,-,12.750569,10.714657,10.019649,9.636140,902848.0
07/24/2006,8.976739,9.373372,8.976739,9.352957,894400,0.000,0.0,-,12.757001,10.788090,10.063687,9.704967,900624.0
07/21/2006,9.358787,9.358787,8.836748,8.976736,1220400,0.000,0.0,-,12.766801,10.874565,10.122015,9.795667,899924.0
07/20/2006,9.988735,10.070394,9.332541,9.358788,736600,0.000,0.0,-,12.780801,10.980666,10.199737,9.941780,893088.0
07/19/2006,9.635851,10.073314,9.478364,10.003320,555600,0.000,0.0,-,12.791601,11.078079,10.268419,10.083809,908608.0
07/18/2006,9.638764,9.770003,9.332540,9.635848,575400,0.000,0.0,-,12.799192,11.148985,10.288542,10.143013,919024.0
07/17/2006,9.787502,9.944988,9.560021,9.676678,894000,0.000,0.0,-,12.806838,11.221597,10.317415,10.222047,927804.0
07/14/2006,10.076224,10.169549,9.691257,9.851660,1239800,0.000,0.0,-,12.813482,11.293626,10.360140,10.298749,942932.0
07/13/2006,10.318289,10.478692,10.023730,10.087892,1183800,0.000,0.0,-,12.817135,11.353019,10.402137,10.363494,975664.0
07/12/2006,10.178305,10.178305,9.828334,9.915827,799600,0.000,0.0,-,12.818302,11.426191,10.408115,10.378077,1047812.0
07/11/2006,10.163719,10.198717,9.915824,10.189967,738600,0.000,0.0,-,12.818967,11.565762,10.403157,10.403158,1057548.0
07/10/2006,10.434941,10.604094,10.105387,10.259956,701800,0.000,0.0,-,12.816362,11.697987,10.414386,10.422406,1060232.0
07/07/2006,10.671177,10.729505,10.350371,10.437863,597200,0.000,0.0,-,12.814364,11.823984,10.448362,10.448363,1066216.0
07/06/2006,10.851993,11.143635,10.674091,10.779082,843000,0.000,0.0,-,12.812665,11.944968,10.482192,10.457695,1065048.0
07/05/2006,10.373705,10.688678,10.312460,10.595353,817200,0.000,0.0,-,12.808971,12.057964,10.510773,10.453029,1060588.0
07/03/2006,10.458275,10.551600,10.289122,10.426194,390600,0.000,0.0,-,12.806731,12.170619,10.550437,10.434071,1057840.0
06/30/2006,10.557439,10.682845,10.359122,10.443699,761000,0.000,0.0,-,12.805337,12.285320,10.604391,10.412782,1064428.0
06/29/2006,10.280378,10.572020,10.195801,10.499109,781200,0.000,0.0,-,12.804986,12.404907,10.639825,10.421531,1056464.0
06/28/2006,10.271628,10.318291,10.105392,10.233714,451400,0.000,0.0,-,12.805590,12.525422,10.689404,10.440779,1055064.0
06/27/2006,10.446614,10.604101,10.079146,10.166638,670200,0.000,0.0,-,12.807869,12.652642,10.738108,10.438154,1069960.0
06/26/2006,10.499106,10.572017,10.257043,10.382449,830800,0.000,0.0,-,12.810672,12.762933,10.766834,10.403157,1074788.0
06/23/2006,10.531189,10.741171,10.426197,10.519523,354800,0.000,0.0,-,12.812033,12.862798,10.819391,10.406365,1064016.0
06/22/2006,10.659510,10.665343,10.382450,10.531188,373600,0.000,0.0,-,12.813217,12.960037,10.866258,10.448361,1062492.0
06/21/2006,10.362033,10.776165,10.268708,10.732418,827200,0.000,0.0,-,12.813023,13.052855,10.900323,10.506689,1063404.0
06/20/2006,10.674092,10.849078,10.364952,10.405782,855200,0.000,0.0,-,12.810405,13.141880,10.925781,10.568518,1063064.0
06/19/2006,10.618680,10.644928,10.073310,10.213298,892600,0.000,0.0,-,12.809825,13.232608,10.972370,10.666802,1056980.0
06/16/2006,10.694507,10.776167,10.257044,10.531188,1050400,0.000,0.0,-,12.810801,13.334635,11.079497,10.795999,1047328.0
06/15/2006,10.332876,10.817001,10.268714,10.691595,730800,0.000,0.0,-,12.808408,13.432514,11.166657,10.858119,1037388.0
06/14/2006,9.915821,10.207462,9.848743,10.207462,891600,0.000,0.0,-,12.805863,13.525672,11.263252,10.938028,1037232.0
06/13/2006,10.280377,10.335789,9.682512,9.816667,1152000,0.000,0.0,-,12.805045,13.633750,11.405728,11.038062,1030196.0
06/12/2006,10.659512,10.878243,10.300792,10.414533,973400,0.000,0.0,-,12.806123,13.753717,11.565416,11.130512,1017920.0
06/09/2006,11.096969,11.356530,10.843241,10.939482,700200,0.000,0.0,-,12.802505,13.859399,11.703357,11.232417,1008796.0
06/08/2006,11.315702,11.315702,10.452442,11.114470,1140800,0.000,0.0,-,12.795784,13.948705,11.840216,11.284155,1009408.0
06/07/2006,11.563605,11.898992,11.318625,11.350705,1106800,0.000,0.0,-,12.787379,14.038294,11.998583,11.293956,996240.0
06/06/2006,11.651096,11.782335,11.047397,11.388618,984200,0.000,0.0,-,12.777169,14.123158,12.142519,11.283043,985612.0
06/05/2006,11.388617,11.697757,11.315706,11.505274,1760000,0.000,0.0,-,12.766901,14.199408,12.250521,11.277939,994528.0
06/02/2006,11.519854,11.519854,11.067809,11.152386,767600,0.000,0.0,-,12.755890,14.284497,12.338580,11.362996,967692.0
06/01/2006,11.315704,11.519853,11.199047,11.490689,910000,0.000,0.0,-,12.745819,14.378332,12.444864,11.475195,964244.0
05/31/2006,10.849079,11.324455,10.849079,11.207798,1111000,0.045,0.0,-,12.735445,14.456963,12.511396,11.588475,961156.0
05/30/2006,11.314300,11.424854,10.741166,10.741166,924200,0.000,0.0,-,12.725357,14.546139,12.638331,11.773393,949236.0
05/26/2006,11.439407,11.541232,11.276485,11.433588,584400,0.000,0.0,-,12.717675,14.640867,12.945991,12.000320,946316.0
05/25/2006,11.579050,11.925259,11.314303,11.456860,1273800,0.000,0.0,-,12.705938,14.720582,13.214374,12.174297,940820.0
05/24/2006,11.171751,11.413223,10.639347,11.212481,1208800,0.000,0.0,-,12.694590,14.798551,13.469521,12.396277,925688.0
05/23/2006,11.433586,11.782703,11.215388,11.241571,1561200,0.000,0.0,-,12.683784,14.879023,13.733249,12.703209,913580.0
05/22/2006,12.222007,12.350017,11.020463,11.337578,1963000,0.000,0.0,-,12.672385,14.950941,13.992614,13.001995,899056.0
05/19/2006,12.262742,12.504214,11.910715,12.355840,649600,0.000,0.0,-,12.662342,15.013957,14.237142,13.223102,874748.0
05/18/2006,12.646769,12.888241,12.236557,12.274377,925000,0.000,0.0,-,12.648786,15.049857,14.427411,13.314163,873400.0
05/17/2006,12.911512,12.969699,12.527484,12.623490,1185800,0.000,0.0,-,12.634566,15.088667,14.634844,13.414534,866408.0
05/16/2006,13.100621,13.493378,12.975521,13.056982,857400,0.000,0.0,-,12.617747,15.122183,14.829914,13.434317,855828.0
05/15/2006,12.992981,13.120990,12.626408,13.010437,967200,0.000,0.0,-,12.589501,15.147959,15.006800,13.503268,854736.0
05/12/2006,13.603927,13.603927,13.135529,13.173349,666000,0.000,0.0,-,12.562515,15.177110,15.140337,13.891661,849420.0
05/11/2006,14.281799,14.459267,13.647570,13.676662,859400,0.000,0.0,-,12.533759,15.208124,15.250454,14.254452,854280.0
05/10/2006,14.226527,14.415631,14.136338,14.281803,878600,0.000,0.0,-,12.502921,15.222903,15.335697,14.542765,864588.0
05/09/2006,13.667937,14.299258,13.586477,14.229434,1512600,0.000,0.0,-,12.469260,15.212860,15.380209,14.763290,859656.0
05/08/2006,13.263537,13.630109,13.132618,13.548649,1076400,0.000,0.0,-,12.436569,15.211937,15.427921,14.983233,848672.0
05/05/2006,13.019158,13.464282,12.946425,13.266449,1014400,0.000,0.0,-,12.406530,15.217603,15.497599,15.251182,836088.0
05/04/2006,13.176256,13.382816,13.016244,13.278081,1650400,0.000,0.0,-,12.378437,15.231061,15.600007,15.540658,827216.0
05/03/2006,13.702846,13.743577,12.684587,12.821325,2876400,0.000,0.0,-,12.349737,15.245274,15.707361,15.855155,808028.0
05/02/2006,16.891456,16.903093,13.574842,13.746491,4791200,0.000,0.0,-,12.322510,15.269203,15.833770,16.225510,767964.0
05/01/2006,17.048560,17.162024,16.795451,16.894367,1286400,0.000,0.0,-,12.290498,15.272538,15.927013,16.510332,701220.0
04/28/2006,16.510329,16.946725,16.437596,16.801260,872800,0.000,0.0,-,12.242110,15.209372,15.873045,16.389012,748988.0
04/27/2006,16.583061,16.670340,16.204851,16.559786,1001000,0.000,0.0,-,12.193840,15.113917,15.817914,16.246456,745820.0
04/26/2006,16.425960,16.615065,16.341589,16.487055,538800,0.000,0.0,-,12.146749,15.014057,15.760165,16.128629,737608.0
04/25/2006,16.219401,16.527788,16.114665,16.428871,620000,0.000,0.0,-,12.100484,14.906765,15.715507,15.997128,732580.0
04/24/2006,16.175766,16.327051,16.036120,16.228134,679800,0.000,0.0,-,12.053787,14.801740,15.673758,15.872609,741488.0
04/21/2006,16.620880,16.638336,16.065202,16.161209,720000,0.000,0.0,-,12.007341,14.704389,15.622409,15.744017,738220.0
04/20/2006,16.495786,16.498695,16.117576,16.423054,362800,0.000,0.0,-,11.962229,14.610641,15.602334,15.659356,740328.0
04/19/2006,16.521967,16.670341,16.324134,16.524876,711200,0.000,0.0,-,11.915705,14.515955,15.573387,15.559566,750208.0
04/18/2006,15.913925,16.641253,15.835374,16.594704,1196200,0.000,0.0,-,11.867689,14.429164,15.518256,15.442031,743664.0
04/17/2006,15.372788,15.748089,15.334967,15.681175,911600,0.000,0.0,-,11.819092,14.342603,15.471852,15.343695,727140.0
04/13/2006,15.346604,15.442611,15.233141,15.375696,292200,0.000,0.0,-,11.775106,14.273325,15.461669,15.357078,717924.0
04/12/2006,15.128408,15.398974,15.128408,15.381517,278600,0.000,0.0,-,11.732214,14.219740,15.463852,15.389372,719564.0
04/11/2006,15.172049,15.311695,15.105133,15.172049,419200,0.000,0.0,-,11.688265,14.162089,15.462543,15.391700,721008.0
04/10/2006,14.968391,15.270960,14.968391,15.183680,810200,0.000,0.0,-,11.645667,14.109440,15.465743,15.433885,721212.0
04/07/2006,15.390242,15.451337,14.735648,14.942208,551000,0.000,0.0,-,11.603040,14.052203,15.448433,15.474907,715724.0
04/06/2006,15.422249,15.433886,15.003309,15.314605,410000,0.000,0.0,-,11.562156,13.995323,15.425741,15.500800,728740.0
04/05/2006,15.404791,15.558984,15.265144,15.425156,553400,0.000,0.0,-,11.519308,13.928904,15.367555,15.545312,735472.0
04/04/2006,15.669542,15.791732,15.265148,15.349517,723000,0.000,0.0,-,11.475850,13.867244,15.307041,15.587207,732736.0
04/03/2006,15.913919,15.913919,15.593895,15.611351,539800,0.000,0.0,-,11.432452,13.807097,15.254528,15.594481,738888.0
03/31/2006,15.710270,15.943015,15.500799,15.815005,538200,0.000,0.0,-,11.387701,13.749031,15.191251,15.600009,737164.0
03/30/2006,15.407702,15.739363,15.387337,15.698633,517200,0.000,0.0,-,11.341570,13.694326,15.123900,15.566261,731488.0
03/29/2006,15.870286,15.870286,15.302970,15.404797,730800,0.000,0.0,-,11.295544,13.639045,15.075169,15.538331,728088.0
03/28/2006,15.535713,15.852828,15.428068,15.593899,482400,0.000,0.0,-,11.250929,13.585284,15.025711,15.533386,722648.0
03/27/2006,15.070223,15.620083,15.070223,15.593899,575400,0.000,0.0,-,11.204833,13.534421,14.934998,15.497601,718508.0
03/24/2006,15.457163,15.457163,14.756019,15.201143,1430000,0.000,0.0,-,11.158173,13.486229,14.864468,15.421959,712896.0
03/23/2006,15.812092,15.884825,15.707358,15.759725,418200,0.000,0.0,-,11.113230,13.447577,14.796007,15.350681,693460.0
03/22/2006,15.698638,15.858650,15.204055,15.844104,595200,0.000,0.0,-,11.065756,13.397869,14.704989,15.189797,697432.0
03/21/2006,15.666634,15.972112,15.381522,15.422252,755600,0.000,0.0,-,11.017830,13.346300,14.612220,15.026875,696108.0
03/20/2006,15.433887,15.684088,15.404795,15.666632,515000,0.000,0.0,-,10.971796,13.302877,14.541997,14.914576,698220.0
03/17/2006,15.448429,15.535709,15.250596,15.477523,778200,0.000,0.0,-,10.924975,13.245796,14.454326,14.782493,697384.0
03/16/2006,15.372793,15.564808,15.300060,15.419342,309600,0.000,0.0,-,10.879172,13.191743,14.367255,14.681539,694840.0
03/15/2006,15.288428,15.509536,15.236060,15.355342,517200,0.000,0.0,-,10.832881,13.135426,14.197713,14.612007,703180.0
03/14/2006,14.837471,15.244775,14.692006,15.236046,603400,0.000,0.0,-,10.786621,13.072549,14.008285,14.518036,712600.0
03/13/2006,14.473819,15.006223,14.371993,14.837482,835000,0.000,0.0,-,10.740251,13.016123,13.802605,14.372395,712664.0
03/10/2006,14.197432,14.514547,14.171248,14.488363,747600,0.000,0.0,-,10.694706,12.969527,13.619612,14.306977,705448.0
03/09/2006,14.211976,14.476723,14.089786,14.150881,582200,0.000,0.0,-,10.650964,12.931481,13.463223,14.241333,696836.0
03/08/2006,14.022869,14.328347,13.784306,14.214884,575400,0.000,0.0,-,10.608909,12.902683,13.329371,14.220181,689412.0
03/07/2006,14.226528,14.462182,14.165432,14.299261,656800,0.000,0.0,-,10.566030,12.871152,13.203064,14.197566,686628.0
03/06/2006,14.322531,14.601825,14.150882,14.345806,802800,0.000,0.0,-,10.522728,12.838167,13.097367,14.169418,680836.0
03/03/2006,14.750190,14.921839,14.427257,14.467987,701400,0.000,0.0,-,10.479007,12.803089,12.993409,14.126160,675512.0
03/02/2006,14.401087,14.831665,14.197435,14.724021,909000,0.045,0.0,-,10.433939,12.768413,12.880873,14.052970,673268.0
03/01/2006,13.852244,14.610197,13.852244,14.415627,1374800,0.000,0.0,-,10.387533,12.734308,12.779494,13.783419,668244.0
02/28/2006,14.154263,14.157166,13.776737,13.779642,632000,0.000,0.0,-,10.342266,12.703700,12.683661,13.498533,646840.0
02/27/2006,13.829009,14.372065,13.811586,14.183302,963400,0.000,0.0,-,10.299918,12.687611,12.621660,13.232814,639996.0
02/24/2006,13.895803,13.939364,13.797066,13.831915,447200,0.000,0.0,-,10.255884,12.660372,12.528586,12.932247,637268.0
02/23/2006,13.866762,14.212341,13.837722,13.939363,570800,0.000,0.0,-,10.212685,12.647536,12.441901,12.685114,638524.0
02/22/2006,13.866764,14.009063,13.707043,13.988733,691000,0.000,0.0,-,10.169164,12.634061,12.344616,12.438561,632404.0
02/21/2006,13.884198,14.459197,13.669299,14.017783,873200,0.000,0.0,-,10.125295,12.619076,12.262286,12.208562,633656.0
02/17/2006,13.736081,14.020676,13.483430,13.913227,1454000,0.000,0.0,-,10.081223,12.598516,12.178504,12.025316,627716.0
02/16/2006,12.879395,14.261717,12.879395,13.736086,3674800,0.000,0.0,-,10.038439,12.585099,12.118246,11.860658,616028.0
02/15/2006,11.642277,12.028513,11.558060,12.028513,714400,0.000,0.0,-,9.994896,12.569359,12.085430,11.708777,567440.0
02/14/2006,11.122452,11.735203,11.070179,11.566770,590400,0.000,0.0,-,9.959660,12.594624,12.130733,11.775570,573352.0
02/13/2006,11.107930,11.308308,11.032426,11.122450,287400,0.000,0.0,-,9.921541,12.632725,12.188233,11.868789,589728.0
02/10/2006,11.360584,11.372200,10.904650,11.177630,1065400,0.000,0.0,-,9.886221,12.671930,12.284647,12.010506,616816.0
02/09/2006,11.427376,11.738108,11.325735,11.360583,516400,0.000,0.0,-,9.851274,12.694697,12.384981,12.124925,607044.0
02/08/2006,11.691641,11.790379,11.122451,11.473839,825400,0.000,0.0,-,9.814820,12.710443,12.480379,12.198688,616676.0
02/07/2006,12.185326,12.339241,11.627752,11.688737,856800,0.000,0.0,-,9.778147,12.733549,12.570404,12.250670,602748.0
02/06/2006,12.223082,12.225986,11.825230,12.185329,384000,0.000,0.0,-,9.739793,12.751777,12.649248,12.316011,597860.0
02/03/2006,12.217276,12.574472,12.202756,12.266645,370000,0.000,0.0,-,9.699619,12.762914,12.702538,12.331692,605092.0
02/02/2006,12.647066,12.649970,11.923962,12.217269,450800,0.000,0.0,-,9.657958,12.769120,12.729836,12.375833,616624.0
02/01/2006,12.498969,12.792276,12.368287,12.696444,374200,0.000,0.0,-,9.616976,12.770689,12.757715,12.462083,619944.0
01/31/2006,12.429267,12.562852,12.284065,12.498964,350800,0.000,0.0,-,9.573410,12.764646,12.753068,12.485896,627348.0
01/30/2006,12.217271,12.612219,12.051741,12.539618,429400,0.000,0.0,-,9.530688,12.752289,12.738693,12.507677,641016.0
01/27/2006,12.342147,12.557047,12.260835,12.321819,535800,0.000,0.0,-,9.488541,12.742656,12.732450,12.558788,653464.0
01/26/2006,12.112731,12.182429,11.915257,12.098211,1201800,0.000,0.0,-,9.448190,12.739525,12.741743,12.645037,666916.0
01/25/2006,12.307298,12.321818,11.883308,11.993662,746600,0.000,0.0,-,9.409505,12.751129,12.766137,12.762070,653668.0
01/24/2006,12.411842,12.574467,12.260832,12.342145,416600,0.000,0.0,-,9.370593,12.766390,12.802002,12.890138,661072.0
01/23/2006,12.649973,12.649973,11.906540,12.342145,1030600,0.000,0.0,-,9.329823,12.769288,12.816812,12.982486,723224.0
01/20/2006,13.120429,13.201742,12.687727,12.708055,453600,0.000,0.0,-,9.288794,12.768418,12.832204,13.073383,732788.0
01/19/2006,12.934568,13.358557,12.885199,13.079770,254400,0.000,0.0,-,9.246281,12.768347,12.826396,13.083838,756468.0
01/18/2006,12.487350,13.068157,12.487350,12.934571,347200,0.000,0.0,-,9.201981,12.767684,12.809117,13.053346,783920.0
01/17/2006,12.905531,12.905531,12.487350,12.716769,458800,0.000,0.0,-,9.158437,12.778391,12.813328,13.020240,802992.0
01/13/2006,13.126233,13.271435,12.850350,13.050728,275400,0.000,0.0,-,9.115145,12.796527,12.821750,12.969710,817232.0
01/12/2006,13.224971,13.358556,12.946184,13.184315,294800,0.000,0.0,-,9.070947,12.796270,12.817975,12.906113,857596.0
01/11/2006,13.358561,13.704141,12.975229,13.268536,458200,0.000,0.0,-,9.025865,12.777977,12.799825,12.838449,874180.0
01/10/2006,13.076867,13.358559,12.632550,13.274342,616800,0.000,0.0,-,8.979728,12.752026,12.795904,12.770204,885568.0
01/09/2006,13.251110,13.477624,13.233685,13.265630,529000,0.000,0.0,-,8.933734,12.720103,12.795469,12.713866,885604.0
01/06/2006,12.981039,13.297579,12.821318,13.251115,861200,0.000,0.0,-,8.887395,12.690093,12.794162,12.651138,883400.0
01/05/2006,12.792274,13.010077,12.690633,12.812602,473200,0.000,0.0,-,8.841129,12.660780,12.781093,12.591025,875528.0
01/04/2006,12.591897,12.832932,12.333438,12.774852,651000,0.000,0.0,-,8.796968,12.638439,12.802583,12.568954,883928.0
01/03/2006,12.284069,12.661594,12.225988,12.603514,726600,0.000,0.0,-,8.753342,12.611403,12.811295,12.564888,883304.0
12/30/2005,12.414753,12.414753,12.112733,12.211471,988200,0.000,0.0,-,8.710616,12.582227,12.845708,12.606415,882436.0
12/29/2005,12.574474,12.574474,12.051748,12.414752,606600,0.000,0.0,-,8.669865,12.565531,12.908725,12.673789,877576.0
12/28/2005,12.562854,12.684824,12.429269,12.507678,474200,0.000,0.0,-,8.627910,12.540594,12.942121,12.729837,877340.0
12/27/2005,12.856160,12.911336,12.498964,12.586084,317000,0.000,0.0,-,8.585505,12.517220,12.932538,12.761200,875420.0
12/23/2005,12.649975,12.806792,12.618030,12.710959,211000,0.000,0.0,-,8.541467,12.492219,12.910627,12.821604,881464.0
12/22/2005,12.824213,12.893911,12.464113,12.638355,436200,0.000,0.0,-,8.495652,12.458865,12.906535,12.877071,889060.0
12/21/2005,12.647075,13.010079,12.548338,12.649980,367200,0.000,0.0,-,8.450271,12.428412,12.904624,12.937185,895644.0
12/20/2005,12.661587,12.667395,12.199845,12.591890,536600,0.000,0.0,-,8.405222,12.401554,12.909235,12.971161,905168.0
12/19/2005,13.053640,13.256923,12.705156,12.734196,589200,0.000,0.0,-,8.360304,12.373770,12.908488,13.036212,906480.0
12/16/2005,12.885203,13.030405,12.812602,13.018789,657800,0.000,0.0,-,8.315209,12.342097,12.886564,13.057702,912588.0
12/15/2005,13.033313,13.033313,12.777757,12.885206,304600,0.000,0.0,-,8.269296,12.297483,12.855339,13.085000,938108.0
12/14/2005,12.966517,13.091390,12.864875,12.975228,289800,0.000,0.0,-,8.223749,12.266036,12.805135,13.143661,951828.0
12/13/2005,13.097195,13.126236,12.783560,12.821313,827000,0.000,0.0,-,8.177751,12.242066,12.759272,13.154406,968920.0
12/12/2005,13.285960,13.576364,13.071061,13.190126,510000,0.000,0.0,-,8.132924,12.216015,12.726469,13.103876,966380.0
12/09/2005,13.312094,13.355655,12.957802,13.265630,264800,0.000,0.0,-,8.086196,12.182644,12.700884,12.999649,972104.0
12/08/2005,13.042017,13.344037,12.806790,13.239491,753600,0.000,0.0,-,8.039105,12.140632,12.675437,12.936000,978820.0
12/07/2005,13.175601,13.175601,12.742901,12.989743,576200,0.000,0.0,-,7.992102,12.095953,12.637816,12.872063,984008.0
12/06/2005,12.951996,13.547324,12.864875,13.242399,869600,0.000,0.0,-,7.946692,12.047803,12.603259,12.847309,995040.0
12/05/2005,12.986850,13.039123,12.647078,12.949098,1245400,0.000,0.0,-,7.899774,11.989382,12.576365,12.780763,1000644.0
12/02/2005,13.283050,13.762215,13.102999,13.291761,1010000,0.000,0.0,-,7.854839,11.931376,12.581241,12.715425,998984.0
12/01/2005,13.213361,13.730279,13.082679,13.471820,1409200,0.000,0.0,-,7.808464,11.858921,12.590149,12.625678,994872.0
11/30/2005,12.406041,13.178514,12.377000,13.082681,1641800,0.035,0.0,-,7.764344,11.786691,12.597736,12.466609,976280.0
11/29/2005,12.147854,12.481267,12.147854,12.316010,576800,0.000,0.0,-,7.718641,11.726999,12.595498,12.364138,958640.0
11/28/2005,12.556651,12.603039,11.988397,12.147857,998000,0.000,0.0,-,7.677116,11.681481,12.593179,12.349062,960720.0
11/25/2005,12.527662,12.690020,12.527662,12.629136,129000,0.000,0.0,-,7.636890,11.641471,12.584336,12.402118,961928.0
11/23/2005,12.565338,12.788580,12.321801,12.600128,612400,0.000,0.0,-,7.593627,11.591836,12.536789,12.414874,972220.0
11/22/2005,12.582742,12.829178,12.516059,12.742201,745600,0.000,0.0,-,7.550968,11.547304,12.495040,12.403568,971864.0
11/21/2005,12.249326,12.603035,12.205837,12.576941,946600,0.000,0.0,-,7.508130,11.504859,12.447202,12.359209,965732.0
11/18/2005,12.507357,12.510257,12.188441,12.295712,616800,0.000,0.0,-,7.466103,11.467111,12.403133,12.371966,960392.0
11/17/2005,12.031888,12.394294,12.031888,12.394294,744400,0.000,0.0,-,7.426071,11.435741,12.359500,12.447057,962160.0
11/16/2005,12.031889,12.057983,11.527419,11.881128,1034200,0.000,0.0,-,7.384699,11.400950,12.297021,12.554620,954140.0
11/15/2005,12.118861,12.437779,11.625988,12.057977,1051800,0.000,0.0,-,7.346812,11.378451,12.271797,12.728863,949492.0
11/14/2005,12.553748,12.634928,11.942007,12.165249,1208400,0.000,0.0,-,7.307839,11.347140,12.227294,12.826858,948512.0
11/11/2005,12.698709,12.800183,12.582740,12.678414,539400,0.000,0.0,-,7.267942,11.308011,12.185980,12.837296,935868.0
11/10/2005,12.487066,12.794387,12.292817,12.756697,1116800,0.000,0.0,-,7.225078,11.260239,12.118862,12.766555,937724.0
11/09/2005,12.240630,12.521856,11.379552,12.487065,3524200,0.000,0.0,-,7.181464,11.213274,12.033189,12.658703,934332.0
11/08/2005,12.704512,12.704512,12.098569,12.298616,1508800,0.000,0.0,-,7.139199,11.164584,11.964622,12.586512,871896.0
11/07/2005,13.046621,13.046621,12.524757,12.704510,1637600,0.000,0.0,-,7.097416,11.122267,11.915045,12.535195,853216.0
11/04/2005,13.061120,13.104609,12.672621,13.046624,1627000,0.000,0.0,-,7.053001,11.069054,11.839954,12.434301,833672.0
11/03/2005,13.623575,14.041067,13.156796,13.469914,1300800,0.000,0.0,-,7.006776,11.008768,11.745149,12.271942,818864.0
11/02/2005,13.046617,13.623568,13.003128,13.623568,1170800,0.000,0.0,-,6.958577,10.933186,11.611058,12.039422,816836.0
11/01/2005,12.420383,13.081411,12.420383,13.037923,2293600,0.000,0.0,-,6.909969,10.852622,11.495524,11.814731,811280.0
10/31/2005,11.999996,12.443581,11.988399,12.269627,1124000,0.000,0.0,-,6.864289,10.780529,11.432465,11.627730,778708.0
10/28/2005,11.727466,11.979701,11.431743,11.971004,1027600,0.000,0.0,-,6.820141,10.721315,11.394919,11.534664,762060.0
10/27/2005,11.768055,11.782551,11.478130,11.678178,618600,0.000,0.0,-,6.777471,10.668593,11.372450,11.471170,750924.0
10/26/2005,11.782547,11.985494,11.611491,11.765152,418800,0.000,0.0,-,6.736582,10.621091,11.346792,11.407676,752728.0
10/25/2005,11.727462,11.828935,11.539010,11.785447,467600,0.000,0.0,-,6.695114,10.568551,11.308811,11.342733,756468.0
10/24/2005,11.452034,11.707168,11.402747,11.695571,893200,0.000,0.0,-,6.653401,10.521161,11.248652,11.294895,766136.0
10/21/2005,11.173706,11.588298,11.156310,11.423041,619800,0.000,0.0,-,6.611851,10.471055,11.179940,11.245608,757980.0
10/20/2005,11.312869,11.359257,11.002650,11.144712,683200,0.000,0.0,-,6.571806,10.426688,11.111227,11.218355,758628.0
10/19/2005,11.170809,11.379555,10.875085,11.376657,745200,0.000,0.0,-,6.533082,10.385515,11.037442,11.182695,758644.0
10/18/2005,11.350560,11.350560,11.104123,11.167907,594800,0.000,0.0,-,6.493528,10.341729,10.961626,11.176316,756628.0
10/17/2005,11.220100,11.338969,11.165014,11.338969,378200,0.000,0.0,-,6.455620,10.299398,10.908135,11.237200,762300.0
10/14/2005,11.176607,11.417245,10.973659,11.336065,619200,0.000,0.0,-,6.417014,10.251851,10.843192,11.255175,780224.0
10/13/2005,11.057735,11.211394,10.930168,11.043239,590800,0.000,0.0,-,6.378094,10.211712,10.783757,11.273730,791344.0
10/12/2005,11.315770,11.350562,10.927271,11.115723,765400,0.000,0.0,-,6.340924,10.183739,10.738964,11.285907,798624.0
10/11/2005,11.191100,11.446235,11.191100,11.307071,843400,0.000,0.0,-,6.303248,10.150032,10.701853,11.274889,811340.0
10/10/2005,11.150511,11.295474,10.904075,11.202698,602200,0.000,0.0,-,6.264501,10.109085,10.667497,11.202408,929520.0
10/07/2005,10.857691,11.249089,10.846094,11.150515,894600,0.000,0.0,-,6.226993,10.033186,10.641839,11.114271,933736.0
10/06/2005,11.162107,11.162107,10.379310,10.788104,1933800,0.000,0.0,-,6.189631,9.962439,10.620674,11.004099,925044.0
10/05/2005,11.747756,11.779648,11.240388,11.312869,990600,0.000,0.0,-,6.153981,9.895122,10.614006,10.892189,903584.0
10/04/2005,11.518714,11.869523,11.483923,11.776747,1144400,0.000,0.0,-,6.115420,9.819045,10.586173,10.746937,900500.0
10/03/2005,11.521619,11.585401,11.454935,11.518719,700000,0.000,0.0,-,6.074683,9.734501,10.521955,10.579071,892816.0
09/30/2005,11.127321,11.594100,11.060638,11.521619,796200,0.000,0.0,-,6.035380,9.657953,10.456460,10.431209,888176.0
09/29/2005,11.014248,11.263582,10.837393,11.165008,600600,0.000,0.0,-,5.996420,9.578338,10.394870,10.293784,881760.0
09/28/2005,10.770708,11.017144,10.767808,11.005547,1013000,0.000,0.0,-,5.959531,9.507996,10.357043,10.192021,879096.0
09/27/2005,10.324224,10.622847,10.324224,10.582257,1127800,0.000,0.0,-,5.923152,9.438644,10.309393,10.128817,876132.0
09/26/2005,10.437296,10.477885,10.205356,10.321325,1149800,0.000,0.0,-,5.889048,9.374517,10.289419,10.132587,863776.0
09/23/2005,9.642902,10.161868,9.405164,10.048798,1162400,0.000,0.0,-,5.856578,9.314973,10.275546,10.169407,862112.0
09/22/2005,9.871945,9.944427,9.602315,9.668998,804400,0.000,0.0,-,5.825714,9.258332,10.274720,10.237250,853224.0
09/21/2005,10.100987,10.150274,9.770473,9.860349,479600,0.000,0.0,-,5.796133,9.207899,10.275812,10.335824,858440.0
09/20/2005,10.069094,10.190863,10.060397,10.098087,759800,0.000,0.0,-,5.766455,9.153522,10.262563,10.425410,855472.0
09/19/2005,10.173469,10.219857,9.990816,10.040104,680800,0.000,0.0,-,5.737225,9.096243,10.229324,10.464840,855596.0
09/16/2005,10.147371,10.202457,10.040099,10.147371,1058400,0.000,0.0,-,5.708829,9.037230,10.192763,10.481710,860292.0
09/15/2005,10.364815,10.370614,10.077789,10.147371,643600,0.000,0.0,-,5.680112,8.973062,10.152140,10.495956,864272.0
09/14/2005,10.619951,10.683734,10.321328,10.373514,594600,0.000,0.0,-,5.650750,8.912888,10.109926,10.522065,861300.0
09/13/2005,10.689531,10.730120,10.521375,10.619949,439000,0.000,0.0,-,5.620329,8.847785,10.048158,10.489969,862712.0
09/12/2005,10.727222,10.733021,10.547469,10.689531,679600,0.000,0.0,-,5.588073,8.773818,9.987958,10.446250,860684.0
09/09/2005,10.675035,10.782307,10.640244,10.727221,705200,0.000,0.0,-,5.555555,8.697534,9.912994,10.381684,854980.0
09/08/2005,10.756212,10.796802,10.579358,10.654738,343400,0.000,0.0,-,5.522705,8.620670,9.836868,10.312191,846716.0
09/07/2005,10.524275,10.872186,10.524275,10.756215,801800,0.035,0.0,-,5.490232,8.543519,9.758434,10.215801,847756.0
09/06/2005,10.281147,10.556044,10.272466,10.492383,1002800,0.000,0.0,-,5.456893,8.460229,9.679991,10.099715,843092.0
09/02/2005,10.289830,10.339022,10.090167,10.208807,576200,0.000,0.0,-,5.425318,8.383432,9.607939,9.993808,836864.0
09/01/2005,10.411364,10.417152,10.185659,10.289831,632200,0.000,0.0,-,5.395361,8.312422,9.545581,9.903815,840536.0
08/31/2005,10.064118,10.417144,10.023607,10.408463,947200,0.000,0.0,-,5.364655,8.241932,9.497546,9.808324,838496.0
08/30/2005,10.191446,10.246425,9.954167,10.052551,402400,0.000,0.0,-,5.331305,8.168665,9.459350,9.697787,831728.0
08/29/2005,10.046760,10.220379,9.925226,10.182761,574800,0.000,0.0,-,5.299634,8.102284,9.428243,9.606347,830400.0
08/26/2005,10.035186,10.127782,10.003355,10.043866,660400,0.000,0.0,-,5.266723,8.032027,9.382089,9.529666,833920.0
08/25/2005,9.821055,10.093059,9.647436,10.032291,886600,0.000,0.0,-,5.234436,7.964373,9.250283,9.444304,829508.0
08/24/2005,9.549052,9.957057,9.447775,9.690842,1199400,0.000,0.0,-,5.202407,7.895504,9.129329,9.361545,824584.0
08/23/2005,9.462246,9.615610,9.450671,9.595354,893000,0.000,0.0,-,5.171898,7.831554,9.015897,9.301068,810348.0
08/22/2005,9.381222,9.534586,9.381222,9.433308,665000,0.000,0.0,-,5.142284,7.769283,8.911581,9.260267,807148.0
08/19/2005,9.381224,9.456460,9.259691,9.308883,291600,0.000,0.0,-,5.112762,7.708111,8.817393,9.222070,805836.0
08/18/2005,9.303095,9.418841,9.227860,9.334925,470800,0.000,0.0,-,5.084020,7.647171,8.736515,9.187346,815192.0
08/17/2005,9.172877,9.546159,9.120792,9.303092,708800,0.000,0.0,-,5.054646,7.584726,8.646811,9.186767,814512.0
08/16/2005,9.317560,9.352283,9.028195,9.138153,605800,0.000,0.0,-,5.025058,7.523959,8.564053,9.220912,813136.0
08/15/2005,9.204711,9.598247,9.138157,9.415948,951000,0.000,0.0,-,4.995792,7.466375,8.484044,9.250138,817600.0
08/12/2005,9.175772,9.230752,9.048452,9.190241,485400,0.000,0.0,-,4.965281,7.402368,8.382042,9.234512,812992.0
08/11/2005,9.071599,9.253899,9.005046,9.204707,652200,0.000,0.0,-,4.935756,7.344610,8.289735,9.056263,822368.0
08/10/2005,9.178664,9.230750,8.967428,9.086067,684000,0.000,0.0,-,4.906129,7.286853,8.190338,8.897112,828712.0
08/09/2005,9.094747,9.259685,9.094747,9.187344,644400,0.000,0.0,-,4.877009,7.228354,8.093401,8.730727,840204.0
08/08/2005,8.955852,9.126578,8.912447,9.051343,878400,0.000,0.0,-,4.846895,7.166675,7.991110,8.562896,846972.0
08/05/2005,9.164197,9.268368,8.785129,8.961641,1274400,0.000,0.0,-,4.817949,7.104889,7.900249,8.412715,851976.0
08/04/2005,9.572203,9.575096,9.320454,9.329136,1175200,0.000,0.0,-,4.788978,7.040225,7.806640,8.285683,838768.0
08/03/2005,9.358073,9.670586,9.343604,9.644545,954800,0.000,0.0,-,4.757711,6.968441,7.687132,8.106855,831808.0
08/02/2005,9.274155,9.517222,9.204707,9.430412,1401200,0.000,0.0,-,4.724622,6.890350,7.561837,7.907194,828520.0
08/01/2005,8.680955,9.387006,8.391590,9.259686,6752400,0.000,0.0,-,4.692820,6.814522,7.446235,7.717949,810688.0
07/29/2005,7.566900,7.581368,7.326727,7.407749,813000,0.000,0.0,-,4.661957,6.742108,7.329332,7.529572,689844.0
07/28/2005,7.480091,7.627667,7.454048,7.613199,460000,0.000,0.0,-,4.640454,6.705983,7.302710,7.523206,685644.0
07/27/2005,7.503240,7.595837,7.419324,7.422217,860800,0.000,0.0,-,4.618139,6.662807,7.266250,7.483563,695924.0
07/26/2005,7.566900,7.581369,7.488771,7.509027,836400,0.000,0.0,-,4.596994,6.623220,7.234999,7.456074,694328.0
07/25/2005,7.697115,7.697115,7.537964,7.549539,760200,0.000,0.0,-,4.575301,6.580282,7.189135,7.419324,690132.0
07/22/2005,7.540855,7.691325,7.540855,7.691325,468000,0.000,0.0,-,4.554610,6.535495,7.144283,7.387784,684536.0
07/21/2005,7.647921,7.662389,7.523494,7.540856,475400,0.000,0.0,-,4.532923,6.489199,7.092631,7.327596,687240.0
07/20/2005,7.561116,7.656607,7.517712,7.647926,467400,0.000,0.0,-,4.511816,6.442220,7.053857,7.267408,689672.0
07/19/2005,7.422217,7.584261,7.422217,7.537963,864800,0.000,0.0,-,4.490332,6.393966,7.008715,7.216479,694052.0
07/18/2005,7.344089,7.416431,7.329621,7.375920,510000,0.000,0.0,-,4.469555,6.347507,6.968494,7.174522,690064.0
07/15/2005,7.219663,7.370132,7.205194,7.344090,1066600,0.000,0.0,-,4.449459,6.304057,6.933191,7.129092,709968.0
07/14/2005,7.219664,7.283324,7.063406,7.216770,718000,0.000,0.0,-,4.429508,6.264302,6.899046,7.082214,718284.0
07/13/2005,6.872425,7.182046,6.840595,7.147323,1065200,0.000,0.0,-,4.410237,6.220517,6.867650,7.048937,736596.0
07/12/2005,7.248596,7.254384,7.141531,7.141531,331200,0.000,0.0,-,4.391227,6.177198,6.834952,7.013924,810712.0
07/11/2005,7.118389,7.239922,7.074984,7.234135,766000,0.000,0.0,-,4.372662,6.113227,6.801964,6.958945,815272.0
07/08/2005,6.959232,7.138639,6.895572,7.089447,915600,0.000,0.0,-,4.353491,6.049712,6.758993,6.900782,810032.0
07/07/2005,6.727740,6.982381,6.528078,6.938977,1257400,0.000,0.0,-,4.335114,5.991686,6.717614,6.857667,800808.0
07/06/2005,7.074980,7.176257,7.031575,7.138640,495000,0.000,0.0,-,4.318136,5.934304,6.681299,6.840305,782116.0
07/05/2005,6.924511,7.118385,6.915829,7.118385,665200,0.000,0.0,-,4.299844,5.874314,6.637605,6.800951,778248.0
07/01/2005,6.904256,6.970810,6.866638,6.921618,337600,0.000,0.0,-,4.281997,5.812305,6.594634,6.762466,774240.0
06/30/2005,6.872421,6.930294,6.843484,6.875315,394400,0.000,0.0,-,4.265249,5.756886,6.559331,6.737291,775776.0
06/29/2005,6.826127,6.884000,6.785616,6.884000,292000,0.000,0.0,-,4.248675,5.698066,6.530685,6.715878,776456.0
06/28/2005,6.640933,6.817445,6.638039,6.797190,395400,0.000,0.0,-,4.232545,5.640803,6.502327,6.686363,780860.0
06/27/2005,6.626467,6.661191,6.568594,6.591743,568600,0.000,0.0,-,4.216548,5.584527,6.470521,6.655980,778980.0
06/24/2005,6.640932,6.730635,6.597527,6.652506,691400,0.000,0.0,-,4.202095,5.531782,6.446104,6.644984,781648.0
06/23/2005,6.736423,6.800084,6.614890,6.658295,759800,0.000,0.0,-,4.185544,5.480938,6.411582,6.617204,779680.0
06/22/2005,6.747998,6.800084,6.672763,6.765360,530200,0.000,0.0,-,4.167875,5.432804,6.365088,6.577561,774960.0
06/21/2005,6.756678,6.814550,6.687230,6.745103,608800,0.000,0.0,-,4.149512,5.384721,6.313819,6.522293,781968.0
06/20/2005,6.640934,6.745105,6.591742,6.733531,336000,0.000,0.0,-,4.131223,5.334044,6.263562,6.474258,782772.0
06/17/2005,6.713273,6.727741,6.640931,6.669868,750800,0.000,0.0,-,4.112718,5.283136,6.208836,6.426802,781500.0
06/16/2005,6.510718,6.666975,6.502036,6.661188,439800,0.000,0.0,-,4.094288,5.232464,6.157293,6.381372,777032.0
06/15/2005,6.493357,6.594635,6.409441,6.588848,640400,0.000,0.0,-,4.075557,5.183349,6.104309,6.345491,775752.0
06/14/2005,6.493355,6.502035,6.380502,6.493355,487600,0.000,0.0,-,4.057201,5.135970,6.047587,6.318290,772044.0
06/13/2005,6.403655,6.510720,6.392080,6.481783,733000,0.000,0.0,-,4.039367,5.090616,5.995063,6.285063,772684.0
06/10/2005,6.227139,6.383396,6.227139,6.374716,599400,0.000,0.0,-,4.021734,5.042147,5.939079,6.247225,777868.0
06/09/2005,6.180840,6.363140,6.122967,6.261862,759400,0.000,0.0,-,4.004550,4.998877,5.885852,6.205959,780116.0
06/08/2005,6.276334,6.308164,6.201099,6.212673,436800,0.000,0.0,-,3.987672,4.956999,5.841585,6.152616,772592.0
06/07/2005,6.253184,6.293695,6.221353,6.264758,640000,0.000,0.0,-,3.971011,4.913567,5.790548,6.105345,775296.0
06/06/2005,6.206885,6.264758,6.004329,6.258970,829000,0.000,0.0,-,3.954492,4.869785,5.739070,6.052865,778544.0
06/03/2005,6.293695,6.345781,6.134545,6.215567,720600,0.000,0.0,-,3.937456,4.824561,5.686872,5.990869,769496.0
06/02/2005,6.337100,6.478889,6.276333,6.302376,954200,0.035,0.0,-,3.920723,4.780205,5.636266,5.933213,763124.0
06/01/2005,6.149548,6.388953,6.149548,6.316843,969400,0.000,0.0,-,3.903356,4.733767,5.588964,5.863127,755944.0
05/31/2005,6.132241,6.195698,6.129357,6.161085,1258600,0.000,0.0,-,3.885687,4.688425,5.524498,5.776883,745132.0
05/27/2005,5.962064,6.181278,5.941873,6.103399,982800,0.000,0.0,-,3.868452,4.646370,5.465512,5.705062,736632.0
05/26/2005,5.768805,5.967829,5.768805,5.962060,1128600,0.000,0.0,-,3.851922,4.605527,5.357491,5.630933,735732.0
05/25/2005,5.763037,5.765921,5.685158,5.728424,614000,0.000,0.0,-,3.836557,4.566761,5.262306,5.565745,731164.0
05/24/2005,5.739964,5.768808,5.719773,5.739964,827200,0.000,0.0,-,3.822031,4.532725,5.185292,5.530555,751348.0
05/23/2005,5.653432,5.760154,5.639009,5.739964,790400,0.000,0.0,-,3.807805,4.493497,5.101789,5.475752,752068.0
05/20/2005,5.641893,5.659200,5.425563,5.639009,509600,0.000,0.0,-,3.793594,4.449654,5.021747,5.425275,744856.0
05/19/2005,5.572668,5.653431,5.543824,5.639009,710200,0.000,0.0,-,3.780634,4.408118,4.940695,5.382874,742100.0
05/18/2005,5.463060,5.604395,5.431331,5.601511,603000,0.000,0.0,-,3.767530,4.368141,4.866277,5.339320,736200.0
05/17/2005,5.454409,5.477484,5.414028,5.454409,974000,0.000,0.0,-,3.755389,4.328278,4.782918,5.314802,736140.0
05/16/2005,5.350569,5.454407,5.339031,5.442870,781000,0.000,0.0,-,3.744685,4.293492,4.711240,5.272113,731700.0
05/13/2005,5.330377,5.388066,5.220770,5.362106,626600,0.000,0.0,-,3.736550,4.261360,4.638265,5.225962,723696.0
05/12/2005,5.364992,5.396720,5.243847,5.310188,480400,0.000,0.0,-,3.728661,4.229631,4.567886,5.084050,722092.0
05/11/2005,5.220767,5.388062,5.191923,5.376524,603200,0.000,0.0,-,3.720644,4.198941,4.507890,4.958866,726108.0
05/10/2005,5.220771,5.220771,5.145776,5.191926,597000,0.000,0.0,-,3.712583,4.168531,4.451644,4.840029,720616.0
05/09/2005,5.194812,5.295766,5.186158,5.235193,686400,0.000,0.0,-,3.705129,4.141584,4.410109,4.727826,715956.0
05/06/2005,5.232309,5.304419,5.168852,5.215003,665400,0.000,0.0,-,3.698060,4.113828,4.358910,4.618218,709468.0
05/05/2005,5.359222,5.483251,5.018862,5.203465,1505200,0.000,0.0,-,3.691352,4.086304,4.307568,4.498516,702688.0
05/04/2005,5.039053,5.376528,5.033284,5.356337,1482400,0.000,0.0,-,3.685360,4.060388,4.254207,4.393235,685916.0
05/03/2005,4.975597,5.116933,4.961175,5.027516,1633600,0.000,0.0,-,3.679092,4.030439,4.196663,4.251034,665572.0
05/02/2005,4.658311,5.096741,4.557357,4.981365,4771000,0.000,0.0,-,3.673823,4.009132,4.156281,4.150368,644036.0
04/29/2005,4.064123,4.110273,3.885290,3.942978,559200,0.000,0.0,-,3.668914,3.989838,4.118495,4.050568,582056.0
04/28/2005,4.199691,4.199691,4.038165,4.058355,504000,0.000,0.0,-,3.669612,4.003936,4.124264,4.051721,630504.0
04/27/2005,4.069895,4.248728,3.980478,4.188156,454400,0.000,0.0,-,3.669045,4.001611,4.131908,4.056913,634176.0
04/26/2005,4.139118,4.162193,4.038164,4.069892,322800,0.000,0.0,-,3.668719,3.998067,4.130898,4.063259,630764.0
04/25/2005,4.017972,4.219880,3.994897,4.139117,301600,0.000,0.0,-,3.669098,3.998724,4.129456,4.092391,631628.0
04/22/2005,4.150656,4.156425,3.980477,4.017974,464800,0.000,0.0,-,3.669189,3.995472,4.126283,4.099602,630664.0
04/21/2005,4.006437,4.153541,4.000668,4.150657,414400,0.000,0.0,-,3.670502,3.996479,4.125274,4.116621,628724.0
04/20/2005,4.020858,4.038164,3.914135,3.934326,428400,0.000,0.0,-,3.671138,3.996956,4.117630,4.115178,626600.0
04/19/2005,3.980476,4.038164,3.966054,4.020858,512200,0.000,0.0,-,3.673314,4.001702,4.119937,4.142292,623220.0
04/18/2005,3.942980,4.055472,3.937211,3.983362,301400,0.000,0.0,-,3.676707,4.007069,4.121380,4.162194,617568.0
04/15/2005,4.110275,4.110275,3.934327,3.954517,702000,0.000,0.0,-,3.679772,4.009801,4.125129,4.186423,619040.0
04/14/2005,4.251611,4.263149,4.038166,4.110276,593000,0.000,0.0,-,3.683812,4.016783,4.130465,4.196807,611732.0
04/13/2005,4.361218,4.361218,4.231420,4.251611,523800,0.000,0.0,-,3.686328,4.019846,4.126139,4.206902,608940.0
04/12/2005,4.211228,4.364101,4.182384,4.361217,880600,0.000,0.0,-,3.688769,4.018533,4.114890,4.198537,604608.0
04/11/2005,4.182384,4.245841,4.124696,4.211228,649000,0.000,0.0,-,3.690417,4.013421,4.085757,4.166520,592052.0
04/08/2005,4.139121,4.202577,4.133352,4.188156,272400,0.000,0.0,-,3.692615,4.009874,4.052587,4.152964,583948.0
04/07/2005,4.179500,4.179500,4.061240,4.136234,527400,0.000,0.0,-,3.695774,4.006789,4.021291,4.133926,585100.0
04/06/2005,4.222767,4.248726,4.167963,4.205461,375800,0.000,0.0,-,3.697773,4.002906,3.996485,4.120081,582628.0
04/05/2005,4.240072,4.257379,4.098737,4.219882,455000,0.000,0.0,-,3.699081,3.995229,3.966632,4.097583,580252.0
04/04/2005,4.052586,4.242957,4.038164,4.225650,519600,0.000,0.0,-,3.701049,3.986861,3.941393,4.080565,580012.0
04/01/2005,4.211229,4.211229,4.032396,4.058355,992200,0.000,0.0,-,3.702902,3.978952,3.921923,4.063836,580752.0
03/31/2005,4.153540,4.211228,4.110274,4.211228,711800,0.000,0.0,-,3.705950,3.975824,3.907790,4.064124,576612.0
03/30/2005,4.067007,4.167961,4.049701,4.167961,383200,0.000,0.0,-,3.708104,3.969638,3.886013,4.045376,581984.0
03/29/2005,4.046818,4.084315,3.994899,4.041049,572000,0.000,0.0,-,3.709772,3.955078,3.870415,4.031242,577912.0
03/28/2005,3.992014,4.116043,3.957401,4.075662,802400,0.000,0.0,-,3.712663,3.943000,3.860590,4.004994,571440.0
03/24/2005,3.994899,4.026627,3.859332,3.997783,376600,0.000,0.0,-,3.715409,3.931492,3.849178,3.952210,564140.0
03/23/2005,3.983361,4.009321,3.942979,3.997783,402000,0.000,0.0,-,3.719018,3.920968,3.841229,3.908655,563012.0
03/22/2005,4.038165,4.052587,3.954517,3.980477,595200,0.000,0.0,-,3.722656,3.909869,3.836723,3.872889,561588.0
03/21/2005,4.058356,4.090084,4.006437,4.049703,428800,0.000,0.0,-,3.725778,3.897970,3.830643,3.835680,563776.0
03/18/2005,4.052587,4.069893,4.038165,4.058355,833600,0.000,0.0,-,3.728798,3.885259,3.826266,3.802221,564284.0
03/17/2005,4.035281,4.113160,4.029512,4.061241,937800,0.000,0.0,-,3.732534,3.872089,3.824183,3.780011,564868.0
03/16/2005,4.026628,4.067010,3.931443,4.023744,900200,0.000,0.0,-,3.736271,3.860181,3.853515,3.751455,554656.0
03/15/2005,4.095853,4.257380,3.911252,4.026628,1623200,0.000,0.0,-,3.739879,3.851432,3.849432,3.726650,543448.0
03/14/2005,3.764146,3.807412,3.720880,3.778569,863200,0.000,0.0,-,3.743416,3.843257,3.848648,3.709589,517688.0
03/11/2005,3.542047,3.570891,3.481475,3.547816,429800,0.000,0.0,-,3.746156,3.838724,3.864857,3.716186,505760.0
03/10/2005,3.631464,3.663192,3.533394,3.562238,371800,0.000,0.0,-,3.750178,3.839953,3.886292,3.746145,502764.0
03/09/2005,3.547817,3.680500,3.544933,3.640118,415200,0.000,0.0,-,3.753527,3.840320,3.911597,3.773802,500048.0
03/08/2005,3.692037,3.717997,3.591083,3.608389,600000,0.000,0.0,-,3.756457,3.838671,3.938315,3.800556,496376.0
03/07/2005,3.836257,3.850679,3.706459,3.715112,752000,0.000,0.0,-,3.759861,3.840525,3.966477,3.825606,488312.0
03/04/2005,3.816065,3.862216,3.798759,3.836256,380800,0.000,0.0,-,3.762516,3.839785,3.995183,3.850312,479844.0
03/03/2005,3.804528,3.818951,3.735303,3.775685,546400,0.035,0.0,-,3.764279,3.836221,4.009369,3.868355,476228.0
03/02/2005,3.861756,3.867494,3.772815,3.775684,681200,0.000,0.0,-,3.766847,3.832721,4.035764,3.955574,470760.0
03/01/2005,3.907661,3.916268,3.801505,3.856017,328600,0.000,0.0,-,3.769989,3.829794,4.060151,3.972215,462928.0
02/28/2005,3.858887,3.901923,3.807244,3.844542,364000,0.000,0.0,-,3.772858,3.825835,4.076648,3.987707,469708.0
02/25/2005,3.887579,3.907662,3.810114,3.847412,362000,0.000,0.0,-,3.776444,3.823540,4.089702,4.013529,470488.0
02/24/2005,3.878971,3.896185,3.787161,3.838804,326400,0.000,0.0,-,3.779543,3.822335,4.099027,4.026439,473368.0
02/23/2005,3.873232,4.002340,3.772815,3.907661,666600,0.000,0.0,-,3.781795,3.820154,4.108781,4.049392,475152.0
02/22/2005,3.970778,3.973648,3.844540,3.858885,465200,0.000,0.0,-,3.784320,3.817228,4.110503,4.076074,466352.0
02/18/2005,4.019555,4.045376,3.901923,3.962173,556800,0.000,0.0,-,3.787131,3.816597,4.108638,4.107347,461436.0
02/17/2005,4.475734,4.515901,4.016685,4.016685,1672000,0.000,0.0,-,3.789699,3.814875,4.100605,4.140054,458352.0
02/16/2005,4.160138,4.662223,4.148661,4.647878,2981600,0.000,0.0,-,3.791851,3.809596,4.091280,4.150383,438644.0
02/15/2005,4.039637,4.088411,3.930613,3.942089,687600,0.000,0.0,-,3.792210,3.795136,4.053982,4.115954,396948.0
02/14/2005,4.105626,4.117102,4.010947,4.010947,283800,0.000,0.0,-,3.797603,3.801333,4.051974,4.148088,387996.0
02/11/2005,3.996600,4.114231,3.996600,4.102755,366000,0.000,0.0,-,3.802796,3.808334,4.023427,4.165589,386840.0
02/10/2005,4.065458,4.094149,3.950696,3.976517,253400,0.000,0.0,-,3.807373,3.814359,3.990146,4.165876,384856.0
02/09/2005,4.174486,4.174486,4.056854,4.068330,367800,0.000,0.0,-,3.812838,3.820326,3.966333,4.171614,386492.0
02/08/2005,4.174482,4.188828,4.142923,4.174482,308200,0.000,0.0,-,3.817873,3.824745,3.936494,4.168171,385200.0
02/07/2005,4.309331,4.346628,4.097020,4.171616,259400,0.000,0.0,-,3.822880,3.824630,3.899914,4.144931,380156.0
02/04/2005,4.140054,4.297852,4.131446,4.289245,229600,0.000,0.0,-,3.827843,3.824917,3.860608,4.109929,378596.0
02/03/2005,4.317936,4.317936,4.053982,4.119970,375000,0.000,0.0,-,3.831932,3.822277,3.816854,4.061155,378704.0
02/02/2005,4.254816,4.326542,4.234732,4.303590,336600,0.000,0.0,-,3.836493,3.823081,3.780848,4.032177,376588.0
02/01/2005,4.188828,4.274900,4.174483,4.263423,453400,0.000,0.0,-,3.840281,3.818777,3.738960,3.992011,374752.0
01/31/2005,4.131447,4.203173,4.125709,4.185959,307200,0.000,0.0,-,3.843594,3.817056,3.705105,3.955860,371624.0
01/28/2005,4.088412,4.160139,4.033900,4.105627,252800,0.000,0.0,-,3.847123,3.817687,3.676701,3.881265,379500.0
01/27/2005,4.005208,4.065458,3.959303,4.033898,243800,0.000,0.0,-,3.851126,3.818548,3.649015,3.814416,396692.0
01/26/2005,3.973648,4.036767,3.939219,4.033898,330000,0.000,0.0,-,3.855458,3.812637,3.627784,3.761051,397212.0
01/25/2005,3.873231,3.982256,3.867493,3.942089,403800,0.000,0.0,-,3.860723,3.806325,3.605118,3.704818,399488.0
01/24/2005,3.830195,3.913398,3.798635,3.821588,257000,0.000,0.0,-,3.865213,3.799497,3.585896,3.654896,396696.0
01/21/2005,3.861756,3.979388,3.787161,3.801506,443000,0.000,0.0,-,3.870994,3.794792,3.579871,3.611287,401052.0
01/20/2005,3.830196,3.904792,3.749862,3.830196,556600,0.000,0.0,-,3.876660,3.791292,3.573702,3.572554,397372.0
01/19/2005,3.916267,4.065458,3.901922,3.901922,785200,0.000,0.0,-,3.882470,3.786471,3.565095,3.529518,394556.0
01/18/2005,3.583456,3.927743,3.566242,3.901922,980400,0.000,0.0,-,3.887706,3.781881,3.550032,3.485909,393184.0
01/14/2005,3.457217,3.465824,3.402705,3.440003,179600,0.000,0.0,-,3.892828,3.774421,3.536404,3.454349,379744.0
01/13/2005,3.500255,3.500255,3.388362,3.437136,248400,0.000,0.0,-,3.900631,3.776831,3.547307,3.472138,386396.0
01/12/2005,3.500254,3.526075,3.457218,3.500254,437400,0.000,0.0,-,3.907861,3.777291,3.561939,3.483614,399624.0
01/11/2005,3.457218,3.500254,3.428527,3.471563,320200,0.000,0.0,-,3.914102,3.774995,3.576284,3.494516,419116.0
01/10/2005,3.414181,3.514598,3.411312,3.442872,330800,0.000,0.0,-,3.920557,3.771266,3.589195,3.505419,420452.0
01/07/2005,3.442873,3.462956,3.385492,3.385492,704600,0.000,0.0,-,3.926668,3.768683,3.605119,3.516895,419428.0
01/06/2005,3.399836,3.494515,3.385491,3.414181,454200,0.000,0.0,-,3.932707,3.766675,3.627210,3.548455,416624.0
01/05/2005,3.480172,3.480172,3.342457,3.399838,862800,0.000,0.0,-,3.938618,3.763978,3.650306,3.574850,412388.0
01/04/2005,3.594934,3.606410,3.445743,3.465827,427200,0.000,0.0,-,3.944227,3.761224,3.667951,3.600671,399276.0
01/03/2005,3.643709,3.686745,3.549030,3.586328,339800,0.000,0.0,-,3.950080,3.755199,3.690903,3.614156,398688.0
12/31/2004,3.571980,3.698219,3.511730,3.617885,335200,0.000,0.0,-,3.955129,3.748715,3.724184,3.618459,396820.0
12/30/2004,3.594935,3.615018,3.549030,3.551899,266800,0.000,0.0,-,3.960293,3.739706,3.761338,3.622476,393352.0
12/29/2004,3.600671,3.629361,3.531813,3.609278,280000,0.000,0.0,-,3.965042,3.730180,3.803944,3.640264,398656.0
12/28/2004,3.557635,3.623623,3.546159,3.580587,236000,0.000,0.0,-,3.968413,3.718532,3.837225,3.658053,400084.0
12/27/2004,3.701087,3.701087,3.528944,3.557634,231600,0.000,0.0,-,3.972846,3.708318,3.872658,3.672972,401236.0
12/23/2004,3.701090,3.724042,3.649447,3.701090,196800,0.000,0.0,-,3.976561,3.698908,3.903214,3.693342,399812.0
12/22/2004,3.652313,3.701087,3.617885,3.678135,328600,0.000,0.0,-,3.980391,3.687030,3.927457,3.705966,402000.0
12/21/2004,3.629362,3.686743,3.606409,3.658052,200000,0.000,0.0,-,3.984723,3.676472,3.951414,3.725762,399168.0
12/20/2004,3.658052,3.715433,3.597802,3.600671,273000,0.000,0.0,-,3.989386,3.667176,3.976518,3.735230,400576.0
12/17/2004,3.658053,3.695350,3.600671,3.629362,289600,0.000,0.0,-,3.994263,3.658569,4.000905,3.767650,404148.0
12/16/2004,3.729779,3.744124,3.658052,3.658052,667600,0.000,0.0,-,3.999284,3.654208,4.028304,3.829909,407192.0
12/15/2004,3.790031,3.798638,3.701090,3.729781,403000,0.000,0.0,-,4.003674,3.648125,4.056278,3.900201,397516.0
12/14/2004,3.729779,3.824458,3.729779,3.787161,506000,0.000,0.0,-,4.007504,3.639920,4.077222,3.967624,400032.0
12/13/2004,3.787162,3.801507,3.729781,3.729781,415600,0.000,0.0,-,4.010732,3.631198,4.074783,4.016398,399592.0
12/10/2004,3.807243,3.830196,3.698219,3.761338,226600,0.000,0.0,-,4.013672,3.624255,4.074209,4.072344,397020.0
12/09/2004,3.861755,3.881839,3.792898,3.827327,219400,0.000,0.0,-,4.016685,3.616164,4.066176,4.113085,399284.0
12/08/2004,3.841671,3.896183,3.833063,3.876099,402600,0.000,0.0,-,4.018664,3.606696,4.054126,4.148948,407504.0
12/07/2004,3.924874,3.927743,3.749861,3.752730,686600,0.000,0.0,-,4.020070,3.596425,4.041646,4.177065,405804.0
12/06/2004,4.088410,4.114231,3.924873,3.924873,896800,0.000,0.0,-,4.022236,3.588277,4.033469,4.217806,397240.0
12/03/2004,4.332281,4.360972,4.249079,4.251947,240000,0.000,0.0,-,4.024015,3.578350,4.020845,4.234160,383132.0
12/02/2004,4.432697,4.444173,4.335149,4.360970,226000,0.000,0.0,-,4.023771,3.561308,3.984695,4.226700,381792.0
12/01/2004,4.303592,4.447045,4.294985,4.404009,266800,0.000,0.0,-,4.023743,3.542372,3.944672,4.212355,381720.0
11/30/2004,4.289248,4.398272,4.214652,4.274902,335200,0.000,0.0,-,4.023599,3.525157,3.897476,4.186820,381536.0
11/29/2004,4.171613,4.303590,4.163006,4.289245,303200,0.000,0.0,-,4.023441,3.509263,3.853005,4.133168,384484.0
11/26/2004,4.214650,4.217519,4.160138,4.168745,56000,0.000,0.0,-,4.023599,3.494458,3.802796,4.076074,385384.0
11/24/2004,4.157268,4.203173,4.137185,4.185959,181400,0.000,0.0,-,4.024933,3.482523,3.760047,4.019267,389168.0
11/23/2004,4.131446,4.160137,4.065458,4.157268,235000,0.000,0.0,-,4.025378,3.470014,3.715003,3.959304,393336.0
11/22/2004,4.059722,4.171615,4.059722,4.160139,269200,0.000,0.0,-,4.028979,3.460030,3.671107,3.906226,400484.0
11/19/2004,4.180222,4.220389,4.068328,4.088412,244800,0.000,0.0,-,4.031661,3.448783,3.626206,3.849132,403192.0
11/18/2004,4.231863,4.231863,4.108494,4.177351,297000,0.000,0.0,-,4.034315,3.441037,3.580014,3.807530,421388.0
11/17/2004,4.231866,4.355235,4.134317,4.217520,701000,0.000,0.0,-,4.036768,3.424339,3.534252,3.742690,436188.0
11/16/2004,3.910529,4.289245,3.910529,4.148661,1112400,0.000,0.0,-,4.039350,3.402476,3.481748,3.676988,428460.0
11/15/2004,3.721171,3.761337,3.672397,3.738385,269800,0.000,0.0,-,4.042865,3.381360,3.428097,3.608131,417188.0
11/12/2004,3.600671,3.721171,3.600671,3.718302,443800,0.000,0.0,-,4.048374,3.368335,3.392521,3.572842,419532.0
11/11/2004,3.615016,3.655183,3.600671,3.600671,264200,0.000,0.0,-,4.054671,3.354621,3.360100,3.529519,417180.0
11/10/2004,3.655185,3.678138,3.580590,3.586328,474800,0.000,0.0,-,4.059907,3.342284,3.334422,3.500828,424060.0
11/09/2004,3.617885,3.655183,3.566242,3.626493,259000,0.000,0.0,-,4.066363,3.328856,3.310466,3.470703,419840.0
11/08/2004,3.681005,3.695351,3.589195,3.589195,415800,0.000,0.0,-,4.072818,3.314683,3.286652,3.435987,418652.0
11/05/2004,3.600671,3.732647,3.574849,3.672397,716600,0.000,0.0,-,4.080665,3.301428,3.266856,3.403280,418776.0
11/04/2004,3.563374,3.571981,3.503124,3.528945,308400,0.000,0.0,-,4.088368,3.287083,3.241752,3.352497,413008.0
11/03/2004,3.531813,3.672397,3.508860,3.560503,512200,0.000,0.0,-,4.096918,3.275262,3.235870,3.325815,418808.0
11/02/2004,3.385493,3.571981,3.371147,3.460088,909800,0.000,0.0,-,4.105310,3.261778,3.225541,3.286509,416056.0
11/01/2004,3.285075,3.399837,3.084240,3.385492,1412000,0.000,0.0,-,4.114190,3.250187,3.218512,3.248063,411436.0
10/29/2004,3.296550,3.310896,3.270729,3.285074,387000,0.000,0.0,-,4.123572,3.241694,3.216791,3.212200,392288.0
10/28/2004,3.270728,3.371145,3.264990,3.313764,279600,0.000,0.0,-,4.133327,3.233030,3.221668,3.190682,393712.0
10/27/2004,3.299419,3.382622,3.270729,3.285074,564400,0.000,0.0,-,4.142651,3.224136,3.223820,3.168017,396312.0
10/26/2004,3.264991,3.296551,3.201872,3.279336,242400,0.000,0.0,-,4.152377,3.215012,3.227263,3.150228,394960.0
10/25/2004,3.144489,3.276466,3.144489,3.262121,207200,0.000,0.0,-,4.161702,3.205085,3.231423,3.137318,401952.0
10/22/2004,3.290813,3.328111,3.150229,3.164574,397800,0.000,0.0,-,4.171413,3.194125,3.235583,3.130432,406408.0
10/21/2004,3.155966,3.276466,3.124406,3.262121,246400,0.000,0.0,-,4.181269,3.186780,3.248781,3.131006,413672.0
10/20/2004,3.064156,3.193264,3.055549,3.167443,161800,0.000,0.0,-,4.190435,3.179321,3.255667,3.145925,437924.0
10/19/2004,3.041205,3.133015,3.041205,3.075634,532000,0.000,0.0,-,4.200061,3.172435,3.268004,3.164574,451128.0
10/18/2004,3.069895,3.069895,2.958002,3.026859,351400,0.000,0.0,-,4.209744,3.168820,3.291386,3.188961,459104.0
10/15/2004,3.084240,3.161705,3.058418,3.069895,293600,0.000,0.0,-,4.219542,3.166238,3.314052,3.221381,485892.0
10/14/2004,3.107192,3.155966,3.069894,3.087109,160400,0.000,0.0,-,4.229268,3.165779,3.338009,3.252654,499144.0
10/13/2004,3.178919,3.227693,3.107192,3.107192,306200,0.000,0.0,-,4.239654,3.164402,3.362252,3.279623,541140.0
10/12/2004,3.193265,3.204742,3.072765,3.150229,187000,0.000,0.0,-,4.248921,3.165722,3.384918,3.304297,553956.0
10/11/2004,3.170312,3.199002,3.130145,3.193264,270400,0.000,0.0,-,4.257987,3.168992,3.410309,3.325528,587472.0
10/08/2004,3.399838,3.399838,3.167444,3.170313,451600,0.000,0.0,-,4.266336,3.181444,3.430536,3.340734,586308.0
10/07/2004,3.371146,3.485908,3.342455,3.411313,441800,0.000,0.0,-,4.275302,3.193724,3.457075,3.366556,582536.0
10/06/2004,3.333849,3.408444,3.285075,3.353932,183800,0.000,0.0,-,4.282919,3.199634,3.453632,3.365408,581040.0
10/05/2004,3.359671,3.359671,3.262123,3.319504,528800,0.000,0.0,-,4.290981,3.207839,3.442156,3.371433,588740.0
10/04/2004,3.385491,3.431395,3.299419,3.351062,484000,0.000,0.0,-,4.298814,3.215471,3.430823,3.393812,589172.0
10/01/2004,3.356802,3.396969,3.353933,3.382624,287000,0.000,0.0,-,4.306589,3.224882,3.417625,3.406723,587468.0
09/30/2004,3.365407,3.368277,3.282205,3.356800,339800,0.000,0.0,-,4.313417,3.234694,3.400124,3.423363,596724.0
09/29/2004,3.348194,3.374016,3.336718,3.353932,630400,0.000,0.0,-,4.320088,3.247662,3.381475,3.444881,594688.0
09/28/2004,3.336717,3.382622,3.336717,3.362538,317600,0.000,0.0,-,4.325281,3.262638,3.359527,3.465538,586792.0
09/27/2004,3.428527,3.431396,3.339587,3.345325,258400,0.000,0.0,-,4.330302,3.274861,3.337291,3.495090,587324.0
09/24/2004,3.411313,3.445741,3.391229,3.428527,191400,0.000,0.0,-,4.334763,3.287943,3.316347,3.520337,587692.0
09/23/2004,3.442874,3.442874,3.371147,3.399838,173000,0.000,0.0,-,4.339741,3.301026,3.292678,3.547594,594372.0
09/22/2004,3.543289,3.543289,3.399836,3.414181,222400,0.000,0.0,-,4.343901,3.311929,3.269581,3.541856,602752.0
09/21/2004,3.485909,3.583457,3.442873,3.543290,257600,0.000,0.0,-,4.348994,3.326102,3.243186,3.512878,601796.0
09/20/2004,3.534682,3.543289,3.451479,3.480170,482600,0.000,0.0,-,4.352910,3.338152,3.210049,3.467834,604068.0
09/17/2004,3.615016,3.615016,3.528944,3.549027,348200,0.000,0.0,-,4.357544,3.351694,3.184084,3.428528,600268.0
09/16/2004,3.557636,3.701089,3.526076,3.571981,245200,0.000,0.0,-,4.361732,3.366326,3.149224,3.376885,604740.0
09/15/2004,3.615016,3.695349,3.557634,3.560503,389800,0.000,0.0,-,4.365333,3.380442,3.114078,3.318069,607472.0
09/14/2004,3.597802,3.681005,3.577719,3.658052,592400,0.000,0.0,-,4.369020,3.396623,3.077498,3.253515,614972.0
09/13/2004,3.703957,3.703957,3.571981,3.597802,404600,0.000,0.0,-,4.372161,3.417453,3.033745,3.179493,614436.0
09/10/2004,3.351064,3.741257,3.328112,3.701090,1154600,0.000,0.0,-,4.375518,3.437422,2.989561,3.112357,609560.0
09/09/2004,3.153099,3.405576,3.147361,3.342457,1037000,0.000,0.0,-,4.377828,3.458653,2.944373,3.037761,593564.0
09/08/2004,3.112932,3.199003,3.104324,3.124408,314600,0.000,0.0,-,4.381888,3.484072,2.921708,2.997307,578448.0
09/07/2004,3.112930,3.167443,3.032597,3.092847,548800,0.000,0.0,-,4.386837,3.516378,2.906645,2.973494,580284.0
09/03/2004,3.041204,3.184657,3.038335,3.087109,387000,0.000,0.0,-,4.391456,3.548339,2.896747,2.952263,580540.0
09/02/2004,2.989561,3.046943,2.943657,3.032597,326200,0.000,0.0,-,4.396319,3.579612,2.887279,2.939639,584232.0
09/01/2004,2.897752,3.104324,2.897752,2.983824,608200,0.000,0.0,-,4.401383,3.615361,2.887996,2.921564,592156.0
08/31/2004,2.909227,2.960870,2.894882,2.914965,263800,0.000,0.0,-,4.406791,3.646404,2.889718,2.910088,587376.0
08/30/2004,2.926441,2.960870,2.897750,2.917834,199600,0.000,0.0,-,4.412802,3.677447,2.902629,2.901481,590024.0
08/27/2004,2.943655,2.980953,2.900619,2.926441,422000,0.000,0.0,-,4.418296,3.711359,2.922425,2.887996,591940.0
08/26/2004,2.935049,2.998168,2.926442,2.955132,428200,0.000,0.0,-,4.423675,3.744755,2.966896,2.866765,586832.0
08/25/2004,2.897751,3.009644,2.897751,2.937918,598400,0.000,0.0,-,4.429528,3.779012,3.008354,2.850986,582120.0
08/24/2004,2.892014,2.935050,2.857585,2.886276,374600,0.000,0.0,-,4.435596,3.813096,3.046799,2.846108,573996.0
08/23/2004,2.960871,2.960871,2.854716,2.880537,678800,0.000,0.0,-,4.441492,3.845402,3.090696,2.839796,570280.0
08/20/2004,2.851846,2.966609,2.831763,2.960870,454600,0.000,0.0,-,4.446814,3.880175,3.131723,2.841231,562036.0
08/19/2004,2.854715,2.869060,2.782988,2.851846,458200,0.000,0.0,-,4.451061,3.913456,3.174759,2.834919,557100.0
08/18/2004,2.834631,2.900620,2.828893,2.869060,409600,0.000,0.0,-,4.453413,3.950811,3.225828,2.854429,552980.0
08/17/2004,2.840370,2.926442,2.828894,2.828894,496800,0.000,0.0,-,4.455006,3.987937,3.282636,2.869348,549780.0
08/16/2004,2.714133,2.814550,2.714133,2.782990,592000,0.000,0.0,-,4.456182,4.023456,3.346329,2.903776,544344.0
08/13/2004,2.785857,2.828892,2.691178,2.714130,430000,0.000,0.0,-,4.457688,4.060868,3.405862,2.956854,536916.0
08/12/2004,2.869060,2.874798,2.794465,2.797334,761000,0.000,0.0,-,4.458951,4.102699,3.470129,3.067026,533552.0
08/11/2004,2.797335,2.940788,2.725609,2.889145,1459000,0.000,0.0,-,4.459309,4.142924,3.534396,3.165722,524688.0
08/10/2004,2.894883,2.935049,2.797335,2.823156,822000,0.000,0.0,-,4.459453,4.180049,3.587186,3.247490,503008.0
08/09/2004,2.892014,2.912097,2.854716,2.894883,930800,0.000,0.0,-,4.460113,4.218265,3.652171,3.341595,503968.0
08/06/2004,3.018252,3.021121,2.782989,2.897751,1690800,0.000,0.0,-,4.460916,4.246898,3.714716,3.422215,488948.0
08/05/2004,3.032596,3.095716,3.023989,3.046942,956200,0.000,0.0,-,4.461920,4.275991,3.777692,3.514599,465028.0
08/04/2004,3.176050,3.178919,3.018252,3.018252,2260200,0.000,0.0,-,4.461891,4.299689,3.839377,3.597228,452984.0
08/03/2004,3.319503,3.328110,3.141621,3.173181,947000,0.000,0.0,-,4.462279,4.323846,3.902352,3.695924,413180.0
08/02/2004,3.729778,3.729778,3.204740,3.313764,1862800,0.000,0.0,-,4.461690,4.346168,3.962172,3.788881,400252.0
07/30/2004,3.755601,3.910530,3.755601,3.815851,212200,0.000,0.0,-,4.461188,4.364817,4.031460,3.854870,371164.0
07/29/2004,3.715434,3.801506,3.715434,3.784292,263000,0.000,0.0,-,4.458104,4.372276,4.070480,3.873232,375116.0
07/28/2004,3.767076,3.767076,3.649445,3.706826,367000,0.000,0.0,-,4.455163,4.382375,4.119397,3.903070,373936.0
07/27/2004,3.701087,3.772813,3.635099,3.764206,568800,0.000,0.0,-,4.452495,4.396319,4.164728,3.926883,370256.0
07/26/2004,3.830198,3.858888,3.635101,3.701090,550400,0.000,0.0,-,4.448737,4.409631,4.213502,3.962746,364044.0
07/23/2004,3.873231,3.933481,3.775683,3.821588,398800,0.000,0.0,-,4.445581,4.426846,4.262994,4.007217,362104.0
07/22/2004,4.008078,4.031031,3.850280,3.873232,749800,0.000,0.0,-,4.440675,4.439756,4.304452,4.040785,365424.0
07/21/2004,4.131447,4.145792,3.973649,4.005208,238000,0.000,0.0,-,4.436471,4.448077,4.351791,4.081525,362408.0
07/20/2004,3.944957,4.108493,3.913397,4.102755,235600,0.000,0.0,-,4.430073,4.456225,4.378330,4.108781,371164.0
07/19/2004,4.016684,4.094149,3.922005,3.973648,344200,0.000,0.0,-,4.422513,4.462594,4.396549,4.135464,382772.0
07/16/2004,4.074067,4.157270,3.985126,3.999471,276800,0.000,0.0,-,4.415398,4.472636,4.428539,4.208051,388052.0
07/15/2004,4.016686,4.114234,4.008079,4.082675,525400,0.000,0.0,-,4.408728,4.481587,4.458377,4.267728,409388.0
07/14/2004,4.117102,4.154399,3.944958,3.944958,592000,0.000,0.0,-,4.402057,4.494326,4.487641,4.335724,415344.0
07/13/2004,4.160137,4.191696,4.102756,4.122839,174600,0.000,0.0,-,4.396247,4.515844,4.522500,4.402573,414300.0
07/12/2004,4.168746,4.183091,4.088412,4.145793,371200,0.000,0.0,-,4.390007,4.534378,4.541436,4.464258,419292.0
07/09/2004,4.303590,4.306459,4.122839,4.157268,292600,0.000,0.0,-,4.384513,4.551822,4.565106,4.518770,420288.0
07/08/2004,4.294983,4.398269,4.160137,4.280637,571800,0.000,0.0,-,4.378990,4.570069,4.588489,4.568118,422212.0
07/07/2004,4.372447,4.441304,4.254815,4.277768,381800,0.000,0.0,-,4.373008,4.585964,4.610437,4.622057,419904.0
07/06/2004,4.627796,4.636403,4.360973,4.369580,764800,0.000,0.0,-,4.367241,4.603924,4.632816,4.647879,418672.0
07/02/2004,4.610582,4.759774,4.447046,4.699523,565600,0.000,0.0,-,4.361030,4.619819,4.644579,4.657633,412468.0
07/01/2004,4.733950,4.733950,4.596235,4.596235,160800,0.000,0.0,-,4.353025,4.627967,4.642284,4.649026,412304.0
06/30/2004,4.647880,4.791334,4.647880,4.762643,354800,0.000,0.0,-,4.345221,4.636689,4.652756,4.649026,421416.0
06/29/2004,4.705258,4.719604,4.607710,4.613449,281200,0.000,0.0,-,4.336399,4.642656,4.655051,4.639558,420876.0
06/28/2004,4.696652,4.840105,4.696652,4.739688,406400,0.000,0.0,-,4.328380,4.648911,4.661650,4.642427,421536.0
06/25/2004,4.693783,4.820021,4.670830,4.690914,561600,0.000,0.0,-,4.319959,4.651952,4.661363,4.618614,423764.0
06/24/2004,4.791332,4.891749,4.642141,4.650748,571600,0.000,0.0,-,4.312499,4.656256,4.643144,4.611441,418380.0
06/23/2004,4.538853,4.820021,4.475734,4.820021,722400,0.000,0.0,-,4.304523,4.661248,4.628225,4.608859,419480.0
06/22/2004,4.401140,4.535985,4.355235,4.535985,369200,0.000,0.0,-,4.295242,4.666584,4.598817,4.598817,423464.0
06/21/2004,4.619188,4.619188,4.461390,4.467128,396200,0.000,0.0,-,4.287983,4.672667,4.583324,4.617753,428440.0
06/18/2004,4.599104,4.702389,4.541722,4.613449,295400,0.000,0.0,-,4.281313,4.682881,4.574430,4.631525,432612.0
06/17/2004,4.639271,4.699521,4.553199,4.596235,166600,0.000,0.0,-,4.273652,4.689307,4.556068,4.635541,432236.0
06/16/2004,4.647880,4.696654,4.535986,4.667963,192600,0.000,0.0,-,4.265447,4.697226,4.535698,4.656485,438356.0
06/15/2004,4.533115,4.722472,4.533115,4.642139,192200,0.000,0.0,-,4.256768,4.702849,4.516762,4.670544,475080.0
06/14/2004,4.590494,4.627792,4.452780,4.501554,188800,0.000,0.0,-,4.248089,4.708530,4.504855,4.680873,479040.0
06/10/2004,4.619189,4.647880,4.507296,4.619189,266600,0.000,0.0,-,4.239926,4.718514,4.501269,4.704112,482080.0
06/09/2004,4.719605,4.719605,4.604842,4.624926,207800,0.000,0.0,-,4.231807,4.723793,4.498400,4.674848,486056.0
06/08/2004,4.713869,4.742559,4.636404,4.719607,252200,0.000,0.0,-,4.223157,4.726261,4.490510,4.647592,491016.0
06/07/2004,4.676569,4.745427,4.647879,4.725343,249600,0.000,0.0,-,4.214765,4.727122,4.468992,4.598817,491440.0
06/04/2004,4.696653,4.708129,4.581890,4.604843,225000,0.000,0.0,-,4.207047,4.725917,4.453356,4.548896,493428.0
06/03/2004,4.776986,4.776986,4.636402,4.653616,220600,0.000,0.0,-,4.199874,4.725687,4.444175,4.517336,494916.0
06/02/2004,4.834366,4.863057,4.799937,4.805676,261800,0.000,0.0,-,4.192472,4.724539,4.435281,4.476595,496024.0
06/01/2004,4.690915,4.820022,4.676569,4.808546,317800,0.000,0.0,-,4.184008,4.718859,4.417349,4.414910,502204.0
05/28/2004,4.710998,4.834367,4.676569,4.745427,375000,0.000,0.0,-,4.175344,4.715416,4.412902,4.362980,499868.0
05/27/2004,4.360972,4.733950,4.360972,4.733950,870000,0.000,0.0,-,4.166823,4.712432,4.426673,4.328838,497940.0
05/26/2004,4.303590,4.346626,4.280638,4.326543,179800,0.000,0.0,-,4.158603,4.710768,4.442453,4.298426,487152.0
05/25/2004,4.203174,4.355235,4.122841,4.352365,494800,0.000,0.0,-,4.152291,4.714268,4.477025,4.321952,489408.0
05/24/2004,4.289246,4.366710,4.188829,4.231864,354000,0.000,0.0,-,4.145692,4.712891,4.512889,4.333429,484852.0
05/21/2004,4.297852,4.335150,4.157268,4.226125,270000,0.000,0.0,-,4.139681,4.717596,4.555064,4.339167,482456.0
05/20/2004,4.246209,4.303590,4.214649,4.289245,300600,0.000,0.0,-,4.133484,4.719088,4.602547,4.357816,489396.0
05/19/2004,4.217519,4.363841,4.160138,4.246210,408400,0.000,0.0,-,4.127646,4.722646,4.646300,4.371014,491724.0
05/18/2004,4.294984,4.349496,4.160138,4.188828,409800,0.000,0.0,-,4.123084,4.728613,4.689336,4.393966,491040.0
05/17/2004,4.289245,4.392531,4.228994,4.289245,204000,0.000,0.0,-,4.119942,4.736647,4.731511,4.419788,490896.0
05/14/2004,4.432699,4.475735,4.349497,4.404009,183000,0.000,0.0,-,4.116729,4.742385,4.770100,4.462824,494688.0
05/13/2004,4.518770,4.561805,4.375317,4.429829,258200,0.000,0.0,-,4.111952,4.746975,4.796208,4.524508,497272.0
05/12/2004,4.487209,4.564674,4.340887,4.561805,453400,0.000,0.0,-,4.107763,4.749099,4.819305,4.586480,500080.0
05/11/2004,4.303591,4.553200,4.289246,4.467128,564800,0.000,0.0,-,4.102183,4.747779,4.836519,4.632098,501584.0
05/10/2004,4.412614,4.412614,4.160137,4.289245,599000,0.000,0.0,-,4.097722,4.747090,4.858180,4.692348,500216.0
05/07/2004,4.467127,4.733950,4.398269,4.412615,675800,0.000,0.0,-,4.093447,4.747664,4.898060,4.770961,496316.0
05/06/2004,4.510165,4.518772,4.346628,4.421224,816000,0.000,0.0,-,4.088067,4.746689,4.919435,4.847278,494972.0
05/05/2004,4.518770,4.584758,4.432698,4.475734,608200,0.000,0.0,-,4.081985,4.742729,4.947265,4.921587,483084.0
05/04/2004,4.716736,4.725343,4.360972,4.447044,1343600,0.000,0.0,-,4.075644,4.736360,4.970217,4.984706,478564.0
05/03/2004,5.092585,5.129882,4.719607,4.719607,823200,0.000,0.0,-,4.070035,4.731138,4.997473,5.043235,460500.0
04/30/2004,5.049546,5.066760,4.977819,5.020855,539800,0.000,0.0,-,4.063006,4.722359,5.008949,5.077376,453484.0
04/29/2004,5.020856,5.115535,4.997904,5.049547,424200,0.000,0.0,-,4.055417,4.706005,5.004215,5.067909,457896.0
04/28/2004,5.075369,5.075369,4.963475,5.017987,421000,0.000,0.0,-,4.048072,4.692119,5.001777,5.052129,458364.0
04/27/2004,5.069628,5.144223,4.977818,5.069628,388800,0.000,0.0,-,4.040599,4.679266,4.995034,5.040940,460180.0
04/26/2004,5.149965,5.215953,5.043809,5.075369,456400,0.000,0.0,-,4.032608,4.662740,4.978968,5.024012,461652.0
04/23/2004,5.164310,5.190132,5.078238,5.175786,320200,0.000,0.0,-,4.024231,4.647649,4.963332,5.025160,465512.0
04/22/2004,5.092583,5.198738,5.092583,5.164309,454600,0.000,0.0,-,4.015896,4.632844,4.937797,4.991592,478768.0
04/21/2004,5.020856,5.112666,4.980689,5.106927,557400,0.000,0.0,-,4.007504,4.615056,4.909250,4.972943,540020.0
04/20/2004,5.049547,5.083975,4.992165,5.032332,616400,0.000,0.0,-,3.998753,4.610466,4.883715,4.955729,565996.0
04/19/2004,4.911832,5.061023,4.906094,5.061023,327800,0.000,0.0,-,3.990734,4.603752,4.858180,4.951712,577944.0
04/16/2004,4.848712,4.960606,4.831498,4.926177,314200,0.000,0.0,-,3.982572,4.594915,4.836949,4.940522,583640.0
04/15/2004,4.963476,4.963476,4.842975,4.891749,517800,0.000,0.0,-,3.973864,4.589751,4.820452,4.940522,592668.0
04/14/2004,4.900356,5.063893,4.886011,4.906095,292400,0.000,0.0,-,3.964181,4.586595,4.808402,4.951425,597608.0
04/13/2004,5.020857,5.086845,4.820022,4.900356,626600,0.000,0.0,-,3.954641,4.585505,4.788175,4.949129,600712.0
04/12/2004,4.863058,5.193000,4.863058,5.086844,921600,0.000,0.0,-,3.943983,4.584300,4.757333,4.933923,599688.0
04/08/2004,4.992167,5.086846,4.840107,4.840107,618000,0.000,0.0,-,3.930283,4.582119,4.726347,4.901503,598076.0
04/07/2004,4.934783,5.000771,4.834366,4.977818,604800,0.000,0.0,-,3.917415,4.578275,4.699377,4.884002,601276.0
04/06/2004,5.015118,5.049547,4.920439,4.934785,276600,0.000,0.0,-,3.904074,4.576267,4.673843,4.845556,595476.0
04/05/2004,4.977819,5.029462,4.949128,4.992164,472600,0.000,0.0,-,3.891823,4.575922,4.654333,4.811702,606152.0
04/02/2004,5.078237,5.190130,4.906093,4.949129,2028800,0.000,0.0,-,3.879558,4.579250,4.634250,4.764649,601348.0
04/01/2004,4.983558,5.078237,4.914700,4.926177,390200,0.000,0.0,-,3.867580,4.584529,4.615601,4.733376,565160.0
03/31/2004,4.900358,5.006513,4.863060,5.000775,340800,0.000,0.0,-,3.855415,4.590784,4.600969,4.700382,564064.0
03/30/2004,4.805674,4.888877,4.802805,4.883139,465400,0.000,0.0,-,3.843164,4.595547,4.577729,4.665379,574108.0
03/29/2004,4.762640,4.845843,4.733950,4.748295,455800,0.000,0.0,-,3.831171,4.602604,4.558363,4.627221,569856.0
03/26/2004,4.690916,4.791334,4.662226,4.762643,273400,0.000,0.0,-,3.820714,4.612876,4.542584,4.580742,571076.0
03/25/2004,4.593367,4.765511,4.570415,4.665094,349000,0.000,0.0,-,3.809453,4.622344,4.520348,4.551190,569924.0
03/24/2004,4.584758,4.633532,4.561805,4.593365,299400,0.000,0.0,-,3.798679,4.632615,4.505286,4.514753,572788.0
03/23/2004,4.553199,4.636402,4.550330,4.596235,276000,0.000,0.0,-,3.788049,4.645353,4.486780,4.502129,576336.0
03/22/2004,4.639270,4.639270,4.521639,4.521639,570800,0.000,0.0,-,3.777764,4.656313,4.464832,4.496965,579504.0
03/19/2004,4.639270,4.670830,4.547460,4.636401,201000,0.000,0.0,-,3.767851,4.669970,4.448048,4.503851,579412.0
03/18/2004,4.622057,4.699521,4.576152,4.596235,278600,0.000,0.0,-,3.757307,4.679954,4.430260,4.497826,582740.0
03/17/2004,4.533117,4.705260,4.533117,4.650748,330600,0.000,0.0,-,3.746778,4.689939,4.410607,4.501556,587492.0
03/16/2004,4.312196,4.541720,4.312196,4.501554,292600,0.000,0.0,-,3.735904,4.698775,4.395831,4.490079,595764.0
03/15/2004,4.447041,4.447041,4.260553,4.283505,267000,0.000,0.0,-,3.726236,4.708989,4.389519,4.489506,595652.0
03/12/2004,4.329413,4.469997,4.320806,4.467128,234200,0.000,0.0,-,3.717944,4.723048,4.387511,4.504425,598376.0
03/11/2004,4.452782,4.513032,4.246210,4.300722,617000,0.000,0.0,-,3.708806,4.734008,4.380195,4.489506,605576.0
03/10/2004,4.530247,4.696653,4.464259,4.467128,417000,0.000,0.0,-,3.700371,4.751279,4.386937,4.495818,605556.0
03/09/2004,4.590498,4.590498,4.455652,4.544593,374200,0.000,0.0,-,3.690301,4.761149,4.377326,4.471431,600544.0
03/08/2004,4.561806,4.719605,4.561806,4.590497,402600,0.000,0.0,-,3.679513,4.769527,4.393966,4.432698,601196.0
03/05/2004,4.561806,4.647879,4.461390,4.576152,393600,0.000,0.0,-,3.668453,4.774978,4.399274,4.392245,626272.0
03/04/2004,4.538853,4.633532,4.495817,4.633532,312200,0.000,0.0,-,3.657737,4.782724,4.401426,4.362693,625416.0
03/03/2004,4.504426,4.581890,4.449914,4.535985,398600,0.000,0.0,-,3.646590,4.788749,4.403148,4.319657,630872.0
03/02/2004,4.432698,4.670830,4.432698,4.495817,528600,0.000,0.0,-,3.636764,4.797356,4.413046,4.301582,633188.0
03/01/2004,4.315067,4.438437,4.260555,4.432699,496400,0.000,0.0,-,3.627525,4.805160,4.430834,4.289533,638028.0
02/27/2004,4.355235,4.375318,4.234734,4.317937,404000,0.000,0.0,-,3.618388,4.814628,4.451205,4.270597,649176.0
02/26/2004,4.203173,4.372448,4.168744,4.363841,608600,0.000,0.0,-,3.609106,4.823235,4.484199,4.270884,656884.0
02/25/2004,4.140055,4.246210,4.131447,4.223258,221600,0.000,0.0,-,3.599495,4.829777,4.498401,4.278056,656932.0
02/24/2004,4.180220,4.217518,4.033898,4.157268,382200,0.000,0.0,-,3.590271,4.833162,4.531108,4.283221,660312.0
02/23/2004,4.266292,4.277769,4.160137,4.185959,440400,0.000,0.0,-,3.581104,4.837351,4.569123,4.355234,662224.0
02/20/2004,4.274899,4.418352,4.260554,4.280637,472400,0.000,0.0,-,3.571722,4.838384,4.617753,4.406304,659036.0
02/19/2004,4.398269,4.570413,4.203173,4.203173,760400,0.000,0.0,-,3.562240,4.841253,4.664376,4.440159,659504.0
02/18/2004,4.355236,4.510165,4.355236,4.355236,447600,0.000,0.0,-,3.551840,4.841827,4.716162,4.486638,656588.0
02/17/2004,4.315070,4.386796,4.286379,4.375320,511800,0.000,0.0,-,3.540320,4.843376,4.760346,4.524510,662828.0
02/13/2004,4.303590,4.340888,4.243340,4.243340,462400,0.000,0.0,-,3.528457,4.842401,4.803382,4.572136,674600.0
02/12/2004,4.475735,4.475735,4.303591,4.320806,649400,0.000,0.0,-,3.516407,4.845671,4.854307,4.631812,675212.0
02/11/2004,4.303592,4.556069,4.274901,4.435568,983000,0.000,0.0,-,3.503525,4.846991,4.900069,4.697514,680048.0
02/10/2004,4.762643,4.762643,4.231867,4.274902,3517200,0.000,0.0,-,3.490169,4.844122,4.937223,4.718745,663440.0
02/09/2004,4.834368,5.178655,4.733951,4.877404,1856200,0.000,0.0,-,3.477545,4.844581,4.984993,4.778995,607820.0
02/06/2004,4.590500,4.696655,4.590500,4.696655,1213800,0.000,0.0,-,3.461981,4.832761,4.998334,4.783011,585316.0
02/05/2004,4.670832,4.702392,4.607713,4.619189,612600,0.000,0.0,-,3.447391,4.824211,5.023725,4.829203,572160.0
02/04/2004,4.719606,4.831499,4.647880,4.667963,765600,0.000,0.0,-,3.433046,4.815087,5.049547,4.888592,567236.0
02/03/2004,4.851582,4.891748,4.619188,4.733950,764800,0.000,0.0,-,3.418127,4.804816,5.070921,4.945687,562580.0
02/02/2004,4.842972,4.886009,4.840104,4.851580,447600,0.000,0.0,-,3.403122,4.792421,5.088853,4.996182,556508.0
01/30/2004,4.977822,4.977822,4.840107,4.840107,575400,0.000,0.0,-,3.387184,4.775724,5.096886,5.034627,556972.0
01/29/2004,4.719603,5.020854,4.705258,4.977818,841000,0.000,0.0,-,3.371577,4.760116,5.104202,5.076802,558300.0
01/28/2004,4.906094,4.906094,4.504425,4.647878,778000,0.000,0.0,-,3.355338,4.741467,5.106067,5.102624,548956.0
01/27/2004,4.934785,4.949130,4.877404,4.877404,314800,0.000,0.0,-,3.340275,4.729819,5.131889,5.155702,537796.0
01/26/2004,5.135617,5.138486,4.820021,4.917569,810400,0.000,0.0,-,3.323419,4.714613,5.136049,5.190991,543320.0
01/23/2004,5.227427,5.227427,5.081105,5.158569,232400,0.000,0.0,-,3.306406,4.696595,5.138344,5.213657,536448.0
01/22/2004,5.233169,5.270467,5.193002,5.213085,219400,0.000,0.0,-,3.288718,4.673470,5.123569,5.218248,545020.0
01/21/2004,5.244643,5.258988,5.135619,5.238905,335400,0.000,0.0,-,3.271202,4.651723,5.111088,5.210501,569724.0
01/20/2004,5.241774,5.264727,5.227428,5.238905,843000,0.000,0.0,-,3.253959,4.629975,5.095882,5.196156,587304.0
01/16/2004,5.264725,5.270463,5.181522,5.236034,252800,0.000,0.0,-,3.236530,4.606506,5.082254,5.181523,590820.0
01/15/2004,5.236035,5.293416,5.061022,5.261857,516800,0.000,0.0,-,3.219387,4.580685,5.064753,5.159145,632928.0
01/14/2004,5.207344,5.236034,5.201605,5.236034,215800,0.000,0.0,-,3.202761,4.551650,5.046965,5.131602,671296.0
01/13/2004,5.204476,5.221691,5.124142,5.178654,492200,0.000,0.0,-,3.185547,4.513377,5.022578,5.109510,704572.0
01/12/2004,5.144226,5.230298,4.977821,5.230298,476800,0.000,0.0,-,3.168232,4.473554,4.998191,5.108076,711584.0
01/09/2004,5.164311,5.221692,5.118406,5.144228,434400,0.000,0.0,-,3.150688,4.430231,4.956302,5.081106,709288.0
01/08/2004,5.164310,5.204477,5.149965,5.204477,566200,0.000,0.0,-,3.133545,4.389032,4.917427,5.063031,713904.0
01/07/2004,5.149964,5.164309,5.106927,5.135618,367400,0.000,0.0,-,3.115986,4.344274,4.869083,5.028889,710568.0
01/06/2004,5.063892,5.149965,4.992166,5.095452,516200,0.000,0.0,-,3.099461,4.298943,4.833507,5.011675,710868.0
01/05/2004,5.055285,5.204475,5.012248,5.092582,744200,0.000,0.0,-,3.083150,4.255391,4.790327,4.995608,712252.0
01/02/2004,4.980689,5.089713,4.977820,5.012249,287000,0.000,0.0,-,3.066925,4.212642,4.757333,4.982985,706432.0
12/31/2003,5.043811,5.066763,4.891750,4.986429,403200,0.000,0.0,-,3.051174,4.173508,4.723048,4.970361,709716.0
12/30/2003,5.164307,5.192998,5.012247,5.015116,594200,0.000,0.0,-,3.035753,4.135751,4.694070,4.962327,714716.0
12/29/2003,4.963475,5.164309,4.957737,5.164309,616000,0.000,0.0,-,3.019643,4.096273,4.662654,4.935645,717600.0
12/26/2003,4.966342,5.020855,4.960605,4.960605,166400,0.000,0.0,-,3.002458,4.054901,4.619044,4.888306,724908.0
12/24/2003,4.863059,4.992166,4.834368,4.963476,406800,0.000,0.0,-,2.986549,4.016800,4.585907,4.831498,731812.0
12/23/2003,5.020855,5.135618,4.722473,4.863057,1656400,0.000,0.0,-,2.969994,3.981797,4.552052,4.771822,740360.0
12/22/2003,4.937654,4.992166,4.920440,4.963476,350800,0.000,0.0,-,2.954415,3.948516,4.522357,4.709277,731844.0
12/19/2003,4.977821,4.992166,4.911832,4.934785,585000,0.000,0.0,-,2.938205,3.913169,4.482334,4.655338,734196.0
12/18/2003,4.834368,5.015119,4.820023,4.966345,514400,0.000,0.0,-,2.922698,3.877937,4.443314,4.585046,747328.0
12/17/2003,4.776985,4.920438,4.762640,4.886010,770600,0.000,0.0,-,2.907420,3.838860,4.400709,4.531682,745936.0
12/16/2003,4.705260,4.906095,4.633534,4.906095,1053800,0.000,0.0,-,2.892558,3.802538,4.357242,4.475735,748720.0
12/15/2003,4.920439,4.934784,4.673700,4.748295,789400,0.000,0.0,-,2.878098,3.761224,4.314924,4.425813,750288.0
12/12/2003,4.392531,4.690914,4.392531,4.690914,611000,0.000,0.0,-,2.864441,3.726910,4.279778,4.389663,808312.0
12/11/2003,4.346627,4.426961,4.320806,4.392532,390600,0.000,0.0,-,2.851459,3.687604,4.248505,4.349783,820136.0
12/10/2003,4.381057,4.444176,4.355235,4.366712,477800,0.000,0.0,-,2.839610,3.651568,4.234734,4.340315,826776.0
12/09/2003,4.452783,4.472866,4.237603,4.237603,281000,0.000,0.0,-,2.827976,3.615246,4.217232,4.332282,828164.0
12/08/2003,4.203174,4.438438,4.203174,4.424092,495800,0.000,0.0,-,2.816901,3.583801,4.205469,4.335437,847040.0
12/05/2003,4.435568,4.435568,4.102757,4.231864,614600,0.000,0.0,-,2.805310,3.550290,4.190550,4.309329,843060.0
12/04/2003,4.360972,4.461389,4.274900,4.432699,759600,0.000,0.0,-,2.793834,3.521313,4.186533,4.301582,836776.0
12/03/2003,4.438436,4.504425,4.326543,4.326543,1100400,0.000,0.0,-,2.780923,3.490155,4.168171,4.269736,827360.0
12/02/2003,4.389663,4.447044,4.389663,4.406878,493000,0.000,0.0,-,2.767725,3.464563,4.149092,4.238750,808128.0
12/01/2003,4.317937,4.447044,4.317937,4.386794,891200,0.000,0.0,-,2.753911,3.437479,4.119254,4.204034,802868.0
11/28/2003,4.269162,4.326543,4.251948,4.292115,152600,0.000,0.0,-,2.739867,3.411428,4.066033,4.169893,789928.0
11/26/2003,4.300721,4.358102,4.102756,4.297852,736200,0.000,0.0,-,2.726110,3.388074,4.010803,4.147227,792048.0
11/25/2003,4.289245,4.303590,4.266292,4.286376,731000,0.000,0.0,-,2.712984,3.364662,3.949118,4.129152,784840.0
11/24/2003,4.174482,4.289244,4.174482,4.269161,556000,0.000,0.0,-,2.699686,3.340906,3.889012,4.102183,776188.0
11/21/2003,4.188830,4.214652,4.131449,4.163009,366400,0.000,0.0,-,2.686244,3.316232,3.823884,4.075501,775596.0
11/20/2003,4.097018,4.266292,4.051113,4.154399,532800,0.000,0.0,-,2.673462,3.292936,3.759187,4.071771,772744.0
11/19/2003,4.016685,4.160138,4.016685,4.114233,461200,0.000,0.0,-,2.661240,3.270040,3.697358,4.071484,767500.0
11/18/2003,4.074066,4.091280,3.973649,4.016685,470800,0.000,0.0,-,2.649190,3.248867,3.639403,4.066606,778932.0
11/17/2003,4.031031,4.079806,4.013817,4.059722,641800,0.000,0.0,-,2.637671,3.232513,3.591346,4.059434,788996.0
11/14/2003,4.088412,4.091281,4.022424,4.045376,373800,0.000,0.0,-,2.624516,3.212430,3.543290,4.034473,783272.0
11/13/2003,4.088411,4.091280,4.051113,4.065458,220000,0.000,0.0,-,2.611462,3.190797,3.493081,3.962172,783280.0
11/12/2003,4.045374,4.117101,4.042505,4.117101,591000,0.000,0.0,-,2.598035,3.171173,3.444594,3.874379,798828.0
11/11/2003,4.022423,4.102756,4.002339,4.016685,466800,0.000,0.0,-,2.584335,3.151491,3.391516,3.769085,809180.0
11/10/2003,4.137186,4.145793,3.987994,4.002340,661000,0.000,0.0,-,2.570994,3.132785,3.351349,3.675840,816860.0
11/07/2003,4.203173,4.303590,4.102756,4.125708,1454600,0.000,0.0,-,2.557581,3.111840,3.311183,3.572267,812752.0
11/06/2003,4.131447,4.217519,4.068328,4.151530,1214400,0.000,0.0,-,2.544010,3.087970,3.264704,3.446602,798080.0
11/05/2003,3.953565,4.102756,3.944958,4.065458,1018800,0.000,0.0,-,2.530569,3.063066,3.215786,3.323233,787956.0
11/04/2003,3.810112,4.016685,3.772814,3.944958,2358200,0.000,0.0,-,2.517730,3.039138,3.163139,3.212200,785956.0
11/03/2003,3.442873,3.850280,3.442873,3.810113,2435200,0.000,0.0,-,2.505422,3.020145,3.119386,3.123259,747816.0
10/31/2003,3.514600,3.658053,3.276468,3.322373,1879600,0.000,0.0,-,2.493831,3.001841,3.070899,3.052107,719748.0
10/30/2003,3.104324,3.213348,3.069895,3.187526,842800,0.000,0.0,-,2.484936,2.996217,3.056410,3.023990,708428.0
10/29/2003,3.069895,3.150228,3.046942,3.064157,362000,0.000,0.0,-,2.477032,2.996103,3.033314,3.014809,696540.0
10/28/2003,3.046943,3.167444,3.041205,3.084241,665200,0.000,0.0,-,2.470319,2.998226,3.009644,3.013948,697492.0
10/27/2003,2.892013,3.029728,2.892013,2.966609,399400,0.000,0.0,-,2.463619,3.000004,2.982962,3.026858,697984.0
10/24/2003,2.914965,2.923572,2.848977,2.869060,382400,0.000,0.0,-,2.457709,3.002931,2.967900,3.050098,694448.0
10/23/2003,2.926441,2.955132,2.814548,2.917834,585400,0.000,0.0,-,2.452258,3.007062,2.961875,3.082805,693024.0
10/22/2003,3.029728,3.055549,2.914966,2.955132,453200,0.000,0.0,-,2.446677,3.009530,2.955132,3.108340,684556.0
10/21/2003,3.098585,3.127275,3.012513,3.055549,451200,0.000,0.0,-,2.440939,3.012227,2.951116,3.114078,679692.0
10/20/2003,2.983822,3.127275,2.983822,3.098585,653200,0.000,0.0,-,2.434771,3.012399,2.950685,3.115513,678716.0
10/17/2003,3.112930,3.141621,3.003906,3.041204,738400,0.000,0.0,-,2.428100,3.011079,2.948390,3.089691,671756.0
10/16/2003,3.069894,3.227692,3.055549,3.095716,981400,0.000,0.0,-,2.421717,3.010850,2.950542,3.088830,663328.0
10/15/2003,3.204740,3.204740,3.055549,3.055549,511600,0.000,0.0,-,2.414845,3.008669,2.951977,3.051820,658588.0
10/14/2003,3.199003,3.213349,2.998169,3.213349,834200,0.000,0.0,-,2.408117,3.009989,2.955563,3.005341,669000.0
10/13/2003,3.190395,3.299419,3.190395,3.199002,1230600,0.000,0.0,-,2.400586,3.012399,2.949825,2.939066,675936.0
10/10/2003,3.176050,3.213348,3.170312,3.196134,468400,0.000,0.0,-,2.392868,3.019629,2.941648,2.885701,677432.0
10/09/2003,3.124407,3.264991,3.098585,3.173181,1241600,0.000,0.0,-,2.385423,3.028638,2.931750,2.840944,684860.0
10/08/2003,3.069895,3.069895,2.949394,3.012514,444800,0.000,0.0,-,2.378164,3.034146,2.923573,2.801925,667540.0
10/07/2003,2.848977,3.104323,2.843239,3.069895,909800,0.000,0.0,-,2.371666,3.045737,2.925725,2.788153,667580.0
10/06/2003,3.038335,3.041204,2.840370,2.840370,1132200,0.000,0.0,-,2.365096,3.053254,2.932180,2.785858,663472.0
10/03/2003,2.846108,3.124407,2.820287,3.032597,3690600,0.000,0.0,-,2.360075,3.067944,2.942939,2.807089,655744.0
10/02/2003,2.605108,2.797335,2.582156,2.725609,1202200,0.000,0.0,-,2.354624,3.075977,2.939496,2.812253,594228.0
10/01/2003,2.524773,2.633797,2.524773,2.590761,722600,0.000,0.0,-,2.350535,3.088200,2.957428,2.852133,577020.0
09/30/2003,2.610846,2.610846,2.467393,2.550595,547200,0.000,0.0,-,2.346992,3.100479,2.984540,2.905785,568100.0
09/29/2003,2.714132,2.714132,2.447309,2.665358,1224800,0.000,0.0,-,2.344109,3.113619,3.011079,2.960584,563812.0
09/26/2003,2.768643,2.811679,2.648143,2.748560,296800,0.000,0.0,-,2.340823,3.126817,3.025568,2.997594,547996.0
09/25/2003,2.892015,2.909229,2.782990,2.782990,300400,0.000,0.0,-,2.337122,3.138121,3.034749,3.022555,554532.0
09/24/2003,3.032597,3.052680,2.869060,2.874799,288800,0.000,0.0,-,2.333321,3.152524,3.040917,3.045221,558520.0
09/23/2003,3.055549,3.075632,3.012513,3.046942,138800,0.000,0.0,-,2.329864,3.166640,3.040630,3.063296,565600.0
09/22/2003,3.084240,3.084240,2.978084,3.052680,230000,0.000,0.0,-,2.325531,3.176165,3.038048,3.078502,572192.0
09/19/2003,3.098586,3.124408,3.049812,3.084241,244200,0.000,0.0,-,2.320654,3.184543,3.030158,3.078789,571980.0
09/18/2003,3.127277,3.133015,3.067026,3.124408,258600,0.000,0.0,-,2.315777,3.190855,3.028006,3.066738,582268.0
09/17/2003,3.098584,3.141620,3.064155,3.127275,375800,0.000,0.0,-,2.310741,3.198544,3.030875,3.062722,593904.0
09/16/2003,3.055549,3.130144,3.009644,3.098585,298400,0.000,0.0,-,2.304860,3.205716,3.033027,3.063296,600260.0
09/15/2003,3.026860,3.127277,3.026860,3.035467,526400,0.000,0.0,-,2.299208,3.210881,3.036757,3.061574,604388.0
09/12/2003,3.009644,3.012513,2.912096,2.998168,223800,0.000,0.0,-,2.293427,3.218742,3.040630,3.053541,602188.0
09/11/2003,3.026859,3.044073,2.969478,3.009644,270600,0.000,0.0,-,2.287244,3.227349,3.044504,3.046942,624728.0
09/10/2003,3.184657,3.213347,3.055549,3.055549,1032800,0.000,0.0,-,2.280674,3.230849,3.046082,3.036614,632032.0
09/09/2003,3.072763,3.256383,3.055549,3.199002,974000,0.000,0.0,-,2.273429,3.228841,3.047803,3.017965,623736.0
09/08/2003,2.983822,3.112930,2.969477,3.055549,355600,0.000,0.0,-,2.265496,3.224824,3.041061,2.997595,627300.0
09/05/2003,3.084241,3.127277,2.937919,2.963740,374200,0.000,0.0,-,2.258022,3.219086,3.039913,2.981528,648692.0
09/04/2003,3.127277,3.138753,3.038336,3.084241,997400,0.000,0.0,-,2.250950,3.206749,3.043213,2.989274,648160.0
09/03/2003,3.055549,3.199002,3.055549,3.133014,1108600,0.000,0.0,-,2.243347,3.190395,3.038336,2.999029,633168.0
09/02/2003,2.926442,3.155967,2.912097,3.081371,850800,0.000,0.0,-,2.235400,3.173927,3.037762,3.002759,621472.0
08/29/2003,2.932180,2.958002,2.857584,2.955132,455600,0.000,0.0,-,2.227768,3.161992,3.050385,3.011940,621712.0
08/28/2003,2.940786,2.983822,2.912096,2.932179,721000,0.000,0.0,-,2.221098,3.153671,3.080654,3.027720,623596.0
08/27/2003,2.840370,2.912097,2.780120,2.906359,708200,0.000,0.0,-,2.213466,3.146097,3.116374,3.042065,614432.0
08/26/2003,3.009644,3.058418,2.851846,2.869060,918800,0.000,0.0,-,2.207039,3.137834,3.143487,3.055550,605184.0
08/25/2003,2.909228,3.038336,2.894883,2.995300,451200,0.000,0.0,-,2.200871,3.131465,3.179637,3.077642,592720.0
08/22/2003,3.044074,3.112932,2.883407,2.894883,1031800,0.000,0.0,-,2.194100,3.121251,3.202159,3.084527,587520.0
08/21/2003,3.199002,3.239169,3.041204,3.041204,1313600,0.000,0.0,-,2.187874,3.116488,3.236157,3.098299,581028.0
08/20/2003,3.181789,3.227694,3.173182,3.181789,248400,0.000,0.0,-,2.181748,3.105873,3.255810,3.097151,558396.0
08/19/2003,3.199003,3.242039,3.141622,3.170313,409600,0.000,0.0,-,2.176254,3.092446,3.263557,3.077642,557372.0
08/18/2003,3.112931,3.204740,3.098585,3.173181,689800,0.000,0.0,-,2.169125,3.078387,3.265278,3.072764,555532.0
08/15/2003,3.089979,3.184659,3.055551,3.112932,222600,0.000,0.0,-,2.161149,3.065706,3.267000,3.088831,550628.0
08/14/2003,3.032598,3.075634,2.960871,3.075634,311200,0.000,0.0,-,2.153474,3.054230,3.277615,3.133588,555352.0
08/13/2003,3.089978,3.098585,3.012513,3.041204,162000,0.000,0.0,-,2.146201,3.043270,3.289522,3.190682,559796.0
08/12/2003,3.092848,3.115800,3.069896,3.089979,210000,0.000,0.0,-,2.139172,3.032253,3.312618,3.231423,570816.0
08/11/2003,3.035466,3.127276,3.023990,3.064157,402400,0.000,0.0,-,2.131569,3.019973,3.337148,3.281632,577144.0
08/08/2003,3.012514,3.167443,3.003907,3.032597,305200,0.000,0.0,-,2.124281,3.010046,3.360100,3.319790,574168.0
08/07/2003,3.006776,3.044073,2.920704,3.029728,317000,0.000,0.0,-,2.117367,3.001898,3.382049,3.374015,572856.0
08/06/2003,3.127278,3.127278,2.912098,2.986694,744400,0.000,0.0,-,2.110251,2.994094,3.400554,3.414469,584780.0
08/05/2003,3.313764,3.313764,3.069894,3.121537,1032200,0.000,0.0,-,2.102907,2.986635,3.426663,3.449472,582440.0
08/04/2003,3.560503,3.586325,3.084239,3.333848,1181000,0.000,0.0,-,2.094830,2.973265,3.444881,3.457792,565540.0
08/01/2003,3.675266,3.701087,3.371146,3.560503,1305400,0.000,0.0,-,2.085477,2.954329,3.446029,3.445168,552060.0
07/31/2003,3.451480,3.818720,3.437135,3.646577,839800,0.000,0.0,-,2.075206,2.930688,3.439430,3.421642,529840.0
07/30/2003,3.620755,3.643708,3.425659,3.448612,375600,0.000,0.0,-,2.064045,2.906416,3.428527,3.388361,520156.0
07/29/2003,3.465825,3.603540,3.442872,3.592064,446800,0.000,0.0,-,2.054190,2.885529,3.415330,3.393812,524308.0
07/28/2003,3.574849,3.629361,3.414182,3.445742,704400,0.000,0.0,-,2.042972,2.865101,3.383483,3.392664,531312.0
07/25/2003,3.434266,3.583457,3.356801,3.574850,745800,0.000,0.0,-,2.031697,2.849149,3.361104,3.400411,528380.0
07/24/2003,3.365408,3.485909,3.365408,3.434266,614800,0.000,0.0,-,2.020063,2.829754,3.320794,3.390082,529948.0
07/23/2003,3.219086,3.345324,3.213348,3.336717,341800,0.000,0.0,-,2.008844,2.810302,3.266425,3.386639,537812.0
07/22/2003,3.219087,3.230563,3.170313,3.204741,276600,0.000,0.0,-,1.997928,2.792399,3.212917,3.403854,542300.0
07/21/2003,3.299420,3.328111,3.207610,3.207610,332800,0.000,0.0,-,1.987814,2.775873,3.168160,3.431970,540684.0
07/18/2003,3.313766,3.356802,3.267861,3.325243,434000,0.000,0.0,-,1.977514,2.758200,3.132010,3.446889,544952.0
07/17/2003,3.485908,3.526075,3.310895,3.313764,623600,0.000,0.0,-,1.967114,2.737887,3.092704,3.457218,542324.0
07/16/2003,3.609277,3.609277,3.442872,3.503122,499800,0.000,0.0,-,1.956068,2.719295,3.054689,3.468694,558176.0
07/15/2003,3.586326,3.615016,3.540421,3.580587,642800,0.000,0.0,-,1.944291,2.691695,3.004193,3.436847,556548.0
07/14/2003,3.471563,3.543289,3.471563,3.523206,468400,0.000,0.0,-,1.932915,2.661111,2.952694,3.374302,565144.0
07/11/2003,3.402706,3.500254,3.399837,3.471563,219400,0.000,0.0,-,1.921754,2.630699,2.900764,3.321798,582956.0
07/10/2003,3.500255,3.500255,3.227694,3.399838,758600,0.000,0.0,-,1.910177,2.597934,2.860023,3.251506,586300.0
07/09/2003,3.485909,3.514600,3.448611,3.508861,840400,0.000,0.0,-,1.896291,2.564825,2.815552,3.146211,573284.0
07/08/2003,3.330978,3.500252,3.270728,3.485907,693600,0.000,0.0,-,1.881802,2.529937,2.765631,3.021981,558384.0
07/07/2003,3.422789,3.431396,3.290812,3.356800,504800,0.000,0.0,-,1.867328,2.495222,2.714705,2.904350,546240.0
07/03/2003,3.342455,3.442872,3.336717,3.428527,416400,0.000,0.0,-,1.853671,2.463375,2.673821,2.817130,539456.0
07/02/2003,3.184657,3.442872,3.184657,3.428527,1350800,0.000,0.0,-,1.839656,2.430381,2.629350,2.728190,534736.0
07/01/2003,2.937918,3.196133,2.909227,3.184657,635800,0.000,0.0,-,1.825813,2.396813,2.584306,2.640683,511044.0
06/30/2003,2.998168,3.032597,2.940787,2.955132,618000,0.000,0.0,-,1.813304,2.366803,2.549591,2.571539,501208.0
06/27/2003,2.840369,2.998168,2.811679,2.998168,1152200,0.000,0.0,-,1.802086,2.342358,2.525634,2.531085,492048.0
06/26/2003,2.366976,2.768644,2.366976,2.768644,1425200,0.000,0.0,-,1.790767,2.315676,2.504116,2.479729,470684.0
06/25/2003,2.295248,2.470260,2.289510,2.346891,347600,0.000,0.0,-,1.780639,2.294675,2.496943,2.468540,444360.0
06/24/2003,2.323938,2.366974,2.180485,2.266557,247800,0.000,0.0,-,1.772635,2.282338,2.511576,2.484893,443720.0
06/23/2003,2.481738,2.481738,2.180487,2.309595,523800,0.000,0.0,-,1.765032,2.269714,2.528933,2.509280,444528.0
06/20/2003,2.539119,2.559202,2.366975,2.484607,862800,0.000,0.0,-,1.757214,2.253647,2.536106,2.525060,442160.0
06/19/2003,2.576416,2.628059,2.539118,2.539118,549800,0.000,0.0,-,1.748735,2.234252,2.531229,2.530511,430424.0
06/18/2003,2.521904,2.567809,2.496083,2.553464,262800,0.000,0.0,-,1.739784,2.215890,2.523195,2.530511,424344.0
06/17/2003,2.567810,2.582156,2.493215,2.493215,245800,0.000,0.0,-,1.730890,2.199020,2.517170,2.527929,430332.0
06/16/2003,2.496083,2.599369,2.496083,2.550595,295600,0.000,0.0,-,1.722111,2.184962,2.512723,2.527642,433880.0
06/13/2003,2.673964,2.676834,2.450178,2.484607,191200,0.000,0.0,-,1.713016,2.169010,2.513727,2.520183,433260.0
06/12/2003,2.513296,2.682571,2.513296,2.656749,707200,0.000,0.0,-,1.704394,2.155468,2.521904,2.528503,434384.0
06/11/2003,2.510427,2.521904,2.496082,2.510427,182000,0.000,0.0,-,1.695242,2.141065,2.519322,2.525347,429212.0
06/10/2003,2.467392,2.524773,2.427225,2.510427,197200,0.000,0.0,-,1.686835,2.126720,2.516883,2.538258,432328.0
06/09/2003,2.541988,2.544857,2.467392,2.467392,317600,0.000,0.0,-,1.678587,2.110825,2.513440,2.548586,430372.0
06/06/2003,2.582154,2.682571,2.539118,2.539118,444600,0.000,0.0,-,1.669908,2.095906,2.508993,2.547152,427468.0
06/05/2003,2.510427,2.630928,2.510427,2.539118,458800,0.000,0.0,-,1.660684,2.079438,2.498234,2.531946,427616.0
06/04/2003,2.493214,2.587893,2.493214,2.527642,533400,0.000,0.0,-,1.651790,2.062510,2.486758,2.515879,423824.0
06/03/2003,2.478869,2.576417,2.438702,2.490345,713000,0.000,0.0,-,1.643168,2.048567,2.479586,2.506411,417740.0
06/02/2003,2.550594,2.570678,2.467392,2.475999,526400,0.000,0.0,-,1.634748,2.035426,2.461224,2.497804,409856.0
05/30/2003,2.633798,2.639536,2.562071,2.567809,253600,0.000,0.0,-,1.626714,2.022860,2.439992,2.507272,403764.0
05/29/2003,2.639536,2.653882,2.582155,2.625191,239600,0.000,0.0,-,1.618078,2.008744,2.411732,2.515305,406284.0
05/28/2003,2.616583,2.639536,2.553464,2.639536,913200,0.000,0.0,-,1.609227,1.994284,2.372139,2.513297,407624.0
05/27/2003,2.467392,2.619452,2.464523,2.613714,627400,0.000,0.0,-,1.600118,1.977357,2.327382,2.495509,404724.0
05/23/2003,2.395666,2.476000,2.389928,2.453047,187200,0.000,0.0,-,1.591382,1.959626,2.284920,2.478294,396024.0
05/22/2003,2.372712,2.404272,2.252212,2.387057,507000,0.000,0.0,-,1.583635,1.946141,2.249774,2.470835,396684.0
05/21/2003,2.453048,2.453048,2.326809,2.378452,194400,0.000,0.0,-,1.576276,1.931452,2.218644,2.464523,391948.0
05/20/2003,2.404273,2.473130,2.395666,2.432963,355600,0.000,0.0,-,1.568688,1.918828,2.188663,2.457637,391240.0
05/19/2003,2.541988,2.616583,2.352630,2.404273,583200,0.000,0.0,-,1.560998,1.904597,2.154521,2.452760,389860.0
05/16/2003,2.648142,2.682571,2.567808,2.570677,797000,0.000,0.0,-,1.555002,1.893178,2.118514,2.424643,392644.0
05/15/2003,2.725607,2.725607,2.610845,2.648142,557800,0.000,0.0,-,1.552908,1.879981,2.076626,2.372713,379596.0
05/14/2003,2.481737,2.610845,2.453046,2.605106,824200,0.000,0.0,-,1.551143,1.865291,2.027422,2.308159,376772.0
05/13/2003,2.424356,2.507558,2.410010,2.461653,1008000,0.000,0.0,-,1.548748,1.853471,1.983095,2.230981,364360.0
05/12/2003,2.375581,2.455915,2.375581,2.441570,566200,0.000,0.0,-,1.545405,1.844576,1.946514,2.159255,350760.0
05/09/2003,2.329678,2.424357,2.329678,2.378452,195800,0.000,0.0,-,1.542536,1.837633,1.906204,2.091545,344348.0
05/08/2003,2.295248,2.381320,2.292379,2.323939,546200,0.000,0.0,-,1.539681,1.830518,1.862594,2.028713,350996.0
05/07/2003,2.372714,2.438702,2.295249,2.309595,302600,0.000,0.0,-,1.539122,1.824837,1.822140,1.972766,349420.0
05/06/2003,2.123105,2.432963,2.123105,2.384190,1416200,0.000,0.0,-,1.539509,1.819099,1.787712,1.919688,355144.0
05/05/2003,2.068593,2.137450,2.008342,2.123105,418400,0.000,0.0,-,1.539065,1.813533,1.754000,1.856282,354088.0
05/02/2003,1.993996,2.146056,1.948091,2.051378,1072600,0.000,0.0,-,1.540183,1.809803,1.737360,1.812385,365548.0
05/01/2003,1.850544,2.051378,1.773079,2.002604,1359000,0.000,0.0,-,1.543569,1.805787,1.722441,1.780539,357416.0
04/30/2003,1.747257,1.859150,1.727174,1.833329,386600,0.000,0.0,-,1.547686,1.799475,1.712686,1.746684,335820.0
04/29/2003,1.773079,1.781687,1.744389,1.744389,107800,0.000,0.0,-,1.552234,1.795688,1.717850,1.735208,340040.0
04/28/2003,1.755865,1.796032,1.750127,1.764473,95400,0.000,0.0,-,1.557283,1.792360,1.720289,1.733774,342572.0
04/25/2003,1.750127,1.778817,1.715698,1.750127,86400,0.000,0.0,-,1.563093,1.787884,1.717850,1.720863,348520.0
04/24/2003,1.755865,1.781687,1.692746,1.764473,165600,0.000,0.0,-,1.568272,1.786335,1.716416,1.696476,351440.0
04/23/2003,1.775948,1.804639,1.764472,1.778817,180400,0.000,0.0,-,1.573737,1.783580,1.713977,1.671515,351536.0
04/22/2003,1.678400,1.793163,1.664055,1.750127,166200,0.000,0.0,-,1.579117,1.779621,1.709673,1.655735,351960.0
04/21/2003,1.732912,1.738651,1.681269,1.684138,144000,0.000,0.0,-,1.584926,1.776752,1.713690,1.651718,352920.0
04/17/2003,1.692746,1.750128,1.678401,1.732913,160000,0.000,0.0,-,1.590865,1.777268,1.721150,1.662334,354612.0
04/16/2003,1.721437,1.732913,1.664056,1.664056,84000,0.000,0.0,-,1.595356,1.776695,1.726888,1.664342,360176.0
04/15/2003,1.721437,1.761604,1.678401,1.718568,109000,0.000,0.0,-,1.601022,1.777670,1.736786,1.678687,378040.0
04/14/2003,1.621020,1.764473,1.621020,1.730044,315600,0.000,0.0,-,1.606774,1.771875,1.745967,1.700492,380200.0
04/11/2003,1.506257,1.646841,1.506257,1.635365,288200,0.000,0.0,-,1.611752,1.765964,1.749123,1.706804,381944.0
04/10/2003,1.529209,1.534948,1.463221,1.506257,405400,0.000,0.0,-,1.616572,1.760857,1.753713,1.714838,381420.0
04/09/2003,1.621019,1.621019,1.509126,1.514864,276000,0.000,0.0,-,1.621665,1.758275,1.767341,1.736356,379036.0
04/08/2003,1.712829,1.712829,1.592328,1.621019,245800,0.000,0.0,-,1.627647,1.754947,1.774227,1.756439,390268.0
04/07/2003,1.801770,1.807508,1.664055,1.709960,562200,0.000,0.0,-,1.634246,1.748922,1.780539,1.763612,396256.0
04/04/2003,1.761603,1.801770,1.735782,1.790294,423200,0.000,0.0,-,1.640271,1.742954,1.781113,1.775662,393624.0
04/03/2003,1.804639,1.804639,1.750127,1.752996,264600,0.000,0.0,-,1.647027,1.736413,1.783265,1.779965,396996.0
04/02/2003,1.919401,1.919401,1.807508,1.807508,247400,0.000,0.0,-,1.654544,1.731306,1.791155,1.789433,399164.0
04/01/2003,1.801770,1.936616,1.735782,1.936616,448600,0.000,0.0,-,1.661975,1.724822,1.796462,1.794884,404140.0
03/31/2003,1.715699,1.793164,1.649711,1.793164,337800,0.000,0.0,-,1.668631,1.715928,1.800336,1.791442,406784.0
03/28/2003,1.721437,1.735782,1.712829,1.715699,99400,0.000,0.0,-,1.675747,1.710936,1.811525,1.791442,415676.0
03/27/2003,1.707091,1.721436,1.681269,1.721436,172400,0.000,0.0,-,1.683593,1.708755,1.830461,1.792589,422112.0
03/26/2003,1.695615,1.747258,1.669794,1.715699,452000,0.000,0.0,-,1.691196,1.708755,1.845523,1.798327,428656.0
03/25/2003,1.807508,1.821854,1.658317,1.692746,269200,0.000,0.0,-,1.699043,1.709329,1.861733,1.792015,426596.0
03/24/2003,1.807508,1.864889,1.755865,1.830461,229200,0.000,0.0,-,1.706976,1.711165,1.878231,1.797467,425104.0
03/21/2003,1.850543,1.879234,1.804638,1.833329,318800,0.000,0.0,-,1.713962,1.710132,1.892002,1.786564,437236.0
03/20/2003,1.850545,1.922271,1.816116,1.847676,221800,0.000,0.0,-,1.721996,1.709501,1.897166,1.786564,442520.0
03/19/2003,1.902187,1.916533,1.813247,1.862020,379600,0.000,0.0,-,1.730087,1.708698,1.897310,1.792876,446148.0
03/18/2003,1.821853,1.902187,1.798901,1.902187,306600,0.000,0.0,-,1.739067,1.707894,1.888559,1.798040,448556.0
03/17/2003,1.721437,1.836200,1.704223,1.793164,768200,0.000,0.0,-,1.747918,1.705140,1.875648,1.809230,477644.0
03/14/2003,1.807509,1.816116,1.727175,1.727175,192400,0.000,0.0,-,1.756425,1.704566,1.864889,1.831608,467196.0
03/13/2003,1.681269,1.790293,1.681269,1.778817,220200,0.000,0.0,-,1.767442,1.704452,1.855565,1.868332,480716.0
03/12/2003,1.735782,1.735782,1.649710,1.652579,270200,0.000,0.0,-,1.779893,1.703074,1.850257,1.892719,484176.0
03/11/2003,1.750127,1.796032,1.712829,1.747258,159000,0.000,0.0,-,1.793163,1.704165,1.848966,1.931451,486180.0
03/10/2003,1.813246,1.824722,1.721436,1.721436,286600,0.000,0.0,-,1.805945,1.702328,1.840646,1.958994,492240.0
03/07/2003,1.893579,1.930877,1.796031,1.833329,722400,0.000,0.0,-,1.818970,1.702041,1.834908,1.997440,488332.0
03/06/2003,1.902187,1.922270,1.864889,1.910794,144600,0.000,0.0,-,1.831608,1.699804,1.828739,2.007769,491832.0
03/05/2003,1.993997,1.993997,1.870627,1.913663,416600,0.000,0.0,-,1.844648,1.695844,1.818411,2.001744,520812.0
03/04/2003,2.016950,2.031295,1.988259,2.014081,203600,0.000,0.0,-,1.857846,1.692688,1.808369,1.979078,525284.0
03/03/2003,2.094414,2.103021,1.988258,2.016949,328000,0.000,0.0,-,1.871058,1.689131,1.779105,1.942067,530860.0
02/28/2003,2.022688,2.094414,1.988259,2.094414,245600,0.000,0.0,-,1.885001,1.687639,1.749984,1.898171,529724.0
02/27/2003,2.065724,2.088677,1.993997,2.022688,528200,0.000,0.0,-,1.899203,1.683909,1.714264,1.842798,529952.0
02/26/2003,2.008343,2.048510,1.939486,2.039903,467400,0.000,0.0,-,1.912042,1.681097,1.681987,1.807795,525228.0
02/25/2003,2.108760,2.108760,2.005474,2.022688,588800,0.000,0.0,-,1.923734,1.679778,1.647415,1.766481,519900.0
02/24/2003,1.950961,2.151795,1.936615,2.105890,1363400,0.000,0.0,-,1.936286,1.679491,1.612269,1.722297,512120.0
02/21/2003,1.850544,1.993997,1.850544,1.936616,991400,0.000,0.0,-,1.947418,1.677540,1.577553,1.672376,498432.0
02/20/2003,1.687008,1.884974,1.687008,1.850545,666000,0.000,0.0,-,1.958808,1.679261,1.553883,1.649710,489336.0
02/19/2003,1.664056,1.732913,1.609543,1.687008,279200,0.000,0.0,-,1.971504,1.685917,1.536238,1.635078,485592.0
02/18/2003,1.577983,1.643972,1.563638,1.643972,597600,0.000,0.0,-,1.985519,1.695787,1.526053,1.637660,522520.0
02/14/2003,1.543555,1.577983,1.526340,1.577983,234400,0.000,0.0,-,1.998028,1.704451,1.518450,1.616142,527576.0
02/13/2003,1.678401,1.689877,1.506257,1.540686,392800,0.000,0.0,-,2.017036,1.715067,1.516729,1.601797,536880.0
02/12/2003,1.635364,1.678400,1.635364,1.672662,232400,0.000,0.0,-,2.042255,1.726601,1.520028,1.585730,547716.0
02/11/2003,1.580852,1.707091,1.577983,1.626757,170400,0.000,0.0,-,2.067259,1.732167,1.522467,1.556178,548368.0
02/10/2003,1.606674,1.606674,1.549293,1.580853,201600,0.000,0.0,-,2.093109,1.738995,1.528349,1.528349,566064.0
02/07/2003,1.738651,1.750127,1.600936,1.606674,214200,0.000,0.0,-,2.119662,1.744963,1.538534,1.502240,573500.0
02/06/2003,1.704222,1.752996,1.701353,1.709960,228600,0.000,0.0,-,2.146703,1.748061,1.547141,1.482730,584540.0
02/05/2003,1.735781,1.741519,1.664054,1.704221,438200,0.000,0.0,-,2.173586,1.747774,1.551731,1.458056,606252.0
02/04/2003,1.400102,1.836199,1.385756,1.712829,977200,0.000,0.0,-,2.201244,1.745823,1.556896,1.437399,605900.0
02/03/2003,1.434531,1.448876,1.428793,1.428793,217000,0.000,0.0,-,2.229949,1.743815,1.562347,1.414447,592908.0
01/31/2003,1.374280,1.454613,1.374280,1.434530,402800,0.000,0.0,-,2.260117,1.746455,1.579131,1.420759,595344.0
01/30/2003,1.394364,1.463221,1.377149,1.380018,262000,0.000,0.0,-,2.290012,1.748750,1.595628,1.431661,593680.0
01/29/2003,1.351327,1.391494,1.339851,1.377149,286200,0.000,0.0,-,2.322476,1.752422,1.612699,1.454327,597048.0
01/28/2003,1.319768,1.359934,1.316899,1.348458,837600,0.000,0.0,-,2.354968,1.755750,1.629340,1.488756,597728.0
01/27/2003,1.382887,1.397232,1.268125,1.319768,545200,0.000,0.0,-,2.387733,1.759882,1.647271,1.528349,594552.0
01/24/2003,1.463221,1.466090,1.388626,1.411578,430600,0.000,0.0,-,2.418432,1.765907,1.664055,1.574827,594676.0
01/23/2003,1.500518,1.520602,1.451744,1.463220,591800,0.000,0.0,-,2.449245,1.765792,1.678831,1.611551,602088.0
01/22/2003,1.483305,1.520603,1.468959,1.497650,373000,0.000,0.0,-,2.479227,1.768948,1.691742,1.645406,599948.0
01/21/2003,1.506257,1.520602,1.460352,1.483304,496200,0.000,0.0,-,2.509280,1.771702,1.702500,1.676392,601800.0
01/17/2003,1.534948,1.534948,1.460352,1.491912,580800,0.000,0.0,-,2.537957,1.774858,1.716129,1.710247,617852.0
01/16/2003,1.649710,1.695615,1.420185,1.543554,782400,0.000,0.0,-,2.567709,1.778014,1.733343,1.737503,635724.0
01/15/2003,1.727175,1.744389,1.606674,1.606674,421200,0.000,0.0,-,2.596772,1.783465,1.753283,1.759595,681520.0
01/14/2003,1.744388,1.747257,1.718567,1.721436,499600,0.000,0.0,-,2.626611,1.792991,1.768345,1.771071,698804.0
01/13/2003,1.790294,1.798901,1.687008,1.744389,349000,0.000,0.0,-,2.656965,1.793450,1.776379,1.769923,706340.0
01/10/2003,1.764472,1.827591,1.764472,1.784556,194600,0.000,0.0,-,2.687879,1.790122,1.787855,1.766194,709744.0
01/09/2003,1.804639,1.833329,1.758734,1.778817,835800,0.000,0.0,-,2.717847,1.785990,1.799044,1.753283,713380.0
01/08/2003,1.807509,1.821854,1.790294,1.801771,583000,0.000,0.0,-,2.746078,1.782834,1.810521,1.746110,708536.0
01/07/2003,1.818984,1.836199,1.778817,1.807508,403200,0.000,0.0,-,2.774683,1.779506,1.821566,1.738077,705724.0
01/06/2003,1.767341,1.824723,1.767341,1.821854,500000,0.000,0.0,-,2.804162,1.774743,1.840359,1.728609,708392.0
01/03/2003,1.767342,1.781687,1.721437,1.764473,1761000,0.000,0.0,-,2.834460,1.770440,1.858290,1.722010,707224.0
01/02/2003,1.724306,1.804640,1.724306,1.764473,245800,0.000,0.0,-,2.862189,1.768145,1.873927,1.729183,684316.0
12/31/2002,1.709960,1.833329,1.707091,1.721436,868400,0.000,0.0,-,2.890148,1.764989,1.891141,1.746971,691352.0
12/30/2002,1.712829,1.724305,1.649710,1.709960,393200,0.000,0.0,-,2.918251,1.760915,1.910938,1.765620,679972.0
12/27/2002,1.649710,1.721436,1.626757,1.707091,370400,0.000,0.0,-,2.946999,1.756841,1.922988,1.782834,684812.0
12/26/2002,1.704222,1.730044,1.635364,1.655448,462000,0.000,0.0,-,2.975761,1.751963,1.936042,1.809516,691976.0
12/24/2002,1.707091,1.712829,1.689876,1.707091,91200,0.000,0.0,-,3.006216,1.748979,1.947231,1.844806,700028.0
12/23/2002,1.718567,1.781686,1.698483,1.721436,897400,0.000,0.0,-,3.037431,1.743126,1.949957,1.874931,714428.0
12/20/2002,1.755865,1.755865,1.689877,1.712829,1593600,0.000,0.0,-,3.068632,1.738249,1.948666,1.905056,743804.0
12/19/2002,1.850544,1.850544,1.741520,1.755865,640200,0.000,0.0,-,3.099877,1.730962,1.943358,1.952109,719024.0
12/18/2002,1.922270,1.930878,1.790294,1.836199,482400,0.000,0.0,-,3.128854,1.719658,1.936186,1.994571,718268.0
12/17/2002,1.902188,1.962438,1.902188,1.942354,271200,0.000,0.0,-,3.158405,1.707894,1.922414,2.018671,718700.0
12/16/2002,1.884973,1.922271,1.864890,1.907925,257000,0.000,0.0,-,3.187455,1.692861,1.902761,2.035312,720932.0
12/13/2002,1.965306,1.965306,1.836198,1.882103,292000,0.000,0.0,-,3.214854,1.677769,1.885547,2.056256,723900.0
12/12/2002,2.008342,2.008342,1.973913,1.973913,201000,0.000,0.0,-,3.240418,1.663768,1.868619,2.063142,723664.0
12/11/2002,1.993997,2.008342,1.965306,2.008342,199800,0.000,0.0,-,3.264962,1.647242,1.847675,2.062568,726420.0
12/10/2002,2.022688,2.108759,1.996866,2.008342,679000,0.000,0.0,-,3.289622,1.631979,1.828309,2.049657,736188.0
12/09/2002,2.166141,2.166141,1.879235,2.022688,536600,0.000,0.0,-,3.315085,1.613904,1.798184,2.024983,739348.0
12/06/2002,2.166141,2.266559,2.148927,2.183356,478800,0.000,0.0,-,3.341552,1.596403,1.778100,1.992276,740756.0
12/05/2002,2.094414,2.183354,2.051378,2.180485,2125600,0.000,0.0,-,3.366111,1.578844,1.750701,1.934608,744848.0
12/04/2002,2.080069,2.085807,1.905056,2.077199,850400,0.000,0.0,-,3.388777,1.561056,1.723732,1.877800,736104.0
12/03/2002,2.117367,2.151796,2.051379,2.108760,699600,0.000,0.0,-,3.411528,1.542637,1.702357,1.826157,816444.0
12/02/2002,1.993998,2.223523,1.993998,2.117368,934600,0.000,0.0,-,3.433835,1.512913,1.687725,1.770210,813884.0
11/29/2002,1.968175,1.976782,1.922270,1.950961,265000,0.000,0.0,-,3.455525,1.482788,1.686003,1.714837,812308.0
11/27/2002,1.893580,2.108759,1.893580,1.968175,1055200,0.000,0.0,-,3.478047,1.455589,1.675675,1.674097,815728.0
11/26/2002,1.761603,1.953830,1.752996,1.879235,573400,0.000,0.0,-,3.500483,1.428735,1.656165,1.632782,800632.0
11/25/2002,1.701353,1.764472,1.701353,1.761603,766200,0.000,0.0,-,3.523651,1.403659,1.641103,1.606961,861768.0
11/22/2002,1.592329,1.750127,1.549293,1.695615,1314200,0.000,0.0,-,3.547220,1.381625,1.634073,1.571384,851988.0
11/21/2002,1.629627,1.643972,1.592329,1.606674,420600,0.000,0.0,-,3.571091,1.361369,1.631061,1.563925,842132.0
11/20/2002,1.560770,1.666925,1.560770,1.612413,327600,0.000,0.0,-,3.595292,1.343466,1.629196,1.566794,844692.0
11/19/2002,1.552161,1.580852,1.552161,1.560769,338800,0.000,0.0,-,3.617972,1.325908,1.628909,1.569663,843680.0
11/18/2002,1.569376,1.609543,1.546423,1.549292,319600,0.000,0.0,-,3.640651,1.309554,1.633356,1.578557,847972.0
11/15/2002,1.543554,1.583721,1.514863,1.563637,430400,0.000,0.0,-,3.663389,1.293487,1.636225,1.605239,850380.0
11/14/2002,1.583721,1.609543,1.537816,1.543554,320200,0.000,0.0,-,3.688063,1.277134,1.633930,1.657169,849532.0
11/13/2002,1.612412,1.621019,1.523471,1.555031,678800,0.000,0.0,-,3.712780,1.261182,1.632065,1.677253,853004.0
11/12/2002,1.405839,1.621019,1.377149,1.621019,551400,0.000,0.0,-,3.737353,1.245861,1.627475,1.679548,853800.0
11/11/2002,1.621020,1.621020,1.362804,1.405840,801200,0.000,0.0,-,3.760234,1.228417,1.621737,1.675245,856028.0
11/08/2002,1.635364,1.635364,1.583721,1.621019,484800,0.000,0.0,-,3.785568,1.215793,1.622167,1.696763,856444.0
11/07/2002,1.629626,1.655448,1.589460,1.635365,465600,0.000,0.0,-,3.810170,1.198120,1.614994,1.698197,862996.0
11/06/2002,1.646841,1.692746,1.635364,1.641103,1298800,0.000,0.0,-,3.835647,1.180045,1.600649,1.691598,874740.0
11/05/2002,1.787425,1.790294,1.621019,1.649710,1474400,0.000,0.0,-,3.860149,1.162429,1.578127,1.688155,865768.0
11/04/2002,2.082938,2.194831,1.750127,1.816115,3072200,0.000,0.0,-,3.888567,1.145960,1.558043,1.688155,843768.0
11/01/2002,1.735783,2.091546,1.735783,2.082939,1285400,0.000,0.0,-,3.917860,1.126221,1.526771,1.667211,808188.0
10/31/2002,1.583721,1.793163,1.583721,1.744389,876400,0.000,0.0,-,3.946608,1.101777,1.480292,1.610691,824392.0
10/30/2002,1.592329,1.658317,1.563638,1.577983,519200,0.000,0.0,-,3.975973,1.081521,1.452175,1.586877,823580.0
10/29/2002,1.606674,1.606674,1.543555,1.577983,376400,0.000,0.0,-,4.006887,1.063848,1.430657,1.575401,831468.0
10/28/2002,1.649710,1.692746,1.606674,1.621019,593600,0.000,0.0,-,4.038246,1.047494,1.414017,1.568229,833264.0
10/25/2002,1.563638,1.635365,1.549293,1.635365,442400,0.000,0.0,-,4.068859,1.031140,1.388195,1.547571,835992.0
10/24/2002,1.635364,1.664055,1.566507,1.569376,536600,0.000,0.0,-,4.098424,1.014557,1.363808,1.531792,839296.0
10/23/2002,1.641103,1.661186,1.555031,1.606674,441600,0.000,0.0,-,4.129453,1.000556,1.350610,1.509700,842664.0
10/22/2002,1.592329,1.678401,1.549293,1.649710,615600,0.000,0.0,-,4.158000,0.985235,1.334830,1.468098,858852.0
10/21/2002,1.509126,1.692746,1.503388,1.606674,597600,0.000,0.0,-,4.186548,0.969341,1.310157,1.427932,871412.0
10/18/2002,1.486174,1.540686,1.466090,1.517733,299400,0.000,0.0,-,4.215425,0.953561,1.260952,1.386330,880044.0
10/17/2002,1.534948,1.646841,1.466090,1.506257,635200,0.000,0.0,-,4.244990,0.940535,1.215621,1.349893,881556.0
10/16/2002,1.477566,1.520602,1.463220,1.463220,728600,0.000,0.0,-,4.274771,0.928485,1.169859,1.317473,887796.0
10/15/2002,1.417316,1.526340,1.417316,1.506257,864600,0.000,0.0,-,4.306776,0.917526,1.127971,1.285913,905268.0
10/14/2002,1.468959,1.468959,1.377149,1.414447,811200,0.000,0.0,-,4.338751,0.904615,1.083931,1.259805,941320.0
10/11/2002,1.377149,1.549293,1.377149,1.477566,2366200,0.000,0.0,-,4.370397,0.894229,1.046203,1.228819,1012732.0
10/10/2002,1.190660,1.394363,1.190660,1.348458,354600,0.000,0.0,-,4.403176,0.888778,1.006466,1.195824,1050824.0
10/09/2002,1.248042,1.248042,1.156232,1.190661,602400,0.000,0.0,-,4.437820,0.904844,0.974620,1.191521,1056868.0
10/08/2002,1.205005,1.276731,1.196398,1.248041,504000,0.000,0.0,-,4.472665,0.926936,0.951811,1.201563,1058660.0
10/07/2002,1.219351,1.262387,1.164839,1.190661,382800,0.000,0.0,-,4.506505,0.944495,0.926563,1.192382,1066388.0
10/04/2002,1.184922,1.210743,1.116064,1.153362,405400,0.000,0.0,-,4.543373,0.956545,0.904328,1.135574,1070592.0
10/03/2002,1.147624,1.205005,1.144755,1.182053,280200,0.000,0.0,-,4.583152,0.970833,0.883958,1.081349,1082340.0
10/02/2002,1.216482,1.219351,1.147624,1.147624,338800,0.000,0.0,-,4.622143,0.983342,0.862153,1.022246,1133120.0
10/01/2002,1.118934,1.288208,1.104588,1.245173,688200,0.000,0.0,-,4.662740,1.004630,0.844221,0.970029,1136324.0
09/30/2002,1.150493,1.150493,1.061552,1.104588,837000,0.000,0.0,-,4.703022,1.027468,0.819404,0.908058,1138252.0
09/27/2002,1.305423,1.305423,1.147624,1.147624,607000,0.000,0.0,-,4.743145,1.051281,0.802907,0.863587,1136020.0
09/26/2002,1.319768,1.362804,1.248041,1.305422,683400,0.000,0.0,-,4.784144,1.075266,0.782393,0.817108,1150164.0
09/25/2002,1.161970,1.319768,0.952528,1.291077,1688400,0.000,0.0,-,4.827180,1.103728,0.753702,0.757719,1146136.0
09/24/2002,0.932445,1.216482,0.918099,1.156231,4867400,0.000,0.0,-,4.868495,1.134427,0.727163,0.702059,1138180.0
09/23/2002,0.611110,0.645539,0.608241,0.622586,571600,0.000,0.0,-,4.910770,1.166158,0.710666,0.660745,1048184.0
09/20/2002,0.591027,0.613979,0.570943,0.611110,855800,0.000,0.0,-,4.952128,1.208793,0.720995,0.673082,1046564.0
09/19/2002,0.625455,0.631193,0.588157,0.591026,436000,0.000,0.0,-,4.989999,1.255099,0.733475,0.686566,1036744.0
09/18/2002,0.625455,0.631193,0.588157,0.625455,300400,0.000,0.0,-,5.027469,1.298996,0.740505,0.702059,1035760.0
09/17/2002,0.674229,0.688574,0.573812,0.625455,3630200,0.000,0.0,-,5.066202,1.343638,0.743947,0.718413,1040680.0
09/16/2002,0.682836,0.682836,0.657015,0.659884,277200,0.000,0.0,-,5.102581,1.388224,0.750690,0.730750,984348.0
09/13/2002,0.674229,0.717265,0.668491,0.682836,821400,0.000,0.0,-,5.138129,1.433268,0.757862,0.742226,1003292.0
09/12/2002,0.731611,0.745956,0.708658,0.711527,548600,0.000,0.0,-,5.174882,1.477050,0.764031,0.747677,1007924.0
09/11/2002,0.734479,0.743087,0.728741,0.734479,277000,0.000,0.0,-,5.212452,1.515438,0.771921,0.749686,1013760.0
09/10/2002,0.745956,0.760301,0.743087,0.743087,553400,0.000,0.0,-,5.251930,1.556695,0.777229,0.752268,1026140.0
09/09/2002,0.734480,0.760301,0.734480,0.745956,440000,0.000,0.0,-,5.290046,1.599214,0.782823,0.760588,1041300.0
09/06/2002,0.745956,0.800468,0.745956,0.745956,388000,0.000,0.0,-,5.329065,1.638807,0.786409,0.768908,1048324.0
09/05/2002,0.751694,0.774647,0.737349,0.745956,493800,0.000,0.0,-,5.368801,1.675876,0.792435,0.780384,1056460.0
09/04/2002,0.748825,0.826290,0.731610,0.788992,718600,0.000,0.0,-,5.404966,1.711452,0.800324,0.778950,1062476.0
09/03/2002,0.771778,0.771778,0.737349,0.748825,662800,0.000,0.0,-,5.440585,1.749897,0.806636,0.769482,1061368.0
08/30/2002,0.745956,0.774646,0.720134,0.774646,822000,0.000,0.0,-,5.478414,1.793737,0.812231,0.770630,1061488.0
08/29/2002,0.731610,0.771777,0.697181,0.737348,812400,0.000,0.0,-,5.513015,1.836543,0.818256,0.773499,1058620.0
08/28/2002,0.829158,0.846373,0.708658,0.731610,1052800,0.000,0.0,-,5.545622,1.884629,0.841639,0.780384,1058360.0
08/27/2002,0.832027,0.863587,0.760301,0.760301,850200,0.000,0.0,-,5.579290,1.935124,0.912648,0.794156,1049304.0
08/26/2002,0.829159,0.843504,0.806206,0.826290,374400,0.000,0.0,-,5.613159,1.985792,0.989395,0.802189,1041524.0
08/23/2002,0.860718,0.877932,0.820551,0.829158,1293200,0.000,0.0,-,5.646656,2.034623,1.054380,0.805058,1047204.0
08/22/2002,0.717265,0.875063,0.717265,0.860718,2095600,0.000,0.0,-,5.679808,2.082364,1.102580,0.803911,1031320.0
08/21/2002,0.631193,0.766039,0.631193,0.731610,835800,0.000,0.0,-,5.714652,2.130851,1.152932,0.804485,1001764.0
08/20/2002,0.788992,0.788992,0.674229,0.694313,913600,0.000,0.0,-,5.742052,2.181060,1.206727,0.821699,1006756.0
08/19/2002,0.803337,0.817682,0.740217,0.760301,466200,0.000,0.0,-,5.769982,2.232875,1.282614,0.843791,1005060.0
08/16/2002,0.846373,0.846373,0.774647,0.803337,730000,0.000,0.0,-,5.798443,2.283256,1.363951,0.853832,1018664.0
08/15/2002,0.898016,0.898016,0.780385,0.806206,607600,0.000,0.0,-,5.826288,2.331743,1.438547,0.863013,1036772.0
08/14/2002,0.840635,0.926706,0.763170,0.869325,705000,0.000,0.0,-,5.854892,2.384419,1.515581,0.902893,1063828.0
08/13/2002,0.918099,0.918099,0.803337,0.840635,1251000,0.000,0.0,-,5.883654,2.436349,1.608539,1.031140,1077468.0
08/12/2002,0.832028,0.889409,0.766039,0.854980,1243600,0.000,0.0,-,5.912847,2.492697,1.707808,1.176602,1084724.0
08/09/2002,0.869325,0.877933,0.800468,0.817682,1029200,0.000,0.0,-,5.941566,2.549046,1.802200,1.303701,1100876.0
08/08/2002,0.889409,0.932445,0.849242,0.866457,375000,0.000,0.0,-,5.970573,2.602582,1.899031,1.401249,1228732.0
08/07/2002,0.915230,0.935314,0.852111,0.903754,947200,0.000,0.0,-,5.995619,2.663865,2.002030,1.501379,1260164.0
08/06/2002,0.889409,0.995564,0.860718,0.915230,1602200,0.000,0.0,-,6.022445,2.731174,2.096136,1.591755,1259420.0
08/05/2002,0.978349,1.038600,0.817682,0.860718,2667200,0.000,0.0,-,6.050003,2.798998,2.193253,1.721436,1239088.0
08/02/2002,1.207874,1.207874,0.886540,0.895147,4381800,0.000,0.0,-,6.080142,2.867856,2.292953,1.874070,1210088.0
08/01/2002,2.037033,2.037033,1.205005,1.205005,4270800,0.000,0.0,-,6.112935,2.936483,2.393801,2.014080,1137028.0
07/31/2002,2.295248,2.338284,2.151795,2.151795,656800,0.000,0.0,-,6.143433,2.999603,2.477147,2.128269,1069416.0
07/30/2002,2.125974,2.395666,2.054247,2.295249,692000,0.000,0.0,-,6.172554,3.046942,2.501104,2.185937,1069208.0
07/29/2002,1.867758,2.194831,1.867758,2.125974,890400,0.000,0.0,-,6.200097,3.092101,2.526208,2.239015,1068304.0
07/26/2002,1.870629,1.936617,1.764473,1.793164,593000,0.000,0.0,-,6.226593,3.142712,2.563362,2.300700,1060740.0
07/25/2002,1.807508,2.051378,1.778818,1.867759,992800,0.000,0.0,-,6.253591,3.202962,2.609984,2.396813,1072748.0
07/24/2002,2.212045,2.212045,1.747258,1.807508,2819200,0.000,0.0,-,6.280890,3.264302,2.646565,2.502681,1092820.0
07/23/2002,2.415749,2.435833,2.180486,2.212046,499000,0.000,0.0,-,6.308993,3.319962,2.682428,2.600516,1062952.0
07/22/2002,2.298117,2.461653,2.266557,2.387057,784600,0.000,0.0,-,6.335374,3.363285,2.707389,2.665070,1071412.0
07/19/2002,2.323939,2.401404,2.137450,2.295249,725400,0.000,0.0,-,6.362601,3.406206,2.735076,2.711836,1074840.0
07/18/2002,2.682571,2.725607,2.237867,2.346891,1314200,0.000,0.0,-,6.384808,3.446947,2.766061,2.773521,1085080.0
07/17/2002,2.940788,2.969478,2.645274,2.728477,482000,0.000,0.0,-,6.408133,3.484302,2.805798,2.826025,1100068.0
07/16/2002,2.742822,2.897752,2.722739,2.826025,1290600,0.000,0.0,-,6.431788,3.517526,2.832193,2.816270,1124668.0
07/15/2002,2.768643,2.768643,2.642405,2.742822,367600,0.000,0.0,-,6.454669,3.550807,2.855576,2.813401,1200752.0
07/12/2002,2.926441,2.969477,2.676833,2.754297,490600,0.000,0.0,-,6.479487,3.578866,2.881828,2.826025,1402608.0
07/11/2002,2.768643,2.926441,2.725607,2.926441,364800,0.000,0.0,-,6.505882,3.631370,2.904924,2.823156,1658524.0
07/10/2002,2.886275,2.932180,2.682572,2.785858,386800,0.000,0.0,-,6.528691,3.704531,2.922856,2.790449,1670796.0
07/09/2002,2.883407,2.912097,2.857585,2.857585,546400,0.000,0.0,-,6.547469,3.782283,2.945665,2.764340,1672064.0
07/08/2002,2.883407,3.015383,2.817418,2.854716,813600,0.000,0.0,-,6.566319,3.861067,2.967039,2.749708,1668596.0
07/05/2002,2.854715,3.012513,2.854715,2.912096,1224400,0.000,0.0,-,6.587908,3.941802,2.988270,2.758315,1665976.0
07/03/2002,2.630930,2.883407,2.567810,2.871931,1053000,0.000,0.0,-,6.609211,4.023857,3.004050,2.758602,1649360.0
07/02/2002,2.768643,2.768643,2.496082,2.630928,840400,0.000,0.0,-,6.631461,4.108150,3.032454,2.785571,1641316.0
07/01/2002,2.854715,2.863322,2.717000,2.797334,896000,0.000,0.0,-,6.656264,4.200247,3.074199,2.848117,1644120.0
06/28/2002,2.725607,2.897751,2.725607,2.869060,1311400,0.000,0.0,-,6.682774,4.293377,3.117234,2.897751,1632496.0
06/27/2002,2.653882,2.725609,2.381321,2.725609,791200,0.000,0.0,-,6.708251,4.385244,3.157401,2.937631,1618044.0
06/26/2002,2.496083,2.696917,2.453047,2.599369,794800,0.000,0.0,-,6.736927,4.479005,3.195847,2.986692,1629068.0
06/25/2002,2.797334,2.854715,2.510428,2.524773,794600,0.000,0.0,-,6.769090,4.584472,3.262409,3.055263,1623832.0
06/24/2002,2.943657,2.989562,2.668227,2.711263,663200,0.000,0.0,-,6.804953,4.691488,3.349628,3.126989,1614948.0
06/21/2002,2.943657,3.055550,2.883407,2.940788,668800,0.000,0.0,-,6.839166,4.795290,3.429388,3.184370,1607240.0
06/20/2002,3.112930,3.118668,2.883406,2.914965,678600,0.000,0.0,-,6.872376,4.885666,3.497528,3.218225,1607640.0
06/19/2002,3.184658,3.351063,3.141622,3.141622,799400,0.000,0.0,-,6.904079,4.978853,3.568107,3.249498,1601904.0
06/18/2002,3.299419,3.368276,3.184657,3.256383,600000,0.000,0.0,-,6.934921,5.065212,3.629074,3.279336,1591624.0
06/17/2002,3.236300,3.299419,3.210478,3.293681,461200,0.000,0.0,-,6.965907,5.150251,3.692194,3.300280,1592160.0
06/14/2002,3.127277,3.290814,3.112932,3.267861,658400,0.000,0.0,-,6.994196,5.228748,3.755170,3.336718,1593900.0
06/13/2002,3.287944,3.287944,3.213348,3.216218,499000,0.000,0.0,-,7.022614,5.312238,3.824601,3.377171,1589308.0
06/12/2002,3.299419,3.325241,3.204740,3.285074,617800,0.000,0.0,-,7.048350,5.395039,3.904074,3.405001,1596176.0
06/11/2002,3.299419,3.342455,3.242038,3.242038,1085400,0.000,0.0,-,7.078260,5.480824,3.986559,3.469555,1597800.0
06/10/2002,3.299419,3.305158,3.264991,3.285074,828800,0.000,0.0,-,7.109963,5.571830,4.053982,3.572267,1586828.0
06/07/2002,3.227693,3.299420,3.138752,3.279336,1146400,0.000,0.0,-,7.141307,5.664673,4.108638,3.674406,1580856.0
06/06/2002,3.442873,3.442873,3.127276,3.227693,1635400,0.000,0.0,-,7.169309,5.754647,4.171327,3.776831,1578992.0
06/05/2002,3.465824,3.480170,3.428526,3.440003,1960400,0.000,0.0,-,7.197125,5.838596,4.226556,3.886716,1566628.0
06/04/2002,3.514601,3.514601,3.425660,3.465827,1387000,0.000,0.0,-,7.224395,5.920249,4.265288,3.978813,1533740.0
06/03/2002,3.901923,3.916268,3.646576,3.658052,1613800,0.000,0.0,-,7.250532,6.005001,4.311480,4.084107,1534936.0
05/31/2002,3.586325,3.721171,3.566242,3.672397,2051200,0.000,0.0,-,7.275737,6.089466,4.353082,4.173622,1529356.0
05/30/2002,3.919137,3.919137,3.285074,3.494516,7422000,0.000,0.0,-,7.300884,6.162226,4.376752,4.272031,1499320.0
05/29/2002,4.269161,4.289245,3.930612,3.930612,1946600,0.000,0.0,-,7.325917,6.239461,4.471000,4.403147,1364084.0
05/28/2002,4.309328,4.441304,4.246208,4.269161,910000,0.000,0.0,-,7.347665,6.307687,4.603694,4.503564,1335348.0
05/24/2002,4.306458,4.375316,4.269161,4.306458,585600,0.000,0.0,-,7.369283,6.371495,4.723908,4.535698,1341500.0
05/23/2002,4.329411,4.335149,4.260554,4.303590,1217200,0.000,0.0,-,7.390284,6.434557,4.848425,4.542870,1347112.0
05/22/2002,4.360972,4.378186,4.286376,4.326543,728800,0.000,0.0,-,7.407929,6.503415,4.977820,4.565823,1339300.0
05/21/2002,4.518769,4.633531,4.340887,4.360970,890200,0.000,0.0,-,7.422418,6.575887,5.112235,4.566396,1332856.0
05/20/2002,4.576153,4.622059,4.495820,4.518772,646400,0.000,0.0,-,7.432962,6.647901,5.248516,4.551764,1322116.0
05/17/2002,4.748295,4.748295,4.538854,4.553199,646800,0.000,0.0,-,7.442788,6.716758,5.384366,4.538854,1341900.0
05/16/2002,4.820021,4.820021,4.642140,4.656485,512200,0.000,0.0,-,7.453002,6.776721,5.529397,4.532542,1359200.0
05/15/2002,4.877402,4.891747,4.748294,4.805676,1193400,0.000,0.0,-,7.462642,6.838521,5.669694,4.481472,1371096.0
05/14/2002,4.791332,4.940523,4.754034,4.934785,1996400,0.000,0.0,-,7.471608,6.897451,5.800093,4.538854,1372080.0
05/13/2002,4.389663,4.619188,4.378187,4.590497,1325800,0.000,0.0,-,7.481506,6.946512,5.946989,4.703825,1349068.0
05/10/2002,4.447044,4.501556,4.303591,4.378186,922000,0.000,0.0,-,7.493628,6.994598,6.111242,4.912118,1342052.0
05/09/2002,4.346625,4.647877,4.335149,4.533114,956000,0.000,0.0,-,7.506754,7.044692,6.287403,5.153980,1338164.0
05/08/2002,4.303589,4.418352,4.274899,4.332280,1237400,0.000,0.0,-,7.518245,7.092835,6.433725,5.389817,1331496.0
05/07/2002,4.409745,4.447043,4.131446,4.214649,2063600,0.000,0.0,-,7.531012,7.148207,6.595827,5.658075,1318964.0
05/06/2002,4.504427,4.676570,4.360973,4.389664,1712000,0.000,0.0,-,7.544009,7.210237,6.758073,5.945268,1294780.0
05/03/2002,4.561806,4.604842,4.317936,4.490079,5094800,0.000,0.0,-,7.557149,7.264347,6.914006,6.229878,1272936.0
05/02/2002,4.977821,5.121274,4.002340,4.145793,10460400,0.000,0.0,-,7.569845,7.308817,7.050430,6.526252,1186040.0
05/01/2002,6.455389,6.458258,4.590499,5.379491,13286400,0.000,0.0,-,7.582110,7.358452,7.215257,6.857915,995144.0
04/30/2002,6.656219,6.707861,6.449646,6.584492,978400,0.000,0.0,-,7.588106,7.382265,7.314096,7.061332,749644.0
04/29/2002,6.799674,6.822626,6.518505,6.673435,450200,0.000,0.0,-,7.588881,7.379683,7.363588,7.190152,743608.0
04/26/2002,6.963208,7.000505,6.796803,6.796803,373000,0.000,0.0,-,7.589483,7.375322,7.419534,7.310366,743744.0
04/25/2002,7.014853,7.083710,6.851316,6.891483,682600,0.000,0.0,-,7.589412,7.368494,7.476055,7.420825,758624.0
04/24/2002,7.100927,7.215689,6.971819,7.014855,393600,0.000,0.0,-,7.590043,7.360920,7.520382,7.477633,763804.0
04/23/2002,7.201343,7.244379,7.080843,7.086581,650800,0.000,0.0,-,7.590889,7.350132,7.540896,7.533579,773364.0
04/22/2002,7.453819,7.453819,7.235770,7.235770,980600,0.000,0.0,-,7.592754,7.337795,7.562700,7.570878,775228.0
04/19/2002,7.473902,7.488247,7.367747,7.453818,314800,0.000,0.0,-,7.592525,7.322015,7.586083,7.598134,791060.0
04/18/2002,7.413652,7.508331,7.316104,7.462426,588800,0.000,0.0,-,7.591162,7.295907,7.607458,7.574607,801436.0
04/17/2002,7.872702,7.872702,7.405045,7.413652,1342400,0.000,0.0,-,7.589928,7.268593,7.599855,7.572599,808016.0
04/16/2002,8.033368,8.076404,7.872701,7.872701,533000,0.000,0.0,-,7.584003,7.242255,7.596986,7.566861,795624.0
04/15/2002,7.901392,8.033369,7.689081,7.875571,350400,0.000,0.0,-,7.575497,7.214770,7.570447,7.537023,794908.0
04/12/2002,7.488248,7.901393,7.459557,7.901393,277800,0.000,0.0,-,7.566990,7.186997,7.549647,7.528703,797076.0
04/11/2002,7.617360,7.789503,7.459561,7.459561,688800,0.000,0.0,-,7.558899,7.158364,7.527555,7.531285,809100.0
04/10/2002,7.473904,7.574321,7.459559,7.574321,391800,0.000,0.0,-,7.552874,7.133116,7.541900,7.563131,837796.0
04/09/2002,7.508335,7.559979,7.416526,7.459561,285400,0.000,0.0,-,7.547337,7.111082,7.560693,7.548212,855264.0
04/08/2002,7.218556,7.545628,7.143960,7.508331,626800,0.000,0.0,-,7.543837,7.092720,7.585797,7.554523,879344.0
04/05/2002,7.442343,7.473902,7.215687,7.218556,548200,0.000,0.0,-,7.540150,7.077169,7.608462,7.574033,890804.0
04/04/2002,7.362007,7.545627,7.350532,7.442341,428800,0.000,0.0,-,7.539002,7.063627,7.625103,7.640309,1045284.0
04/03/2002,7.402175,7.473901,7.186995,7.356270,842400,0.000,0.0,-,7.537080,7.061447,7.640309,7.627111,1051712.0
04/02/2002,7.792370,7.792370,7.557107,7.574321,699000,0.000,0.0,-,7.535875,7.067816,7.660106,7.627111,1045392.0
04/01/2002,7.927215,7.927215,7.545630,7.792369,536800,0.000,0.0,-,7.533781,7.072981,7.650781,7.603872,1043132.0
03/28/2002,7.789498,7.932951,7.789498,7.927213,530200,0.000,0.0,-,7.530668,7.069480,7.610901,7.570591,1050384.0
03/27/2002,7.465296,7.803845,7.465296,7.778024,1053200,0.000,0.0,-,7.527397,7.066152,7.558684,7.523826,1059804.0
03/26/2002,7.522681,7.617360,7.318978,7.425133,1017200,0.000,0.0,-,7.525761,7.067587,7.516796,7.520670,1062652.0
03/25/2002,7.726380,7.818189,7.445212,7.522676,316000,0.000,0.0,-,7.523782,7.073956,7.500586,7.573173,1063280.0
03/22/2002,7.904263,8.030502,7.660393,7.703429,1446800,0.000,0.0,-,7.521027,7.074472,7.490257,7.617070,1071220.0
03/21/2002,7.316106,7.884180,7.316106,7.881310,1334800,0.000,0.0,-,7.519091,7.075907,7.459845,7.642891,1069624.0
03/20/2002,7.356274,7.445216,7.307500,7.310369,549400,0.000,0.0,-,7.516265,7.064603,7.401460,7.609897,1069152.0
03/19/2002,7.356270,7.453818,7.301758,7.356270,660200,0.000,0.0,-,7.517757,7.065578,7.367318,7.653507,1075192.0
03/18/2002,7.531281,7.571447,7.258720,7.341923,509800,0.000,0.0,-,7.519277,7.066095,7.328011,7.693100,1078948.0
03/15/2002,7.459561,7.459561,7.230037,7.459561,1217600,0.000,0.0,-,7.521013,7.067874,7.283685,7.697691,1085548.0
03/14/2002,7.749337,7.792373,7.387835,7.459561,866200,0.000,0.0,-,7.523021,7.067931,7.233476,7.651211,1089164.0
03/13/2002,7.947299,7.950168,7.706298,7.746465,826600,0.000,0.0,-,7.525317,7.076022,7.183267,7.593543,1091068.0
03/12/2002,7.846882,8.148134,7.818192,7.950168,406600,0.000,0.0,-,7.526063,7.079120,7.121582,7.512922,1096220.0
03/11/2002,7.961643,7.961643,7.818190,7.961643,353200,0.000,0.0,-,7.524442,7.074989,7.047847,7.427998,1109352.0
03/08/2002,7.889917,8.105096,7.775154,7.961643,1635600,0.000,0.0,-,7.523351,7.076423,6.973252,7.363444,1123400.0
03/07/2002,7.740726,7.789500,7.488249,7.551368,1511800,0.000,0.0,-,7.520124,7.082735,6.897508,7.276799,1100224.0
03/06/2002,7.760810,7.875573,7.660393,7.746465,1107000,0.000,0.0,-,7.517871,7.094900,6.827360,7.193022,1086384.0
03/05/2002,7.387828,7.947295,7.387828,7.752199,1242600,0.000,0.0,-,7.514644,7.100294,6.744874,7.081128,1118028.0
03/04/2002,7.043545,7.387832,7.011985,7.387832,845800,0.000,0.0,-,7.510369,7.116533,6.662102,6.962923,1104124.0
03/01/2002,6.885745,7.029198,6.842709,6.994769,975000,0.000,0.0,-,7.507873,7.150961,6.617632,6.869679,1093244.0
02/28/2002,6.986164,7.017723,6.799675,6.882877,727600,0.000,0.0,-,7.507342,7.190669,6.592240,6.815740,1083136.0
02/27/2002,7.115272,7.258725,6.902962,6.940260,622600,0.000,0.0,-,7.506940,7.238353,6.571583,6.772991,1075768.0
02/26/2002,7.316104,7.330449,7.092317,7.100924,610800,0.000,0.0,-,7.509035,7.285578,6.534429,6.730242,1076080.0
02/25/2002,7.095187,7.336188,7.095187,7.316105,854400,0.000,0.0,-,7.509264,7.326146,6.503013,6.667696,1080936.0
02/22/2002,6.713603,7.227165,6.713603,7.095188,619800,0.000,0.0,-,7.509049,7.366772,6.464280,6.583059,1086332.0
02/21/2002,6.630398,6.742291,6.432433,6.713601,750000,0.000,0.0,-,7.510885,7.423120,6.446062,6.518218,1102252.0
02/20/2002,6.627529,6.971816,6.613183,6.627529,915600,0.000,0.0,-,7.512678,7.479928,6.437455,6.461698,1095928.0
02/19/2002,6.441041,6.799673,6.197170,6.570148,1011400,0.000,0.0,-,7.514127,7.539604,6.472744,6.408620,1099012.0
02/15/2002,6.458255,6.538589,6.426695,6.455386,676600,0.000,0.0,-,7.516365,7.586083,6.527973,6.361281,1094736.0
02/14/2002,6.461124,6.481208,6.369315,6.455386,457000,0.000,0.0,-,7.519492,7.620684,6.596831,6.365585,1089104.0
02/13/2002,6.527113,6.567279,6.340624,6.455386,1117000,0.000,0.0,-,7.520511,7.653276,6.654929,6.368741,1085912.0
02/12/2002,6.469730,6.527111,6.412349,6.512766,941600,0.000,0.0,-,7.521501,7.691607,6.720200,6.370175,1073312.0
02/11/2002,6.469732,6.527113,6.352100,6.475470,871600,0.000,0.0,-,7.521931,7.719380,6.787049,6.338615,1061596.0
02/08/2002,6.455387,6.624661,6.426696,6.469732,744000,0.000,0.0,-,7.523983,7.745258,6.850456,6.338329,1052008.0
02/07/2002,6.168479,6.541456,6.154134,6.446777,1772200,0.000,0.0,-,7.526292,7.776531,6.904394,6.345501,1046632.0
02/06/2002,6.096756,6.369317,5.852886,6.148399,833600,0.000,0.0,-,7.529075,7.812108,6.970813,6.373905,1025764.0
02/05/2002,6.125443,6.240206,6.025026,6.096753,917800,0.000,0.0,-,7.526952,7.861742,7.029198,6.413211,1010672.0
02/04/2002,6.512767,6.524243,5.996335,6.096753,722800,0.000,0.0,-,7.524944,7.907131,7.092318,6.536868,1001912.0
02/01/2002,6.489816,6.613185,6.400875,6.498423,497200,0.000,0.0,-,7.522720,7.956192,7.156585,6.694666,1004164.0
01/31/2002,6.527113,6.610316,6.461125,6.486946,458800,0.000,0.0,-,7.518144,8.000089,7.203207,6.828077,1010812.0
01/30/2002,6.240207,6.469732,6.174219,6.469732,879000,0.000,0.0,-,7.514056,8.029927,7.251981,6.941118,1010840.0
01/29/2002,6.512766,6.541457,6.171348,6.197170,2123600,0.000,0.0,-,7.509035,8.058790,7.321699,7.070226,1010860.0
01/28/2002,6.527115,6.587365,6.326281,6.472603,1265200,0.000,0.0,-,7.505090,8.101137,7.406910,7.235483,1003284.0
01/25/2002,6.684911,6.736554,6.314803,6.541458,1489400,0.000,0.0,-,7.499122,8.125581,7.470460,7.362583,985576.0
01/24/2002,6.240208,6.788199,6.240208,6.730817,1199800,0.000,0.0,-,7.488650,8.139927,7.545056,7.463287,963736.0
01/23/2002,5.881574,6.613185,5.881574,6.541458,8272200,0.000,0.0,-,7.478307,8.154616,7.622377,7.567721,951796.0
01/22/2002,7.703424,7.760805,7.075100,7.333315,750200,0.000,0.0,-,7.470460,8.174470,7.703284,7.645185,793784.0
01/18/2002,7.760809,7.775154,7.603010,7.674737,526400,0.000,0.0,-,7.459830,8.178315,7.737426,7.647768,806476.0
01/17/2002,7.617356,7.852620,7.582928,7.832536,586000,0.000,0.0,-,7.447493,8.174011,7.781897,7.618503,826148.0
01/16/2002,7.763677,7.789498,7.571449,7.617354,899400,0.000,0.0,-,7.434870,8.173954,7.845733,7.578337,855108.0
01/15/2002,7.803845,7.918607,7.674737,7.760808,1001200,0.000,0.0,-,7.423752,8.145837,7.913873,7.562844,852148.0
01/14/2002,7.703425,7.861223,7.660389,7.849747,1195600,0.000,0.0,-,7.412132,8.116228,7.989186,7.573173,852900.0
01/11/2002,7.488248,7.760809,7.473903,7.743595,1048600,0.000,0.0,-,7.399638,8.088284,8.061774,7.578337,839592.0
01/10/2002,7.717773,7.717773,7.356272,7.548499,713000,0.000,0.0,-,7.386497,8.060856,8.131061,7.578337,829100.0
01/09/2002,7.473907,7.846885,7.405050,7.775159,1367000,0.000,0.0,-,7.375437,8.040428,8.221006,7.626824,822496.0
01/08/2002,7.362010,7.387831,7.244378,7.316105,1311200,0.000,0.0,-,7.363129,8.017361,8.327879,7.677032,798736.0
01/07/2002,7.373485,7.488247,7.316104,7.359139,851400,0.000,0.0,-,7.353230,8.004622,8.439772,7.761383,780048.0
01/04/2002,7.344794,7.631700,7.344794,7.382092,848000,0.000,0.0,-,7.342127,7.989416,8.552383,7.827085,775764.0
01/03/2002,7.459560,7.603013,7.387833,7.430869,839800,0.000,0.0,-,7.331038,7.974153,8.627982,7.945290,786776.0
01/02/2002,7.875571,7.935821,7.244377,7.462426,1398400,0.000,0.0,-,7.320781,7.943052,8.665710,8.113130,815684.0
12/31/2001,7.930085,7.973122,7.712037,7.864097,961400,0.000,0.0,-,7.309936,7.919181,8.696840,8.264903,803804.0
12/28/2001,7.746463,8.191168,7.746463,7.901393,1084200,0.000,0.0,-,7.296696,7.890433,8.722231,8.405200,804184.0
12/27/2001,8.033370,8.062061,7.631701,7.743595,1063200,0.000,0.0,-,7.284344,7.870178,8.722231,8.545210,799316.0
12/26/2001,8.277239,8.277239,8.004678,8.033369,1055600,0.000,0.0,-,7.274102,7.864382,8.723522,8.683785,785096.0
12/24/2001,8.159607,8.320275,7.763677,8.277239,476800,0.000,0.0,-,7.262611,7.849807,8.723522,8.815189,786536.0
12/21/2001,8.162480,8.234206,7.875574,8.159611,819800,0.000,0.0,-,7.249686,7.843782,8.720940,8.978725,790516.0
12/20/2001,7.818191,8.194038,7.516940,8.016156,2689200,0.000,0.0,-,7.237363,7.836667,8.744466,9.118161,800712.0
12/19/2001,9.080576,9.080576,8.546931,8.564145,547400,0.000,0.0,-,7.226977,7.824847,8.761968,9.277680,753388.0
12/18/2001,9.008849,9.209683,9.008849,9.109266,301800,0.000,0.0,-,7.216721,7.797418,8.761250,9.310675,745876.0
12/17/2001,9.195338,9.252720,8.965814,8.980159,469600,0.000,0.0,-,7.202619,7.761785,8.740450,9.218291,744568.0
12/14/2001,9.252718,9.295754,8.922776,9.267063,359200,0.000,0.0,-,7.188561,7.730742,8.690385,9.128776,742544.0
12/13/2001,9.094924,9.304365,8.693255,9.301496,638200,0.000,0.0,-,7.172924,7.695165,8.622675,9.039262,742200.0
12/12/2001,9.281410,9.421994,9.094921,9.129350,853600,0.000,0.0,-,7.158880,7.665786,8.573327,8.899252,746288.0
12/11/2001,9.496592,9.625700,9.183864,9.347402,1124200,0.000,0.0,-,7.144463,7.617930,8.501601,8.763258,774192.0
12/10/2001,9.496587,10.466329,9.453551,9.912601,1415800,0.000,0.0,-,7.127478,7.571222,8.397167,8.631855,765700.0
12/07/2001,9.410520,9.668736,9.353139,9.553973,433800,0.000,0.0,-,7.109332,7.522161,8.274802,8.463155,760264.0
12/06/2001,8.822360,9.697423,8.822360,9.611351,1069800,0.000,0.0,-,7.096134,7.479125,8.173810,8.370771,763680.0
12/05/2001,8.320276,8.965814,8.320276,8.894088,797600,0.000,0.0,-,7.084945,7.441024,8.069520,8.246255,748776.0
12/04/2001,8.085012,8.406347,8.076405,8.185430,395000,0.000,0.0,-,7.079881,7.423810,7.997794,8.211826,751580.0
12/03/2001,8.219858,8.248549,7.864095,8.085012,297400,0.000,0.0,-,7.075391,7.409866,7.980006,8.262609,753748.0
11/30/2001,7.875570,8.463728,7.869832,8.371918,487000,0.000,0.0,-,7.074100,7.378995,7.886331,8.251993,756724.0
11/29/2001,7.832535,8.030500,7.746463,7.901393,355800,0.000,0.0,-,7.073196,7.344107,7.781754,8.206088,756048.0
11/28/2001,8.033371,8.199777,7.611620,7.769418,392200,0.000,0.0,-,7.077126,7.329532,7.709310,8.247403,755180.0
11/27/2001,8.262894,8.320275,7.990333,8.033369,475200,0.000,0.0,-,7.082764,7.317597,7.639448,8.239943,752900.0
11/26/2001,8.621528,8.621528,8.090752,8.225597,728800,0.000,0.0,-,7.085963,7.303367,7.564136,8.162479,753124.0
11/23/2001,8.437911,8.650222,8.437911,8.630138,79000,0.000,0.0,-,7.086465,7.290685,7.483945,8.086448,744464.0
11/21/2001,8.521112,8.549802,8.205515,8.366182,479800,0.000,0.0,-,7.084930,7.280070,7.386397,7.976850,749588.0
11/20/2001,8.664568,8.664568,8.420697,8.549805,835400,0.000,0.0,-,7.086795,7.272036,7.298030,7.892786,753848.0
11/19/2001,8.007548,8.779326,8.007548,8.693254,829600,0.000,0.0,-,7.087426,7.270258,7.201486,7.783762,758152.0
11/16/2001,7.846879,8.033368,7.603009,7.978856,460200,0.000,0.0,-,7.088445,7.277029,7.060615,7.697403,758920.0
11/15/2001,8.311672,8.311672,7.912872,7.912872,880000,0.000,0.0,-,7.092089,7.311400,6.975117,7.520669,756788.0
11/14/2001,7.766545,8.435036,7.766545,8.314535,1744800,0.000,0.0,-,7.097009,7.344222,6.900809,7.357419,749428.0
11/13/2001,7.310369,7.818193,7.258726,7.694824,379800,0.000,0.0,-,7.097181,7.369585,6.829513,7.171218,739040.0
11/12/2001,7.445213,7.445213,7.250117,7.258724,397400,0.000,0.0,-,7.096507,7.400800,6.817462,7.038954,742940.0
11/09/2001,7.516938,7.545628,7.387830,7.465295,602800,0.000,0.0,-,7.096794,7.441828,6.819757,6.965793,759088.0
11/08/2001,7.660388,7.746460,7.531281,7.534150,371600,0.000,0.0,-,7.094613,7.481593,6.845292,6.881442,756988.0
11/07/2001,7.387832,7.574321,7.287415,7.525547,1384800,0.000,0.0,-,7.093667,7.509939,6.858777,6.795945,759208.0
11/06/2001,7.832539,7.889921,7.384966,7.459561,1510000,0.000,0.0,-,7.089033,7.538458,6.853756,6.703274,738876.0
11/05/2001,6.311934,7.947299,6.311934,7.829668,2034000,0.000,0.0,-,7.086178,7.556533,6.840415,6.619210,722280.0
11/02/2001,6.280375,6.297589,5.996338,6.211517,751400,0.000,0.0,-,7.081444,7.585280,6.815310,6.423827,696740.0
11/01/2001,6.455387,6.512768,6.254552,6.280374,1038800,0.000,0.0,-,7.085059,7.652703,6.876134,6.429565,693904.0
10/31/2001,6.443910,6.527113,6.340624,6.452518,530200,0.000,0.0,-,7.087943,7.718175,6.936528,6.444198,679824.0
10/30/2001,6.498422,6.498422,6.283243,6.372183,524000,0.000,0.0,-,7.087498,7.766720,7.005529,6.487807,671428.0
10/29/2001,6.627531,6.799674,6.461125,6.527113,382800,0.000,0.0,-,7.088488,7.815092,7.023748,6.595971,665116.0
10/26/2001,6.627530,6.834102,6.527113,6.621792,179000,0.000,0.0,-,7.090425,7.862432,7.047991,6.673722,660740.0
10/25/2001,6.383663,6.742295,6.340627,6.679176,376800,0.000,0.0,-,7.095689,7.903861,7.089880,6.809142,660240.0
10/24/2001,6.627530,6.814019,6.532851,6.598840,637200,0.000,0.0,-,7.101743,7.944257,7.126030,6.921609,658660.0
10/23/2001,6.025028,6.885746,6.025028,6.618923,1398600,0.000,0.0,-,7.104971,7.986318,7.181403,7.004238,667100.0
10/22/2001,6.268897,6.271766,5.680739,5.875835,2285200,0.000,0.0,-,7.105372,8.023960,7.252125,7.061619,662628.0
10/19/2001,6.484078,6.713603,6.182826,6.268898,804400,0.000,0.0,-,7.115012,8.072046,7.332746,7.206793,632648.0
10/18/2001,6.900092,6.900092,6.283244,6.426697,980400,0.000,0.0,-,7.123906,8.118524,7.346374,7.322704,630040.0
10/17/2001,7.525546,7.631702,6.814019,6.888615,840800,0.000,0.0,-,7.128927,8.160126,7.356415,7.428859,632420.0
10/16/2001,7.344794,7.516938,7.230032,7.453818,352200,0.000,0.0,-,7.130634,8.179004,7.370617,7.523251,635932.0
10/15/2001,7.947296,7.950165,7.029197,7.304626,1127600,0.000,0.0,-,7.130821,8.174414,7.356559,7.451524,639204.0
10/12/2001,7.875571,8.062060,7.792368,7.975987,675800,0.000,0.0,-,7.131739,8.157716,7.357420,7.422260,618652.0
10/11/2001,7.496854,7.947297,7.316104,7.803844,1329600,0.000,0.0,-,7.128224,8.127877,7.338197,7.370618,610708.0
10/10/2001,7.192739,7.488252,7.086584,7.425133,323000,0.000,0.0,-,7.125929,8.103720,7.352973,7.330451,587612.0
10/09/2001,7.301759,7.324711,7.161174,7.192734,171800,0.000,0.0,-,7.133245,8.086907,7.379942,7.358568,585632.0
10/08/2001,7.427997,7.427997,7.143960,7.327580,236400,0.000,0.0,-,7.142111,8.075029,7.443348,7.442631,586640.0
10/05/2001,7.488251,7.545632,7.215690,7.428000,368400,0.000,0.0,-,7.150603,8.066766,7.528560,7.458698,583140.0
10/04/2001,7.970252,7.970252,7.359142,7.488250,342000,0.000,0.0,-,7.162954,8.058504,7.642031,7.370044,577280.0
10/03/2001,6.670566,7.947299,6.527113,7.832536,842600,0.000,0.0,-,7.172494,8.048806,7.745317,7.283972,573768.0
10/02/2001,7.011984,7.014853,6.254551,6.736554,2248800,0.000,0.0,-,7.183683,8.028780,7.832823,7.217984,558824.0
10/01/2001,7.488249,7.488249,6.627531,7.011985,699600,0.000,0.0,-,7.196910,8.031764,7.958775,7.261594,515572.0
09/28/2001,7.416526,7.516943,7.143964,7.459561,1144000,0.000,0.0,-,7.208329,8.027805,8.073681,7.292580,505344.0
09/27/2001,7.703431,7.789503,7.215690,7.402179,604600,0.000,0.0,-,7.219073,8.018968,8.173381,7.305777,488204.0
09/26/2001,8.105097,8.205514,7.631702,7.706297,324600,0.000,0.0,-,7.232257,8.011508,8.250846,7.375495,480288.0
09/25/2001,7.516938,8.216989,7.516938,8.033369,937800,0.000,0.0,-,7.239616,7.989359,8.313104,7.401316,477752.0
09/24/2001,6.613186,7.775156,6.613186,7.488250,503400,0.000,0.0,-,7.249084,7.960267,8.329601,7.444066,461808.0
09/21/2001,6.584494,6.627530,6.398005,6.541458,446200,0.000,0.0,-,7.260502,7.945290,8.418542,7.598421,456236.0
09/20/2001,7.172650,7.172650,6.570147,6.627529,453200,0.000,0.0,-,7.280873,7.950340,8.570602,7.914018,451016.0
09/19/2001,7.230037,7.402180,6.814023,7.172656,312400,0.000,0.0,-,7.304299,7.953438,8.716924,8.206662,451188.0
09/18/2001,7.318978,7.436609,7.158310,7.172656,278200,0.000,0.0,-,7.327179,7.950340,8.802279,8.447663,453508.0
09/17/2001,7.519807,7.519807,7.287414,7.321843,486400,0.000,0.0,-,7.349271,7.950569,8.883186,8.655957,453284.0
09/10/2001,8.062062,8.133788,7.491119,7.591536,295800,0.000,0.0,-,7.369613,7.953323,8.961798,8.854783,453320.0
09/07/2001,7.993202,8.119440,7.889915,8.099357,335200,0.000,0.0,-,7.391116,7.945290,9.016884,9.040985,452312.0
09/06/2001,8.320276,8.406347,7.889917,7.964512,692800,0.000,0.0,-,7.411788,7.926928,9.046866,9.126196,450744.0
09/05/2001,8.994507,8.994507,8.291587,8.460861,1050600,0.000,0.0,-,7.427840,7.911952,9.083734,9.224892,457712.0
09/04/2001,9.467901,9.467901,8.925649,9.031804,868000,0.000,0.0,-,7.438485,7.867309,9.085742,9.215137,445988.0
08/31/2001,9.525282,9.726116,9.180994,9.697425,353600,0.000,0.0,-,7.446418,7.810100,9.048158,9.238663,436152.0
08/30/2001,9.585533,9.585533,9.255591,9.553973,512000,0.000,0.0,-,7.446848,7.739636,8.992928,9.227187,434340.0
08/29/2001,9.183864,9.683081,8.965816,9.582664,1225400,0.000,0.0,-,7.445385,7.674221,8.940568,9.227187,436524.0
08/28/2001,9.290023,9.344535,9.129355,9.255593,574800,0.000,0.0,-,7.446174,7.607659,8.853061,9.156895,427912.0
08/27/2001,9.424868,9.427738,9.123617,9.310106,1204800,0.000,0.0,-,7.449387,7.551884,8.751496,9.110415,424512.0
08/24/2001,8.922777,9.510935,8.922777,9.453553,497800,0.000,0.0,-,7.453231,7.500872,8.609478,9.068814,405316.0
08/23/2001,8.922778,9.037540,8.549800,8.951468,482600,0.000,0.0,-,7.453734,7.447221,8.461004,8.992784,405192.0
08/22/2001,8.506764,8.965814,8.354704,8.951468,368200,0.000,0.0,-,7.455598,7.407972,8.343229,8.967536,401364.0
08/21/2001,9.252720,9.252720,8.357573,8.363311,680200,0.000,0.0,-,7.454092,7.370101,8.224880,8.942576,399012.0
08/20/2001,9.539624,9.539624,8.624394,9.267063,757000,0.000,0.0,-,7.458912,7.345140,8.136657,8.956347,411568.0
08/17/2001,9.525283,9.614223,9.338794,9.582664,609600,0.000,0.0,-,7.456531,7.302907,8.019025,8.857652,399328.0
08/16/2001,8.851054,9.553973,8.753505,9.553973,334800,0.000,0.0,-,7.459271,7.254650,7.890635,8.758670,391180.0
08/15/2001,8.819494,8.894090,8.650219,8.879745,110400,0.000,0.0,-,7.454752,7.209031,7.763105,8.653949,407724.0
08/14/2001,8.851053,8.902696,8.693254,8.790802,208400,0.000,0.0,-,7.454178,7.180456,7.660679,8.549228,415328.0
08/13/2001,8.661694,9.014588,8.661694,8.894088,164000,0.000,0.0,-,7.455412,7.145223,7.565427,8.392577,420776.0
08/10/2001,8.698992,8.965814,8.661694,8.693254,154000,0.000,0.0,-,7.455197,7.106778,7.461423,8.150142,427252.0
08/09/2001,8.701864,8.894091,8.535458,8.698995,297800,0.000,0.0,-,7.461078,7.079235,7.377647,7.929224,427364.0
08/08/2001,8.472339,8.879745,8.348969,8.701863,1059200,0.000,0.0,-,7.462915,7.051577,7.294157,7.718922,426728.0
08/07/2001,8.320277,8.578492,8.205514,8.501027,1175000,0.000,0.0,-,7.467175,7.029715,7.189005,7.507184,412236.0
08/06/2001,8.521114,8.521114,8.062064,8.280113,786200,0.000,0.0,-,7.471579,7.012902,7.092892,7.316966,391324.0
08/03/2001,8.492420,8.894088,8.392003,8.592837,674000,0.000,0.0,-,7.474649,7.001082,7.015857,7.180398,377588.0
08/02/2001,7.961642,8.506763,7.861225,8.506763,1099400,0.000,0.0,-,7.475725,6.986449,6.925912,7.022600,371812.0
08/01/2001,7.316105,7.918608,7.129616,7.832536,1016400,0.000,0.0,-,7.480975,6.974686,6.839697,6.872261,355944.0
07/31/2001,6.900093,7.227166,6.776724,7.224297,515800,0.000,0.0,-,7.488750,6.975949,6.798956,6.772131,348444.0
07/30/2001,6.527113,6.527113,6.466863,6.469732,100000,0.000,0.0,-,7.501582,6.983982,6.796948,6.738276,343676.0
07/27/2001,6.613183,6.699256,6.466862,6.484076,278600,0.000,0.0,-,7.518538,7.009459,6.846439,6.772704,348308.0
07/26/2001,6.656221,6.713602,6.541458,6.595970,174800,0.000,0.0,-,7.534605,7.026100,6.881729,6.826069,348936.0
07/25/2001,6.484075,6.621790,6.469729,6.584492,224000,0.000,0.0,-,7.552515,7.036199,6.910993,6.869392,349800.0
07/24/2001,6.943127,6.943127,6.458256,6.598840,222200,0.000,0.0,-,7.571128,7.046527,6.942553,6.870827,357780.0
07/23/2001,7.072236,7.100927,6.842711,6.914438,61400,0.000,0.0,-,7.591879,7.052495,6.924047,6.868818,354920.0
07/20/2001,7.029200,7.029200,7.003379,7.014855,75400,0.000,0.0,-,7.612464,7.051979,6.886893,6.851317,357616.0
07/19/2001,6.885746,7.152568,6.713602,7.003377,166400,0.000,0.0,-,7.631192,7.049454,6.844861,6.829225,364292.0
07/18/2001,6.885746,6.971818,6.828365,6.831234,95400,0.000,0.0,-,7.649152,7.045437,6.808854,6.807133,369352.0
07/17/2001,6.842708,6.900089,6.742291,6.885744,86200,0.000,0.0,-,7.669293,7.055995,6.780020,6.825782,374112.0
07/16/2001,7.086579,7.086579,6.693518,6.814018,188200,0.000,0.0,-,7.690209,7.061217,6.759076,6.855620,381364.0
07/13/2001,7.029199,7.040676,6.957473,7.017723,287000,0.000,0.0,-,7.712300,7.070398,6.756351,6.920175,388972.0
07/12/2001,6.613184,7.029198,6.604577,7.029198,208800,0.000,0.0,-,7.731401,7.079292,6.744014,6.937389,399540.0
07/11/2001,6.570149,6.644745,6.547197,6.598840,197800,0.000,0.0,-,7.754928,7.080153,6.742005,6.952595,400292.0
07/10/2001,6.770982,6.773851,6.570148,6.578755,140600,0.000,0.0,-,7.782542,7.086522,6.764958,7.014279,398668.0
07/09/2001,6.793937,6.885747,6.573019,6.739425,224800,0.000,0.0,-,7.812454,7.095301,6.791784,6.979277,404436.0
07/06/2001,6.799674,6.831233,6.684911,6.793935,185200,0.000,0.0,-,7.842593,7.102130,6.812584,6.922469,404452.0
07/05/2001,7.023460,7.029199,6.684911,6.782459,461800,0.000,0.0,-,7.871026,7.099433,6.831377,6.860497,407456.0
07/03/2001,7.172652,7.175521,6.742293,7.017723,428400,0.000,0.0,-,7.899067,7.096851,6.855907,6.810576,403776.0
07/02/2001,7.344795,7.344795,7.172651,7.184127,267000,0.000,0.0,-,7.926650,7.088473,6.877568,6.734259,398168.0
06/29/2001,7.192738,7.459561,7.029202,7.459561,488200,0.000,0.0,-,7.951114,7.082505,6.869822,6.662533,394976.0
06/28/2001,7.158306,7.473902,7.158306,7.189865,245400,0.000,0.0,-,7.973708,7.071947,6.845435,6.592527,406396.0
06/27/2001,7.215685,7.244375,6.943124,7.181256,256800,0.000,0.0,-,7.998367,7.068217,6.851747,6.550639,417428.0
06/26/2001,6.197169,7.344792,6.125442,7.215684,1041200,0.000,0.0,-,8.023070,7.039068,6.858489,6.531416,418584.0
06/25/2001,6.168480,6.283243,6.154135,6.228730,464400,0.000,0.0,-,8.048138,7.008656,6.878142,6.515637,403316.0
06/22/2001,6.197172,6.243077,6.025028,6.171350,376200,0.000,0.0,-,8.077110,6.997122,6.949725,6.604291,402660.0
06/21/2001,6.303325,6.369314,6.168479,6.174218,263000,0.000,0.0,-,8.104800,6.985359,7.025612,6.702700,399716.0
06/20/2001,6.254553,6.375054,6.139791,6.283244,621200,0.000,0.0,-,8.133283,6.975260,7.109962,6.802256,402700.0
06/19/2001,6.527110,6.527110,6.231597,6.254549,794800,0.000,0.0,-,8.159921,6.958906,7.191730,6.901238,397424.0
06/18/2001,6.759511,6.762380,6.426700,6.466867,404800,0.000,0.0,-,8.187105,6.941979,7.273786,7.020878,406896.0
06/15/2001,6.762374,6.857053,6.670565,6.759505,245000,0.000,0.0,-,8.212152,6.918223,7.331740,7.077111,410392.0
06/14/2001,6.957473,6.957473,6.745162,6.770984,491600,0.000,0.0,-,8.235018,6.871974,7.380945,7.098342,417312.0
06/13/2001,6.986163,7.086580,6.957472,6.989032,291200,0.000,0.0,-,8.257110,6.829799,7.408201,7.152854,412840.0
06/12/2001,7.129617,7.129617,6.857056,7.057891,250600,0.000,0.0,-,8.279277,6.789460,7.413795,7.185562,411240.0
06/11/2001,7.155435,7.230031,6.900089,7.115268,1308000,0.000,0.0,-,8.300562,6.752449,7.415947,7.240647,413620.0
06/08/2001,7.166914,7.169783,7.057890,7.155438,145000,0.000,0.0,-,8.321067,6.714290,7.405045,7.295160,394676.0
06/07/2001,7.201340,7.201340,7.034935,7.169780,202200,0.000,0.0,-,8.341057,6.677337,7.391704,7.348524,394912.0
06/06/2001,7.488247,7.717772,7.186996,7.273068,1162000,0.000,0.0,-,8.359272,6.641818,7.377646,7.417669,394556.0
06/05/2001,7.100924,7.462425,7.086579,7.450949,490600,0.000,0.0,-,8.376970,6.605094,7.354119,7.482223,373380.0
06/04/2001,6.974685,7.224294,6.971816,7.029198,480800,0.000,0.0,-,8.391717,6.563091,7.349529,7.526693,372604.0
06/01/2001,7.344792,7.344792,6.885743,6.971814,487800,0.000,0.0,-,8.407632,6.524818,7.355410,7.586369,375400.0
05/31/2001,7.344796,7.588666,7.313236,7.316105,159600,0.000,0.0,-,8.424057,6.492110,7.370473,7.663548,376184.0
05/30/2001,7.617356,7.617356,7.172652,7.316105,266000,0.000,0.0,-,8.438761,6.452058,7.377789,7.663548,376224.0
05/29/2001,7.631701,7.689082,7.344795,7.608749,334600,0.000,0.0,-,8.454944,6.412465,7.365596,7.642029,378392.0
05/25/2001,7.703428,7.861226,7.485379,7.660392,129400,0.000,0.0,-,8.468768,6.363060,7.331024,7.591247,377976.0
05/24/2001,7.832536,7.832536,7.545630,7.689083,99400,0.000,0.0,-,8.482826,6.313138,7.298890,7.514930,380660.0
05/23/2001,7.889915,8.090749,7.783759,7.861224,385200,0.000,0.0,-,8.496472,6.266946,7.268478,7.434883,396748.0
05/22/2001,7.861227,7.990335,7.674738,7.918609,306000,0.000,0.0,-,8.508988,6.215590,7.208371,7.337622,398464.0
05/21/2001,7.574319,7.904261,7.387830,7.895654,641400,0.000,0.0,-,8.517631,6.161537,7.145108,7.226016,401316.0
05/18/2001,7.671865,7.674734,7.459554,7.625960,277400,0.000,0.0,-,8.528586,6.112247,7.080268,7.172365,396676.0
05/17/2001,7.316105,7.743595,7.316105,7.743595,331600,0.000,0.0,-,8.539947,6.073629,7.043257,7.124451,400392.0
05/16/2001,7.000508,7.330450,6.971817,7.316105,310000,0.000,0.0,-,8.546014,6.033462,7.002660,7.077399,403632.0
05/15/2001,7.086579,7.141091,6.699256,7.100924,218000,0.000,0.0,-,8.547627,6.000985,6.987023,7.092031,406172.0
05/14/2001,6.943126,7.230032,6.943126,7.100924,623000,0.000,0.0,-,8.549196,5.972868,6.918166,7.089162,408192.0
05/11/2001,6.885747,6.914438,6.842712,6.897224,79200,0.000,0.0,-,8.550721,5.949629,6.847874,7.070800,409884.0
05/10/2001,7.029199,7.029199,6.857055,6.888615,196200,0.000,0.0,-,8.553219,5.941939,6.785615,7.082850,420428.0
05/09/2001,6.799674,7.029199,6.656221,6.888615,409200,0.000,0.0,-,8.557373,5.929947,6.720344,7.102072,420652.0
05/08/2001,7.344799,7.344799,6.770987,6.802546,419400,0.000,0.0,-,8.563411,5.915544,6.659377,7.079120,421468.0
05/07/2001,7.218556,7.531283,7.186996,7.359139,333400,0.000,0.0,-,8.571044,5.902289,6.592527,7.064200,422080.0
05/04/2001,7.273066,7.273066,6.943125,7.146828,448800,0.000,0.0,-,8.576791,5.884960,6.494979,6.988170,430176.0
05/03/2001,7.186996,7.373485,6.857054,7.273068,568600,0.000,0.0,-,8.583331,5.866942,6.401591,6.962062,437112.0
05/02/2001,7.488247,7.689081,7.399307,7.462426,815400,0.000,0.0,-,8.589912,5.840489,6.260290,6.927920,442888.0
05/01/2001,6.943128,7.072236,6.687781,7.072236,246400,0.000,0.0,-,8.595277,5.816906,6.120280,6.882016,474544.0
04/30/2001,7.089448,7.089448,6.914435,6.917305,116600,0.000,0.0,-,8.602728,5.813750,6.015272,6.747170,484560.0
04/27/2001,7.080842,7.186997,6.670567,7.017723,429000,0.000,0.0,-,8.610818,5.822873,5.929775,6.624948,505508.0
04/26/2001,6.730813,7.100922,6.641872,7.080839,225600,0.000,0.0,-,8.617959,5.840145,5.839256,6.488381,501556.0
04/25/2001,6.653352,6.670566,6.168480,6.659090,335400,0.000,0.0,-,8.626935,5.844277,5.750602,6.338616,515532.0
04/24/2001,6.527112,6.713601,6.426695,6.653351,277800,0.000,0.0,-,8.639097,5.867631,5.687339,6.239633,513724.0
04/23/2001,6.928782,6.928782,6.570149,6.598840,148000,0.000,0.0,-,8.651511,5.898387,5.626515,6.120854,512500.0
04/20/2001,6.931649,6.931649,6.814017,6.885744,107400,0.000,0.0,-,8.663077,5.940161,5.564113,6.001788,517520.0
04/19/2001,7.003380,7.043546,6.541460,6.931653,1059200,0.000,0.0,-,8.672760,5.980385,5.475603,5.841121,520000.0
04/18/2001,5.752466,7.172652,5.752466,7.003377,797000,0.000,0.0,-,8.680017,6.015215,5.395843,5.592660,507116.0
04/17/2001,5.695087,5.852885,5.680741,5.723777,314600,0.000,0.0,-,8.690546,6.041668,5.311349,5.358545,499028.0
04/16/2001,5.680739,5.752466,5.565977,5.695085,277800,0.000,0.0,-,8.707967,6.093656,5.291982,5.283375,498624.0
04/12/2001,5.637704,5.723777,5.594669,5.652050,431600,0.000,0.0,-,8.723469,6.154537,5.264152,5.234601,497928.0
04/11/2001,5.738123,5.795505,5.580325,5.583194,229000,0.000,0.0,-,8.738110,6.215017,5.239765,5.190131,497812.0
04/10/2001,5.465560,5.709431,5.465560,5.669264,412200,0.000,0.0,-,8.753364,6.281292,5.229580,5.162588,498548.0
04/09/2001,5.408179,5.537286,5.379488,5.465559,357400,0.000,0.0,-,8.766619,6.342059,5.210788,5.135045,498172.0
04/06/2001,5.236036,5.451216,4.966344,5.408180,1268400,0.000,0.0,-,8.783403,6.410687,5.198308,5.132176,508100.0
04/05/2001,4.805676,5.279071,4.799938,5.279071,579600,0.000,0.0,-,8.801371,6.469503,5.199455,5.126438,496012.0
04/04/2001,4.705259,4.705259,4.418353,4.447044,591000,0.000,0.0,-,8.820522,6.515121,5.220256,5.110084,493528.0
04/03/2001,4.974950,4.974950,4.647877,4.662222,268000,0.000,0.0,-,8.844191,6.572502,5.284666,5.199025,491128.0
04/02/2001,5.178653,5.181522,4.934784,4.972081,211200,0.000,0.0,-,8.866113,6.619841,5.336166,5.264152,492940.0
03/30/2001,5.164312,5.224562,5.083978,5.207348,369600,0.000,0.0,-,8.883481,6.667296,5.372316,5.300590,505980.0
03/29/2001,5.264729,5.264729,5.095455,5.207348,360800,0.000,0.0,-,8.899091,6.695126,5.408897,5.293704,510984.0
03/28/2001,5.393834,5.413918,5.267595,5.307762,156800,0.000,0.0,-,8.916404,6.728751,5.474168,5.289400,515080.0
03/27/2001,5.393833,5.436869,5.336452,5.393833,184400,0.000,0.0,-,8.934425,6.760253,5.523229,5.296573,524624.0
03/26/2001,5.379489,5.465560,5.350798,5.436870,103200,0.000,0.0,-,8.951209,6.791067,5.561961,5.286531,529160.0
03/23/2001,5.178654,5.738121,5.178654,5.350798,451800,0.000,0.0,-,8.965895,6.819471,5.597107,5.264439,556360.0
03/22/2001,5.365143,5.365143,4.997903,5.115534,620600,0.000,0.0,-,8.979218,6.839726,5.654201,5.272473,568124.0
03/21/2001,5.385226,5.385226,5.279071,5.336452,527000,0.000,0.0,-,8.994973,6.868819,5.710722,5.330428,567064.0
03/20/2001,5.322105,5.422523,5.310629,5.313498,161600,0.000,0.0,-,9.009265,6.900378,5.741421,5.370308,564668.0
03/19/2001,5.170047,5.479905,5.149963,5.336452,374400,0.000,0.0,-,9.021250,6.947603,5.789908,5.408180,570696.0
03/16/2001,5.193000,5.193000,5.020856,5.138488,313800,0.000,0.0,-,9.032583,6.998672,5.868807,5.444043,571464.0
03/15/2001,5.393834,5.402441,5.164309,5.164309,263600,0.000,0.0,-,9.044143,7.040790,5.980557,5.524090,599064.0
03/14/2001,5.221693,5.551635,5.164311,5.379491,903800,0.000,0.0,-,9.053378,7.071489,6.116407,5.658935,600976.0
03/13/2001,5.215952,5.293417,5.106927,5.293417,471000,0.000,0.0,-,9.060596,7.119976,6.211804,5.749884,588324.0
03/12/2001,5.479907,5.479907,5.078239,5.215953,448600,0.000,0.0,-,9.067437,7.175062,6.338472,5.837391,588696.0
03/09/2001,5.723777,5.723777,5.379489,5.431132,409400,0.000,0.0,-,9.073499,7.219360,6.487233,5.929775,585996.0
03/08/2001,5.769681,5.881574,5.695085,5.695085,463200,0.000,0.0,-,9.077365,7.255338,6.650053,6.035930,583784.0
03/07/2001,5.697955,5.809848,5.695086,5.735252,493600,0.000,0.0,-,9.080674,7.291259,6.810146,6.091016,580520.0
03/06/2001,5.723777,5.795504,5.683610,5.692217,437000,0.000,0.0,-,9.085081,7.326319,6.957042,6.112534,576628.0
03/05/2001,5.981991,6.004944,5.637704,5.695085,319000,0.000,0.0,-,9.089749,7.357936,7.088732,6.171636,597884.0
03/02/2001,6.398005,6.398005,5.895919,5.938956,707600,0.000,0.0,-,9.095882,7.390930,7.220135,6.293572,627756.0
03/01/2001,6.125443,6.627529,5.910264,6.512766,606400,0.000,0.0,-,9.103440,7.449918,7.360145,6.437025,622332.0
02/28/2001,6.225861,6.412350,6.053718,6.288980,207400,0.000,0.0,-,9.109429,7.498979,7.468309,6.573879,626480.0
02/27/2001,6.154137,6.197173,6.027898,6.168482,450000,0.000,0.0,-,9.116671,7.553721,7.598708,6.673723,632304.0
02/26/2001,6.527112,6.570148,6.139789,6.139789,450000,0.000,0.0,-,9.124113,7.628316,7.725664,6.839554,634120.0
02/23/2001,7.029202,7.029202,6.326281,6.492687,738200,0.000,0.0,-,9.131071,7.693444,7.863522,7.044692,631492.0
02/22/2001,5.996336,6.412350,5.996336,6.245945,795600,0.000,0.0,-,9.136622,7.764998,7.956336,7.264175,622492.0
02/21/2001,6.326277,6.512766,5.824191,5.950430,857400,0.000,0.0,-,9.143049,7.827716,8.022038,7.529277,614724.0
02/20/2001,7.172653,7.545630,5.594669,6.283244,2398200,0.000,0.0,-,9.149160,7.894622,8.090322,7.801550,604716.0
02/16/2001,7.373488,7.373488,6.627532,6.914438,747200,0.000,0.0,-,9.152890,7.961127,8.127619,8.005828,561068.0
02/15/2001,7.889918,7.918608,7.172653,7.373487,1164000,0.000,0.0,-,9.151670,8.023615,8.149137,8.146699,557136.0
02/14/2001,7.402177,7.967383,7.402177,7.881310,231400,0.000,0.0,-,9.148470,8.059708,8.110405,8.283266,546796.0
02/13/2001,7.826798,8.019025,7.201342,7.287414,924400,0.000,0.0,-,9.142416,8.100621,8.060770,8.362739,553880.0
02/12/2001,8.119440,8.119440,7.818189,7.826796,245000,0.000,0.0,-,9.134849,8.150313,8.040543,8.523693,550432.0
02/09/2001,8.690388,8.707602,8.148135,8.191171,216600,0.000,0.0,-,9.124316,8.206088,7.995930,8.611774,554268.0
02/08/2001,8.894088,9.137959,8.650218,8.687516,399000,0.000,0.0,-,9.112095,8.268518,7.929224,8.682353,552028.0
02/07/2001,8.650220,9.080579,8.549803,8.896959,231400,0.000,0.0,-,9.097483,8.329744,7.813027,8.648497,546980.0
02/06/2001,8.397739,8.690383,8.305929,8.673168,415000,0.000,0.0,-,9.081240,8.383625,7.696686,8.514799,545188.0
02/05/2001,8.435041,8.435041,8.191171,8.326017,392600,0.000,0.0,-,9.065411,8.437965,7.608750,8.379093,544376.0
02/02/2001,8.865399,8.879745,8.323147,8.323147,294400,0.000,0.0,-,9.051037,8.509290,7.576186,8.249411,546484.0
02/01/2001,8.678911,8.739161,8.426433,8.739161,243000,0.000,0.0,-,9.037394,8.587500,7.554524,8.151576,554788.0
01/31/2001,8.937122,9.295755,8.664562,8.676038,425800,0.000,0.0,-,9.019072,8.636217,7.479785,7.937544,554100.0
01/30/2001,8.664565,8.994507,8.564148,8.896959,265800,0.000,0.0,-,9.004337,8.674490,7.380946,7.758801,550980.0
01/29/2001,8.899829,8.899829,8.472339,8.707602,393400,0.000,0.0,-,8.991367,8.708919,7.326290,7.557393,551420.0
01/26/2001,8.291587,9.439212,8.260028,8.896959,853800,0.000,0.0,-,8.976699,8.730437,7.293296,7.380085,545848.0
01/25/2001,8.248547,8.716204,8.133785,8.348965,664000,0.000,0.0,-,8.959471,8.737724,7.219991,7.176095,533908.0
01/24/2001,7.316108,7.628835,7.247250,7.559978,455400,0.000,0.0,-,8.943951,8.765554,7.164045,6.977556,522460.0
01/23/2001,7.029199,7.545630,7.029199,7.316105,471000,0.000,0.0,-,8.932690,8.812320,7.160602,6.878573,520320.0
01/22/2001,7.172651,7.172651,6.713601,7.029198,358600,0.000,0.0,-,8.922334,8.867578,7.169209,6.838406,519180.0
01/19/2001,6.670565,7.344794,6.670565,7.344794,863200,0.000,0.0,-,8.914086,8.918073,7.181402,6.902960,521252.0
01/18/2001,6.845579,6.845579,6.455387,6.598840,619800,0.000,0.0,-,8.903631,8.957666,7.181402,6.957472,509992.0
01/17/2001,6.814019,7.230034,6.799674,6.888615,565600,0.000,0.0,-,8.899821,8.998694,7.295878,7.022026,505940.0
01/16/2001,6.819758,6.914437,6.702127,6.882877,634000,0.000,0.0,-,8.893531,9.047468,7.399738,7.003090,509440.0
01/12/2001,6.854188,6.937391,6.584497,6.934522,411200,0.000,0.0,-,8.886865,9.085626,7.506897,7.095187,536568.0
01/11/2001,6.398004,7.029197,6.268897,6.857054,1463200,0.000,0.0,-,8.879897,9.149549,7.655084,7.206506,539156.0
01/10/2001,6.613185,6.613185,6.111100,6.363577,1040000,0.000,0.0,-,8.872868,9.185412,7.782040,7.263888,518860.0
01/09/2001,6.986162,7.112401,6.311933,6.570148,567600,0.000,0.0,-,8.866782,9.233440,7.967381,7.350533,501124.0
01/08/2001,7.545631,7.545631,6.679175,6.914438,407200,0.000,0.0,-,8.859618,9.282788,8.107965,7.442630,495604.0
01/05/2001,7.864095,7.866964,7.548498,7.674737,463000,0.000,0.0,-,8.851137,9.321521,8.227031,7.500012,499016.0
01/04/2001,7.316104,8.090751,7.316104,7.889916,412800,0.000,0.0,-,8.838898,9.365417,8.323719,7.459845,495576.0
01/03/2001,6.785328,8.262894,6.716470,7.244378,1693800,0.000,0.0,-,8.825225,9.388943,8.431165,7.405332,492096.0
01/02/2001,7.875572,7.889917,6.383660,6.699257,359200,0.000,0.0,-,8.815363,9.435135,8.527852,7.569730,461060.0
12/29/2000,8.033369,8.205512,7.717772,7.803844,271200,0.000,0.0,-,8.808854,9.488787,8.689237,7.796386,461852.0
12/28/2000,7.459557,8.303061,7.459557,8.047714,489600,0.000,0.0,-,8.798211,9.510592,8.787646,7.918607,465104.0
12/27/2000,7.201344,7.516941,7.086582,7.430869,313600,0.000,0.0,-,8.785767,9.525798,8.916036,8.103662,462332.0
12/26/2000,7.387830,7.387830,7.086579,7.230032,298800,0.000,0.0,-,8.777393,9.568317,9.110128,8.300192,466012.0
12/22/2000,7.516940,7.660393,7.482511,7.491118,300000,0.000,0.0,-,8.770964,9.611468,9.336067,8.584229,477724.0
12/21/2000,7.301761,7.671870,7.209950,7.488250,299000,0.000,0.0,-,8.763365,9.657459,9.541061,8.773300,482764.0
12/20/2000,7.344794,7.396438,6.398004,7.273068,1499800,0.000,0.0,-,8.754166,9.704913,9.736157,8.954051,503744.0
12/19/2000,8.750634,8.750634,7.014852,7.344794,1812600,0.000,0.0,-,8.746222,9.753400,9.967117,9.187593,488604.0
12/18/2000,9.180995,9.324448,8.822362,8.888350,436400,0.000,0.0,-,8.737068,9.810064,10.211561,9.456998,458856.0
12/15/2000,8.988768,9.066233,8.589969,8.965816,813800,0.000,0.0,-,8.720286,9.838439,10.325893,9.485975,456064.0
12/14/2000,9.826530,9.826530,9.023193,9.026062,498600,0.000,0.0,-,8.703475,9.874102,10.407087,9.582089,445524.0
12/13/2000,9.396173,10.162211,9.295756,9.898258,540800,0.000,0.0,-,8.688380,9.914211,10.486704,9.656684,445696.0
12/12/2000,9.998675,9.998675,9.367482,9.396173,318600,0.000,0.0,-,8.667759,9.931454,10.480966,9.728411,446784.0
12/11/2000,9.453556,10.122046,9.224031,10.070403,288200,0.000,0.0,-,8.650365,9.955440,10.474223,9.920064,454804.0
12/08/2000,9.324446,9.525280,9.129350,9.381827,407200,0.000,0.0,-,8.624579,9.971220,10.457726,10.087905,454792.0
12/07/2000,9.608484,9.651519,9.143696,9.295756,357000,0.000,0.0,-,8.598919,10.004960,10.483548,10.308823,456160.0
12/06/2000,10.038844,10.038844,9.553972,9.608485,215800,0.000,0.0,-,8.574272,10.043692,10.522711,10.518264,471452.0
12/05/2000,9.249854,10.038846,9.249854,10.038846,550600,0.000,0.0,-,8.547613,10.068280,10.519985,10.746641,502552.0
12/04/2000,9.929820,9.929820,8.937124,9.178125,647000,0.000,0.0,-,8.518847,10.102192,10.484265,10.966123,509356.0
12/01/2000,9.898261,10.113441,9.869571,9.926951,585600,0.000,0.0,-,8.492995,10.161065,10.457869,11.165810,515888.0
11/30/2000,10.558141,10.558141,9.094921,9.772019,752000,0.000,0.0,-,8.464341,10.213748,10.427888,11.232085,510816.0
11/29/2000,11.312706,11.312706,10.543798,10.615524,436800,0.000,0.0,-,8.435923,10.273654,10.378827,11.316723,503408.0
11/28/2000,11.806185,11.806185,11.309836,11.312706,104600,0.000,0.0,-,8.402749,10.310952,10.354583,11.233520,503592.0
11/27/2000,11.662737,11.869309,11.619701,11.748809,146600,0.000,0.0,-,8.363221,10.332513,10.221459,11.028382,509316.0
11/24/2000,11.447551,11.619695,11.361479,11.591004,141800,0.000,0.0,-,8.321287,10.348221,10.072267,10.827548,514192.0
11/22/2000,11.834874,11.906601,11.327050,11.390170,374400,0.000,0.0,-,8.280502,10.357940,9.944594,10.658273,520132.0
11/21/2000,12.193506,12.193506,11.404514,11.892255,498000,0.000,0.0,-,8.240810,10.369703,9.817638,10.527157,527332.0
11/20/2000,11.103260,12.336956,10.859390,12.233669,709600,0.000,0.0,-,8.198653,10.374294,9.716504,10.293329,523396.0
11/17/2000,10.647086,11.174994,10.558145,11.174994,208600,0.000,0.0,-,8.155416,10.372056,9.558132,10.002406,518900.0
11/16/2000,10.586835,10.684383,10.486417,10.589704,269800,0.000,0.0,-,8.117697,10.393144,9.477081,9.749929,522024.0
11/15/2000,9.754804,10.644213,9.754804,10.618391,287800,0.000,0.0,-,8.083398,10.421813,9.416687,9.623690,523516.0
11/14/2000,9.324449,9.797845,9.269938,9.783499,114800,0.000,0.0,-,8.048237,10.443632,9.330472,9.440931,525104.0
11/13/2000,9.697424,9.697424,9.083445,9.261327,256800,0.000,0.0,-,8.017431,10.485377,9.281698,9.475646,528664.0
11/10/2000,9.969988,10.004416,9.740463,9.740463,91600,0.000,0.0,-,7.989952,10.532365,9.296474,9.414535,526016.0
11/09/2000,10.185164,10.185164,9.803579,9.898258,348400,0.000,0.0,-,7.959899,10.571384,9.278829,9.316987,530728.0
11/08/2000,9.525282,10.328619,9.525282,10.079011,414000,0.000,0.0,-,7.930312,10.602944,9.273449,9.230915,532488.0
11/07/2000,9.252722,9.553973,9.180995,9.553973,462200,0.000,0.0,-,7.900269,10.628019,9.262547,9.108119,534872.0
11/06/2000,8.750633,9.611351,8.727680,9.324445,300200,0.000,0.0,-,7.871327,10.660726,9.269720,9.139679,532356.0
11/03/2000,9.295755,9.295755,8.610049,8.650216,417200,0.000,0.0,-,7.843040,10.702686,9.312397,9.113857,530976.0
11/02/2000,8.790800,9.467899,8.607181,9.327314,740600,0.000,0.0,-,7.817721,10.755979,9.395241,9.204233,527392.0
11/01/2000,9.640044,9.826533,8.750635,8.790802,1990400,0.000,0.0,-,7.788388,10.793758,9.466322,9.209684,522852.0
10/31/2000,8.650218,10.256893,8.650218,10.130654,540600,0.000,0.0,-,7.760976,10.841011,9.578359,9.220013,497508.0
10/30/2000,8.822360,8.922777,8.234203,8.650216,448400,0.000,0.0,-,7.727089,10.854653,9.609847,9.087749,498952.0
10/27/2000,9.037537,9.224027,8.764977,8.764977,153200,0.000,0.0,-,7.702307,10.897904,9.707108,9.178412,502704.0
10/26/2000,8.908436,9.080580,8.592840,9.037544,291600,0.000,0.0,-,7.675787,10.930612,9.811829,9.240671,510208.0
10/25/2000,9.611353,9.737592,8.492420,8.851052,577800,0.000,0.0,-,7.648172,10.954102,9.913394,9.315983,510800.0
10/24/2000,9.094923,9.898260,9.094923,9.869570,291000,0.000,0.0,-,7.622028,10.982219,10.032460,9.416975,506140.0
10/23/2000,9.180991,9.295754,8.994502,9.066229,238800,0.000,0.0,-,7.589715,10.989965,10.080875,9.399760,509960.0
10/20/2000,9.310103,9.757676,9.310103,9.553973,142000,0.000,0.0,-,7.560343,11.019696,10.214286,9.510937,511784.0
10/19/2000,8.865396,9.754805,8.865396,9.381827,398800,0.000,0.0,-,7.528667,11.036086,10.342677,9.586249,518872.0
10/18/2000,8.664563,8.894088,8.377657,8.894088,433800,0.000,0.0,-,7.501258,11.057890,10.501641,9.722960,519048.0
10/17/2000,9.611355,9.611355,8.808018,8.808018,351000,0.000,2.0,-,7.477768,11.088374,10.695302,9.936705,525420.0
10/16/2000,9.351705,9.604181,9.180995,9.556843,497600,0.000,0.0,-,7.455425,11.119503,10.878922,10.131945,536472.0
10/13/2000,9.761976,9.761976,9.318706,9.387564,884400,0.000,0.0,-,7.429338,11.121311,11.020618,10.235804,542672.0
10/12/2000,9.860963,9.883916,9.697427,9.790671,552000,0.000,0.0,-,7.404052,11.135290,11.177950,10.382987,548696.0
10/11/2000,9.575493,9.941298,9.546802,9.860964,1348000,0.000,0.0,-,7.376258,11.137442,11.292264,10.510804,580024.0
10/10/2000,10.177992,10.177992,9.654390,9.697425,742800,0.000,0.0,-,7.348247,11.119360,11.398133,10.647944,583280.0
10/09/2000,10.342964,10.342964,10.106266,10.177993,325200,0.000,0.0,-,7.320561,11.078189,11.519350,10.761990,581344.0
10/06/2000,10.713074,10.715942,10.242548,10.307101,296800,0.000,0.0,-,7.288544,11.022923,11.616540,10.917636,582640.0
10/05/2000,11.045885,11.153475,10.723116,10.748938,286800,0.000,0.0,-,7.254985,10.964897,11.712653,11.099104,582064.0
10/04/2000,10.730286,11.031537,10.611220,11.031537,507200,0.000,0.0,-,7.217827,10.897854,11.776364,11.280321,591840.0
10/03/2000,10.559580,10.802016,10.550973,10.760414,595200,0.000,0.0,-,7.179167,10.831614,11.810255,11.453899,590104.0
10/02/2000,10.908166,10.908166,10.487848,10.595438,719600,0.000,0.0,-,7.141772,10.778329,11.865771,11.625899,584240.0
09/29/2000,11.060229,11.074574,10.859394,10.859394,287600,0.000,0.0,-,7.104933,10.733005,11.916536,11.805431,573488.0
09/28/2000,11.189334,11.196507,10.938292,11.068834,475600,0.000,0.0,-,7.066282,10.685988,11.958137,11.972913,569856.0
09/27/2000,10.760410,11.404514,10.758975,11.232370,1121600,0.000,0.0,-,7.026403,10.633707,11.978508,12.073724,563712.0
09/26/2000,11.619699,11.728724,10.830707,10.837880,1770800,0.000,0.0,-,6.985842,10.580844,11.983528,12.148321,545296.0
09/25/2000,12.121778,12.164814,11.605347,11.734455,890800,0.000,0.0,-,6.946760,10.534796,12.001101,12.276711,514600.0
09/22/2000,12.570069,12.570069,11.807975,12.121778,973600,0.000,0.0,-,6.903330,10.471354,11.985501,12.315443,503456.0
09/21/2000,12.749390,12.785253,12.561108,12.561108,332000,0.000,0.0,-,6.856887,10.399627,11.945155,12.326203,489472.0
09/20/2000,12.480410,12.767316,12.426615,12.767316,381600,0.000,0.0,-,6.805647,10.317321,11.877911,12.272407,498696.0
09/19/2000,12.390756,12.552141,11.861773,12.480414,446000,0.000,0.0,-,6.753107,10.239498,11.797219,12.166611,498160.0
09/18/2000,12.534211,12.785253,12.211441,12.390758,390800,0.000,0.0,-,6.702002,10.171716,11.713837,12.105644,495296.0
09/15/2000,12.050057,12.534211,12.050057,12.534211,390400,0.000,0.0,-,6.651256,10.106624,11.634938,12.027641,497424.0
09/14/2000,12.067988,12.265236,12.005227,12.076954,438800,0.000,0.0,-,6.600375,10.034181,11.528244,11.943362,496272.0
09/13/2000,12.050060,12.121787,11.888675,11.978333,734400,0.000,0.0,-,6.552004,9.969089,11.435000,11.883291,498016.0
09/12/2000,12.193505,12.193505,11.978325,12.121778,301200,0.000,0.0,-,6.504306,9.897183,11.348928,11.818736,493912.0
09/11/2000,12.265231,12.354890,12.085915,12.121778,484800,0.000,0.0,-,6.456070,9.836933,11.255683,11.725492,501456.0
09/08/2000,12.023161,12.408691,11.996264,12.229375,364800,0.000,0.0,-,6.407834,9.778655,11.177232,11.655559,499336.0
09/07/2000,11.700383,12.175571,11.682452,12.023152,344400,0.000,0.0,-,6.359194,9.709977,11.084436,11.564107,498528.0
09/06/2000,11.843840,11.960395,11.494173,11.709352,367200,0.000,0.0,-,6.311541,9.641119,11.006882,11.483415,500232.0
09/05/2000,11.574871,11.870743,11.574871,11.870743,292800,0.000,0.0,-,6.265322,9.579614,10.942328,11.427827,502616.0
09/01/2000,11.691423,11.691423,11.583834,11.610731,124400,0.000,0.0,-,6.217579,9.508605,10.867015,11.322030,510624.0
08/31/2000,11.458311,11.691422,11.458311,11.691422,327200,0.000,0.0,-,6.171226,9.452837,10.768839,11.242234,511880.0
08/30/2000,11.332787,11.539001,11.243129,11.476240,436400,0.000,0.0,-,6.124469,9.399042,10.688595,11.113127,516968.0
08/29/2000,11.198301,11.404515,10.992088,11.332788,533200,0.000,0.0,-,6.078744,9.351703,10.609696,10.986709,527848.0
08/28/2000,11.431412,11.467275,11.189335,11.189335,336400,0.000,0.0,-,6.033780,9.308667,10.490899,10.879119,533576.0
08/25/2000,11.332790,11.539004,11.305893,11.422448,231200,0.000,0.0,-,5.989310,9.265810,10.313376,10.785875,547312.0
08/24/2000,11.198304,11.314859,10.992090,11.314859,238000,0.000,0.0,-,5.943898,9.206277,10.112990,10.698906,551344.0
08/23/2000,11.117605,11.386579,11.027946,11.216228,513600,0.000,0.0,-,5.898979,9.146565,9.917535,10.604765,561048.0
08/22/2000,10.812769,11.189333,10.705179,11.153470,723200,0.000,0.0,-,5.854598,9.095639,9.726563,10.530349,565648.0
08/21/2000,10.821740,10.974159,10.687253,10.812775,612800,0.000,0.0,-,5.810621,9.050810,9.554868,10.456829,568720.0
08/18/2000,10.436210,10.866570,10.436210,10.812775,636000,0.000,0.0,-,5.768302,9.009567,9.419035,10.412000,571120.0
08/17/2000,10.185168,10.436211,10.041715,10.400348,528400,0.000,0.0,-,5.726029,8.960793,9.294859,10.295444,567616.0
08/16/2000,10.185165,10.328618,10.113439,10.212063,321200,0.000,0.0,-,5.685324,8.913095,9.200270,10.264063,563384.0
08/15/2000,10.185164,10.427241,10.005848,10.256890,344800,0.000,0.0,-,5.645202,8.874183,9.112405,10.232683,565768.0
08/14/2000,10.750010,10.750010,10.158266,10.256890,482000,0.000,0.0,-,5.604676,8.832941,9.029023,10.102678,582512.0
08/11/2000,10.337582,10.606556,10.283787,10.552761,330000,0.000,0.0,-,5.564330,8.782015,8.942951,9.840877,589216.0
08/10/2000,10.472070,10.543797,10.256891,10.373446,496400,0.000,0.0,-,5.522505,8.723020,8.843431,9.527073,593392.0
08/09/2000,10.382411,10.525864,10.382411,10.472069,407600,0.000,0.0,-,5.481038,8.664563,8.751531,9.230305,594752.0
08/08/2000,10.328620,10.561731,10.328620,10.418278,752400,0.000,0.0,-,5.439123,8.595347,8.650217,8.922778,592848.0
08/07/2000,9.629282,10.463102,9.593418,10.364478,903600,0.000,0.0,-,5.397611,8.523441,8.573111,8.652906,584144.0
08/04/2000,10.059644,10.167234,9.467900,9.647217,807600,0.000,0.0,-,5.356637,8.449383,8.509454,8.426071,571488.0
08/03/2000,9.754804,10.310685,9.754804,10.086539,1185600,0.000,0.0,-,5.318936,8.385009,8.483902,8.294274,560472.0
08/02/2000,8.956848,10.095506,8.750634,9.898258,2118400,0.000,0.0,-,5.279083,8.307365,8.425176,8.136476,542760.0
08/01/2000,7.854052,9.001676,7.854052,8.956847,1510800,0.000,0.0,-,5.240350,8.236535,8.371381,7.992127,507720.0
07/31/2000,7.378865,7.755429,7.118856,7.638874,646000,0.000,0.0,-,5.206460,8.189733,8.342690,7.955367,487320.0
07/28/2000,7.441624,7.594042,7.369897,7.414726,390000,0.000,0.0,-,5.179338,8.169471,8.416210,8.045025,485960.0
07/27/2000,7.378864,7.522317,7.253343,7.405762,268000,0.000,0.0,-,5.153023,8.159608,8.505868,8.159788,495552.0
07/26/2000,7.683704,7.683704,7.181618,7.396798,775600,0.000,0.0,-,5.126619,8.160505,8.575353,8.272757,498400.0
07/25/2000,8.060262,8.060262,7.638869,7.719562,420400,0.000,0.0,-,5.100573,8.166781,8.634528,8.377657,489856.0
07/24/2000,8.293377,8.302343,7.997505,8.096129,302000,0.000,0.0,-,5.072600,8.167140,8.680254,8.493316,493080.0
07/21/2000,8.499594,8.598218,8.320278,8.329244,182000,0.000,0.0,-,5.042699,8.158353,8.691461,8.592837,500752.0
07/20/2000,8.472700,8.625119,8.472700,8.508563,106000,0.000,0.0,-,5.011677,8.142394,8.716117,8.673529,505952.0
07/19/2000,8.571320,8.571320,8.445799,8.454764,168400,0.000,0.0,-,4.979759,8.124283,8.740772,8.713875,520416.0
07/18/2000,8.517523,8.652010,8.517523,8.589250,200800,0.000,0.0,-,4.948244,8.105813,8.773497,8.750634,530728.0
07/17/2000,8.535455,8.598215,8.499591,8.535455,236000,0.000,0.0,-,4.916416,8.077481,8.803085,8.730013,537376.0
07/14/2000,8.571319,8.822362,8.535456,8.562353,333600,0.000,0.0,-,4.885170,8.047356,8.828637,8.787394,543800.0
07/13/2000,8.481660,8.750634,8.427865,8.535455,274400,0.000,0.0,-,4.853162,8.009520,8.822809,8.851948,551752.0
07/12/2000,8.813393,8.813393,8.320274,8.445795,793200,0.000,0.0,-,4.821288,7.973478,8.812499,8.877949,556728.0
07/11/2000,9.127199,9.252720,8.660976,8.876156,354800,0.000,0.0,-,4.789729,7.937973,8.823706,8.891398,571000.0
07/10/2000,9.198926,9.243755,9.001678,9.091336,302800,0.000,0.0,-,4.756107,7.875930,8.825499,8.867191,574960.0
07/07/2000,8.903056,9.163065,8.867193,9.136168,497200,0.000,0.0,-,4.721095,7.808507,8.808464,8.790085,577160.0
07/06/2000,8.858223,9.001676,8.732702,8.912018,332800,0.000,0.0,-,4.685815,7.740725,8.770359,8.758704,571656.0
07/05/2000,8.383035,8.849257,8.266480,8.822360,526000,0.000,0.0,-,4.651655,7.677785,8.725530,8.767670,575472.0
07/03/2000,9.073403,9.073403,8.338207,8.383036,529200,0.000,0.0,-,4.618078,7.614307,8.697736,8.796360,576008.0
06/30/2000,9.243753,9.432036,8.912018,9.109266,678400,0.000,0.0,-,4.586653,7.556792,8.688322,8.876156,594856.0
06/29/2000,8.777534,9.261688,8.777534,9.207893,378800,0.000,0.0,-,4.551597,7.483631,8.618389,8.869880,601736.0
06/28/2000,8.553388,8.831329,8.553388,8.795465,324400,0.000,0.0,-,4.516406,7.411366,8.538145,8.793670,617944.0
06/27/2000,8.598216,8.822361,8.481660,8.580284,429600,0.000,0.0,-,4.483367,7.336950,8.470901,8.747048,627560.0
06/26/2000,8.284413,8.660977,8.140960,8.634080,486400,0.000,0.0,-,4.451673,7.279927,8.392450,8.756014,632056.0
06/23/2000,8.804432,8.804432,8.069235,8.320278,693200,0.000,0.0,-,4.419799,7.233305,8.301895,8.783808,662648.0
06/22/2000,9.019608,9.019608,8.804428,8.822360,187200,0.000,0.0,-,4.389629,7.182379,8.218962,8.826844,660696.0
06/21/2000,9.073402,9.073402,8.840291,9.001676,581600,0.000,0.0,-,4.357083,7.114956,8.099268,8.782014,664760.0
06/20/2000,9.216856,9.315480,9.028574,9.109266,980400,0.000,0.0,-,4.323461,7.039823,7.959401,8.683391,656552.0
06/19/2000,9.010644,9.530661,8.938917,9.180994,819600,0.000,0.0,-,4.289347,6.963793,7.821776,8.599112,637840.0
06/16/2000,8.409933,9.091335,8.158890,9.046506,1023200,0.000,0.0,-,4.254559,6.885073,7.693565,8.500488,631792.0
06/15/2000,8.329240,8.499590,8.158889,8.445795,432800,0.000,0.0,-,4.220489,6.811732,7.572527,8.366898,623608.0
06/14/2000,8.634081,8.643047,8.230620,8.329244,723200,0.000,0.0,-,4.189602,6.747896,7.496317,8.282619,622584.0
06/13/2000,8.894084,8.965811,8.517520,8.669939,743600,0.000,0.0,-,4.159477,6.698046,7.452384,8.194754,611192.0
06/12/2000,8.822360,9.127197,8.822360,8.912018,876800,0.000,0.0,-,4.128007,6.637258,7.404418,8.028887,603400.0
06/09/2000,8.409939,8.947888,8.409939,8.750640,732800,0.000,0.0,-,4.095326,6.570014,7.345692,7.819983,587320.0
06/08/2000,8.033366,8.463724,7.997502,8.374066,460800,0.000,0.0,-,4.063722,6.505819,7.291000,7.611080,580400.0
06/07/2000,8.266483,8.454765,8.006474,8.015440,316800,0.000,0.0,-,4.033955,6.447362,7.248861,7.416522,578432.0
06/06/2000,8.194750,8.347169,8.194750,8.266477,440400,0.000,0.0,-,4.005758,6.389981,7.228239,7.235412,574728.0
06/05/2000,7.746466,8.302346,7.728534,8.194757,1182000,0.000,0.0,-,3.975857,6.327399,7.191480,7.044440,569888.0
06/02/2000,7.611979,7.710603,7.585081,7.710603,817200,0.000,0.0,-,3.946494,6.267866,7.140375,6.886642,549472.0
06/01/2000,7.486456,7.728534,7.486456,7.603012,538800,0.000,0.0,-,3.919731,6.218196,7.106304,6.778155,537840.0
05/31/2000,7.020228,7.495416,7.020228,7.450587,564400,0.000,0.0,-,3.893596,6.169242,7.059682,6.710015,532768.0
05/30/2000,6.822986,7.065063,6.787122,7.011268,312400,0.000,0.0,-,3.867684,6.125669,7.023819,6.710015,523248.0
05/26/2000,6.670566,6.822985,6.616771,6.822985,317200,0.000,0.0,-,3.844149,6.093392,7.006784,6.779949,520512.0
05/25/2000,6.428490,6.778157,6.428490,6.661602,270800,0.000,0.0,-,3.820883,6.070439,6.954334,6.871400,516512.0
05/24/2000,6.240206,6.455386,6.231240,6.428488,256800,0.000,0.0,-,3.798468,6.048383,6.907263,6.970920,512704.0
05/23/2000,6.329863,6.338829,6.025026,6.204342,300000,0.000,0.0,-,3.777219,6.034935,6.873193,7.081200,511600.0
05/22/2000,6.634702,6.742292,6.222275,6.356762,366400,0.000,0.0,-,3.757315,6.029734,6.851227,7.221067,508840.0
05/19/2000,6.562978,6.652636,6.437457,6.616773,490800,0.000,0.0,-,3.736739,6.022024,6.815812,7.338519,508016.0
05/18/2000,6.885744,6.885744,6.482283,6.625736,578000,0.000,0.0,-,3.715041,6.002658,6.760336,7.394107,505056.0
05/17/2000,7.378864,7.378864,6.831950,6.921608,869600,0.000,0.0,-,3.693389,5.983829,6.701610,7.434453,500448.0
05/16/2000,7.710596,7.710596,7.387827,7.450587,410400,0.000,0.0,-,3.670392,5.955677,6.635263,7.409349,484688.0
05/15/2000,7.737500,7.800261,7.674739,7.710603,348400,0.000,0.0,-,3.644436,5.917303,6.516466,7.337623,488800.0
05/12/2000,7.674737,7.827155,7.674737,7.737497,581600,0.000,0.0,-,3.617180,5.875164,6.417394,7.233619,489216.0
05/11/2000,7.567146,7.656804,7.531283,7.656804,685600,0.000,0.0,-,3.589879,5.840556,6.345667,7.037267,494832.0
05/10/2000,7.620942,7.656805,7.522318,7.531284,442000,0.000,0.0,-,3.563071,5.802899,6.251526,6.843606,502184.0
05/09/2000,7.423696,7.746465,7.405764,7.603012,829200,0.000,0.0,-,3.536891,5.770622,6.147523,6.665186,537576.0
05/08/2000,7.181617,7.531284,7.145754,7.531284,684000,0.000,0.0,-,3.510441,5.716828,6.029622,6.481387,532056.0
05/05/2000,7.011271,7.181621,6.975408,7.172656,533200,0.000,0.0,-,3.484441,5.651198,5.918446,6.293105,520520.0
05/04/2000,6.661599,7.127822,6.652634,7.029198,557200,0.000,0.0,-,3.460412,5.595072,5.822063,6.126564,514328.0
05/03/2000,6.733323,6.912640,6.634700,6.670563,731200,0.000,0.0,-,3.437101,5.540022,5.739578,5.968766,508808.0
05/02/2000,6.688497,6.867814,6.562976,6.733326,523200,0.000,0.0,-,3.415404,5.492324,5.668748,5.861177,500576.0
05/01/2000,5.845708,6.706426,5.845708,6.670563,1506800,0.000,0.0,-,3.393751,5.437811,5.623919,5.695309,495128.0
04/28/2000,5.729155,5.809847,5.729155,5.773984,552800,0.000,0.0,-,3.372727,5.388320,5.571918,5.601168,473800.0
04/27/2000,5.720190,5.791916,5.657429,5.720190,412800,0.000,0.0,-,3.356005,5.354609,5.560710,5.654067,477088.0
04/26/2000,5.756054,5.765020,5.702259,5.747088,222000,0.000,0.0,-,3.339643,5.319821,5.551745,5.659446,488608.0
04/25/2000,5.684326,5.836745,5.666395,5.765018,523600,0.000,0.0,-,3.323190,5.273020,5.536951,5.629859,488888.0
04/24/2000,5.415350,5.720187,5.236034,5.648461,552800,0.000,0.0,-,3.306380,5.224963,5.506019,5.577857,481720.0
04/20/2000,5.307762,5.594668,5.307762,5.507251,1471600,0.000,0.0,-,3.290151,5.180672,5.480467,5.543787,472888.0
04/19/2000,5.594671,5.594671,4.949132,5.451218,1022400,0.000,0.0,-,3.274226,5.139564,5.466009,5.517562,447872.0
04/18/2000,5.110514,5.612599,5.110514,5.594667,1189200,0.000,0.0,-,3.258850,5.099755,5.454802,5.510390,430008.0
04/17/2000,5.657428,5.711223,4.895334,5.074650,805200,0.000,0.0,-,3.242846,5.059589,5.432836,5.476320,408632.0
04/14/2000,6.302969,6.302969,5.531909,5.729157,654400,0.000,0.0,-,3.228904,5.030719,5.442698,5.552529,395208.0
04/13/2000,5.935371,6.392627,5.917439,6.302969,2016000,0.000,0.0,-,3.211645,4.990731,5.426111,5.542667,388016.0
04/12/2000,5.469146,5.800881,5.469146,5.773984,595600,0.000,0.0,-,3.191606,4.936398,5.394731,5.467354,352216.0
04/11/2000,5.236038,5.738124,5.164311,5.451218,390400,0.000,0.0,-,3.173226,4.893362,5.383972,5.444043,343448.0
04/10/2000,5.289828,5.451212,5.227067,5.244998,171200,0.000,0.0,-,3.156998,4.859651,5.399214,5.444043,339736.0
04/07/2000,5.271899,5.370523,5.271899,5.307762,44800,0.000,0.0,-,3.141846,4.829347,5.434181,5.434181,342720.0
04/06/2000,5.379486,5.433280,5.236033,5.244998,517200,0.000,0.0,-,3.126469,4.802808,5.467354,5.417146,362752.0
04/05/2000,5.236038,5.522944,5.236038,5.379491,614000,0.000,0.0,-,3.111541,4.779317,5.487527,5.414456,371976.0
04/04/2000,5.854677,5.854677,5.164310,5.253968,381600,0.000,0.0,-,3.095582,4.747040,5.502769,5.399214,368944.0
04/03/2000,5.594671,5.863645,5.594671,5.836748,153600,0.000,0.0,-,3.080430,4.715301,5.515769,5.389352,365016.0
03/31/2000,5.549839,5.702258,5.505010,5.630532,354000,0.000,0.0,-,3.062498,4.670293,5.500527,5.332867,367304.0
03/30/2000,5.549840,5.612601,5.513977,5.549840,72800,0.000,0.0,-,3.045732,4.626899,5.499183,5.309556,366128.0
03/29/2000,5.433282,5.648462,5.424317,5.540872,386800,0.000,0.0,-,3.029683,4.582069,5.522045,5.322108,370496.0
03/28/2000,5.343628,5.522944,5.343628,5.451218,362400,0.000,0.0,-,3.013635,4.538316,5.533701,5.323901,372224.0
03/27/2000,5.020857,5.146378,4.993959,5.146378,131600,0.000,0.0,-,2.997944,4.503170,5.557012,5.354385,369672.0
03/24/2000,5.209138,5.343625,5.110514,5.137412,198400,0.000,0.0,-,2.983958,4.469459,5.545356,5.434181,372008.0
03/23/2000,5.245003,5.245003,5.164310,5.218105,161200,0.000,0.0,-,2.969971,4.437003,5.500976,5.517563,374256.0
03/22/2000,5.173277,5.361559,5.119482,5.227072,235600,0.000,0.0,-,2.955895,4.405084,5.458388,5.560598,373952.0
03/21/2000,5.262935,5.262935,4.949131,5.155345,285200,0.000,0.0,-,2.941325,4.368683,5.410869,5.606324,379432.0
03/20/2000,5.370522,5.379488,5.236035,5.271898,88400,0.000,0.0,-,2.927966,4.329413,5.367385,5.642187,380704.0
03/17/2000,5.639498,5.639498,5.334661,5.397421,175600,0.000,0.0,-,2.912679,4.288349,5.304176,5.668188,391056.0
03/16/2000,5.567770,5.720189,5.540873,5.675360,117200,0.000,0.0,-,2.896496,4.258403,5.244105,5.688809,392328.0
03/15/2000,5.773984,5.773984,5.531907,5.558805,80400,0.000,0.0,-,2.879237,4.228816,5.164757,5.721982,397760.0
03/14/2000,5.944335,5.944335,5.549839,5.756053,201600,0.000,0.0,-,2.863143,4.204429,5.085858,5.743500,403304.0
03/13/2000,5.971234,6.025029,5.845712,5.944336,162000,0.000,0.0,-,2.845839,4.176097,4.968406,5.759639,400312.0
03/10/2000,5.648463,5.971232,5.585702,5.971232,325200,0.000,0.0,-,2.827325,4.143820,4.839298,5.656532,400920.0
03/09/2000,5.720187,5.720187,5.603632,5.648461,342800,0.000,0.0,-,2.808093,4.109033,4.712432,5.484388,398112.0
03/08/2000,5.505009,5.729154,5.505009,5.684325,347600,0.000,0.0,-,2.790386,4.081239,4.602601,5.356177,400896.0
03/07/2000,5.496044,5.513975,5.397420,5.513975,81600,0.000,0.0,-,2.772409,4.050755,4.491425,5.215414,404864.0
03/06/2000,5.522942,5.845711,5.415352,5.531908,616000,0.000,0.0,-,2.755598,4.015968,4.395042,5.092583,417720.0
03/03/2000,5.917438,5.917438,5.594669,5.603635,369200,0.000,0.0,-,2.738922,3.977236,4.300005,4.940164,412064.0
03/02/2000,5.773984,6.132616,5.720189,6.007095,862400,0.000,0.0,-,2.721977,3.931510,4.206312,4.799401,406264.0
03/01/2000,5.899505,6.007095,5.469146,5.773984,1053200,0.000,0.0,-,2.703014,3.877356,4.085274,4.607532,392472.0
02/29/2000,4.949130,6.025027,4.805677,5.917438,2211600,0.000,0.0,-,2.685351,3.827506,3.977684,4.428216,376440.0
02/28/2000,4.231866,5.011892,4.222900,4.913268,553200,0.000,0.0,-,2.666837,3.773712,3.870094,4.177173,336888.0
02/25/2000,4.366351,4.366351,4.249796,4.249796,107200,0.000,0.0,-,2.653298,3.738028,3.810920,4.022064,330072.0
02/24/2000,4.294625,4.500839,4.249796,4.366352,223600,0.000,0.0,-,2.643346,3.714896,3.797471,3.940475,335008.0
02/23/2000,4.303589,4.393247,4.231862,4.276691,281200,0.000,0.0,-,2.633125,3.689971,3.782678,3.849024,335360.0
02/22/2000,3.971856,4.303591,3.944959,4.285660,319600,0.000,0.0,-,2.623756,3.664867,3.757125,3.767435,340920.0
02/18/2000,4.213934,4.222900,3.998754,4.007720,250800,0.000,0.0,-,2.613625,3.640121,3.726193,3.697502,345296.0
02/17/2000,4.097378,4.276694,4.025651,4.196002,440400,0.000,0.0,-,2.604076,3.616631,3.705123,3.659846,367888.0
02/16/2000,3.980822,4.187036,3.953925,4.088412,717200,0.000,0.0,-,2.593317,3.578974,3.668364,3.613224,362448.0
02/15/2000,3.460804,4.151172,3.407009,3.980822,988800,0.000,0.0,-,2.583365,3.542394,3.629362,3.563015,349464.0
02/14/2000,3.362180,3.407009,3.263556,3.407009,236000,0.000,0.0,-,2.574444,3.507965,3.597982,3.527152,333672.0
02/11/2000,3.442874,3.442874,3.317352,3.362181,165200,0.000,0.0,-,2.568930,3.484654,3.612327,3.563015,340888.0
02/10/2000,3.451837,3.460803,3.380110,3.433905,111200,0.000,0.0,-,2.563595,3.464570,3.617258,3.599775,338384.0
02/09/2000,3.424942,3.532532,3.353215,3.451839,220800,0.000,0.0,-,2.557902,3.443949,3.621293,3.654467,337304.0
02/08/2000,3.622189,3.640120,3.460804,3.460804,129200,0.000,0.0,-,2.550505,3.423686,3.629811,3.716331,334288.0
02/07/2000,3.631157,3.631157,3.550465,3.586328,120400,0.000,0.0,-,2.542615,3.403961,3.627121,3.746815,332496.0
02/04/2000,3.711848,3.720813,3.586326,3.631155,134000,0.000,0.0,-,2.533784,3.381726,3.607396,3.754884,331440.0
02/03/2000,3.586328,3.738746,3.577362,3.729781,294800,0.000,0.0,-,2.524594,3.359132,3.586774,3.750401,332040.0
02/02/2000,3.604259,3.622191,3.514601,3.586328,226000,0.000,0.0,-,2.515001,3.334387,3.595292,3.723503,330960.0
02/01/2000,3.747710,3.747710,3.586326,3.622189,157200,0.000,0.0,-,2.506169,3.311972,3.625776,3.695709,331480.0
01/31/2000,3.729779,3.792539,3.649086,3.765642,204800,0.000,0.0,-,2.497024,3.285971,3.661639,3.668812,331408.0
01/28/2000,3.962892,3.962892,3.658054,3.729781,320400,0.000,0.0,-,2.487341,3.257460,3.690330,3.661639,330272.0
01/27/2000,4.124275,4.321523,3.927027,3.980822,1046400,0.000,0.0,-,2.477972,3.229666,3.720365,3.634742,328432.0
01/26/2000,3.765643,4.088412,3.765643,4.070481,978400,0.000,0.0,-,2.467751,3.196672,3.732917,3.588119,309392.0
01/25/2000,3.667018,3.783574,3.658052,3.765642,462400,0.000,0.0,-,2.456454,3.162064,3.742331,3.543290,299488.0
01/24/2000,3.622190,3.684951,3.622190,3.667019,185200,0.000,0.0,-,2.446233,3.132656,3.762056,3.507427,291888.0
01/21/2000,3.496670,3.586328,3.478738,3.586328,268000,0.000,0.0,-,2.436370,3.106117,3.767435,3.459908,291416.0
01/20/2000,3.308385,3.496667,3.281488,3.460804,295200,0.000,0.0,-,2.426867,3.081013,3.767884,3.423148,289624.0
01/19/2000,3.362181,3.362181,3.281489,3.308387,291200,0.000,0.0,-,2.418304,3.058598,3.760711,3.467080,285232.0
01/18/2000,3.658053,3.658053,3.299421,3.353216,473200,0.000,0.0,-,2.410908,3.039590,3.760263,3.555842,285104.0
01/14/2000,3.451839,3.711848,3.451839,3.693916,234800,0.000,0.0,-,2.403556,3.019507,3.756676,3.654466,281744.0
01/13/2000,3.478736,3.514599,3.442872,3.460804,248400,0.000,0.0,-,2.394410,2.992789,3.733365,3.719020,292920.0
01/12/2000,3.640120,3.783573,3.460804,3.514599,310800,0.000,0.0,-,2.386431,2.968760,3.716778,3.805988,293232.0
01/11/2000,3.442873,3.622189,3.407009,3.622189,146000,0.000,0.0,-,2.378406,2.942222,3.695709,3.877715,287968.0
01/10/2000,3.209761,3.442872,3.209761,3.407009,509600,0.000,0.0,-,2.370561,2.912814,3.670605,3.941372,286552.0
01/07/2000,3.218726,3.335282,2.976649,3.191829,348800,0.000,0.0,-,2.363658,2.888427,3.651328,4.016685,276888.0
01/06/2000,3.873231,3.873231,3.191829,3.218727,606000,0.000,0.0,-,2.356889,2.868343,3.644155,4.074963,271056.0
01/05/2000,4.213931,4.213931,3.873230,3.900128,239200,0.000,0.0,-,2.349806,2.845570,3.624879,4.112619,260000.0
01/04/2000,4.285660,4.285660,4.088412,4.196002,388800,0.000,0.0,-,2.339629,2.809348,3.545532,4.054342,255392.0
01/03/2000,4.375318,4.447045,4.303592,4.339455,357600,0.000,0.0,-,2.328108,2.767747,3.448701,3.964683,248304.0
12/31/1999,4.348421,4.411182,4.330489,4.339455,52000,0.000,0.0,-,2.315870,2.724352,3.344697,3.858887,241720.0
12/30/1999,4.213934,4.375319,4.213934,4.330490,192400,0.000,0.0,-,2.303945,2.679703,3.239797,3.747711,240752.0
12/29/1999,4.240830,4.267728,4.052548,4.231864,184800,0.000,0.0,-,2.291797,2.635412,3.141173,3.627569,237360.0
12/28/1999,4.169103,4.411180,4.169103,4.258761,482000,0.000,0.0,-,2.280231,2.593810,3.049722,3.513703,233968.0
12/27/1999,3.810472,4.196002,3.810472,4.160139,546000,0.000,0.0,-,2.268755,2.552209,2.958719,3.399837,225344.0
12/23/1999,3.595290,3.935991,3.595290,3.774607,724400,0.000,0.0,-,2.258085,2.513297,2.874440,3.285971,215808.0
12/22/1999,3.317351,3.622189,3.317351,3.595291,333200,0.000,0.0,-,2.249657,2.480841,2.809438,3.213348,202488.0
12/21/1999,3.281489,3.362181,3.281489,3.317352,79200,0.000,0.0,-,2.242171,2.451433,2.754747,3.137139,202808.0
12/20/1999,3.245625,3.299420,3.200796,3.299420,172800,0.000,0.0,-,2.235312,2.428839,2.713504,3.036721,203224.0
12/17/1999,3.227694,3.335284,3.227694,3.281489,251600,0.000,0.0,-,2.228767,2.405349,2.671813,2.932718,200320.0
12/16/1999,3.155967,3.263556,3.155967,3.227693,234000,0.000,0.0,-,2.222177,2.382038,2.623846,2.830508,196544.0
12/15/1999,3.084241,3.191831,3.084241,3.129070,212400,0.000,0.0,-,2.215587,2.359982,2.579465,2.731884,193824.0
12/14/1999,3.102172,3.227694,3.093207,3.093207,354000,0.000,0.0,-,2.209939,2.339898,2.540015,2.654778,191568.0
12/13/1999,3.012514,3.164933,2.958719,3.120104,241200,0.000,0.0,-,2.204470,2.321070,2.501910,2.585741,185160.0
12/10/1999,3.012514,3.138035,2.913890,3.021479,559200,0.000,0.0,-,2.198776,2.303138,2.462909,2.517601,181408.0
12/09/1999,2.869060,3.066308,2.842163,3.048376,538400,0.000,0.0,-,2.193487,2.288434,2.426598,2.462909,173112.0
12/08/1999,2.322146,2.833197,2.322146,2.833197,1380400,0.000,0.0,-,2.188197,2.270682,2.391183,2.405528,162552.0
12/07/1999,2.259385,2.313180,2.259385,2.313180,168400,0.000,0.0,-,2.184072,2.257233,2.366078,2.372355,136512.0
12/06/1999,2.259386,2.286284,2.241454,2.259386,68000,0.000,0.0,-,2.183131,2.253647,2.367423,2.390286,133936.0
12/03/1999,2.250420,2.286284,2.241454,2.259386,199200,0.000,0.0,-,2.182503,2.251495,2.372354,2.410907,134640.0
12/02/1999,2.349044,2.349044,2.151796,2.241454,596800,0.000,0.0,-,2.182010,2.248088,2.376837,2.417183,131104.0
12/01/1999,2.384906,2.411803,2.340077,2.358009,40000,0.000,0.0,-,2.181697,2.244861,2.382665,2.427046,121080.0
11/30/1999,2.420769,2.429735,2.402838,2.402838,57200,0.000,0.0,-,2.180665,2.239302,2.377734,2.425253,120784.0
11/29/1999,2.456633,2.456633,2.438702,2.438702,70000,0.000,0.0,-,2.179052,2.233384,2.366975,2.418080,120456.0
11/26/1999,2.474565,2.474565,2.465599,2.474565,39600,0.000,0.0,-,2.177169,2.226570,2.352630,2.408218,120056.0
11/24/1999,2.492496,2.492496,2.465599,2.474565,67600,0.000,0.0,-,2.175645,2.219039,2.338284,2.390286,123816.0
11/23/1999,2.483531,2.510428,2.474565,2.501462,164000,0.000,0.0,-,2.173672,2.212942,2.323939,2.376837,123160.0
11/22/1999,2.456633,2.510428,2.447667,2.492496,240800,0.000,0.0,-,2.170848,2.206666,2.302869,2.359802,121488.0
11/19/1999,2.322145,2.474564,2.322145,2.465598,252000,0.000,0.0,-,2.169189,2.201645,2.282696,2.344560,119192.0
11/18/1999,2.340077,2.358009,2.322145,2.322145,153600,0.000,0.0,-,2.168741,2.197521,2.265213,2.333801,114624.0
11/17/1999,2.331112,2.340078,2.313180,2.340078,148000,0.000,0.0,-,2.169638,2.196804,2.257592,2.336491,112480.0
11/16/1999,2.322146,2.340078,2.322146,2.340078,228400,0.000,0.0,-,2.170220,2.196266,2.245937,2.338284,110776.0
11/15/1999,2.331111,2.331111,2.322145,2.331111,94400,0.000,0.0,-,2.170400,2.195011,2.234729,2.330215,112048.0
11/12/1999,2.295249,2.366975,2.295249,2.340078,483200,0.000,0.0,-,2.170444,2.194114,2.225764,2.315870,112000.0
11/11/1999,2.331112,2.340078,2.286283,2.295249,82400,0.000,0.0,-,2.169862,2.191783,2.217694,2.297042,104208.0
11/10/1999,2.331112,2.340078,2.322146,2.340078,161600,0.000,0.0,-,2.169772,2.190528,2.213660,2.286283,105544.0
11/09/1999,2.331111,2.340077,2.322145,2.331111,178400,0.000,0.0,-,2.180486,2.189093,2.204246,2.271041,105480.0
11/08/1999,2.349043,2.349043,2.331112,2.340078,75600,0.000,0.0,-,2.191424,2.188555,2.193935,2.245937,102872.0
11/05/1999,2.349043,2.366974,2.340077,2.358009,284800,0.000,0.0,-,2.202318,2.189273,2.186314,2.220833,101928.0
11/04/1999,2.411804,2.411804,2.340077,2.349043,305200,0.000,0.0,-,2.214018,2.189631,2.174658,2.196625,96840.0
11/03/1999,2.295248,2.366974,2.277316,2.358009,793600,0.000,0.0,-,2.226077,2.191245,2.163003,2.178693,96056.0
11/02/1999,2.205591,2.259386,2.205591,2.259386,264000,0.000,0.0,-,2.238316,2.192500,2.151347,2.153589,83336.0
11/01/1999,2.169728,2.196626,2.169728,2.187660,47600,0.000,0.0,-,2.249478,2.194832,2.144623,2.139244,81648.0
10/29/1999,2.151795,2.169727,2.142829,2.151795,75200,0.000,0.0,-,2.259834,2.196804,2.142830,2.135657,81256.0
10/28/1999,2.187660,2.187660,2.178694,2.187660,26400,0.000,0.0,-,2.269786,2.200211,2.146416,2.138347,80280.0
10/27/1999,2.080070,2.187660,2.080070,2.187660,57200,0.000,0.0,-,2.279289,2.203618,2.151347,2.141037,84160.0
10/26/1999,2.089035,2.089035,2.062138,2.080070,53200,0.000,0.0,-,2.289241,2.207384,2.150002,2.137450,85536.0
10/25/1999,2.098001,2.098001,2.080069,2.089035,8800,0.000,0.0,-,2.299776,2.211149,2.154037,2.141933,85536.0
10/22/1999,2.169727,2.169727,2.115932,2.115932,34400,0.000,0.0,-,2.310042,2.215453,2.156278,2.151795,88776.0
10/21/1999,2.106967,2.169728,2.089035,2.169728,28400,0.000,0.0,-,2.319591,2.216529,2.158071,2.152692,89640.0
10/20/1999,2.106966,2.106966,2.106966,2.106966,3600,0.000,0.0,-,2.328243,2.216708,2.154037,2.147313,91152.0
10/19/1999,2.151795,2.160761,2.115932,2.115932,22800,0.000,0.0,-,2.336043,2.218143,2.152692,2.149106,92416.0
10/18/1999,2.196624,2.196624,2.151795,2.151795,15200,0.000,0.0,-,2.343350,2.220294,2.150899,2.150002,92584.0
10/15/1999,2.214555,2.214555,2.169726,2.178692,50800,0.000,0.0,-,2.350523,2.222088,2.148657,2.150002,93984.0
10/14/1999,2.142830,2.223523,2.133865,2.214557,69200,0.000,0.0,-,2.358458,2.224060,2.144623,2.154485,94672.0
10/13/1999,2.106966,2.169727,2.106966,2.151795,58400,0.000,0.0,-,2.366168,2.225674,2.138795,2.161658,97240.0
10/12/1999,2.169727,2.187659,2.106966,2.124898,349200,0.000,0.0,-,2.373117,2.229081,2.139692,2.162554,100624.0
10/11/1999,2.115933,2.187660,2.080070,2.187660,100000,0.000,0.0,-,2.380020,2.231771,2.142830,2.166141,94968.0
10/08/1999,2.151795,2.151795,2.115932,2.124898,27600,0.000,0.0,-,2.387014,2.233205,2.145519,2.160761,93680.0
10/07/1999,2.106966,2.115932,2.106966,2.115932,62800,0.000,0.0,-,2.394904,2.236254,2.152244,2.163451,93568.0
10/06/1999,2.124898,2.133864,2.115932,2.124898,98000,0.000,0.0,-,2.402883,2.239840,2.160761,2.160761,93736.0
10/05/1999,2.151795,2.151795,2.106966,2.124898,99600,0.000,0.0,-,2.411490,2.243247,2.170175,2.156278,93480.0
10/04/1999,2.223521,2.223521,2.151795,2.151795,33600,0.000,0.0,-,2.419425,2.247012,2.177796,2.151795,94592.0
10/01/1999,2.277317,2.277317,2.223522,2.223522,53600,0.000,0.0,-,2.428705,2.250599,2.184521,2.147312,94720.0
09/30/1999,2.295249,2.295249,2.268351,2.286283,144400,0.000,0.0,-,2.436326,2.253468,2.184521,2.134760,97368.0
09/29/1999,2.160761,2.160761,2.160761,2.160761,10400,0.000,0.0,-,2.443364,2.255082,2.181831,2.115932,97056.0
09/28/1999,2.151795,2.178692,2.133863,2.160761,78400,0.000,0.0,-,2.450178,2.258489,2.187211,2.116829,98488.0
09/27/1999,2.133864,2.133864,2.115932,2.133864,39600,0.000,0.0,-,2.457485,2.263330,2.194383,2.119519,99056.0
09/24/1999,2.098000,2.151795,2.098000,2.151795,103200,0.000,0.0,-,2.465465,2.269965,2.206487,2.130278,101952.0
09/23/1999,2.080069,2.098001,2.080069,2.089035,22400,0.000,0.0,-,2.473310,2.275524,2.217695,2.141037,102896.0
09/22/1999,2.080070,2.080070,2.080070,2.080070,95600,0.000,0.0,-,2.481738,2.282696,2.234730,2.160762,105184.0
09/21/1999,2.080070,2.080070,2.080070,2.080070,25200,0.000,0.0,-,2.490434,2.290228,2.251765,2.184073,106720.0
09/20/1999,2.115932,2.124898,2.098000,2.106966,40800,0.000,0.0,-,2.499176,2.296683,2.266558,2.203797,109552.0
09/17/1999,2.089035,2.115933,2.089035,2.098001,50000,0.000,0.0,-,2.509083,2.302601,2.275524,2.221729,110928.0
09/16/1999,2.151796,2.151796,2.053172,2.098001,227600,0.000,0.0,-,2.518677,2.307083,2.286731,2.234281,112448.0
09/15/1999,2.187659,2.187659,2.160762,2.169728,34800,0.000,0.0,-,2.527598,2.312642,2.299732,2.247730,118792.0
09/14/1999,2.223523,2.223523,2.187660,2.187660,80400,0.000,0.0,-,2.536474,2.317125,2.310042,2.257592,124808.0
09/13/1999,2.241454,2.241454,2.223522,2.241454,126000,0.000,0.0,-,2.545036,2.319098,2.314077,2.269248,146200.0
09/10/1999,2.295249,2.295249,2.259386,2.259386,23600,0.000,0.0,-,2.553330,2.319815,2.317215,2.282697,148560.0
09/09/1999,2.295249,2.295249,2.268351,2.286283,46400,0.000,0.0,-,2.561309,2.320532,2.312732,2.294352,157808.0
09/08/1999,2.286282,2.313180,2.268351,2.313180,62800,0.000,0.0,-,2.568168,2.316766,2.307352,2.308697,159496.0
09/07/1999,2.295248,2.304214,2.241453,2.277317,292000,0.000,0.0,-,2.576013,2.314615,2.300628,2.319456,166256.0
09/03/1999,2.223522,2.295249,2.223522,2.286283,92000,0.000,0.0,-,2.584082,2.313359,2.297938,2.329319,165936.0
09/02/1999,2.223522,2.232488,2.223522,2.223522,93600,0.000,0.0,-,2.592331,2.312284,2.295697,2.329319,170464.0
09/01/1999,2.268352,2.268352,2.223523,2.232488,149200,0.000,0.0,-,2.601521,2.313001,2.298387,2.339181,174408.0
08/31/1999,2.313181,2.313181,2.250420,2.268352,158400,0.000,0.0,-,2.610173,2.312104,2.301525,2.351733,172072.0
08/30/1999,2.358010,2.358010,2.286283,2.304215,48000,0.000,0.0,-,2.619677,2.311208,2.304214,2.362492,170760.0
08/27/1999,2.384907,2.384907,2.358009,2.375941,28400,0.000,0.0,-,2.629449,2.310132,2.301973,2.358906,171560.0
08/26/1999,2.420770,2.420770,2.375941,2.375941,30400,0.000,0.0,-,2.639222,2.308159,2.296145,2.351733,172528.0
08/25/1999,2.429737,2.438702,2.375942,2.429737,266000,0.000,0.0,-,2.649533,2.307442,2.291214,2.331112,173864.0
08/24/1999,2.366974,2.420769,2.331111,2.420769,157600,0.000,0.0,-,2.660337,2.305470,2.284489,2.306007,170488.0
08/23/1999,2.286283,2.375941,2.286283,2.375941,179600,0.000,0.0,-,2.671185,2.303318,2.278213,2.281800,168968.0
08/20/1999,2.340078,2.340078,2.286283,2.286283,28000,0.000,0.0,-,2.682079,2.302780,2.275075,2.266558,166664.0
08/19/1999,2.358009,2.358009,2.313180,2.322145,26400,0.000,0.0,-,2.693600,2.303856,2.277317,2.262075,169352.0
08/18/1999,2.349043,2.366974,2.331111,2.358009,220400,0.000,0.0,-,2.706242,2.305470,2.279558,2.257592,172864.0
08/17/1999,2.295248,2.384907,2.277317,2.375941,126000,0.000,0.0,-,2.717987,2.304573,2.280007,2.251316,172504.0
08/16/1999,2.286283,2.313181,2.259386,2.268352,53200,0.000,0.0,-,2.730449,2.306725,2.277765,2.245936,193400.0
08/13/1999,2.187659,2.304215,2.142830,2.304215,170800,0.000,0.0,-,2.742777,2.305649,2.284489,2.245040,196144.0
08/12/1999,2.169728,2.178693,2.169728,2.169728,77600,0.000,0.0,-,2.755643,2.302780,2.292559,2.240557,194200.0
08/11/1999,2.178692,2.178692,2.151795,2.178692,104000,0.000,0.0,-,2.768330,2.303856,2.305559,2.251316,194816.0
08/10/1999,2.223521,2.223521,2.160760,2.178692,66800,0.000,0.0,-,2.779896,2.307083,2.319008,2.262972,197728.0
08/09/1999,2.241454,2.250419,2.223522,2.223522,31200,0.000,0.0,-,2.789937,2.309414,2.332905,2.274627,205720.0
08/06/1999,2.277317,2.277317,2.223522,2.241454,85200,0.000,0.0,-,2.799845,2.309773,2.341871,2.283593,219720.0
08/05/1999,2.277317,2.286282,2.232488,2.277317,85200,0.000,0.0,-,2.810469,2.307442,2.349940,2.292559,220144.0
08/04/1999,2.304214,2.340078,2.295249,2.295249,197600,0.000,0.0,-,2.819749,2.304035,2.352181,2.301525,222440.0
08/03/1999,2.259385,2.340077,2.241453,2.322145,227600,0.000,0.0,-,2.828356,2.299911,2.356216,2.308697,234016.0
08/02/1999,2.241454,2.259386,2.241454,2.259386,66400,0.000,0.0,-,2.835573,2.296504,2.359802,2.309594,233248.0
07/30/1999,2.277318,2.286284,2.241454,2.259386,35600,0.000,0.0,-,2.842791,2.295248,2.361147,2.323939,233520.0
07/29/1999,2.286282,2.286282,2.277317,2.277317,22000,0.000,0.0,-,2.850143,2.294352,2.362044,2.344560,233352.0
07/28/1999,2.295249,2.295249,2.286283,2.295249,71200,0.000,0.0,-,2.857450,2.293097,2.362940,2.359802,236616.0
07/27/1999,2.304214,2.349043,2.286283,2.295249,85200,0.000,0.0,-,2.864488,2.292021,2.353078,2.375044,237288.0
07/26/1999,2.322146,2.331111,2.304214,2.313180,155200,0.000,0.0,-,2.870944,2.290407,2.348595,2.391183,240520.0
07/23/1999,2.349043,2.349043,2.313180,2.331111,40000,0.000,0.0,-,2.877937,2.288255,2.343664,2.400148,243912.0
07/22/1999,2.384907,2.384907,2.349043,2.366975,186000,0.000,0.0,-,2.884796,2.286821,2.338733,2.407321,246240.0
07/21/1999,2.340078,2.384907,2.340078,2.366975,128800,0.000,0.0,-,2.892686,2.285924,2.333353,2.402838,250432.0
07/20/1999,2.384906,2.393872,2.322145,2.331111,82000,0.000,0.0,-,2.902324,2.286641,2.324387,2.403735,255760.0
07/19/1999,2.447667,2.447667,2.393872,2.402838,106800,0.000,0.0,-,2.913128,2.285207,2.319008,2.410011,269136.0
07/16/1999,2.420769,2.465598,2.411803,2.465598,184400,0.000,0.0,-,2.924021,2.279110,2.311387,2.398355,269984.0
07/15/1999,2.483532,2.483532,2.384908,2.429737,150400,0.000,0.0,-,2.933480,2.270682,2.301973,2.379527,268720.0
07/14/1999,2.456634,2.465599,2.447668,2.447668,136800,0.000,0.0,-,2.942939,2.264048,2.297490,2.366078,267400.0
07/13/1999,2.384908,2.465600,2.384908,2.456634,172400,0.000,0.0,-,2.953339,2.259027,2.291662,2.331112,265936.0
07/12/1999,2.402838,2.402838,2.366975,2.402838,166800,0.000,0.0,-,2.964905,2.255978,2.284490,2.306007,265200.0
07/09/1999,2.304214,2.402838,2.295248,2.402838,109600,0.000,0.0,-,2.975978,2.253827,2.281800,2.287179,268576.0
07/08/1999,2.358009,2.358009,2.322145,2.322145,126000,0.000,0.0,-,2.984182,2.251675,2.278662,2.270144,298848.0
07/07/1999,2.375941,2.393872,2.358009,2.375941,544800,0.000,0.0,-,2.991444,2.244681,2.282696,2.263868,310376.0
07/06/1999,2.286282,2.411804,2.286282,2.393872,335600,0.000,0.0,-,2.999468,2.234819,2.279558,2.245040,301352.0
07/02/1999,2.286283,2.286283,2.223522,2.286283,1150000,0.000,0.0,-,3.005027,2.223343,2.284041,2.228005,297352.0
07/01/1999,2.304214,2.304214,2.250419,2.277317,244000,0.000,0.0,-,3.012021,2.213480,2.280455,2.224419,278464.0
06/30/1999,2.169727,2.295249,2.169727,2.295249,486000,0.000,0.0,-,3.020807,2.204156,2.274627,2.224419,275736.0
06/29/1999,2.187659,2.187659,2.098001,2.098001,130800,0.000,0.0,-,3.030714,2.194652,2.271041,2.228902,268032.0
06/28/1999,2.214556,2.241453,2.205590,2.205590,400800,0.000,0.0,-,3.043491,2.188555,2.283145,2.252213,267776.0
06/25/1999,2.214557,2.232489,2.196625,2.214557,276000,0.000,0.0,-,3.056088,2.181024,2.287628,2.262972,261120.0
06/24/1999,2.277317,2.277317,2.196625,2.232488,318400,0.000,0.0,-,3.069850,2.173852,2.288972,2.276420,258552.0
06/23/1999,2.205591,2.259386,2.169728,2.259386,290800,0.000,0.0,-,3.083388,2.167934,2.283593,2.287179,258320.0
06/22/1999,2.205592,2.214557,2.178694,2.187660,32400,0.000,0.0,-,3.094910,2.158968,2.275972,2.301524,257232.0
06/21/1999,2.250419,2.250419,2.214556,2.223522,92800,0.000,0.0,-,3.107551,2.149644,2.271041,2.314076,264528.0
06/18/1999,2.295248,2.295248,2.250419,2.250419,88000,0.000,0.0,-,3.120328,2.139064,2.267454,2.340077,271376.0
06/17/1999,2.313180,2.322146,2.259385,2.277317,76800,0.000,0.0,-,3.132118,2.127767,2.264765,2.336491,320464.0
06/16/1999,2.322146,2.349043,2.322146,2.340078,97200,0.000,0.0,-,3.143146,2.117188,2.261627,2.324836,321136.0
06/15/1999,2.295248,2.331111,2.277316,2.331111,97200,0.000,0.0,-,3.152963,2.106967,2.255351,2.313180,325560.0
06/14/1999,2.375940,2.384906,2.313180,2.313180,81600,0.000,0.0,-,3.162467,2.098001,2.250868,2.314077,326128.0
06/11/1999,2.322146,2.358009,2.322146,2.349043,64400,0.000,0.0,-,3.172060,2.089035,2.245937,2.312284,328384.0
06/10/1999,2.393873,2.402838,2.322146,2.340078,162400,0.000,0.0,-,3.183492,2.079352,2.238764,2.301525,332640.0
06/09/1999,2.349043,2.402838,2.281800,2.402838,202000,0.000,0.0,-,3.195327,2.070745,2.234729,2.280007,334160.0
06/08/1999,2.474564,2.501462,2.313180,2.313180,202400,0.000,0.0,-,3.206982,2.063751,2.230695,2.250419,334168.0
06/07/1999,2.205591,2.483531,2.205591,2.483531,1170800,0.000,0.0,-,3.220700,2.058013,2.235178,2.228005,343136.0
06/04/1999,2.151796,2.214557,2.151796,2.214557,190400,0.000,0.0,-,3.233969,2.045102,2.223970,2.194831,359136.0
06/03/1999,2.205590,2.205590,2.151795,2.160761,73600,0.000,0.0,-,3.248270,2.036854,2.218143,2.193038,357376.0
06/02/1999,2.331112,2.366975,2.223522,2.223522,108400,0.000,0.0,-,3.262615,2.030936,2.212315,2.198418,362040.0
06/01/1999,2.313180,2.366975,2.313180,2.340078,249600,0.000,0.0,-,3.276602,2.024302,2.206039,2.197521,369168.0
05/28/1999,2.232488,2.313180,2.223522,2.295249,466400,0.000,0.0,-,3.290633,2.015336,2.198866,2.187659,369080.0
05/27/1999,2.151796,2.259386,2.133864,2.241454,731200,0.000,0.0,-,3.304754,2.008522,2.199314,2.179590,373120.0
05/26/1999,2.115932,2.133864,2.089035,2.124898,106400,0.000,0.0,-,3.318203,2.001708,2.202004,2.176003,365976.0
05/25/1999,2.098000,2.115932,2.053171,2.106966,200000,0.000,0.0,-,3.333400,1.997584,2.210522,2.189452,383264.0
05/24/1999,2.160761,2.160761,2.062137,2.089035,776400,0.000,0.0,-,3.349494,1.994715,2.203797,2.210970,388464.0
05/21/1999,2.214556,2.214556,2.142829,2.151795,189200,0.000,0.0,-,3.363660,1.993459,2.193487,2.242350,379616.0
05/20/1999,2.205591,2.223522,2.160761,2.196625,80000,0.000,0.0,-,3.376257,1.992204,2.176900,2.253109,390968.0
05/19/1999,2.214557,2.223523,2.205591,2.214557,27200,0.000,0.0,-,3.391499,1.990232,2.156727,2.243247,405824.0
05/18/1999,2.241454,2.259386,2.205591,2.214557,185200,0.000,0.0,-,3.407099,1.984852,2.136554,2.226212,414072.0
05/17/1999,2.232488,2.241454,2.178693,2.241454,104800,0.000,0.0,-,3.422745,1.980369,2.116829,2.214556,420136.0
05/14/1999,2.187659,2.214557,2.133865,2.214557,246800,0.000,0.0,-,3.438076,1.974810,2.094414,2.210073,423224.0
05/13/1999,2.250419,2.250419,2.187658,2.205590,324800,0.000,0.0,-,3.452197,1.968714,2.075138,2.219039,428296.0
05/12/1999,2.304215,2.304215,2.241454,2.259386,156400,0.000,0.0,-,3.468650,1.964589,2.057655,2.228005,425320.0
05/11/1999,2.429735,2.474564,2.304214,2.322145,395600,0.000,0.0,-,3.484609,1.959389,2.041516,2.231591,440672.0
05/10/1999,2.295248,2.411804,2.268351,2.402838,395200,0.000,0.0,-,3.505678,1.952575,2.015964,2.196625,437720.0
05/07/1999,2.098001,2.268352,2.098001,2.259386,750800,0.000,0.0,-,3.527779,1.943789,1.981894,2.144623,431560.0
05/06/1999,2.017309,2.124898,1.999377,2.098001,149200,0.000,0.0,-,3.553601,1.938409,1.953651,2.100690,421048.0
05/05/1999,2.106967,2.106967,2.017308,2.044206,121200,0.000,0.0,-,3.578929,1.936616,1.933030,2.070207,443344.0
05/04/1999,2.205591,2.214557,2.098001,2.098001,84400,0.000,0.0,-,3.602509,1.938230,1.918236,2.046896,441864.0
05/03/1999,2.295249,2.295249,2.187659,2.196625,63600,0.000,0.0,-,3.625731,1.938947,1.904787,2.019102,444968.0
04/30/1999,2.313181,2.340078,2.295249,2.304215,135600,0.000,0.0,-,3.648504,1.938230,1.889097,1.978755,447824.0
04/29/1999,2.349043,2.402838,2.295249,2.295249,335600,0.000,0.0,-,3.670649,1.935719,1.867131,1.931237,451784.0
04/28/1999,1.972479,2.564223,1.954548,2.295249,1623200,0.000,0.0,-,3.692391,1.932850,1.845613,1.887304,448952.0
04/27/1999,1.882821,1.999377,1.882821,1.972479,702400,0.000,0.0,-,3.714403,1.928547,1.826337,1.851441,421112.0
04/26/1999,1.820060,1.891787,1.820060,1.882821,93600,0.000,0.0,-,3.738476,1.930340,1.830371,1.835302,412504.0
04/23/1999,1.793163,1.820060,1.775231,1.820060,135600,0.000,0.0,-,3.762145,1.936078,1.837544,1.819164,426928.0
04/22/1999,1.811096,1.811096,1.766266,1.793164,205600,0.000,0.0,-,3.785143,1.941278,1.838441,1.806612,487816.0
04/21/1999,1.820060,1.855923,1.802129,1.811094,107600,0.000,0.0,-,3.808409,1.944147,1.838889,1.795853,508016.0
04/20/1999,1.793163,1.829026,1.793163,1.820060,100800,0.000,0.0,-,3.831541,1.951141,1.841579,1.789577,535520.0
04/19/1999,1.846959,1.864890,1.784198,1.793164,118000,0.000,0.0,-,3.854987,1.962258,1.845165,1.790473,542984.0
04/16/1999,1.855924,1.873855,1.811095,1.829026,68000,0.000,0.0,-,3.879149,1.976424,1.850096,1.799439,550008.0
04/15/1999,1.918685,1.918685,1.846958,1.855924,147600,0.000,0.0,-,3.903178,1.988976,1.856372,1.803025,567928.0
04/14/1999,1.829026,1.999377,1.829026,1.936616,306800,0.000,0.0,-,3.925906,1.999377,1.858614,1.803922,581264.0
04/13/1999,1.721436,1.846958,1.649710,1.811094,236400,0.000,0.0,-,3.947245,2.007446,1.857717,1.801232,606496.0
04/12/1999,1.703504,1.721436,1.703504,1.721436,397200,0.000,0.0,-,3.967776,2.015694,1.865338,1.825440,736600.0
04/09/1999,1.676608,1.703505,1.622813,1.694539,435200,0.000,0.0,-,3.987591,2.026812,1.880580,1.855924,1072760.0
04/08/1999,1.748334,1.748334,1.595915,1.685573,2542400,0.000,0.0,-,4.007092,2.082579,1.900305,1.870269,1068424.0
04/07/1999,1.829026,1.829026,1.748334,1.748334,110400,0.000,0.0,-,4.026189,2.139243,1.920926,1.881925,1018528.0
04/06/1999,1.864889,1.882821,1.829026,1.829026,318400,0.000,0.0,-,4.045645,2.194652,1.930788,1.893580,1019936.0
04/05/1999,1.864889,1.891787,1.864889,1.882821,125600,0.000,0.0,-,4.064831,2.252033,1.938858,1.899856,1023040.0
04/01/1999,1.864890,1.882822,1.855925,1.864890,194400,0.000,0.0,-,4.083929,2.309594,1.942892,1.900753,1023696.0
03/31/1999,1.900754,1.918685,1.855925,1.864890,277200,0.000,0.0,-,4.103115,2.368410,1.945134,1.909719,1046120.0
03/30/1999,2.062137,2.062137,1.909718,1.909718,238400,0.000,0.0,-,4.122885,2.420949,1.951858,1.913305,1046168.0
03/29/1999,2.026274,2.080069,1.972479,2.053171,202400,0.000,0.0,-,4.142251,2.467930,1.956341,1.914202,1043472.0
03/26/1999,1.829026,2.080069,1.811095,2.026274,650800,0.000,0.0,-,4.161438,2.509711,1.952755,1.905236,1043616.0
03/25/1999,1.802129,1.855924,1.793163,1.837993,1970800,0.000,0.0,-,4.181118,2.550954,1.949616,1.905236,1035176.0
03/24/1999,1.882820,1.900752,1.802128,1.802128,102400,0.000,0.0,-,4.201784,2.597755,1.957237,1.930340,1003336.0
03/23/1999,1.882822,1.891788,1.855925,1.864890,306800,0.000,0.0,-,4.222495,2.645453,1.967548,1.959927,1004040.0
03/22/1999,1.873856,1.900753,1.846958,1.891787,464800,0.000,0.0,-,4.242399,2.691000,1.980548,1.967996,1004992.0
03/19/1999,1.963514,1.963514,1.891787,1.891787,245200,0.000,0.0,-,4.262259,2.733677,1.992652,1.977859,1001744.0
03/18/1999,1.909718,2.008342,1.900752,1.954547,668400,0.000,0.0,-,4.282028,2.773844,2.006101,1.985031,1008496.0
03/17/1999,1.927650,1.963514,1.882821,1.900753,374000,0.000,0.0,-,4.301574,2.808093,2.017308,1.980549,995424.0
03/16/1999,1.963513,1.963513,1.909718,1.918684,970800,0.000,0.0,-,4.321478,2.841625,2.029860,1.990411,990840.0
03/15/1999,2.044205,2.044205,1.963513,1.963513,460000,0.000,0.0,-,4.341292,2.874978,2.037930,1.998480,977584.0
03/12/1999,2.053172,2.062138,2.017309,2.026274,334000,0.000,0.0,-,4.360838,2.911021,2.042861,2.000273,989280.0
03/11/1999,2.089035,2.124898,2.080069,2.089035,756800,0.000,0.0,-,4.379756,2.945629,2.050033,1.993997,1009000.0
03/10/1999,1.972480,2.098001,1.954548,2.098001,822800,0.000,0.0,-,4.398763,2.974678,2.049585,1.984135,1002856.0
03/09/1999,1.990411,2.008343,1.945582,1.945582,439600,0.000,0.0,-,4.417860,3.002831,2.041516,1.975169,988920.0
03/08/1999,1.963513,2.008342,1.945582,1.990411,488400,0.000,0.0,-,4.436106,3.035646,2.052275,1.993101,982208.0
03/05/1999,1.927650,2.008342,1.927650,1.963513,259200,0.000,0.0,-,4.453589,3.069895,2.071551,2.007446,974704.0
03/04/1999,1.891787,1.927650,1.829026,1.909718,500400,0.000,0.0,-,4.473135,3.104862,2.098449,2.027171,987816.0
03/03/1999,2.008342,2.026274,1.999377,1.999377,176000,0.000,0.0,-,4.493935,3.143594,2.125795,2.054068,984240.0
03/02/1999,1.972479,2.044206,1.954547,1.999377,924000,0.000,0.0,-,4.514557,3.177843,2.144623,2.069310,984480.0
03/01/1999,1.963514,1.999377,1.918685,1.981446,248000,0.000,0.0,-,4.535492,3.218010,2.161658,2.077379,975568.0
02/26/1999,1.990411,2.008342,1.945582,1.963513,87200,0.000,0.0,-,4.556248,3.253336,2.173762,2.085448,973760.0
02/25/1999,2.008342,2.026274,1.981445,1.990411,225200,0.000,0.0,-,4.577228,3.287944,2.189452,2.106070,974792.0
02/24/1999,2.142829,2.169727,1.936616,2.008342,1264000,0.000,0.0,-,4.598118,3.318607,2.314077,2.115036,972040.0
02/23/1999,2.142830,2.142830,2.098001,2.124898,47200,0.000,0.0,-,4.618919,3.350884,2.439598,2.107863,947528.0
02/22/1999,2.151795,2.151795,2.115932,2.133864,239600,0.000,0.0,-,4.638599,3.382981,2.559292,2.111449,957704.0
02/19/1999,2.178692,2.187658,2.151795,2.160761,206400,0.000,0.0,-,4.657875,3.414720,2.687503,2.135657,956344.0
02/18/1999,2.151795,2.187658,2.133863,2.178692,333600,0.000,0.0,-,4.676838,3.446997,2.817507,2.169727,952760.0
02/17/1999,2.089034,2.169727,2.080068,2.151795,194000,0.000,0.0,-,4.696428,3.479812,2.948857,2.197521,955248.0
02/16/1999,2.080070,2.098001,2.062138,2.080070,231200,0.000,0.0,-,4.716377,3.513344,3.065861,2.219936,956408.0
02/12/1999,2.160762,2.160762,2.053172,2.062138,272000,0.000,0.0,-,4.736909,3.553511,3.174795,2.245937,955616.0
02/11/1999,2.098001,2.187659,2.044206,2.169728,814800,0.000,0.0,-,4.755423,3.592602,3.278799,2.262075,952608.0
02/10/1999,1.936616,2.142830,1.739368,2.080070,3180000,0.000,0.0,-,4.772548,3.626851,3.374733,2.272834,939400.0
02/09/1999,2.160762,2.160762,1.927650,1.936616,1215600,0.000,0.0,-,4.788552,3.664149,3.479633,2.513118,875896.0
02/08/1999,2.349043,2.349043,2.151795,2.160761,1482800,0.000,0.0,-,4.806035,3.703419,3.592154,2.771333,855440.0
02/05/1999,2.483531,2.492496,2.331112,2.375941,474000,0.000,0.0,-,4.823160,3.738207,3.691226,3.007135,830144.0
02/04/1999,2.456633,2.537325,2.429736,2.501462,469200,0.000,0.0,-,4.839971,3.767794,3.773711,3.239349,841048.0
02/03/1999,2.375942,2.474566,2.358010,2.456634,964000,0.000,0.0,-,4.856109,3.790926,3.843645,3.465288,833848.0
02/02/1999,2.358009,2.375941,2.322146,2.375941,814400,0.000,0.0,-,4.872337,3.819437,3.904164,3.700192,815000.0
02/01/1999,2.313180,2.366975,2.277317,2.340078,1568400,0.000,0.0,-,4.889059,3.849742,3.964235,3.911785,803600.0
01/29/1999,2.295248,2.402838,2.223522,2.223522,6741600,0.000,0.0,-,4.905825,3.881660,4.026547,4.103654,773392.0
01/28/1999,2.151795,2.295248,2.080069,2.277317,17205200,0.000,0.0,-,4.923039,3.918420,4.103653,4.295522,641216.0
01/27/1999,4.518771,4.518771,4.375318,4.482908,218400,0.000,0.0,-,4.940522,3.952131,4.177621,4.476631,298880.0
01/26/1999,4.545670,4.581533,4.491875,4.518772,47600,0.000,0.0,-,4.946799,3.945855,4.130551,4.446148,300416.0
01/25/1999,4.662225,4.662225,4.402216,4.518772,180800,0.000,0.0,-,4.952626,3.940655,4.079894,4.412974,300416.0
01/22/1999,4.760847,4.760847,4.447043,4.698086,473600,0.000,0.0,-,4.958723,3.936889,4.033272,4.375317,297360.0
01/21/1999,4.805677,4.805677,4.626361,4.760848,158400,0.000,0.0,-,4.964865,3.931689,3.983511,4.308073,291392.0
01/20/1999,4.491872,4.949129,4.491872,4.805676,1315600,0.000,0.0,-,4.970917,3.928282,3.931061,4.222001,291160.0
01/19/1999,4.160138,4.500839,4.160138,4.491873,279600,0.000,0.0,-,4.976924,3.923979,3.883094,4.108136,270440.0
01/15/1999,4.169103,4.303590,4.169103,4.258761,103600,0.000,0.0,-,4.984769,3.925234,3.844093,4.016684,267576.0
01/14/1999,4.115308,4.160137,4.115308,4.142206,209600,0.000,0.0,-,4.994497,3.931868,3.831541,3.949441,272664.0
01/13/1999,4.142207,4.142207,4.034617,4.088412,228800,0.000,0.0,-,5.004673,3.946034,3.811816,3.911785,272960.0
01/12/1999,4.169104,4.196001,4.088411,4.178070,378800,0.000,0.0,-,5.015163,3.958407,3.792091,3.878611,269080.0
01/11/1999,4.178067,4.258760,4.160136,4.187033,137600,0.000,0.0,-,5.025294,3.972215,3.759366,3.814954,264088.0
01/08/1999,4.034616,4.303590,4.034616,4.142206,354400,0.000,0.0,-,5.034932,3.983153,3.731124,3.746814,265048.0
01/07/1999,3.882197,4.034616,3.873231,4.025650,302400,0.000,0.0,-,5.044167,3.997857,3.710503,3.691226,260744.0
01/06/1999,3.675983,4.016683,3.675983,3.900128,582800,0.000,0.0,-,5.053581,4.011485,3.695261,3.658949,260616.0
01/05/1999,3.613224,3.675985,3.595292,3.667019,14800,0.000,0.0,-,5.063130,4.023320,3.688985,3.640121,250992.0
01/04/1999,3.613224,3.738745,3.550463,3.577361,144800,0.000,0.0,-,5.074696,4.033720,3.696606,3.658053,251352.0
12/31/1998,3.765644,3.801507,3.586328,3.586328,308000,0.000,0.0,-,5.086934,4.046272,3.709158,3.671502,249992.0
12/30/1998,3.774608,3.810471,3.756676,3.765642,1044800,0.000,0.0,-,5.099486,4.061873,3.734262,3.713641,246720.0
12/29/1998,3.541495,3.846333,3.505632,3.756675,1320000,0.000,0.0,-,5.111321,4.069225,3.746814,3.711848,238536.0
12/28/1998,3.478737,3.541498,3.272523,3.541498,449600,0.000,0.0,-,5.122170,4.074425,3.753090,3.705572,222432.0
12/24/1998,3.586326,3.586326,3.371147,3.505634,126000,0.000,0.0,-,5.133960,4.078908,3.773263,3.703779,215952.0
12/23/1998,3.684952,3.693918,3.451840,3.586328,104000,0.000,0.0,-,5.146378,4.082853,3.792988,3.715434,215576.0
12/22/1998,3.720812,3.720812,3.631154,3.702881,113200,0.000,0.0,-,5.158750,4.085722,3.808678,3.729779,214904.0
12/21/1998,3.801507,3.837370,3.675985,3.711848,914800,0.000,0.0,-,5.168747,4.086439,3.816299,3.731573,219416.0
12/18/1998,3.720813,3.873232,3.595292,3.846335,321600,0.000,0.0,-,5.179013,4.086260,3.813609,3.737849,204336.0
12/17/1998,4.007720,4.007720,3.711848,3.711848,188000,0.000,0.0,-,5.188427,4.081060,3.815402,3.735159,205560.0
12/16/1998,3.765643,4.043583,3.765643,4.007720,478400,0.000,0.0,-,5.198469,4.081060,3.824368,3.746814,203056.0
12/15/1998,3.729779,3.747711,3.693916,3.747711,157600,0.000,0.0,-,5.207480,4.074963,3.820782,3.754883,197720.0
12/14/1998,3.523566,3.711848,3.523566,3.693916,138800,0.000,0.0,-,5.218059,4.078908,3.836472,3.781781,197288.0
12/11/1998,3.604258,3.604258,3.523565,3.523565,87600,0.000,0.0,-,5.228863,4.090922,3.849921,3.800609,201592.0
12/10/1998,3.729779,3.729779,3.595291,3.622189,38400,0.000,0.0,-,5.240743,4.110288,3.882198,3.842748,200784.0
12/09/1998,3.684952,3.783576,3.684952,3.729781,556000,0.000,0.0,-,5.252667,4.129475,3.914026,3.870542,205624.0
12/08/1998,3.765643,3.765643,3.720814,3.720814,171600,0.000,0.0,-,5.264099,4.142027,3.944062,3.887577,202088.0
12/07/1998,3.837367,3.873231,3.774607,3.774607,27200,0.000,0.0,-,5.274006,4.154041,3.979925,3.901025,202960.0
12/04/1998,3.819437,3.909095,3.819437,3.819437,458000,0.000,0.0,-,5.284541,4.169104,4.020720,3.889370,207672.0
12/03/1998,4.088411,4.088411,3.819436,3.828402,252000,0.000,0.0,-,5.296241,4.188111,4.059273,3.895646,203664.0
12/02/1998,3.980822,4.115309,3.980822,4.088412,191600,0.000,0.0,-,5.309062,4.203891,4.095584,3.901922,210352.0
12/01/1998,3.900129,4.079445,3.900129,4.016685,121600,0.000,0.0,-,5.321973,4.202994,4.120688,3.886681,212648.0
11/30/1998,3.935992,3.944958,3.810470,3.882197,154400,0.000,0.0,-,5.336049,4.198153,4.162380,3.891164,215096.0
11/27/1998,3.882198,3.944958,3.882198,3.944958,4800,0.000,0.0,-,5.349946,4.200125,4.203622,3.899233,223832.0
11/25/1998,3.873230,3.918060,3.873230,3.900128,192800,0.000,0.0,-,5.362409,4.191339,4.249796,3.921648,234440.0
11/24/1998,3.873230,3.998752,3.873230,3.900128,218000,0.000,0.0,-,5.374826,4.187035,4.291487,3.957511,236928.0
11/23/1998,3.675985,3.927028,3.675985,3.855301,1019200,0.000,0.0,-,5.386885,4.189725,4.340351,4.000547,238208.0
11/20/1998,3.846335,3.855300,3.649087,3.658052,109200,0.000,0.0,-,5.399393,4.198153,4.382939,4.058825,225080.0
11/19/1998,3.873231,3.882197,3.864265,3.882197,21600,0.000,0.0,-,5.413110,4.218057,4.424630,4.152069,225912.0
11/18/1998,3.935994,3.944959,3.819438,3.891165,244400,0.000,0.0,-,5.426828,4.234913,4.439872,4.222899,227816.0
11/17/1998,4.025653,4.025653,3.927029,3.935994,58000,0.000,0.0,-,5.438887,4.256431,4.455562,4.289246,225128.0
11/16/1998,3.989789,4.276695,3.989789,4.061516,132800,0.000,0.0,-,5.449198,4.276514,4.477080,4.354696,229992.0
11/13/1998,4.204968,4.339456,3.962891,3.962891,88400,0.000,0.0,-,5.458119,4.286556,4.480666,4.433595,227952.0
11/12/1998,4.240830,4.303590,4.169103,4.169103,295200,0.000,0.0,-,5.465516,4.301618,4.483355,4.508012,228232.0
11/11/1998,4.330488,4.330488,4.249796,4.258761,47600,0.000,0.0,-,5.470536,4.313812,4.463182,4.577945,223880.0
11/10/1998,4.402216,4.411182,4.330490,4.330490,28000,0.000,0.0,-,5.470626,4.320805,4.435388,4.625464,229072.0
11/09/1998,4.590497,4.590497,4.402215,4.438078,175200,0.000,0.0,-,5.466636,4.323854,4.405353,4.680155,231656.0
11/06/1998,4.572565,4.626360,4.572565,4.590497,146800,0.000,0.0,-,5.461660,4.321164,4.370386,4.707053,232376.0
11/05/1998,4.554634,4.662224,4.536702,4.590497,279600,0.000,0.0,-,5.456460,4.313991,4.326005,4.697191,240464.0
11/04/1998,4.599462,4.599462,4.482907,4.554633,136400,0.000,0.0,-,5.451394,4.306819,4.275797,4.656844,243528.0
11/03/1998,4.868437,4.922232,4.590497,4.590497,358000,0.000,0.0,-,5.446418,4.308432,4.233658,4.621877,242304.0
11/02/1998,4.733951,4.984994,4.733951,4.850507,224400,0.000,0.0,-,5.441308,4.310764,4.189277,4.599463,245992.0
10/30/1998,4.859472,4.859472,4.698087,4.707053,34800,0.000,0.0,-,5.434852,4.308432,4.143999,4.527736,243280.0
10/29/1998,4.698088,4.895336,4.662225,4.868439,129200,0.000,0.0,-,5.429159,4.315426,4.123378,4.458699,242888.0
10/28/1998,4.841540,4.841540,4.500839,4.733950,185600,0.000,0.0,-,5.422749,4.320805,4.104550,4.348419,244544.0
10/27/1998,4.733951,4.984994,4.733951,4.877404,139200,0.000,0.0,-,5.417100,4.327619,4.096929,4.245313,248888.0
10/26/1998,4.456010,4.787746,4.456010,4.707053,296000,0.000,0.0,-,5.410645,4.330668,4.070928,4.130550,246744.0
10/23/1998,4.169104,4.644292,4.169104,4.491873,101600,0.000,0.0,-,5.405176,4.336944,4.051651,4.033719,242512.0
10/22/1998,4.240828,4.285657,4.187033,4.187033,32800,0.000,0.0,-,5.401007,4.350034,4.053444,3.954820,242088.0
10/21/1998,4.402213,4.402213,4.142204,4.204965,76800,0.000,0.0,-,5.398362,4.368683,4.082583,3.894750,243736.0
10/20/1998,4.151172,4.447044,4.151172,4.366352,144400,0.000,0.0,-,5.395358,4.383207,4.103205,3.845438,247288.0
10/19/1998,3.998751,4.303589,3.998751,4.133238,635600,0.000,0.0,-,5.392175,4.399166,4.087066,3.779091,247032.0
10/16/1998,3.765642,4.052548,3.765642,4.016685,514800,0.000,0.0,-,5.390337,4.423015,4.069135,3.760263,237112.0
10/15/1998,3.702881,3.765642,3.702881,3.765642,125600,0.000,0.0,-,5.388813,4.441126,4.067341,3.788057,233160.0
10/14/1998,3.747710,3.747710,3.693915,3.702881,107200,0.000,0.0,-,5.387872,4.459237,4.054341,3.860680,243440.0
10/13/1998,3.729781,3.738746,3.711849,3.729781,70400,0.000,0.0,-,5.386751,4.490080,4.053445,3.948545,245280.0
10/12/1998,3.738745,3.783574,3.729779,3.738745,338800,0.000,0.0,-,5.385316,4.522177,4.068686,4.011305,253128.0
10/09/1998,3.550462,3.729778,3.550462,3.702881,160800,0.000,0.0,-,5.383837,4.554275,4.095584,4.069583,251920.0
10/08/1998,3.586328,3.586328,3.102174,3.586328,382800,0.000,0.0,-,5.382537,4.586373,4.143103,4.152068,261320.0
10/07/1998,3.693917,3.729780,3.622190,3.711848,62800,0.000,0.0,-,5.381820,4.615422,4.200035,4.270417,271664.0
10/06/1998,3.980821,3.998753,3.532530,3.702881,211600,0.000,0.0,-,5.380071,4.651106,4.262796,4.360971,316840.0
10/05/1998,4.258762,4.258762,3.783574,3.944958,136000,0.000,0.0,-,5.378144,4.686072,4.324660,4.395042,357784.0
10/02/1998,4.456009,4.456009,4.276693,4.294625,354000,0.000,0.0,-,5.375095,4.737895,4.355592,4.378006,370704.0
10/01/1998,4.581531,4.581531,4.482907,4.491873,47200,0.000,0.0,-,5.370209,4.788462,4.376662,4.346626,378888.0
09/30/1998,4.339452,4.608426,4.303589,4.581529,280400,0.000,0.0,-,5.364426,4.847098,4.391007,4.248002,389712.0
09/29/1998,4.321521,4.366350,4.285658,4.357384,379200,0.000,0.0,-,5.357567,4.898742,4.392352,4.158344,391160.0
09/28/1998,4.527735,4.536701,4.303590,4.321521,215200,0.000,0.0,-,5.352188,4.946798,4.398629,4.126067,384888.0
09/25/1998,4.554634,4.716018,4.267728,4.527736,262800,0.000,0.0,-,5.346898,4.995214,4.397732,4.121584,382176.0
09/24/1998,4.653258,4.949130,4.653258,4.769814,257600,0.000,0.0,-,5.340756,5.039684,4.382938,4.134137,378864.0
09/23/1998,4.052547,4.635325,4.007718,4.617393,586400,0.000,0.0,-,5.332956,5.078955,4.356041,4.129654,374568.0
09/22/1998,3.810470,4.070479,3.433906,4.043581,306400,0.000,0.0,-,5.325649,5.119480,4.356938,4.164621,364824.0
09/21/1998,3.944957,3.944957,3.711846,3.774607,244000,0.000,0.0,-,5.321569,5.172558,4.390111,4.254279,359816.0
09/18/1998,3.514599,4.106343,3.514599,3.980822,591200,0.000,0.0,-,5.318656,5.232808,4.438078,4.333178,358664.0
09/17/1998,3.586326,3.586326,3.182864,3.505634,535200,0.000,0.0,-,5.314531,5.285527,4.491873,4.406698,348424.0
09/16/1998,3.998754,3.998754,3.675985,3.684951,317200,0.000,0.0,-,5.313007,5.343805,4.573462,4.534012,338904.0
09/15/1998,4.213932,4.213932,4.025650,4.034616,282000,0.000,0.0,-,5.310541,5.399034,4.642947,4.626360,334056.0
09/14/1998,4.653255,4.653255,4.106341,4.276691,362800,0.000,0.0,-,5.306238,5.447091,4.692708,4.671190,329664.0
09/11/1998,4.724985,4.724985,4.518771,4.653258,150800,0.000,0.0,-,5.300814,5.491741,4.729916,4.673879,323528.0
09/10/1998,4.895337,4.904302,4.626362,4.724986,116800,0.000,0.0,-,5.293820,5.531190,4.754572,4.631740,322496.0
09/09/1998,4.967062,4.967062,4.814644,4.967062,110000,0.000,0.0,-,5.286513,5.569385,4.774296,4.582428,324080.0
09/08/1998,4.599461,5.020854,4.599461,4.940162,301200,0.000,0.0,-,5.278085,5.598075,4.772503,4.549254,324008.0
09/04/1998,4.724985,4.724985,4.554634,4.563600,30800,0.000,0.0,-,5.269702,5.623359,4.783710,4.525943,320416.0
09/03/1998,4.742915,4.742915,4.680154,4.716017,102400,0.000,0.0,-,5.263381,5.650436,4.821815,4.542978,321784.0
09/02/1998,4.626362,4.850507,4.626362,4.778781,77600,0.000,0.0,-,5.256164,5.669802,4.832126,4.577049,320096.0
09/01/1998,4.447045,4.635327,4.402216,4.608430,307200,0.000,0.0,-,5.248767,5.686120,4.826746,4.612912,323960.0
08/31/1998,4.339455,4.509805,4.339455,4.482908,157200,0.000,0.0,-,5.241594,5.704051,4.858575,4.659534,318768.0
08/28/1998,4.213932,4.375316,4.178068,4.303590,211200,0.000,0.0,-,5.235094,5.727183,4.901162,4.714225,316176.0
08/27/1998,4.231864,4.231864,3.828403,4.231864,551200,0.000,0.0,-,5.229266,5.754439,4.953164,4.785952,312792.0
08/26/1998,4.599463,4.599463,4.160138,4.231864,432800,0.000,0.0,-,5.223977,5.783847,5.006959,4.877403,303528.0
08/25/1998,4.671190,4.724985,4.635327,4.635327,75200,0.000,0.0,-,5.218821,5.813255,5.047305,4.966165,296488.0
08/24/1998,4.733951,4.733951,4.671190,4.707053,542400,0.000,0.0,-,5.211559,5.836925,5.090341,4.995752,296216.0
08/21/1998,5.029822,5.029822,4.707053,4.733950,88800,0.000,0.0,-,5.204162,5.858443,5.127549,5.041477,285920.0
08/20/1998,5.119480,5.119480,5.056719,5.056719,15200,0.000,0.0,-,5.196541,5.881574,5.217656,5.100652,284976.0
08/19/1998,5.110514,5.200172,5.110514,5.137412,212000,0.000,0.0,-,5.186858,5.899685,5.305969,5.087203,285160.0
08/18/1998,5.011890,5.101548,4.931197,5.074650,402800,0.000,0.0,-,5.176682,5.916362,5.420283,5.040581,281952.0
08/17/1998,5.056722,5.056722,5.020858,5.029824,32000,0.000,0.0,-,5.166013,5.933755,5.524735,5.057615,274520.0
08/14/1998,5.146376,5.155342,4.993958,5.020855,84400,0.000,0.0,-,5.155567,5.950073,5.611255,5.088099,274608.0
08/13/1998,5.119481,5.209139,5.119481,5.146378,80400,0.000,0.0,-,5.144270,5.966929,5.697327,5.120376,273296.0
08/12/1998,4.949128,5.119479,4.949128,5.119479,115200,0.000,0.0,-,5.133601,5.980916,5.777571,5.136514,272784.0
08/11/1998,5.074649,5.074649,4.733948,4.931196,254400,0.000,0.0,-,5.123963,5.995799,5.858263,5.128445,271432.0
08/10/1998,5.334659,5.334659,5.128446,5.164309,131600,0.000,0.0,-,5.115625,6.014807,5.943887,5.184930,266720.0
08/07/1998,4.958095,5.334659,4.958095,5.325693,139600,0.000,0.0,-,5.107197,6.029152,6.020545,5.213621,266456.0
08/06/1998,4.644291,4.949129,4.644291,4.922232,317200,0.000,0.0,-,5.097693,6.040090,6.093616,5.334660,264816.0
08/05/1998,5.227070,5.236036,4.411181,4.671189,639600,0.000,0.0,-,5.089848,6.057842,6.178343,5.524735,261904.0
08/04/1998,5.361554,5.361554,5.236033,5.244998,199200,0.000,0.0,-,5.083258,6.082229,6.265760,5.799986,253392.0
08/03/1998,5.316727,5.388454,5.271898,5.334659,462800,0.000,0.0,-,5.074516,6.095678,6.325831,5.991854,257760.0
07/31/1998,5.271900,5.522943,5.236037,5.343626,278400,0.000,0.0,-,5.065416,6.100878,6.380971,6.134411,284128.0
07/30/1998,5.101548,5.343625,5.101548,5.307762,630800,0.000,0.0,-,5.056271,6.103747,6.439249,6.274277,280696.0
07/29/1998,5.496045,5.522943,4.913267,5.038789,900000,0.000,0.0,-,5.047395,6.115044,6.505147,6.418627,270184.0
07/28/1998,5.451216,5.702258,4.671190,5.496045,2321600,0.000,0.0,-,5.039684,6.135666,6.584943,6.588081,252584.0
07/27/1998,6.545048,6.616774,5.271901,5.451218,2258800,0.000,0.0,-,5.029598,6.148218,6.630220,6.702843,207344.0
07/24/1998,6.814017,6.814017,6.258137,6.536077,782000,0.000,0.0,-,5.019735,6.162922,6.667877,6.827468,162552.0
07/23/1998,7.432660,7.432660,6.814019,6.822985,763200,0.000,0.0,-,5.004538,6.154853,6.636945,6.852573,147000.0
07/22/1998,7.172654,7.594048,7.172654,7.423697,588400,0.000,0.0,-,4.987907,6.141583,6.580012,6.831951,136792.0
07/21/1998,6.760224,7.172652,6.760224,7.163686,352800,0.000,0.0,-,4.967958,6.116479,6.488560,6.731534,127632.0
07/20/1998,6.742292,6.760224,6.724361,6.760224,65600,0.000,0.0,-,4.949085,6.096575,6.405626,6.659808,124216.0
07/17/1998,6.787122,6.796088,6.706430,6.742293,79600,0.000,0.0,-,4.932229,6.082588,6.349590,6.627531,129392.0
07/16/1998,6.760225,6.778156,6.688498,6.751259,97200,0.000,0.0,-,4.915194,6.067526,6.295795,6.604220,128576.0
07/15/1998,6.634702,6.733326,6.634702,6.733326,42800,0.000,0.0,-,4.897935,6.051566,6.243345,6.591668,127792.0
07/14/1998,6.670567,6.679532,6.562977,6.643669,99200,0.000,0.0,-,4.880451,6.038835,6.191792,6.581805,129392.0
07/13/1998,6.822984,6.885745,6.688497,6.697463,56000,0.000,0.0,-,4.863192,6.028793,6.150549,6.557598,129360.0
07/10/1998,6.652636,6.814021,6.652636,6.787124,186400,0.000,0.0,-,4.845574,6.018572,6.104823,6.508285,131536.0
07/09/1998,6.437457,6.634705,6.437457,6.616773,79200,0.000,0.0,-,4.828136,5.998130,6.059994,6.421317,133000.0
07/08/1998,6.455387,6.455387,6.419524,6.419524,59200,0.000,0.0,-,4.812087,5.977688,6.027269,6.328072,133024.0
07/07/1998,6.473318,6.518147,6.446421,6.446421,74800,0.000,0.0,-,4.797338,5.954915,6.004854,6.245586,134528.0
07/06/1998,6.437454,6.455385,6.428488,6.437454,62400,0.000,0.0,-,4.782769,5.934652,5.979750,6.151445,134432.0
07/02/1998,6.598844,6.607810,6.509186,6.509186,56000,0.000,0.0,-,4.768379,5.917617,5.950163,6.071650,134120.0
07/01/1998,6.652633,6.778155,6.562975,6.625736,99200,0.000,0.0,-,4.754033,5.902196,5.917886,5.987371,133600.0
06/30/1998,6.437457,6.634705,6.311935,6.634705,196000,0.000,0.0,-,4.739285,5.884264,5.878885,5.895023,132152.0
06/29/1998,6.186411,6.437454,6.186411,6.401591,106400,0.000,0.0,-,4.724312,5.865615,5.840332,5.801778,128576.0
06/26/1998,5.935368,6.222274,5.935368,6.204342,121600,0.000,0.0,-,4.710235,5.851987,5.814331,5.743500,127056.0
06/25/1998,5.684326,5.953301,5.684326,5.917438,99200,0.000,0.0,-,4.697100,5.841766,5.798193,5.701361,126800.0
06/24/1998,5.612599,5.684325,5.612599,5.684325,18000,0.000,0.0,-,4.685445,5.836745,5.795951,5.698671,126408.0
06/23/1998,5.487078,5.594667,5.487078,5.594667,270800,0.000,0.0,-,4.674596,5.838538,5.802227,5.726465,127392.0
06/22/1998,5.630532,5.630532,5.451216,5.505011,47600,0.000,0.0,-,4.664196,5.841407,5.817021,5.764122,122568.0
06/19/1998,5.666395,5.666395,5.630532,5.639498,27600,0.000,0.0,-,4.652989,5.844994,5.837642,5.808055,126000.0
06/18/1998,5.684326,5.684326,5.648463,5.666394,42000,0.000,0.0,-,4.640392,5.846966,5.835400,5.828676,127376.0
06/17/1998,5.702256,5.720188,5.666393,5.702256,88000,0.000,0.0,-,4.627660,5.852166,5.826435,5.848401,128768.0
06/16/1998,5.845709,5.845709,5.702256,5.702256,80800,0.000,0.0,-,4.614391,5.857546,5.834952,5.862746,130112.0
06/15/1998,5.782951,5.845712,5.756054,5.818814,61600,0.000,0.0,-,4.600942,5.863643,5.853332,5.878885,132856.0
06/12/1998,5.881576,5.881576,5.729157,5.782952,27600,0.000,0.0,-,4.586642,5.868484,5.868574,5.885161,132560.0
06/11/1998,5.953300,5.962266,5.881573,5.890539,41600,0.000,0.0,-,4.572700,5.876912,5.888747,5.895024,137336.0
06/10/1998,5.989164,5.989164,5.953301,5.962267,24400,0.000,0.0,-,4.557951,5.882650,5.900851,5.893231,142232.0
06/09/1998,5.944335,5.980198,5.917438,5.971232,51600,0.000,0.0,-,4.543113,5.887133,5.910714,5.877989,142272.0
06/08/1998,5.881576,5.971234,5.863644,5.944336,31200,0.000,0.0,-,4.529036,5.891795,5.920576,5.869919,146272.0
06/05/1998,5.881574,5.953301,5.809848,5.845711,36400,0.000,0.0,-,4.515094,5.895202,5.931783,5.867229,148808.0
06/04/1998,5.845713,5.872611,5.845713,5.863645,18800,0.000,0.0,-,4.501646,5.898071,5.942542,5.842125,151288.0
06/03/1998,5.881574,5.881574,5.809848,5.845711,54800,0.000,0.0,-,4.488197,5.898968,5.948818,5.804468,153240.0
06/02/1998,5.881577,5.881577,5.809850,5.863645,47600,0.000,0.0,-,4.474659,5.898251,5.954198,5.807158,153656.0
06/01/1998,5.917439,5.926405,5.863644,5.881576,18800,0.000,0.0,-,4.460851,5.900582,5.965853,5.827780,156872.0
05/29/1998,5.872610,5.971234,5.872610,5.881576,118400,0.000,0.0,-,4.447044,5.903451,5.978853,5.851987,159608.0
05/28/1998,5.809848,5.881574,5.738121,5.872609,57600,0.000,0.0,-,4.433685,5.907754,5.994095,5.882471,163000.0
05/27/1998,5.702256,5.809845,5.702256,5.809845,171600,0.000,0.0,-,4.420460,5.912954,5.988716,5.908472,175728.0
05/26/1998,5.917437,5.953300,5.881573,5.890539,214000,0.000,0.0,-,4.407818,5.915286,5.977957,5.943439,174072.0
05/22/1998,5.881574,5.935369,5.863643,5.917438,417600,0.000,0.0,-,4.394863,5.915465,5.947473,5.971233,182864.0
05/21/1998,5.522941,5.630531,5.451214,5.594667,1781200,0.000,0.0,-,4.381190,5.916899,5.923266,5.996337,176952.0
05/20/1998,5.836745,5.836745,5.433284,5.487079,106800,0.000,0.0,-,4.369176,5.926224,5.922817,6.042959,158840.0
05/19/1998,6.069857,6.069857,5.854677,5.872609,105200,0.000,0.0,-,4.357700,5.930527,5.935369,6.093168,157784.0
05/18/1998,6.132619,6.132619,6.069859,6.069859,20000,0.000,0.0,-,4.344296,5.928376,5.928197,6.101237,157528.0
05/15/1998,6.168480,6.168480,6.123651,6.123651,59600,0.000,0.0,-,4.329816,5.921562,5.909817,6.103927,158416.0
05/14/1998,6.150550,6.186413,6.105721,6.186413,19200,0.000,0.0,-,4.315067,5.913492,5.889644,6.105720,157904.0
05/13/1998,6.141584,6.141584,6.114687,6.132618,4400,0.000,0.0,-,4.300004,5.905961,5.864987,6.105720,158248.0
05/12/1998,6.150547,6.159513,6.132616,6.159513,252800,0.000,0.0,-,4.285480,5.900582,5.841676,6.068960,158544.0
05/11/1998,6.168482,6.240208,6.168482,6.168482,130400,0.000,0.0,-,4.271404,5.894485,5.822400,6.012475,157032.0
05/08/1998,6.042960,6.168482,6.042960,6.168482,182000,0.000,0.0,-,4.257193,5.889105,5.800882,5.923714,162416.0
05/07/1998,5.989163,6.060889,5.989163,6.060889,324400,0.000,0.0,-,4.242668,5.885878,5.776674,5.850194,163512.0
05/06/1998,5.989167,6.096757,5.953303,5.989167,38800,0.000,0.0,-,4.228323,5.884981,5.760535,5.802675,164000.0
05/05/1998,6.096754,6.096754,5.899506,5.953301,58000,0.000,0.0,-,4.214336,5.879243,5.757397,5.777570,168032.0
05/04/1998,6.141582,6.141582,6.069855,6.096753,122800,0.000,0.0,-,4.200529,5.877808,5.758294,5.755156,175072.0
05/01/1998,6.186410,6.186410,6.132615,6.141581,97600,0.000,0.0,-,4.186094,5.879063,5.753811,5.715706,175752.0
04/30/1998,5.765020,6.240208,5.765020,6.186413,164800,0.000,0.0,-,4.171659,5.884084,5.749776,5.673567,177536.0
04/29/1998,5.630531,5.765018,5.612600,5.765018,259600,0.000,0.0,-,4.156865,5.893767,5.750673,5.624255,175456.0
04/28/1998,5.307761,5.630531,5.289830,5.594667,80400,0.000,0.0,-,4.144627,5.915106,5.771294,5.614393,176376.0
04/27/1998,5.379490,5.379490,5.092584,5.280866,134400,0.000,0.0,-,4.133868,5.936445,5.800881,5.632324,177072.0
04/24/1998,5.558804,5.558804,5.433283,5.433283,70000,0.000,0.0,-,4.124678,5.959576,5.847055,5.678050,180208.0
04/23/1998,5.738120,5.738120,5.585701,5.585701,46800,0.000,0.0,-,4.114905,5.978584,5.881125,5.703154,184432.0
04/22/1998,5.729154,5.773983,5.702257,5.738120,30000,0.000,0.0,-,4.104370,5.993109,5.901299,5.718396,187216.0
04/21/1998,5.684328,5.729157,5.675362,5.729157,26800,0.000,0.0,-,4.092894,6.005481,5.909816,5.737224,192440.0
04/20/1998,5.702256,5.702256,5.666393,5.702256,17200,0.000,0.0,-,4.081463,6.018930,5.913851,5.761432,203752.0
04/17/1998,5.684326,5.720190,5.648463,5.720190,30400,0.000,0.0,-,4.069942,6.037400,5.927748,5.791916,218560.0
04/16/1998,5.684326,5.738121,5.639497,5.693292,108800,0.000,0.0,-,4.058465,6.049055,5.942990,5.825985,248448.0
04/15/1998,5.791916,5.791916,5.666394,5.666394,79600,0.000,0.0,-,4.047348,6.055152,5.963163,5.877091,255872.0
04/14/1998,5.720189,5.791916,5.711223,5.773984,67200,0.000,0.0,-,4.036410,6.058738,5.986474,5.928196,271136.0
04/13/1998,5.711223,5.738120,5.693291,5.738120,29600,0.000,0.0,-,4.025023,6.052104,5.994095,5.969439,295008.0
04/09/1998,5.702257,5.702257,5.451214,5.684325,219200,0.000,0.0,-,4.013726,6.040807,6.002164,6.016061,315736.0
04/08/1998,5.890539,5.899505,5.729154,5.738120,96400,0.000,0.0,-,4.002519,6.012654,6.017406,6.059097,327872.0
04/07/1998,5.962266,5.989164,5.908471,5.926403,111600,0.000,0.0,-,3.990415,5.968542,6.033545,6.084202,326888.0
04/06/1998,5.989164,5.998130,5.962267,5.971232,155200,0.000,0.0,-,3.977280,5.918872,6.022337,6.082408,325600.0
04/03/1998,6.042958,6.078821,5.971232,6.007095,218000,0.000,0.0,-,3.963562,5.870456,6.012027,6.066270,322672.0
04/02/1998,6.204342,6.204342,6.007094,6.060889,46800,0.000,0.0,-,3.949576,5.821862,5.998130,6.063580,318576.0
04/01/1998,6.177444,6.294000,6.150547,6.204342,266400,0.000,0.0,-,3.935320,5.771832,5.981095,6.059994,319400.0
03/31/1998,6.204344,6.258139,6.168481,6.177446,286400,0.000,0.0,-,3.920078,5.719113,5.961370,6.049235,314608.0
03/30/1998,6.177447,6.302969,6.150550,6.186413,26400,0.000,0.0,-,3.904433,5.666753,5.945680,6.044752,310072.0
03/27/1998,6.114684,6.204342,6.114684,6.204342,251600,0.000,0.0,-,3.888743,5.614393,5.929093,6.018751,310136.0
03/26/1998,6.025029,6.114687,6.025029,6.114687,158000,0.000,0.0,-,3.872783,5.562032,5.913851,5.988268,315984.0
03/25/1998,5.935372,6.096757,5.935372,5.989167,160400,0.000,0.0,-,3.857542,5.511824,5.908472,5.975715,313056.0
03/24/1998,5.845710,5.935368,5.845710,5.908471,116400,0.000,0.0,-,3.843465,5.463767,5.909816,5.982888,310864.0
03/23/1998,5.953298,5.953298,5.809845,5.809845,75600,0.000,0.0,-,3.830241,5.417862,5.899506,5.962266,308792.0
03/20/1998,6.025028,6.033994,5.980199,5.980199,208400,0.000,0.0,-,3.816882,5.374826,5.903092,5.957784,307440.0
03/19/1998,6.096754,6.132618,6.025028,6.025028,155600,0.000,0.0,-,3.802133,5.328383,5.912058,5.932679,304064.0
03/18/1998,6.132616,6.150548,6.042958,6.096753,288000,0.000,0.0,-,3.786981,5.279968,5.930438,5.902196,302568.0
03/17/1998,5.926405,6.150550,5.917439,6.132618,694000,0.000,0.0,-,3.770932,5.232628,5.959128,5.873505,297144.0
03/16/1998,5.917437,5.935369,5.881574,5.926403,88800,0.000,0.0,-,3.754524,5.185289,5.994095,5.846608,284080.0
03/13/1998,5.989163,6.025026,5.881573,5.899505,653600,0.000,0.0,-,3.739058,5.140998,6.030855,5.839435,283904.0
03/12/1998,6.078825,6.132620,5.989167,5.989167,122000,0.000,0.0,-,3.722741,5.094555,6.057752,5.839435,272272.0
03/11/1998,5.720188,6.302966,5.720188,6.060889,875600,0.000,0.0,-,3.705885,5.044346,6.077477,5.841228,270072.0
03/10/1998,5.765017,5.773983,5.702256,5.702256,54000,0.000,0.0,-,3.688939,4.991986,6.090029,5.836745,252648.0
03/09/1998,5.747087,5.773984,5.720189,5.765018,92400,0.000,0.0,-,3.673787,4.946798,6.122754,5.836745,252448.0
03/06/1998,5.738123,5.773986,5.711225,5.729157,64400,0.000,0.0,-,3.658142,4.900355,6.154583,5.848400,250912.0
03/05/1998,5.809848,5.809848,5.702258,5.720190,34000,0.000,0.0,-,3.642496,4.854629,6.199412,5.891436,250280.0
03/04/1998,5.863640,5.863640,5.791914,5.809845,36400,0.000,0.0,-,3.626806,4.807469,6.228551,5.958679,250040.0
03/03/1998,5.827782,5.863645,5.818816,5.863645,19200,0.000,0.0,-,3.611026,4.757619,6.237965,6.044751,249328.0
03/02/1998,5.881574,5.917437,5.809847,5.854676,177200,0.000,0.0,-,3.594888,4.707052,6.237068,6.141582,249496.0
02/27/1998,6.033992,6.033992,5.809847,5.899505,399600,0.000,0.0,-,3.578884,4.656306,6.216447,6.222274,246952.0
02/26/1998,6.025026,6.168479,5.971232,6.007095,236800,0.000,0.0,-,3.562656,4.605021,6.180135,6.276069,239408.0
02/25/1998,5.702257,6.025026,5.702257,6.016060,348800,0.000,0.0,-,3.545979,4.549075,6.093615,6.313726,235040.0
02/24/1998,5.845709,5.845709,5.522940,5.702256,240400,0.000,0.0,-,3.529258,4.494383,5.969439,6.343313,228264.0
02/23/1998,6.150550,6.150550,5.738123,5.881576,410000,0.000,0.0,-,3.514375,4.445609,5.856469,6.408763,231992.0
02/20/1998,6.356761,6.356761,6.150547,6.159513,156800,0.000,0.0,-,3.498595,4.393966,5.739914,6.460765,227616.0
02/19/1998,6.670564,6.670564,6.347794,6.392623,186800,0.000,0.0,-,3.481246,4.334971,5.610806,6.507387,224824.0
02/18/1998,6.849879,6.921605,6.661597,6.670563,60800,0.000,0.0,-,3.462553,4.270238,5.469146,6.498422,221752.0
02/17/1998,6.688498,7.029199,6.688498,6.831951,305600,0.000,0.0,-,3.442380,4.201380,5.314038,6.431178,220728.0
02/13/1998,6.437456,6.670567,6.437456,6.661602,115200,0.000,0.0,-,3.421669,4.128578,5.150412,6.332554,215080.0
02/12/1998,6.401590,6.527112,6.383659,6.437454,291200,0.000,0.0,-,3.401720,4.058465,4.995751,6.210619,215344.0
02/11/1998,6.311931,6.580906,6.311931,6.383658,281200,0.000,0.0,-,3.383071,3.993732,4.853195,6.084201,209792.0
02/10/1998,6.294002,6.419523,6.222275,6.311934,186000,0.000,0.0,-,3.364422,3.929896,4.714225,5.873505,204248.0
02/09/1998,6.419523,6.509181,6.329864,6.356762,291200,0.000,0.0,-,3.345504,3.867135,4.577945,5.595565,201392.0
02/06/1998,6.625736,6.625736,6.132616,6.401591,592400,0.000,0.0,-,3.326272,3.803836,4.440768,5.304175,195768.0
02/05/1998,6.311932,6.814018,6.258137,6.625736,757600,0.000,0.0,-,3.306458,3.740896,4.303591,5.019063,183992.0
02/04/1998,5.630533,6.347798,5.522943,6.302969,1524800,0.000,0.0,-,3.285433,3.673653,4.155207,4.714225,171728.0
02/03/1998,5.881574,6.222275,5.881574,5.998129,480000,0.000,0.0,-,3.266291,3.613223,4.020271,4.439871,141544.0
02/02/1998,5.451215,6.025028,5.406386,5.845711,842800,0.000,0.0,-,3.249032,3.558532,3.906854,4.196897,132408.0
01/30/1998,5.271899,5.809848,5.271899,5.442249,1260800,0.000,0.0,-,3.231817,3.507606,3.802850,3.968269,116080.0
01/29/1998,4.303591,5.173275,4.303591,5.173275,1066000,0.000,0.0,-,3.217517,3.464211,3.716330,3.780884,90992.0
01/28/1998,3.586324,4.375315,3.586324,4.276691,826000,0.000,0.0,-,3.204651,3.426734,3.636534,3.622189,71288.0
01/27/1998,3.442873,3.586326,3.442873,3.532531,47200,0.000,0.0,-,3.196627,3.404678,3.596636,3.554945,55016.0
01/26/1998,3.568393,3.568393,3.433906,3.442872,47200,0.000,0.0,-,3.192592,3.397685,3.592153,3.560325,54512.0
01/23/1998,3.550462,3.586325,3.550462,3.550462,8800,0.000,0.0,-,3.189185,3.391588,3.592153,3.577360,56664.0
01/22/1998,3.586326,3.586326,3.550463,3.577361,13200,0.000,0.0,-,3.185688,3.384057,3.586774,3.588119,56872.0
01/21/1998,3.568394,3.586326,3.550463,3.559428,88000,0.000,0.0,-,3.180802,3.376526,3.580050,3.596188,56704.0
01/20/1998,3.586325,3.586325,3.568393,3.568393,26800,0.000,0.0,-,3.175467,3.368994,3.570187,3.600671,55112.0
01/16/1998,3.586326,3.586326,3.559428,3.559428,59600,0.000,0.0,-,3.168743,3.362180,3.557635,3.616810,54880.0
01/15/1998,3.568393,3.586325,3.532530,3.568393,29600,0.000,0.0,-,3.161615,3.355187,3.546428,3.637431,54688.0
01/14/1998,3.595294,3.622191,3.586328,3.586328,544000,0.000,0.0,-,3.155070,3.346221,3.533876,3.651776,55272.0
01/13/1998,3.604256,3.622188,3.604256,3.604256,11600,0.000,0.0,-,3.148884,3.336538,3.521323,3.650880,45616.0
01/12/1998,3.586328,3.622191,3.586328,3.586328,50800,0.000,0.0,-,3.142787,3.323269,3.501599,3.638328,45800.0
01/09/1998,3.658050,3.658050,3.613221,3.613221,12800,0.000,0.0,-,3.136959,3.310358,3.486357,3.623982,54592.0
01/08/1998,3.640121,3.658052,3.640121,3.658052,8000,0.000,0.0,-,3.130997,3.293323,3.468874,3.606947,57000.0
01/07/1998,3.595292,3.658052,3.586326,3.658052,39600,0.000,0.0,-,3.124900,3.280412,3.450942,3.585429,57392.0
01/06/1998,3.702880,3.702880,3.586325,3.604256,80800,0.000,0.0,-,3.119790,3.271088,3.428527,3.563911,59608.0
01/05/1998,3.747712,3.747712,3.702883,3.729781,16800,0.000,0.0,-,3.116114,3.264274,3.406113,3.539703,62216.0
01/02/1998,3.684950,3.765642,3.684950,3.765642,40800,0.000,0.0,-,3.111989,3.259253,3.381009,3.498461,63240.0
12/31/1997,3.622190,3.747712,3.595293,3.711848,80000,0.000,0.0,-,3.107686,3.252439,3.352318,3.455425,63016.0
12/30/1997,3.514600,3.586326,3.514600,3.577361,72000,0.000,0.0,-,3.104368,3.245266,3.324524,3.415975,61456.0
12/29/1997,3.442871,3.487700,3.442871,3.478734,12000,0.000,0.0,-,3.101365,3.240783,3.305696,3.391767,60528.0
12/26/1997,3.460803,3.460803,3.442872,3.442872,4400,0.000,0.0,-,3.098675,3.241142,3.291350,3.364870,61112.0
12/24/1997,3.478735,3.514598,3.442872,3.442872,44000,0.000,0.0,-,3.095537,3.242576,3.277902,3.348731,61104.0
12/23/1997,3.442872,3.442872,3.415974,3.442872,15600,0.000,0.0,-,3.092668,3.244011,3.265349,3.330800,60344.0
12/22/1997,3.380111,3.442872,3.335282,3.442872,32800,0.000,0.0,-,3.090158,3.245804,3.255935,3.316455,61016.0
12/19/1997,3.317352,3.362181,3.317352,3.362181,22000,0.000,0.0,-,3.088364,3.246880,3.246970,3.293144,61136.0
12/18/1997,3.317352,3.317352,3.317352,3.317352,800,0.000,0.0,-,3.087064,3.249211,3.242935,3.272522,63216.0
12/17/1997,3.317350,3.344247,3.317350,3.335281,27600,0.000,0.0,-,3.085899,3.252439,3.240245,3.263556,66208.0
12/16/1997,3.335284,3.353216,3.299421,3.317352,50000,0.000,0.0,-,3.085002,3.255667,3.238452,3.249211,66016.0
12/15/1997,3.245623,3.335281,3.245623,3.335281,22400,0.000,0.0,-,3.084195,3.259253,3.236211,3.233073,66336.0
12/12/1997,3.245625,3.263557,3.209762,3.209762,18400,0.000,0.0,-,3.084106,3.261225,3.234418,3.219624,66120.0
12/11/1997,3.263557,3.281489,3.263557,3.281489,10000,0.000,0.0,-,3.085182,3.264812,3.232625,3.217831,66592.0
12/10/1997,3.290454,3.353215,3.227693,3.263557,426800,0.000,0.0,-,3.086347,3.266963,3.227693,3.207072,68256.0
12/09/1997,3.218728,3.299420,3.218728,3.299420,191200,0.000,0.0,-,3.087961,3.268398,3.221417,3.199899,62152.0
12/08/1997,3.155967,3.209762,3.155967,3.209762,17200,0.000,0.0,-,3.089754,3.268398,3.215141,3.195416,60288.0
12/05/1997,3.227693,3.227693,3.155967,3.155967,33200,0.000,0.0,-,3.091189,3.268936,3.214693,3.200796,70544.0
12/04/1997,3.173898,3.227693,3.173898,3.227693,9600,0.000,0.0,-,3.091906,3.269653,3.216038,3.213348,70424.0
12/03/1997,3.155966,3.191829,3.155966,3.191829,23200,0.000,0.0,-,3.092265,3.268577,3.216038,3.216934,72312.0
12/02/1997,3.191830,3.191830,3.155967,3.155967,128400,0.000,0.0,-,3.092803,3.270729,3.216934,3.227693,73144.0
12/01/1997,3.191830,3.209761,3.191830,3.200795,13600,0.000,0.0,-,3.093430,3.275750,3.215141,3.239349,70768.0
11/28/1997,3.191829,3.191829,3.191829,3.191829,4000,0.000,0.0,-,3.093923,3.281129,3.210210,3.249212,71264.0
11/26/1997,3.173898,3.173898,3.155967,3.173898,43200,0.000,0.0,-,3.094282,3.287943,3.197658,3.247418,71632.0
11/25/1997,3.218726,3.218726,3.191829,3.191829,10000,0.000,0.0,-,3.094641,3.295654,3.186003,3.248315,71784.0
11/24/1997,3.272525,3.272525,3.245627,3.254593,3600,0.000,0.0,-,3.094820,3.304620,3.164485,3.242936,72216.0
11/21/1997,3.281488,3.281488,3.263557,3.263557,144400,0.000,0.0,-,3.094685,3.313048,3.152381,3.234866,73152.0
11/20/1997,3.281489,3.299420,3.263557,3.281489,15600,0.000,0.0,-,3.095403,3.320579,3.148794,3.228590,73248.0
11/19/1997,3.290454,3.290454,3.263557,3.263557,23200,0.000,0.0,-,3.095313,3.326676,3.147898,3.218728,78768.0
11/18/1997,3.281488,3.299420,3.281488,3.299420,26400,0.000,0.0,-,3.094685,3.332952,3.158657,3.215141,83224.0
11/17/1997,3.281489,3.281489,3.263558,3.272524,6400,0.000,0.0,-,3.093789,3.338690,3.164933,3.206176,86040.0
11/14/1997,3.173898,3.299420,3.173898,3.299420,80800,0.000,0.0,-,3.093116,3.343532,3.168967,3.190934,91712.0
11/13/1997,3.191830,3.191830,3.173898,3.173898,12400,0.000,0.0,-,3.092220,3.347835,3.171657,3.171209,92480.0
11/12/1997,3.138036,3.218728,3.138036,3.182865,22000,0.000,0.0,-,3.092578,3.349628,3.187795,3.147898,94424.0
11/11/1997,3.155966,3.155966,3.138035,3.138035,154800,0.000,0.0,-,3.092444,3.348373,3.204382,3.123690,95392.0
11/10/1997,3.227693,3.227693,3.173898,3.173898,19200,0.000,0.0,-,NaN,3.348014,3.223210,3.086034,94016.0
11/07/1997,3.173898,3.209761,3.173898,3.200795,4800,0.000,0.0,-,NaN,3.345504,3.241142,3.069895,94808.0
11/06/1997,3.245626,3.245626,3.173899,3.182865,8400,0.000,0.0,-,NaN,3.341738,3.255935,3.068998,100088.0
11/05/1997,3.227693,3.245625,3.227693,3.227693,15200,0.000,0.0,-,NaN,3.337255,3.270729,3.077068,103016.0
11/04/1997,3.138035,3.227693,3.138035,3.209762,50000,0.000,0.0,-,NaN,3.332593,3.283281,3.102172,106272.0
11/03/1997,3.102172,3.155967,3.102172,3.120104,58800,0.000,0.0,-,NaN,3.327214,3.297626,3.123690,105592.0
10/31/1997,2.976650,3.102171,2.958718,3.102171,61200,0.000,0.0,-,NaN,3.324703,3.316454,3.147001,105216.0
10/30/1997,2.958719,2.958719,2.922856,2.940788,20800,0.000,0.0,-,NaN,3.325779,3.333041,3.172105,104176.0
10/29/1997,2.797335,2.958719,2.797335,2.940788,490400,0.000,0.0,-,NaN,3.330083,3.355456,3.227693,103864.0
10/28/1997,2.940787,2.940787,2.761471,2.761471,133200,0.000,0.0,-,NaN,3.334386,3.377870,3.285074,96360.0
10/27/1997,3.155967,3.155967,3.012514,3.012514,27600,0.000,0.0,-,NaN,3.342635,3.406561,3.360387,96000.0
10/24/1997,3.299419,3.299419,3.191829,3.191829,150400,0.000,0.0,-,NaN,3.345145,3.420906,3.412389,95616.0
10/23/1997,3.478736,3.478736,3.263557,3.263557,211200,0.000,0.0,-,NaN,3.343352,3.423148,3.442873,93640.0
10/22/1997,3.433905,3.478734,3.407008,3.478734,68000,0.000,0.0,-,NaN,3.340483,3.419561,3.464390,90272.0
10/21/1997,3.371145,3.424940,3.371145,3.424940,29600,0.000,0.0,-,NaN,3.335104,3.404319,3.464390,89080.0
10/20/1997,3.362182,3.362182,3.353216,3.353216,2000,0.000,0.0,-,NaN,3.331159,3.398043,3.471563,97728.0
10/17/1997,3.442874,3.442874,3.353216,3.353216,25600,0.000,0.0,-,NaN,3.329724,3.400733,3.485908,98904.0
10/16/1997,3.496667,3.505633,3.460804,3.496667,41200,0.000,0.0,-,NaN,3.328648,3.406561,3.493977,103864.0
10/15/1997,3.514599,3.532530,3.514599,3.514599,4000,0.000,0.0,-,NaN,3.322372,3.408354,3.483218,104776.0
10/14/1997,3.550462,3.550462,3.514599,3.514599,6000,0.000,0.0,-,NaN,3.315917,3.410596,3.470666,104888.0
10/13/1997,3.514600,3.586326,3.514600,3.532531,49200,0.000,0.0,-,NaN,3.309461,3.416872,3.452735,105136.0
10/10/1997,3.451838,3.514599,3.407009,3.496667,38800,0.000,0.0,-,NaN,3.302647,3.424044,3.429423,104664.0
10/09/1997,3.496666,3.496666,3.478734,3.478734,126000,0.000,0.0,-,NaN,3.296192,3.431217,3.403423,104016.0
10/08/1997,3.496666,3.496666,3.460803,3.478734,150400,0.000,0.0,-,NaN,3.290095,3.436597,3.374732,102408.0
10/07/1997,3.496667,3.514599,3.478736,3.496667,18000,0.000,0.0,-,NaN,3.283999,3.441528,3.344249,100512.0
10/06/1997,3.433906,3.496667,3.433906,3.496667,66000,0.000,0.0,-,NaN,3.278619,3.446011,3.324524,102216.0
10/03/1997,3.407008,3.433905,3.407008,3.433905,11600,0.000,0.0,-,NaN,3.275571,3.446908,3.315558,115880.0
10/02/1997,3.389079,3.389079,3.353216,3.389079,42000,0.000,0.0,-,NaN,3.273419,3.450942,3.319144,121576.0
10/01/1997,3.335284,3.424942,3.335284,3.389079,93200,0.000,0.0,-,NaN,3.270909,3.444666,3.333490,121192.0
09/30/1997,3.263555,3.371145,3.263555,3.335281,121600,0.000,0.0,-,NaN,3.266964,3.431217,3.350525,119360.0
09/29/1997,3.245625,3.299420,3.245625,3.299420,98000,0.000,0.0,-,NaN,3.264095,3.420458,3.381009,119928.0
09/26/1997,3.227694,3.245625,3.227694,3.236660,530000,0.000,0.0,-,NaN,3.261943,3.407906,3.418665,118608.0
09/25/1997,3.173897,3.191829,3.164932,3.191829,27200,0.000,0.0,-,NaN,3.261405,3.396699,3.459011,108600.0
09/24/1997,3.299420,3.299420,3.173898,3.173898,104000,0.000,0.0,-,NaN,3.262660,3.385043,3.498461,110360.0
09/23/1997,3.371146,3.371146,3.299420,3.299420,64800,0.000,0.0,-,NaN,3.263736,3.376078,3.538807,123984.0
09/22/1997,3.442872,3.442872,3.407009,3.407009,9600,0.000,0.0,-,NaN,3.264095,3.358146,3.567498,123336.0
09/19/1997,3.496667,3.496667,3.460804,3.469770,38400,0.000,0.0,-,NaN,3.264812,3.337525,3.578257,123368.0
09/18/1997,3.532531,3.568395,3.532531,3.532531,22400,0.000,0.0,-,NaN,3.264274,3.321835,3.582740,122808.0
09/17/1997,3.631155,3.631155,3.550463,3.559428,50800,0.000,0.0,-,NaN,3.263198,3.303006,3.555842,123088.0
09/16/1997,3.693915,3.693915,3.640120,3.640120,31600,0.000,0.0,-,NaN,3.261584,3.282833,3.511910,124192.0
09/15/1997,3.622190,3.675985,3.622190,3.675985,50400,0.000,0.0,-,NaN,3.257639,3.259522,3.459908,126656.0
09/12/1997,3.586325,3.640120,3.586325,3.640120,149200,0.000,0.0,-,NaN,3.252977,3.232625,3.397147,126160.0
09/11/1997,3.586328,3.604259,3.586328,3.586328,291600,0.000,0.0,-,NaN,3.248135,3.205727,3.334387,124344.0
09/10/1997,3.604258,3.622190,3.550463,3.577361,246000,0.000,0.0,-,NaN,3.244908,3.182416,3.271626,118616.0
09/09/1997,3.514601,3.586328,3.505635,3.586328,167200,0.000,0.0,-,NaN,3.242756,3.164036,3.213348,115824.0
09/08/1997,3.550462,3.693915,3.514599,3.514599,290000,0.000,0.0,-,NaN,3.240604,3.146104,3.148794,113296.0
09/05/1997,3.263556,3.514599,3.263556,3.514599,119200,0.000,0.0,-,NaN,3.240245,3.134449,3.096793,108112.0
09/04/1997,3.120104,3.263557,3.102172,3.263557,109600,0.000,0.0,-,NaN,3.239528,3.123690,3.060929,106576.0
09/03/1997,3.102172,3.155967,3.102172,3.120104,70400,0.000,0.0,-,NaN,3.243114,3.119655,3.050170,105176.0
09/02/1997,3.066309,3.147001,3.048377,3.120104,86000,0.000,0.0,-,NaN,3.247059,3.123242,3.053757,104320.0
08/29/1997,3.012513,3.048376,3.012513,3.048376,58800,0.000,0.0,-,NaN,3.250646,3.126828,3.059136,104080.0
08/28/1997,2.940787,3.030446,2.940787,3.012514,268800,0.000,0.0,-,NaN,3.254232,3.134001,3.068102,103912.0
08/27/1997,2.994582,3.003548,2.940787,2.958719,154800,0.000,0.0,-,NaN,3.258177,3.142070,3.077068,98952.0
08/26/1997,2.958720,2.994583,2.940788,2.994583,178000,0.000,0.0,-,NaN,3.263198,3.152829,3.093206,96128.0
08/25/1997,2.994583,2.994583,2.940788,2.940788,16000,0.000,0.0,-,NaN,3.266425,3.161795,3.114724,93288.0
08/22/1997,3.155968,3.155968,2.976652,2.994583,40000,0.000,0.0,-,NaN,3.268577,3.176140,3.143415,93064.0
08/21/1997,3.164933,3.164933,3.155967,3.155967,9200,0.000,0.0,-,NaN,3.269653,3.193623,3.172105,92824.0
08/20/1997,3.155967,3.155967,3.155967,3.155967,5200,0.000,0.0,-,NaN,3.266784,3.202141,3.186450,96280.0
08/19/1997,3.182864,3.191830,3.155967,3.155967,115200,0.000,0.0,-,NaN,3.264991,3.207520,3.189140,96400.0
08/18/1997,3.173898,3.209762,3.138035,3.173898,115200,0.000,0.0,-,NaN,3.265349,3.209313,3.192727,95592.0
08/15/1997,3.102172,3.138035,3.102172,3.138035,8400,0.000,0.0,-,NaN,3.267143,3.210210,3.194520,94304.0
08/14/1997,3.102171,3.102171,3.084239,3.102171,51600,0.000,0.0,-,NaN,3.267143,3.212899,3.199899,95664.0
08/13/1997,3.200796,3.200796,3.102172,3.120104,42800,0.000,0.0,-,NaN,3.265708,3.218279,3.207072,95528.0
08/12/1997,3.191830,3.227693,3.191830,3.209762,8400,0.000,0.0,-,NaN,3.263198,3.225003,3.212451,98176.0
08/11/1997,3.299420,3.308385,3.227693,3.227693,462000,0.000,0.0,-,NaN,3.256742,3.225900,3.208865,98952.0
08/08/1997,3.290454,3.299420,3.263557,3.281489,60800,0.000,0.0,-,NaN,3.249211,3.230383,3.208865,90512.0
08/07/1997,3.182864,3.299420,3.182864,3.299420,273600,0.000,0.0,-,NaN,3.240245,3.238452,3.215141,106560.0
08/06/1997,3.155968,3.182865,3.155968,3.182865,86800,0.000,0.0,-,NaN,3.226976,3.245625,3.217831,106024.0
08/05/1997,3.173897,3.191829,3.155966,3.191829,9600,0.000,0.0,-,NaN,3.215679,3.260418,3.225900,106552.0
08/04/1997,3.173897,3.191829,3.173897,3.191829,18400,0.000,0.0,-,NaN,3.205278,3.274764,3.225900,112360.0
08/01/1997,3.173897,3.191829,3.173897,3.191829,25600,0.000,0.0,-,NaN,3.194878,3.287316,3.225900,121248.0
07/31/1997,3.182864,3.191830,3.173898,3.173898,6400,0.000,0.0,-,NaN,3.183760,3.299868,3.225900,121064.0
07/30/1997,3.191830,3.191830,3.173898,3.173898,45600,0.000,0.0,-,NaN,3.172284,3.311075,3.229486,121488.0
07/29/1997,3.191830,3.191830,3.138035,3.173898,55600,0.000,0.0,-,NaN,3.160449,3.323627,3.237556,120856.0
07/28/1997,3.281488,3.281488,3.191830,3.227693,103200,0.000,0.0,-,NaN,3.150049,3.338421,3.242935,120128.0
07/25/1997,3.326318,3.344249,3.317352,3.344249,749200,0.000,0.0,-,NaN,3.138214,3.350973,3.251901,119824.0
07/24/1997,3.299421,3.335284,3.290455,3.326318,296400,0.000,0.0,-,NaN,3.124407,3.358594,3.261763,104960.0
07/23/1997,3.191830,3.263557,3.191830,3.263557,22800,0.000,0.0,-,NaN,3.110958,3.366214,3.273419,100568.0
07/22/1997,3.191829,3.191829,3.191829,3.191829,1600,0.000,0.0,-,NaN,3.099123,3.375180,3.294937,103488.0
07/21/1997,3.209761,3.209761,3.191829,3.191829,150000,0.000,0.0,-,NaN,3.088723,3.381456,3.323627,104008.0
07/18/1997,3.209761,3.209761,3.120102,3.191829,32000,0.000,0.0,-,NaN,3.079398,3.386836,3.348731,101008.0
07/17/1997,3.227693,3.236659,3.173899,3.209762,29600,0.000,0.0,-,NaN,3.070074,3.388629,3.373836,101144.0
07/16/1997,3.227696,3.263559,3.209764,3.254593,115200,0.000,0.0,-,NaN,3.059674,3.388629,3.392664,102504.0
07/15/1997,2.976650,3.227693,2.976650,3.227693,785200,0.000,0.0,-,NaN,3.047659,3.386388,3.409698,104112.0
07/14/1997,3.407010,3.407010,3.317352,3.317352,32400,0.000,0.0,-,NaN,3.035825,3.382801,3.433906,88616.0
07/11/1997,3.424940,3.442872,3.424940,3.442872,11200,0.000,0.0,-,NaN,3.023272,3.369352,3.450044,89136.0
07/10/1997,3.442872,3.442872,3.407009,3.442872,10400,0.000,0.0,-,NaN,3.007851,3.349628,3.455424,89408.0
07/09/1997,3.442871,3.478734,3.407008,3.478734,36400,0.000,0.0,-,NaN,2.993147,3.328110,3.459010,91728.0
07/08/1997,3.424940,3.478734,3.424940,3.478734,106000,0.000,0.0,-,NaN,2.976650,3.307489,3.455424,92456.0
07/07/1997,3.442872,3.514598,3.442872,3.442872,154800,0.000,0.0,-,NaN,2.957643,3.292247,3.439286,91688.0
07/03/1997,3.398043,3.442872,3.353214,3.442872,25600,0.000,0.0,-,NaN,2.938994,3.283281,3.424940,95864.0
07/02/1997,3.407009,3.407009,3.398043,3.398043,58400,0.000,0.0,-,NaN,2.918911,3.268039,3.403423,99896.0
07/01/1997,3.451837,3.451837,3.415974,3.424940,5200,0.000,0.0,-,NaN,2.899365,3.249659,3.384594,100864.0
06/30/1997,3.442873,3.478736,3.407009,3.469770,106400,0.000,0.0,-,NaN,2.880358,3.228141,3.363077,101744.0
06/27/1997,3.514598,3.514598,3.407008,3.478734,40800,0.000,0.0,-,NaN,2.861888,3.199002,3.331696,100440.0
06/26/1997,3.514599,3.532530,3.460804,3.496667,30800,0.000,0.0,-,NaN,2.840370,3.167622,3.288661,112032.0
06/25/1997,3.442871,3.532529,3.442871,3.478734,42400,0.000,0.0,-,NaN,2.822080,3.134449,3.243831,111456.0
06/24/1997,3.335282,3.442872,3.335282,3.442872,39600,0.000,0.0,-,NaN,2.804507,3.092309,3.197209,110912.0
06/23/1997,3.263557,3.371147,3.263557,3.317352,27600,0.000,0.0,-,NaN,2.789086,3.051067,3.159553,110304.0
06/20/1997,3.263557,3.371146,3.227693,3.299420,74000,0.000,0.0,-,NaN,2.777251,3.018790,3.145208,110872.0
06/19/1997,3.173898,3.263556,3.173898,3.227693,50400,0.000,0.0,-,NaN,2.766492,2.987409,3.141621,113792.0
06/18/1997,3.227693,3.281488,3.191830,3.209762,20800,0.000,0.0,-,NaN,2.758961,2.957822,3.132656,115424.0
06/17/1997,3.120104,3.209762,3.102172,3.209762,13600,0.000,0.0,-,NaN,2.746767,2.927338,3.114724,116128.0
06/16/1997,3.066309,3.155967,3.048377,3.155967,36000,0.000,0.0,-,NaN,2.732422,2.895958,3.093206,117696.0
06/13/1997,3.030445,3.066308,3.030445,3.048376,4800,0.000,0.0,-,NaN,2.713773,2.870854,3.066309,132256.0
06/12/1997,3.030445,3.048376,3.012513,3.048376,28000,0.000,0.0,-,NaN,2.695483,2.850232,3.046584,132904.0
06/11/1997,3.030446,3.030446,3.012514,3.012514,182000,0.000,0.0,-,NaN,2.679703,2.830508,3.025066,132728.0
06/10/1997,3.173899,3.173899,3.066309,3.066309,11200,0.000,0.0,-,NaN,2.666433,2.812576,2.987409,129472.0
06/09/1997,3.245625,3.245625,3.155967,3.173898,74800,0.000,0.0,-,NaN,2.652805,2.792851,2.942580,132112.0
06/06/1997,3.155967,3.281488,3.155967,3.263557,50800,0.000,0.0,-,NaN,2.637743,2.767747,2.892372,131840.0
06/05/1997,3.012513,3.138035,3.012513,3.138035,76400,0.000,0.0,-,NaN,2.620887,2.740850,2.833197,136480.0
06/04/1997,3.012513,3.030445,2.994581,3.030445,44800,0.000,0.0,-,NaN,2.606900,2.720228,2.782989,144608.0
06/03/1997,2.869062,3.012515,2.869062,2.994583,175200,0.000,0.0,-,NaN,2.599010,2.703193,2.739953,146624.0
06/02/1997,2.851129,2.904924,2.851129,2.886992,47200,0.000,0.0,-,NaN,2.596500,2.686158,2.698710,144568.0
05/30/1997,2.797333,2.851128,2.761470,2.851128,40000,0.000,0.0,-,NaN,2.596859,2.673606,2.675399,145800.0
05/29/1997,2.635949,2.833197,2.635949,2.833197,863200,0.000,0.0,-,NaN,2.597934,2.665537,2.653881,150936.0
05/28/1997,2.618017,2.635949,2.618017,2.635949,246800,0.000,0.0,-,NaN,2.602238,2.657468,2.635949,134464.0
05/27/1997,2.653880,2.653880,2.546291,2.618017,113200,0.000,0.0,-,NaN,2.609052,2.661054,2.637743,129680.0
05/23/1997,2.671813,2.671813,2.653882,2.671813,300000,0.000,0.0,-,NaN,2.615507,2.662847,2.643122,133208.0
05/22/1997,2.582155,2.671813,2.582155,2.671813,462800,0.000,0.0,-,NaN,2.618377,2.655675,2.643122,132776.0
05/21/1997,2.546291,2.635949,2.546291,2.635949,16400,0.000,0.0,-,NaN,2.622321,2.647605,2.648502,128072.0
05/20/1997,2.564224,2.600087,2.564224,2.600087,27600,0.000,0.0,-,NaN,2.628418,2.637743,2.657468,128936.0
05/19/1997,2.653881,2.653881,2.564223,2.582155,14000,0.000,0.0,-,NaN,2.638101,2.628777,2.666434,133440.0
05/16/1997,2.635949,2.653881,2.635949,2.653881,19200,0.000,0.0,-,NaN,2.648502,2.623398,2.673606,134248.0
05/15/1997,2.671812,2.707675,2.618017,2.635949,88000,0.000,0.0,-,NaN,2.657109,2.618018,2.671813,136984.0
05/14/1997,2.689744,2.689744,2.653881,2.653881,6000,0.000,0.0,-,NaN,2.667509,2.606362,2.677193,137232.0
05/13/1997,2.689744,2.689744,2.635949,2.653881,76800,0.000,0.0,-,NaN,2.677551,2.602776,2.678986,140528.0
05/12/1997,2.707677,2.707677,2.653882,2.671813,168800,0.000,0.0,-,NaN,2.690820,2.600086,2.684365,139296.0
05/09/1997,2.689745,2.707677,2.653882,2.671813,27600,0.000,0.0,-,NaN,2.705883,2.600086,2.682572,137840.0
05/08/1997,2.725609,2.725609,2.725609,2.725609,0,0.000,0.0,-,NaN,2.722739,2.602776,2.668227,138696.0
05/07/1997,2.671814,2.725609,2.653882,2.725609,38800,0.000,0.0,-,NaN,2.739953,2.604569,2.646709,146032.0
05/06/1997,2.671814,2.689745,2.671814,2.689745,97600,0.000,0.0,-,NaN,2.758602,2.610845,2.618018,150288.0
05/05/1997,2.671813,2.707676,2.653881,2.653881,195600,0.000,0.0,-,NaN,2.774740,2.606362,2.591120,153960.0
05/02/1997,2.653881,2.653881,2.618017,2.635949,10400,0.000,0.0,-,NaN,2.787651,2.598293,2.573189,151960.0
05/01/1997,2.671814,2.689745,2.671814,2.689745,58400,0.000,0.0,-,NaN,2.800920,2.577672,2.564223,154408.0
04/30/1997,2.689745,2.707677,2.653882,2.671813,24800,0.000,0.0,-,NaN,2.813114,2.549878,2.535532,153816.0
04/29/1997,2.707676,2.707676,2.689745,2.707676,126400,0.000,0.0,-,NaN,2.825307,2.529256,2.526566,157144.0
04/28/1997,2.546291,2.653881,2.510428,2.653881,72800,0.000,0.0,-,NaN,2.837142,2.511325,2.515807,158888.0
04/25/1997,2.510428,2.546291,2.492496,2.528360,67600,0.000,0.0,-,NaN,2.849336,2.497876,2.517601,160872.0
04/24/1997,2.456633,2.510427,2.456633,2.510427,363600,0.000,0.0,-,NaN,2.863681,2.492496,2.537326,160432.0
04/23/1997,2.402839,2.438702,2.331112,2.438702,227200,0.000,0.0,-,NaN,2.878026,2.488014,2.562430,156680.0
04/22/1997,2.510427,2.510427,2.349043,2.420769,106800,0.000,0.0,-,NaN,2.893806,2.488014,2.603673,159368.0
04/21/1997,2.546291,2.546291,2.474565,2.474565,49200,0.000,0.0,-,NaN,2.913531,2.498772,2.621604,161400.0
04/18/1997,2.438701,2.546291,2.438701,2.546291,41200,0.000,0.0,-,NaN,2.929311,2.518497,2.623397,162664.0
04/17/1997,2.438701,2.438701,2.402838,2.402838,620400,0.000,0.0,-,NaN,2.941146,2.536429,2.591121,167288.0
04/16/1997,2.582155,2.582155,2.582155,2.582155,2000,0.000,0.0,-,NaN,2.955491,2.561533,2.564223,158120.0
04/15/1997,2.689745,2.689745,2.600087,2.600087,15200,0.000,0.0,-,NaN,2.966609,2.584844,2.531946,164040.0
04/14/1997,2.707677,2.707677,2.671813,2.671813,9200,0.000,0.0,-,NaN,2.977009,2.603672,2.506842,174824.0
04/11/1997,2.725609,2.761472,2.689746,2.725609,56000,0.000,0.0,-,NaN,2.988485,2.617121,2.478151,212960.0
04/10/1997,2.815266,2.833198,2.761471,2.761471,220000,0.000,0.0,-,NaN,2.997092,2.621604,2.447667,405880.0
04/09/1997,2.797333,2.851128,2.797333,2.851128,132000,0.000,0.0,-,NaN,NaN,2.626983,2.413597,NaN
04/08/1997,2.510429,2.600087,2.510429,2.600087,56000,0.000,0.0,-,NaN,NaN,2.631466,2.372354,NaN
04/07/1997,2.259385,2.492496,2.259385,2.492496,92000,0.000,0.0,-,NaN,NaN,2.655674,2.375941,NaN
04/04/1997,2.115932,2.223522,1.972479,2.223522,764000,0.000,0.0,-,NaN,NaN,2.686158,2.413597,NaN
04/03/1997,2.205590,2.205590,2.133864,2.133864,37200,0.000,0.0,-,NaN,NaN,2.729194,2.481737,NaN
04/02/1997,2.331113,2.331113,2.259386,2.259386,19200,0.000,0.0,-,NaN,NaN,2.780299,2.558843,NaN
04/01/1997,2.384906,2.384906,2.331112,2.349043,19200,0.000,0.0,-,NaN,NaN,2.825128,2.637742,NaN
03/31/1997,2.438702,2.438702,2.384907,2.384907,143200,0.000,0.0,-,NaN,NaN,2.873543,2.700503,NaN
03/27/1997,2.438701,2.438701,2.384906,2.420769,61200,0.000,0.0,-,NaN,NaN,2.925545,2.756091,NaN
03/26/1997,2.474564,2.528359,2.420769,2.420769,282800,0.000,0.0,-,NaN,NaN,2.980237,2.795541,NaN
03/25/1997,2.600087,2.600087,2.366975,2.438702,482800,0.000,0.0,-,NaN,NaN,3.038514,2.840370,NaN
03/24/1997,2.833197,2.833197,2.635949,2.635949,145600,0.000,0.0,-,NaN,NaN,3.099482,2.890578,NaN
03/21/1997,2.922855,2.922855,2.869060,2.869060,72400,0.000,0.0,-,NaN,NaN,3.142518,2.935407,NaN
03/20/1997,2.922854,2.922854,2.904923,2.904923,108800,0.000,0.0,-,NaN,NaN,3.164036,2.958719,NaN
03/19/1997,3.066307,3.066307,2.904923,2.904923,296800,0.000,0.0,-,NaN,NaN,3.183761,2.976650,NaN
03/18/1997,2.994581,3.084240,2.976650,3.048376,39600,0.000,0.0,-,NaN,NaN,3.203486,3.001755,NaN
03/17/1997,2.958719,2.976650,2.958719,2.976650,7600,0.000,0.0,-,NaN,NaN,3.215141,3.012514,NaN
03/14/1997,2.869061,2.940788,2.869061,2.940788,289600,0.000,0.0,-,NaN,NaN,3.231280,3.046584,NaN
03/13/1997,2.851129,2.851129,2.815266,2.815266,278400,0.000,0.0,-,NaN,NaN,3.247418,3.094999,NaN
03/12/1997,2.922855,2.922855,2.833197,2.869060,227600,0.000,0.0,-,NaN,NaN,3.268936,3.164933,NaN
03/11/1997,3.048378,3.048378,2.940788,2.940788,59600,0.000,0.0,-,NaN,NaN,3.286868,3.236659,NaN
03/10/1997,3.120104,3.173899,3.084241,3.084241,252800,0.000,0.0,-,NaN,NaN,3.301213,3.308386,NaN
03/07/1997,3.120103,3.138034,3.084239,3.102171,54400,0.000,0.0,-,NaN,NaN,3.317351,3.349628,NaN
03/06/1997,3.155967,3.155967,3.084241,3.084241,156000,0.000,0.0,-,NaN,NaN,3.325421,3.369353,NaN
03/05/1997,3.138035,3.155967,3.120104,3.155967,100400,0.000,0.0,-,NaN,NaN,3.328110,3.390871,NaN
03/04/1997,3.299420,3.299420,3.155967,3.155967,170800,0.000,0.0,-,NaN,NaN,3.326317,3.405216,NaN
03/03/1997,3.424942,3.424942,3.317352,3.317352,15200,0.000,0.0,-,NaN,NaN,3.325421,3.417769,NaN
02/28/1997,3.514598,3.514598,3.424940,3.424940,96000,0.000,0.0,-,NaN,NaN,3.315558,3.415975,NaN
02/27/1997,3.586325,3.604257,3.514599,3.514599,70400,0.000,0.0,-,NaN,NaN,3.306593,3.399837,NaN
02/26/1997,3.693918,3.801507,3.586328,3.586328,366800,0.000,0.0,-,NaN,NaN,3.288661,3.372940,NaN
02/25/1997,3.478736,3.658052,3.460805,3.658052,251600,0.000,0.0,-,NaN,NaN,NaN,3.337076,NaN
02/24/1997,3.407009,3.532530,3.407009,3.496667,281200,0.000,0.0,-,NaN,NaN,NaN,3.294040,NaN
02/21/1997,3.299420,3.317352,3.281488,3.299420,95600,0.000,0.0,-,NaN,NaN,NaN,3.285075,NaN
02/20/1997,3.299420,3.335283,3.299420,3.299420,132800,0.000,0.0,-,NaN,NaN,NaN,3.281488,NaN
02/19/1997,3.299420,3.317352,3.299420,3.299420,28800,0.000,0.0,-,NaN,NaN,NaN,3.265350,NaN
02/18/1997,3.299420,3.317352,3.281489,3.281489,191200,0.000,0.0,-,NaN,NaN,NaN,3.247418,NaN
02/14/1997,3.281488,3.353215,3.281488,3.299420,213600,0.000,0.0,-,NaN,NaN,NaN,3.233073,NaN
02/13/1997,3.245625,3.281488,3.245625,3.263557,172000,0.000,0.0,-,NaN,NaN,NaN,3.215141,NaN
02/12/1997,3.227694,3.263558,3.191831,3.245626,45600,0.000,0.0,-,NaN,NaN,NaN,3.213348,NaN
02/11/1997,3.191830,3.263556,3.155967,3.227693,176000,0.000,0.0,-,NaN,NaN,NaN,3.204382,NaN
02/10/1997,3.407009,3.407009,3.209761,3.227693,361600,0.000,0.0,-,NaN,NaN,NaN,NaN,NaN
02/07/1997,3.299419,3.407009,3.299419,3.407009,208400,0.000,0.0,-,NaN,NaN,NaN,NaN,NaN
02/06/1997,3.155967,3.281488,3.155967,3.263557,112400,0.000,0.0,-,NaN,NaN,NaN,NaN,NaN
02/05/1997,3.138035,3.173898,3.102172,3.138035,272400,0.000,0.0,-,NaN,NaN,NaN,NaN,NaN
02/04/1997,3.191830,3.191830,3.102172,3.120104,162000,0.000,0.0,-,NaN,NaN,NaN,NaN,NaN
02/03/1997,3.120103,3.155966,3.120103,3.138035,298000,0.000,0.0,-,NaN,NaN,NaN,NaN,NaN
01/31/1997,3.209762,3.227693,3.084240,3.120104,554400,0.000,0.0,-,NaN,NaN,NaN,NaN,NaN
01/30/1997,3.173899,3.299421,3.173899,3.245626,1916000,0.000,0.0,-,NaN,NaN,NaN,NaN,NaN
01/29/1997,2.976650,3.299420,2.976650,3.155967,9702000,0.000,0.0,-,NaN,NaN,NaN,NaN,NaN
