Date,Open,High,Low,Adj_Close,Volume,Dividends,Stock Splits,Empty_col_H,MA_Price_200_day,MA_Price_50_day,MA_Price_20_day,MA_Price_10_day,MA_Volume_50_day
01/03/2028
12/31/2027
12/30/2027
12/29/2027
12/28/2027
12/27/2027
12/24/2027
12/23/2027
12/22/2027
12/21/2027
12/20/2027
12/17/2027
12/16/2027
12/15/2027
12/14/2027
12/13/2027
12/10/2027
12/09/2027
12/08/2027
12/07/2027
12/06/2027
12/03/2027
12/02/2027
12/01/2027
11/30/2027
11/29/2027
11/26/2027
11/25/2027
11/24/2027
11/23/2027
11/22/2027
11/19/2027
11/18/2027
11/17/2027
11/16/2027
11/15/2027
11/12/2027
11/11/2027
11/10/2027
11/09/2027
11/08/2027
11/05/2027
11/04/2027
11/03/2027
11/02/2027
11/01/2027
10/29/2027
10/28/2027
10/27/2027
10/26/2027
10/25/2027
10/22/2027
10/21/2027
10/20/2027
10/19/2027
10/18/2027
10/15/2027
10/14/2027
10/13/2027
10/12/2027
10/11/2027
10/08/2027
10/07/2027
10/06/2027
10/05/2027
10/04/2027
10/01/2027
09/30/2027
09/29/2027
09/28/2027
09/27/2027
09/24/2027
09/23/2027
09/22/2027
09/21/2027
09/20/2027
09/17/2027
09/16/2027
09/15/2027
09/14/2027
09/13/2027
09/10/2027
09/09/2027
09/08/2027
09/07/2027
09/06/2027
09/03/2027
09/02/2027
09/01/2027
08/31/2027
08/30/2027
08/27/2027
08/26/2027
08/25/2027
08/24/2027
08/23/2027
08/20/2027
08/19/2027
08/18/2027
08/17/2027
08/16/2027
08/13/2027
08/12/2027
08/11/2027
08/10/2027
08/09/2027
08/06/2027
08/05/2027
08/04/2027
08/03/2027
08/02/2027
07/30/2027
07/29/2027
07/28/2027
07/27/2027
07/26/2027
07/23/2027
07/22/2027
07/21/2027
07/20/2027
07/19/2027
07/16/2027
07/15/2027
07/14/2027
07/13/2027
07/12/2027
07/09/2027
07/08/2027
07/07/2027
07/06/2027
07/05/2027
07/02/2027
07/01/2027
06/30/2027
06/29/2027
06/28/2027
06/25/2027
06/24/2027
06/23/2027
06/22/2027
06/21/2027
06/18/2027
06/17/2027
06/16/2027
06/15/2027
06/14/2027
06/11/2027
06/10/2027
06/09/2027
06/08/2027
06/07/2027
06/04/2027
06/03/2027
06/02/2027
06/01/2027
05/31/2027
05/28/2027
05/27/2027
05/26/2027
05/25/2027
05/24/2027
05/21/2027
05/20/2027
05/19/2027
05/18/2027
05/17/2027
05/14/2027
05/13/2027
05/12/2027
05/11/2027
05/10/2027
05/07/2027
05/06/2027
05/05/2027
05/04/2027
05/03/2027
04/30/2027
04/29/2027
04/28/2027
04/27/2027
04/26/2027
04/23/2027
04/22/2027
04/21/2027
04/20/2027
04/19/2027
04/16/2027
04/15/2027
04/14/2027
04/13/2027
04/12/2027
04/09/2027
04/08/2027
04/07/2027
04/06/2027
04/05/2027
04/02/2027
04/01/2027
03/31/2027
03/30/2027
03/29/2027
03/26/2027
03/25/2027
03/24/2027
03/23/2027
03/22/2027
03/19/2027
03/18/2027
03/17/2027
03/16/2027
03/15/2027
03/12/2027
03/11/2027
03/10/2027
03/09/2027
03/08/2027
03/05/2027
03/04/2027
03/03/2027
03/02/2027
03/01/2027
02/26/2027
02/25/2027
02/24/2027
02/23/2027
02/22/2027
02/19/2027
02/18/2027
02/17/2027
02/16/2027
02/15/2027
02/12/2027
02/11/2027
02/10/2027
02/09/2027
02/08/2027
02/05/2027
02/04/2027
02/03/2027
02/02/2027
02/01/2027
01/29/2027
01/28/2027
01/27/2027
01/26/2027
01/25/2027
01/22/2027
01/21/2027
01/20/2027
01/19/2027
01/18/2027
01/15/2027
01/14/2027
01/13/2027
01/12/2027
01/11/2027
01/08/2027
01/07/2027
01/06/2027
01/05/2027
01/04/2027
01/01/2027
12/31/2026
12/30/2026
12/29/2026
12/28/2026
12/24/2026
12/23/2026
12/22/2026
12/21/2026
12/18/2026
12/17/2026
12/16/2026
12/15/2026
12/14/2026
12/11/2026
12/10/2026
12/09/2026
12/08/2026
12/07/2026
12/04/2026
12/03/2026
12/02/2026
12/01/2026
11/30/2026
11/27/2026
11/25/2026
11/24/2026
11/23/2026
11/20/2026
11/19/2026
11/18/2026
11/17/2026
11/16/2026
11/13/2026
11/12/2026
11/11/2026
11/10/2026
11/09/2026
11/06/2026
11/05/2026
11/04/2026
11/03/2026
11/02/2026
10/30/2026
10/29/2026
10/28/2026
10/27/2026
10/26/2026
10/23/2026
10/22/2026
10/21/2026
10/20/2026
10/19/2026
10/16/2026
10/15/2026
10/14/2026
10/13/2026
10/12/2026
10/09/2026
10/08/2026
10/07/2026
10/06/2026
10/05/2026
10/02/2026
10/01/2026
09/30/2026
09/29/2026
09/28/2026
09/25/2026
09/24/2026
09/23/2026
09/22/2026
09/21/2026
09/18/2026
09/17/2026
09/16/2026
09/15/2026
09/14/2026
09/11/2026
09/10/2026
09/09/2026
09/08/2026
09/04/2026
09/03/2026
09/02/2026
09/01/2026
08/31/2026
08/28/2026
08/27/2026
08/26/2026
08/25/2026
08/24/2026
08/21/2026
08/20/2026
08/19/2026
08/18/2026
08/17/2026
08/14/2026
08/13/2026
08/12/2026
08/11/2026
08/10/2026
08/07/2026
08/06/2026
08/05/2026
08/04/2026
08/03/2026,659.109985,682.609985,654.260010,680.200012,880849,0.00,0.0,-,562.428269,680.434872,641.787006,633.730005,1268898.98
07/31/2026,679.140015,687.179993,661.820007,667.359985,1958700,0.00,0.0,-,561.183953,681.027302,641.479004,628.966003,1277582.00
07/30/2026,647.000000,679.799988,634.510010,657.979980,3013800,0.00,0.0,-,560.000739,681.960521,641.526505,625.083008,1271466.00
07/29/2026,582.729980,591.590027,554.119995,561.140015,2045400,0.00,0.0,-,558.797616,683.259313,643.197507,622.387012,1246558.00
07/28/2026,603.580017,603.580017,570.729980,588.359985,1428800,0.00,0.0,-,558.140206,687.433960,651.137006,631.157013,1225900.00
07/27/2026,626.429993,637.260010,603.250000,620.280029,973800,0.00,0.0,-,557.414304,691.265978,657.436050,638.415015,1213876.00
07/24/2026,650.390015,655.090027,625.330017,625.840027,777300,0.00,0.0,-,556.419169,694.332412,660.810294,641.057013,1217348.00
07/23/2026,642.080017,659.140015,642.080017,653.799988,921100,0.00,0.0,-,555.427664,697.129471,665.442303,644.329010,1228684.00
07/22/2026,629.440002,646.489990,624.609985,643.140015,579300,0.00,0.0,-,554.263231,699.678684,667.840942,645.766010,1238492.00
07/21/2026,638.479980,647.000000,632.559998,639.200012,733700,0.00,0.0,-,553.150547,701.713607,670.793076,648.085010,1251740.00
07/20/2026,634.190002,644.960022,630.099976,632.559998,802200,0.00,0.0,-,552.056515,703.941913,675.834421,649.844006,1276664.00
07/17/2026,616.890015,637.989990,608.780029,628.530029,1225100,0.00,0.0,-,550.964052,706.993114,679.313556,653.992004,1284872.00
07/16/2026,633.690002,640.989990,625.219971,631.020020,1145700,0.00,0.0,-,549.865211,709.852356,683.624094,657.970001,1286050.00
07/15/2026,664.030029,666.539978,634.140015,648.840027,868700,0.00,0.0,-,548.735586,712.376442,688.032098,664.008002,1289460.00
07/14/2026,663.900024,665.030029,651.419983,660.940002,873800,0.00,0.0,-,547.491733,714.241573,691.802063,671.116998,1298654.00
07/13/2026,649.500000,656.010010,642.500000,646.700012,756900,0.00,0.0,-,546.199669,715.575950,694.136658,676.457086,1329710.00
07/10/2026,662.000000,664.950012,651.130005,658.559998,847000,0.00,0.0,-,544.912162,715.212029,695.960938,680.563574,1341144.00
07/09/2026,686.320007,690.000000,665.260010,668.169983,875300,0.00,0.0,-,543.597777,714.657701,695.573965,686.555597,1350286.00
07/08/2026,653.000000,670.690002,650.000000,666.330017,1043800,0.00,0.0,-,542.198174,714.037955,696.757681,689.915875,1353036.00
07/07/2026,660.559998,661.750000,641.909973,656.789978,1188300,0.00,0.0,-,540.818112,713.206246,698.126379,693.501141,1346990.00
07/06/2026,675.039978,691.760010,668.650024,674.039978,1123100,0.00,0.0,-,539.412612,712.737312,700.037070,701.824835,1343056.00
07/02/2026,693.070007,697.070007,650.169983,668.309998,1273600,0.00,0.0,-,537.932003,711.530238,702.288077,704.635107,1339214.00
07/01/2026,709.070007,709.070007,687.619995,691.400024,1240400,0.11,0.0,-,536.517213,710.279987,704.650610,709.278186,1324748.00
06/30/2026,713.820941,721.259807,703.232592,719.929993,1015200,0.00,0.0,-,534.971235,708.549537,705.378217,712.056195,1312270.00
06/29/2026,689.894604,716.730531,682.905681,714.340881,1422500,0.00,0.0,-,533.318128,706.186699,703.750464,712.487128,1315496.00
06/26/2026,705.892127,708.251752,682.895642,687.764893,6309100,0.00,0.0,-,531.695613,703.646487,703.614484,711.816229,1302122.00
06/25/2026,710.391434,719.420083,690.684424,718.480225,1524200,0.00,0.0,-,530.122550,701.725781,705.725662,711.358301,1195342.00
06/24/2026,705.692150,711.221334,687.494919,701.772766,942500,0.00,0.0,-,528.406201,699.242361,706.477048,704.592334,1180540.00
06/23/2026,709.641560,720.529911,692.574161,702.182678,1693200,0.00,0.0,-,526.758253,697.121886,708.491739,703.599487,1182136.00
06/22/2026,711.891202,742.616487,708.941640,740.026917,1254400,0.00,0.0,-,525.126190,694.783644,709.549078,702.751617,1160500.00
06/18/2026,721.939663,729.718503,697.923374,702.142700,2620600,0.00,0.0,-,523.296512,691.622527,708.387756,698.249304,1154118.00
06/17/2026,723.499455,725.549130,707.901863,714.740784,1121700,0.00,0.0,-,521.657605,689.102712,708.771698,699.941046,1121972.00
06/16/2026,725.889112,737.887279,718.770204,719.180115,841000,0.00,0.0,-,519.972093,685.917599,708.735706,700.023035,1109992.00
06/15/2026,723.919421,735.217683,714.360823,724.239319,1095800,0.00,0.0,-,518.304351,682.619902,708.922678,698.700238,1105540.00
06/12/2026,687.914938,709.891562,683.895533,707.631897,1029900,0.00,0.0,-,516.589331,679.346003,711.204330,695.013800,1102566.00
06/11/2026,660.069144,684.175508,656.109788,683.185608,940200,0.00,0.0,-,514.969138,676.391854,714.820779,695.412738,1105236.00
06/10/2026,684.585418,689.674667,642.011905,650.820557,1484100,0.00,0.0,-,513.443151,673.704708,719.341586,700.093024,1114162.00
06/09/2026,704.222413,715.810608,667.038092,691.844299,1210300,0.00,0.0,-,512.086632,671.360170,725.085208,708.361761,1115654.00
06/08/2026,703.412518,703.412518,683.375541,693.703979,851900,0.00,0.0,-,510.516852,668.519043,729.556024,713.383990,1115524.00
06/05/2026,705.832147,713.970918,689.944560,695.003784,1063700,0.00,0.0,-,508.926083,665.553954,732.115134,716.346539,1123796.00
06/04/2026,700.892912,722.389628,693.394058,719.060120,1017400,0.00,0.0,-,507.345800,663.119874,734.895709,718.526208,1122106.00
06/03/2026,706.442067,729.928469,699.403164,715.560669,937800,0.00,0.0,-,505.665469,660.303433,738.198706,717.602350,1130770.00
06/02/2026,691.024436,708.561735,691.004420,705.952148,1053900,0.00,0.0,-,503.990095,657.337257,740.995279,717.448376,1136362.00
06/01/2026,701.892740,708.891670,683.155613,687.374939,1193300,0.00,0.0,-,502.346279,654.322136,743.558887,719.145117,1149074.00
05/29/2026,728.468740,734.017880,705.642210,711.621277,2223800,0.00,0.0,-,500.807588,652.129602,746.294971,727.394861,1142278.00
05/28/2026,737.627312,739.686995,718.590242,729.988464,719900,0.00,0.0,-,499.205665,649.333182,747.096848,734.228821,1111656.00
05/27/2026,746.885896,746.885896,723.729460,733.507935,707700,0.00,0.0,-,497.474689,646.162223,742.022623,738.590149,1113182.00
05/26/2026,730.578355,748.575604,728.758626,742.066589,881700,0.00,0.0,-,495.736256,642.968457,736.889407,741.808655,1127448.00
05/22/2026,727.628799,730.988271,710.881358,723.329468,774700,0.00,0.0,-,493.961025,639.303622,731.645212,745.728058,1150140.00
05/21/2026,714.220914,723.859395,704.902330,716.800476,937800,0.00,0.0,-,492.280229,636.171273,726.715967,747.883728,1153690.00
05/20/2026,729.068592,729.598541,706.092123,709.821533,1315000,0.00,0.0,-,490.640172,633.185499,722.543106,751.265210,1153720.00
05/19/2026,706.252102,725.849145,690.684473,714.020935,1652900,0.00,0.0,-,489.057489,630.266129,717.736343,758.795062,1150448.00
05/18/2026,767.962660,767.962660,721.769707,722.919556,1768400,0.00,0.0,-,487.461554,627.342544,712.325168,764.542181,1149628.00
05/15/2026,761.653660,776.381391,746.115995,769.872375,1012500,0.00,0.0,-,485.875878,623.684181,706.423068,767.972656,1136368.00
05/14/2026,774.881635,782.560455,768.022698,779.960876,827600,0.00,0.0,-,484.080318,619.267299,698.018854,765.195081,1139490.00
05/13/2026,781.240593,781.400603,753.144911,773.601746,1147400,0.00,0.0,-,482.233715,615.031713,688.387323,759.964874,1144066.00
05/12/2026,767.262761,771.062168,743.596394,765.692993,1344100,0.00,0.0,-,480.423903,610.875726,679.293716,745.455096,1141298.00
05/11/2026,749.305481,781.610542,744.886174,781.260620,1411500,0.00,0.0,-,478.702045,607.011067,670.724527,731.970160,1130572.00
05/08/2026,761.553605,762.103509,743.896330,744.886169,1241700,0.00,0.0,-,476.830109,602.643523,661.448947,717.562366,1133090.00
05/07/2026,780.510752,780.510752,742.286612,750.615295,1979900,0.00,0.0,-,475.129505,599.042854,653.468167,705.548206,1129922.00
05/06/2026,773.741789,788.629530,758.094216,785.120056,1212600,0.00,0.0,-,473.349398,595.282019,645.035956,693.821002,1109158.00
05/05/2026,772.481965,777.721216,756.274481,771.492126,1284000,0.00,0.0,-,471.415402,590.939851,634.587552,676.677625,1110734.00
05/04/2026,749.485436,762.993381,739.187022,757.224304,1316200,0.00,0.0,-,469.572776,586.488374,623.787201,660.108154,1106546.00
05/01/2026,736.437449,742.216595,717.090430,742.096619,1328400,0.00,0.0,-,467.774461,582.393229,613.640750,644.873480,1101448.00
04/30/2026,699.503082,728.738605,691.774283,727.658813,2426600,0.00,0.0,-,466.007923,578.627428,604.563138,630.842627,1108906.00
04/29/2026,632.333399,636.902709,625.124479,628.503967,1328600,0.00,0.0,-,464.300684,574.456825,596.176419,616.809772,1089164.00
04/28/2026,623.604744,637.722582,614.426153,630.843628,1304100,0.00,0.0,-,463.091518,572.385679,592.192636,613.132336,1081202.00
04/27/2026,629.903761,640.512126,617.085712,637.182678,1012800,0.00,0.0,-,461.854567,570.246748,587.330136,609.478894,1072416.00
04/24/2026,637.902531,638.802417,621.805015,624.744568,741500,0.00,0.0,-,460.567487,567.817092,582.960400,605.335529,1082512.00
04/23/2026,618.315528,638.322482,618.315528,633.343262,991600,0.00,0.0,-,459.352738,565.797743,578.995648,601.388129,1088804.00
04/22/2026,612.836373,621.215097,609.906827,613.686279,931000,0.00,0.0,-,458.072216,563.340112,575.993475,596.250909,1085100.00
04/21/2026,609.576815,611.546546,601.908004,605.797424,550300,0.00,0.0,-,456.931143,561.353993,574.221063,592.497479,1088176.00
04/20/2026,603.807781,607.167253,598.908505,604.877563,616500,0.00,0.0,-,455.833062,559.396696,572.293787,587.466248,1107518.00
04/17/2026,587.550270,603.297865,584.490740,601.788086,1176500,0.00,0.0,-,454.674135,556.850209,569.809714,582.408020,1117428.00
04/16/2026,583.480874,591.869607,580.041397,587.330261,753800,0.00,0.0,-,453.525061,554.102604,568.607721,578.283649,1123550.00
04/15/2026,586.290443,593.629287,581.051253,591.729614,970100,0.00,0.0,-,452.476702,552.124587,567.831223,575.543066,1133340.00
04/14/2026,597.518675,598.908477,584.280707,594.309204,784100,0.00,0.0,-,451.422228,549.842059,566.816766,571.252936,1138600.00
04/13/2026,585.270583,596.328891,582.161072,595.749023,1022300,0.00,0.0,-,450.345917,547.445161,565.792288,565.181378,1159684.00
04/10/2026,581.411173,590.409798,576.411937,585.270569,611400,0.00,0.0,-,449.235436,545.195404,563.946078,560.585272,1159948.00
04/09/2026,575.911998,592.489482,575.911998,581.971069,935300,0.00,0.0,-,448.168308,543.112232,563.018152,556.603168,1167242.00
04/08/2026,573.182460,582.151061,567.043384,576.151978,1013300,0.00,0.0,-,447.085213,541.054864,562.295187,555.736041,1164956.00
04/07/2026,550.005964,558.314692,548.106230,555.485107,522700,0.00,0.0,-,446.006342,538.943937,561.680240,555.944647,1155654.00
04/06/2026,558.474642,563.233924,549.915953,554.295288,618400,0.00,0.0,-,445.029057,537.206161,562.298068,557.121326,1160430.00
04/02/2026,547.946322,574.902165,546.916450,560.544373,947100,0.11,0.0,-,444.048681,535.492582,561.583374,557.211407,1167638.00
04/01/2026,555.695935,569.071268,553.866557,559.924438,1163400,0.00,0.0,-,443.052942,533.743190,561.007568,558.931793,1173402.00
03/31/2026,536.622550,555.176066,521.847742,548.828308,1386500,0.00,0.0,-,442.042623,531.811264,561.420425,560.119379,1168330.00
03/30/2026,557.705200,557.705200,527.045866,533.593628,1558700,0.00,0.0,-,441.089732,530.166439,562.269131,562.380597,1184936.00
03/27/2026,548.508442,563.923042,548.278481,549.787964,1203800,0.00,0.0,-,440.198680,528.444241,564.212451,566.403198,1169470.00
03/26/2026,563.023343,567.101935,544.669767,545.449524,1265500,0.00,0.0,-,439.191596,526.186830,564.867224,567.306885,1163906.00
03/25/2026,579.797536,582.276650,572.600037,573.299805,979200,0.00,0.0,-,438.240665,524.158738,565.837384,569.433136,1155432.00
03/24/2026,563.573176,581.736815,558.824835,578.238037,1450600,0.00,0.0,-,437.178902,521.342921,565.301071,568.854333,1150780.00
03/23/2026,559.484585,581.796800,558.205064,567.251892,1217400,0.00,0.0,-,436.083607,518.226610,564.789752,567.415833,1142340.00
03/20/2026,577.388367,582.276614,550.857594,555.196106,1689500,0.00,0.0,-,435.040895,515.142087,563.873071,567.474811,1145528.00
03/19/2026,561.603844,580.677200,558.384998,577.748230,853500,0.00,0.0,-,434.045377,512.772914,563.736618,565.955341,1126066.00
03/18/2026,576.498664,583.526178,570.420770,571.800293,692700,0.00,0.0,-,432.882359,509.979290,562.539536,563.083344,1125144.00
03/17/2026,571.310531,578.198141,558.275044,571.440491,796200,0.00,0.0,-,431.734248,507.256641,559.905954,562.721472,1134984.00
03/16/2026,567.161932,576.338720,564.992706,573.819641,1421000,0.00,0.0,-,430.573852,504.618361,557.581262,562.157666,1136800.00
03/13/2026,572.160137,574.179451,555.805864,558.824829,2016300,0.00,0.0,-,429.404456,501.578021,555.085135,562.021704,1118804.00
03/12/2026,562.273584,576.268696,559.684522,566.712036,952200,0.00,0.0,-,428.320173,498.972496,552.928888,562.427563,1087780.00
03/11/2026,561.014050,575.508986,558.714804,567.511780,939300,0.00,0.0,-,427.161543,496.253599,550.782141,562.241632,1078798.00
03/10/2026,568.781299,576.658552,561.223941,563.853027,1151400,0.00,0.0,-,425.976290,493.551488,547.929639,561.747809,1065596.00
03/09/2026,531.024576,568.711366,531.024576,567.841675,1611900,0.00,0.0,-,424.861272,490.940740,545.456003,562.163672,1048696.00
03/06/2026,534.103439,553.016878,531.814261,540.001404,1105400,0.00,0.0,-,423.744940,488.282600,542.460548,560.271332,1027710.00
03/05/2026,560.874160,567.891729,534.173461,549.028259,1168600,0.00,0.0,-,422.766562,486.137891,539.338139,561.517896,1021060.00
03/04/2026,570.940626,572.799962,560.424279,568.181580,1056400,0.00,0.0,-,421.743448,483.685323,535.107117,561.995728,1029738.00
03/03/2026,558.005164,569.081314,546.809061,565.802429,1009000,0.00,0.0,-,420.602493,480.742755,531.119510,557.090436,1030596.00
03/02/2026,556.545598,573.769562,556.545598,572.460022,807800,0.00,0.0,-,419.487317,477.706655,526.709547,553.004858,1041550.00
02/27/2026,558.584936,569.551077,550.807623,562.883423,1537400,0.00,0.0,-,418.341002,475.021907,521.809761,548.148566,1045154.00
02/26/2026,565.342541,565.642485,543.040332,564.852722,1083300,0.00,0.0,-,417.188679,472.476324,517.828650,543.430212,1045694.00
02/25/2026,573.739631,573.739631,562.383611,562.573547,941700,0.00,0.0,-,415.992049,469.936127,513.641612,539.322650,1053968.00
02/24/2026,550.687691,570.720673,537.902178,568.011658,1291400,0.00,0.0,-,414.808612,468.017162,509.468068,534.111469,1049466.00
02/23/2026,551.807280,562.183660,543.250271,548.918274,1074600,0.00,0.0,-,413.584700,465.895493,504.597766,528.748334,1044792.00
02/20/2026,554.166460,565.732428,548.028589,552.467041,1061300,0.00,0.0,-,412.426587,464.070743,500.581670,524.649765,1038198.00
02/19/2026,544.679762,554.446371,526.865977,553.806580,1701300,0.00,0.0,-,411.275553,462.277556,496.389134,517.158383,1033692.00
02/18/2026,527.555711,535.462983,518.538841,519.128662,1439500,0.00,0.0,-,410.110430,460.408608,492.352542,508.218506,1014242.00
02/17/2026,519.818442,534.593310,518.438918,524.946655,930500,0.00,0.0,-,409.122642,459.317166,489.562517,505.148584,1004310.00
02/13/2026,516.889532,528.815360,507.932637,523.897095,864800,0.00,0.0,-,407.959727,457.933072,486.644536,500.414236,1000394.00
02/12/2026,529.814955,543.090348,512.211118,515.699890,1517600,0.00,0.0,-,406.800511,456.543985,482.823868,495.470956,999728.00
02/11/2026,520.808105,534.313398,511.931200,523.777100,1056100,0.00,0.0,-,405.673491,455.269072,478.884744,492.227087,986230.00
02/10/2026,514.910189,517.309315,507.492767,510.461731,806400,0.00,0.0,-,404.489704,454.085461,474.898135,487.960574,973298.00
02/09/2026,508.292440,520.238249,503.024292,514.380310,1084800,0.00,0.0,-,403.346422,453.079212,471.000497,484.824667,977350.00
02/06/2026,489.149169,508.272495,482.341549,507.932587,1517400,0.00,0.0,-,402.144541,451.788917,466.402606,480.447198,976754.00
02/05/2026,456.950402,479.502554,456.090717,477.553223,1112000,0.00,0.0,-,400.912668,450.477668,461.657265,476.513574,982048.00
02/04/2026,489.838927,492.627931,451.012491,464.407806,1482600,0.00,0.0,-,399.792337,449.524358,459.616476,475.619885,987830.00
02/03/2026,480.232294,490.298786,474.044452,488.429443,1243300,0.00,0.0,-,398.804908,448.826561,458.299437,476.486578,981114.00
02/02/2026,472.474997,477.883081,465.557399,477.603180,1233100,0.00,0.0,-,397.708509,447.961940,455.661357,473.976450,981762.00
01/30/2026,474.834160,483.271216,471.535325,474.464294,1838300,0.00,0.0,-,396.684121,447.190320,453.757521,472.874835,990368.00
01/29/2026,481.111957,488.889239,473.404657,483.261200,1035500,0.00,0.0,-,395.681770,446.233229,451.124440,470.176779,975588.00
01/28/2026,480.832068,486.829973,471.995158,481.111969,976100,0.00,0.0,-,394.611811,445.148770,448.388808,465.542401,979964.00
01/27/2026,473.994460,483.581108,466.836956,479.102661,821000,0.00,0.0,-,393.518287,444.059925,445.871570,461.835696,985974.00
01/26/2026,470.385697,478.712806,467.136832,470.605621,548200,0.00,0.0,-,392.469270,443.460791,443.536748,457.176328,983678.00
01/23/2026,470.035844,470.825546,461.848701,468.596344,761500,0.00,0.0,-,391.340126,443.021405,441.672249,452.358014,987276.00
01/22/2026,478.882736,483.121277,459.269591,468.616333,978800,0.00,0.0,-,390.221777,442.651586,439.989165,446.800955,986056.00
01/21/2026,468.186461,477.793091,459.859353,473.074738,1235300,0.00,0.0,-,389.074710,442.174033,438.196646,443.613068,982844.00
01/20/2026,460.899011,469.575973,458.719780,463.328156,909800,0.00,0.0,-,387.968132,441.565137,435.862903,440.112296,977400.00
01/16/2026,459.989334,480.762078,455.550882,466.587036,2216800,0.00,0.0,-,386.972466,441.362045,433.749152,437.346265,978890.00
01/15/2026,445.654356,453.951446,444.164886,447.483734,785400,0.00,0.0,-,385.927107,440.798155,431.119672,434.640207,951356.00
01/14/2026,442.935307,446.733998,426.441067,436.917419,925600,0.00,0.0,-,384.958691,440.859383,430.656618,432.072101,951734.00
01/13/2026,434.638204,445.474415,433.368628,444.044922,841800,0.00,0.0,-,384.043656,441.098158,430.590959,431.235214,971924.00
01/12/2026,420.932997,435.178023,418.763772,432.508972,746600,0.00,0.0,-,383.095929,441.288325,430.280856,429.907443,990406.00
01/09/2026,422.302532,423.562072,416.954394,422.422485,1028600,0.00,0.0,-,382.234639,441.606475,431.986674,429.897168,1013210.00
01/08/2026,437.627150,437.797104,408.217408,413.025757,1376800,0.00,0.0,-,381.501715,441.944066,433.961958,430.986484,1008896.00
01/07/2026,439.846357,441.845658,433.288650,436.737457,716400,0.00,0.0,-,380.826509,442.514562,436.194711,433.177374,997862.00
01/06/2026,433.728535,439.846394,418.103987,438.067017,807400,0.00,0.0,-,379.981920,442.593036,437.498222,432.780225,1001396.00
01/05/2026,444.544751,452.082097,434.848126,435.667847,1184700,0.00,0.0,-,379.145062,442.373685,438.612830,431.613510,1002612.00
01/02/2026,424.801622,441.815668,424.801622,439.526459,887000,0.11,0.0,-,378.316704,441.899501,440.057266,430.152039,1013560.00
12/31/2025,428.388652,428.908354,421.283001,421.802673,521200,0.00,0.0,-,377.433906,441.852238,440.868040,427.599136,1014354.00
12/30/2025,430.477369,432.186349,427.519183,428.548553,465100,0.00,0.0,-,376.659898,442.225610,442.500044,429.241135,1017956.00
12/29/2025,430.277520,435.684226,429.827783,430.767212,503100,0.00,0.0,-,375.819258,442.326348,443.670329,429.946704,1022930.00
12/26/2025,432.736005,433.315638,429.418022,432.406219,279200,0.00,0.0,-,374.915004,442.456069,445.361797,430.654269,1031652.00
12/24/2025,434.464967,434.534901,430.367460,433.315643,306400,0.00,0.0,-,373.996614,442.541216,446.748949,434.076181,1041694.00
12/23/2025,431.676640,437.143306,430.737210,434.934662,562600,0.00,0.0,-,373.058350,442.501641,447.576445,436.937433,1053516.00
12/22/2025,432.845898,435.134511,428.248728,432.765961,772900,0.00,0.0,-,372.065460,442.417292,447.948218,439.212048,1057896.00
12/19/2025,421.952573,431.726609,421.193057,426.399872,1602500,0.00,0.0,-,371.129894,442.109080,447.804306,442.216220,1087364.00
12/18/2025,426.739664,427.199375,418.774522,421.053131,1099300,0.00,0.0,-,370.200497,442.174241,447.960211,445.612149,1081056.00
12/17/2025,436.213894,441.140881,412.338445,413.997437,1556700,0.00,0.0,-,369.359142,442.616771,449.167474,449.962494,1084014.00
12/16/2025,435.094560,440.191456,430.547346,438.222656,988000,0.00,0.0,-,368.535442,442.761882,450.418712,454.136945,1071572.00
12/15/2025,436.273853,443.579394,433.035808,435.604248,1564400,0.00,0.0,-,367.597006,442.548212,449.838066,455.758954,1065682.00
12/12/2025,464.566582,465.206176,431.296871,437.842865,1497000,0.00,0.0,-,366.715197,442.254392,449.509766,457.393954,1047084.00
12/11/2025,459.719545,467.574738,449.985493,466.625336,716600,0.00,0.0,-,365.820348,441.909602,448.951108,460.069324,1037076.00
12/10/2025,459.889427,469.233702,451.874298,461.928162,1057700,0.00,0.0,-,364.829266,440.984966,448.077139,459.421716,1039388.00
12/09/2025,460.219277,465.166271,457.161145,457.680817,744900,0.00,0.0,-,363.839602,440.027750,447.412547,458.215457,1036170.00
12/08/2025,470.822778,473.701027,460.059355,462.807678,836000,0.00,0.0,-,362.846062,439.049371,447.033775,456.684387,1039906.00
12/05/2025,464.556582,465.136246,456.281632,460.359161,728800,0.00,0.0,-,361.876813,437.895118,446.130325,453.392392,1039250.00
12/04/2025,454.382794,466.805208,449.725631,464.556580,942900,0.00,0.0,-,360.978719,436.689321,445.243864,450.308273,1044858.00
12/03/2025,454.242858,458.070540,440.631167,455.741943,734700,0.00,0.0,-,360.114106,435.448735,444.674713,448.372455,1059294.00
12/02/2025,457.740725,458.720138,447.666884,454.442749,831500,0.00,0.0,-,359.271200,434.117867,443.807243,446.700479,1061530.00
12/01/2025,457.021139,459.509642,448.986064,451.954254,842700,0.00,0.0,-,358.424106,432.942673,443.612363,443.917178,1061152.00
11/28/2025,463.187414,465.965717,458.320388,464.596558,409500,0.00,0.0,-,357.616464,431.668575,443.457458,441.625577,1074162.00
11/26/2025,452.413990,461.788276,451.764393,460.149261,1009000,0.00,0.0,-,356.782905,430.182996,442.905295,437.832892,1089434.00
11/25/2025,443.069698,450.095410,424.740883,449.865570,1055000,0.00,0.0,-,355.993849,428.493812,442.318654,436.732562,1087012.00
11/24/2025,433.235676,447.796799,430.717223,442.370117,1782100,0.00,0.0,-,355.295552,427.054865,441.790477,436.609637,1082350.00
11/21/2025,427.449211,431.037019,412.748189,429.887726,1401100,0.00,0.0,-,354.642571,425.914500,441.749501,437.383163,1062206.00
11/20/2025,456.621436,463.127477,426.679710,429.517975,1146800,0.00,0.0,-,354.046211,424.960836,442.288173,438.868259,1050852.00
11/19/2025,441.780467,449.545749,439.002163,445.198395,1275700,0.00,0.0,-,353.390142,424.156646,442.167245,440.179456,1051704.00
11/18/2025,421.742719,442.949783,419.743938,439.022186,1663400,0.00,0.0,-,352.661811,423.049438,440.505258,440.976971,1052306.00
11/17/2025,428.498604,434.434984,421.642770,426.609741,1099300,0.00,0.0,-,351.973548,421.732040,440.412314,440.914008,1029088.00
11/14/2025,417.745140,437.073345,415.076755,429.038239,1254300,0.00,0.0,-,351.376253,420.704054,441.105391,443.307547,1022702.00
11/13/2025,447.726870,449.136014,424.481041,426.669708,1276600,0.00,0.0,-,350.775204,419.566951,441.332753,445.289340,1020194.00
11/12/2025,450.884895,456.141697,448.056603,449.145966,706200,0.00,0.0,-,350.128633,418.548958,441.861929,447.977698,1013504.00
11/11/2025,446.517619,452.284091,440.351368,448.636322,728100,0.00,0.0,-,349.350609,417.047867,441.237811,447.904745,1014602.00
11/10/2025,454.792520,456.581406,439.391913,450.105377,700500,0.00,0.0,-,348.567395,415.562366,440.372838,446.971317,1013760.00
11/07/2025,435.784119,446.387666,429.847738,444.738678,818200,0.00,0.0,-,348.104346,414.113027,439.403432,446.115839,1015238.00
11/06/2025,453.093561,457.241025,440.990960,442.629944,963100,0.00,0.0,-,347.651755,412.930885,438.034265,445.708087,1011712.00
11/05/2025,442.180260,458.850083,441.730522,453.173553,984300,0.00,0.0,-,347.222589,411.702993,437.385663,444.155035,1005194.00
11/04/2025,441.640566,444.888584,433.395596,438.392548,840100,0.00,0.0,-,346.744049,410.311390,436.885966,440.033545,1005938.00
11/03/2025,451.264698,456.181681,448.526348,450.545135,804300,0.00,0.0,-,346.236868,409.103302,436.028990,439.910620,1001384.00
10/31/2025,455.202305,469.143782,447.726855,448.856171,1935100,0.00,0.0,-,345.662583,407.682736,434.878691,438.903235,1006052.00
10/30/2025,440.141483,460.578996,438.712362,453.553284,1765900,0.00,0.0,-,345.062944,406.263376,433.481544,437.376166,981346.00
10/29/2025,441.580617,459.079920,441.550636,448.416443,1886800,0.00,0.0,-,344.392241,404.703314,431.834048,435.746161,968874.00
10/28/2025,442.500063,443.039743,433.615499,439.302032,812900,0.00,0.0,-,343.718963,403.313931,430.432903,434.570877,946154.00
10/27/2025,444.119038,446.407620,437.623002,441.550598,825100,0.00,0.0,-,343.087514,402.187767,429.171170,433.774359,943812.00
10/24/2025,438.532457,446.897380,437.982805,440.661163,893100,0.00,0.0,-,342.438431,400.966475,427.531734,432.691025,956038.00
10/23/2025,412.748196,430.257503,412.748196,427.099426,868200,0.00,0.0,-,341.831788,399.697028,425.753427,430.360443,956570.00
10/22/2025,441.540606,443.479426,404.263362,411.958649,1732100,0.00,0.0,-,341.334143,398.747773,424.401921,430.616290,973766.00
10/21/2025,437.253241,440.831075,423.041909,437.163300,926700,0.00,0.0,-,340.904513,398.333337,423.930351,433.738388,956298.00
10/20/2025,436.893479,443.789266,436.893479,440.471283,701300,0.00,0.0,-,340.293842,397.265934,421.532114,432.147360,956302.00
10/17/2025,435.674202,440.411302,429.737821,433.585480,713800,0.00,0.0,-,339.668878,396.172937,419.292702,430.854147,955382.00
10/16/2025,440.141487,446.327716,433.955259,437.253235,939200,0.00,0.0,-,339.092966,395.241636,417.025897,429.586923,958596.00
10/15/2025,436.733569,442.050333,431.736618,436.663605,781300,0.00,0.0,-,338.519478,394.239977,414.679115,427.921936,958418.00
10/14/2025,423.551594,438.662370,420.303576,431.336853,897500,0.00,0.0,-,337.986270,393.282483,411.630438,426.294928,965780.00
10/13/2025,425.910190,434.684835,424.740889,430.717255,781600,0.00,0.0,-,337.480645,392.521448,408.959505,424.567981,976710.00
10/10/2025,432.486130,436.803503,416.256042,417.355347,2246300,0.00,0.0,-,336.960998,391.803779,406.691235,422.372443,1002958.00
10/09/2025,442.729910,443.179648,427.039470,429.657898,1287100,0.00,0.0,-,336.513302,391.572361,404.933694,421.146411,1006750.00
10/08/2025,422.931970,443.699298,421.173033,443.179626,1247200,0.00,0.0,-,335.975045,391.194407,402.916225,418.187552,1017748.00
10/07/2025,428.738445,434.125173,414.956844,421.253021,934600,0.00,0.0,-,335.359348,390.543621,400.249144,414.122314,1014700.00
10/06/2025,425.250572,429.438020,421.522835,427.539154,693500,0.00,0.0,-,334.932191,390.351350,397.844106,410.916867,1038036.00
10/03/2025,422.102485,427.229362,415.286666,420.913239,634500,0.00,0.0,-,334.503898,390.226992,395.227670,407.731256,1051582.00
10/02/2025,423.851381,430.977039,417.725145,420.603363,996600,0.00,0.0,-,334.084279,389.946198,392.791162,404.464871,1060422.00
10/01/2025,410.509570,423.461660,407.061661,420.393524,832200,0.10,0.0,-,333.658723,389.629436,390.549496,401.436295,1071994.00
09/30/2025,408.761873,415.006555,408.651981,414.067383,896800,0.00,0.0,-,333.224983,389.113445,388.234393,396.965948,1077766.00
09/29/2025,405.534639,413.587779,405.534639,408.761871,931700,0.00,0.0,-,332.751253,388.798514,386.249086,393.351028,1079898.00
09/26/2025,400.069313,408.392212,398.840348,405.095032,803200,0.00,0.0,-,332.314432,388.682614,384.692914,391.010028,1082466.00
09/25/2025,396.732151,402.527204,389.368427,400.069305,1009200,0.00,0.0,-,331.948301,388.531942,383.719742,388.720978,1086404.00
09/24/2025,399.889514,406.733662,396.032782,402.527252,1664700,0.00,0.0,-,331.619775,388.306334,382.778044,387.644897,1082970.00
09/23/2025,396.572273,397.181739,387.090357,389.198547,846500,0.00,0.0,-,331.272422,387.980012,381.831351,386.375974,1061798.00
09/22/2025,384.172857,397.261717,381.914770,395.683044,812600,0.00,0.0,-,331.022057,387.929455,381.270831,384.771344,1059124.00
09/19/2025,391.726440,392.885457,386.610801,388.249390,1493200,0.00,0.0,-,330.752196,387.684863,380.462521,382.724084,1061006.00
09/18/2025,377.708339,393.085259,375.750016,390.317596,1173100,0.00,0.0,-,330.530434,387.515208,379.944461,381.117453,1050584.00
09/17/2025,378.177935,382.234478,373.082268,375.690063,887900,0.00,0.0,-,330.295436,387.344753,379.206090,379.662698,1039760.00
09/16/2025,385.701563,386.870581,375.180523,377.918182,821900,0.00,0.0,-,330.146852,387.375726,379.368950,379.502838,1045094.00
09/15/2025,382.574234,387.530006,381.225376,385.351868,774900,0.00,0.0,-,329.968760,387.526797,379.622733,379.147144,1045450.00
09/12/2025,387.819742,391.596525,381.944740,382.204529,833400,0.00,0.0,-,329.748509,387.543384,379.379439,378.375800,1047344.00
09/11/2025,390.797225,400.528928,388.629058,389.308502,1189400,0.00,0.0,-,329.534462,387.361139,379.128653,378.718506,1053960.00
09/10/2025,380.875644,392.845431,380.635828,389.838013,1305800,0.00,0.0,-,329.246614,387.014434,378.645064,377.911191,1058748.00
09/09/2025,374.301268,375.670097,369.954963,373.152252,502500,0.00,0.0,-,328.948333,386.770842,378.715004,377.286728,1059720.00
09/08/2025,376.689201,379.676647,373.092258,375.210449,780000,0.00,0.0,-,328.721652,386.924495,379.247049,377.770319,1123426.00
09/05/2025,378.147997,378.767464,362.701159,372.183075,1128900,0.00,0.0,-,328.459326,387.001223,379.777599,378.200958,1132030.00
09/04/2025,374.980714,378.477736,370.614436,375.770050,942100,0.00,0.0,-,328.214832,387.030620,380.519466,378.771469,1131500.00
09/03/2025,376.169678,378.078057,371.074042,374.091461,761100,0.00,0.0,-,327.967426,386.952117,381.089478,378.749481,1131430.00
09/02/2025,369.685225,374.920758,366.038337,374.361237,686000,0.00,0.0,-,327.730359,386.777332,381.824350,379.235062,1134672.00
08/29/2025,385.431810,385.431810,373.152258,377.638428,774400,0.00,0.0,-,327.504021,386.497661,382.770543,380.098322,1152220.00
08/28/2025,383.233640,387.480024,382.044650,385.631592,641900,0.00,0.0,-,327.267737,386.145454,383.630312,380.383078,1153832.00
08/27/2025,382.464316,385.271923,379.636707,381.235352,637200,0.00,0.0,-,326.940977,385.597225,384.637955,379.538800,1158522.00
08/26/2025,378.757475,384.092958,378.437770,383.593384,1021500,0.00,0.0,-,326.586090,385.200450,386.114198,379.378937,1162590.00
08/25/2025,379.516856,381.535127,377.098932,377.988159,612400,0.00,0.0,-,326.238378,384.685793,387.466545,380.143280,1158084.00
08/22/2025,381.115491,385.961371,377.388653,379.516846,1037700,0.00,0.0,-,325.867285,384.291031,389.149110,380.723779,1163038.00
08/21/2025,376.189648,380.096325,375.370339,377.888184,699800,0.00,0.0,-,325.484456,383.808360,391.239330,381.354239,1159428.00
08/20/2025,375.670064,378.647539,367.586951,375.550171,1142300,0.00,0.0,-,325.100438,383.218019,392.688597,382.267462,1175230.00
08/19/2025,382.714077,383.753170,377.078862,378.947266,750800,0.00,0.0,-,324.778019,382.812284,394.149353,383.429474,1170436.00
08/18/2025,379.426866,383.273596,377.038885,382.993835,695800,0.00,0.0,-,324.447599,382.452280,394.931689,384.413638,1169432.00
08/15/2025,377.518518,384.092937,371.323812,380.485992,1436400,0.00,0.0,-,324.096596,381.975984,395.698039,385.442764,1173058.00
08/14/2025,379.636709,382.174557,374.880780,377.188812,919700,0.00,0.0,-,323.732229,381.540456,396.822081,386.877545,1166446.00
08/13/2025,393.395023,398.510662,368.745999,379.636719,1728000,0.00,0.0,-,323.392833,381.118530,397.840714,389.737109,1170728.00
08/12/2025,384.082905,391.456630,382.184528,391.236816,858700,0.00,0.0,-,323.025027,380.428690,398.298323,392.849460,1151490.00
08/11/2025,385.741505,387.609909,380.116290,383.793152,926900,0.00,0.0,-,322.630863,379.447514,398.047038,394.789810,1167424.00
08/08/2025,389.668172,390.667321,384.062960,385.821442,655300,0.00,0.0,-,322.297225,378.558875,398.190916,397.574442,1160340.00
08/07/2025,389.488316,392.056136,383.433475,387.020416,874500,0.00,0.0,-,321.936626,377.641256,398.072517,401.124420,1160564.00
08/06/2025,387.869705,391.566538,384.262760,387.170288,930300,0.00,0.0,-,321.564392,376.740213,397.709827,403.109732,1167034.00
08/05/2025,397.661359,399.749577,384.672420,388.788910,1149400,0.00,0.0,-,321.186817,375.696528,397.441055,404.869232,1167076.00
08/04/2025,399.999379,401.717917,390.887143,393.285095,1444000,0.00,0.0,-,320.767810,374.529972,396.863547,405.449741,1181634.00
08/01/2025,392.265981,398.980264,384.242814,394.833801,2094000,0.00,0.0,-,320.353472,373.481260,396.472879,405.953314,1172854.00
07/31/2025,405.744480,423.139670,398.730464,405.784454,2435900,0.00,0.0,-,319.923605,372.476091,396.040248,406.766617,1144786.00
07/30/2025,412.438817,414.147354,409.111633,410.760223,1837000,0.00,0.0,-,319.426857,371.246915,394.405640,405.944318,1110674.00
07/29/2025,416.055722,416.055722,407.982579,410.640320,1094800,0.00,0.0,-,318.908324,369.919821,392.466292,403.747186,1095342.00
07/28/2025,418.633510,418.633510,408.781913,411.639465,2101400,0.00,0.0,-,318.395682,368.506824,390.817197,401.304266,1101310.00
07/25/2025,412.248967,424.578464,412.248967,421.321228,1370800,0.00,0.0,-,317.872254,367.129382,389.276967,398.807391,1092308.00
07/24/2025,407.792766,410.440505,406.383962,406.873535,1076500,0.00,0.0,-,317.291483,365.566896,387.163249,395.020615,1097988.00
07/23/2025,397.661354,405.654547,397.611408,404.765289,1575200,0.00,0.0,-,316.746417,364.077803,385.502219,392.309921,1108158.00
07/22/2025,398.140992,398.230912,380.276199,394.593994,1120800,0.00,0.0,-,316.215336,362.493030,383.856200,390.012878,1096648.00
07/21/2025,403.386525,404.695408,396.662240,398.320831,1003400,0.00,0.0,-,315.719939,361.118874,382.394109,388.277353,1097616.00
07/18/2025,398.590549,405.085019,397.971082,402.966827,1060100,0.00,0.0,-,315.215940,359.617042,380.496953,386.992444,1101628.00
07/17/2025,387.440076,398.270850,386.520876,397.561462,1000100,0.00,0.0,-,314.681675,357.903621,378.350015,385.313879,1100188.00
07/16/2025,386.341013,389.098644,380.975556,388.788910,837500,0.00,0.0,-,314.172542,356.397597,376.382948,382.866962,1100898.00
07/15/2025,388.928808,389.768089,383.563381,386.211121,606100,0.00,0.0,-,313.715154,355.037457,375.013333,381.185397,1125400.00
07/14/2025,382.644146,388.878826,381.195367,386.670715,712800,0.00,0.0,-,313.272152,353.744655,373.595804,380.330127,1179294.00
07/11/2025,378.977262,385.132024,377.688381,383.453461,906700,0.00,0.0,-,312.816325,351.858513,372.174771,379.746542,1197832.00
07/10/2025,380.116310,382.564238,371.163942,379.766602,972100,0.00,0.0,-,312.350439,350.030523,370.771263,379.305884,1200656.00
07/09/2025,381.674968,382.953877,377.638397,381.794861,631900,0.00,0.0,-,311.897200,348.241110,369.201491,378.694516,1202384.00
07/08/2025,382.044644,382.674113,369.315494,377.238739,1154600,0.00,0.0,-,311.345655,346.345604,367.874918,377.699521,1213856.00
07/07/2025,385.701556,387.669881,380.076341,385.471741,839700,0.00,0.0,-,310.826172,344.436937,367.060335,376.510864,1222886.00
07/03/2025,375.700087,387.040437,374.640991,386.181183,869600,0.00,0.0,-,310.253649,342.207585,365.745700,374.001462,1237208.00
07/02/2025,365.798478,373.641805,365.258960,373.092285,1164200,0.00,0.0,-,309.667600,339.715121,364.372119,371.386151,1239402.00
07/01/2025,374.271298,377.458586,364.129939,371.973267,1428800,0.10,0.0,-,309.141806,337.323016,363.522130,369.898935,1237044.00
06/30/2025,374.721723,381.124549,368.288901,377.658417,1354400,0.00,0.0,-,308.594614,335.221992,362.180702,368.841269,1227894.00
06/27/2025,379.576265,382.363162,373.383166,380.834869,3687800,0.00,0.0,-,307.953835,333.051815,360.406683,366.861481,1221798.00
06/26/2025,377.668409,380.695029,376.459767,379.046875,1210200,0.00,0.0,-,307.297322,330.889629,358.332999,364.603000,1164158.00
06/25/2025,373.582994,375.111287,371.055816,373.652924,1102400,0.00,0.0,-,306.639073,328.788574,356.377681,362.236642,1162014.00
06/24/2025,368.658464,372.883728,366.211184,371.844910,938600,0.00,0.0,-,306.025106,326.700905,354.793448,359.708466,1161932.00
06/23/2025,360.597471,366.331061,357.980397,365.352173,923200,0.00,0.0,-,305.441534,324.512148,352.950505,358.050314,1173864.00
06/20/2025,363.264508,365.452038,358.519805,360.377716,1563400,0.00,0.0,-,304.900056,322.591092,351.205951,357.609805,1194458.00
06/18/2025,359.968146,365.501976,357.870481,360.028076,855000,0.00,0.0,-,304.470915,320.279073,350.229539,357.489938,1197234.00
06/17/2025,356.402145,361.236775,353.295628,358.220123,876400,0.00,0.0,-,304.023166,317.977043,349.456903,357.358087,1228058.00
06/16/2025,361.136917,366.590821,360.527581,361.396606,840600,0.00,0.0,-,303.566743,315.596700,348.762180,357.145325,1252268.00
06/13/2025,352.276771,357.940432,348.670781,357.860535,796200,0.00,0.0,-,303.108708,313.403947,347.912627,355.520135,1269534.00
06/12/2025,355.193476,360.397657,353.854974,358.250061,860100,0.00,0.0,-,302.671596,311.530638,347.019124,353.951886,1270956.00
06/11/2025,350.099191,355.792847,344.984904,355.383301,857200,0.00,0.0,-,302.243315,309.515938,346.244989,352.062997,1273350.00
06/10/2025,356.082548,356.711820,341.548753,348.371155,1489900,0.00,0.0,-,301.802573,307.484285,345.635669,350.518719,1288742.00
06/09/2025,361.696218,363.194546,354.933748,355.263397,902600,0.00,0.0,-,301.404676,305.595070,344.838057,349.878430,1281946.00
06/06/2025,363.174576,363.334402,358.240113,360.947083,700600,0.00,0.0,-,300.959843,303.579794,343.351218,347.850696,1295516.00
06/05/2025,360.507581,361.626327,356.072529,359.179047,877100,0.00,0.0,-,300.492780,301.565872,341.598174,344.802097,1311924.00
06/04/2025,358.000364,361.156845,355.882733,358.709564,1105800,0.00,0.0,-,300.023530,299.899045,339.800682,342.969141,1319632.00
06/03/2025,347.182462,357.540894,346.613090,356.092499,1133800,0.00,0.0,-,299.566855,298.284543,337.729994,341.555719,1324448.00
06/02/2025,342.108096,345.664124,337.103703,345.144714,766100,0.00,0.0,-,299.100964,296.519086,336.038382,340.379034,1333894.00
05/30/2025,338.701909,342.357832,336.444449,342.178040,1655400,0.00,0.0,-,298.682476,295.030099,334.820242,340.305118,1342070.00
05/29/2025,343.136960,343.616435,336.194727,339.361176,572700,0.00,0.0,-,298.269043,293.586466,333.789891,340.086362,1334984.00
05/28/2025,342.537628,343.136935,338.192473,339.940521,666500,0.00,0.0,-,297.867598,292.058580,331.440013,340.426981,1347940.00
05/27/2025,339.451052,343.057043,336.973837,341.968262,1198000,0.00,0.0,-,297.479123,290.599787,329.045685,340.752618,1369332.00
05/23/2025,328.832949,336.414482,326.525527,334.986053,932400,0.00,0.0,-,297.009160,288.968836,326.462068,339.797684,1386974.00
05/22/2025,336.124781,336.824013,320.202553,330.461090,1877300,0.00,0.0,-,296.571763,287.267444,324.063745,338.851740,1404674.00
05/21/2025,341.239037,348.510917,340.350045,340.849487,1005000,0.00,0.0,-,296.114831,285.632786,321.630960,338.394250,1402140.00
05/20/2025,343.146950,346.113639,342.957159,344.575348,690600,0.00,0.0,-,295.612642,283.729051,318.288692,336.632224,1430990.00
05/19/2025,337.623143,344.924990,336.694187,344.325653,730300,0.00,0.0,-,295.161476,281.564678,314.137825,333.904269,1469222.00
05/16/2025,342.527640,344.974889,337.762969,344.405548,1070400,0.00,0.0,-,294.763948,279.591221,309.595894,331.697729,1495768.00
05/15/2025,339.700793,341.878386,336.254658,339.990479,1393200,0.00,0.0,-,294.297267,277.513520,305.721718,329.335367,1519188.00
05/14/2025,345.524297,348.031508,341.568721,342.767365,1651300,0.00,0.0,-,293.875711,275.769353,302.179672,327.493420,1518154.00
05/13/2025,334.806271,346.093690,334.067106,343.196899,1654800,0.00,0.0,-,293.442816,273.899153,298.677583,322.453046,1532918.00
05/12/2025,335.525432,337.043757,331.919472,332.418915,1585000,0.00,0.0,-,292.968257,272.045925,295.217445,317.338751,1539560.00
05/09/2025,325.676438,327.194732,320.981667,325.526611,999700,0.00,0.0,-,292.563105,270.582396,292.059972,313.126453,1568638.00
05/08/2025,327.963867,330.381182,323.978326,325.886200,1169200,0.00,0.0,-,292.254982,269.249325,288.903995,309.275751,1589990.00
05/07/2025,319.333572,324.637649,315.098309,323.229218,1204000,0.00,0.0,-,291.961277,268.099777,286.074654,304.867670,1599812.00
05/06/2025,318.754170,321.960613,316.027234,317.295807,988100,0.00,0.0,-,291.635203,266.915100,282.152031,299.945160,1640272.00
05/05/2025,317.925097,323.518859,314.648756,322.260254,1035600,0.00,0.0,-,291.369481,265.748641,278.533569,294.371381,1678436.00
05/02/2025,324.867357,329.382306,319.323527,320.781921,2062600,0.00,0.0,-,290.980296,264.682594,274.380704,287.494058,1727078.00
05/01/2025,319.852931,330.231360,311.951748,321.571014,3300800,0.00,0.0,-,290.670500,263.881762,270.929557,282.108069,1765760.00
04/30/2025,284.192746,293.921875,280.856474,292.363617,1639700,0.00,0.0,-,290.346132,263.283024,268.060761,276.865924,1734316.00
04/29/2025,289.386919,293.392457,286.739880,292.053955,1047900,0.00,0.0,-,290.225528,263.178965,266.318334,274.902121,1744826.00
04/28/2025,285.251572,292.583384,284.861993,290.295929,1058500,0.00,0.0,-,290.083172,263.038365,264.405667,273.096140,1765704.00
04/25/2025,284.182763,289.676630,282.444713,287.019592,1205500,0.00,0.0,-,289.918322,263.040964,262.586393,270.993491,1782000.00
04/24/2025,273.924204,283.903054,271.696680,281.805389,1606100,0.00,0.0,-,289.754486,263.258266,260.960392,268.532239,1783990.00
04/23/2025,276.970809,284.232692,273.454745,274.004120,1555800,0.00,0.0,-,289.616073,263.668919,259.882671,267.281638,1773086.00
04/22/2025,256.713416,263.475856,254.695664,261.558014,979300,0.00,0.0,-,289.506038,264.392963,259.974351,264.358902,1755202.00
04/21/2025,262.387083,263.066317,250.760063,253.487030,1046300,0.00,0.0,-,289.468563,265.397281,260.795673,262.695758,1753556.00
04/17/2025,270.747743,271.197254,264.314922,266.922028,971300,0.00,0.0,-,289.437414,266.539854,261.512304,261.267351,1762448.00
04/16/2025,268.260544,273.424793,264.994202,269.149567,1049600,0.00,0.0,-,289.338242,267.167496,261.700971,259.751045,1774688.00
04/15/2025,274.783287,276.621232,270.697850,272.725586,805800,0.00,0.0,-,289.259814,267.775149,261.743311,259.255598,1775618.00
04/14/2025,274.983057,277.390374,269.369329,273.994141,1103000,0.00,0.0,-,289.228197,268.348027,261.255376,257.734547,1781144.00
04/11/2025,262.377139,270.617941,258.771148,269.269440,1098300,0.00,0.0,-,289.187794,269.011161,260.905714,255.715195,1782338.00
04/10/2025,262.037461,269.828781,254.715648,262.407074,1535200,0.00,0.0,-,289.202935,269.802339,260.463277,254.179295,1790016.00
04/09/2025,242.948789,271.357078,241.350567,269.299377,1952900,0.00,0.0,-,289.258672,270.501308,259.838744,253.388545,1798198.00
04/08/2025,253.117444,259.710091,240.541486,244.776764,1702200,0.00,0.0,-,289.278800,270.986145,258.810185,252.483705,1828158.00
04/07/2025,231.951070,252.368264,226.826785,244.926575,2396200,0.00,0.0,-,289.421392,271.930480,258.854485,255.589799,1883794.00
04/04/2025,242.848881,245.675727,232.090902,239.202957,2086900,0.00,0.0,-,289.599296,274.181861,258.425991,258.895589,1858872.00
04/03/2025,248.412717,256.483694,248.412717,251.758972,1703900,0.10,0.0,-,289.782774,276.482212,258.748483,261.757257,1838364.00
04/02/2025,251.723750,264.374823,250.515549,264.195099,867300,0.00,0.0,-,289.887064,278.582966,258.186559,263.650897,1832634.00
04/01/2025,252.472625,257.744743,249.586939,257.515076,979800,0.00,0.0,-,289.946180,280.448377,257.615910,264.231024,1853138.00
03/31/2025,248.428654,254.499581,244.334767,253.800613,1626800,0.00,0.0,-,290.039146,282.037202,257.203027,264.776205,1860702.00
03/28/2025,255.138621,255.867527,250.475593,253.910446,1150100,0.00,0.0,-,290.124598,283.674953,257.039771,266.096233,1857558.00
03/27/2025,257.075708,258.214022,250.305829,254.499573,1581100,0.00,0.0,-,290.209551,285.175310,257.306371,266.747260,1863318.00
03/26/2025,274.899063,275.438265,258.693277,260.250977,1521000,0.00,0.0,-,290.280337,286.473570,257.525045,266.288943,1853452.00
03/25/2025,277.595091,278.483746,273.481244,275.837708,1262500,0.00,0.0,-,290.312190,287.543771,257.932937,265.136665,1838994.00
03/24/2025,274.329926,279.332458,273.421280,277.984467,1346600,0.00,0.0,-,290.309253,288.287259,257.340820,262.119171,1830256.00
03/21/2025,268.199079,269.736789,264.604446,267.819641,1606100,0.00,0.0,-,290.266105,288.962250,256.390238,257.956393,1826640.00
03/20/2025,266.102233,273.700860,264.554559,270.695374,1174900,0.00,0.0,-,290.283507,289.992511,256.447152,255.739709,1812756.00
03/19/2025,264.804149,272.732299,262.018305,269.996368,1301100,0.00,0.0,-,290.306331,291.130010,256.949400,252.722220,1806528.00
03/18/2025,263.276454,266.461664,261.109679,262.966888,1220500,0.00,0.0,-,290.351704,292.250735,258.031286,251.000797,1794370.00
03/17/2025,257.924456,270.166167,257.734737,267.000885,1736100,0.00,0.0,-,290.423296,293.291980,259.240977,249.629848,1791050.00
03/14/2025,255.288388,261.539039,251.543985,260.420715,2080100,0.00,0.0,-,290.483047,294.261530,260.142130,247.983308,1770166.00
03/13/2025,248.228948,252.412681,241.878440,249.916412,1817400,0.00,0.0,-,290.594603,295.421179,261.642387,247.865483,1750256.00
03/12/2025,252.612388,259.022804,244.634309,248.728195,1750600,0.00,0.0,-,290.724365,296.873963,264.040801,248.761147,1725548.00
03/11/2025,236.117038,249.576913,235.957273,245.662766,2447500,0.00,0.0,-,290.832885,298.499841,266.721294,250.729208,1696426.00
03/10/2025,236.596321,240.889906,230.964740,236.356689,2602200,0.00,0.0,-,290.961470,300.190821,269.948470,252.562468,1671414.00
03/07/2025,241.209447,247.629842,237.455049,245.652802,2057600,0.00,0.0,-,291.114690,301.999446,273.719332,254.824083,1631276.00
03/06/2025,243.146542,246.092151,238.163999,240.520477,2241400,0.00,0.0,-,291.205170,303.642712,276.967477,257.154594,1631742.00
03/05/2025,249.916408,254.629365,246.451602,252.782135,1341500,0.00,0.0,-,291.318418,305.272434,279.856658,261.176579,1607362.00
03/04/2025,244.304797,255.927422,241.079623,249.257401,2389500,0.00,0.0,-,291.405122,306.617594,282.194163,265.061775,1606906.00
03/03/2025,261.269446,264.105204,248.298830,250.535492,1986900,0.00,0.0,-,291.472391,308.348877,284.799768,268.852106,1581840.00
02/28/2025,258.773162,262.118168,254.629348,259.242462,3038900,0.00,0.0,-,291.543595,310.175778,287.630534,272.300952,1564772.00
02/27/2025,268.209067,270.615474,257.225485,258.873047,2067300,0.00,0.0,-,291.601439,311.730718,290.109830,275.419290,1526418.00
02/26/2025,269.996437,275.588085,267.600025,268.408813,1660300,0.00,0.0,-,291.654596,313.263100,292.033952,279.320456,1504612.00
02/25/2025,259.082692,269.007857,253.061694,263.995361,3227000,0.00,0.0,-,291.634188,314.567834,293.290573,282.713379,1496768.00
02/24/2025,269.287437,270.695336,258.253943,258.972839,2896300,0.00,0.0,-,291.645325,315.674355,294.690482,287.334473,1450702.00
02/21/2025,290.465772,290.555634,267.460155,268.957916,3467700,0.00,0.0,-,291.694641,316.922853,299.616620,292.614581,1413424.00
02/20/2025,307.120873,308.948158,275.418265,280.740326,3996700,0.00,0.0,-,291.628344,318.181069,303.879750,296.780359,1365692.00
02/19/2025,285.782824,293.311580,284.684460,291.634094,1728600,0.00,0.0,-,291.496502,319.253547,307.682567,298.536737,1309212.00
02/18/2025,285.383364,287.530148,281.119749,287.160706,2165200,0.00,0.0,-,291.315229,320.081998,310.974144,299.326550,1298226.00
02/14/2025,291.763881,293.970574,282.298020,285.023956,2091800,0.00,0.0,-,291.169041,321.121295,313.463925,300.747430,1270634.00
02/13/2025,299.941647,301.359510,286.142268,290.425842,1873300,0.00,0.0,-,291.052390,322.255034,315.997136,302.960117,1241814.00
02/12/2025,293.900670,299.162793,293.141794,297.884705,1305000,0.00,0.0,-,290.905338,323.324455,317.922260,304.800369,1211764.00
02/11/2025,307.240718,307.909701,299.642061,302.338043,1060900,0.00,0.0,-,290.688721,324.233121,318.998653,304.747449,1196352.00
02/10/2025,313.351591,314.210293,308.778410,310.206299,661600,0.00,0.0,-,290.439813,325.105824,319.569801,303.867767,1192162.00
02/07/2025,314.240240,319.931744,310.655602,311.773926,897000,0.00,0.0,-,290.145428,325.747695,319.710092,302.046490,1203560.00
02/06/2025,299.292621,311.134936,297.555228,310.615692,1490900,0.00,0.0,-,289.811334,326.338249,319.708096,306.618658,1202688.00
02/05/2025,302.877258,307.370542,297.365508,298.304108,1583300,0.00,0.0,-,289.471559,326.913837,320.143945,310.979141,1192638.00
02/04/2025,304.045469,307.180796,298.903162,299.532227,1096100,0.00,0.0,-,289.205413,327.582534,321.607257,316.828397,1175982.00
02/03/2025,297.864736,306.372008,296.526740,301.369507,1082100,0.00,0.0,-,288.934523,328.195525,322.932277,322.621738,1170530.00
01/31/2025,314.899244,316.496862,302.517760,307.150818,1162700,0.00,0.0,-,288.668062,328.724457,323.615257,326.180420,1167118.00
01/30/2025,302.497836,311.344597,298.553719,308.828369,1482200,0.00,0.0,-,288.373693,329.036346,324.031636,329.034155,1161904.00
01/29/2025,294.559691,304.864295,293.151792,297.355499,1944300,0.00,0.0,-,288.099864,329.325463,324.510376,331.044150,1147848.00
01/28/2025,310.955202,310.955202,289.996510,293.541229,3450900,0.00,0.0,-,287.899909,329.904130,325.770383,333.249857,1127798.00
01/27/2025,314.469943,324.514926,291.474317,291.993530,4484000,0.00,0.0,-,287.700571,330.566867,327.594426,335.271835,1070910.00
01/24/2025,357.535554,361.459681,352.163580,357.495605,1150100,0.00,0.0,-,287.519445,331.308871,329.505336,337.373694,1002338.00
01/23/2025,354.969401,359.133190,352.103689,354.220520,1061500,0.00,0.0,-,287.040037,330.766588,327.969954,332.797534,1005446.00
01/22/2025,362.558069,365.333919,354.709784,356.796661,1417400,0.00,0.0,-,286.581244,330.087771,326.649733,329.308749,1005720.00
01/21/2025,344.485041,358.184564,341.639289,357.465637,1892500,0.00,0.0,-,286.085089,329.156996,324.910228,326.386118,1028312.00
01/17/2025,339.322787,342.158575,336.027725,336.956329,1358000,0.00,0.0,-,285.605533,328.288704,323.038953,323.242816,1007244.00
01/16/2025,331.244802,337.375651,329.058068,335.688171,1469600,0.00,0.0,-,285.197660,327.624969,322.982214,321.050095,994352.00
01/15/2025,327.240834,331.294772,325.782992,328.928314,1438100,0.00,0.0,-,284.811884,326.970228,323.291833,319.029117,983222.00
01/14/2025,317.655184,323.476469,315.458456,319.412567,1087800,0.00,0.0,-,284.462600,326.413351,323.694890,317.976602,982924.00
01/13/2025,308.239272,314.989162,306.841337,313.761017,798100,0.00,0.0,-,284.160644,326.246429,324.498869,318.290909,979628.00
01/10/2025,308.848326,314.170388,306.941173,313.012115,825600,0.00,0.0,-,283.884105,326.228471,325.493094,319.917017,975232.00
01/08/2025,317.095988,319.083008,307.100920,311.734009,1165800,0.00,0.0,-,283.593161,326.224094,325.808560,321.636978,974074.00
01/07/2025,328.079607,330.725646,315.907799,319.332672,911900,0.00,0.0,-,283.310503,326.141667,326.291747,323.142374,964186.00
01/06/2025,330.126520,332.333212,327.290762,327.570343,863500,0.00,0.0,-,282.991746,325.941205,326.918549,323.990717,957202.00
01/03/2025,317.725065,326.721596,316.626701,326.032623,693200,0.00,0.0,-,282.597945,325.511308,327.258243,323.434338,958736.00
01/02/2025,318.064585,320.081559,311.604240,315.029114,1054500,0.10,0.0,-,282.196277,325.238735,327.609442,322.835089,954820.00
12/31/2024,318.343229,319.471159,315.149004,315.478394,691900,0.00,0.0,-,281.836763,325.279465,328.814265,324.914334,944036.00
12/30/2024,318.542899,321.816966,313.252495,318.403168,1084600,0.00,0.0,-,281.469717,325.243929,330.125890,327.554550,939182.00
12/27/2024,327.556553,328.794331,319.810607,322.555634,582000,0.00,0.0,-,281.086103,325.127339,331.400577,329.413177,929990.00
12/26/2024,329.572927,330.770738,326.119162,330.022095,294500,0.00,0.0,-,280.679084,324.909333,332.438695,330.706830,928174.00
12/24/2024,329.213539,330.211731,326.688116,330.211731,1196900,0.00,0.0,-,280.234433,324.408640,333.236250,331.069171,934654.00
12/23/2024,326.748028,327.836053,322.954912,326.787964,595300,0.00,0.0,-,279.775722,324.012758,333.840656,329.980142,918464.00
12/20/2024,319.002052,330.321572,318.742543,327.816101,2080900,0.00,0.0,-,279.348688,323.654207,334.566339,329.441119,914060.00
12/19/2024,324.312381,328.085543,318.632669,322.006561,1022400,0.00,0.0,-,278.927781,323.226581,335.145290,329.846381,884334.00
12/18/2024,338.536617,338.536617,319.051931,320.040131,1318700,0.00,0.0,-,278.523358,322.927523,335.631908,331.082147,875528.00
12/17/2024,339.385115,341.052108,332.367830,335.821564,1136200,0.00,0.0,-,278.118346,322.688956,336.138991,332.383795,864916.00
12/16/2024,336.989422,342.818857,335.971248,341.880554,1133500,0.00,0.0,-,277.652526,322.111603,335.738718,332.714197,858444.00
12/13/2024,336.220814,340.383286,334.184525,336.989441,1121200,0.00,0.0,-,277.144196,321.377333,334.781953,332.697229,848166.00
12/12/2024,331.489399,336.210856,331.489399,335.492157,977000,0.00,0.0,-,276.663412,320.594752,334.096692,333.387976,841452.00
12/11/2024,326.119135,333.685444,322.545623,333.645508,1268100,0.00,0.0,-,276.175755,319.855890,333.636526,334.170560,832814.00
12/10/2024,322.056507,324.192621,316.456637,319.321442,923700,0.00,0.0,-,275.702019,319.093271,333.288156,335.403329,819524.00
12/09/2024,333.326107,334.983108,320.409505,321.397736,1032400,0.00,0.0,-,275.280307,318.657263,333.776772,337.701169,814594.00
12/06/2024,336.200861,336.510298,329.912267,331.868713,1081100,0.00,0.0,-,274.841982,318.151586,334.225957,339.691559,810320.00
12/05/2024,332.876932,338.476772,329.532984,334.364227,1172700,0.00,0.0,-,274.344022,317.428906,333.646504,340.444199,803784.00
12/04/2024,338.636497,338.636497,329.413217,333.056610,1179300,0.00,0.0,-,273.725340,316.687849,332.441188,340.181668,800274.00
12/03/2024,341.531225,342.858837,337.917777,339.125580,785600,0.00,0.0,-,273.103123,315.978932,331.490909,339.894186,790422.00
12/02/2024,344.376061,346.572095,341.151892,341.710876,650800,0.00,0.0,-,272.461731,315.106526,329.723111,338.763239,791888.00
11/29/2024,346.641938,347.869725,343.367871,343.896912,370800,0.00,0.0,-,271.820475,314.077835,327.785121,336.866678,805866.00
11/27/2024,347.310759,348.398784,340.133760,343.317993,534400,0.00,0.0,-,271.161208,312.982271,325.644501,334.805408,819320.00
11/26/2024,345.533999,349.556710,341.042137,345.973206,851400,0.00,0.0,-,270.475918,311.545630,324.031923,333.102493,821280.00
11/25/2024,342.689114,343.827067,336.440426,342.299835,1231500,0.00,0.0,-,269.801085,310.093007,322.376419,331.172983,811570.00
11/22/2024,340.143730,343.078415,337.328823,341.301636,853400,0.00,0.0,-,269.137190,308.666353,320.901089,329.852374,794968.00
11/21/2024,335.312511,341.660995,334.094717,339.395111,988400,0.00,0.0,-,268.466619,307.219747,319.216643,328.760355,787432.00
11/20/2024,331.679033,332.417685,327.017466,331.738922,750500,0.00,0.0,-,267.811214,305.790516,317.712364,326.848810,781144.00
11/19/2024,324.232580,332.208121,322.455801,330.181793,823500,0.00,0.0,-,267.180179,304.406436,316.429193,324.700708,783486.00
11/18/2024,322.725318,331.449503,321.128205,327.816101,911500,0.00,0.0,-,266.537385,302.792850,315.540303,323.087631,780668.00
11/15/2024,319.790631,324.701747,319.421305,322.745270,902000,0.00,0.0,-,265.917937,301.227176,315.002777,320.682983,776094.00
11/14/2024,326.488396,327.786063,322.276027,323.284210,779400,0.00,0.0,-,265.302703,299.720209,314.550594,318.703564,769942.00
11/13/2024,328.434955,333.206309,324.522030,326.288849,941800,0.00,0.0,-,264.653811,298.271718,314.015067,316.483594,770514.00
11/12/2024,328.554705,330.720794,322.066461,326.678101,606500,0.00,0.0,-,264.005851,296.848552,313.283392,314.961353,765362.00
11/11/2024,334.394144,334.394144,326.518399,329.093750,1055400,0.00,0.0,-,263.354997,295.456120,312.198859,313.579855,778232.00
11/08/2024,319.401333,332.637331,318.612753,330.381439,1305500,0.00,0.0,-,262.688276,294.365236,311.265051,311.949805,770778.00
11/07/2024,311.585425,320.409433,310.796845,320.279663,1075200,0.00,0.0,-,262.023542,293.167170,310.189001,309.672931,756536.00
11/06/2024,309.439380,311.625422,297.540923,310.257904,2547000,0.00,0.0,-,261.385834,292.100290,309.496758,308.575919,748030.00
11/05/2024,307.083668,315.398590,306.035548,314.051025,839100,0.00,0.0,-,260.809602,291.290923,309.336546,308.157678,706062.00
11/04/2024,304.208829,308.121723,301.014605,303.769623,713400,0.00,0.0,-,260.253794,290.418667,309.039584,307.992975,697116.00
11/01/2024,304.967416,309.010109,301.144356,302.951080,913100,0.00,0.0,-,259.744258,289.795149,309.198798,309.322571,692930.00
10/31/2024,298.599016,306.764215,292.729645,301.084503,1423200,0.00,0.0,-,259.236221,289.080827,309.309598,310.397623,685354.00
10/30/2024,310.776953,315.308751,310.397635,311.066437,923000,0.00,0.0,-,258.728792,288.434970,309.148390,311.546539,674900.00
10/29/2024,311.435722,313.462050,309.209744,312.863129,578300,0.00,0.0,-,258.177486,287.539580,308.522522,311.605432,665570.00
10/28/2024,310.158034,314.729737,309.339510,312.793243,767700,0.00,0.0,-,257.622631,286.633005,307.655095,310.817862,664290.00
10/25/2024,310.377681,310.567340,305.825930,307.612701,671400,0.00,0.0,-,257.068176,285.683722,306.891483,310.580298,659818.00
10/24/2024,308.271412,310.407556,306.374855,309.309540,562700,0.00,0.0,-,256.545457,284.878961,306.316544,310.705072,658082.00
10/23/2024,312.593691,314.420368,304.737927,306.075500,940200,0.00,0.0,-,256.016548,283.951053,305.637802,310.417596,662356.00
10/22/2024,314.290558,315.328685,310.108163,312.403992,497400,0.00,0.0,-,255.511138,283.058487,305.199594,310.515414,657540.00
10/21/2024,314.001127,317.335083,313.192594,317.065582,515300,0.00,0.0,-,254.941726,282.000235,304.459935,310.086194,660632.00
10/18/2024,313.531924,314.140806,310.068198,313.701599,449200,0.00,0.0,-,254.353943,280.840368,303.381920,309.075024,666372.00
10/17/2024,315.628133,315.707975,311.086344,312.573669,625000,0.00,0.0,-,253.791307,279.811245,302.210655,308.221573,681296.00
10/16/2024,306.804138,313.192588,305.815938,311.655365,491200,0.00,0.0,-,253.271854,278.519286,301.037906,306.750241,695786.00
10/15/2024,310.497433,311.775116,303.520084,304.987427,618500,0.00,0.0,-,252.789551,277.236313,299.029437,305.439612,706668.00
10/14/2024,309.868579,312.992923,308.860426,310.417603,387400,0.00,0.0,-,252.343480,275.918055,297.447168,304.492328,727136.00
10/11/2024,305.795988,309.499270,302.901238,308.860443,375100,0.00,0.0,-,251.867666,274.517937,295.474644,303.202667,755140.00
10/10/2024,304.628060,307.442967,301.324049,306.434784,594600,0.00,0.0,-,251.393209,273.427574,293.480190,301.928015,782000.00
10/09/2024,308.541007,310.776946,304.777805,307.053680,582100,0.00,0.0,-,250.927790,272.595280,291.555128,300.858008,798648.00
10/08/2024,309.050058,311.954799,307.692532,308.111786,788100,0.00,0.0,-,250.451353,271.475590,289.329190,299.883774,805844.00
10/07/2024,300.805024,307.752429,300.805024,306.953888,812600,0.00,0.0,-,249.971867,270.426942,286.398725,298.833676,804538.00
10/04/2024,304.448385,305.905736,300.455619,305.167084,619600,0.00,0.0,-,249.522144,269.411631,283.527650,297.688815,801132.00
10/03/2024,298.419336,300.026441,294.646174,297.860352,785500,0.00,0.0,-,249.067848,268.273990,280.639143,296.199738,810234.00
10/02/2024,294.506409,299.058160,292.879352,298.549072,545100,0.00,0.0,-,248.650186,267.344553,278.289107,295.325571,811362.00
10/01/2024,297.461073,298.159819,292.080806,295.514587,603600,0.09,0.0,-,248.232967,266.651613,276.118182,292.619263,819626.00
09/30/2024,296.113967,298.668564,294.377648,297.520996,677200,0.00,0.0,-,247.803410,266.084225,274.195278,290.402008,823492.00
09/27/2024,297.371273,300.664299,294.577193,296.113922,818700,0.00,0.0,-,247.338851,265.294095,273.046705,287.746622,832392.00
09/26/2024,300.764086,305.853331,294.227917,295.734711,754300,0.00,0.0,-,246.863834,264.654845,271.764916,285.032364,860382.00
09/25/2024,298.389048,301.602255,296.203667,297.311340,997200,0.00,0.0,-,246.378204,263.628616,270.324963,282.252249,880588.00
09/24/2024,295.425427,297.860282,293.838785,297.610809,686700,0.00,0.0,-,245.860418,262.858844,268.948875,278.774606,886984.00
09/23/2024,292.791017,297.560931,290.545763,295.505280,858900,0.00,0.0,-,245.328527,262.040574,267.590244,273.963774,898520.00
09/20/2024,286.364563,293.180140,281.005897,290.276306,1349700,0.00,0.0,-,244.795101,261.495326,266.444666,269.366486,896368.00
09/19/2024,280.886090,291.094486,276.944413,289.118683,1043500,0.00,0.0,-,244.288867,260.961454,265.292600,265.078549,886142.00
09/18/2024,273.471784,278.880362,271.386197,271.485992,632400,0.00,0.0,-,243.792957,260.325599,264.276249,261.252643,876516.00
09/17/2024,273.501677,275.188113,269.819491,273.342041,365900,0.00,0.0,-,243.374046,259.980928,264.016798,259.617101,876834.00
09/16/2024,270.078996,272.174571,266.835852,270.967133,401400,0.00,0.0,-,242.932399,259.596541,263.726414,257.988548,880584.00
09/13/2024,269.879428,272.124681,267.594251,268.971344,476600,0.00,0.0,-,242.481345,259.217143,263.444511,258.346788,885314.00
09/12/2024,264.371087,269.799613,262.814381,267.933563,674000,0.00,0.0,-,242.062049,258.918973,263.364677,258.497469,887810.00
09/11/2024,251.428405,263.652544,249.971479,262.534912,867600,0.00,0.0,-,241.632342,258.505447,263.113706,258.397676,894560.00
09/10/2024,249.881690,250.879581,246.389075,249.502487,682600,0.00,0.0,-,241.235760,258.196501,263.059321,259.123143,904248.00
09/09/2024,250.959385,251.987211,247.536614,249.532394,682800,0.00,0.0,-,240.902096,258.275733,263.558765,261.216714,933868.00
09/06/2024,251.588078,254.322303,246.558718,247.396942,594400,0.00,0.0,-,240.572120,258.613129,264.035757,263.522847,933262.00
09/05/2024,254.382170,254.591734,249.622230,250.859619,808000,0.00,0.0,-,240.247738,258.983459,264.778184,265.506651,940336.00
09/04/2024,255.370069,257.126365,253.114827,255.130569,684200,0.00,0.0,-,239.906990,259.412219,264.633988,267.299855,937974.00
09/03/2024,270.318488,272.014883,255.220389,257.056519,1250000,0.00,0.0,-,239.546981,259.780697,264.252794,268.416495,940828.00
08/30/2024,271.336322,275.088399,269.889369,274.549530,682700,0.00,0.0,-,239.173005,260.106068,263.353696,269.464279,943594.00
08/29/2024,268.432487,275.737051,265.907825,270.478149,593400,0.00,0.0,-,238.678621,260.080981,261.646805,268.542233,948904.00
08/28/2024,269.789590,270.897264,266.396769,266.935638,649900,0.00,0.0,-,238.193779,260.281565,260.840010,268.231885,951836.00
08/27/2024,269.290636,271.466060,265.438795,269.789581,448600,0.00,0.0,-,237.704221,260.460825,260.734233,267.829736,951692.00
08/26/2024,272.703401,275.727007,269.799538,270.438202,391800,0.00,0.0,-,237.201341,260.517369,259.798212,266.995499,957960.00
08/23/2024,268.971373,273.831094,266.366863,272.593719,504100,0.00,0.0,-,236.671893,260.628973,259.060273,265.900815,959758.00
08/22/2024,269.091077,270.428246,265.319053,267.234985,534300,0.00,0.0,-,236.148513,260.699263,258.240003,264.548666,963338.00
08/21/2024,266.067436,271.964970,264.710290,268.791656,900500,0.00,0.0,-,235.655516,260.772385,257.292506,264.049716,966004.00
08/20/2024,267.494447,268.961347,263.672541,266.296967,456500,0.00,0.0,-,235.184139,260.814573,256.422348,261.968121,959884.00
08/19/2024,265.378916,267.763858,262.345322,267.534363,514300,0.00,0.0,-,234.648185,260.861767,256.302603,260.089093,960802.00
08/16/2024,267.354787,269.420397,263.073829,265.329071,544100,0.00,0.0,-,234.143424,260.843512,256.283144,257.243112,966700.00
08/15/2024,266.346839,270.098915,264.640455,267.374664,584600,0.00,0.0,-,233.637926,261.041936,255.917415,254.751376,971268.00
08/14/2024,262.485069,263.812249,259.690957,262.914154,776400,0.00,0.0,-,233.122750,261.081540,255.756255,253.448135,984752.00
08/13/2024,262.175675,263.672510,255.839067,261.447205,699400,0.00,0.0,-,232.641737,261.249258,254.831709,253.638730,990156.00
08/12/2024,260.289663,262.006036,257.006596,259.491364,652000,0.00,0.0,-,232.172943,261.525520,254.700486,252.600926,1013526.00
08/09/2024,262.295431,264.440889,255.879005,259.072235,802300,0.00,0.0,-,231.709045,261.917110,254.560783,252.219731,1013128.00
08/08/2024,252.955145,262.714493,248.843828,262.245483,1195400,0.00,0.0,-,231.238370,262.281371,255.019315,251.931340,1014626.00
08/07/2024,254.422085,256.777107,247.526660,247.975708,1349500,0.00,0.0,-,230.747992,262.615485,255.086178,250.535297,1015744.00
08/06/2024,242.507259,251.717781,239.503600,247.506683,1035300,0.00,0.0,-,230.349098,263.310606,255.553689,250.876575,1012070.00
08/05/2024,229.514764,242.058252,226.630861,239.074554,1641900,0.00,0.0,-,229.968995,263.877849,255.890975,252.516113,1033048.00
08/02/2024,247.157445,247.895889,239.533564,240.411713,1787600,0.00,0.0,-,229.667735,264.505002,256.643383,255.323175,1011978.00
08/01/2024,260.459326,265.538584,249.322868,254.342255,1718100,0.00,0.0,-,229.344738,265.124364,257.222659,257.083453,991250.00
07/31/2024,259.351650,270.218688,257.505547,264.820099,1427000,0.00,0.0,-,228.937883,265.377533,257.208688,258.064374,970032.00
07/30/2024,256.457769,260.688813,249.282936,251.069168,941900,0.00,0.0,-,228.500469,265.356106,256.330546,256.024687,957402.00
07/29/2024,257.056506,261.078002,253.623762,255.679413,722800,0.00,0.0,-,228.138837,265.598124,256.131468,256.800046,952600.00
07/26/2024,253.813341,258.603201,253.214601,256.188324,642300,0.00,0.0,-,227.745732,265.886996,256.020703,256.901834,954208.00
07/25/2024,252.965157,253.903176,245.660593,248.285049,1074700,0.00,0.0,-,227.331441,266.017454,256.531396,258.107291,962198.00
07/24/2024,260.559087,261.656772,250.210986,251.388489,841900,0.00,0.0,-,226.950786,266.347276,257.412815,259.637059,955572.00
07/23/2024,266.935664,269.629980,262.295480,263.902069,958300,0.00,0.0,-,226.532286,266.735732,258.458271,260.230803,957730.00
07/22/2024,261.387357,267.244967,260.359531,267.145172,796900,0.00,0.0,-,226.068762,266.847781,258.940893,259.265837,958830.00
07/19/2024,266.267037,266.267037,256.707262,258.014496,1122200,0.00,0.0,-,225.577160,266.791424,259.249886,257.963591,962448.00
07/18/2024,262.365258,265.069531,254.461955,264.151459,2218200,0.00,0.0,-,225.167444,266.955586,260.013920,257.361864,962336.00
07/17/2024,256.238250,258.722986,243.694777,244.423233,1764600,0.00,0.0,-,224.779026,267.049280,260.831715,256.353003,945614.00
07/16/2024,259.032302,261.367392,252.745607,258.822754,1317000,0.00,0.0,-,224.498070,267.274786,262.405486,256.636404,929738.00
07/15/2024,266.217178,266.336920,256.328082,256.697296,1263500,0.00,0.0,-,224.151095,267.185768,263.095187,255.462891,932250.00
07/12/2024,267.025462,270.807475,264.440930,268.242889,751300,0.00,0.0,-,223.788494,267.159410,264.061243,255.139572,930664.00
07/11/2024,260.000281,264.700365,260.000281,263.582733,838400,0.00,0.0,-,223.381764,266.953015,264.454509,254.955502,936968.00
07/10/2024,254.252424,257.784949,251.388484,257.325928,562200,0.00,0.0,-,223.002670,266.915237,264.819926,255.188571,937894.00
07/09/2024,254.122696,256.437808,253.464084,254.252411,648300,0.00,0.0,-,222.644995,266.989027,265.498683,256.685739,950248.00
07/08/2024,253.673664,256.447782,252.116942,254.122711,553400,0.00,0.0,-,222.346429,266.995207,266.218895,258.615948,949366.00
07/05/2024,253.094908,254.252449,248.155339,251.997223,637900,0.00,0.0,-,222.052895,266.963879,266.843840,260.536182,958852.00
07/03/2024,248.504595,254.551807,247.506705,254.062851,601400,0.00,0.0,-,221.777809,266.950522,268.006494,262.665976,962432.00
07/02/2024,247.087608,249.173195,244.652754,247.257248,1011500,0.00,0.0,-,221.500068,266.768367,268.771093,265.310426,965200.00
07/01/2024,255.420006,255.739323,245.630689,247.087616,1352000,0.09,0.0,-,221.274040,266.676437,269.973235,268.174567,967664.00
06/28/2024,265.733832,266.970768,250.950330,253.464111,2163600,0.00,0.0,-,221.036605,266.636182,271.381868,270.727484,962914.00
06/27/2024,266.821170,267.280028,264.207598,266.402191,652500,0.00,0.0,-,220.788012,266.473982,272.662206,272.982913,937880.00
06/26/2024,270.262668,270.512052,264.147762,265.913422,948100,0.00,0.0,-,220.477468,266.107487,273.206360,273.953516,939956.00
06/25/2024,272.686631,272.936015,268.088001,272.297607,689900,0.00,0.0,-,220.176641,265.754756,273.858249,274.451282,936888.00
06/24/2024,272.975916,276.387505,270.332450,273.554504,826900,0.00,0.0,-,219.854854,265.390057,274.379958,274.311627,935740.00
06/21/2024,272.417281,273.833796,265.454464,273.325043,1388300,0.00,0.0,-,219.528725,265.066257,274.495673,273.821841,931552.00
06/20/2024,280.507368,282.272997,271.389867,273.295166,948200,0.00,0.0,-,219.202348,264.673228,274.351031,273.151498,918784.00
06/18/2024,275.898709,281.983690,275.679250,280.507355,740000,0.00,0.0,-,218.893806,264.322692,274.255264,273.347012,920356.00
06/17/2024,272.227724,278.133154,271.449647,275.898651,642700,0.00,0.0,-,218.536799,263.944825,273.579932,272.231760,916248.00
06/14/2024,272.955950,273.943501,268.447065,272.616791,762000,0.00,0.0,-,218.201689,263.676091,272.972435,271.771902,916436.00
06/13/2024,275.559513,277.315188,272.337489,276.018402,481700,0.00,0.0,-,217.877807,263.375068,272.500101,272.036252,920578.00
06/12/2024,274.851309,280.906365,274.362526,276.108215,683100,0.00,0.0,-,217.532335,263.085788,272.205330,272.341498,928188.00
06/11/2024,269.564372,271.330001,266.352303,270.891083,667600,0.00,0.0,-,217.174406,262.671259,271.535481,272.459204,932864.00
06/10/2024,268.337385,271.629244,266.342312,270.901062,594500,0.00,0.0,-,216.824081,262.424097,271.229735,273.265216,935712.00
06/07/2024,266.322414,270.412291,264.766259,268.656647,502400,0.00,0.0,-,216.507035,262.187504,271.225246,274.448288,938736.00
06/06/2024,274.990960,277.734186,265.893400,266.621613,809200,0.00,0.0,-,216.193140,261.994802,271.267639,275.169504,941216.00
06/05/2024,269.783823,275.788984,269.454619,275.250305,772500,0.00,0.0,-,215.874176,261.831433,271.152924,275.550565,946896.00
06/04/2024,270.322440,271.300036,264.746214,269.354828,1258800,0.00,0.0,-,215.509578,261.422894,270.701540,275.163516,945308.00
06/03/2024,277.584549,278.711770,264.367187,271.300079,1046600,0.00,0.0,-,215.161205,261.139844,270.675606,274.928104,938342.00
05/31/2024,280.407578,283.619647,268.945860,275.260284,1867900,0.00,0.0,-,214.804900,260.825466,269.895529,274.172968,936888.00
05/30/2024,277.444872,280.676881,276.327636,279.070862,632100,0.00,0.0,-,214.440899,260.296467,268.851108,272.963950,915978.00
05/29/2024,275.569514,281.105830,275.569514,277.285278,877200,0.00,0.0,-,214.059539,259.629030,267.666534,272.069162,915004.00
05/28/2024,286.163374,286.163374,278.053395,278.951202,1251300,0.00,0.0,-,213.670318,258.945849,266.698426,270.611758,908012.00
05/24/2024,277.315165,285.265532,277.315165,282.731781,1165800,0.00,0.0,-,213.274063,258.208210,265.835557,269.194254,903142.00
05/23/2024,275.110698,280.387646,272.447261,275.868805,2084200,0.00,0.0,-,212.873901,257.387181,264.749740,268.002203,894122.00
05/22/2024,272.287624,273.454756,267.788754,270.432220,588400,0.00,0.0,-,212.504367,256.692841,263.684370,267.365775,862130.00
05/21/2024,265.624047,272.008275,265.624047,271.379822,751200,0.00,0.0,-,212.159126,256.106036,262.790576,266.755283,865906.00
05/20/2024,263.748722,267.908464,263.748722,267.000702,657200,0.00,0.0,-,211.799981,255.447827,261.788053,266.239563,867744.00
05/17/2024,266.182710,266.182710,262.082849,263.748718,795500,0.00,0.0,-,211.477975,254.935437,260.685773,266.423108,870640.00
05/16/2024,269.055565,270.492020,263.090285,263.170105,701800,0.00,0.0,-,211.167149,254.533159,259.631375,265.618091,871766.00
05/15/2024,264.855993,270.871138,264.846008,270.122986,803200,0.00,0.0,-,210.857073,254.092196,258.726611,264.738266,871490.00
05/14/2024,265.524303,267.459527,259.509158,262.711243,1041800,0.00,0.0,-,210.510887,253.470491,257.488168,263.263905,877884.00
05/13/2024,271.329977,272.327514,264.496845,264.776154,743400,0.00,0.0,-,210.196081,253.069418,256.756478,262.785094,873174.00
05/10/2024,271.868666,272.197840,267.150306,270.811279,949800,0.00,0.0,-,209.876680,252.578184,255.931515,262.476860,875224.00
05/09/2024,265.773708,271.240221,264.337253,269.504517,1013300,0.00,0.0,-,209.532184,251.978612,255.094083,261.497276,890482.00
05/08/2024,265.185168,266.332329,263.230005,264.327301,977800,0.00,0.0,-,209.207922,251.347738,254.487082,260.002966,884676.00
05/07/2024,269.953404,271.290099,266.152791,266.222626,1116600,0.00,0.0,-,208.901625,250.839155,253.954396,258.825870,889122.00
05/06/2024,259.219882,269.753898,258.830859,268.836151,1382100,0.00,0.0,-,208.574294,250.214286,253.431685,257.336543,893104.00
05/03/2024,256.825769,257.234762,250.670970,255.698547,970800,0.00,0.0,-,208.226373,249.512217,253.070578,254.948439,895764.00
05/02/2024,244.396490,257.174932,244.396490,254.371857,1442600,0.00,0.0,-,207.943990,249.043781,253.408746,253.644659,922688.00
05/01/2024,257.364468,260.097708,252.287009,255.379379,1184200,0.00,0.0,-,207.666547,248.168897,253.568436,252.714957,916148.00
04/30/2024,260.257359,264.237552,257.005409,257.923126,1066500,0.00,0.0,-,207.382571,247.233576,253.877187,251.712431,911840.00
04/29/2024,263.319807,265.055511,260.686295,261.693817,884700,0.00,0.0,-,207.070035,246.292055,253.750121,250.727863,904760.00
04/26/2024,255.698555,262.262363,254.571348,261.015442,1179900,0.00,0.0,-,206.749306,245.327372,253.592078,249.386169,900756.00
04/25/2024,250.661044,255.628788,247.129771,254.561417,604200,0.00,0.0,-,206.432767,244.347937,253.494876,248.690889,896028.00
04/24/2024,253.224698,258.771000,251.010166,252.556335,1027700,0.00,0.0,-,206.156069,243.381908,253.717883,248.971198,898446.00
04/23/2024,247.508794,251.917904,245.693285,251.329361,816900,0.00,0.0,-,205.888601,242.550913,254.012725,249.082922,892374.00
04/22/2024,245.423952,247.877899,242.999945,244.955109,739800,0.00,0.0,-,205.596429,241.714742,254.187424,249.526826,889720.00
04/19/2024,246.052385,247.598570,242.012359,242.660751,1134700,0.00,0.0,-,205.330799,240.959387,254.699784,251.192717,889954.00
04/18/2024,246.311780,250.990230,243.867818,245.074829,1114500,0.00,0.0,-,205.089692,240.272455,255.345807,253.172833,887666.00
04/17/2024,248.456466,249.643521,242.421366,245.354126,911900,0.00,0.0,-,204.839305,239.481598,255.532581,254.421915,885578.00
04/16/2024,247.139751,249.464014,244.695789,248.077438,756300,0.00,0.0,-,204.591208,238.606975,255.549825,256.041943,885822.00
04/15/2024,258.072688,259.070224,247.658418,248.276886,794700,0.00,0.0,-,204.321125,237.723956,255.302266,256.772379,893330.00
04/12/2024,255.359438,257.234797,252.316948,254.062637,632500,0.00,0.0,-,204.044418,236.752386,254.991884,257.797986,900122.00
04/11/2024,253.563889,257.593946,251.329401,257.364502,617500,0.00,0.0,-,203.743463,235.541249,254.372768,258.298863,911374.00
04/10/2024,250.032566,256.406840,248.695870,253.673584,749900,0.00,0.0,-,203.405332,234.327896,253.562133,258.464568,924966.00
04/09/2024,262.541685,262.870858,253.025176,255.768402,1026800,0.00,0.0,-,203.066235,233.184572,252.933054,258.942528,930244.00
04/08/2024,263.299853,263.738772,260.087784,261.614014,534600,0.09,0.0,-,202.730109,231.984194,252.068102,258.848022,927118.00
04/05/2024,258.762296,264.256854,258.762296,262.461914,652100,0.00,0.0,-,202.372873,230.700609,251.056460,258.206851,937776.00
04/04/2024,264.206969,265.074524,256.159594,257.565643,969100,0.00,0.0,-,201.985552,229.306130,250.115107,257.518781,948738.00
04/03/2024,254.564063,262.372090,254.564063,261.554413,862200,0.00,0.0,-,201.623708,228.055048,249.292921,256.643246,995882.00
04/02/2024,256.209449,256.209449,251.981350,255.381790,916900,0.00,0.0,-,201.241173,226.881748,248.167088,255.057707,992006.00
04/01/2024,259.131252,259.639832,256.309202,258.532959,810000,0.00,0.0,-,200.885966,225.811359,247.530877,253.832153,986026.00
03/28/2024,258.961734,260.607101,258.333496,259.071411,745700,0.00,0.0,-,200.514555,224.667575,246.614952,252.185782,978936.00
03/27/2024,261.205406,261.275217,257.675325,259.021545,626400,0.00,0.0,-,200.142344,223.478120,245.703016,250.446674,972040.00
03/26/2024,256.319203,259.869217,255.292093,258.453186,1093200,0.00,0.0,-,199.757683,222.313795,244.649979,248.659698,971310.00
03/25/2024,254.783468,255.790645,252.440052,254.823349,693100,0.00,0.0,-,199.378554,221.182575,243.672228,246.923579,959954.00
03/22/2024,255.870420,256.797805,254.494301,255.202301,910500,0.00,0.0,-,199.020363,220.124152,242.680020,245.288182,960958.00
03/21/2024,251.542577,255.730811,250.435690,255.581207,973900,0.00,0.0,-,198.648773,219.081485,241.606539,243.906068,956676.00
03/20/2024,245.310151,249.677873,244.981075,248.810303,822400,0.00,0.0,-,198.263388,218.040414,240.441317,242.711433,949142.00
03/19/2024,242.677519,246.008149,241.929622,245.699020,583400,0.00,0.0,-,197.916089,217.164077,238.532185,241.942595,954118.00
03/18/2024,244.312916,246.267426,241.999415,243.126251,527600,0.00,0.0,-,197.564279,216.220532,236.677899,241.276469,956890.00
03/15/2024,239.396767,243.305772,239.396767,242.069244,1007800,0.00,0.0,-,197.232952,215.348185,235.063940,241.229601,971772.00
03/14/2024,243.654771,244.741711,239.147458,241.680328,714800,0.00,0.0,-,196.924787,214.530286,233.633463,241.044122,978708.00
03/13/2024,240.822718,242.348426,239.835489,241.151794,484600,0.00,0.0,-,196.582861,213.870342,232.151630,240.959358,985788.00
03/12/2024,238.938049,241.829910,237.153075,241.091995,777200,0.00,0.0,-,196.237852,213.351203,230.407039,240.640259,985238.00
03/11/2024,240.104776,241.460963,235.906591,238.469376,843100,0.00,0.0,-,195.861819,212.844826,228.902768,240.420877,979178.00
03/08/2024,242.827095,244.492410,239.835508,241.381165,802000,0.00,0.0,-,195.499148,212.380536,227.455339,240.071858,971398.00
03/07/2024,242.817149,244.731763,241.809987,243.634857,851800,0.00,0.0,-,195.143730,211.832293,225.745649,239.307010,963258.00
03/06/2024,240.294243,242.896925,239.895371,241.121918,688000,0.00,0.0,-,194.780629,211.226617,223.979614,238.171201,961560.00
03/05/2024,241.131867,243.265865,238.469357,239.037766,1122900,0.00,0.0,-,194.430988,210.639501,222.200117,235.121774,968096.00
03/04/2024,241.590571,244.721764,239.885360,242.657562,806300,0.00,0.0,-,194.081161,210.103040,220.329378,232.079329,974476.00
03/01/2024,239.247181,241.859829,238.309815,240.214462,845900,0.00,0.0,-,193.712887,209.590073,218.392825,228.898280,989092.00
02/29/2024,239.137458,241.470892,236.185768,240.832687,1712700,0.00,0.0,-,193.382325,209.071942,216.367020,226.222803,990044.00
02/28/2024,239.237209,239.237209,235.846735,237.960800,723000,0.00,0.0,-,193.043891,208.541846,214.000676,223.343903,991644.00
02/27/2024,238.349717,240.393972,235.527652,238.898178,1200100,0.00,0.0,-,192.708562,208.084737,211.937478,220.173819,1007120.00
02/26/2024,233.722726,238.329765,232.565975,234.979187,1315700,0.00,0.0,-,192.367750,207.498836,209.817937,217.384659,1012740.00
02/23/2024,234.849536,236.644491,230.072975,233.732681,1515100,0.00,0.0,-,192.044391,206.891437,207.856453,214.838820,1007436.00
02/22/2024,221.576859,235.328195,220.450039,232.276764,2317000,0.00,0.0,-,191.716708,206.238994,206.041557,212.184288,996388.00
02/21/2024,207.287044,211.475277,206.000668,210.627655,1115600,0.00,0.0,-,191.407210,205.565631,204.064617,209.788028,979600.00
02/20/2024,207.895330,208.772867,206.030579,208.613312,968800,0.00,0.0,-,191.177473,205.228164,203.283813,209.278461,982614.00
02/16/2024,213.439776,213.519554,210.418274,210.847076,712500,0.00,0.0,-,190.972100,204.880546,202.997618,208.579427,983384.00
02/15/2024,213.310113,213.888488,210.158971,213.459686,684500,0.00,0.0,-,190.755060,204.440009,202.548380,207.887369,987062.00
02/14/2024,208.254339,212.352814,207.366836,212.043686,943500,0.00,0.0,-,190.530385,203.951407,201.942585,206.511237,987100.00
02/13/2024,207.087638,208.413910,205.242835,206.259964,725100,0.00,0.0,-,190.314932,203.509265,201.320333,204.657449,988488.00
02/12/2024,208.782820,211.525107,208.782820,211.006577,724100,0.00,0.0,-,190.125060,203.138143,201.047598,203.701137,1011784.00
02/09/2024,207.416714,210.408301,205.851109,209.520798,684200,0.00,0.0,-,189.887055,202.618262,200.591881,202.251216,1028910.00
02/08/2024,208.244388,211.186112,206.489329,207.187363,751500,0.00,0.0,-,189.672164,202.042971,200.210950,200.874086,1038932.00
02/07/2024,207.007839,210.348451,205.621738,208.314163,1020300,0.00,0.0,-,189.474170,201.601468,200.005029,199.898825,1047724.00
02/06/2024,201.573115,205.711470,199.668468,205.531982,1010100,0.00,0.0,-,189.258242,201.075031,199.765703,198.341206,1033904.00
02/05/2024,201.822407,203.497703,199.947674,201.622971,924100,0.00,0.0,-,189.063644,200.628758,199.738779,197.289165,1029494.00
02/02/2024,198.172676,205.512036,196.906248,203.926498,1131700,0.00,0.0,-,188.882217,200.251693,199.583717,197.415810,1025682.00
02/01/2024,195.091326,200.805252,195.031497,199.698364,1134300,0.00,0.0,-,188.698137,199.843908,199.362838,197.209392,1019174.00
01/31/2024,196.906254,197.155553,192.977301,193.505814,1195100,0.00,0.0,-,188.530517,199.500353,199.436633,197.373933,1009166.00
01/30/2024,195.659762,197.015948,193.934602,196.696838,1297100,0.00,0.0,-,188.389726,199.284437,200.195500,197.983217,1002192.00
01/29/2024,195.450345,197.075779,194.353424,196.507370,1013800,0.00,0.0,-,188.228099,199.013072,201.120399,198.394060,1006608.00
01/26/2024,197.843598,198.092897,193.874764,195.749496,870500,0.00,0.0,-,188.067221,198.728153,202.083690,198.932545,1016748.00
01/25/2024,195.141201,198.112839,192.957340,197.434753,1067500,0.00,0.0,-,187.903808,198.326617,203.058958,199.547815,1024816.00
01/24/2024,195.729563,196.337853,192.079823,192.737976,1200200,0.00,0.0,-,187.721063,197.848116,203.885672,200.111234,1031586.00
01/23/2024,203.886616,203.886616,186.744821,195.011566,3326300,0.00,0.0,-,187.549801,197.373840,204.916324,201.190199,1040994.00
01/22/2024,202.660054,203.936463,201.642925,202.889420,668400,0.00,0.0,-,187.370656,196.857880,205.754053,202.188393,1010506.00
01/19/2024,202.430729,202.859516,198.850800,201.862320,617900,0.00,0.0,-,187.165760,196.091064,206.220317,201.751624,1019012.00
01/18/2024,200.705576,202.929318,199.498962,201.343781,455500,0.00,0.0,-,186.981628,195.412172,206.977662,201.516284,1028942.00
01/17/2024,198.501727,200.456237,198.421950,199.598648,400900,0.00,0.0,-,186.804320,194.758005,207.625869,201.499333,1054994.00
01/16/2024,200.386447,201.692771,199.738276,200.805267,589900,0.00,0.0,-,186.635139,194.256360,208.362330,202.407784,1108064.00
01/12/2024,203.098825,203.098825,200.994742,201.892227,525400,0.00,0.0,-,186.454650,193.422378,209.077335,203.846739,1181506.00
01/11/2024,203.358088,203.517643,200.097270,201.902191,743300,0.00,0.0,-,186.257876,192.716174,209.462880,205.234834,1202468.00
01/10/2024,203.198580,203.757007,199.578754,203.068939,696400,0.00,0.0,-,186.056921,191.962723,209.598232,206.570102,1209740.00
01/09/2024,203.048969,203.836762,200.795312,203.527634,597200,0.00,0.0,-,185.841819,191.188130,209.500311,207.660110,1212028.00
01/08/2024,198.521695,205.382405,197.484603,204.993500,1071200,0.00,0.0,-,185.615416,190.451810,209.254360,208.642448,1218482.00
01/05/2024,198.910634,200.755452,197.574396,198.521729,722000,0.00,0.0,-,185.379643,189.705710,208.692401,209.319714,1218336.00
01/04/2024,200.376482,202.271147,199.179850,199.508926,1271700,0.00,0.0,-,185.191458,189.069507,208.327936,210.689011,1228880.00
01/03/2024,203.467809,204.993532,200.865127,201.174271,1354600,0.00,0.0,-,184.976787,188.378076,207.793501,212.439040,1228672.00
01/02/2024,212.991029,214.227557,207.685956,208.683151,1068800,0.00,0.0,-,184.742888,187.637987,207.186265,213.752405,1239752.00
12/29/2023,215.085132,216.261816,213.938348,215.194824,457100,0.09,0.0,-,184.481947,186.828261,206.248938,214.316876,1247222.00
12/28/2023,216.301471,216.550666,214.656788,215.773178,474200,0.00,0.0,-,184.179140,185.954088,204.874389,214.307930,1253488.00
12/27/2023,214.447477,215.334612,213.819500,215.254868,454100,0.00,0.0,-,183.895342,185.215075,203.336357,213.690926,1258586.00
12/26/2023,213.610183,214.786377,213.390890,213.969025,395000,0.00,0.0,-,183.594873,184.426222,201.611427,212.626363,1263432.00
12/22/2023,212.932367,213.470637,210.261001,213.351013,766900,0.00,0.0,-,183.308199,183.606270,200.168586,211.340512,1274426.00
12/21/2023,213.430782,215.035600,210.450416,211.766159,1014800,0.00,0.0,-,183.040543,182.885996,198.600649,209.866272,1280690.00
12/20/2023,215.912756,218.464513,212.055218,212.214691,1441900,0.00,0.0,-,182.790168,182.225528,197.173258,208.065088,1276664.00
12/19/2023,215.324654,217.796667,214.307933,217.009216,1537100,0.00,0.0,-,182.540239,181.522399,195.701012,205.966861,1276262.00
12/18/2023,214.467411,215.404388,213.271277,214.307922,893500,0.00,0.0,-,182.268327,180.648820,194.027413,203.147963,1266620.00
12/15/2023,214.776414,216.261623,212.304401,214.327866,1792700,0.00,0.0,-,182.008678,179.805743,192.438046,200.620125,1281718.00
12/14/2023,211.686395,216.550691,211.606651,215.105362,1496800,0.00,0.0,-,181.733649,178.872955,190.857153,198.181000,1284148.00
12/13/2023,204.659108,210.879013,204.659108,209.603134,1481100,0.00,0.0,-,181.452741,177.994790,189.258316,195.440848,1306622.00
12/12/2023,201.140429,205.915018,200.851369,204.609238,1050500,0.00,0.0,-,181.208055,177.179223,187.891231,192.981789,1336002.00
12/11/2023,198.608605,201.120497,198.488996,201.110519,962700,0.00,0.0,-,180.995804,176.608466,186.444404,190.596490,1356756.00
12/08/2023,194.372293,198.947514,194.093195,198.608612,1477600,0.00,0.0,-,180.789798,176.315613,185.064362,188.996660,1355720.00
12/07/2023,191.192583,194.123122,191.192583,193.754318,1266300,0.00,0.0,-,180.591225,176.108083,183.585139,187.335027,1341662.00
12/06/2023,190.524701,192.538202,189.567784,191.232422,1007300,0.00,0.0,-,180.361079,176.021552,182.358102,186.281429,1341572.00
12/05/2023,188.541139,190.305446,186.557554,188.820236,896400,0.00,0.0,-,180.145035,175.880443,181.023913,185.435162,1338260.00
12/04/2023,188.561053,190.016360,187.723760,189.029541,686400,0.00,0.0,-,179.971911,175.841978,179.978787,184.906863,1334852.00
12/01/2023,187.205430,192.259116,185.979393,189.936615,1012900,0.00,0.0,-,179.799831,175.816664,178.959081,184.255968,1343562.00
11/30/2023,186.487768,188.172330,185.580694,187.703842,1889900,0.00,0.0,-,179.626600,175.733753,178.188071,183.533307,1350806.00
11/29/2023,182.430883,185.829895,182.052102,185.012543,1580400,0.00,0.0,-,179.455574,175.870457,176.758187,183.075784,1322458.00
11/28/2023,184.833087,185.829868,180.387452,180.756256,1185300,0.00,0.0,-,179.298452,176.078524,175.836661,182.800673,1306602.00
11/27/2023,181.543735,185.281664,180.865916,185.112213,1191100,0.00,0.0,-,179.147930,176.403002,175.010330,182.292317,1294952.00
11/24/2023,183.058827,183.696766,181.414144,181.992279,329300,0.00,0.0,-,178.981201,176.671049,173.971685,181.132065,1295354.00
11/22/2023,182.919301,183.896157,181.623497,183.218338,789600,0.00,0.0,-,178.829575,177.072237,173.207652,179.835252,1300130.00
11/21/2023,183.228286,184.354638,182.480700,182.769760,733500,0.00,0.0,-,178.677841,177.399882,172.431158,178.434775,1300864.00
11/20/2023,182.620210,184.454283,181.184843,183.537247,806300,0.00,0.0,-,178.524119,177.819396,171.628252,176.612663,1295758.00
11/17/2023,183.686816,184.603853,181.623487,182.520584,633900,0.00,0.0,-,178.365116,178.234520,170.698258,175.050711,1291906.00
11/16/2023,182.600360,184.882983,181.613541,182.710007,846400,0.00,0.0,-,178.207464,178.699071,169.780720,173.662193,1291658.00
11/15/2023,183.547263,186.697094,183.009007,183.128616,1517900,0.00,0.0,-,178.054787,179.203673,169.055061,172.842836,1288080.00
11/14/2023,179.420597,184.185209,178.991988,182.261429,1520800,0.00,0.0,-,177.896633,179.707674,168.472940,170.440590,1267906.00
11/13/2023,173.469806,176.968502,173.061122,175.672699,1273900,0.00,0.0,-,177.727435,180.223440,168.300993,168.872649,1250306.00
11/10/2023,170.758564,173.908396,169.163723,173.509689,1406000,0.00,0.0,-,177.595660,180.941721,168.307970,167.728343,1236038.00
11/09/2023,171.167228,174.426706,167.558885,169.024155,1670600,0.00,0.0,-,177.474999,181.653644,168.281056,166.811305,1223260.00
11/08/2023,169.632208,170.469516,166.582060,169.213562,1801900,0.00,0.0,-,177.370943,182.450695,168.696715,166.580052,1198056.00
11/07/2023,166.482403,166.970816,163.412315,164.548645,1093700,0.00,0.0,-,177.278979,183.223234,169.173175,166.427542,1170150.00
11/06/2023,168.505822,168.725115,164.837660,167.917725,1114400,0.00,0.0,-,177.200585,184.070738,169.798654,166.643840,1156844.00
11/03/2023,175.971715,177.427022,166.821273,168.635406,1758100,0.00,0.0,-,177.088871,184.802835,170.069281,166.345805,1147240.00
11/02/2023,169.452784,174.685885,165.704893,174.516434,3054400,0.00,0.0,-,176.959881,185.446649,170.245214,165.899246,1126020.00
11/01/2023,163.531865,164.319330,153.245094,159.106155,4262000,0.00,0.0,-,176.805517,186.106156,169.903815,165.267285,1075980.00
10/31/2023,164.299394,167.140211,163.521907,166.582016,1573500,0.00,0.0,-,176.747964,187.041586,170.508365,166.505290,1004366.00
10/30/2023,165.784636,167.050537,162.036729,164.229645,1106900,0.00,0.0,-,176.654177,187.766522,170.620503,167.729338,982462.00
10/27/2023,166.831263,166.891067,163.312626,164.339310,810800,0.00,0.0,-,176.568717,188.528541,171.212591,168.887598,974262.00
10/26/2023,168.356307,169.153735,165.844430,166.711624,919900,0.00,0.0,-,176.447271,189.235361,172.319017,169.750807,974578.00
10/25/2023,167.369499,170.100669,167.080424,167.688461,1063900,0.00,0.0,-,176.308090,189.901908,173.395042,170.813377,965856.00
10/24/2023,169.203577,173.579445,166.701662,166.711624,1249200,0.00,0.0,-,176.159695,190.597342,174.482007,171.918808,957956.00
10/23/2023,163.681439,166.253121,162.445425,164.937378,1261300,0.00,0.0,-,176.018573,191.319087,175.355273,172.953468,944060.00
10/20/2023,168.784916,169.422855,163.362425,164.169815,1908600,0.00,0.0,-,175.868653,192.009162,176.453255,173.792757,929276.00
10/19/2023,170.918031,172.612555,168.067237,168.196823,1442300,0.00,0.0,-,175.737403,192.719771,177.632957,174.591182,904624.00
10/18/2023,176.898735,176.918675,171.187184,171.486206,770400,0.00,0.0,-,175.596272,193.409819,178.512668,174.540346,885810.00
10/17/2023,174.645995,179.350787,174.177507,178.822495,729100,0.00,0.0,-,175.448100,194.019334,179.665311,174.511440,883018.00
10/16/2023,175.134422,176.300654,173.041191,175.812241,696400,0.00,0.0,-,175.263844,194.470566,180.494980,173.511668,879480.00
10/13/2023,178.304189,178.942129,171.506136,172.971405,944700,0.00,0.0,-,175.087775,194.945337,181.553377,173.537584,885742.00
10/12/2023,179.968827,180.865924,176.200996,177.337326,1080100,0.00,0.0,-,174.939092,195.537901,182.830534,174.887227,893840.00
10/11/2023,177.516716,179.500315,177.018325,178.742767,813500,0.00,0.0,-,174.769724,196.022822,184.066251,175.976707,896938.00
10/10/2023,173.639261,178.284264,173.449870,177.058228,1421800,0.00,0.0,-,174.585319,196.471065,185.109142,177.045206,902564.00
10/09/2023,171.017737,173.529614,169.672076,173.330261,1055000,0.00,0.0,-,174.419883,196.947618,186.443505,177.757079,890558.00
10/06/2023,166.940892,173.260496,165.226427,172.154068,1648400,0.00,0.0,-,174.262889,197.476014,187.991663,179.113754,891246.00
10/05/2023,169.721903,171.137330,167.100364,167.688461,1914200,0.00,0.0,-,174.110284,198.050850,189.671366,180.674731,870322.00
10/04/2023,167.967568,171.326730,163.362444,171.197144,2620500,0.00,0.0,-,173.984534,198.735323,191.683949,182.484990,846720.00
10/03/2023,174.645996,175.971701,167.818040,168.824783,2950100,0.00,0.0,-,173.848951,199.404423,193.540525,184.819182,806614.00
10/02/2023,186.278439,186.517657,174.915126,176.071396,2088200,0.00,0.0,-,173.761394,200.089286,195.501772,187.478291,759586.00
09/29/2023,189.527944,190.385177,185.600625,186.467834,910900,0.08,0.0,-,173.639842,200.582986,197.277541,189.569170,731252.00
09/28/2023,189.118891,191.510161,187.933221,188.232132,774700,0.00,0.0,-,173.454967,200.838667,198.409441,190.773842,723474.00
09/27/2023,186.767473,189.816329,185.731267,189.427750,1261800,0.00,0.0,-,173.250724,201.058464,199.441669,192.155794,718820.00
09/26/2023,185.482184,186.349011,183.499424,184.176956,841700,0.00,0.0,-,173.051297,201.247574,200.362308,193.173079,709836.00
09/25/2023,187.205887,187.674177,183.977679,186.897018,726000,0.00,0.0,-,172.868176,201.535720,201.499651,195.129932,703324.00
09/22/2023,185.761164,188.909662,185.661522,187.763840,1121900,0.00,0.0,-,172.677821,201.706097,202.380930,196.869572,702556.00
09/21/2023,193.463007,193.463007,185.412425,185.791046,1375100,0.00,0.0,-,172.489251,201.901783,203.034042,198.668001,690806.00
09/20/2023,196.153159,197.219270,194.459352,194.539062,472500,0.00,0.0,-,172.321738,202.140112,204.119079,200.882907,677612.00
09/19/2023,196.671285,197.747355,193.243808,195.415878,787600,0.00,0.0,-,172.103818,202.233770,204.686009,202.261868,686214.00
09/18/2023,199.022718,199.610566,196.651379,196.980179,602800,0.00,0.0,-,171.872312,202.306703,205.056655,203.525252,690896.00
09/15/2023,200.826102,200.826102,197.667646,198.514557,1211200,0.00,0.0,-,171.606470,202.225002,205.324177,204.985912,693586.00
09/14/2023,201.025402,203.018121,199.869637,202.051651,568100,0.00,0.0,-,171.328032,202.091290,205.382465,206.045041,683946.00
09/13/2023,203.157595,204.861376,197.478352,199.600601,826300,0.00,0.0,-,171.056582,201.939046,205.281831,206.727545,684086.00
09/12/2023,203.735510,207.262630,203.476462,203.745483,478200,0.00,0.0,-,170.785846,201.846982,205.424808,207.551537,675538.00
09/11/2023,206.883966,207.242656,203.496352,204.293427,613700,0.00,0.0,-,170.502295,201.686768,205.377478,207.869371,680448.00
09/08/2023,208.647531,208.806952,204.911185,205.748123,621500,0.00,0.0,-,170.221725,201.482115,205.134864,207.892287,685240.00
09/07/2023,207.212771,209.384827,204.682011,207.940109,667500,0.00,0.0,-,169.932489,201.225862,204.832469,207.400084,685990.00
09/06/2023,208.478137,210.301476,206.754425,208.328674,509200,0.00,0.0,-,169.632741,200.944492,204.570427,207.355251,685104.00
09/05/2023,211.098569,211.118501,205.877658,208.049713,640800,0.00,0.0,-,169.321001,200.572686,204.252091,207.110150,689506.00
09/01/2023,210.152017,212.045109,209.235369,211.586777,560500,0.00,0.0,-,168.997325,200.128776,203.918810,206.588058,721970.00
08/31/2023,209.235382,211.656527,209.066003,209.105850,767100,0.00,0.0,-,168.646710,199.667906,203.317009,205.662442,723242.00
08/30/2023,208.388472,210.301495,208.219093,208.876694,410400,0.00,0.0,-,168.319842,199.289122,202.991698,204.719888,728206.00
08/29/2023,206.176582,207.880363,204.911217,207.840515,406600,0.00,0.0,-,168.007004,198.811542,202.627032,203.836118,732946.00
08/28/2023,205.140352,207.123112,204.761731,206.923828,428400,0.00,0.0,-,167.679349,198.358669,202.292751,203.298079,759866.00
08/25/2023,202.001796,206.007148,201.892196,204.522583,634200,0.00,0.0,-,167.379758,197.921142,201.990855,202.885585,764504.00
08/24/2023,207.760760,207.760760,200.786248,200.826096,697100,0.00,0.0,-,167.089635,197.517498,201.752228,202.377441,768386.00
08/23/2023,205.947416,208.647556,204.831499,207.491776,552400,0.00,0.0,-,166.815607,197.185990,201.755717,202.264854,770196.00
08/22/2023,203.795268,206.923835,203.028083,205.877670,681300,0.00,0.0,-,166.496511,196.728738,201.476735,201.785603,772732.00
08/21/2023,202.719196,203.516271,200.477389,202.828796,478300,0.00,0.0,-,166.147531,196.252975,201.415458,201.394032,766048.00
08/18/2023,197.807134,202.888571,196.591575,202.330612,696900,0.00,0.0,-,165.841104,195.848946,201.427415,201.249561,766660.00
08/17/2023,200.048961,201.782631,199.182134,199.680313,826600,0.00,0.0,-,165.536024,195.466035,201.348704,200.971576,768004.00
08/16/2023,202.609594,203.546159,199.899497,200.038986,483800,0.00,0.0,-,165.239918,195.090117,201.327283,201.263509,763866.00
08/15/2023,202.131329,203.386750,201.274459,202.460129,668900,0.00,0.0,-,164.937442,194.659419,201.286432,201.417946,766112.00
08/14/2023,199.481027,202.868642,198.574337,202.798889,554400,0.00,0.0,-,164.624004,194.197228,201.107587,201.287424,767864.00
08/11/2023,199.759989,200.806154,198.903120,199.441147,522100,0.00,0.0,-,164.318125,193.647990,200.896857,201.096126,776504.00
08/10/2023,203.237303,204.054325,198.175798,199.700226,676000,0.00,0.0,-,164.004461,193.196383,200.695593,201.127014,801406.00
08/09/2023,201.762685,203.914824,201.334258,202.699265,501600,0.00,0.0,-,163.669604,192.811103,200.587987,201.246579,822106.00
08/08/2023,201.553449,203.117740,200.656732,201.961960,630800,0.00,0.0,-,163.306470,192.223023,200.338399,201.167867,828300.00
08/07/2023,199.590645,201.563432,198.624175,201.384079,552200,0.00,0.0,-,162.956125,191.626783,200.201399,201.436884,837292.00
08/04/2023,203.317002,203.615912,197.468379,199.550766,1009500,0.00,0.0,-,162.612898,190.916809,200.085323,201.605269,840226.00
08/03/2023,199.540826,203.466483,193.293650,202.599640,1349600,0.00,0.0,-,162.260283,190.244499,199.752540,201.725832,843366.00
08/02/2023,199.909468,201.732807,199.122351,201.583359,1235000,0.00,0.0,-,161.861184,189.598456,199.214007,201.391057,832284.00
08/01/2023,200.228301,201.712866,198.933031,201.154907,1094800,0.00,0.0,-,161.500993,188.987080,198.856812,201.154918,820744.00
07/31/2023,200.666710,201.413979,199.301703,200.885910,821500,0.00,0.0,-,161.123792,188.387858,198.548936,200.927750,815400.00
07/28/2023,201.852348,203.864998,198.823424,199.750031,1089400,0.00,0.0,-,160.763257,187.751589,198.291378,200.697588,818354.00
07/27/2023,202.739129,202.898550,200.128673,200.895874,602200,0.00,0.0,-,160.406363,187.136643,198.006918,200.264172,815760.00
07/26/2023,203.944721,204.652127,200.836086,201.912140,734100,0.00,0.0,-,160.041252,186.600766,197.608895,199.929395,816774.00
07/25/2023,202.430254,205.678379,202.181164,204.652130,615200,0.00,0.0,-,159.689415,186.025441,197.206870,199.508931,820012.00
07/24/2023,202.260884,203.426622,200.816166,203.067932,598700,0.00,0.0,-,159.335469,185.350299,196.461182,198.965915,821432.00
07/21/2023,199.859661,202.739138,199.859661,200.756393,671500,0.00,0.0,-,158.996806,184.703654,195.600496,198.565378,823678.00
07/20/2023,200.188472,200.188472,198.275464,199.251892,522000,0.00,0.0,-,158.646421,184.094675,194.989839,197.779248,828034.00
07/19/2023,197.916742,199.700218,196.760962,199.221970,542000,0.00,0.0,-,158.283859,183.473557,194.535578,197.036957,834018.00
07/18/2023,198.434866,199.899515,197.777265,198.883224,812600,0.00,0.0,-,157.923784,182.896661,193.824364,196.558705,840280.00
07/17/2023,195.635076,199.221959,194.748317,198.584290,516100,0.00,0.0,-,157.576689,182.212603,193.140046,196.170123,848612.00
07/14/2023,197.876886,197.876886,193.921340,195.415878,687600,0.00,0.0,-,157.207971,181.591691,192.463206,195.885168,855704.00
07/13/2023,197.767296,198.594276,196.043584,197.548096,534400,0.00,0.0,-,156.856038,181.032156,191.909430,195.749663,855714.00
07/12/2023,200.268154,201.752734,197.518209,197.707504,715400,0.00,0.0,-,156.508460,180.451688,191.244562,195.288396,859842.00
07/11/2023,198.783569,199.760012,197.936673,199.221970,902600,0.00,0.0,-,156.194638,179.876597,190.590646,194.904808,860092.00
07/10/2023,194.608850,199.869625,194.160477,199.062561,1021700,0.00,0.0,-,155.877320,179.257871,189.734023,193.956450,857856.00
07/07/2023,191.619758,194.808103,191.559963,192.895096,737300,0.00,0.0,-,155.570943,178.544730,188.912260,192.635614,848988.00
07/06/2023,193.333476,194.808098,191.300910,191.828979,729200,0.00,0.0,-,155.308876,178.017682,188.426759,192.200430,846182.00
07/05/2023,193.443094,195.176764,192.835315,194.439453,575100,0.00,0.0,-,155.032948,177.532873,187.879530,192.034200,841882.00
07/03/2023,195.156812,195.495585,192.665915,194.997406,398900,0.00,0.0,-,154.751227,176.946654,187.082762,191.090022,840906.00
06/30/2023,195.007403,196.302673,192.855264,195.734741,723700,0.08,0.0,-,154.484067,176.378955,186.300423,190.109969,843170.00
06/29/2023,192.576851,194.329717,191.700410,194.060822,853300,0.00,0.0,-,154.208647,175.771013,185.280535,189.041243,837384.00
06/28/2023,194.200285,194.349672,192.447404,192.935425,659000,0.00,0.0,-,153.962527,175.232005,184.420533,188.069197,834546.00
06/27/2023,189.788227,194.090738,189.788227,193.871628,623200,0.00,0.0,-,153.727504,174.696782,183.795573,187.200728,830354.00
06/26/2023,187.298314,190.843893,187.278391,189.738388,729300,0.00,0.0,-,153.487053,174.126302,182.766756,186.276483,826770.00
06/23/2023,186.740597,188.632896,185.764570,185.854202,2264000,0.00,0.0,-,153.246487,173.618965,181.887334,185.511595,828962.00
06/22/2023,189.290221,191.063011,187.676787,188.543259,624100,0.00,0.0,-,153.014553,173.188516,180.888893,185.188907,801348.00
06/21/2023,184.848303,190.535168,184.649101,190.166672,1015300,0.00,0.0,-,152.770864,172.678987,179.758492,184.653087,803982.00
06/20/2023,183.862298,185.943830,182.846425,184.997681,647400,0.00,0.0,-,152.511601,172.093369,178.765032,183.724861,802500.00
06/16/2023,186.152987,187.846099,185.137114,185.196869,1752600,0.00,0.0,-,152.289120,171.563126,178.065877,183.075502,803138.00
06/15/2023,183.742793,185.854202,183.324496,185.047485,660300,0.00,0.0,-,152.062959,171.042842,177.365724,182.490877,789994.00
06/14/2023,184.230807,185.744656,182.896238,184.340363,828300,0.00,0.0,-,151.857978,170.580096,176.566972,181.519827,793400.00
06/13/2023,184.499720,185.386115,183.493816,184.250732,787600,0.00,0.0,-,151.655340,170.194008,175.800092,180.771869,790266.00
06/12/2023,182.448048,185.734686,181.412252,184.629181,679200,0.00,0.0,-,151.468662,169.826634,175.292656,180.390419,792896.00
06/09/2023,182.248864,182.826516,180.964080,182.089508,347100,0.00,0.0,-,151.266966,169.449303,174.718491,179.257028,793218.00
06/08/2023,182.378332,183.204972,180.954131,182.627319,508900,0.00,0.0,-,151.058628,169.101661,174.158768,178.263072,799306.00
06/07/2023,180.725076,183.981822,180.725076,183.185059,764100,0.00,0.0,-,150.841586,168.699862,173.564185,176.588879,807148.00
06/06/2023,177.796979,181.342558,177.796979,180.884415,619700,0.00,0.0,-,150.631748,168.270384,172.920305,174.863898,808286.00
06/05/2023,179.350653,179.350653,175.785150,178.504089,596100,0.00,0.0,-,150.445644,167.853669,172.285885,173.805203,820086.00
06/02/2023,175.874747,179.669312,175.834915,179.350616,756500,0.00,0.0,-,150.269651,167.448527,171.879539,173.056252,824332.00
06/01/2023,176.283140,177.149611,174.510350,175.336990,986400,0.00,0.0,-,150.081024,167.018291,171.146023,172.240572,824246.00
05/31/2023,178.065870,180.127493,175.884752,176.860779,1767200,0.00,0.0,-,149.915150,166.729249,170.756109,171.614117,819798.00
05/30/2023,174.958509,181.093564,174.958509,180.436234,1711000,0.00,0.0,-,149.744093,166.323525,170.285026,170.828314,804464.00
05/26/2023,173.285319,175.635761,172.379001,173.295273,811300,0.00,0.0,-,149.544170,165.802691,169.689449,170.194893,802394.00
05/25/2023,166.433190,172.339166,165.915292,172.149948,1080400,0.00,0.0,-,149.374981,165.466684,169.472334,170.179955,803134.00
05/24/2023,168.385235,168.385235,164.969119,165.885391,698900,0.00,0.0,-,149.189594,165.116355,169.279118,170.054465,808902.00
05/23/2023,168.494825,169.440990,164.839691,165.935242,1166500,0.00,0.0,-,149.042589,164.978916,169.155125,170.539491,812130.00
05/22/2023,171.432852,173.504430,170.088314,170.297470,795500,0.00,0.0,-,148.893594,164.763432,169.185499,170.976712,806754.00
05/19/2023,172.060307,173.325168,169.948898,171.014572,658000,0.00,0.0,-,148.705387,164.490170,169.050050,170.766566,824758.00
05/18/2023,168.584433,171.801347,167.419174,171.193817,827600,0.00,0.0,-,148.531742,164.266274,168.755746,170.702826,823392.00
05/17/2023,170.168000,170.476742,167.498846,169.072449,969200,0.00,0.0,-,148.363415,164.076222,168.526678,170.051474,822284.00
05/16/2023,172.827191,173.235534,168.614327,169.002747,959700,0.00,0.0,-,148.207734,163.939349,168.339938,169.898100,815046.00
05/15/2023,172.797328,174.360977,172.159921,174.102020,652900,0.00,0.0,-,148.052450,163.811833,168.245322,169.741737,811238.00
05/12/2023,171.801351,175.575994,170.845232,173.145889,896000,0.00,0.0,-,147.904285,163.577354,167.848934,169.184004,814042.00
05/11/2023,168.873273,171.074329,168.564531,170.895050,686200,0.00,0.0,-,147.704620,163.300876,167.459022,168.764713,810946.00
05/10/2023,171.482619,172.129995,169.012668,170.735657,711000,0.00,0.0,-,147.512780,163.061452,167.132847,168.503772,816370.00
05/09/2023,168.176117,170.745670,167.339523,170.307449,889300,0.00,0.0,-,147.323724,162.860057,166.812650,167.770758,826050.00
05/08/2023,170.307423,170.636088,167.498837,168.196014,821200,0.00,0.0,-,147.133728,162.697090,166.450620,167.394286,825600.00
05/05/2023,167.120406,170.845249,167.120406,170.377167,855100,0.00,0.0,-,146.954686,162.531356,166.085107,167.333534,838554.00
05/04/2023,166.303686,168.783606,159.949537,164.680298,1229200,0.00,0.0,-,146.760562,162.301692,165.490526,166.808667,878654.00
05/03/2023,168.245828,170.267620,167.528758,167.538712,870700,0.00,0.0,-,146.589006,161.962587,165.215644,167.001883,877188.00
05/02/2023,167.767783,167.817583,164.321804,167.439117,688100,0.00,0.0,-,146.382525,161.572286,164.934219,166.781775,881746.00
05/01/2023,169.082418,171.243628,168.046622,168.524689,740800,0.00,0.0,-,146.181763,161.307412,164.814059,166.748906,885236.00
04/28/2023,168.385289,170.128201,167.966976,168.952972,727900,0.00,0.0,-,145.975722,161.029189,164.681927,166.513864,888648.00
04/27/2023,164.769943,168.693988,164.271968,168.285645,790800,0.00,0.0,-,145.766843,160.755939,164.522409,166.153331,887158.00
04/26/2023,165.327694,166.542754,162.807942,163.405518,578300,0.00,0.0,-,145.560406,160.460198,164.343499,165.761922,887416.00
04/25/2023,165.915271,167.399242,165.586606,166.542725,597000,0.00,0.0,-,145.395423,160.263853,164.300092,165.854543,887494.00
04/24/2023,166.104530,168.425095,165.815711,167.588501,514200,0.00,0.0,-,145.218732,159.946032,164.058511,165.506955,896830.00
04/21/2023,166.492941,166.562665,164.550842,165.128494,526300,0.00,0.0,-,145.038303,159.629593,163.681522,164.836681,912810.00
04/20/2023,164.331739,167.409220,163.594730,166.612457,512100,0.00,0.0,-,144.840542,159.360364,163.337444,164.172385,921490.00
04/19/2023,165.994962,167.010835,164.630515,165.337631,434400,0.00,0.0,-,144.640134,159.085545,162.898763,163.429405,922628.00
04/18/2023,166.672223,167.618372,166.094570,167.110428,711400,0.00,0.0,-,144.440582,158.819300,162.676125,163.086662,927872.00
04/17/2023,165.516940,166.771832,165.138474,166.174271,449400,0.00,0.0,-,144.228189,158.511825,162.149334,162.879211,930648.00
04/14/2023,164.202289,166.014926,163.883593,165.347641,444000,0.00,0.0,-,143.992336,158.208142,161.560347,162.849991,941498.00
04/13/2023,164.590662,165.337624,162.299989,164.371552,838900,0.00,0.0,-,143.782231,157.944683,161.117712,162.891487,944000.00
04/12/2023,164.311803,165.925252,163.664441,164.331726,883300,0.00,0.0,-,143.595937,157.687208,160.630809,162.925076,941332.00
04/11/2023,160.985317,163.146527,160.985317,163.066849,755800,0.00,0.0,-,143.400253,157.369010,160.364895,162.745641,938526.00
04/10/2023,157.688766,161.074990,157.539365,160.885757,941200,0.00,0.0,-,143.184956,157.094028,159.969604,162.610068,936314.00
04/06/2023,158.565212,160.457511,158.425780,158.485535,679300,0.08,0.0,-,142.971124,156.863862,159.757034,162.526363,934298.00
04/05/2023,160.904790,161.093928,157.191760,159.182663,1095400,0.00,0.0,-,142.771131,156.658407,159.823746,162.502504,939016.00
04/04/2023,165.593385,166.130922,161.153664,161.910202,830600,0.00,0.0,-,142.540920,156.491171,159.949174,162.368120,933200.00
04/03/2023,166.120973,166.728199,163.174430,165.035919,671600,0.00,0.0,-,142.301444,156.230363,159.965103,162.265588,931910.00
03/31/2023,166.240428,166.967103,164.806975,165.882065,919100,0.00,0.0,-,142.092997,155.841143,159.844655,161.419456,937114.00
03/30/2023,166.091105,166.459417,164.727326,165.762604,695300,0.00,0.0,-,141.877487,155.380249,159.669455,160.270703,952288.00
03/29/2023,164.199753,164.747255,162.975352,164.707443,651500,0.00,0.0,-,141.673803,154.937870,159.347426,159.343936,953448.00
03/28/2023,162.109332,163.921046,161.512055,162.537369,901000,0.00,0.0,-,141.479321,154.595634,159.058246,158.336542,957416.00
03/27/2023,161.959984,162.965399,159.560941,161.711121,821000,0.00,0.0,-,141.316360,154.301378,158.964672,157.984149,954812.00
03/24/2023,156.265987,161.113847,154.155634,160.048706,1209700,0.00,0.0,-,141.155939,154.009909,158.987070,157.329141,962472.00
03/23/2023,158.107586,161.103890,156.544719,158.246948,808400,0.00,0.0,-,141.020229,153.609938,158.980102,156.987706,955792.00
03/22/2023,160.227915,162.587130,157.779097,157.838821,752200,0.00,0.0,-,140.881899,153.222508,159.012453,157.144989,958416.00
03/21/2023,159.132898,161.382614,157.719359,160.884888,764000,0.00,0.0,-,140.734282,152.825920,158.506763,157.530228,959688.00
03/20/2023,155.081423,157.719379,154.553834,156.574600,1000500,0.00,0.0,-,140.548826,152.377967,157.863702,157.664618,962304.00
03/17/2023,156.763695,157.082247,152.194577,154.394531,1607500,0.00,0.0,-,140.361120,151.945543,157.744744,158.269853,964322.00
03/16/2023,153.060614,157.341059,151.308625,156.494934,848300,0.00,0.0,-,140.180439,151.616049,157.755695,159.068207,950772.00
03/15/2023,156.514903,157.838856,151.010055,154.633499,1368800,0.00,0.0,-,140.011666,151.285560,157.695470,159.350916,949602.00
03/14/2023,158.446028,160.387156,156.843351,159.013443,860300,0.00,0.0,-,139.837890,151.029927,157.638726,159.779950,930244.00
03/13/2023,154.563779,157.241547,154.145692,155.161041,897700,0.00,0.0,-,139.630935,150.689084,157.367465,159.945195,923086.00
03/10/2023,159.451469,159.620709,155.280539,156.634354,1695700,0.00,0.0,-,139.431068,150.397831,157.141998,160.644998,914044.00
03/09/2023,162.457719,163.532809,158.894000,159.819778,589700,0.00,0.0,-,139.226418,150.129841,156.898608,160.972498,888482.00
03/08/2023,162.009760,162.915624,160.247806,161.691208,772200,0.00,0.0,-,138.988798,149.802719,156.490971,160.879916,884802.00
03/07/2023,162.955466,163.901142,161.422477,162.228790,607300,0.00,0.0,-,138.744454,149.406132,156.049987,159.483298,882814.00
03/06/2023,161.701190,164.140044,160.118426,162.626953,769300,0.00,0.0,-,138.482963,149.040977,155.539816,158.062785,883744.00
03/03/2023,161.830581,163.084844,159.580850,162.378067,793100,0.00,0.0,-,138.234587,148.627068,154.995303,157.219635,901648.00
03/02/2023,158.127483,160.018835,157.251480,159.322021,741200,0.00,0.0,-,137.980151,148.212168,154.425905,156.443182,911596.00
03/01/2023,161.183523,162.636889,158.266857,158.923843,957400,0.00,0.0,-,137.742883,147.876496,154.068537,156.040024,941156.00
02/28/2023,162.169035,163.264023,160.556393,160.665894,1195000,0.00,0.0,-,137.489519,147.579629,153.697235,155.497502,960434.00
02/27/2023,161.701174,164.040476,160.128358,162.159073,866800,0.00,0.0,-,137.226601,147.392578,153.085032,154.789735,966910.00
02/24/2023,157.490407,162.378063,156.405354,159.909348,1468900,0.00,0.0,-,136.971421,147.184618,152.442966,153.638997,969262.00
02/23/2023,159.272243,167.982444,157.510290,158.893967,2860100,0.00,0.0,-,136.717602,146.976286,151.916371,152.824718,951194.00
02/22/2023,148.481574,149.297837,146.659896,147.725021,1155900,0.00,0.0,-,136.507418,146.746077,151.382313,152.102025,908892.00
02/21/2023,153.259752,153.936652,147.476165,148.023666,1098600,0.00,0.0,-,136.369973,146.782426,151.537106,152.616676,898220.00
02/17/2023,154.225312,156.345629,154.036189,154.195450,862600,0.00,0.0,-,136.232476,146.773005,151.579413,153.016846,888806.00
02/16/2023,154.115815,157.818881,153.299537,154.613541,911400,0.00,0.0,-,136.052840,146.665618,151.148384,152.770970,881070.00
02/15/2023,152.552944,155.658748,151.736667,155.290436,653400,0.00,0.0,-,135.857301,146.574344,150.559576,152.408627,877806.00
02/14/2023,153.030763,154.912166,151.527637,153.498627,803700,0.00,0.0,-,135.657134,146.514303,149.977238,152.097050,877278.00
02/13/2023,150.741234,153.757466,149.825420,153.588226,582200,0.00,0.0,-,135.480138,146.463434,149.682087,151.896968,879344.00
02/10/2023,151.696915,153.299593,149.666200,150.651688,1063800,0.00,0.0,-,135.297527,146.373962,149.393905,151.380328,898914.00
02/09/2023,152.523094,153.299545,151.049829,151.766556,1313200,0.00,0.0,-,135.125970,146.237166,149.218205,151.246935,889232.00
02/08/2023,152.294177,153.916754,151.497813,151.667038,960300,0.00,0.0,-,134.966727,146.058372,148.632384,151.008025,880586.00
02/07/2023,151.657084,153.339385,149.815492,152.871536,569000,0.00,0.0,-,134.807336,145.980264,147.992805,150.662601,866814.00
02/06/2023,151.149358,152.672398,150.741219,152.025360,696600,0.00,0.0,-,134.665425,145.831902,147.249699,150.457535,869090.00
02/03/2023,150.124067,153.050698,149.715929,151.736694,850200,0.00,0.0,-,134.590203,145.732101,146.572793,150.141980,873624.00
02/02/2023,152.891429,153.508619,148.859846,150.990112,991900,0.00,0.0,-,134.521741,145.660956,145.733629,149.525798,869042.00
02/01/2023,150.820853,153.677809,150.163866,152.174667,569100,0.00,0.0,-,134.444391,145.599171,145.080114,148.710526,864194.00
01/31/2023,148.750346,151.547578,148.093360,151.497803,705500,0.00,0.0,-,134.355007,145.515486,144.469904,147.857426,870510.00
01/30/2023,148.849866,150.492355,147.744914,148.421829,743000,0.00,0.0,-,134.267019,145.405145,143.987607,147.467206,872932.00
01/27/2023,149.039024,150.442614,148.601023,149.317749,645200,0.00,0.0,-,134.190337,145.302997,143.665082,147.407481,873656.00
01/26/2023,148.969318,149.486957,146.749465,149.377457,840400,0.00,0.0,-,134.104753,145.145920,143.229113,147.189476,878900.00
01/25/2023,149.317751,149.347613,144.987530,148.212799,915200,0.00,0.0,-,134.023641,145.033017,142.921982,146.256743,883400.00
01/24/2023,148.153074,152.871520,147.506021,150.820877,804600,0.00,0.0,-,133.939904,144.994942,142.684525,145.323010,891996.00
01/23/2023,146.769408,149.098762,146.331407,148.869812,766100,0.00,0.0,-,133.828478,144.824715,142.236575,144.041864,892380.00
01/20/2023,143.096194,145.714238,142.568606,145.574875,931800,0.00,0.0,-,133.730233,144.787428,141.991637,143.003606,897078.00
01/19/2023,142.479024,143.663614,141.533332,142.837387,1677800,0.00,0.0,-,133.655117,144.805892,141.809469,141.941460,902852.00
01/18/2023,148.103296,149.905061,142.688036,143.643677,753300,0.00,0.0,-,133.594583,144.869555,141.749252,141.449702,902008.00
01/17/2023,147.824546,149.656173,147.197407,147.595596,849900,0.00,0.0,-,133.529968,144.870133,141.693989,141.082382,935032.00
01/13/2023,146.520546,148.491536,145.803819,147.824585,770800,0.00,0.0,-,133.448325,144.639852,141.518235,140.508008,942620.00
01/12/2023,140.906174,147.306920,140.557760,147.137695,1204000,0.00,0.0,-,133.376959,144.514231,141.692673,139.922682,941602.00
01/11/2023,140.398524,143.016567,139.333399,140.050125,875700,0.00,0.0,-,133.314391,144.397770,141.923842,139.268750,932600.00
01/10/2023,137.382295,138.994938,137.382295,138.875473,939600,0.00,0.0,-,133.281102,144.405949,142.395972,139.587221,931698.00
01/09/2023,138.855555,142.319722,137.591327,138.009415,815800,0.00,0.0,-,133.245095,144.419315,142.821375,140.046040,927936.00
01/06/2023,137.123464,140.318871,136.147926,138.487228,894800,0.00,0.0,-,133.196733,144.454578,143.398026,140.431285,931264.00
01/05/2023,137.372356,138.825722,133.997774,134.953415,1101400,0.00,0.0,-,133.148613,144.517295,143.851297,140.979668,940676.00
01/04/2023,140.199392,140.756843,137.252864,137.919815,930000,0.00,0.0,-,133.110614,144.552394,144.544931,141.677478,937812.00
01/03/2023,142.210241,142.678104,138.527072,139.970474,789800,0.00,0.0,-,133.049538,144.448573,145.151434,142.048801,934722.00
12/30/2022,140.736951,142.309767,139.791260,141.851852,400900,0.08,0.0,-,132.973740,144.250612,145.767328,142.305595,933050.00
12/29/2022,142.060866,142.667751,140.886898,141.971329,502400,0.00,0.0,-,132.874530,144.051436,146.222495,142.528462,937070.00
12/28/2022,143.095551,144.279477,140.130772,140.598373,445600,0.00,0.0,-,132.768913,143.866783,146.579659,143.462665,944444.00
12/27/2022,143.762125,144.687369,142.578199,143.234833,417600,0.00,0.0,-,132.674778,143.635370,146.740334,144.578934,953572.00
12/23/2022,141.981287,143.483571,141.215215,143.463669,405700,0.00,0.0,-,132.571037,143.226269,146.719937,145.204723,961556.00
12/22/2022,142.647837,143.583039,139.702945,141.861862,672800,0.00,0.0,-,132.454879,142.947898,146.934834,145.596709,970302.00
12/21/2022,143.075641,144.766957,142.767226,143.971054,653800,0.00,0.0,-,132.335158,142.624956,147.114413,146.364767,972356.00
12/20/2022,141.374381,144.468500,141.374381,141.931519,1664500,0.00,0.0,-,132.195506,142.321116,147.267625,146.722926,980578.00
12/19/2022,143.244764,143.592983,140.797334,141.633041,1290500,0.00,0.0,-,132.022248,142.049908,147.580022,147.412384,958594.00
12/16/2022,142.170301,143.463665,140.986390,142.538422,2219200,0.00,0.0,-,131.856245,141.774720,147.893413,148.254066,945244.00
12/15/2022,148.547584,148.547584,143.205009,144.080521,1921300,0.00,0.0,-,131.701606,141.554848,148.166014,149.229060,914834.00
12/14/2022,152.775849,154.009523,150.039892,151.313354,1518800,0.00,0.0,-,131.528678,141.350496,148.261025,149.916528,891558.00
12/13/2022,154.089125,154.208508,149.442974,151.761063,984400,0.00,0.0,-,131.310300,141.030936,147.861079,149.696654,878954.00
12/12/2022,147.900901,149.661852,147.582527,149.492722,565500,0.00,0.0,-,131.092514,140.609299,147.346221,148.901733,875008.00
12/09/2022,149.721536,150.895503,147.095017,147.383530,745000,0.00,0.0,-,130.882444,140.154235,147.058199,148.235152,884372.00
12/08/2022,149.303685,150.786067,148.219240,149.542450,622300,0.00,0.0,-,130.685552,139.750706,147.004475,148.272960,886624.00
12/07/2022,148.527634,150.129413,147.323822,147.552643,627900,0.00,0.0,-,130.426118,139.349142,146.642828,147.864058,893436.00
12/06/2022,150.457720,151.402866,148.209267,148.826096,475800,0.00,0.0,-,130.188800,138.894900,146.615471,147.812325,901576.00
12/05/2022,151.064646,151.562093,148.249095,150.049866,748200,0.00,0.0,-,129.952067,138.418967,146.499069,147.747661,917710.00
12/02/2022,149.890664,153.860279,149.612095,152.288361,627000,0.00,0.0,-,129.713238,137.978618,146.297603,147.532759,935692.00
12/01/2022,149.731485,152.238621,148.537616,150.955200,907000,0.00,0.0,-,129.483082,137.631713,145.866814,147.102968,938372.00
11/30/2022,143.662583,149.403121,143.433761,149.114609,1560700,0.00,0.0,-,129.248963,137.327778,145.123132,146.605522,934226.00
11/29/2022,143.294510,144.428688,142.369267,143.811859,579700,0.00,0.0,-,128.997330,137.101226,144.744576,146.025504,928466.00
11/28/2022,147.821274,149.781215,141.991197,142.826904,880900,0.00,0.0,-,128.774445,137.034622,144.619717,145.790709,951944.00
11/25/2022,146.179719,148.428189,145.722077,147.761612,271700,0.00,0.0,-,128.571185,136.910953,144.501325,145.881245,1006486.00
11/23/2022,146.756738,149.124590,144.528186,145.453430,682800,0.00,0.0,-,128.360136,136.717626,144.090432,145.735989,1033512.00
11/22/2022,149.234030,150.994996,146.965674,147.035309,923300,0.00,0.0,-,128.140664,136.639867,143.806390,145.421599,1051166.00
11/21/2022,147.075126,148.875881,146.766711,148.179459,621100,0.00,0.0,-,127.896497,136.512175,143.535779,145.418617,1047316.00
11/18/2022,149.234002,149.631953,146.090135,147.900848,749500,0.00,0.0,-,127.651972,136.445323,142.962225,145.250478,1050388.00
11/17/2022,144.279498,148.099887,143.682556,147.990448,884900,0.00,0.0,-,127.416389,136.405920,142.203619,145.062447,1049998.00
11/16/2022,142.886623,146.249369,142.120566,145.980743,826600,0.00,0.0,-,127.191980,136.361741,141.307717,144.630661,1052112.00
11/15/2022,143.294520,144.687365,141.205238,143.314423,779200,0.00,0.0,-,126.974192,136.274630,140.603333,143.640741,1053314.00
11/14/2022,143.314416,144.060586,141.394263,141.463913,907400,0.00,0.0,-,126.767749,136.197689,140.074546,143.463649,1055528.00
11/11/2022,146.318999,148.239136,143.433798,143.732269,1065400,0.00,0.0,-,126.549601,136.164521,139.452737,143.448726,1053186.00
11/10/2022,147.075124,148.229204,143.195030,146.309052,1345000,0.00,0.0,-,126.312116,136.056156,138.405114,143.121405,1058444.00
11/09/2022,145.174822,147.144706,141.881728,142.309525,823800,0.00,0.0,-,126.062591,135.940006,137.566916,142.444875,1059848.00
11/08/2022,146.498103,149.025126,145.254486,147.005493,1001000,0.00,0.0,-,125.833064,135.893107,136.737178,142.191182,1058544.00
11/07/2022,146.965663,148.268971,144.488373,146.498062,1220500,0.00,0.0,-,125.592076,135.834024,135.825855,141.652940,1051610.00
11/04/2022,146.896034,148.736594,140.061120,146.020538,1635600,0.00,0.0,-,125.347615,135.780318,134.919508,140.673972,1046856.00
11/03/2022,143.821820,145.950892,136.260638,143.672592,2404500,0.00,0.0,-,125.114034,135.798209,134.012165,139.344792,1031412.00
11/02/2022,140.270052,142.229993,135.892511,136.081543,1229300,0.00,0.0,-,124.903019,135.810557,133.405776,137.984773,997958.00
11/01/2022,142.846811,143.324355,140.996308,141.543503,719900,0.00,0.0,-,124.747043,135.897366,133.294844,137.565926,987886.00
10/31/2022,139.891991,141.553462,139.742763,141.314682,753900,0.00,0.0,-,124.568923,135.850872,132.984436,136.685443,986534.00
10/28/2022,140.160605,141.991205,138.757801,140.459061,830600,0.00,0.0,-,124.395124,135.848929,132.452665,135.456747,986026.00
10/27/2022,140.658038,141.911598,139.056259,139.543747,751500,0.00,0.0,-,124.239808,135.913018,131.766686,133.688822,980886.00
10/26/2022,142.468751,143.573084,139.344786,139.772598,982200,0.00,0.0,-,124.088273,135.988256,131.149853,132.688956,987414.00
10/25/2022,137.026660,142.021029,136.608806,141.623077,1365400,0.00,0.0,-,123.924619,136.025307,130.634436,131.283173,986012.00
10/24/2022,133.693847,137.066536,133.236189,136.708374,958200,0.00,0.0,-,123.746348,136.036088,129.795309,129.998769,971202.00
10/21/2022,130.350950,133.355517,129.933096,132.728745,775500,0.00,0.0,-,123.609040,136.154908,129.211363,129.165044,967854.00
10/20/2022,132.181573,133.385401,129.664493,130.072403,706200,0.00,0.0,-,123.488303,136.309369,128.976546,128.679537,970104.00
10/19/2022,131.554791,132.480050,129.843573,131.893066,601900,0.00,0.0,-,123.414766,136.497070,129.220081,128.826778,979738.00
10/18/2022,132.480011,135.295561,131.007558,132.738678,871100,0.00,0.0,-,123.312857,136.560657,129.413351,129.023762,980786.00
10/17/2022,125.754525,129.644554,125.267029,129.027725,902000,0.00,0.0,-,123.218242,136.635571,129.665768,129.283430,985276.00
10/14/2022,130.092266,130.858338,122.620621,122.779808,816800,0.00,0.0,-,123.133099,136.777744,130.238465,129.448582,992980.00
10/13/2022,123.535924,129.962943,122.968835,129.545090,843000,0.00,0.0,-,123.086393,136.975270,130.931646,129.844550,1012226.00
10/12/2022,129.216798,129.216798,125.645125,125.714767,775500,0.00,0.0,-,123.005959,137.110078,131.359154,129.610750,1028558.00
10/11/2022,128.808883,132.002483,127.018071,128.779037,1064900,0.00,0.0,-,122.945073,137.346351,132.151691,129.985698,1031860.00
10/10/2022,127.923425,130.400716,127.634898,128.371124,565300,0.00,0.0,-,122.856459,137.529493,132.745273,129.591848,1039636.00
10/07/2022,130.997638,131.077231,126.878779,127.873672,623000,0.00,0.0,-,122.768097,137.720991,133.568562,129.257682,1080598.00
10/06/2022,133.683830,135.683576,131.455278,131.544815,698700,0.00,0.0,-,122.678798,138.052898,134.471412,129.273554,1119938.00
10/05/2022,133.753461,135.116460,131.315975,133.862900,757500,0.00,0.0,-,122.554318,138.086261,135.183247,129.613383,1135064.00
10/04/2022,132.629246,136.270560,132.629246,135.335358,888600,0.00,0.0,-,122.425295,138.059541,135.571360,129.802941,1138060.00
10/03/2022,128.729247,131.614432,127.346346,130.679245,787100,0.00,0.0,-,122.301269,138.011326,135.777961,130.048106,1135976.00
09/30/2022,127.714486,129.465508,125.844089,126.739494,1033700,0.07,0.0,-,122.204543,138.043904,136.234275,131.028349,1134228.00
09/29/2022,128.271038,128.271038,124.204154,127.207085,857600,0.00,0.0,-,122.120567,138.156866,136.813000,132.018742,1124502.00
09/28/2022,126.083468,130.329343,125.904485,129.464249,962900,0.00,0.0,-,122.040457,138.243772,137.477724,133.107558,1123012.00
09/27/2022,126.938615,128.102002,123.428556,124.840538,1034900,0.00,0.0,-,121.960726,138.261869,138.002741,134.317684,1121460.00
09/26/2022,127.356246,130.299511,124.721219,125.029465,1282500,0.00,0.0,-,121.900638,138.289910,138.963282,135.898698,1117658.00
09/23/2022,132.934544,132.934544,125.924379,128.032394,1647300,0.00,0.0,-,121.851517,138.335053,139.902445,137.879442,1120036.00
09/22/2022,136.722978,137.130665,134.605010,134.943100,761000,0.00,0.0,-,121.792047,138.320735,140.846580,139.669269,1104860.00
09/21/2022,138.343798,141.336783,135.649105,135.758484,699700,0.00,0.0,-,121.677973,138.165418,141.313926,140.753111,1109358.00
09/20/2022,139.845298,140.103823,136.752871,137.787003,1272700,0.00,0.0,-,121.558084,137.990214,141.547102,141.339778,1115072.00
09/19/2022,135.221573,141.346753,134.982924,140.481674,1753600,0.00,0.0,-,121.432917,137.842652,141.618692,141.507817,1101400.00
09/16/2022,136.325249,137.737223,134.097902,136.643433,3608000,0.00,0.0,-,121.278989,137.657106,141.655482,141.440202,1083984.00
09/15/2022,139.149253,141.297052,137.259980,138.095245,1623000,0.00,0.0,-,121.160483,137.554292,142.006488,141.607259,1031450.00
09/14/2022,140.700427,142.400771,139.328220,141.565506,1565500,0.00,0.0,-,121.073926,137.303915,142.267007,141.847890,1019952.00
09/13/2022,140.948988,143.494520,140.093847,140.650681,730800,0.00,0.0,-,120.949471,137.003223,142.269990,141.687798,1014588.00
09/12/2022,146.696327,147.312818,143.812720,144.836899,774700,0.00,0.0,-,120.851626,136.698754,142.345561,142.027866,1020694.00
09/09/2022,146.915075,147.163662,144.737448,145.930664,730000,0.00,0.0,-,120.727143,136.294650,142.236185,141.925449,1035062.00
09/08/2022,141.167745,145.831245,140.322543,145.781525,990600,0.00,0.0,-,120.595900,135.756112,141.962242,142.023891,1055004.00
09/07/2022,139.338162,141.794205,138.443238,141.625153,886700,0.00,0.0,-,120.467835,135.307013,141.646040,141.874741,1052958.00
09/06/2022,139.596662,140.879366,137.727281,139.467392,889900,0.00,0.0,-,120.350625,135.016767,141.318401,141.754425,1059518.00
09/02/2022,140.551289,143.862459,139.308352,139.805527,790300,0.00,0.0,-,120.241425,134.731317,141.169251,141.729567,1095774.00
09/01/2022,139.666311,140.571157,136.245747,138.313995,1328300,0.00,0.0,-,120.135448,134.335355,140.985793,141.870763,1109408.00
08/31/2022,139.875111,141.257256,139.159179,140.501556,1415200,0.00,0.0,-,120.032908,133.931461,140.702898,142.405717,1105224.00
08/30/2022,145.344017,145.831254,138.920530,139.964584,758600,0.00,0.0,-,119.910994,133.491169,140.492096,142.686125,1103686.00
08/29/2022,142.191933,145.801425,141.495892,144.051361,654300,0.00,0.0,-,119.789580,132.954687,140.370289,142.852182,1129494.00
08/26/2022,147.372501,147.372501,143.146517,143.812729,982800,0.00,0.0,-,119.645250,132.353960,140.064526,142.663257,1159062.00
08/25/2022,145.542878,148.486158,145.314182,146.915085,863400,0.00,0.0,-,119.512884,131.944635,139.771192,142.546921,1172044.00
08/24/2022,140.899289,144.697711,140.899289,144.290024,731800,0.00,0.0,-,119.372898,131.461934,139.648889,141.900594,1184862.00
08/23/2022,139.725956,142.201875,139.367989,140.421997,725700,0.00,0.0,-,119.234224,131.076652,139.095036,141.417339,1214680.00
08/22/2022,139.029897,141.545599,138.134974,139.218811,652300,0.00,0.0,-,119.094343,130.784432,138.700281,140.882378,1228394.00
08/19/2022,142.748775,143.186291,140.988772,141.217484,728500,0.00,0.0,-,118.978048,130.598958,138.385570,140.608936,1233602.00
08/18/2022,144.210439,145.473266,142.838232,143.663544,573600,0.00,0.0,-,118.870917,130.367150,137.940102,140.100822,1250344.00
08/17/2022,140.451856,143.415013,139.626544,143.305634,1077900,0.00,0.0,-,118.753045,130.152009,137.376306,139.000079,1266912.00
08/16/2022,141.923460,143.255900,141.257248,141.625153,912100,0.00,0.0,-,118.638451,129.897518,136.788644,138.298067,1291612.00
08/15/2022,141.346736,142.649346,140.521439,142.162109,624900,0.00,0.0,-,118.533402,129.631321,136.225842,137.888396,1308294.00
08/12/2022,140.561229,142.818406,140.213200,142.649368,790800,0.00,0.0,-,118.400653,129.263952,135.429865,137.465796,1319580.00
08/11/2022,141.267186,141.933398,139.964576,140.451813,888000,0.00,0.0,-,118.281499,128.791636,134.661728,136.995464,1330782.00
08/10/2022,137.011368,139.735890,136.782672,139.457474,1187900,0.00,0.0,-,118.177402,128.347767,134.004961,137.397185,1525168.00
08/09/2022,136.066737,137.140636,134.813862,135.072388,654300,0.00,0.0,-,118.066068,128.013423,133.390950,136.772734,1531130.00
08/08/2022,137.160556,138.970264,136.404840,136.484390,1095600,0.00,0.0,-,117.969413,127.709540,132.987245,136.518184,1553336.00
08/05/2022,133.401892,137.866510,132.715789,136.136353,1287200,0.00,0.0,-,117.854381,127.332300,132.683470,136.162204,1556302.00
08/04/2022,134.565261,135.340852,131.055210,132.656113,1779100,0.00,0.0,-,117.735780,126.913326,132.436872,135.779382,1556708.00
08/03/2022,138.920542,138.920542,135.340878,136.285507,1659600,0.00,0.0,-,117.631701,126.574291,132.379203,135.752533,1548580.00
08/02/2022,137.777030,139.308336,135.887772,137.528442,940600,0.00,0.0,-,117.507837,126.094497,131.843746,135.279222,1547164.00
08/01/2022,137.220179,138.681873,135.728655,137.936111,1453700,0.00,0.0,-,117.381729,125.600377,131.293871,134.563287,1557310.00
07/29/2022,145.184905,146.010217,137.210236,137.946045,2613400,0.00,0.0,-,117.242961,125.040267,130.668425,133.393933,1550876.00
07/28/2022,137.389261,144.558528,135.559662,144.469025,2590000,0.00,0.0,-,117.107320,124.540380,130.002710,132.327992,1530776.00
07/27/2022,133.332284,134.396245,132.318059,133.212967,1455000,0.00,0.0,-,116.935392,123.880816,128.729445,130.612737,1504752.00
07/26/2022,133.193098,134.406206,131.830844,132.526886,907300,0.00,0.0,-,116.829025,123.453926,128.235126,130.009166,1508894.00
07/25/2022,131.134775,133.103582,128.022457,132.924591,784400,0.00,0.0,-,116.729165,122.968411,127.964425,129.456306,1518060.00
07/22/2022,133.043960,135.321014,130.846441,132.308136,699700,0.00,0.0,-,116.618979,122.471563,127.577940,129.204736,1543754.00
07/21/2022,130.548067,132.467169,129.881855,132.387619,547400,0.00,0.0,-,116.516591,122.047863,126.962904,129.094363,1571930.00
07/20/2022,130.259742,132.506965,128.986976,131.552399,783100,0.00,0.0,-,116.416187,121.583022,126.249487,129.005874,1602898.00
07/19/2022,127.425815,130.806611,127.425815,130.369095,885300,0.00,0.0,-,116.337479,121.289117,125.596215,128.408270,1619642.00
07/18/2022,128.012517,129.543808,126.053640,126.242569,844800,0.00,0.0,-,116.250543,121.086456,124.734784,128.024454,1645424.00
07/15/2022,129.424496,129.424496,119.709700,127.286636,1401400,0.00,0.0,-,116.194016,120.972088,124.123406,127.942918,1669724.00
07/14/2022,125.059298,127.465629,123.806423,127.316467,888500,0.00,0.0,-,116.132171,120.791721,123.926399,127.677427,1667128.00
07/13/2022,125.427205,128.778157,124.452747,127.177261,985900,0.00,0.0,-,116.076128,120.555505,123.699578,126.846152,1682632.00
07/12/2022,129.116252,130.458614,126.163026,126.998283,985400,0.00,0.0,-,116.022072,120.317104,123.592011,126.461086,1685372.00
07/11/2022,129.981327,131.254093,129.494090,130.408890,589100,0.00,0.0,-,115.975459,120.139126,123.532647,126.472543,1688486.00
07/08/2022,131.492777,132.825201,129.663162,131.204407,882800,0.00,0.0,-,115.898200,119.872266,123.509456,125.951144,1713332.00
07/07/2022,127.028158,131.771210,126.093467,131.502731,981300,0.00,0.0,-,115.812003,119.574986,123.430590,124.831446,1723380.00
07/06/2022,126.063592,127.276699,122.364611,125.576363,1048100,0.00,0.0,-,115.733442,119.343291,123.500780,123.493099,1738256.00
07/05/2022,123.388783,126.869005,121.062009,126.530930,1297300,0.00,0.0,-,115.692996,119.227539,123.751016,122.784159,1769674.00
07/01/2022,124.502463,127.047994,121.459757,125.427208,1036100,0.00,0.0,-,115.640088,119.186707,123.840234,121.445114,1813964.00
06/30/2022,116.865864,124.760999,116.865864,124.631729,1493100,0.07,0.0,-,115.599147,119.417782,123.758558,120.303895,1822854.00
06/29/2022,123.555183,123.823497,117.224877,119.003723,1727100,0.00,0.0,-,115.551419,119.686034,123.478648,120.175372,1813886.00
06/28/2022,127.649488,129.050705,123.018533,123.326599,888300,0.00,0.0,-,115.527664,120.016362,123.441381,120.553003,1799626.00
06/27/2022,126.119086,127.480543,124.399864,127.112854,1214700,0.00,0.0,-,115.485470,120.235787,123.412064,120.722935,1812514.00
06/24/2022,121.239700,125.781220,120.772628,125.194901,2702700,0.00,0.0,-,115.417895,120.371535,123.050333,120.592751,1809814.00
06/23/2022,118.427328,120.732870,115.833593,120.007423,1472000,0.00,0.0,-,115.365913,120.529345,122.671708,121.067768,1787652.00
06/22/2022,116.181418,119.421096,115.972720,118.119263,1119100,0.00,0.0,-,115.337635,120.773215,122.430719,122.029735,1794860.00
06/21/2022,115.465906,119.947794,114.760331,118.486961,1338300,0.00,0.0,-,115.322470,121.073930,122.309975,123.508461,1805700.00
06/17/2022,113.160360,116.101912,112.156652,113.140480,2049000,0.00,0.0,-,115.295743,121.333501,122.000417,124.717873,1815168.00
06/16/2022,120.434756,121.567651,113.160373,114.015015,2132700,0.00,0.0,-,115.234882,121.641402,121.984516,126.235355,1813870.00
06/15/2022,123.028491,124.866961,120.176374,123.346497,1631900,0.00,0.0,-,115.171285,121.945518,121.780296,127.213221,1802680.00
06/14/2022,125.075639,125.701710,121.706766,122.780037,1504300,0.00,0.0,-,115.067529,122.089624,121.260554,126.781924,1793206.00
06/13/2022,124.578732,127.927725,122.322875,125.025925,2222700,0.00,0.0,-,114.966308,122.248635,120.696094,126.329758,1784860.00
06/10/2022,127.778676,128.265628,123.873168,125.811012,1411400,0.00,0.0,-,114.845127,122.362530,120.038221,126.101193,1766176.00
06/09/2022,128.931436,131.882928,127.619655,129.945068,912700,0.00,0.0,-,114.722996,122.471648,119.160227,125.507915,1773016.00
06/08/2022,132.350005,132.350005,128.345121,129.627090,1565600,0.00,0.0,-,114.564619,122.543774,118.067085,124.275648,1783634.00
06/07/2022,129.458149,133.323905,128.096676,132.906525,1402000,0.00,0.0,-,114.400193,122.643714,117.141887,122.831703,1779302.00
06/06/2022,133.731343,137.597099,130.064337,130.581085,2312900,0.00,0.0,-,114.213367,122.653431,115.953838,121.111490,1775396.00
06/03/2022,122.948952,128.633305,122.412317,128.315292,1746200,0.00,0.0,-,114.036085,122.675293,115.267642,119.282960,1750332.00
06/02/2022,119.073280,123.932805,118.268331,123.793678,1189200,0.00,0.0,-,113.871918,122.675724,114.863678,117.733677,1734130.00
06/01/2022,119.778850,120.991248,116.956552,119.033524,1350900,0.00,0.0,-,113.724455,122.777116,114.700203,116.347370,1733436.00
05/31/2022,123.098037,123.207352,117.592562,118.258385,10607300,0.00,0.0,-,113.610318,122.943517,114.661943,115.739185,1731572.00
05/27/2022,121.160178,123.634665,120.852112,122.740273,1486000,0.00,0.0,-,113.502537,123.092444,114.524306,115.062430,1544810.00
05/26/2022,119.252156,121.855831,118.536642,119.878227,1764600,0.00,0.0,-,113.376761,123.133855,114.150153,113.975249,1530356.00
05/25/2022,115.654734,118.516791,115.028663,117.622398,1243900,0.00,0.0,-,113.259243,123.176488,114.061211,112.812540,1518522.00
05/24/2022,114.760324,115.644777,113.060975,115.187645,1307500,0.00,0.0,-,113.138619,123.240997,114.033385,111.858521,1515456.00
05/23/2022,113.776479,117.204983,113.408790,115.704391,1372700,0.00,0.0,-,113.019454,123.372674,114.091023,111.452071,1526048.00
05/20/2022,114.124313,114.611265,110.447375,112.295784,1588800,0.00,0.0,-,112.899044,123.508319,114.301702,110.796185,1537856.00
05/19/2022,108.867272,114.571498,108.569139,112.822464,1447900,0.00,0.0,-,112.796571,123.667043,114.676352,111.252324,1538802.00
05/18/2022,112.226212,115.535461,109.334344,109.930611,1132000,0.00,0.0,-,112.674151,123.768949,115.259694,111.993678,1555124.00
05/17/2022,113.150418,113.955368,110.367865,112.951668,1608400,0.00,0.0,-,112.576806,123.891146,116.612211,113.053035,1594282.00
05/16/2022,111.928090,112.872174,109.930622,111.490837,1288800,0.00,0.0,-,112.454038,123.777715,117.866844,113.584701,1594682.00
05/13/2022,110.208871,113.995124,110.089616,111.868462,1662100,0.00,0.0,-,112.347504,123.716544,119.068310,113.986183,1590032.00
05/12/2022,106.879740,109.374092,105.667342,108.251137,1365600,0.00,0.0,-,112.241809,123.711387,120.189778,114.325057,1587538.00
05/11/2022,110.397688,113.378992,107.853644,108.082214,2069100,0.00,0.0,-,112.145322,123.736266,121.472235,115.309882,1584084.00
05/10/2022,110.039935,112.484603,108.032519,111.123138,2108500,0.00,0.0,-,112.041891,123.727375,122.722394,116.208248,1576906.00
05/09/2022,114.780201,115.942908,108.489648,109.145538,2095800,0.00,0.0,-,111.923702,123.668989,123.776284,116.729976,1562712.00
05/06/2022,119.013652,119.947789,114.551629,116.857170,1620300,0.00,0.0,-,111.823288,123.635653,124.976756,117.807219,1562068.00
05/05/2022,122.422302,124.936534,117.880782,120.236008,2174400,0.00,0.0,-,111.681588,123.458613,125.707175,118.100381,1585942.00
05/04/2022,118.755272,120.792499,116.121785,120.524178,2059800,0.00,0.0,-,111.524630,123.007005,126.122150,118.525710,1565548.00
05/03/2022,115.376457,119.142839,115.376457,118.268326,1271600,0.00,0.0,-,111.360031,122.598302,126.556983,120.171387,1549420.00
05/02/2022,114.998837,116.022417,112.186472,115.505661,1663700,0.00,0.0,-,111.192524,122.262527,127.171157,122.148988,1542010.00
04/29/2022,117.264610,120.096847,114.760318,115.257202,1122900,0.00,0.0,-,111.051232,121.998096,127.932402,124.150437,1531114.00
04/28/2022,117.821127,119.023585,114.402570,118.099380,1141100,0.00,0.0,-,110.913116,121.818093,128.705574,126.054499,1531778.00
04/27/2022,116.847250,119.222355,116.698183,117.065880,1831400,0.00,0.0,-,110.763171,121.538735,129.363951,127.634589,1535650.00
04/26/2022,118.854648,119.311780,115.843532,116.340416,1385200,0.00,0.0,-,110.623007,121.173176,130.188226,129.236540,1516612.00
04/25/2022,118.437257,120.255854,116.519284,119.917969,1725100,0.00,0.0,-,110.490885,120.831064,131.102409,130.822591,1516804.00
04/22/2022,123.465726,124.101737,118.944087,119.788788,2619000,0.00,0.0,-,110.336708,120.476202,131.776131,132.146293,1508820.00
04/21/2022,138.302671,138.302671,123.604843,124.489296,3511800,0.00,0.0,-,110.170627,120.191463,132.370400,133.313969,1476432.00
04/20/2022,136.702703,139.167243,135.718883,136.980957,1480600,0.00,0.0,-,109.984566,119.732858,132.562778,133.718590,1428272.00
04/19/2022,135.669222,138.352392,135.003399,138.044327,1044700,0.00,0.0,-,109.736145,118.957276,132.156894,132.942578,1423490.00
04/18/2022,134.029505,136.434422,133.969881,135.520157,1014100,0.00,0.0,-,109.490047,118.181881,131.622355,132.193326,1419656.00
04/14/2022,134.029499,135.887856,133.751246,134.297821,1532700,0.00,0.0,-,109.262671,117.487164,131.131585,131.714368,1420372.00
04/13/2022,133.135078,134.526347,132.817065,133.900284,1079700,0.00,0.0,-,109.040464,116.863377,130.657236,131.356650,1412950.00
04/12/2022,132.866758,134.476672,131.952493,133.085388,1594600,0.00,0.0,-,108.820642,116.233835,130.062716,131.093314,1412440.00
04/11/2022,131.823291,134.287846,131.495361,132.200928,1832400,0.00,0.0,-,108.607274,115.612644,129.450837,131.139911,1409968.00
04/08/2022,132.171148,134.287878,130.849434,133.154984,1661100,0.07,0.0,-,108.403880,114.925313,128.929366,131.382227,1392106.00
04/07/2022,128.704333,132.826283,127.860071,131.465546,1811700,0.00,0.0,-,108.194477,114.186918,128.395950,131.405969,1382202.00
04/06/2022,127.135032,129.727395,125.416719,128.535507,1984100,0.00,0.0,-,107.982416,113.485690,127.834272,131.426831,1367870.00
04/05/2022,130.333267,132.200568,128.992384,129.220840,1573200,0.00,0.0,-,107.780644,112.843062,127.303382,131.406966,1357320.00
04/04/2022,130.730580,131.306662,128.932813,130.551804,1158200,0.00,0.0,-,107.571825,112.234800,126.644366,131.371210,1362660.00
04/01/2022,131.108013,132.856114,130.273692,130.730576,1087000,0.00,0.0,-,107.344950,111.575882,125.480780,131.051384,1400276.00
03/31/2022,131.237132,134.554559,130.492201,130.720642,1288500,0.00,0.0,-,107.123329,110.947358,124.365865,130.548801,1401438.00
03/30/2022,135.339207,135.567663,130.025369,131.266922,1753400,0.00,0.0,-,106.921338,110.362338,123.410365,129.957822,1398630.00
03/29/2022,135.756345,136.789325,130.988794,133.551361,1443600,0.00,0.0,-,106.721326,109.834727,122.321772,129.032117,1385346.00
03/28/2022,133.263347,134.693619,132.578007,134.624084,1349000,0.00,0.0,-,106.508205,109.282087,121.026088,127.761762,1368096.00
03/25/2022,131.674106,133.591056,130.968897,133.392410,1206700,0.00,0.0,-,106.291754,108.720706,119.705075,126.476506,1357596.00
03/24/2022,128.416315,131.962197,128.416315,131.674164,1059700,0.00,0.0,-,106.079230,108.240772,118.409393,125.385930,1348608.00
03/23/2022,128.346780,129.071843,126.856916,128.336853,936100,0.00,0.0,-,105.881098,107.792025,117.225943,124.241712,1350078.00
03/22/2022,127.721043,130.452460,127.701189,128.863281,1154500,0.00,0.0,-,105.707980,107.366122,115.691879,123.199799,1358964.00
03/21/2022,125.913340,128.068682,125.814017,127.353546,1257700,0.00,0.0,-,105.520928,106.908237,114.253167,121.917522,1352518.00
03/18/2022,124.016241,126.290767,123.162052,125.704750,1269200,0.00,0.0,-,105.345985,106.546101,112.959468,119.910177,1348258.00
03/17/2022,120.947124,124.840640,120.927263,124.810844,763300,0.00,0.0,-,105.180773,106.203631,111.788436,118.182928,1354588.00
03/16/2022,122.019815,123.599074,118.990430,122.009880,1172900,0.00,0.0,-,105.020477,106.014716,110.860746,116.862908,1356388.00
03/15/2022,121.016658,122.168823,118.672613,120.847809,1090600,0.00,0.0,-,104.888562,105.804745,109.966828,115.611426,1351402.00
03/14/2022,122.347605,123.817607,120.460443,121.771523,1837100,0.00,0.0,-,104.757004,105.664102,108.863832,114.290413,1342218.00
03/11/2022,120.678948,124.105631,120.678948,122.486649,1963100,0.00,0.0,-,104.621968,105.468654,107.736998,112.933645,1318368.00
03/10/2022,116.199418,120.659082,115.851785,120.231987,1636100,0.00,0.0,-,104.477011,105.287690,106.721408,111.432855,1287362.00
03/09/2022,117.023805,120.331304,115.970971,117.917725,2264000,0.00,0.0,-,104.340948,105.152216,105.987402,110.210175,1263284.00
03/08/2022,107.647602,116.914555,107.409226,116.040504,3089900,0.00,0.0,-,104.209813,105.064616,105.169467,108.183959,1230166.00
03/07/2022,108.064760,111.114014,107.051649,107.280098,1628400,0.00,0.0,-,104.088758,104.964929,104.277535,106.588813,1178230.00
03/04/2022,109.902268,110.577673,106.892745,108.432266,1056300,0.00,0.0,-,104.003177,105.033302,103.877258,106.008760,1159508.00
03/03/2022,110.140640,112.345639,110.140640,111.610641,1537400,0.00,0.0,-,103.913471,105.064934,103.494861,105.393944,1157410.00
03/02/2022,108.591209,110.130731,108.134319,109.495056,1192900,0.00,0.0,-,103.817391,104.965697,103.069753,104.858585,1160470.00
03/01/2022,108.779903,110.279701,107.210586,107.637680,1710200,0.00,0.0,-,103.749686,104.936963,102.716158,104.322231,1182104.00
02/28/2022,106.118027,109.246742,105.402899,108.203842,1398800,0.00,0.0,-,103.694441,104.994810,102.435567,103.437251,1166174.00
02/25/2022,106.704024,108.164092,103.386591,107.478752,2063600,0.00,0.0,-,103.629424,105.057415,101.917094,102.540351,1155486.00
02/24/2022,97.337759,108.760047,96.344516,108.005180,2814000,0.00,0.0,-,103.561341,105.106727,101.354919,102.009961,1134320.00
02/23/2022,100.575705,100.973004,97.119219,97.655571,1154700,0.00,0.0,-,103.510058,105.170327,100.774865,101.764629,1097822.00
02/22/2022,100.704856,102.611880,99.443441,100.089043,1253400,0.00,0.0,-,103.520487,105.487572,100.712292,102.154974,1086954.00
02/18/2022,102.065585,103.227677,101.151797,101.479568,901100,0.00,0.0,-,103.516667,105.742252,100.648227,101.966257,1078768.00
02/17/2022,105.094974,105.720721,102.005989,102.284103,1118900,0.00,0.0,-,103.498012,106.016767,100.454544,101.745757,1081110.00
02/16/2022,103.019078,106.992047,102.512522,106.257050,1156100,0.00,0.0,-,103.469336,106.293853,100.305557,101.595779,1074684.00
02/15/2022,100.615445,104.330169,100.615445,104.131516,1334700,0.00,0.0,-,103.422134,106.411276,100.066187,101.280922,1075388.00
02/14/2022,99.363970,100.625384,97.854237,98.787888,879500,0.00,0.0,-,103.383230,106.564261,100.103930,101.110085,1069648.00
02/11/2022,102.125172,103.128348,98.658758,99.234840,1394800,0.00,0.0,-,103.368367,106.843573,100.460505,101.433882,1086678.00
02/10/2022,103.396534,106.127951,101.270996,102.174850,1325900,0.00,0.0,-,103.361679,107.052800,100.826514,101.293836,1081370.00
02/09/2022,103.317069,105.700852,103.317069,105.551865,999600,0.00,0.0,-,103.335879,107.268146,101.187556,100.699876,1087804.00
02/08/2022,98.579294,101.936450,98.301188,101.559021,1103800,0.00,0.0,-,103.294831,107.572788,101.371804,99.785101,1089814.00
02/07/2022,99.324227,100.138686,97.764837,98.201866,1241500,0.00,0.0,-,103.271466,107.875096,101.645940,99.269609,1080680.00
02/04/2022,100.506193,101.727876,99.244771,99.274567,853000,0.00,0.0,-,103.264490,108.332694,102.034297,99.330198,1073084.00
02/03/2022,101.787502,103.108509,100.625402,100.784325,1049900,0.00,0.0,-,103.243624,108.746007,102.532906,99.163332,1076790.00
02/02/2022,102.601934,103.297201,100.784299,103.108482,1161600,0.00,0.0,-,103.213474,109.123963,102.922752,99.015336,1076918.00
02/01/2022,102.393345,103.406457,100.347269,102.423149,1054200,0.00,0.0,-,103.162681,109.465163,103.535583,98.851452,1069964.00
01/31/2022,96.890795,102.025856,96.890795,102.025856,1471000,0.00,0.0,-,103.125626,109.780365,103.989992,99.097775,1060214.00
01/28/2022,96.225326,97.884046,94.268644,97.834381,939300,0.00,0.0,-,103.089913,110.092396,104.579482,99.487127,1049946.00
01/27/2022,97.278160,99.026261,95.788296,96.235252,1165900,0.00,0.0,-,103.073076,110.507909,105.287720,100.359191,1048554.00
01/26/2022,98.330999,100.565794,95.291679,96.404106,1095100,0.00,0.0,-,103.057938,110.939325,106.147880,101.675237,1048880.00
01/25/2022,97.208638,97.506606,94.725532,96.404106,1456600,0.00,0.0,-,103.042204,111.333615,107.000589,102.958508,1051656.00
01/24/2022,95.102957,98.986538,93.275395,98.807755,1840200,0.00,0.0,-,103.022454,111.719168,107.857270,104.022270,1034668.00
01/21/2022,99.304362,99.880437,97.198686,97.605911,3039000,0.00,0.0,-,102.993016,112.046723,108.469688,104.738396,1010570.00
01/20/2022,101.797392,103.396512,99.046114,99.304359,1145100,0.00,0.0,-,102.958681,112.441396,109.124331,105.902479,967612.00
01/19/2022,105.551862,106.624565,101.410043,101.469643,1148100,0.00,0.0,-,102.913772,112.833665,109.659805,106.830169,970982.00
01/18/2022,104.340104,105.720711,103.366724,104.886383,1089200,0.00,0.0,-,102.863242,113.135378,109.918763,108.219715,981174.00
01/14/2022,104.936065,106.296802,104.419574,105.919373,581100,0.00,0.0,-,102.794537,113.286567,110.077362,108.882208,995460.00
01/13/2022,109.961844,111.094140,106.306713,106.555023,824000,0.00,0.0,-,102.706688,113.487374,110.307895,109.671837,1016616.00
01/12/2022,109.981723,110.627325,107.548275,109.395706,757300,0.00,0.0,-,102.609765,113.752100,110.546847,110.216248,1018396.00
01/11/2022,107.518504,109.822826,104.677829,109.236816,1133200,0.00,0.0,-,102.496607,113.965968,110.574281,110.620523,1021788.00
01/10/2022,105.204236,107.270182,102.889979,107.041733,1380400,0.00,0.0,-,102.368144,114.188970,110.671698,111.042670,1017228.00
01/07/2022,109.058001,109.504957,105.899490,105.969017,832200,0.00,0.0,-,102.264626,114.460439,110.995504,111.692269,1007220.00
01/06/2022,109.038155,109.743356,107.309915,109.246735,1044700,0.00,0.0,-,102.148341,114.653306,111.338203,112.200980,1006392.00
01/05/2022,115.136659,116.795372,108.442207,108.581261,1585700,0.00,0.0,-,102.009722,114.844742,111.636133,112.346182,999034.00
01/04/2022,112.375443,115.931253,112.236390,115.365105,853300,0.00,0.0,-,101.874975,115.065766,112.013991,112.489441,985904.00
01/03/2022,113.974559,115.106854,111.183550,111.511314,923600,0.07,0.0,-,101.719486,115.102276,111.852145,111.617812,984384.00
12/31/2021,111.999133,114.411239,111.999133,113.815659,631400,0.00,0.0,-,101.585298,115.186877,111.865617,111.272517,992322.00
12/30/2021,113.547648,114.520435,111.770828,111.999138,644600,0.00,0.0,-,101.441322,115.180127,111.812510,110.943953,997718.00
12/29/2021,113.577422,114.490646,113.230001,113.438454,412800,0.00,0.0,-,101.316931,115.188465,111.697363,110.877446,1001698.00
12/28/2021,113.557552,114.818196,113.269687,113.458290,432200,0.00,0.0,-,101.182024,115.156502,111.672548,110.528039,1007780.00
12/27/2021,111.522670,113.597283,111.234804,113.537720,608100,0.00,0.0,-,101.054895,115.117590,112.038830,110.300726,1022050.00
12/23/2021,111.135535,112.207583,110.688851,111.056122,493100,0.00,0.0,-,100.926328,115.092973,112.195667,110.298740,1024764.00
12/22/2021,110.351340,110.927071,109.318998,110.698761,692300,0.00,0.0,-,100.804076,115.075502,112.696949,110.475427,1027606.00
12/21/2021,107.571964,110.152816,107.571964,110.013847,951400,0.00,0.0,-,100.674099,115.077885,113.159020,110.926084,1027050.00
12/20/2021,104.931548,106.847336,104.445158,106.648811,1690400,0.00,0.0,-,100.536351,115.079275,113.642434,111.538541,1020502.00
12/17/2021,109.845113,110.698773,106.589260,108.058365,2274600,0.00,0.0,-,100.415973,115.185089,114.318418,112.086479,999044.00
12/16/2021,112.306841,114.361597,109.735917,110.530022,913700,0.00,0.0,-,100.287457,115.275022,114.824662,112.458717,986206.00
12/15/2021,110.599512,111.443251,107.899541,111.334068,864400,0.00,0.0,-,100.140192,115.282169,115.179531,112.681068,997650.00
12/14/2021,110.837756,111.949503,108.514983,109.944382,1005300,0.00,0.0,-,99.993365,115.292095,115.543331,112.517281,1029350.00
12/13/2021,113.914915,114.043954,110.530022,111.185165,989100,0.00,0.0,-,99.860819,115.339344,115.936414,112.817056,1040290.00
12/10/2021,113.656821,114.421148,112.406098,113.517853,611300,0.00,0.0,-,99.729451,115.431858,116.183084,113.776934,1050760.00
12/09/2021,114.401285,116.168176,112.743585,112.822998,844100,0.00,0.0,-,99.577254,115.421138,116.291282,114.092594,1060400.00
12/08/2021,116.078854,116.525538,114.867837,115.205330,1018200,0.00,0.0,-,99.432296,115.463424,116.409407,114.918470,1068758.00
12/07/2021,114.153148,116.644667,113.646901,116.138420,797600,0.00,0.0,-,99.258187,115.457668,116.516116,115.391956,1066424.00
12/06/2021,113.309429,113.994342,110.748425,112.128189,1191300,0.00,0.0,-,99.064947,115.457060,116.655086,115.746326,1069102.00
12/03/2021,113.349113,113.607193,109.319006,111.780746,1047700,0.00,0.0,-,98.890271,115.541816,116.876443,116.550357,1065826.00
12/02/2021,110.331498,115.066369,109.785545,112.753525,1731000,0.00,0.0,-,98.714063,115.659713,116.909696,117.190607,1071404.00
12/01/2021,115.741347,116.962292,109.676341,109.696198,1129400,0.00,0.0,-,98.526205,115.703786,117.070007,117.677994,1057534.00
11/30/2021,119.304940,120.476251,112.763464,112.942139,1647600,0.00,0.0,-,98.358339,115.789162,117.574763,118.569381,1059194.00
11/29/2021,120.138728,123.285382,119.066680,120.783943,1100100,0.00,0.0,-,98.178108,115.846130,117.932112,119.055771,1052650.00
11/26/2021,117.597606,118.530686,115.145793,116.674454,647100,0.00,0.0,-,97.959956,115.780193,117.912259,118.589235,1076094.00
11/24/2021,119.483612,121.647559,118.143547,121.081757,861700,0.00,0.0,-,97.758091,115.765689,118.109296,118.489969,1084802.00
11/23/2021,119.562987,120.932829,118.471089,119.940193,1038300,0.00,0.0,-,97.530275,115.688835,117.835826,117.900343,1093688.00
11/22/2021,121.101583,121.736870,118.391684,119.682114,1056300,0.00,0.0,-,97.312874,115.591754,117.779742,117.640276,1100890.00
11/19/2021,117.528095,120.694599,117.111190,120.168503,813900,0.00,0.0,-,97.093840,115.483167,117.777261,117.563846,1101272.00
11/18/2021,118.034361,118.937656,117.031797,118.183250,566700,0.00,0.0,-,96.869253,115.377551,117.628366,117.202528,1111512.00
11/17/2021,118.550540,119.096493,116.644680,117.627388,957600,0.00,0.0,-,96.651422,115.285845,117.506272,116.628784,1118020.00
11/16/2021,117.945005,119.116316,117.071488,118.610069,869700,0.00,0.0,-,96.430475,115.229266,117.298811,116.462021,1120772.00
11/15/2021,117.696847,118.401618,116.843180,117.806038,1182200,0.00,0.0,-,96.213036,115.144104,116.989108,116.580145,1133616.00
11/12/2021,115.781083,116.644680,112.723762,116.118584,1233900,0.00,0.0,-,95.985053,115.089707,116.690822,116.808453,1157722.00
11/11/2021,115.344293,117.289866,115.294666,115.681793,607200,0.00,0.0,-,95.753568,115.030166,116.460528,117.235284,1206420.00
11/10/2021,116.614900,117.815988,114.629627,115.185501,635300,0.00,0.0,-,95.534571,114.735896,116.291780,117.728624,1209288.00
11/09/2021,119.116343,120.307503,116.843205,117.339523,891100,0.00,0.0,-,95.313697,114.458099,116.041636,117.771308,1213032.00
11/08/2021,120.535803,123.771798,118.709348,118.917809,1313600,0.00,0.0,-,95.097756,114.163215,115.715553,117.919209,1208048.00
11/05/2021,113.249848,117.954949,111.731116,116.555328,1657700,0.00,0.0,-,94.878283,113.835575,115.273830,117.990677,1201928.00
11/04/2021,111.433323,116.555321,109.984075,112.445808,1803500,0.00,0.0,-,94.680234,113.520262,115.043041,118.054203,1184310.00
11/03/2021,119.036925,119.344648,114.311983,115.959755,1638900,0.00,0.0,-,94.503475,113.299044,115.048500,118.383760,1173508.00
11/02/2021,120.089107,120.506012,118.014494,119.791313,913000,0.00,0.0,-,94.316379,112.945242,114.794881,118.135600,1156910.00
11/01/2021,121.111525,121.488724,119.632492,120.089111,926900,0.00,0.0,-,94.105072,112.484253,114.396835,117.398071,1151340.00
10/29/2021,120.128807,122.044595,119.672195,120.386894,905200,0.00,0.0,-,93.881923,111.993297,114.007721,116.573191,1144948.00
10/28/2021,116.277374,120.952689,116.277374,120.615196,880000,0.00,0.0,-,93.664319,111.488053,113.778918,115.685772,1143250.00
10/27/2021,118.441355,118.749069,115.463446,115.612343,790800,0.00,0.0,-,93.431653,110.985385,113.397250,114.854937,1143366.00
10/26/2021,120.774021,121.051958,118.659709,118.818527,676800,0.00,0.0,-,93.231383,110.559162,113.363500,114.311963,1148372.00
10/25/2021,117.299799,120.496088,116.833259,119.632492,929200,0.00,0.0,-,93.010376,110.106912,113.168448,113.511898,1147380.00
10/22/2021,115.731414,117.875511,115.731414,117.190590,777300,0.00,0.0,-,92.788617,109.648305,112.992225,112.556983,1141524.00
10/21/2021,113.438463,115.910125,112.316787,115.741379,1320500,0.00,0.0,-,92.581100,109.256195,112.950996,112.031879,1149968.00
10/20/2021,112.425965,114.004253,111.532591,113.478157,901200,0.00,0.0,-,92.372952,108.868862,113.047706,111.713241,1150602.00
10/19/2021,112.376317,113.378881,111.145450,112.416023,843600,0.00,0.0,-,92.150210,108.469251,113.121656,111.454163,1148836.00
10/18/2021,111.066054,112.445818,110.718633,111.840309,716900,0.00,0.0,-,91.926240,108.048023,113.199107,111.395598,1148184.00
10/15/2021,113.944665,114.381427,111.334036,111.512703,1145700,0.00,0.0,-,91.723825,107.643666,113.396619,111.442252,1148636.00
10/14/2021,111.403552,112.455744,110.827821,112.306847,743800,0.00,0.0,-,91.518441,107.249433,113.695337,111.872065,1150048.00
10/13/2021,111.075976,111.324135,109.636649,110.182602,635200,0.00,0.0,-,91.306463,106.770067,113.877459,111.939564,1156260.00
10/12/2021,110.123037,111.661618,109.497671,110.817879,664500,0.00,0.0,-,91.105552,106.375648,114.230281,112.415037,1160956.00
10/11/2021,111.641782,112.376330,110.043637,110.083344,624000,0.00,0.0,-,90.902552,105.927252,114.443694,112.824998,1161432.00
10/08/2021,112.356458,113.239903,111.363822,111.939545,617500,0.00,0.0,-,90.702632,105.529263,114.652164,113.427467,1161560.00
10/07/2021,111.343983,113.170437,110.619363,112.555000,1632700,0.00,0.0,-,90.485115,105.105063,114.799574,113.870113,1161958.00
10/06/2021,110.649144,112.028908,107.760570,110.887375,1485900,0.00,0.0,-,90.261798,104.633036,114.851721,114.382171,1144460.00
10/05/2021,112.326694,113.845426,110.867518,111.830376,2449400,0.00,0.0,-,90.045384,104.163209,115.047274,114.789150,1127530.00
10/04/2021,115.294683,116.585106,112.048759,112.306847,1552300,0.00,0.0,-,89.826879,103.676308,115.173354,115.002617,1092212.00
10/01/2021,113.458294,116.763766,112.515286,115.810837,1512600,0.00,0.0,-,89.603912,103.211427,115.312319,115.350986,1071970.00
09/30/2021,115.721512,115.721512,112.981834,112.981834,1093300,0.06,0.0,-,89.367583,102.665552,115.178856,115.518609,1053684.00
09/29/2021,115.473079,115.532604,113.627731,114.937332,1262000,0.00,0.0,-,89.141786,102.182806,114.578176,115.815353,1043906.00
09/28/2021,114.947258,116.197334,113.201121,114.917496,901500,0.00,0.0,-,88.923832,101.636147,113.896093,116.045525,1037592.00
09/27/2021,117.080307,117.784713,115.820308,116.108025,931500,0.00,0.0,-,88.710631,101.033135,113.279984,116.062389,1037212.00
09/24/2021,117.090250,118.469307,116.346158,116.366005,1027500,0.00,0.0,-,88.491922,100.455919,112.601373,115.876862,1037124.00
09/23/2021,115.770711,118.360149,115.383784,117.675583,1326600,0.00,0.0,-,88.265142,99.881281,111.822557,115.729034,1032402.00
09/22/2021,114.986931,117.080309,114.857950,114.957169,1037500,0.00,0.0,-,88.030726,99.289977,111.008024,115.321272,1018342.00
09/21/2021,116.772741,116.852113,112.962997,113.965042,1212400,0.00,0.0,-,87.806040,98.771493,110.173650,115.305397,1011354.00
09/20/2021,114.322199,116.147699,113.171334,115.790535,1320400,0.00,0.0,-,87.579584,98.290513,109.312489,115.344091,1001552.00
09/17/2021,116.604080,117.973213,115.433376,117.487068,2272300,0.00,0.0,-,87.340040,97.756355,108.300029,115.273652,993228.00
09/16/2021,117.070375,118.479186,115.691326,115.949280,1082500,0.00,0.0,-,87.098894,97.138065,107.181908,114.839102,975862.00
09/15/2021,114.748824,118.756989,114.143629,117.239044,1306000,0.00,0.0,-,86.857417,96.564619,106.158534,113.341000,986580.00
09/14/2021,114.580159,115.750863,113.459064,115.086143,1398400,0.00,0.0,-,86.617363,95.965774,105.011642,111.746661,978598.00
09/13/2021,115.740937,116.266760,113.518579,114.252754,1075400,0.00,0.0,-,86.386885,95.440545,104.067637,110.497579,966640.00
09/10/2021,114.480952,116.147717,113.498754,114.887726,1325900,0.00,0.0,-,86.165226,94.956389,103.190106,109.325884,959626.00
09/09/2021,114.282520,115.383776,113.022521,113.597954,892100,0.00,0.0,-,85.931880,94.455764,102.324975,107.916079,953922.00
09/08/2021,114.351972,115.800469,113.885673,114.798424,1095200,0.00,0.0,-,85.694933,93.982522,101.463814,106.694776,950156.00
09/07/2021,114.808357,115.205208,112.566160,114.351982,1511900,0.00,0.0,-,85.458618,93.494789,100.398772,105.041902,942872.00
09/03/2021,113.538436,115.512756,112.427256,115.086143,2387500,0.00,0.0,-,85.221366,93.038194,99.248904,103.280886,952934.00
09/02/2021,109.401268,113.826138,107.863483,113.141571,3668800,0.00,0.0,-,84.979504,92.561957,98.075719,101.326407,933204.00
09/01/2021,101.404790,101.851250,99.817396,100.968254,750600,0.00,0.0,-,84.757066,92.080195,97.008694,99.524715,880938.00
08/31/2021,102.873132,103.121163,101.176605,101.295654,822500,0.00,0.0,-,84.593465,91.824449,96.377208,98.976069,891486.00
08/30/2021,103.250126,103.567605,102.188556,102.595329,641900,0.00,0.0,-,84.418970,91.547679,95.835510,98.276623,910484.00
08/27/2021,101.414710,102.972341,100.948411,102.535805,1007600,0.00,0.0,-,84.240304,91.199309,95.125647,97.637695,941228.00
08/26/2021,101.196447,102.079435,100.343221,100.789673,776800,0.00,0.0,-,84.057184,90.876718,94.508051,97.054328,957486.00
08/25/2021,98.696277,101.890902,98.269664,101.384926,1263400,0.00,0.0,-,83.877399,90.667374,94.005045,96.733871,963530.00
08/24/2021,96.989846,98.577239,96.761654,98.269684,809000,0.00,0.0,-,83.692806,90.464965,93.383482,96.232852,951984.00
08/23/2021,96.513630,97.287484,95.809224,96.741821,634500,0.00,0.0,-,83.520671,90.318117,92.839798,95.755642,952440.00
08/20/2021,94.926233,95.650485,94.430172,95.541351,607300,0.00,0.0,-,83.351078,90.209957,92.376972,95.216921,971728.00
08/19/2021,94.241661,95.521499,94.162297,95.124649,820300,0.00,0.0,-,83.206593,90.116884,92.053045,94.825032,994350.00
08/18/2021,93.973775,96.215972,93.824955,95.481796,885800,0.00,0.0,-,83.059885,90.055345,91.722668,94.492673,993004.00
08/17/2021,95.352840,95.352840,92.128444,94.301193,1041100,0.00,0.0,-,82.891493,90.019976,91.390804,93.778347,994862.00
08/16/2021,95.997710,96.731878,95.561174,96.206055,627200,0.00,0.0,-,82.730142,89.963008,91.055964,93.394397,995650.00
08/13/2021,97.595044,97.872837,96.285444,96.702133,636400,0.00,0.0,-,82.550457,89.886185,90.484006,92.613598,1000132.00
08/12/2021,97.396600,98.735963,96.622746,97.585106,1199500,0.00,0.0,-,82.367746,89.805390,90.011259,91.961774,1003548.00
08/11/2021,93.785294,96.563239,93.358681,96.374733,1352200,0.00,0.0,-,82.182452,89.708721,89.513711,91.276218,1009352.00
08/10/2021,91.513337,94.102777,90.570824,93.497581,812900,0.00,0.0,-,82.008804,89.693763,89.100491,90.534112,1002228.00
08/09/2021,91.066898,91.820913,89.380286,91.354614,811000,0.00,0.0,-,81.843848,89.714537,88.877262,89.923954,998976.00
08/06/2021,92.862612,93.844810,91.324827,91.622459,739500,0.00,0.0,-,81.691835,89.782730,88.805333,89.537023,1005454.00
08/05/2021,87.614299,93.517430,87.614299,91.801056,1216300,0.00,0.0,-,81.545760,89.820186,88.678341,89.281057,1006828.00
08/04/2021,89.816799,90.253335,88.318692,88.338539,1054400,0.00,0.0,-,81.393098,89.844551,88.416917,88.952663,1007668.00
08/03/2021,88.874299,90.580750,87.614300,90.461693,870000,0.00,0.0,-,81.258195,89.911595,88.363839,89.003262,997782.00
08/02/2021,91.136322,92.684030,88.318692,88.398064,688300,0.00,0.0,-,81.113023,89.938952,88.205595,88.717530,999572.00
07/30/2021,90.164052,91.136335,89.816811,90.183899,630400,0.00,0.0,-,80.972080,89.974269,88.226925,88.354414,1025376.00
07/29/2021,90.173960,91.176005,89.360420,90.729546,637400,0.00,0.0,-,80.819981,89.980412,88.219980,88.060744,1050772.00
07/28/2021,87.624219,89.856494,86.255093,88.953667,757800,0.00,0.0,-,80.669955,90.013715,88.176326,87.751203,1066104.00
07/27/2021,86.860265,88.050808,86.403882,87.396004,639400,0.00,0.0,-,80.518364,90.153723,88.225436,87.666871,1064618.00
07/26/2021,89.231442,89.925925,87.128141,87.485306,683500,0.00,0.0,-,80.373423,90.337575,88.376224,87.830571,1063348.00
07/23/2021,89.003273,89.221541,88.040913,89.062798,540200,0.00,0.0,-,80.224868,90.491880,88.578069,88.073643,1068496.00
07/22/2021,88.705618,89.181833,87.882155,88.517113,598300,0.00,0.0,-,80.060407,90.587865,88.688645,88.075625,1079878.00
07/21/2021,88.794919,89.866413,88.536965,88.844528,604400,0.00,0.0,-,79.899466,90.772494,88.715462,87.881171,1095158.00
07/20/2021,84.628012,88.140117,84.260924,87.604378,946300,0.00,0.0,-,79.728473,90.990433,88.682284,87.724416,1104572.00
07/19/2021,85.759021,85.947519,83.735091,84.766899,882500,0.00,0.0,-,79.555563,91.224846,88.674923,87.693659,1117334.00
07/16/2021,88.169874,88.715536,86.880112,87.247200,927100,0.00,0.0,-,79.393376,91.484480,88.695419,88.099437,1123590.00
07/15/2021,87.068631,89.052875,86.751152,87.634140,791400,0.00,0.0,-,79.217945,91.670514,88.653371,88.379217,1123150.00
07/14/2021,89.697745,90.670020,87.644045,88.110344,623600,0.00,0.0,-,79.041322,91.854164,88.787790,88.601450,1121904.00
07/13/2021,89.310798,89.697732,88.636155,89.033005,688100,0.00,0.0,-,78.856483,92.018970,88.945494,88.784000,1126764.00
07/12/2021,88.983434,90.283111,87.981388,89.916023,722300,0.00,0.0,-,78.665596,92.154615,89.040210,88.921877,1147556.00
07/09/2021,87.981363,89.429860,87.703570,89.082619,904200,0.00,0.0,-,78.469651,92.314240,89.111100,89.082494,1144150.00
07/08/2021,85.768954,87.862333,84.389905,86.572578,1404000,0.00,0.0,-,78.271890,92.472886,89.201353,89.301665,1137696.00
07/07/2021,86.294779,88.179805,86.255093,87.276978,1618400,0.00,0.0,-,78.082426,92.688277,89.475108,89.549752,1124146.00
07/06/2021,88.933809,88.933809,86.255083,87.296806,906900,0.00,0.0,-,77.902693,92.880458,89.796926,89.640151,1108440.00
07/02/2021,90.035066,90.154124,88.348462,88.824677,800500,0.00,0.0,-,77.726223,93.070656,90.004726,89.656187,1107248.00
07/01/2021,91.136331,91.136331,89.648148,90.044998,724700,0.00,0.0,-,77.541867,93.196191,90.181739,89.291402,1113738.00
06/30/2021,89.558829,90.481502,89.092538,89.856468,1040700,0.06,0.0,-,77.348739,93.290378,90.312608,88.927526,1116314.00
06/29/2021,90.927318,91.363565,89.658243,89.935852,703800,0.00,0.0,-,77.157889,93.352247,90.457366,88.974129,1119696.00
06/28/2021,91.452801,92.008027,89.271579,90.411766,731000,0.00,0.0,-,76.963180,93.453773,90.741917,89.106988,1119914.00
06/25/2021,91.700666,92.345120,91.323911,91.522202,2015000,0.00,0.0,-,76.764114,93.543203,90.948141,89.158543,1123672.00
06/24/2021,89.727639,91.730396,88.944380,91.274323,1401000,0.00,0.0,-,76.564786,93.602095,91.110246,89.139705,1101530.00
06/23/2021,88.676697,89.925939,88.042160,89.053452,1055500,0.00,0.0,-,76.362396,93.640763,91.221291,89.101041,1097032.00
06/22/2021,87.576175,88.637043,86.535132,88.180969,1278000,0.00,0.0,-,76.174176,93.724839,91.419584,89.400464,1113048.00
06/21/2021,86.039373,88.151199,86.039373,87.457169,1772400,0.00,0.0,-,75.987945,93.810303,91.595073,89.953702,1107012.00
06/18/2021,84.879376,85.930327,84.502622,85.176819,2179100,0.00,0.0,-,75.814432,93.919563,91.813692,90.353265,1090238.00
06/17/2021,90.322529,90.877755,86.366583,86.406242,1820500,0.00,0.0,-,75.648513,94.030806,92.063046,91.072076,1068848.00
06/16/2021,91.085935,91.323884,89.638396,90.322502,1079000,0.00,0.0,-,75.469920,94.109131,92.267287,91.697690,1063694.00
06/15/2021,90.719126,91.611446,90.322538,91.264435,686100,0.00,0.0,-,75.272437,94.129952,92.370897,91.940603,1080686.00
06/14/2021,92.027842,92.830927,90.391922,90.927315,831800,0.00,0.0,-,75.068316,94.127573,92.605378,92.376846,1094326.00
06/11/2021,91.532114,92.265797,90.619968,91.333824,1598900,0.00,0.0,-,74.868007,94.076017,92.888441,92.737740,1104866.00
06/10/2021,92.969757,93.177971,90.649730,90.887680,1738400,0.00,0.0,-,74.664232,93.992749,93.081778,93.080786,1101128.00
06/09/2021,93.237447,93.673695,91.988198,92.047684,753000,0.00,0.0,-,74.461500,93.910280,93.230497,93.341541,1097780.00
06/08/2021,92.454190,94.070277,91.710591,93.713348,978700,0.00,0.0,-,74.246441,93.740209,93.515542,93.438705,1103040.00
06/07/2021,92.166653,92.523582,90.897579,91.452797,1080500,0.00,0.0,-,74.023993,93.592706,93.816948,93.236445,1108540.00
06/04/2021,92.840828,93.455540,91.195000,92.364929,851300,0.00,0.0,-,73.813243,93.417888,94.210559,93.274120,1109290.00
06/03/2021,92.275713,93.029229,90.471246,92.662384,807200,0.00,0.0,-,73.600356,93.201048,94.479742,93.054016,1127158.00
06/02/2021,95.735939,95.854918,92.146838,92.751633,1489700,0.00,0.0,-,73.388207,92.980438,94.674069,92.836885,1149022.00
06/01/2021,96.529107,97.153727,95.299691,95.626869,996000,0.00,0.0,-,73.168985,92.810754,94.877319,92.801192,1133902.00
05/28/2021,94.843607,95.002237,93.723246,94.536247,650300,0.00,0.0,-,72.934497,92.591689,94.913507,92.833910,1141822.00
05/27/2021,94.863435,95.924303,94.367702,94.764290,1134900,0.00,0.0,-,72.706500,92.401373,94.977457,93.039143,1151974.00
05/26/2021,92.870603,94.030617,92.573168,93.495232,808200,0.00,0.0,-,72.479243,92.248506,95.134108,93.082770,1150044.00
05/25/2021,92.533502,93.465474,92.008026,93.019318,1258300,0.00,0.0,-,72.250121,92.107743,95.310092,93.119453,1153196.00
05/24/2021,92.265794,92.444259,91.432967,91.690750,560100,0.00,0.0,-,72.014281,92.008006,95.526232,93.592380,1145900.00
05/21/2021,91.155347,92.563226,91.115688,91.829544,959500,0.00,0.0,-,71.780484,91.930679,95.785996,94.397450,1148206.00
05/20/2021,91.036382,91.224763,89.093110,90.163895,1978500,0.00,0.0,-,71.532889,91.826202,96.034855,95.146999,1156844.00
05/19/2021,91.542032,91.680837,89.261658,90.491074,1900200,0.00,0.0,-,71.287440,91.716992,96.281730,95.905469,1145694.00
05/18/2021,95.954058,96.221758,92.315380,92.394699,1404000,0.00,0.0,-,71.038724,91.556454,96.494895,96.511253,1126662.00
05/17/2021,96.063110,96.806709,94.982416,95.954048,683500,0.00,0.0,-,70.774407,91.360023,96.522656,96.953445,1128734.00
05/14/2021,96.122595,96.895944,95.378996,96.588585,575900,0.00,0.0,-,70.493035,91.088045,96.475560,96.993105,1148068.00
05/13/2021,93.534891,95.527739,92.890444,95.200554,940900,0.00,0.0,-,70.213584,90.777815,96.390294,96.915771,1185410.00
05/12/2021,97.689119,98.303830,93.703430,93.862061,1109300,0.00,0.0,-,69.935237,90.513179,96.353608,97.185446,1194240.00
05/11/2021,98.155093,99.186218,96.449771,97.748589,1362300,0.00,0.0,-,69.669073,90.304641,96.320890,97.500732,1198674.00
05/10/2021,99.870350,101.089849,99.265556,99.741455,1075100,0.00,0.0,-,69.381497,90.047898,96.096324,97.460084,1201342.00
05/07/2021,96.697649,100.851893,96.489443,99.325035,1584400,0.00,0.0,-,69.086134,89.714638,95.731960,97.174542,1210560.00
05/06/2021,96.469605,99.146559,95.488048,97.748589,1195300,0.00,0.0,-,68.791863,89.404767,95.411716,96.922710,1219510.00
05/05/2021,97.084312,97.629621,95.944125,96.548920,905100,0.00,0.0,-,68.504090,89.057465,95.061234,96.657991,1230014.00
05/04/2021,95.944125,96.856279,94.486677,96.816620,729100,0.00,0.0,-,68.219842,88.676294,94.749913,96.478537,1236270.00
05/03/2021,97.005010,97.659382,96.221759,96.350647,866600,0.00,0.0,-,67.936235,88.283824,94.477261,96.091866,1243904.00
04/30/2021,97.203292,97.788253,95.557456,95.815239,1727700,0.00,0.0,-,67.652435,87.887594,94.217001,95.958015,1242626.00
04/29/2021,97.788247,98.075772,96.548915,97.897308,552000,0.00,0.0,-,67.371262,87.474926,93.843715,95.864817,1223950.00
04/28/2021,97.411503,97.580051,96.866194,97.014915,581500,0.00,0.0,-,67.071322,87.039441,93.307372,95.521770,1225006.00
04/27/2021,96.925696,97.530491,96.192006,97.342110,726500,0.00,0.0,-,66.770750,86.637061,92.794838,95.141048,1225962.00
04/26/2021,97.629639,98.105538,96.519195,96.886040,833100,0.00,0.0,-,66.466020,86.233288,92.104939,94.732564,1224178.00
04/23/2021,95.002242,97.114061,94.714716,96.806709,847300,0.00,0.0,-,66.160406,85.821596,91.577547,94.289378,1225038.00
04/22/2021,94.942772,95.944147,94.040534,95.101402,1125000,0.00,0.0,-,65.861072,85.395835,90.872805,93.900723,1225068.00
04/21/2021,93.197778,94.843615,92.573158,94.754379,853500,0.00,0.0,-,65.575903,85.023006,90.193881,93.464478,1218028.00
04/20/2021,94.476771,94.546173,91.393312,92.949913,1209800,0.00,0.0,-,65.294991,84.645425,89.537757,93.021290,1218012.00
04/19/2021,95.468212,95.656592,94.397427,95.012138,714700,0.00,0.0,-,65.022458,84.291450,89.103633,92.862656,1207556.00
04/16/2021,95.101379,95.666514,93.822387,94.883255,918900,0.00,0.0,-,64.736994,83.883548,88.586708,92.475986,1211852.00
04/15/2021,93.713327,94.506502,92.930075,94.466843,907900,0.00,0.0,-,64.456575,83.454642,88.093567,91.822612,1210700.00
04/14/2021,92.702045,94.199161,92.523581,93.207695,1176100,0.00,0.0,-,64.177446,83.067753,87.726271,91.092973,1218958.00
04/13/2021,92.721871,93.683594,91.879126,93.257263,1856300,0.00,0.0,-,63.902243,82.647786,87.388742,90.448627,1224610.00
04/12/2021,93.009396,93.326665,91.948528,92.454178,976200,0.00,0.0,-,63.628323,82.179073,87.127501,89.477314,1206624.00
04/09/2021,91.125616,92.949909,90.619966,92.920166,933700,0.00,0.0,-,63.353529,81.767638,86.896012,88.865717,1207028.00
04/08/2021,90.510912,91.105790,89.340982,90.738945,1109600,0.00,0.0,-,63.084060,81.329445,86.580289,87.844886,1210964.00
04/07/2021,91.363544,91.442863,89.658222,90.322502,1562800,0.00,0.0,-,62.824115,80.997694,86.278510,86.923284,1202738.00
04/06/2021,91.016560,93.296926,91.016560,91.363571,1928600,0.00,0.0,-,62.563683,80.691709,85.885594,86.054224,1185426.00
04/05/2021,90.134155,91.363570,89.400465,91.145447,1368100,0.06,0.0,-,62.296318,80.403346,85.446073,85.344610,1167546.00
04/01/2021,88.181076,89.389852,87.299266,88.349510,1358800,0.00,0.0,-,62.032809,80.122318,85.006560,84.697430,1156730.00
03/31/2021,87.368613,88.081989,85.862602,87.170456,1412000,0.00,0.0,-,61.782489,79.926139,84.642937,84.364521,1156114.00
03/30/2021,83.514418,86.952491,83.365797,86.764236,1571000,0.00,0.0,-,61.534608,79.733330,84.382854,84.359568,1150900.00
03/29/2021,85.763515,86.952478,83.306339,83.544128,1016000,0.00,0.0,-,61.283769,79.507230,84.216400,84.328857,1139906.00
03/26/2021,83.881027,86.397649,82.939763,86.338203,1253700,0.00,0.0,-,61.047747,79.373670,84.284765,84.777689,1145744.00
03/25/2021,80.987866,83.236983,79.650289,82.711861,1118000,0.00,0.0,-,60.811979,79.128546,84.121777,84.926307,1138316.00
03/24/2021,82.573171,83.682868,81.374305,81.522926,1744700,0.00,0.0,-,60.603528,78.985475,84.177758,85.315692,1130526.00
03/23/2021,83.345982,84.158436,80.859075,81.631897,1900400,0.00,0.0,-,60.409813,78.847357,84.120786,85.633736,1113950.00
03/22/2021,84.673657,84.980802,83.098290,84.267433,733700,0.00,0.0,-,60.211009,78.720337,83.913709,85.716964,1092130.00
03/19/2021,84.425945,85.585178,83.058646,84.673645,1392000,0.00,0.0,-,59.992261,78.548730,83.559993,85.547536,1100790.00
03/18/2021,87.229908,87.923464,84.911435,85.020424,1157900,0.00,0.0,-,59.768371,78.337492,83.153270,85.315690,1111742.00
03/17/2021,86.704792,87.586602,86.140037,87.120926,1038400,0.00,0.0,-,59.538846,78.015681,82.661339,84.921353,1127172.00
03/16/2021,88.082033,88.091943,86.149970,86.457123,965800,0.00,0.0,-,59.290570,77.625703,82.111447,84.406139,1174020.00
03/15/2021,87.368615,88.151346,86.536340,88.032448,893500,0.00,0.0,-,59.040674,77.323707,81.633385,84.103943,1165188.00
03/12/2021,86.585888,87.893742,86.348099,87.824387,675400,0.00,0.0,-,58.781322,76.971776,81.089438,83.791841,1159536.00
03/11/2021,85.585184,87.437980,85.030339,86.605713,1391400,0.00,0.0,-,58.526318,76.613512,80.513290,83.317248,1157888.00
03/10/2021,82.404717,85.020424,81.929138,84.703369,1421000,0.00,0.0,-,58.272470,76.281404,79.958937,83.039823,1142572.00
03/09/2021,83.355885,83.881015,82.285828,82.464172,948600,0.00,0.0,-,58.018107,75.991698,79.546765,82.607836,1119030.00
03/08/2021,83.464879,84.118809,82.087669,82.573158,1507600,0.00,0.0,-,57.772964,75.744399,79.217324,82.110455,1124094.00
03/05/2021,81.909315,82.870391,78.065019,82.355179,1650200,0.00,0.0,-,57.525746,75.461659,78.851223,81.572449,1117538.00
03/04/2021,81.493191,81.750800,78.312728,81.077057,2443000,0.00,0.0,-,57.276951,75.172388,78.464317,80.990851,1109956.00
03/03/2021,83.435166,84.257531,81.820167,81.968788,1382400,0.00,0.0,-,57.036472,74.902939,78.082362,80.401325,1104542.00
03/02/2021,84.564668,84.594390,82.791137,83.435158,1331000,0.00,0.0,-,56.781410,74.626148,77.740041,79.816754,1105408.00
03/01/2021,84.891618,86.863305,84.435851,84.911430,1495700,0.00,0.0,-,56.516893,74.311715,77.178753,79.162828,1170686.00
02/26/2021,83.811642,84.970882,81.889498,83.078453,1536000,0.00,0.0,-,56.242129,73.984387,76.424260,78.387035,1178266.00
02/25/2021,83.227079,85.436563,82.662324,83.831467,2031900,0.00,0.0,-,55.984334,73.679265,75.864459,77.709332,1189574.00
02/24/2021,77.956045,81.235587,77.648900,80.383499,1720500,0.00,0.0,-,55.728009,73.429569,75.223413,76.878052,1177870.00
02/23/2021,76.489648,78.015478,74.151362,77.490356,1217900,0.00,0.0,-,55.495789,73.267443,74.911806,76.485694,1169940.00
02/22/2021,76.450009,77.956019,75.360125,77.193108,1110800,0.00,0.0,-,55.272355,73.164962,74.788451,76.324194,1167028.00
02/19/2021,75.895172,77.064314,75.716828,76.539192,802700,0.00,0.0,-,55.053864,73.041301,74.776067,76.129996,1165114.00
02/18/2021,75.657388,75.796099,73.220024,75.181801,793900,0.00,0.0,-,54.843878,72.926362,74.803809,75.937782,1165160.00
02/17/2021,76.648200,77.302123,75.320525,76.123077,604800,0.00,0.0,-,54.639494,72.823128,74.971748,75.763400,1175884.00
02/16/2021,78.025407,78.818049,76.628377,76.895897,629300,0.00,0.0,-,54.431588,72.674141,75.042094,75.663328,1196820.00
02/12/2021,75.994256,77.331840,75.855544,77.153496,637300,0.00,0.0,-,54.226683,72.493858,74.970261,75.194677,1203750.00
02/11/2021,75.865468,77.807433,75.419612,76.301422,876100,0.00,0.0,-,54.021330,72.335944,74.955894,74.461485,1215280.00
02/10/2021,76.727445,76.727445,75.449314,75.518669,848800,0.00,0.0,-,53.823152,72.162997,74.844922,74.019586,1224398.00
02/09/2021,75.944711,77.173299,75.399769,76.459923,773000,0.00,0.0,-,53.618219,72.037186,74.846904,73.568774,1215440.00
02/08/2021,76.043793,76.360848,75.379959,75.875359,852700,0.00,0.0,-,53.403740,71.887798,74.754760,73.337917,1214102.00
02/05/2021,75.439383,75.508739,74.111717,75.251129,687000,0.00,0.0,-,53.189171,71.768712,74.725036,73.252708,1224912.00
02/04/2021,73.576716,74.735949,73.031774,74.617050,929500,0.00,0.0,-,52.976340,71.628057,74.746834,73.422137,1229576.00
02/03/2021,74.934073,74.934073,73.378520,73.437973,861300,0.00,0.0,-,52.763470,71.459891,74.721569,73.669835,1239022.00
02/02/2021,73.249751,76.083436,72.883153,75.122360,1320800,0.00,0.0,-,52.562421,71.341837,74.496164,74.180097,1246882.00
02/01/2021,70.901535,72.427366,69.821568,72.209389,1458700,0.00,0.0,-,52.359223,71.177424,74.121146,74.420861,1249698.00
01/29/2021,71.486121,71.605012,69.197371,69.821579,957000,0.00,0.0,-,52.159428,71.067508,74.078543,74.745844,1257320.00
01/28/2021,72.258932,72.754331,70.941168,71.882431,996400,0.00,0.0,-,51.971078,71.044155,74.109259,75.450302,1257708.00
01/27/2021,72.496742,72.684996,69.732413,71.010544,1130500,0.00,0.0,-,51.778103,70.971468,74.010697,75.670258,1258016.00
01/26/2021,75.588022,75.588022,74.052281,74.151360,698300,0.00,0.0,-,51.582673,70.879194,73.960184,76.125034,1267244.00
01/25/2021,76.826515,77.054394,73.725318,75.023262,697200,0.00,0.0,-,51.377613,70.733409,73.763520,76.171603,1288042.00
01/22/2021,76.846333,77.401186,75.934801,76.945419,1034600,0.00,0.0,-,51.169428,70.551178,73.517320,76.197365,1309460.00
01/21/2021,78.431616,79.075629,76.638266,77.094032,827300,0.00,0.0,-,50.945607,70.308924,73.091855,76.071532,1313736.00
01/20/2021,77.896583,79.125171,77.411086,78.540596,1328000,0.00,0.0,-,50.723759,70.056370,72.631737,75.773303,1321270.00
01/19/2021,76.489657,77.648897,75.915000,77.529999,1151300,0.00,0.0,-,50.481986,69.762413,72.084937,74.812231,1324222.00
01/15/2021,76.073511,76.489645,74.111734,75.459221,1021300,0.00,0.0,-,50.246303,69.468274,71.614899,73.821432,1361794.00
01/14/2021,74.517962,77.173303,73.933395,76.866158,1307900,0.00,0.0,-,50.020826,69.291976,71.227612,73.411243,1383722.00
01/13/2021,75.152057,75.558288,73.319082,74.081993,882300,0.00,0.0,-,49.792949,69.070314,70.811556,72.768216,1414552.00
01/12/2021,75.191706,75.885262,73.745141,75.558304,728500,0.00,0.0,-,49.572978,68.824742,70.498575,72.351136,1422352.00
01/11/2021,74.369350,75.934814,74.309905,74.617050,915900,0.00,0.0,-,49.342321,68.554198,70.287992,71.795335,1444432.00
01/08/2021,75.914987,76.093331,74.319800,75.280876,809400,0.00,0.0,-,49.124506,68.267236,70.171000,71.355437,1470660.00
01/07/2021,75.221412,76.687796,74.210801,75.687088,1166700,0.00,0.0,-,48.898047,67.964819,70.025271,70.837275,1472810.00
01/06/2021,70.267444,74.270272,70.049467,74.111748,1939600,0.00,0.0,-,48.655702,67.661604,69.791420,70.112179,1477796.00
01/05/2021,67.622017,69.375727,67.522938,68.929871,1929400,0.00,0.0,-,48.402496,67.412270,69.625445,69.490171,1460448.00
01/04/2021,70.247627,71.169070,66.977989,67.622009,3380800,0.00,0.0,-,48.181757,67.243803,69.679955,69.357643,1444798.00
12/31/2020,70.663774,71.535674,70.287273,71.357330,524200,0.06,0.0,-,47.976680,67.110403,69.732541,69.408367,1410218.00
12/30/2020,70.079503,70.930872,69.921105,70.435890,610900,0.00,0.0,-,47.753813,66.931402,69.558763,69.043982,1417522.00
12/29/2020,70.713062,70.713062,69.069719,69.911194,593000,0.00,0.0,-,47.548867,66.748060,69.499859,68.854897,1432590.00
12/28/2020,70.831863,71.267441,69.871597,70.000290,625600,0.00,0.0,-,47.343044,66.576995,69.387001,68.646014,1459176.00
12/24/2020,70.336869,70.465562,69.683490,70.218071,243900,0.00,0.0,-,47.153046,66.405533,69.348393,68.780649,1470604.00
12/23/2020,68.703415,70.366553,68.673717,70.099258,1201800,0.00,0.0,-,46.947957,66.205363,69.287016,68.986563,1496812.00
12/22/2020,67.772853,68.782620,67.624358,68.436127,1179800,0.00,0.0,-,46.757908,65.998659,69.278107,69.213267,1489052.00
12/21/2020,66.703710,67.941164,66.080036,67.891670,1271100,0.00,0.0,-,46.584065,65.844423,69.267219,69.470660,1499048.00
12/18/2020,68.218371,68.604456,66.733426,67.604591,2172300,0.00,0.0,-,46.408407,65.659300,69.183072,69.760719,1498512.00
12/17/2020,68.099552,68.515335,67.465976,68.129250,1425700,0.00,0.0,-,46.258938,65.475365,69.179607,70.002267,1479424.00
12/16/2020,67.921369,68.525248,66.515624,67.713478,4594900,0.00,0.0,-,46.111184,65.268265,69.118230,70.056715,1470094.00
12/15/2020,68.208453,68.921227,67.911461,68.545036,1874700,0.00,0.0,-,45.971032,65.037405,69.068236,70.073544,1408908.00
12/14/2020,71.505036,71.703026,67.604579,67.822372,2101400,0.00,0.0,-,45.818438,64.793083,69.073681,70.144821,1405964.00
12/11/2020,72.762281,73.019674,71.277337,71.346634,1446700,0.00,0.0,-,45.670788,64.529554,69.094967,70.127988,1394258.00
12/10/2020,71.811930,73.237480,70.871461,72.277214,1324000,0.00,0.0,-,45.502066,64.163070,68.847476,69.916137,1401950.00
12/09/2020,71.396135,72.782078,71.396135,72.366295,1072300,0.00,0.0,-,45.335052,63.764115,68.576720,69.587469,1410266.00
12/08/2020,70.653676,71.673337,70.475482,71.010063,1015100,0.00,0.0,-,45.156054,63.360012,68.253992,69.342948,1407216.00
12/07/2020,70.079477,70.901148,69.673589,70.792252,805000,0.00,0.0,-,44.988177,62.986001,67.945124,69.063777,1405806.00
12/04/2020,68.881622,70.950641,68.644025,70.020081,1330100,0.00,0.0,-,44.828636,62.593005,67.628830,68.605425,1403866.00
12/03/2020,67.911453,69.089512,67.317477,68.673729,1651600,0.00,0.0,-,44.675866,62.209716,67.319961,68.356946,1396944.00
12/02/2020,69.129123,69.158821,67.535282,67.881767,975800,0.00,0.0,-,44.526869,61.850782,67.027428,68.179745,1399046.00
12/01/2020,68.723224,69.772590,68.257940,69.257805,1213800,0.00,0.0,-,44.382227,61.483754,66.965556,68.062928,1403658.00
11/30/2020,69.030100,69.495376,67.228368,67.654045,1332000,0.00,0.0,-,44.233909,61.072194,66.791818,68.002541,1415206.00
11/27/2020,69.139018,69.406313,68.535148,69.228119,400900,0.00,0.0,-,44.095336,60.745720,66.499286,68.061945,1426608.00
11/25/2020,69.356813,69.614206,68.079760,68.990532,706100,0.00,0.0,-,43.950371,60.401216,66.139435,67.778815,1442056.00
11/24/2020,68.446046,70.208179,67.555078,69.921089,1393200,0.00,0.0,-,43.806447,60.060474,65.703356,67.565972,1449912.00
11/23/2020,66.941300,68.267847,66.644308,68.218353,920200,0.00,0.0,-,43.654961,59.690440,65.215304,67.165037,1442372.00
11/20/2020,67.475892,67.703579,65.961242,66.208733,1401800,0.00,0.0,-,43.507945,59.359801,64.830703,66.826470,1444752.00
11/19/2020,66.961106,68.317358,66.248331,67.535286,1254300,0.00,0.0,-,43.368660,59.055509,64.602516,66.652234,1432806.00
11/18/2020,67.258113,68.040185,66.594832,66.901726,1461600,0.00,0.0,-,43.223826,58.716773,64.251079,66.282977,1424386.00
11/17/2020,67.980744,68.178741,66.386903,66.713593,1839800,0.00,0.0,-,43.088324,58.411873,63.953594,65.875110,1414754.00
11/16/2020,69.297416,69.485511,68.010461,68.653938,976400,0.00,0.0,-,42.949079,58.093527,63.738278,65.868184,1400406.00
11/13/2020,66.941326,68.584661,66.426541,68.248077,1011800,0.00,0.0,-,42.800427,57.748638,63.369022,65.581096,1401730.00
11/12/2020,66.297825,66.901703,65.406857,66.396820,1591900,0.00,0.0,-,42.652227,57.402372,63.024513,64.936627,1407880.00
11/11/2020,66.268130,67.119499,64.100108,66.862106,1738200,0.00,0.0,-,42.517179,57.129527,62.776032,64.500055,1397902.00
11/10/2020,65.198961,67.723370,65.020767,65.911736,1768100,0.00,0.0,-,42.380938,56.832145,62.443405,63.840739,1387078.00
11/09/2020,68.178768,69.614211,64.743594,64.832687,1248400,0.00,0.0,-,42.249351,56.527661,62.136022,63.265571,1369866.00
11/06/2020,64.050580,65.327632,63.456604,64.466370,1204000,0.00,0.0,-,42.120151,56.247526,61.930604,62.834936,1356670.00
11/05/2020,64.416897,65.594955,63.803117,63.842716,1475600,0.00,0.0,-,41.996875,55.967004,61.639061,62.552799,1352288.00
11/04/2020,65.307869,65.634558,61.120325,62.823059,3029900,0.00,0.0,-,41.880366,55.707460,61.367316,62.219181,1338522.00
11/03/2020,66.278044,67.584795,65.307884,66.644333,2117700,0.00,0.0,-,41.768857,55.462573,61.114876,62.032077,1294648.00
11/02/2020,63.011158,66.268138,62.149887,65.783051,2849400,0.00,0.0,-,41.638882,55.136513,60.591185,61.608371,1272008.00
10/30/2020,61.278715,62.733958,60.328348,61.803394,1272300,0.00,0.0,-,41.513412,54.801569,60.118477,61.156948,1232616.00
10/29/2020,59.269099,63.605139,59.001808,62.031097,1832500,0.00,0.0,-,41.406212,54.549977,59.760606,61.112399,1226958.00
10/28/2020,58.714710,60.694636,58.338523,60.268951,2227300,0.00,0.0,-,41.294471,54.295412,59.310172,61.052010,1214080.00
10/27/2020,61.011418,61.357904,59.704667,60.160049,916900,0.00,0.0,-,41.193317,54.085783,58.913196,61.046070,1199370.00
10/26/2020,60.744130,60.892622,59.744265,60.526337,1416000,0.00,0.0,-,41.094876,53.887233,58.513252,61.006472,1223814.00
10/23/2020,60.981723,61.842994,60.496643,61.645000,1072200,0.00,0.0,-,40.994752,53.654852,58.102411,61.026272,1215538.00
10/22/2020,61.080719,61.654895,60.348144,60.506538,1146900,0.00,0.0,-,40.890267,53.396536,57.577283,60.725323,1218426.00
10/21/2020,61.635096,62.931949,60.833228,60.952023,1651800,0.00,0.0,-,40.787924,53.165144,57.094737,60.515452,1231968.00
10/20/2020,61.417309,63.496230,61.229214,62.407272,889400,0.00,0.0,-,40.683749,52.932359,56.583490,60.197674,1249514.00
10/19/2020,61.724196,63.248740,60.556039,61.268814,1364300,0.00,0.0,-,40.573234,52.637633,55.939643,59.573998,1259226.00
10/16/2020,61.476705,61.902389,61.100521,61.357910,1922300,0.00,0.0,-,40.468362,52.329281,55.310192,59.080007,1265062.00
10/15/2020,59.239387,61.773693,59.150290,61.427204,1197000,0.00,0.0,-,40.364179,52.000750,54.808815,58.408812,1282190.00
10/14/2020,60.070962,60.724338,59.071097,60.209557,1554300,0.00,0.0,-,40.257775,51.618416,54.337600,57.568333,1282876.00
10/13/2020,60.130358,60.358049,59.625474,59.764069,813800,0.00,0.0,-,40.158051,51.235708,53.924795,56.780322,1268310.00
10/12/2020,59.397784,61.060922,59.170093,60.724335,1679600,0.00,0.0,-,40.060260,50.855383,53.507561,56.020031,1268120.00
10/09/2020,58.605816,58.764210,57.596053,58.635513,1244300,0.00,0.0,-,39.959735,50.431522,53.055664,55.178549,1252214.00
10/08/2020,57.972239,58.655312,57.229767,58.407822,1217900,0.00,0.0,-,39.868620,50.052405,52.673594,54.429242,1240132.00
10/07/2020,56.754585,58.298925,56.724884,57.774246,959200,0.00,0.0,-,39.779826,49.698216,52.283127,53.674022,1233192.00
10/06/2020,56.507101,57.209974,55.675532,56.170513,1535600,0.00,0.0,-,39.694200,49.333358,51.977252,52.969305,1234128.00
10/05/2020,54.992447,57.081270,54.992447,56.328899,1727500,0.00,0.0,-,39.614277,49.022530,51.708541,52.305288,1218008.00
10/02/2020,52.200752,55.269640,52.121557,54.645962,1516100,0.00,0.0,-,39.533120,48.700622,51.462571,51.540377,1195602.00
10/01/2020,52.883821,53.428304,52.081953,53.022419,1831300,0.00,0.0,-,39.463085,48.421077,51.277011,51.208818,1181586.00
09/30/2020,52.171051,53.576797,51.864161,52.329445,1739800,0.05,0.0,-,39.398263,48.170046,51.263618,51.106867,1157186.00
09/29/2020,52.032585,52.734792,51.874341,52.161160,919800,0.00,0.0,-,39.338827,47.927336,51.246797,51.069268,1137290.00
09/28/2020,51.913902,52.517204,51.350154,52.309509,944600,0.00,0.0,-,39.282645,47.678102,51.173114,50.995090,1148436.00
09/25/2020,50.450127,51.399593,50.034738,51.142445,708000,0.00,0.0,-,39.218974,47.433813,51.098937,50.932780,1149734.00
09/24/2020,50.469906,51.439150,49.530336,50.855625,984000,0.00,0.0,-,39.159809,47.202777,51.063827,50.917946,1150952.00
09/23/2020,50.578718,52.082036,49.995194,50.727074,1756700,0.00,0.0,-,39.104934,46.977280,51.064322,50.892233,1157640.00
09/22/2020,48.630330,49.836941,48.590772,49.530346,1206400,0.00,0.0,-,39.050752,46.720925,51.056904,50.985199,1137138.00
09/21/2020,50.291894,50.291894,47.997357,48.679787,1791200,0.00,0.0,-,39.002159,46.468328,51.097454,51.111794,1130800.00
09/18/2020,51.854557,52.517202,51.093008,51.330376,1902100,0.00,0.0,-,38.956932,46.222655,51.115257,51.384765,1110366.00
09/17/2020,51.241358,52.774345,50.806184,52.002907,1173300,0.00,0.0,-,38.900422,45.911310,51.009926,51.345203,1097146.00
09/16/2020,51.775425,52.408403,51.409487,51.953449,1098900,0.00,0.0,-,38.844096,45.610053,50.874925,51.420369,1099596.00
09/15/2020,51.775426,51.884219,50.964426,51.419380,1016200,0.00,0.0,-,38.789396,45.332335,50.766627,51.424326,1116232.00
09/14/2020,51.508388,51.795202,50.568814,51.686409,1039200,0.00,0.0,-,38.739483,45.075386,50.707286,51.351139,1116408.00
09/11/2020,51.013887,51.775433,50.717177,50.994106,804500,0.00,0.0,-,38.686266,44.810526,50.568329,51.265094,1116266.00
09/10/2020,51.913896,51.933673,50.291893,50.598492,833300,0.00,0.0,-,38.638874,44.549028,50.455085,51.209709,1119176.00
09/09/2020,51.458936,52.358948,51.191899,51.656742,980000,0.00,0.0,-,38.592081,44.313047,50.372007,51.236412,1126046.00
09/08/2020,50.707283,51.488613,49.975403,50.796295,1122400,0.00,0.0,-,38.539308,44.052735,50.254808,51.128609,1123904.00
09/04/2020,51.636972,52.260058,50.786410,51.409496,1042600,0.00,0.0,-,38.493446,43.800151,50.098543,51.083115,1135576.00
09/03/2020,52.655661,52.774343,50.489695,50.934757,1319300,0.00,0.0,-,38.443239,43.541426,49.820627,50.845749,1137464.00
09/02/2020,52.101806,53.021599,51.538063,52.754562,1093000,0.00,0.0,-,38.395701,43.272639,49.520459,50.674649,1131428.00
09/01/2020,50.628164,52.289726,50.212776,51.993019,1197000,0.00,0.0,-,38.340836,42.998076,48.998254,50.329481,1137782.00
08/31/2020,50.519375,51.221582,49.925958,50.687508,907500,0.00,0.0,-,38.287711,42.733212,48.452312,50.108928,1143974.00
08/28/2020,50.598491,50.845747,50.202879,50.825966,588600,0.00,0.0,-,38.241950,42.484186,47.955327,50.063433,1165856.00
08/27/2020,50.816081,51.251250,50.380908,50.440250,984900,0.00,0.0,-,38.197862,42.225477,47.390595,49.871563,1169396.00
08/26/2020,50.578706,51.132561,50.034744,50.865524,787300,0.00,0.0,-,38.156637,41.985544,46.852565,49.700462,1181200.00
08/25/2020,50.677621,50.885315,49.925960,50.578716,836200,0.00,0.0,-,38.113729,41.733946,46.344207,49.507603,1196242.00
08/24/2020,49.421554,50.400686,49.362211,50.341347,985700,0.00,0.0,-,38.073290,41.474254,45.791837,49.381007,1209276.00
08/21/2020,49.134744,49.698488,48.917157,49.035843,879800,0.00,0.0,-,38.034973,41.199358,45.306226,49.113971,1216220.00
08/20/2020,48.729246,49.747941,48.383085,49.223759,989400,0.00,0.0,-,38.005252,40.945436,44.866110,48.795505,1226982.00
08/19/2020,49.718268,50.005086,49.144632,49.302876,1188600,0.00,0.0,-,37.974542,40.744649,44.438356,48.366268,1241490.00
08/18/2020,50.173210,50.380904,48.897367,49.787491,1491800,0.00,0.0,-,37.940186,40.579026,43.996757,47.667028,1236964.00
08/17/2020,49.233646,50.578720,49.154526,50.232563,2139100,0.00,0.0,-,37.898335,40.438874,43.517080,46.795697,1232852.00
08/14/2020,48.422641,49.075397,48.333629,48.907265,1002200,0.00,0.0,-,37.853914,40.271646,42.990424,45.847221,1229222.00
08/13/2020,48.501758,49.550121,48.383072,48.729233,1216600,0.00,0.0,-,37.815478,40.103860,42.549814,44.909626,1240934.00
08/12/2020,49.945741,50.371022,48.284179,48.936935,1824000,0.00,0.0,-,37.779066,39.927188,42.092885,44.004669,1254226.00
08/11/2020,48.373189,49.886395,48.323739,49.312763,2529100,0.00,0.0,-,37.738463,39.730755,41.625077,43.180812,1276260.00
08/10/2020,45.861066,47.740214,45.841285,47.670982,1375000,0.00,0.0,-,37.694800,39.493815,41.054905,42.202666,1273060.00
08/07/2020,45.148978,45.870966,44.397317,45.851185,1656100,0.00,0.0,-,37.659591,39.269955,40.516381,41.498481,1272440.00
08/06/2020,43.517080,47.107240,42.923666,44.931385,2778700,0.00,0.0,-,37.631561,39.076170,40.043627,40.936715,1262250.00
08/05/2020,41.370904,42.508280,41.301669,42.310474,1231300,0.00,0.0,-,37.606554,38.914016,39.585214,40.510445,1240360.00
08/04/2020,40.658796,41.281882,40.648904,41.074184,826000,0.00,0.0,-,37.593075,38.784526,39.316693,40.326485,1238586.00
08/03/2020,39.847794,41.024732,39.699439,40.747807,804300,0.00,0.0,-,37.581247,38.639658,39.166362,40.238463,1242748.00
07/31/2020,39.531311,39.877468,38.769762,39.531311,884300,0.00,0.0,-,37.570263,38.493416,39.057569,40.133627,1254662.00
07/30/2020,40.144504,40.154392,39.481855,39.679661,640200,0.00,0.0,-,37.566051,38.365380,39.003173,40.190002,1263456.00
07/29/2020,39.719228,40.797265,39.669778,40.698364,870900,0.00,0.0,-,37.558881,38.223708,38.915150,40.181101,1274566.00
07/28/2020,40.589567,40.658798,39.511530,39.531311,1006000,0.00,0.0,-,37.546569,38.069367,38.820203,40.069342,1283972.00
07/27/2020,40.114834,40.698359,39.630211,40.629128,729600,0.00,0.0,-,37.535265,37.897869,38.775697,39.907143,1287698.00
07/24/2020,40.886277,40.886277,40.095058,40.233521,607200,0.00,0.0,-,37.515714,37.695920,38.652593,39.534280,1305956.00
07/23/2020,40.342314,41.153313,40.312640,40.668690,815300,0.00,0.0,-,37.497108,37.490425,38.564581,39.150539,1339944.00
07/22/2020,39.907135,40.648903,39.907135,40.470879,611300,0.00,0.0,-,37.477605,37.307440,38.405916,38.659982,1350872.00
07/21/2020,40.075276,40.599458,40.035715,40.193958,745000,0.00,0.0,-,37.457960,37.149352,38.333692,38.306902,1369314.00
07/20/2020,39.758787,40.312638,39.679663,39.699444,1477100,0.00,0.0,-,37.437187,37.024262,38.261487,38.094261,1380544.00
07/17/2020,39.758794,40.569794,39.758794,40.095062,1009500,0.00,0.0,-,37.417951,36.886343,38.188325,37.981512,1391512.00
07/16/2020,39.630218,40.124731,39.066474,39.590656,768900,0.00,0.0,-,37.397475,36.754342,38.078096,37.816344,1392314.00
07/15/2020,38.482951,39.847806,38.304926,39.580769,1318400,0.00,0.0,-,37.385678,36.653368,38.020745,37.649198,1398870.00
07/14/2020,36.762048,37.948879,36.633478,37.909321,731600,0.00,0.0,-,37.373585,36.547851,37.955986,37.571065,1391890.00
07/13/2020,36.722480,37.731286,36.435662,36.900505,889500,0.00,0.0,-,37.369112,36.480504,37.940228,37.644251,1396336.00
07/10/2020,35.585107,36.514789,35.585107,36.396107,769500,0.00,0.0,-,37.370322,36.460793,37.925029,37.770906,1420178.00
07/09/2020,36.801597,37.088415,35.496086,35.763123,1241100,0.00,0.0,-,37.372972,36.454529,37.922210,37.978623,1441580.00
07/08/2020,37.948877,38.176352,36.218084,36.940071,1295800,0.00,0.0,-,37.381689,36.472580,38.093276,38.151849,1453026.00
07/07/2020,38.265356,38.680749,37.869749,38.067554,1930700,0.00,0.0,-,37.381915,36.424421,38.297357,38.360483,1462712.00
07/06/2020,38.730197,39.036796,38.344478,38.571953,1025000,0.00,0.0,-,37.377929,36.334352,38.532975,38.428712,1449484.00
07/02/2020,38.769762,39.284055,38.364262,38.443382,1032100,0.00,0.0,-,37.373980,36.222144,38.697935,38.395137,1457008.00
07/01/2020,38.947783,39.135697,37.869747,37.919197,950000,0.00,0.0,-,37.369788,36.106976,38.801663,38.339848,1451332.00
06/30/2020,38.562075,38.908232,38.324707,38.799438,1176800,0.05,0.0,-,37.371661,35.989451,38.900485,38.392292,1463994.00
06/29/2020,38.572035,38.878242,38.334975,38.641178,872900,0.00,0.0,-,37.365147,35.878027,38.916279,38.340907,1477092.00
06/26/2020,38.236200,38.354734,37.564523,38.167057,1706000,0.00,0.0,-,37.359032,35.794858,38.857508,38.236205,1503402.00
06/25/2020,37.199062,38.502906,36.971878,38.473274,1137000,0.00,0.0,-,37.355680,35.676525,38.773055,38.079153,1503828.00
06/24/2020,38.502900,38.690573,37.495384,37.495384,1017500,0.00,0.0,-,37.351585,35.550091,38.657486,37.865796,1509240.00
06/23/2020,39.510413,40.330256,38.977022,39.026409,1410700,0.00,0.0,-,37.338604,35.465934,38.623903,38.034703,1518600.00
06/22/2020,37.841109,38.848626,37.386737,38.749847,1506600,0.00,0.0,-,37.311819,35.323894,38.464380,38.234231,1516228.00
06/19/2020,38.631312,38.799229,37.781837,38.236206,2001600,0.00,0.0,-,37.287056,35.211684,38.218428,38.637238,1527854.00
06/18/2020,38.028774,38.512778,37.821345,37.890488,765600,0.00,0.0,-,37.261270,35.114686,37.978402,39.000733,1509828.00
06/17/2020,38.591800,39.194334,38.265841,38.443634,1575100,0.00,0.0,-,37.233621,35.000501,37.740352,39.263478,1521992.00
06/16/2020,39.470900,40.004292,38.028771,38.285587,1539400,0.00,0.0,-,37.208176,34.886119,37.447975,39.408679,1514040.00
06/15/2020,35.292678,37.880610,34.927208,37.594162,1487900,0.00,0.0,-,37.181700,34.724126,37.182762,39.491652,1511814.00
06/12/2020,37.841115,37.959646,35.539631,36.596535,1332900,0.00,0.0,-,37.155927,34.580111,36.850874,39.478811,1519930.00
06/11/2020,37.811471,38.157190,36.280443,36.339710,1417900,0.00,0.0,-,37.133616,34.455456,36.547631,39.466956,1526804.00
06/10/2020,40.982175,40.982175,39.135061,39.184448,1714800,0.00,0.0,-,37.115296,34.354478,36.228584,39.449176,1535788.00
06/09/2020,41.881049,41.930436,40.962431,41.021694,962300,0.00,0.0,-,37.083735,34.172543,35.845334,39.213102,1525834.00
06/08/2020,42.246519,42.977460,42.167497,42.779911,1286200,0.00,0.0,-,37.043333,33.940648,35.422572,38.694529,1544722.00
06/05/2020,41.476061,42.463821,41.476061,41.871162,1957600,0.00,0.0,-,36.993894,33.706132,34.980549,37.799618,1558562.00
06/04/2020,39.599323,40.517941,39.253608,40.517941,1587800,0.00,0.0,-,36.948211,33.468490,34.527167,36.956071,1573362.00
06/03/2020,39.510415,40.340134,39.431393,39.895641,1881200,0.00,0.0,-,36.910672,33.202490,34.176019,36.217226,1577678.00
06/02/2020,37.890497,39.233852,37.831230,39.115318,2925700,0.00,0.0,-,36.874375,32.873989,33.908336,35.487271,1598316.00
06/01/2020,36.527375,37.653421,36.319946,37.465748,2369100,0.00,0.0,-,36.838487,32.587325,33.667815,34.873871,1593962.00
05/29/2020,35.717413,36.675542,35.440842,36.477989,1344000,0.00,0.0,-,36.810601,32.370141,33.521627,34.222938,1585636.00
05/28/2020,37.485506,37.525018,36.092764,36.161907,1146600,0.00,0.0,-,36.793753,32.176262,33.493476,33.628306,1614250.00
05/27/2020,36.715057,37.228693,36.063135,36.823711,1684200,0.00,0.0,-,36.776568,32.041958,33.489526,33.007993,1647536.00
05/26/2020,34.956850,36.033509,34.818564,35.835957,1142600,0.00,0.0,-,36.761239,31.880414,33.481623,32.477566,1661524.00
05/22/2020,33.406069,33.860438,33.406069,33.830807,1034100,0.00,0.0,-,36.747651,31.803711,33.416431,32.150616,1695758.00
05/21/2020,33.089977,33.643124,32.912180,33.435692,1400000,0.00,0.0,-,36.740202,31.711098,33.403096,32.161480,1742064.00
05/20/2020,33.208505,33.554223,32.902302,33.129486,1324000,0.00,0.0,-,36.735713,31.684175,33.379389,32.098264,1764190.00
05/19/2020,32.764014,33.396183,32.230626,32.596096,1195700,0.00,0.0,-,36.730738,31.694934,33.357164,32.134812,1791540.00
05/18/2020,32.339277,33.257891,32.013315,32.981319,1341200,0.00,0.0,-,36.732612,31.698216,33.329507,32.329400,1826330.00
05/15/2020,30.195837,31.173720,29.948897,30.956413,1192300,0.00,0.0,-,36.742398,31.792803,33.341854,32.461760,1875452.00
05/14/2020,29.336484,30.581061,28.358600,30.531673,1642500,0.00,0.0,-,36.771705,31.945244,33.518169,32.820317,1895230.00
05/13/2020,31.173717,31.440413,29.553791,29.958773,2306600,0.00,0.0,-,36.806088,32.128271,33.604104,33.358646,1909360.00
05/12/2020,32.684997,33.099855,31.440419,31.519440,1361700,0.00,0.0,-,36.842794,32.289621,33.713746,33.971058,1908008.00
05/11/2020,33.573976,33.712262,32.556580,32.566460,1533400,0.00,0.0,-,36.871155,32.425082,33.802150,34.485681,1943242.00
05/08/2020,33.248013,34.077731,33.218381,33.939445,1306500,0.00,0.0,-,36.893495,32.525797,33.770048,34.682246,1985796.00
05/07/2020,33.969090,35.342076,32.625734,32.803532,2025500,0.00,0.0,-,36.912265,32.624495,33.730043,34.644712,2040544.00
05/06/2020,34.650647,34.927218,33.455453,33.494965,1049600,0.00,0.0,-,36.933763,32.699759,33.759182,34.660514,2038344.00
05/05/2020,34.798797,35.342064,34.472838,34.541981,1096700,0.00,0.0,-,36.950132,32.778551,33.693496,34.579517,2052446.00
05/04/2020,34.077732,34.324672,33.435686,34.304916,969400,0.00,0.0,-,36.963578,32.865395,33.602622,34.329614,2076520.00
05/01/2020,35.292677,35.628516,34.117243,34.541981,953900,0.00,0.0,-,36.978700,32.968618,33.396674,34.221947,2078638.00
04/30/2020,35.668026,36.082884,35.164267,35.914967,2081600,0.00,0.0,-,36.992490,33.055265,33.189244,34.216022,2083938.00
04/29/2020,37.534907,37.683072,35.993999,36.082897,1839600,0.00,0.0,-,37.000252,33.116031,32.911686,33.849562,2062030.00
04/28/2020,35.500107,36.744687,35.430964,36.665665,1813400,0.00,0.0,-,37.006436,33.186258,32.672081,33.456433,2049868.00
04/27/2020,33.643130,34.709909,33.435697,34.532112,1780100,0.00,0.0,-,37.010936,33.251733,32.343182,33.118619,2035380.00
04/24/2020,33.267775,33.702388,32.931936,33.564102,1269300,0.00,0.0,-,37.022414,33.365795,32.087924,32.857850,2022228.00
04/23/2020,33.119593,33.811026,32.833146,32.961552,1401200,0.00,0.0,-,37.039420,33.498627,31.962425,32.815375,2027832.00
04/22/2020,32.882554,33.001084,32.200997,32.685001,748300,0.00,0.0,-,37.062392,33.631872,31.813800,32.857850,2017142.00
04/21/2020,33.040586,33.593729,32.013314,32.042946,1583100,0.00,0.0,-,37.087533,33.754476,31.540448,32.807474,2021252.00
04/20/2020,33.583847,34.265400,32.991192,33.228252,1831700,0.00,0.0,-,37.117114,33.880651,31.111829,32.875630,2010866.00
04/17/2020,32.991206,34.541990,32.931939,34.482723,2188400,0.00,0.0,-,37.142294,33.987459,30.689524,32.571400,2000936.00
04/16/2020,32.131840,32.398536,31.262612,32.250374,1727300,0.00,0.0,-,37.161004,34.093831,30.295715,32.162467,1978374.00
04/15/2020,32.161483,32.635608,31.726866,32.151604,1407600,0.00,0.0,-,37.192008,34.226113,30.022399,31.973810,1959612.00
04/14/2020,32.773889,33.722138,32.289885,33.287525,1485500,0.00,0.0,-,37.219128,34.361554,29.887152,31.887729,1960054.00
04/13/2020,33.020830,33.040586,31.687355,31.924416,1292100,0.00,0.0,-,37.239387,34.467965,29.660101,31.567745,1953478.00
04/09/2020,33.761649,34.541980,32.339275,33.139359,2087900,0.00,0.0,-,37.265184,34.617219,29.663921,31.317999,1947464.00
04/08/2020,32.645475,33.751766,32.260249,33.386295,1100300,0.00,0.0,-,37.286233,34.746711,29.466961,31.109474,1927018.00
04/07/2020,33.593738,33.899945,32.092345,32.181244,1373800,0.00,0.0,-,37.307030,34.870870,29.402125,30.769751,1926178.00
04/06/2020,31.292253,32.902304,31.292253,32.724506,1177500,0.00,0.0,-,37.336113,35.007099,29.476434,30.273423,1914694.00
04/03/2020,30.482288,30.620574,29.494528,30.185959,1428100,0.05,0.0,-,37.365428,35.148833,29.478217,29.348029,1902816.00
04/02/2020,30.334218,31.764146,29.890446,30.393387,1893700,0.00,0.0,-,37.404881,35.355933,29.854453,28.807648,1888586.00
04/01/2020,29.860867,30.541315,29.111386,30.363808,1676600,0.00,0.0,-,37.441724,35.558490,30.263709,28.428963,1865856.00
03/31/2020,30.008790,31.813457,29.614327,31.290794,1867100,0.00,0.0,-,37.474292,35.764202,30.729668,28.070987,1862794.00
03/30/2020,29.446678,30.462420,28.332319,30.087681,1217100,0.00,0.0,-,37.503503,35.952164,31.066442,27.886575,1843084.00
03/27/2020,29.752384,30.087678,28.756365,29.426952,1906700,0.00,0.0,-,37.539564,36.157679,31.476683,27.752458,1832984.00
03/26/2020,30.422973,31.882488,29.989063,31.054113,1978200,0.00,0.0,-,37.575637,36.362800,31.885446,28.009844,1829894.00
03/25/2020,27.227823,30.935778,26.951699,29.989065,2697600,0.00,0.0,-,37.603377,36.542478,32.276457,27.824447,1811746.00
03/24/2020,24.456720,27.415195,24.427137,27.217964,1803600,0.00,0.0,-,37.636197,36.752135,32.605341,28.034498,1772988.00
03/23/2020,24.732847,25.561220,23.440980,23.470564,2913100,0.00,0.0,-,37.683413,37.017806,33.116170,28.679445,1755170.00
03/20/2020,27.040451,27.188374,24.693396,24.782148,2708000,0.00,0.0,-,37.747351,37.363355,33.886852,29.608406,1722062.00
03/19/2020,26.665708,28.736638,26.044427,26.606537,1952800,0.00,0.0,-,37.806992,37.668473,34.621047,30.901259,1687302.00
03/18/2020,27.592699,28.213980,25.935954,26.784050,2774700,0.00,0.0,-,37.856430,37.938680,35.234438,32.098454,1682712.00
03/17/2020,29.239582,30.758266,28.598580,29.446676,2810900,0.00,0.0,-,37.896478,38.209084,35.842898,33.388350,1659838.00
03/16/2020,28.716922,30.472282,28.164672,28.746506,2383600,0.00,0.0,-,37.920068,38.426039,36.350276,34.246309,1633756.00
03/13/2020,30.649783,32.000820,29.456533,32.000820,2854300,0.00,0.0,-,37.950156,38.661534,36.909921,35.200909,1606698.00
03/12/2020,30.018653,30.728686,28.549278,29.200142,3349400,0.00,0.0,-,37.963285,38.824447,37.321642,35.761047,1570298.00
03/11/2020,32.602379,32.799608,31.349958,32.089577,2506300,0.00,0.0,-,37.989779,39.045741,37.871919,36.728468,1514444.00
03/10/2020,33.647707,33.815356,31.774009,33.667431,2691500,0.00,0.0,-,38.002021,39.208064,38.248632,37.176183,1484222.00
03/09/2020,34.801517,34.919855,32.700999,32.760170,2935200,0.00,0.0,-,38.004950,39.347104,38.506019,37.552896,1455448.00
03/06/2020,37.296494,38.045976,37.010507,37.710682,3797300,0.00,0.0,-,38.012365,39.500152,38.785595,38.165299,1409402.00
03/05/2020,38.834894,39.219495,38.371399,38.578491,2181200,0.00,0.0,-,37.997387,39.558918,38.828493,38.340836,1353726.00
03/04/2020,38.598226,39.732310,38.440441,39.683002,2349000,0.00,0.0,-,37.975171,39.600327,38.889635,38.370421,1389604.00
03/03/2020,38.371418,39.318129,37.493738,38.026264,2239000,0.00,0.0,-,37.949201,39.610388,38.848709,38.297446,1373188.00
03/02/2020,37.207735,38.499603,36.586455,38.292511,3123400,0.00,0.0,-,37.935004,39.651810,38.893578,38.454243,1342186.00
02/28/2020,38.055835,38.874344,36.882309,37.602203,3661100,0.00,0.0,-,37.918836,39.698742,38.909356,38.618933,1305620.00
02/27/2020,37.799435,39.535072,37.128848,38.874344,4043900,0.00,0.0,-,37.906366,39.747858,38.998603,38.882237,1257534.00
02/26/2020,37.651506,37.967077,36.369502,36.566734,1915500,0.00,0.0,-,37.885963,39.779213,39.035584,39.015370,1208942.00
02/25/2020,39.032134,39.032134,37.414831,37.434555,1754700,0.00,0.0,-,37.887172,39.866374,39.186959,39.321080,1210846.00
02/24/2020,38.489740,39.209635,37.710678,38.884205,2300400,0.00,0.0,-,37.884337,39.909190,39.264865,39.459143,1191080.00
02/21/2020,38.588369,39.535080,38.519338,39.466049,1075300,0.00,0.0,-,37.875679,39.917694,39.311215,39.405891,1183902.00
02/20/2020,38.894067,39.180054,38.667252,38.874344,1218900,0.00,0.0,-,37.864947,39.925987,39.364960,39.316150,1186842.00
02/19/2020,39.712589,39.722449,38.854633,38.953247,986200,0.00,0.0,-,37.860860,39.946311,39.447305,39.408849,1192004.00
02/18/2020,39.702716,40.087321,39.278672,39.594242,1231500,0.00,0.0,-,37.856673,39.963482,39.532114,39.399971,1195160.00
02/14/2020,40.314145,40.333868,39.633693,39.939404,1089000,0.00,0.0,-,37.854047,39.964286,39.586846,39.332912,1198132.00
02/13/2020,39.929542,40.324003,39.830924,40.235249,1122500,0.00,0.0,-,37.852940,39.966067,39.608047,39.199780,1193914.00
02/12/2020,39.830932,40.560691,39.564669,40.205673,1549500,0.00,0.0,-,37.851287,39.976114,39.580435,39.114969,1203296.00
02/11/2020,39.101170,39.880232,38.963105,39.623833,866700,0.00,0.0,-,37.849437,39.992268,39.572052,39.055798,1179838.00
02/10/2020,38.213625,38.894072,38.154454,38.815182,953800,0.00,0.0,-,37.850645,40.028530,39.614456,39.052839,1176078.00
02/07/2020,38.302381,38.686982,37.819162,38.351688,1063800,0.00,0.0,-,37.853930,40.073085,39.698772,39.070588,1177436.00
02/06/2020,39.919669,39.919669,38.539051,38.568634,1335200,0.00,0.0,-,37.861105,40.136366,39.818591,39.216539,1176798.00
02/05/2020,39.456177,40.018290,39.239225,39.801334,1060300,0.00,0.0,-,37.867342,40.189792,39.892059,39.413771,1164736.00
02/04/2020,39.544923,39.742155,38.854615,38.864475,789200,0.00,0.0,-,37.864026,40.215806,39.907838,39.485762,1166028.00
02/03/2020,38.844758,39.337837,38.637666,38.923653,1429700,0.00,0.0,-,37.866327,40.270998,39.979828,39.664257,1199118.00
01/31/2020,39.061710,39.397003,38.450293,38.608078,1156700,0.00,0.0,-,37.868726,40.319884,40.048366,39.840779,1186088.00
01/30/2020,39.199774,39.485760,38.844756,39.387142,991400,0.00,0.0,-,37.872997,40.376264,40.144024,40.016315,1178428.00
01/29/2020,39.613956,39.880220,39.515342,39.613956,1065600,0.00,0.0,-,37.873815,40.424155,40.181991,40.045901,1181110.00
01/28/2020,39.130747,39.673133,38.706698,39.594242,1058300,0.00,0.0,-,37.874237,40.459235,40.214535,40.088306,1176816.00
01/27/2020,39.032123,39.406860,38.805303,38.992676,799600,0.00,0.0,-,37.871317,40.498059,40.245109,40.176074,1174876.00
01/24/2020,40.550822,40.639576,39.633694,39.811203,583600,0.00,0.0,-,37.869586,40.558369,40.326447,40.326957,1177598.00
01/23/2020,40.314139,40.679016,39.801336,40.540955,716600,0.00,0.0,-,37.862141,40.606052,40.356515,40.420642,1178164.00
01/22/2020,40.895981,40.984736,40.422626,40.521240,757200,0.00,0.0,-,37.855863,40.640913,40.361915,40.370347,1179220.00
01/21/2020,40.491637,40.836790,40.107032,40.649422,1523500,0.00,0.0,-,37.847424,40.680304,40.368301,40.329914,1196234.00
01/17/2020,40.521232,40.826942,40.442338,40.688877,881600,0.00,0.0,-,37.836377,40.720875,40.345132,40.295399,1200062.00
01/16/2020,39.978837,40.383161,39.978837,40.363438,712100,0.00,0.0,-,37.823168,40.768931,40.315557,40.255953,1212018.00
01/15/2020,39.643555,40.057740,39.387152,39.683002,1752200,0.00,0.0,-,37.811389,40.823298,40.329341,40.271733,1248500.00
01/14/2020,40.432470,40.501501,39.929532,40.038006,1070800,0.00,0.0,-,37.802669,40.878272,40.348091,40.318082,1275522.00
01/13/2020,40.531087,40.708596,39.939394,40.471920,759700,0.00,0.0,-,37.787756,40.905857,40.368297,40.340763,1300308.00
01/10/2020,40.629708,40.945279,40.294415,40.501507,912700,0.00,0.0,-,37.768955,40.923384,40.390938,40.314145,1320012.00
01/09/2020,40.156357,40.757914,39.791476,40.748051,1257700,0.00,0.0,-,37.748680,40.937758,40.344631,40.325936,1349124.00
01/08/2020,40.107037,40.225378,39.791466,40.038006,970000,0.00,0.0,-,37.727271,40.951733,40.272700,40.292389,1362926.00
01/07/2020,40.501510,40.649435,39.742168,40.116909,1723300,0.00,0.0,-,37.708332,40.967301,40.264834,40.353484,1366486.00
01/06/2020,40.008425,40.333859,39.821056,40.304272,1631000,0.00,0.0,-,37.687869,40.976563,40.253517,40.406689,1347652.00
01/03/2020,40.018295,40.383173,39.959124,40.294418,1506800,0.00,0.0,-,37.670790,40.983062,40.228890,40.394865,1335474.00
01/02/2020,40.501517,40.619855,39.959130,40.521240,1030700,0.00,0.0,-,37.652091,40.982077,40.195893,40.375162,1325766.00
12/31/2019,40.245106,40.393028,40.077457,40.146488,1034300,0.05,0.0,-,37.633092,40.970251,40.171253,40.386950,1325104.00
12/30/2019,40.117080,40.481511,40.107232,40.264824,556700,0.00,0.0,-,37.616016,40.959617,40.200809,40.378100,1348120.00
12/27/2019,40.648963,40.658811,40.087541,40.205734,995200,0.00,0.0,-,37.598054,40.928492,40.238237,40.395830,1359662.00
12/26/2019,40.580020,40.658814,40.304231,40.619419,1252800,0.00,0.0,-,37.578227,40.895398,40.299797,40.467731,1369810.00
12/24/2019,40.964149,41.062643,40.402727,40.412575,632900,0.00,0.0,-,37.554908,40.856787,40.320973,40.363326,1362764.00
12/23/2019,40.757305,40.875499,40.205731,40.648960,1013500,0.00,0.0,-,37.530660,40.813449,40.376130,40.253011,1362496.00
12/20/2019,40.284529,40.806552,39.910246,40.648960,3975100,0.00,0.0,-,37.503610,40.765187,40.405679,40.176185,1378210.00
12/19/2019,40.038295,40.245134,39.821604,40.186035,1528200,0.00,0.0,-,37.473123,40.697619,40.428333,40.100344,1312156.00
12/18/2019,40.668659,40.737606,40.077686,40.097385,688900,0.00,0.0,-,37.443969,40.628278,40.500234,40.062915,1299676.00
12/17/2019,40.018597,40.668665,39.939799,40.639114,1295100,0.00,0.0,-,37.417762,40.556574,40.563764,40.016623,1337594.00
12/16/2019,40.737610,40.914902,40.038295,40.057991,1256800,0.00,0.0,-,37.389926,40.479157,40.603162,39.955556,1340610.00
12/13/2019,41.003546,41.072492,40.274680,40.442123,1614300,0.00,0.0,-,37.365978,40.408831,40.689345,40.023518,1328756.00
12/12/2019,40.117087,40.973994,39.851150,40.924747,2010700,0.00,0.0,-,37.340207,40.320777,40.735638,40.080645,1316752.00
12/11/2019,39.437474,39.713260,39.309430,39.575367,766400,0.00,0.0,-,37.310550,40.219327,40.766172,40.131862,1302466.00
12/10/2019,39.979193,39.979193,38.797250,39.309425,1941500,0.00,0.0,-,37.289261,40.147819,40.887814,40.278621,1312232.00
12/09/2019,39.851148,40.146633,39.762502,39.880699,1222300,0.00,0.0,-,37.268957,40.106254,41.032110,40.499250,1298144.00
12/06/2019,40.176189,40.333782,39.703413,39.890553,1477000,0.00,0.0,-,37.248988,40.051885,41.152274,40.635173,1319024.00
12/05/2019,39.949645,40.264829,39.742802,39.811749,1144000,0.00,0.0,-,37.228626,39.994367,41.282287,40.756322,1321430.00
12/04/2019,40.235282,40.580017,39.437473,39.634464,1380100,0.00,0.0,-,37.207186,39.940983,41.425598,40.937553,1322390.00
12/03/2019,40.146636,40.383026,39.555666,40.028442,878100,0.00,0.0,-,37.188743,39.886815,41.598458,41.110905,1313590.00
12/02/2019,41.023247,41.249785,40.658812,40.737610,1591600,0.00,0.0,-,37.163813,39.836378,41.751125,41.250769,1315064.00
11/29/2019,41.417224,41.417224,40.826254,41.013393,376600,0.00,0.0,-,37.135681,39.761329,41.835831,41.355173,1310726.00
11/27/2019,41.121736,41.525566,41.042938,41.436920,678700,0.00,0.0,-,37.104550,39.686470,41.856022,41.390632,1316690.00
11/26/2019,41.564977,41.614224,40.905057,41.042950,1021700,0.00,0.0,-,37.072137,39.613374,41.851590,41.400482,1323116.00
11/25/2019,41.289174,41.781650,41.023241,41.515717,1031900,0.00,0.0,-,37.040809,39.544615,41.860454,41.497007,1317644.00
11/22/2019,41.318735,41.427080,41.072497,41.239937,732100,0.00,0.0,-,37.003141,39.480175,41.857007,41.564970,1321780.00
11/21/2019,41.771811,41.811210,40.944451,41.102043,1124900,0.00,0.0,-,36.965379,39.405311,41.835830,41.669374,1337588.00
11/20/2019,41.042932,41.791498,41.042932,41.624054,2443700,0.00,0.0,-,36.928257,39.331631,41.809729,41.808252,1345290.00
11/19/2019,41.545276,41.633922,41.092199,41.367985,778200,0.00,0.0,-,36.890784,39.249085,41.759989,41.913644,1350354.00
11/18/2019,41.584670,41.614218,40.757311,41.427078,773700,0.00,0.0,-,36.853904,39.174809,41.703847,42.086010,1381406.00
11/15/2019,41.702856,42.067287,41.614211,41.781651,1125500,0.00,0.0,-,36.817464,39.044253,41.628990,42.251481,1392806.00
11/14/2019,41.436931,41.624071,41.190693,41.367985,850900,0.00,0.0,-,36.777878,38.882007,41.520646,42.316489,1384224.00
11/13/2019,41.702867,41.752114,41.358135,41.535423,961300,0.00,0.0,-,36.744532,38.730592,41.387677,42.321413,1386438.00
11/12/2019,42.126395,42.264287,41.811210,42.008202,935700,0.00,0.0,-,36.709564,38.561464,41.238456,42.302698,1388330.00
11/11/2019,41.929402,42.402178,41.860455,42.195339,611900,0.00,0.0,-,36.670857,38.368515,41.072491,42.223901,1386908.00
11/08/2019,42.362779,42.431729,42.027896,42.283985,769400,0.00,0.0,-,36.631804,38.191699,40.875008,42.149044,1398456.00
11/07/2019,43.081795,43.367428,42.303682,42.490822,1607900,0.00,0.0,-,36.590982,38.005828,40.672600,42.002286,1405148.00
11/06/2019,43.111345,43.209838,42.490824,42.677967,1714900,0.00,0.0,-,36.543676,37.804801,40.411588,41.811205,1390726.00
11/05/2019,43.337886,43.426532,42.825711,43.091648,1479400,0.00,0.0,-,36.493422,37.593931,40.113640,41.606335,1378394.00
11/04/2019,42.796154,43.259079,42.658261,43.081791,2536200,0.00,0.0,-,36.441983,37.385611,39.784666,41.321683,1379498.00
11/01/2019,41.367979,42.520370,41.151288,42.431728,3103300,0.00,0.0,-,36.391035,37.181423,39.468989,41.006499,1372112.00
10/31/2019,41.781652,42.293828,40.816400,41.417221,2310100,0.00,0.0,-,36.338625,36.991613,39.174488,40.724803,1331082.00
10/30/2019,41.308879,41.653614,40.895201,41.348278,1744900,0.00,0.0,-,36.288244,36.821110,38.905597,40.453941,1307636.00
10/29/2019,41.151284,41.978643,41.072490,41.220230,2368300,0.00,0.0,-,36.238158,36.648837,38.630795,40.174215,1287850.00
10/28/2019,41.072491,41.564967,41.072491,41.446774,1947800,0.00,0.0,-,36.189596,36.484635,38.369783,39.921082,1262044.00
10/25/2019,40.580016,40.914900,40.333778,40.816402,1148000,0.00,0.0,-,36.140932,36.308425,38.159003,39.600972,1248724.00
10/24/2019,40.481512,40.698203,40.048135,40.580009,781600,0.00,0.0,-,36.096009,36.130850,37.976295,39.342914,1253208.00
10/23/2019,40.284533,40.845955,39.989045,40.629265,1022100,0.00,0.0,-,36.049274,35.957020,37.798027,39.011972,1258060.00
10/22/2019,39.821603,40.461823,39.358674,40.245132,1021400,0.00,0.0,-,36.002095,35.806605,37.623691,38.620945,1270978.00
10/21/2019,39.870856,40.383032,39.693564,39.929955,997600,0.00,0.0,-,35.954482,35.656198,37.457739,38.247649,1285734.00
10/18/2019,38.856352,39.723110,38.619962,39.614765,2185100,0.00,0.0,-,35.907854,35.532757,37.336572,37.931479,1307156.00
10/17/2019,38.777542,38.925286,38.531304,38.708595,1133800,0.00,0.0,-,35.854850,35.402829,37.205090,37.624173,1296284.00
10/16/2019,38.393426,38.905601,38.363878,38.551018,1502600,0.00,0.0,-,35.808193,35.275479,37.133183,37.357253,1299982.00
10/15/2019,38.363872,38.738154,38.206280,38.688904,900500,0.00,0.0,-,35.763208,35.155216,37.094737,37.087376,1304930.00
10/14/2019,38.127477,38.354016,37.782746,38.245674,619500,0.00,0.0,-,35.716944,35.024127,37.040542,36.818483,1331034.00
10/11/2019,37.891093,38.954839,37.891093,38.235825,1799200,0.00,0.0,-,35.673631,34.918629,37.042945,36.717034,1396968.00
10/10/2019,36.847054,37.812307,36.561417,37.270584,672400,0.00,0.0,-,35.628456,34.852685,37.005991,36.609675,1437056.00
10/09/2019,36.866746,37.083437,36.502315,36.719002,904200,0.00,0.0,-,35.579037,34.843630,37.013364,36.584082,1461132.00
10/08/2019,36.344729,37.093291,36.009845,36.512169,2584800,0.00,0.0,-,35.533945,34.857414,37.052252,36.626437,1475156.00
10/07/2019,36.384115,37.053883,36.226523,36.768250,1445900,0.00,0.0,-,35.491798,34.873170,37.109353,36.667830,1437772.00
10/04/2019,36.029542,36.600812,35.990143,36.541714,664100,0.00,0.0,-,35.447931,34.881640,37.015902,36.741665,1427122.00
10/03/2019,35.596158,36.059086,35.024888,36.039387,1014100,0.00,0.0,-,35.408333,34.891492,36.872284,36.786006,1428976.00
10/02/2019,35.635559,36.049237,35.320374,35.852249,1296400,0.00,0.0,-,35.372179,34.924575,36.760178,36.909114,1424298.00
10/01/2019,37.457709,37.605453,35.950734,35.999981,1254700,0.00,0.0,-,35.341324,34.949594,36.621517,37.102098,1423416.00
09/30/2019,37.063738,37.428169,36.738702,37.231178,1237100,0.04,0.0,-,35.311397,34.964968,36.439556,37.262600,1411580.00
09/27/2019,37.388538,37.742745,36.876905,37.162239,2266300,0.00,0.0,-,35.278943,34.964967,36.245722,37.368855,1397014.00
09/26/2019,37.103200,37.113042,36.621087,37.014648,1597300,0.00,0.0,-,35.243646,34.968312,36.037133,37.402307,1368966.00
09/25/2019,36.827709,37.388536,36.660442,37.142559,1192000,0.00,0.0,-,35.209136,34.974018,35.808374,37.442647,1360344.00
09/24/2019,37.427890,37.604993,36.680117,36.926094,940100,0.00,0.0,-,35.177026,34.980512,35.557970,37.478066,1356906.00
09/23/2019,36.896573,37.703378,36.748986,37.506596,951800,0.00,0.0,-,35.152471,34.988384,35.345446,37.550875,1347448.00
09/20/2019,37.329497,37.477085,36.660439,36.985130,1374700,0.00,0.0,-,35.129229,34.989564,35.113736,37.290140,1345290.00
09/19/2019,37.782099,37.860810,37.162235,37.270466,674800,0.00,0.0,-,35.119969,34.986416,34.911542,36.958562,1338800.00
09/18/2019,37.467239,37.821443,37.044158,37.782089,1000000,0.00,0.0,-,35.105703,34.980316,34.692621,36.611243,1341288.00
09/17/2019,37.811623,37.978886,37.398380,37.605003,748100,0.00,0.0,-,35.085349,34.975790,34.440249,36.140936,1336286.00
09/16/2019,37.604995,38.372442,37.467248,38.293728,1238700,0.00,0.0,-,35.067498,34.977955,34.210506,35.616511,1336228.00
09/13/2019,37.545948,38.185490,37.368845,37.496754,1522500,0.00,0.0,-,35.046204,34.971264,33.927632,35.122589,1325066.00
09/12/2019,37.388533,37.545958,36.709637,37.418049,1510000,0.00,0.0,-,35.028257,34.986613,33.649678,34.671960,1302500.00
09/11/2019,37.654179,37.978867,36.532524,37.496754,2696900,0.00,0.0,-,35.006390,35.002749,33.373199,34.174102,1292320.00
09/10/2019,35.843794,37.654186,35.824115,37.654186,2330800,0.00,0.0,-,34.985649,35.021837,33.153788,33.637873,1279828.00
09/09/2019,33.944846,35.027144,33.836616,34.899239,1343700,0.00,0.0,-,34.962796,35.020263,32.907318,33.140016,1275198.00
09/06/2019,33.866136,34.003886,33.610321,33.669357,696400,0.00,0.0,-,34.954994,35.069065,32.850251,32.937331,1286116.00
09/05/2019,33.492259,34.299064,33.324992,33.797268,961600,0.00,0.0,-,34.955400,35.137353,32.822702,32.864521,1298308.00
09/04/2019,32.754330,33.285641,32.518190,33.079018,1055900,0.00,0.0,-,34.954480,35.208392,32.749893,32.774000,1299040.00
09/03/2019,32.931425,32.931425,32.213172,32.360756,864600,0.00,0.0,-,34.954552,35.297726,32.722835,32.739563,1295664.00
08/30/2019,33.256122,33.590651,33.236443,33.354515,1189300,0.00,0.0,-,34.957873,35.410468,32.711520,32.804501,1307462.00
08/29/2019,32.774002,33.216758,32.665772,32.990459,1104000,0.00,0.0,-,34.955980,35.515130,32.692334,32.732674,1309320.00
08/28/2019,32.026225,32.518179,31.691696,32.439468,886800,0.00,0.0,-,34.961839,35.616850,32.789741,32.627395,1310618.00
08/27/2019,32.872396,32.970785,31.977039,32.134464,1098300,0.00,0.0,-,34.972905,35.723300,33.008660,32.572296,1317366.00
08/26/2019,33.206925,33.324993,32.429636,32.675613,1534600,0.00,0.0,-,34.986526,35.818159,33.272346,32.669702,1313628.00
08/23/2019,32.852716,33.433222,32.409956,32.872395,2166900,0.00,0.0,-,34.993812,35.907305,33.503565,32.674619,1305688.00
08/22/2019,32.901893,33.275779,32.705114,32.941250,1051800,0.00,0.0,-,35.000605,35.995858,33.719532,32.763171,1289742.00
08/21/2019,33.088842,33.305299,32.803507,32.892059,1137800,0.00,0.0,-,35.004456,36.069863,33.924186,32.780884,1292598.00
08/20/2019,32.872392,32.872392,32.488669,32.734646,755600,0.00,0.0,-,35.003894,36.144066,34.164260,32.725786,1297744.00
08/19/2019,33.118370,33.354510,32.882230,33.010139,1078000,0.00,0.0,-,34.993187,36.220433,34.382688,32.706107,1312332.00
08/16/2019,32.370590,32.764151,32.203324,32.636242,1281800,0.00,0.0,-,34.982180,36.293454,34.570614,32.618540,1312164.00
08/15/2019,32.055749,32.095103,31.593311,31.937677,1372200,0.00,0.0,-,34.970053,36.365892,34.800357,32.651994,1309320.00
08/14/2019,32.468984,32.587052,31.632663,31.888477,1024200,0.00,0.0,-,34.962154,36.461344,35.069948,32.952086,1319336.00
08/13/2019,32.646082,33.836611,32.498495,33.108521,1668000,0.00,0.0,-,34.954942,36.553456,35.340524,33.445023,1360418.00
08/12/2019,33.492240,33.531597,32.655915,32.724789,1759200,0.00,0.0,-,34.937952,36.587160,35.558460,33.874991,1361812.00
08/09/2019,33.216759,34.190830,33.029818,33.757912,2068700,0.00,0.0,-,34.928569,36.615957,35.788203,34.332511,1346066.00
08/08/2019,32.488673,33.187247,32.390280,33.118374,1641500,0.00,0.0,-,34.915834,36.636083,35.978590,34.675893,1327692.00
08/07/2019,32.055757,32.439480,31.622834,32.341087,1318700,0.00,0.0,-,34.907571,36.666247,36.164057,35.067489,1319094.00
08/06/2019,32.331233,32.921577,31.790084,32.537853,1750000,0.00,0.0,-,34.904274,36.709402,36.395275,35.602734,1314306.00
08/05/2019,32.350925,32.557545,31.888487,32.134464,2205700,0.00,0.0,-,34.901316,36.749408,36.646172,36.059268,1303196.00
08/02/2019,34.613917,34.613917,32.695294,32.970787,3916200,0.00,0.0,-,34.901258,36.791781,36.925111,36.522688,1299554.00
08/01/2019,36.070091,36.070091,33.885813,34.938595,3803600,0.00,0.0,-,34.892115,36.817231,37.174531,36.948720,1236842.00
07/31/2019,37.388521,37.634498,36.729304,36.817852,1876200,0.00,0.0,-,34.871074,36.812760,37.340812,37.187810,1183442.00
07/30/2019,37.024472,37.506585,36.670264,37.408195,1605400,0.00,0.0,-,34.841127,36.759107,37.411162,37.236024,1180382.00
07/29/2019,37.211436,37.368861,37.014653,37.299988,715600,0.00,0.0,-,34.809455,36.700723,37.463310,37.241929,1191104.00
07/26/2019,37.034313,37.359005,36.768657,37.191738,913400,0.00,0.0,-,34.781853,36.658460,37.477084,37.243896,1220624.00
07/25/2019,37.782105,37.880495,36.935943,37.034332,756800,0.00,0.0,-,34.755528,36.615807,37.484464,37.281286,1247718.00
07/24/2019,36.985123,37.732892,36.945766,37.693539,780200,0.00,0.0,-,34.729254,36.577284,37.486937,37.260624,1255820.00
07/23/2019,36.945766,37.162227,36.689952,37.103191,1252300,0.00,0.0,-,34.700812,36.519287,37.469719,37.187816,1286652.00
07/22/2019,37.290139,37.427886,36.680113,36.768665,662900,0.00,0.0,-,34.680372,36.513395,37.491846,37.233076,1280120.00
07/19/2019,37.486920,37.654187,37.211427,37.231106,508800,0.00,0.0,-,34.661408,36.515372,37.553306,37.327533,1298354.00
07/18/2019,37.299978,37.526277,37.113037,37.329494,863900,0.00,0.0,-,34.639445,36.513802,37.621130,37.400342,1330262.00
07/17/2019,37.408218,37.575481,37.191757,37.299988,1166200,0.00,0.0,-,34.616452,36.513606,37.658480,37.493814,1343534.00
07/16/2019,37.368854,37.742740,37.231107,37.467247,1020100,0.00,0.0,-,34.591154,36.528742,37.681579,37.586300,1348054.00
07/15/2019,37.604995,37.742741,37.201592,37.319660,467200,0.00,0.0,-,34.566638,36.541714,37.652087,37.684690,1366122.00
07/12/2019,36.985129,37.713223,36.985129,37.565636,843900,0.00,0.0,-,34.545214,36.576704,37.642750,37.710272,1391140.00
07/11/2019,37.054012,37.054012,36.434148,36.827713,1050200,0.00,0.0,-,34.525795,36.619749,37.629470,37.687643,1395178.00
07/10/2019,37.634516,37.713231,36.906422,36.965458,799200,0.00,0.0,-,34.510703,36.681288,37.620160,37.713250,1396540.00
07/09/2019,37.437730,37.654191,37.290146,37.555798,749900,0.00,0.0,-,34.495854,36.738695,37.601996,37.751622,1391628.00
07/08/2019,37.801778,38.106791,37.545964,37.713230,745200,0.00,0.0,-,34.477220,36.784885,37.551858,37.750616,1392154.00
07/05/2019,37.978869,38.077262,37.624665,37.959194,680600,0.00,0.0,-,34.456573,36.820064,37.499254,37.779079,1399854.00
07/03/2019,38.323249,38.323249,37.998558,38.264214,394200,0.00,0.0,-,34.437442,36.856614,37.414203,37.841918,1411182.00
07/02/2019,38.342925,38.608581,38.037912,38.224854,1001000,0.00,0.0,-,34.415560,36.887653,37.336506,37.823146,1424476.00
07/01/2019,38.136295,38.451149,37.841123,38.451149,2072300,0.00,0.0,-,34.393482,36.905916,37.249967,37.776857,1422834.00
06/28/2019,37.447572,37.742744,37.290147,37.575478,2099300,0.04,0.0,-,34.373558,36.923388,37.067094,37.619483,1406224.00
06/27/2019,37.152592,37.457284,36.897047,37.339340,1889600,0.00,0.0,-,34.355414,36.959946,36.896553,37.575227,1392494.00
06/26/2019,37.486760,37.555561,36.995324,37.083782,1306000,0.00,0.0,-,34.337372,37.002406,36.767796,37.571297,1384932.00
06/25/2019,37.644039,37.742329,37.270547,37.349178,998200,0.00,0.0,-,34.318254,37.051747,36.644937,37.527069,1381978.00
06/24/2019,38.066663,38.194438,37.417968,37.545742,887100,0.00,0.0,-,34.299476,37.098728,36.502420,37.452370,1381568.00
06/21/2019,38.567928,38.567928,37.948717,37.997860,1454500,0.00,0.0,-,34.279226,37.128017,36.352040,37.353099,1380110.00
06/20/2019,38.518781,38.921759,38.351694,38.587582,1282200,0.00,0.0,-,34.255734,37.140991,36.164802,37.219429,1385500.00
06/19/2019,37.899575,38.204263,37.703000,38.076492,1168900,0.00,0.0,-,34.232382,37.135683,35.947588,36.986488,1405554.00
06/18/2019,37.034647,37.929061,37.034647,37.761971,1224200,0.00,0.0,-,34.210899,37.159862,35.779516,36.849867,1421888.00
06/17/2019,37.319697,37.319697,36.808602,36.877403,911400,0.00,0.0,-,34.192166,37.181289,35.598177,36.723077,1425086.00
06/14/2019,37.231213,37.260698,36.779088,37.132923,1137600,0.00,0.0,-,34.175060,37.212544,35.478757,36.514705,1425562.00
06/13/2019,36.867571,37.398323,36.838086,37.300037,1369600,0.00,0.0,-,34.156040,37.230825,35.381452,36.217878,1420102.00
06/12/2019,36.444935,36.729965,36.248359,36.641506,1194600,0.00,0.0,-,34.135106,37.244979,35.269404,35.964295,1409878.00
06/11/2019,36.847902,36.857730,36.425267,36.602184,1395100,0.00,0.0,-,34.118592,37.270929,35.192739,35.762805,1415746.00
06/10/2019,36.867555,37.005160,36.503893,36.553036,1485000,0.00,0.0,-,34.103108,37.279992,35.102314,35.552470,1413998.00
06/07/2019,36.366295,36.808588,36.287663,36.661156,1069600,0.00,0.0,-,34.089242,37.283165,35.115091,35.350980,1410342.00
06/06/2019,36.661145,36.818404,36.130393,36.258167,1139600,0.00,0.0,-,34.073218,37.278873,35.125411,35.110176,1411590.00
06/05/2019,36.729943,36.838060,36.130390,36.710285,1873000,0.00,0.0,-,34.059307,37.283034,35.170131,34.908688,1405688.00
06/04/2019,35.157364,36.513730,35.157364,36.494072,3078300,0.00,0.0,-,34.038429,37.273832,35.200601,34.709166,1398638.00
06/03/2019,34.292419,34.872314,34.135159,34.793686,1737700,0.00,0.0,-,34.022358,37.264438,35.278739,34.473276,1359214.00
05/31/2019,34.312086,34.380887,34.056541,34.164654,971900,0.00,0.0,-,34.015181,37.306333,35.444845,34.442808,1345174.00
05/30/2019,34.587289,35.235984,34.557804,34.764206,1150000,0.00,0.0,-,34.009581,37.354132,35.690072,34.545026,1343072.00
05/29/2019,34.272771,34.724896,34.145000,34.626606,1211600,0.00,0.0,-,34.004659,37.393277,35.937756,34.574512,1345272.00
05/28/2019,34.695404,34.911637,34.449686,34.498829,1079300,0.00,0.0,-,34.001652,37.435371,36.201657,34.622673,1360756.00
05/24/2019,34.439857,34.705233,34.331741,34.538143,1194500,0.00,0.0,-,33.999871,37.478843,36.468507,34.652159,1391036.00
05/23/2019,33.850131,34.312083,33.692872,34.253109,2023600,0.00,0.0,-,33.997551,37.512888,36.734866,34.879202,1397006.00
05/22/2019,34.518489,34.705238,34.223628,34.243286,780600,0.00,0.0,-,33.998274,37.546938,36.995819,35.140646,1381048.00
05/21/2019,34.518493,34.941129,34.430035,34.715069,1133600,0.00,0.0,-,33.998262,37.573331,37.272989,35.431575,1398066.00
05/20/2019,34.321918,34.508667,33.997572,34.135174,1723200,0.00,0.0,-,33.996822,37.583807,37.528044,35.692036,1401294.00
05/17/2019,34.852664,35.029581,34.371059,34.489002,2141500,0.00,0.0,-,33.993330,37.592135,37.778186,36.084201,1382338.00
05/16/2019,35.137697,35.491532,35.029581,35.186840,2191600,0.00,0.0,-,33.987921,37.589459,38.019973,36.446881,1371510.00
05/15/2019,34.754375,35.177010,34.469341,35.059063,2268100,0.00,0.0,-,33.975151,37.582842,38.230799,36.835117,1343844.00
05/14/2019,34.872324,35.432561,34.872324,35.108215,1161900,0.00,0.0,-,33.965078,37.583100,38.450964,37.300999,1319338.00
05/13/2019,36.032104,36.110735,34.577453,34.793686,2321800,0.00,0.0,-,33.954514,37.586303,38.673093,37.780641,1322546.00
05/10/2019,36.651311,36.965830,36.169702,36.808571,925700,0.00,0.0,-,33.945916,37.596189,38.918320,38.284855,1309626.00
05/09/2019,36.926524,37.123099,36.602178,36.867550,1574600,0.00,0.0,-,33.924007,37.559886,39.028402,38.590530,1316954.00
05/08/2019,37.241039,37.496588,36.916693,37.152580,2104200,0.00,0.0,-,33.900577,37.528884,39.117352,38.850991,1313924.00
05/07/2019,37.614536,37.752138,36.926525,37.319675,1527500,0.00,0.0,-,33.878027,37.490806,39.175833,39.114403,1305844.00
05/06/2019,37.447444,38.164944,37.398301,38.056828,1392200,0.00,0.0,-,33.855180,37.462151,39.274121,39.364053,1314804.00
05/03/2019,39.285428,39.383713,37.565400,38.115807,1923500,0.00,0.0,-,33.827569,37.417378,39.312945,39.472170,1333668.00
05/02/2019,39.806353,40.111045,38.508961,39.069199,1718100,0.00,0.0,-,33.799713,37.365535,39.329162,39.593064,1351064.00
05/01/2019,40.130693,40.297779,39.688399,39.717884,1045800,0.00,0.0,-,33.767530,37.303068,39.278052,39.626481,1383554.00
04/30/2019,39.904633,40.081550,39.531144,39.904633,1118300,0.00,0.0,-,33.734065,37.209560,39.192545,39.600928,1405482.00
04/29/2019,39.953770,40.042229,39.658906,39.835823,553600,0.00,0.0,-,33.698980,37.113693,39.094263,39.565545,1408172.00
04/26/2019,39.580288,39.914465,39.285427,39.865322,776200,0.00,0.0,-,33.664583,37.012721,38.955238,39.551785,1428476.00
04/25/2019,39.806341,39.806341,39.098672,39.472164,1130200,0.00,0.0,-,33.633616,36.914497,38.797556,39.466274,1428980.00
04/24/2019,39.776866,40.032412,39.688408,39.786694,1247000,0.00,0.0,-,33.604126,36.820602,38.646276,39.383713,1423608.00
04/23/2019,39.128169,39.835835,39.069196,39.816177,1058900,0.00,0.0,-,33.571101,36.704511,38.480252,39.237264,1413814.00
04/22/2019,39.196974,39.413204,38.990568,39.138000,918900,0.00,0.0,-,33.537488,36.581938,38.301953,39.184189,1415036.00
04/18/2019,39.373896,39.688415,39.196978,39.324749,1241800,0.00,0.0,-,33.506776,36.472733,38.146272,39.153719,1411494.00
04/17/2019,39.727712,39.757201,39.373881,39.403366,1412800,0.00,0.0,-,33.474688,36.368826,38.024456,39.065259,1402640.00
04/16/2019,39.364059,39.599951,39.295259,39.462349,1511500,0.00,0.0,-,33.441423,36.260597,37.882016,38.929623,1395334.00
04/15/2019,39.275601,39.737552,38.872623,39.550808,1158300,0.00,0.0,-,33.407128,36.154134,37.744974,38.784161,1392924.00
04/12/2019,39.216618,39.776855,39.177302,39.698223,977700,0.00,0.0,-,33.373126,36.040404,37.603999,38.622981,1437380.00
04/11/2019,38.715347,39.079009,38.518772,39.010208,814200,0.00,0.0,-,33.340544,35.940417,37.452708,38.358691,1453320.00
04/10/2019,38.400839,38.744843,38.037177,38.646557,1724000,0.00,0.0,-,33.311500,35.851048,37.314217,38.128837,1456734.00
04/09/2019,39.000381,39.049524,38.312370,38.322201,2284900,0.00,0.0,-,33.285843,35.763454,37.179671,37.908838,1456728.00
04/08/2019,38.676047,39.295258,38.587588,39.285431,1985600,0.00,0.0,-,33.264554,35.684704,37.041706,37.723240,1447602.00
04/05/2019,38.499121,39.059362,38.410666,38.833298,1384100,0.00,0.0,-,33.241635,35.581386,36.839378,37.419717,1447302.00
04/04/2019,38.066659,38.499121,38.056831,38.440151,935200,0.04,0.0,-,33.221075,35.465314,36.625293,37.138826,1449840.00
04/03/2019,38.213915,38.577205,37.997909,38.047001,864600,0.00,0.0,-,33.204147,35.349054,36.421046,36.983652,1451044.00
04/02/2019,37.939006,38.096104,37.624812,38.007736,858400,0.00,0.0,-,33.188450,35.244192,36.261494,36.834410,1468514.00
04/01/2019,37.369527,37.978278,37.261522,37.939003,1488000,0.00,0.0,-,33.174518,35.141882,36.114706,36.705786,1490452.00
03/29/2019,36.829498,37.153513,36.731313,37.055328,1307700,0.00,0.0,-,33.164950,35.022095,35.981173,36.585017,1485980.00
03/28/2019,36.525114,36.750941,36.220737,36.711666,1302200,0.00,0.0,-,33.160291,34.907807,35.892806,36.546724,1481140.00
03/27/2019,36.456388,36.642940,36.083281,36.446568,1132000,0.00,0.0,-,33.157252,34.800196,35.806894,36.499596,1485020.00
03/26/2019,36.466213,36.721498,36.083289,36.466213,844500,0.00,0.0,-,33.156960,34.701421,35.750438,36.450504,1499784.00
03/25/2019,36.063654,36.485854,35.788735,36.250206,1520500,0.00,0.0,-,33.156717,34.606377,35.689562,36.360172,1518344.00
03/22/2019,36.642955,36.800053,36.004746,36.024384,1107100,0.00,0.0,-,33.157358,34.518009,35.671398,36.259039,1512406.00
03/21/2019,36.476038,37.212431,36.476038,36.888416,1035700,0.00,0.0,-,33.158392,34.422180,35.661088,36.111760,1515066.00
03/20/2019,36.603673,36.888413,36.260024,36.554581,866800,0.00,0.0,-,33.151577,34.308284,35.592849,35.858440,1520084.00
03/19/2019,36.917865,37.261518,36.584033,36.721497,1260000,0.00,0.0,-,33.145401,34.191640,35.562412,35.688578,1532988.00
03/18/2019,36.642944,36.858954,36.426934,36.731312,1985800,0.00,0.0,-,33.138342,34.069300,35.478463,35.523626,1534318.00
03/15/2019,36.318932,36.966958,36.250198,36.672398,2593300,0.00,0.0,-,33.132606,33.914952,35.397460,35.377329,1527598.00
03/14/2019,35.955647,36.377847,35.867280,36.240387,1493000,0.00,0.0,-,33.123880,33.769048,35.303202,35.238889,1506946.00
03/13/2019,35.710182,36.132381,35.572722,35.955647,1225700,0.00,0.0,-,33.117167,33.635319,35.238890,35.114191,1505736.00
03/12/2019,35.307608,35.729807,35.297791,35.562893,1631500,0.00,0.0,-,33.111926,33.504928,35.179978,35.050371,1506000.00
03/11/2019,34.561396,35.297789,34.551575,35.238876,1295000,0.00,0.0,-,33.108797,33.385334,35.100939,35.018953,1505244.00
03/08/2019,34.168670,34.630144,34.031210,34.551594,775400,0.00,0.0,-,33.110033,33.264572,35.023373,35.083757,1514678.00
03/07/2019,34.816688,34.875601,34.178482,34.355217,1600100,0.00,0.0,-,33.118285,33.121276,34.979680,35.210417,1525270.00
03/06/2019,35.130884,35.229072,34.846148,34.855965,808300,0.00,0.0,-,33.126047,32.988182,34.968388,35.327258,1547052.00
03/05/2019,35.317436,35.346891,35.042514,35.071972,1042800,0.00,0.0,-,33.131796,32.852722,34.925187,35.436246,1573568.00
03/04/2019,35.386171,35.494176,34.924696,35.268345,1322300,0.00,0.0,-,33.136564,32.711176,34.878548,35.433300,1586718.00
03/01/2019,35.435271,35.749465,34.944342,35.287991,1675800,0.00,0.0,-,33.139172,32.578254,34.808346,35.417590,1600176.00
02/28/2019,35.278156,35.337068,34.944324,34.993416,1292100,0.00,0.0,-,33.141634,32.448665,34.778889,35.367515,1601108.00
02/27/2019,35.013066,35.395991,34.738147,35.317444,1423100,0.00,0.0,-,33.145029,32.342422,34.756307,35.363588,1603512.00
02/26/2019,35.837824,35.916375,35.209435,35.248711,1700200,0.00,0.0,-,33.146215,32.236366,34.703778,35.309585,1610916.00
02/25/2019,35.965468,36.073473,35.759274,35.886917,1975500,0.00,0.0,-,33.146863,32.146196,34.660577,35.182925,1617618.00
02/22/2019,35.828012,36.250208,35.337083,35.818192,2335400,0.00,0.0,-,33.141623,32.030516,34.572209,34.962989,1614972.00
02/21/2019,35.886919,36.289480,35.071978,35.523632,2793300,0.00,0.0,-,33.134814,31.916405,34.432785,34.748943,1606446.00
02/20/2019,35.091623,36.063661,35.071985,35.945839,3342600,0.00,0.0,-,33.128547,31.820345,34.287960,34.609518,1583318.00
02/19/2019,34.846146,35.307617,34.728321,35.042515,2142200,0.00,0.0,-,33.115806,31.741728,34.130862,34.414128,1547832.00
02/15/2019,34.983609,35.189798,34.865783,35.111248,1252800,0.00,0.0,-,33.101452,31.698042,34.023349,34.323797,1536764.00
02/14/2019,34.738143,35.111247,34.531950,34.787235,1568800,0.00,0.0,-,33.086755,31.698479,33.865270,34.199101,1549916.00
02/13/2019,34.846146,35.121065,34.728320,34.954147,801400,0.00,0.0,-,33.072158,31.691080,33.692954,34.190264,1550858.00
02/12/2019,34.257033,35.032701,34.207940,34.777416,861600,0.00,0.0,-,33.058786,31.666223,33.511801,34.149027,1549898.00
02/11/2019,33.766099,34.041018,33.530455,33.982109,757300,0.00,0.0,-,33.045856,31.651373,33.348321,34.097971,1557614.00
02/08/2019,33.451906,33.697370,32.882430,33.687553,1120000,0.00,0.0,-,33.036658,31.652428,33.234917,34.138228,1569162.00
02/07/2019,33.942837,34.050842,33.442091,33.677734,741800,0.00,0.0,-,33.028589,31.656825,33.142131,34.181430,1581564.00
02/06/2019,33.972290,34.315942,33.933018,34.129387,799100,0.00,0.0,-,33.024394,31.644161,33.019890,34.116626,1572602.00
02/05/2019,34.207942,34.365039,33.775926,33.991932,1047500,0.00,0.0,-,33.019509,31.628544,32.873103,33.966402,1572990.00
02/04/2019,33.775919,34.217753,33.569726,34.139206,1391000,0.00,0.0,-,33.017615,31.610380,32.709623,33.847597,1581212.00
02/01/2019,34.659591,34.738141,33.579549,33.864288,3381100,0.00,0.0,-,33.016456,31.594370,32.532889,33.722900,1568786.00
01/31/2019,34.482858,34.718505,34.257031,34.698868,1774700,0.00,0.0,-,33.017162,31.592095,32.290370,33.531439,1522680.00
01/30/2019,34.433770,34.689055,33.795560,34.541775,984900,0.00,0.0,-,33.013009,31.570382,32.024286,33.195643,1516466.00
01/29/2019,34.502501,34.590868,34.168669,34.266857,1723700,0.00,0.0,-,33.007729,31.541418,31.774894,32.874576,1524558.00
01/28/2019,33.579558,34.502504,33.481370,34.384682,1828600,0.00,0.0,-,33.004608,31.516579,31.533357,32.598672,1517574.00
01/25/2019,33.314445,34.247210,33.284990,34.119568,1970600,0.00,0.0,-,32.999280,31.488403,31.293283,32.331606,1506644.00
01/24/2019,32.558410,33.196619,32.499497,33.029701,1511000,0.00,0.0,-,32.996209,31.489259,31.047343,32.102833,1503488.00
01/23/2019,33.039526,33.078798,32.224582,32.627144,995400,0.00,0.0,-,32.995107,31.521718,30.765196,31.923154,1495836.00
01/22/2019,32.931521,33.059160,32.499501,32.803879,1738100,0.00,0.0,-,32.997292,31.566346,30.518865,31.779803,1508266.00
01/18/2019,32.165666,32.931518,32.106757,32.892242,1955300,0.00,0.0,-,33.002907,31.592927,30.282819,31.571650,1496426.00
01/17/2019,31.331101,32.067495,31.282009,31.949673,1264400,0.00,0.0,-,33.007640,31.619702,30.037942,31.342877,1485576.00
01/16/2019,31.380187,31.537284,31.105268,31.340914,1065700,0.00,0.0,-,33.015419,31.654935,29.871570,31.049301,1515930.00
01/15/2019,31.606016,31.723841,31.183818,31.331097,1496200,0.00,0.0,-,33.023103,31.683712,29.744952,30.852929,1549938.00
01/14/2019,31.409634,31.822014,31.340904,31.507820,1870200,0.00,0.0,-,33.034857,31.668953,29.662460,30.675212,1555220.00
01/11/2019,31.714025,31.880943,31.468561,31.714025,1772500,0.00,0.0,-,33.043374,31.654975,29.587800,30.468042,1561426.00
01/10/2019,31.016895,31.841655,30.800887,31.831835,1223600,0.00,0.0,-,33.051497,31.624909,29.539111,30.254959,1549704.00
01/09/2019,31.262370,31.566748,31.026725,31.232914,1240100,0.00,0.0,-,33.060257,31.595429,29.452663,29.991853,1554304.00
01/08/2019,31.056173,31.193634,30.722343,31.193634,1286600,0.00,0.0,-,33.066913,31.579692,29.396652,29.607237,1556128.00
01/07/2019,30.496515,31.065992,30.221596,30.722343,1512000,0.00,0.0,-,33.079551,31.550032,29.373001,29.257928,1551796.00
01/04/2019,29.583384,30.683066,29.455743,30.604517,1326500,0.00,0.0,-,33.101555,31.552548,29.437632,28.993988,1543112.00
01/03/2019,29.445925,29.583384,28.886266,29.013906,1649800,0.00,0.0,-,33.120619,31.564675,29.550317,28.733006,1533576.00
01/02/2019,29.102280,29.760125,28.856815,29.377201,1560700,0.00,0.0,-,33.146852,31.613714,29.856277,28.693840,1524800.00
12/31/2018,29.445923,29.671750,29.308464,29.553928,1432500,0.04,0.0,-,33.173327,31.659801,30.108282,28.636976,1515390.00
12/28/2018,29.700864,29.995029,29.367477,29.436115,1238900,0.00,0.0,-,33.197154,31.707649,30.316151,28.649707,1504118.00
12/27/2018,28.612449,29.583193,28.514393,29.583193,1593700,0.00,0.0,-,33.221912,31.761383,30.546089,28.707559,1502996.00
12/26/2018,27.435783,29.210579,27.425977,29.200773,1766700,0.00,0.0,-,33.247848,31.792564,30.768674,28.823263,1500860.00
12/24/2018,27.573066,28.975251,27.357344,27.386761,1305000,0.00,0.0,-,33.278147,31.823158,31.004006,28.913474,1499652.00
12/21/2018,28.082951,28.671281,27.661314,27.700537,2689200,0.00,0.0,-,33.317663,31.891992,31.286894,29.186066,1514922.00
12/20/2018,28.416336,28.936028,27.631897,28.082949,2134100,0.00,0.0,-,33.351590,31.959454,31.569292,29.488075,1496206.00
12/19/2018,28.553615,29.239998,27.837812,27.994699,1700300,0.00,0.0,-,33.383605,32.033388,31.819333,29.881276,1475544.00
12/18/2018,28.975244,29.269410,28.494775,28.622248,1995200,0.00,0.0,-,33.413659,32.112028,32.086533,30.367628,1462888.00
12/17/2018,29.592995,29.592995,28.690889,28.808554,1722400,0.00,0.0,-,33.438320,32.175175,32.342947,31.018714,1448668.00
12/14/2018,29.651825,30.063656,29.553769,29.681242,1412300,0.00,0.0,-,33.462147,32.239107,32.583181,31.579589,1443844.00
12/13/2018,30.965764,31.112846,29.965603,30.014631,1793300,0.00,0.0,-,33.479748,32.305784,32.753797,31.982594,1434760.00
12/12/2018,30.602962,31.054016,30.514714,30.740240,2035300,0.00,0.0,-,33.498525,32.365010,32.904311,32.384620,1426622.00
12/11/2018,30.691209,31.054013,30.034240,30.102880,1843200,0.00,0.0,-,33.516617,32.406977,33.016094,32.714084,1415168.00
12/10/2018,30.230351,30.651988,30.004825,30.112684,1909100,0.00,0.0,-,33.540934,32.459535,33.219067,33.094537,1404538.00
12/07/2018,32.132617,32.299309,30.681404,30.720625,1636900,0.00,0.0,-,33.565252,32.502091,33.446065,33.387722,1384562.00
12/06/2018,32.358145,32.358145,31.308957,32.014954,1568300,0.00,0.0,-,33.587657,32.538959,33.652962,33.650510,1373936.00
12/04/2018,34.917380,34.946795,32.789585,32.858223,1588800,0.00,0.0,-,33.598394,32.559355,33.758861,33.757390,1375636.00
12/03/2018,34.966415,35.299802,34.544778,35.133110,1910400,0.00,0.0,-,33.605454,32.575828,33.827500,33.805437,1371768.00
11/30/2018,33.642666,34.427105,33.623054,34.417297,1615900,0.00,0.0,-,33.601728,32.549353,33.756409,33.667179,1379474.00
11/29/2018,34.015268,34.152548,33.515189,33.711300,753400,0.00,0.0,-,33.600404,32.540920,33.674534,33.586774,1371060.00
11/28/2018,34.025078,34.103520,32.946471,34.034882,1247400,0.00,0.0,-,33.600650,32.543274,33.518626,33.524999,1381770.00
11/27/2018,33.701495,34.162354,33.623052,34.034882,1334700,0.00,0.0,-,33.595796,32.534253,33.357326,33.424002,1379210.00
11/26/2018,33.299470,34.162355,33.299470,33.907413,1740100,0.00,0.0,-,33.592217,32.536214,33.166120,33.318103,1377098.00
11/23/2018,32.975895,33.436750,32.887645,33.044533,293700,0.00,0.0,-,33.587069,32.535822,32.988640,33.343598,1358274.00
11/21/2018,33.221034,33.779947,33.181811,33.348503,818500,0.00,0.0,-,33.586138,32.551119,32.858717,33.504408,1374920.00
11/20/2018,33.113171,33.495585,32.622896,33.083755,1458600,0.00,0.0,-,33.588295,32.573475,32.676825,33.655413,1379358.00
11/19/2018,33.623060,33.927028,33.289673,33.338699,769700,0.00,0.0,-,33.595355,32.590733,32.565042,33.760332,1367252.00
11/16/2018,33.328890,33.897607,33.279859,33.750523,1075800,0.00,0.0,-,33.597316,32.598577,32.458652,33.849562,1374744.00
11/15/2018,32.858227,33.779946,32.524840,33.613251,1464000,0.00,0.0,-,33.605503,32.588771,32.344418,33.845640,1374138.00
11/14/2018,33.377912,33.534800,32.877830,33.093552,1389500,0.00,0.0,-,33.625016,32.588379,32.247834,33.762293,1359072.00
11/13/2018,32.966079,33.701492,32.877830,33.024914,1374500,0.00,0.0,-,33.648255,32.596420,32.190472,33.512254,1356418.00
11/12/2018,34.093717,34.093717,32.897445,32.975891,1282100,0.00,0.0,-,33.671396,32.601911,32.145367,33.290650,1355008.00
11/09/2018,34.329049,34.329049,33.681886,34.162357,1812800,0.00,0.0,-,33.697087,32.620737,32.053686,33.014136,1358372.00
11/08/2018,34.936994,35.123297,34.515357,34.652634,1128400,0.00,0.0,-,33.718169,32.613089,31.882090,32.633682,1343718.00
11/07/2018,34.485949,34.907585,34.034896,34.858559,1616900,0.00,0.0,-,33.735573,32.600342,31.690882,32.213026,1350448.00
11/06/2018,34.074112,34.407499,33.985862,34.132946,1146100,0.00,0.0,-,33.752341,32.572298,31.501636,31.698236,1342138.00
11/05/2018,33.789747,34.554578,33.319084,34.230995,1412800,0.00,0.0,-,33.772246,32.556217,31.383970,31.369752,1331726.00
11/02/2018,33.113164,34.132937,33.113164,33.711300,2782100,0.00,0.0,-,33.792739,32.533860,31.268756,31.067743,1318532.00
11/01/2018,30.975573,32.926869,30.740241,32.779785,2766100,0.00,0.0,-,33.815341,32.526408,31.172172,30.843196,1280226.00
10/31/2018,31.073626,31.269735,30.553934,30.593157,1760300,0.00,0.0,-,33.840345,32.540920,31.133440,30.733375,1237512.00
10/30/2018,30.259772,30.848101,30.132300,30.808880,2180500,0.00,0.0,-,33.877263,32.604656,31.254537,30.868691,1230038.00
10/29/2018,30.593161,30.985380,29.838137,30.210745,1186400,0.00,0.0,-,33.912906,32.657606,31.362888,31.000084,1209356.00
10/26/2018,30.102877,30.750040,29.720462,30.357819,1453600,0.00,0.0,-,33.955217,32.722910,31.494282,31.093236,1213176.00
10/25/2018,30.024442,30.651994,29.965608,30.446077,1331300,0.00,0.0,-,33.994978,32.766447,31.612929,31.130498,1259248.00
10/24/2018,30.808878,31.044209,29.671440,29.710661,1070000,0.00,0.0,-,34.029738,32.823122,31.702649,31.168739,1263458.00
10/23/2018,30.710820,31.122651,30.455877,30.848097,1077800,0.00,0.0,-,34.070627,32.896075,31.845319,31.305035,1261808.00
10/22/2018,31.681570,31.779624,31.210905,31.210905,849700,0.00,0.0,-,34.108084,32.940004,31.954650,31.398188,1272614.00
10/19/2018,31.750198,31.877667,31.387392,31.465837,1211000,0.00,0.0,-,34.145738,32.991385,32.078199,31.469769,1284468.00
10/18/2018,31.789431,32.142430,31.495267,31.681574,1090200,0.00,0.0,-,34.183832,33.042570,32.195375,31.501147,1299322.00
10/17/2018,32.005144,32.044367,31.681565,31.946314,868900,0.00,0.0,-,34.219328,33.091793,32.311080,31.533505,1294620.00
10/16/2018,31.269733,32.152229,31.161874,32.122810,1182800,0.00,0.0,-,34.251980,33.134349,32.405213,31.640384,1317958.00
10/15/2018,30.701019,31.328572,30.691213,31.142267,1486900,0.00,0.0,-,34.283113,33.179846,32.478264,31.725692,1342064.00
10/12/2018,31.181486,31.240321,30.416659,30.730434,1706300,0.00,0.0,-,34.320227,33.241817,32.627798,31.895327,1352750.00
10/11/2018,30.691207,31.357981,30.524514,30.828485,2068500,0.00,0.0,-,34.360135,33.315750,32.785667,32.095360,1368956.00
10/10/2018,31.750207,31.760011,31.044210,31.073627,1753400,0.00,0.0,-,34.399651,33.367915,32.934710,32.236559,1378440.00
10/09/2018,31.838459,32.014959,31.701183,31.779625,1101000,0.00,0.0,-,34.437500,33.414590,33.104345,32.385602,1381348.00
10/08/2018,31.612936,32.024766,31.328576,31.926712,1067500,0.00,0.0,-,34.471771,33.431651,33.212696,32.511113,1394778.00
10/05/2018,32.044374,32.152235,31.720791,31.779625,1284200,0.00,0.0,-,34.501089,33.454007,33.302905,32.686629,1392562.00
10/04/2018,32.622893,32.652309,31.789424,32.005146,1481200,0.00,0.0,-,34.527515,33.478325,33.376937,32.889602,1400890.00
10/03/2018,33.113163,33.338689,32.789580,33.015106,958100,0.00,0.0,-,34.555657,33.499701,33.456361,33.088655,1406416.00
10/02/2018,32.868030,33.181806,32.789584,32.975891,1386400,0.00,0.0,-,34.575513,33.487935,33.480385,33.170042,1406082.00
10/01/2018,32.917061,33.064145,32.524840,32.838619,1462600,0.00,0.0,-,34.594192,33.472050,33.496564,33.230836,1401368.00
09/28/2018,32.230680,32.809205,32.073792,32.730762,1311700,0.00,0.0,-,34.617725,33.468127,33.550494,33.360269,1390766.00
09/27/2018,32.554254,32.554254,32.211059,32.240479,910300,0.00,0.0,-,34.645867,33.468520,33.602953,33.475974,1384474.00
09/26/2018,32.975889,33.015108,32.475807,32.564056,1105600,0.00,0.0,-,34.676705,33.474403,33.691693,33.632861,1385808.00
09/25/2018,33.701503,33.770142,32.868037,33.034729,1653300,0.00,0.0,-,34.707054,33.474011,33.736308,33.823088,1380420.00
09/24/2018,33.711300,33.858380,33.358301,33.681881,1395400,0.00,0.0,-,34.730391,33.465970,33.751016,33.914279,1362384.00
09/21/2018,34.123128,34.230990,33.623050,33.809353,2295700,0.00,0.0,-,34.749707,33.452831,33.722581,33.919181,1354310.00
09/20/2018,34.015286,34.280035,33.887817,33.995674,1195200,0.00,0.0,-,34.769024,33.434397,33.699048,33.864271,1338846.00
09/19/2018,33.613253,33.828976,33.515200,33.828976,1288900,0.00,0.0,-,34.789272,33.413609,33.674533,33.824067,1340850.00
09/18/2018,34.142749,34.348663,33.564224,33.583836,1119400,0.00,0.0,-,34.803441,33.410471,33.672082,33.790728,1359706.00
09/17/2018,33.936835,34.270222,33.779947,34.132946,1229100,0.00,0.0,-,34.821336,33.410275,33.665708,33.762291,1354454.00
09/14/2018,33.779945,34.142747,33.740722,33.887806,798900,0.00,0.0,-,34.835260,33.391252,33.632859,33.740718,1344982.00
09/13/2018,34.633015,34.691849,33.730911,33.809353,1126000,0.00,0.0,-,34.847517,33.375367,33.565201,33.729932,1349012.00
09/12/2018,33.946630,34.740877,33.907411,34.466324,1040400,0.00,0.0,-,34.855754,33.359090,33.538726,33.750525,1342178.00
09/11/2018,33.750529,34.083916,33.740725,33.946640,853300,0.00,0.0,-,34.860558,33.327909,33.483325,33.649528,1351440.00
09/10/2018,33.466159,33.936822,33.260240,33.730907,1144300,0.00,0.0,-,34.869629,33.303984,33.438220,33.587753,1363718.00
09/07/2018,33.485780,33.524999,32.917059,33.260250,1045500,0.00,0.0,-,34.881836,33.281431,33.440672,33.525980,1372202.00
09/06/2018,33.583828,33.858381,33.495578,33.593632,710700,0.00,0.0,-,34.894338,33.271234,33.478913,33.533825,1380522.00
09/05/2018,33.044531,33.554417,32.985696,33.495583,1256800,0.00,0.0,-,34.902918,33.262997,33.506369,33.525000,1389758.00
09/04/2018,34.074108,34.113331,33.250446,33.299473,1304000,0.00,0.0,-,34.911792,33.257114,33.535295,33.553436,1388794.00
08/31/2018,33.534803,33.936829,33.515192,33.917217,1450300,0.00,0.0,-,34.918607,33.261429,33.590206,33.569124,1415766.00
08/30/2018,33.966245,34.074106,33.466166,33.779942,1080100,0.00,0.0,-,34.924294,33.264371,33.606384,33.525000,1414284.00
08/29/2018,33.515199,34.172166,33.260254,34.015278,1464900,0.00,0.0,-,34.935424,33.282805,33.638743,33.400470,1432766.00
08/28/2018,33.456356,33.574025,33.201415,33.456356,1201400,0.00,0.0,-,34.941062,33.296925,33.609816,33.326928,1426418.00
08/27/2018,33.172008,33.623060,33.172008,33.328896,625500,0.00,0.0,-,34.947877,33.328891,33.607365,33.317123,1417846.00
08/24/2018,33.544611,33.544611,32.946475,33.113171,753100,0.00,0.0,-,34.959398,33.360464,33.572555,33.288686,1440792.00
08/23/2018,33.436753,33.574033,33.279865,33.338699,866800,0.00,0.0,-,34.971361,33.402628,33.569123,33.355363,1453822.00
08/22/2018,33.809358,33.809358,33.456360,33.505386,630400,0.00,0.0,-,34.982686,33.456362,33.551964,33.424002,1459802.00
08/21/2018,33.534804,33.927022,33.534804,33.779942,1386600,0.00,0.0,-,34.989991,33.508723,33.530392,33.487738,1460418.00
08/20/2018,33.338691,33.770132,33.319080,33.456356,1146400,0.00,0.0,-,35.000336,33.555201,33.462734,33.517154,1444654.00
08/17/2018,32.642505,33.554417,32.515033,33.475971,1377400,0.00,0.0,-,35.016123,33.613838,33.398998,33.611287,1435178.00
08/16/2018,33.358307,33.603445,32.162035,32.534645,3757200,0.00,0.0,-,35.033724,33.672671,33.357325,33.687769,1429310.00
08/15/2018,33.132781,33.348500,32.858225,33.279861,1541800,0.00,0.0,-,35.057649,33.749547,33.368111,33.877015,1382364.00
08/14/2018,33.044524,33.564214,32.897440,33.358299,987500,0.00,0.0,-,35.077456,33.808576,33.330851,33.892704,1377828.00
08/13/2018,33.721111,33.721111,32.877837,33.044533,1618100,0.00,0.0,-,35.096136,33.851916,33.290158,33.897607,1377992.00
08/10/2018,33.730915,34.093717,33.436747,33.779942,1442400,0.00,0.0,-,35.114129,33.897414,33.269567,33.856424,1369354.00
08/09/2018,34.172166,34.240804,33.936836,34.025085,1953700,0.00,0.0,-,35.130945,33.928007,33.231815,33.782883,1365730.00
08/08/2018,34.044692,34.201580,33.721109,34.142746,855100,0.00,0.0,-,35.144575,33.959188,33.174942,33.679926,1350060.00
08/07/2018,34.603602,34.701656,33.858382,34.074104,2035800,0.00,0.0,-,35.157469,33.974877,33.115619,33.573045,1364974.00
08/06/2018,34.564374,34.907565,34.348652,34.397682,2388100,0.00,0.0,-,35.169334,33.991350,33.095518,33.408313,1340012.00
08/03/2018,33.289664,34.564378,33.289664,34.240795,2021200,0.00,0.0,-,35.180708,34.001548,33.054336,33.186710,1309370.00
08/02/2018,33.289667,34.897768,32.446394,34.427105,2516600,0.00,0.0,-,35.193112,34.015472,33.001387,33.026880,1294848.00
08/01/2018,33.211222,33.574029,32.838616,33.436749,2542700,0.00,0.0,-,35.206497,34.036652,32.934709,32.859208,1264140.00
07/31/2018,32.819005,33.466168,32.642506,33.407333,1898800,0.00,0.0,-,35.222137,34.091955,32.912647,32.768997,1226848.00
07/30/2018,33.201423,33.456364,32.622898,32.632702,1772500,0.00,0.0,-,35.238953,34.141963,32.887643,32.682709,1202422.00
07/27/2018,33.073948,33.319086,32.917060,33.044533,956700,0.00,0.0,-,35.259741,34.209425,32.893527,32.682709,1189634.00
07/26/2018,33.103367,33.446562,32.583677,32.995510,1700600,0.00,0.0,-,35.277685,34.269043,32.871465,32.680747,1193864.00
07/25/2018,31.975726,33.132775,31.975726,33.073940,1757500,0.00,0.0,-,35.295923,34.324934,32.859208,32.669959,1179836.00
07/24/2018,32.407169,32.711141,32.240478,32.426781,941400,0.00,0.0,-,35.314602,34.379061,32.864602,32.658193,1165746.00
07/23/2018,32.426786,32.554258,32.083595,32.181648,1150700,0.00,0.0,-,35.336322,34.443973,32.903334,32.782724,1173628.00
07/20/2018,32.632694,32.966081,32.505225,32.642502,932500,0.00,0.0,-,35.357501,34.511435,32.970012,32.921962,1169060.00
07/19/2018,32.466017,32.828820,32.142434,32.750378,997100,0.00,0.0,-,35.378093,34.566150,33.041102,32.975893,1179278.00
07/18/2018,32.583672,32.642506,32.211062,32.534645,977000,0.00,0.0,-,35.397802,34.607921,33.138666,33.010211,1180590.00
07/17/2018,32.524837,32.936670,32.505230,32.544449,836200,0.00,0.0,-,35.418344,34.646358,33.247997,33.056297,1190184.00
07/16/2018,33.005312,33.260253,32.524841,32.632702,751500,0.00,0.0,-,35.439573,34.680873,33.373508,33.092577,1206916.00
07/13/2018,32.966079,33.113163,32.848415,33.024914,991700,0.00,0.0,-,35.460704,34.696170,33.487251,33.104345,1261002.00
07/12/2018,33.152379,33.338682,32.652297,32.887630,1522500,0.00,0.0,-,35.479482,34.679109,33.597073,33.062183,1283470.00
07/11/2018,33.338697,33.417143,32.926868,32.956284,1295400,0.00,0.0,-,35.497965,34.664793,33.753962,33.048457,1283368.00
07/10/2018,33.574035,33.681892,33.270063,33.672089,2231700,0.00,0.0,-,35.515174,34.643025,33.912320,33.071010,1282434.00
07/09/2018,33.279864,33.623059,33.230837,33.574032,856800,0.00,0.0,-,35.528509,34.615177,34.033908,33.023944,1278092.00
07/06/2018,33.103366,33.475977,32.877840,33.181812,755500,0.00,0.0,-,35.541894,34.587525,34.174617,33.018061,1279864.00
07/05/2018,33.064136,33.142578,32.652304,33.093552,1000400,0.00,0.0,-,35.556259,34.566738,34.336407,33.106311,1295016.00
07/03/2018,33.044537,33.407339,32.828815,32.995510,784300,0.00,0.0,-,35.568957,34.546342,34.500650,33.267122,1307992.00
07/02/2018,32.426778,32.946469,32.269891,32.907249,1503500,0.00,0.0,-,35.581949,34.543205,34.662440,33.439698,1314620.00
06/29/2018,32.779793,33.328902,32.740570,32.750378,1467200,0.00,0.0,-,35.596167,34.548108,34.793344,33.654438,1315038.00
06/28/2018,32.730763,32.887651,32.191461,32.603291,1568500,0.00,0.0,-,35.610238,34.565365,34.921795,33.870158,1304298.00
06/27/2018,33.181818,33.368122,32.740570,32.750378,1461500,0.00,0.0,-,35.626368,34.591448,35.057111,34.131964,1299220.00
06/26/2018,33.201424,33.328896,32.524842,33.181812,1172500,0.00,0.0,-,35.639900,34.616549,35.198799,34.459467,1297168.00
06/25/2018,33.328896,33.505392,32.887648,33.201424,1208600,0.00,0.0,-,35.651127,34.630277,35.286068,34.753630,1289110.00
06/22/2018,34.456533,34.691866,33.417152,33.515205,2652600,0.00,0.0,-,35.659167,34.635964,35.370886,35.043872,1285086.00
06/21/2018,34.633025,34.721275,33.868197,34.064308,1376200,0.00,0.0,-,35.665933,34.638513,35.440504,35.331172,1244668.00
06/20/2018,34.868359,34.956609,33.976059,34.701664,2004200,0.00,0.0,-,35.671032,34.623609,35.484139,35.566504,1232866.00
06/19/2018,34.672241,34.819321,34.329046,34.721268,1147500,0.00,0.0,-,35.674121,34.599683,35.523360,35.734177,1216870.00
06/18/2018,34.711462,35.182126,34.574182,35.054653,772800,0.00,0.0,-,35.676670,34.561442,35.597392,35.885182,1206640.00
06/15/2018,35.044854,35.044854,34.613409,34.907574,1772800,0.00,0.0,-,35.674856,34.521632,35.640047,35.932249,1216992.00
06/14/2018,36.123460,36.123460,34.986022,35.221352,1404600,0.00,0.0,-,35.673189,34.502021,35.694958,35.973433,1199046.00
06/13/2018,36.103848,36.152875,35.780268,36.025406,1165800,0.00,0.0,-,35.668139,34.474369,35.735161,35.982258,1193756.00
06/12/2018,36.094028,36.231305,35.907722,36.123444,661200,0.00,0.0,-,35.657696,34.423969,35.723394,35.938132,1191808.00
06/11/2018,36.358789,36.398008,35.986179,36.103844,598400,0.00,0.0,-,35.645783,34.359057,35.706235,35.818507,1204232.00
06/08/2018,36.368599,36.574513,36.084238,36.388210,672600,0.00,0.0,-,35.634016,34.310618,35.684663,35.697900,1214774.00
06/07/2018,36.486260,36.711786,36.280345,36.417622,1084000,0.00,0.0,-,35.620239,34.247078,35.642989,35.549836,1238448.00
06/06/2018,36.270545,36.407822,36.123461,36.378403,1409900,0.00,0.0,-,35.603766,34.185499,35.591020,35.401774,1256396.00
06/05/2018,35.535126,36.231316,35.505707,36.231316,1315000,0.00,0.0,-,35.588764,34.129608,35.514046,35.312543,1265550.00
06/04/2018,35.535130,35.888124,35.378242,35.525322,995700,0.00,0.0,-,35.573467,34.056263,35.425307,35.309602,1269060.00
06/01/2018,35.544934,35.848906,35.260574,35.319408,1186200,0.00,0.0,-,35.563858,34.020179,35.362551,35.347844,1280070.00
05/31/2018,35.466492,35.466492,35.035052,35.309605,1261200,0.00,0.0,-,35.560475,34.016256,35.266458,35.416483,1284174.00
05/30/2018,35.191927,35.809674,34.917374,35.584148,1170200,0.00,0.0,-,35.558563,33.998410,35.109570,35.488063,1283228.00
05/29/2018,34.691859,35.162523,34.544775,34.927189,1600800,0.00,0.0,-,35.555229,33.971936,34.938954,35.508656,1291268.00
05/25/2018,34.917389,34.966416,34.682055,34.897778,787700,0.00,0.0,-,35.555523,33.966837,34.785988,35.593964,1301826.00
05/24/2018,34.838936,34.966408,34.456522,34.907574,856000,0.00,0.0,-,35.560867,33.955266,34.655084,35.671426,1357796.00
05/23/2018,35.201745,35.407660,34.485941,34.936996,1295100,0.00,0.0,-,35.565476,33.944872,34.519278,35.736142,1369392.00
05/22/2018,36.054820,36.064624,35.456684,35.486099,981200,0.00,0.0,-,35.568712,33.941538,34.379550,35.780266,1370598.00
05/21/2018,36.123462,36.309765,36.064628,36.201904,678100,0.00,0.0,-,35.570231,33.937028,34.208934,35.715549,1368940.00
05/18/2018,36.054822,36.250932,35.897934,35.907738,677500,0.00,0.0,-,35.564250,33.918789,34.040770,35.541011,1375788.00
05/17/2018,35.937164,36.339189,35.927356,36.005802,1133100,0.00,0.0,-,35.552483,33.890353,33.903004,35.377259,1397142.00
05/16/2018,35.839099,36.250932,35.682211,36.025406,1168200,0.00,0.0,-,35.541305,33.859956,33.783376,35.116432,1412450.00
05/15/2018,35.603766,35.868515,35.437071,35.790070,999200,0.00,0.0,-,35.526548,33.819557,33.677476,34.731076,1422808.00
05/14/2018,35.711631,35.937161,35.672412,35.780273,1053000,0.00,0.0,-,35.512232,33.774844,33.588246,34.369253,1431214.00
05/11/2018,35.593948,35.839085,35.427256,35.672394,1335500,0.00,0.0,-,35.499730,33.730719,33.492642,33.978012,1447920.00
05/10/2018,35.446880,35.652794,35.074270,35.554737,922300,0.00,0.0,-,35.486934,33.681300,33.383312,33.638743,1464456.00
05/09/2018,35.123294,35.427265,35.005629,35.378239,1443400,0.00,0.0,-,35.476687,33.645608,33.287708,33.302415,1492768.00
05/08/2018,34.564376,35.015427,34.525153,34.838928,1062700,0.00,0.0,-,35.464577,33.625212,33.184751,32.978834,1497954.00
05/07/2018,34.446716,34.731073,34.162356,34.456520,1456700,0.00,0.0,-,35.452418,33.627762,33.118074,32.702320,1509668.00
05/04/2018,33.348499,34.417298,32.956281,34.270218,1672800,0.00,0.0,-,35.440701,33.638155,33.035708,32.540530,1520688.00
05/03/2018,33.387726,33.701502,31.907097,33.397533,3455800,0.00,0.0,-,35.432954,33.656786,32.975404,32.428749,1548150.00
05/02/2018,32.132622,32.642508,32.063983,32.171844,2115100,0.00,0.0,-,35.428150,33.672082,33.001878,32.450320,1522352.00
05/01/2018,31.936511,32.240483,31.563901,32.171844,1517400,0.00,0.0,-,35.433003,33.714050,33.085225,32.623877,1509072.00
04/30/2018,32.407166,32.524831,31.867865,31.867865,1248700,0.00,0.0,-,35.439965,33.758371,33.151902,32.807239,1501196.00
04/27/2018,32.093394,32.446393,32.054171,32.279697,2014600,0.00,0.0,-,35.449133,33.804064,33.202401,33.007272,1494888.00
04/26/2018,32.358148,32.358148,31.740400,32.191456,945400,0.00,0.0,-,35.453203,33.833677,33.272510,33.127881,1481510.00
04/25/2018,32.073795,32.367959,31.897296,32.142433,1513100,0.00,0.0,-,35.456046,33.851131,33.323498,33.273002,1483004.00
04/24/2018,33.093561,33.132783,32.024761,32.073788,1649200,0.00,0.0,-,35.459037,33.874664,33.383311,33.390667,1483456.00
04/23/2018,33.152395,33.191614,32.809200,32.838619,1115700,0.00,0.0,-,35.460704,33.890745,33.458813,33.533827,1492168.00
04/20/2018,33.466181,33.819179,33.044544,33.152405,1524400,0.00,0.0,-,35.457125,33.891137,33.445085,33.530886,1509922.00
04/19/2018,33.907419,33.907419,33.407336,33.613251,930200,0.00,0.0,-,35.451536,33.903688,33.473521,33.522059,1535590.00
04/18/2018,34.123132,34.152551,33.564219,33.907413,1314600,0.00,0.0,-,35.443642,33.921338,33.549023,33.553436,1557930.00
04/17/2018,34.083905,34.378073,33.946628,34.005463,1358900,0.00,0.0,-,35.435504,33.917807,33.574517,33.546572,1577638.00
04/16/2018,33.730914,34.074105,33.564219,33.868191,769600,0.00,0.0,-,35.421776,33.945459,33.587265,33.496565,1606054.00
04/13/2018,33.858397,33.907427,33.387733,33.485790,1007400,0.00,0.0,-,35.410598,34.018412,33.627468,33.397530,1618788.00
04/12/2018,33.524997,33.828969,33.436748,33.642666,631700,0.00,0.0,-,35.400841,34.103523,33.669141,33.417139,1622194.00
04/11/2018,33.181812,33.485783,32.946478,33.319088,786100,0.00,0.0,-,35.390938,34.183732,33.706401,33.373993,1635698.00
04/10/2018,33.338695,33.603444,33.083753,33.505386,1204400,0.00,0.0,-,35.379367,34.279630,33.778962,33.375954,1637786.00
04/09/2018,33.289679,33.377929,32.769985,32.809208,636000,0.00,0.0,-,35.364855,34.377097,33.866721,33.383799,1640574.00
04/06/2018,33.603438,33.838768,32.475804,33.064137,1290400,0.00,0.0,-,35.353873,34.483585,33.990760,33.359284,1656874.00
04/05/2018,34.025078,34.270216,33.770133,33.927021,875500,0.00,0.0,-,35.344312,34.586543,34.061850,33.424982,1666884.00
04/04/2018,32.897449,33.897610,32.897449,33.838776,1140100,0.00,0.0,-,35.333526,34.670282,34.089795,33.544610,1676716.00
04/03/2018,32.975892,33.524998,32.750366,33.505386,1068400,0.00,0.0,-,35.321515,34.760100,34.098130,33.602462,1672066.00
04/02/2018,33.574031,33.681889,32.367952,32.877838,1282400,0.00,0.0,-,35.310778,34.854625,34.100582,33.677966,1674210.00
03/29/2018,33.475966,33.936826,33.407328,33.681881,1125500,0.00,0.0,-,35.305532,34.952680,34.135391,33.857406,1672364.00
03/28/2018,33.426934,33.515184,33.054324,33.211212,1856300,0.00,0.0,-,35.298913,35.038577,34.111368,33.921143,1670652.00
03/27/2018,33.760336,33.848586,33.162200,33.338699,1981400,0.00,0.0,-,35.292981,35.133102,34.139314,34.038810,1658500.00
03/26/2018,33.122976,33.672085,32.573870,33.583836,1867600,0.00,0.0,-,35.286656,35.239786,34.190302,34.181969,1640530.00
03/23/2018,33.828966,33.936828,32.485614,32.564056,1490500,0.00,0.0,-,35.274694,35.334311,34.259431,34.349643,1635474.00
03/22/2018,34.711477,35.142917,33.652481,33.721119,1546200,0.00,0.0,-,35.265820,35.430993,34.380038,34.622236,1639060.00
03/21/2018,34.505551,35.564547,34.505551,35.123299,1391400,0.00,0.0,-,35.250376,35.514340,34.454070,34.698717,1643198.00
03/20/2018,34.368271,34.505547,34.260410,34.417297,1213900,0.00,0.0,-,35.228019,35.578664,34.406023,34.634980,1641826.00
03/19/2018,34.564394,34.750697,33.956454,34.260422,1572200,0.00,0.0,-,35.210860,35.665148,34.398669,34.593797,1645904.00
03/16/2018,34.280020,34.897767,34.211382,34.672241,2128700,0.00,0.0,-,35.193357,35.761635,34.405042,34.523197,1638840.00
03/15/2018,34.564386,35.456686,34.132945,34.319248,3586200,0.00,0.0,-,35.170314,35.843805,34.379057,34.413376,1615732.00
03/14/2018,34.927180,34.976207,34.329044,34.387878,1435800,0.00,0.0,-,35.149477,35.926955,34.351111,34.301594,1561722.00
03/13/2018,35.417461,35.672406,34.583995,34.770298,1355400,0.00,0.0,-,35.129866,36.006184,34.284924,34.239819,1543704.00
03/12/2018,35.289990,35.495904,34.995822,35.260571,898300,0.00,0.0,-,35.108049,36.082079,34.212364,34.198635,1528006.00
03/09/2018,34.770292,35.368428,34.662431,35.289986,1020500,0.00,0.0,-,35.085104,36.151110,34.093227,34.169219,1522712.00
03/08/2018,34.544766,34.711461,34.221186,34.485931,1745200,0.00,0.0,-,35.064072,36.219944,33.971639,34.137841,1511828.00
03/07/2018,33.672077,34.701654,33.672077,34.485931,1898500,0.00,0.0,-,35.046569,36.303095,33.936339,34.209422,1496036.00
03/06/2018,33.662272,34.329042,33.544603,34.005463,1686100,0.00,0.0,-,35.028281,36.386050,33.936830,34.177065,1487758.00
03/05/2018,33.348506,33.878004,33.289675,33.554424,1419500,0.00,0.0,-,35.011318,36.461749,33.923103,34.203540,1480836.00
03/02/2018,32.868035,33.632862,32.691535,33.574032,1888300,0.00,0.0,-,34.995776,36.531956,34.014783,34.286886,1475734.00
03/01/2018,33.652476,33.946640,33.064147,33.201424,2162300,0.00,0.0,-,34.983912,36.613145,34.211874,34.344738,1466258.00
02/28/2018,34.495735,34.603596,33.770126,33.770126,2337900,0.00,0.0,-,34.976999,36.688844,34.438871,34.400629,1490330.00
02/27/2018,34.956603,35.397848,34.348660,34.358467,1702700,0.00,0.0,-,34.967438,36.747677,34.633020,34.330030,1470690.00
02/26/2018,34.956600,35.250764,34.623213,34.966404,1648400,0.00,0.0,-,34.960427,36.811413,34.820796,34.226092,1468776.00
02/23/2018,35.437067,35.437067,34.103519,34.976208,2007700,0.00,0.0,-,34.950671,36.879267,34.991412,34.017235,1460796.00
02/22/2018,35.544935,36.496070,35.123298,35.201744,3045900,0.00,0.0,-,34.944984,36.947905,35.149281,33.805437,1452552.00
02/21/2018,34.240799,35.035046,34.132942,34.162357,2165900,0.00,0.0,-,34.937826,37.016544,35.299796,33.663256,1418926.00
02/20/2018,34.230995,34.642828,34.083911,34.270218,1451100,0.00,0.0,-,34.936208,37.087340,35.497376,33.696596,1395744.00
02/16/2018,34.054491,34.760488,34.044688,34.387878,1123600,0.00,0.0,-,34.936306,37.152840,35.700350,33.642665,1393854.00
02/15/2018,34.093715,34.152550,33.456357,34.152550,933300,0.00,0.0,-,34.936208,37.218537,35.892538,33.742681,1407318.00
02/14/2018,32.789588,33.789749,32.652312,33.760334,1345700,0.00,0.0,-,34.939640,37.296392,36.073941,34.079010,1443582.00
02/13/2018,33.093552,33.348493,32.838611,33.064137,1020100,0.00,0.0,-,34.945376,37.354441,36.284759,34.477113,1455980.00
02/12/2018,33.073950,33.593641,32.828813,33.319088,1535700,0.00,0.0,-,34.953809,37.436415,36.528426,34.936011,1473556.00
02/09/2018,33.377921,33.564224,32.063984,32.877838,2084800,0.00,0.0,-,34.964349,37.508387,36.796116,35.415500,1473064.00
02/08/2018,33.809357,33.819165,32.848419,32.858223,2003400,0.00,0.0,-,34.977881,37.577614,37.067728,35.965589,1451646.00
02/07/2018,34.319243,34.907572,33.750523,33.779942,2807800,0.00,0.0,-,34.990089,37.629583,37.294726,36.493125,1432000.00
02/06/2018,33.054341,34.672250,32.456205,34.495750,2047200,0.00,0.0,-,34.997345,37.662530,37.500151,36.936335,1383226.00
02/05/2018,35.074259,35.544923,33.574020,33.730907,2300000,0.00,0.0,-,34.996511,37.687828,37.692339,37.298157,1357100.00
02/02/2018,37.260888,37.260888,35.368427,35.388039,2779700,0.00,0.0,-,35.000483,37.736659,37.942870,37.758036,1333194.00
02/01/2018,37.653126,37.829626,37.378570,37.515846,1406300,0.00,0.0,-,34.995384,37.744112,38.127704,38.042396,1309832.00
01/31/2018,38.192412,38.329688,37.545249,37.741360,1177700,0.00,0.0,-,34.979107,37.699987,38.190950,38.068871,1313480.00
01/30/2018,37.829617,37.937475,37.309923,37.653118,1306900,0.00,0.0,-,34.961359,37.650568,38.227720,38.092405,1324000.00
01/29/2018,38.349309,38.819973,38.015922,38.113976,890500,0.00,0.0,-,34.940571,37.590754,38.262530,38.120841,1331964.00
01/26/2018,38.241454,38.378731,37.986513,38.378731,1343800,0.00,0.0,-,34.920764,37.529568,38.285083,38.176731,1350934.00
01/25/2018,38.476778,38.476778,37.613893,38.133583,1451000,0.00,0.0,-,34.903506,37.482109,38.301753,38.169867,1361418.00
01/24/2018,38.427755,38.545423,37.927676,38.212036,1790900,0.00,0.0,-,34.888357,37.422295,38.331660,38.096326,1349404.00
01/23/2018,38.270863,38.417947,37.839423,38.113976,1367100,0.00,0.0,-,34.872815,37.354441,38.353231,38.063968,1338820.00
01/22/2018,38.143394,38.506196,38.094363,38.329697,907600,0.00,0.0,-,34.856734,37.304826,38.379216,38.086521,1339566.00
01/19/2018,37.917860,38.241444,37.623696,38.231640,1175600,0.00,0.0,-,34.838153,37.248346,38.352251,38.127704,1355094.00
01/18/2018,38.006120,38.241454,37.711956,37.780594,1190100,0.00,0.0,-,34.825209,37.195789,38.293908,38.213013,1361156.00
01/17/2018,38.241445,38.270860,37.584478,37.976696,1039900,0.00,0.0,-,34.815159,37.139505,38.286554,38.313028,1375656.00
01/16/2018,38.918031,39.016088,37.810012,37.937481,1248700,0.00,0.0,-,34.807216,37.096949,38.237036,38.363036,1405312.00
01/12/2018,38.466968,38.702301,38.192415,38.672882,1082900,0.00,0.0,-,34.799519,37.070474,38.175752,38.404219,1419508.00
01/11/2018,37.604092,38.398339,37.398177,38.310089,1614800,0.00,0.0,-,34.786183,37.036939,38.119370,38.393435,1433184.00
01/10/2018,37.947284,38.035533,37.319732,37.398174,1669800,0.00,0.0,-,34.773485,37.017132,38.121821,38.433638,1419774.00
01/09/2018,38.437560,38.604252,37.878647,37.888451,1753100,0.00,0.0,-,34.762895,37.013994,38.172319,38.566993,1406436.00
01/08/2018,38.800364,38.947448,37.947286,38.339504,1322800,0.00,0.0,-,34.750589,36.998109,38.209580,38.642495,1389816.00
01/05/2018,39.133753,39.133753,38.447367,38.741531,1417800,0.00,0.0,-,34.737499,36.964182,38.177712,38.671911,1382870.00
01/04/2018,38.976863,39.320054,38.692503,39.084724,1219000,0.00,0.0,-,34.721810,36.932216,38.117898,38.576798,1373846.00
01/03/2018,38.584640,38.849388,38.192422,38.780750,973300,0.00,0.0,-,34.702444,36.885541,38.047297,38.374804,1363704.00
01/02/2018,38.525803,38.819967,38.270858,38.476776,885700,0.00,0.0,-,34.690433,36.844358,38.010526,38.260080,1368182.00
12/29/2017,38.790556,38.878806,38.339500,38.349308,534900,0.00,0.0,-,34.680725,36.803764,37.919825,38.111036,1366658.00
12/28/2017,38.927843,38.937647,38.496399,38.565041,570500,0.00,0.0,-,34.672734,36.770229,37.860501,37.947284,1376570.00
12/27/2017,38.800374,38.800374,38.437571,38.712124,633600,0.00,0.0,-,34.664497,36.733360,37.778135,37.845305,1381078.00
12/26/2017,38.614055,38.868996,38.614055,38.731720,476300,0.00,0.0,-,34.653466,36.701197,37.659488,37.810004,1395980.00
12/22/2017,38.868997,38.927831,38.251249,38.643471,955600,0.00,0.0,-,34.644494,36.657857,37.495736,37.777646,1403634.00
12/21/2017,37.859032,38.790555,37.760974,38.633667,1484600,0.00,0.0,-,34.634198,36.620400,37.334926,37.776665,1404278.00
12/20/2017,37.358953,37.917866,37.211873,37.790398,1340000,0.00,0.0,-,34.621059,36.583531,37.191275,37.683513,1394090.00
12/19/2017,37.643310,37.692336,36.907897,37.064785,1164400,0.00,0.0,-,34.615911,36.560391,37.110379,37.658998,1388300.00
12/18/2017,37.113813,37.682534,37.113813,37.633507,1414500,0.00,0.0,-,34.614587,36.551958,37.045173,37.719791,1384124.00
12/15/2017,36.858871,37.711948,36.721594,36.986343,3365900,0.00,0.0,-,34.611106,36.535484,36.928978,37.760973,1371554.00
12/14/2017,37.476620,37.555062,36.466651,36.711788,1355900,0.00,0.0,-,34.612675,36.531170,36.843180,37.728614,1326432.00
12/13/2017,38.319885,38.319885,37.515831,37.545250,1607000,0.00,0.0,-,34.613067,36.525286,36.740713,37.773718,1316872.00
12/12/2017,38.574834,38.898413,38.310085,38.359112,1249400,0.00,0.0,-,34.612871,36.509597,36.616183,37.710964,1301154.00
12/11/2017,38.545418,38.761137,38.290473,38.408138,1595500,0.00,0.0,-,34.604046,36.476259,36.498518,37.508972,1307280.00
12/08/2017,37.976697,38.653275,37.633506,38.633667,1364600,0.00,0.0,-,34.598947,36.440959,36.335256,37.213826,1290120.00
12/07/2017,37.388365,37.878640,37.251089,37.702141,1006800,0.00,0.0,-,34.590906,36.404090,36.144539,36.893186,1288252.00
12/06/2017,37.515831,37.800191,37.270693,37.545250,1356600,0.00,0.0,-,34.584484,36.387224,36.041091,36.699038,1281286.00
12/05/2017,38.153185,38.192408,37.623688,37.672714,1796800,0.00,0.0,-,34.581395,36.371928,35.939115,36.561761,1272526.00
12/04/2017,37.153026,38.437548,37.153026,38.045326,2746500,0.00,0.0,-,34.581640,36.350160,35.835668,36.370555,1251218.00
12/01/2017,37.192248,37.260886,35.633174,36.662750,1965600,0.00,0.0,-,34.573992,36.317213,35.681721,36.096983,1216350.00
11/30/2017,37.005946,37.456998,36.545087,37.162834,1898900,0.00,0.0,-,34.575659,36.310742,35.641029,35.957747,1196148.00
11/29/2017,36.378404,36.976540,36.319573,36.917709,1511100,0.00,0.0,-,34.573208,36.292504,35.613574,35.707708,1172996.00
11/28/2017,35.672413,36.378407,35.662606,36.339188,1013900,0.00,0.0,-,34.571933,36.275246,35.617496,35.521402,1159714.00
11/27/2017,35.456684,35.603768,35.319408,35.456684,1021100,0.00,0.0,-,34.572374,36.261126,35.666522,35.488063,1157086.00
11/24/2017,35.819479,35.819479,35.339012,35.427261,369100,0.00,0.0,-,34.576296,36.263872,35.755752,35.456686,1175524.00
11/22/2017,36.290156,36.290156,35.692024,35.760662,740900,0.00,0.0,-,34.580170,36.270344,35.839099,35.395892,1188828.00
11/21/2017,36.074424,36.417615,35.839091,36.172478,1104700,0.00,0.0,-,34.578699,36.266421,35.883223,35.383145,1209254.00
11/20/2017,35.348829,35.995992,35.260579,35.760662,1611600,0.00,0.0,-,34.576591,36.259558,35.931761,35.316468,1216640.00
11/17/2017,35.113498,35.662603,35.113498,35.309605,1588700,0.00,0.0,-,34.577620,36.253478,35.981278,35.300780,1259500.00
11/16/2017,34.799722,35.378247,34.750692,35.270386,1703700,0.00,0.0,-,34.580513,36.255831,36.051878,35.266460,1268308.00
11/15/2017,34.858552,35.260577,34.613415,34.662441,1705100,0.00,0.0,-,34.578355,36.246614,36.110710,35.324311,1258500.00
11/14/2017,35.682204,35.682204,35.035042,35.054653,1839000,0.00,0.0,-,34.580071,36.250732,36.211217,35.519440,1252628.00
11/13/2017,34.966418,36.074440,34.966418,36.005802,1868000,0.00,0.0,-,34.580758,36.251321,36.294563,35.713589,1245396.00
11/10/2017,34.740881,35.280183,34.691854,35.142906,850300,0.00,0.0,-,34.580071,36.237593,36.349474,35.844981,1228240.00
11/09/2017,35.358630,35.486099,34.760494,34.819324,1261700,0.00,0.0,-,34.584288,36.239358,36.420564,36.054818,1240528.00
11/08/2017,35.348830,35.888132,35.142915,35.633190,1404400,0.00,0.0,-,34.593799,36.236809,36.518129,36.282307,1254364.00
11/07/2017,35.476299,35.564549,35.005636,35.505714,1684000,0.00,0.0,-,34.599976,36.215629,36.575981,36.383301,1252562.00
11/06/2017,35.015443,35.790078,34.927193,35.603775,1478700,0.00,0.0,-,34.605860,36.189742,36.632363,36.547053,1249598.00
11/03/2017,35.760651,35.917538,34.819320,34.966404,1915100,0.00,0.0,-,34.598309,36.156403,36.684331,36.661777,1237092.00
11/02/2017,36.074422,37.300109,35.339010,35.848896,2522700,0.00,0.0,-,34.593407,36.131889,36.776502,36.837296,1235248.00
11/01/2017,37.054980,37.231479,36.545093,36.613731,1958500,0.00,0.0,-,34.583160,36.089922,36.822588,36.897110,1202710.00
10/31/2017,37.407980,37.427588,36.937313,36.996147,1766700,0.00,0.0,-,34.568157,36.030304,36.812783,36.902993,1181618.00
10/30/2017,37.123607,37.388356,37.054969,37.319717,944300,0.00,0.0,-,34.550557,35.952841,36.801016,36.875538,1170924.00
10/27/2017,37.025561,37.486421,36.986342,37.241283,1002900,0.00,0.0,-,34.535015,35.874005,36.769639,36.853967,1172016.00
10/26/2017,36.682375,37.231484,36.564710,37.094208,922100,0.00,0.0,-,34.517463,35.792619,36.739731,36.786310,1176990.00
10/25/2017,37.084383,37.319717,36.437221,36.643135,975500,0.00,0.0,-,34.502215,35.722804,36.724532,36.753951,1210684.00
10/24/2017,36.976539,37.319734,36.790236,37.143234,966600,0.00,0.0,-,34.488488,35.682798,36.735319,36.768660,1210670.00
10/23/2017,36.751015,36.839264,36.554904,36.751015,711900,0.00,0.0,-,34.470397,35.638477,36.717179,36.717672,1223564.00
10/20/2017,36.623535,36.917703,36.221509,36.721592,1197200,0.00,0.0,-,34.457748,35.601805,36.708843,36.706884,1239472.00
10/19/2017,36.564705,36.662759,36.162680,36.447037,809500,0.00,0.0,-,34.445099,35.567093,36.692664,36.715709,1249820.00
10/18/2017,36.721592,36.849065,36.505870,36.672565,1030500,0.00,0.0,-,34.434999,35.557484,36.687271,36.748066,1274250.00
10/17/2017,37.084394,37.094202,36.603927,36.721592,795900,0.00,0.0,-,34.422791,35.540618,36.666190,36.722572,1301180.00
10/16/2017,36.956924,37.604087,36.907897,37.104008,1378700,0.00,0.0,-,34.410044,35.517870,36.632851,36.726493,1331316.00
10/13/2017,37.015765,37.054988,36.486267,36.564713,859000,0.00,0.0,-,34.394110,35.491591,36.559311,36.685310,1383232.00
10/12/2017,36.692169,36.966725,36.613727,36.770615,987800,0.00,0.0,-,34.380039,35.460409,36.510773,36.693153,1444322.00
10/11/2017,36.751007,36.819645,36.545092,36.790230,975200,0.00,0.0,-,34.367978,35.396085,36.459785,36.695114,1468118.00
10/10/2017,36.701996,36.917718,36.427443,36.633358,1050500,0.00,0.0,-,34.354692,35.335683,36.398500,36.701978,1496476.00
10/09/2017,36.849053,36.927495,36.525470,36.643135,955600,0.00,0.0,-,34.341650,35.264495,36.358298,36.716685,1507162.00
10/06/2017,36.603919,36.819637,36.496058,36.809834,786000,0.00,0.0,-,34.330178,35.190169,36.298975,36.710802,1511936.00
10/05/2017,36.476450,36.819641,36.476450,36.770615,1109800,0.00,0.0,-,34.320324,35.119570,36.229847,36.669619,1517032.00
10/04/2017,36.721593,36.937312,36.319568,36.417622,877900,0.00,0.0,-,34.308900,35.046421,36.131792,36.626477,1546990.00
10/03/2017,36.721584,36.839249,36.505862,36.760807,821100,0.00,0.0,-,34.301154,34.988176,36.054329,36.609808,1559414.00
10/02/2017,36.486262,36.849068,36.486262,36.692177,1555700,0.00,0.0,-,34.290711,34.912086,35.970492,36.539209,1599520.00
09/29/2017,36.760804,36.878469,36.545082,36.643135,737500,0.00,0.0,-,34.278650,34.826386,35.901854,36.433311,1611118.00
09/28/2017,36.829453,36.927506,36.348982,36.790230,1271200,0.00,0.0,-,34.267374,34.735783,35.831255,36.328394,1635412.00
09/27/2017,36.888287,37.015759,36.633345,36.858871,658500,0.00,0.0,-,34.258304,34.654398,35.726336,36.224456,1636936.00
09/26/2017,36.633342,36.927506,36.466647,36.780422,918600,0.00,0.0,-,34.248449,34.565952,35.612102,36.095023,1654198.00
09/25/2017,36.388202,36.829450,36.309756,36.584312,731400,0.00,0.0,-,34.236634,34.493196,35.483650,35.999911,1667272.00
09/22/2017,36.329364,36.466641,36.084227,36.398003,1003100,0.00,0.0,-,34.223249,34.432794,35.351275,35.887148,1677656.00
09/21/2017,36.221519,36.643156,36.221519,36.339188,955500,0.00,0.0,-,34.207757,34.378864,35.218411,35.790074,1697382.00
09/20/2017,36.182296,36.398015,35.966574,36.250935,741300,0.00,0.0,-,34.191479,34.313951,35.088978,35.637107,1708092.00
09/19/2017,35.711626,36.094044,35.603769,36.054821,847000,0.00,0.0,-,34.175938,34.244136,34.958074,35.498849,1731170.00
09/18/2017,35.672413,36.064631,35.564552,35.633190,882500,0.00,0.0,-,34.162798,34.177851,34.811482,35.401775,1752904.00
09/15/2017,35.672409,35.809686,35.309603,35.593964,1943000,0.00,0.0,-,34.149953,34.113330,34.698719,35.370397,1760398.00
09/14/2017,35.544936,35.799877,35.446883,35.750851,1034300,0.00,0.0,-,34.130636,34.043907,34.577621,35.334117,1763802.00
09/13/2017,35.770455,35.956759,35.299792,35.564541,1762200,0.00,0.0,-,34.110094,33.969582,34.470251,35.228217,1776596.00
09/12/2017,35.554747,36.192106,35.554747,35.829304,1474000,0.00,0.0,-,34.093473,33.898982,34.424165,35.129181,1758114.00
09/11/2017,35.672406,36.084235,35.319408,35.456684,3754600,0.00,0.0,-,34.075039,33.827990,34.379060,34.967389,1778672.00
09/08/2017,34.750680,35.613564,34.731068,35.427261,2029100,0.00,0.0,-,34.055722,33.744055,34.352094,34.815403,1727480.00
09/07/2017,34.907574,35.054658,34.652633,34.809521,1213300,0.00,0.0,-,34.036847,33.668161,34.330032,34.646749,1715146.00
09/06/2017,35.329215,35.417464,34.838940,34.868359,1411500,0.00,0.0,-,34.019295,33.602660,34.387884,34.540849,1712604.00
09/05/2017,35.260575,35.378244,34.966411,35.084076,1477400,0.00,0.0,-,34.003067,33.538532,34.435931,34.417299,1715238.00
09/01/2017,35.388047,35.554738,35.084075,35.319408,1010200,0.00,0.0,-,33.985662,33.456950,34.460935,34.221189,1721206.00
08/31/2017,34.809526,35.368439,34.780111,35.231163,1464700,0.00,0.0,-,33.971052,33.362621,34.484468,34.027040,1720970.00
08/30/2017,34.456523,35.064463,34.034886,34.691856,1953500,0.00,0.0,-,33.950754,33.270253,34.473191,33.821124,1718842.00
08/29/2017,33.828964,34.760487,33.417135,34.574181,1314300,0.00,0.0,-,33.931290,33.199457,34.416319,33.712284,1704712.00
08/28/2017,34.221184,34.927177,34.064296,34.211376,1535800,0.00,0.0,-,33.912170,33.143370,34.376117,33.719149,1706620.00
08/25/2017,33.927021,34.201578,33.848579,33.936829,853400,0.00,0.0,-,33.891578,33.087871,34.319245,33.790731,1713108.00
08/24/2017,33.789749,33.819168,33.319086,33.740723,1822900,0.00,0.0,-,33.864074,33.036294,34.268747,33.888785,1735978.00
08/23/2017,33.407332,33.966245,33.348497,33.750523,895800,0.00,0.0,-,33.835736,32.998053,34.245704,34.013314,1721592.00
08/22/2017,33.191610,33.711304,33.024918,33.632858,903900,0.00,0.0,-,33.804653,32.970205,34.213836,34.234919,1727844.00
08/21/2017,33.407335,33.426946,32.946475,33.122974,1232000,0.00,0.0,-,33.775285,32.938043,34.207463,34.454564,1743536.00
08/18/2017,33.436753,33.730921,33.142588,33.377922,998900,0.00,0.0,-,33.749350,32.917059,34.199128,34.700681,1761380.00
08/17/2017,33.564219,33.799552,33.152389,33.172001,1251600,0.00,0.0,-,33.721453,32.873327,34.150591,34.941896,1768630.00
08/16/2017,34.721281,34.721281,33.397540,33.603455,2606800,0.00,0.0,-,33.696547,32.825672,34.097641,35.125258,1785048.00
08/15/2017,34.927190,34.976217,34.554584,34.642834,974800,0.00,0.0,-,33.668552,32.766251,34.053516,35.120355,1763006.00
08/14/2017,35.123300,35.289995,34.750690,34.927189,1611300,0.00,0.0,-,33.633546,32.686434,33.943204,35.033084,1778746.00
08/11/2017,34.838928,35.054650,34.583987,34.917374,1507300,0.00,0.0,-,33.598247,32.607598,33.853974,34.847759,1779100.00
08/10/2017,35.672401,35.878315,34.966404,34.986015,1714600,0.00,0.0,-,33.562947,32.524447,33.786316,34.648709,1797714.00
08/09/2017,35.574347,36.319567,35.515516,35.966568,2031000,0.00,0.0,-,33.527696,32.426000,33.722091,34.478093,1809610.00
08/08/2017,35.427278,36.319579,35.358640,35.829304,2377000,0.00,0.0,-,33.486464,32.309707,33.578440,34.192754,1793232.00
08/07/2017,35.790063,35.839090,35.388038,35.584148,2302700,0.00,0.0,-,33.446261,32.202434,33.424983,33.960362,1779342.00
08/04/2017,35.544932,36.623535,35.309599,35.790070,3974500,0.00,0.0,-,33.406647,32.098888,33.282804,33.697575,1762218.00
08/03/2017,33.936824,35.378233,33.789740,35.005623,3913500,0.00,0.0,-,33.364533,31.996519,33.113659,33.359285,1714100.00
08/02/2017,33.623062,33.917227,33.368117,33.554424,2177600,0.00,0.0,-,33.324869,31.918075,32.969519,33.070024,1652656.00
08/01/2017,33.211213,33.789738,33.044522,33.770126,2393100,0.00,0.0,-,33.294080,31.866694,32.893526,32.986676,1632146.00
07/31/2017,33.221024,33.623049,33.034717,33.073940,1584800,0.00,0.0,-,33.261918,31.807861,32.806748,32.853323,1611294.00
07/28/2017,33.221033,33.397532,32.779784,32.926868,1194300,0.00,0.0,-,33.233825,31.758638,32.767036,32.860189,1613060.00
07/27/2017,33.113170,33.475972,32.995505,33.279861,1040800,0.00,0.0,-,33.205831,31.709022,32.683689,32.923923,1620458.00
07/26/2017,33.054336,33.122974,31.750207,33.113171,2607700,0.00,0.0,-,33.180435,31.667447,32.601323,32.966088,1633736.00
07/25/2017,33.270056,33.917219,33.240641,33.505386,1499100,0.00,0.0,-,33.154646,31.641560,32.522388,32.964127,1610718.00
07/24/2017,32.495424,33.015114,32.387563,32.956284,2826400,0.00,0.0,-,33.127240,31.608614,32.430217,32.889605,1614006.00
07/21/2017,32.132617,32.720945,32.083590,32.407169,2135600,0.00,0.0,-,33.101010,31.608614,32.332652,32.868033,1590552.00
07/20/2017,32.779789,32.868038,32.083599,32.113014,1952200,0.00,0.0,-,33.075761,31.620772,32.242442,32.868033,1601442.00
07/19/2017,32.593475,32.907250,32.466002,32.720943,1347400,0.00,0.0,-,33.051884,31.655288,32.167429,32.869013,1625288.00
07/18/2017,33.064147,33.152397,32.073790,32.436596,1521600,0.00,0.0,-,33.025508,31.676271,32.088986,32.800375,1632080.00
07/17/2017,33.544619,33.603453,33.083763,33.142593,1572300,0.00,0.0,-,32.999621,31.704315,32.055647,32.760173,1660558.00
07/14/2017,33.721104,33.946630,33.524994,33.564217,1250600,0.00,0.0,-,32.970352,31.727259,31.970339,32.673883,1677198.00
07/13/2017,34.113344,34.319259,33.652485,33.701511,1989400,0.00,0.0,-,32.934316,31.743340,31.860027,32.443455,1720886.00
07/12/2017,33.073940,33.681880,33.034717,33.093552,1491000,0.00,0.0,-,32.895487,31.766089,31.766384,32.236557,1718964.00
07/11/2017,32.740559,32.917058,32.416979,32.760170,1895200,0.00,0.0,-,32.858520,31.802369,31.729613,32.080650,1705438.00
07/10/2017,32.269903,32.868039,32.093403,32.740566,1933700,0.00,0.0,-,32.821896,31.842179,31.692843,31.970829,1699100.00
07/07/2017,32.142420,32.515030,31.877672,32.407169,1257200,0.00,0.0,-,32.784243,31.895913,31.659504,31.797271,1678606.00
07/06/2017,31.877673,32.632697,31.877673,32.122810,2113200,0.00,0.0,-,32.744188,31.959453,31.598710,31.616850,1675202.00
07/05/2017,32.044376,32.328737,31.730601,32.034569,1674000,0.00,0.0,-,32.708152,32.022993,31.532033,31.465846,1658278.00
07/03/2017,32.436598,32.554263,31.848266,32.034569,838100,0.00,0.0,-,32.670205,32.086924,31.461924,31.377596,1666292.00
06/30/2017,31.446232,32.544446,31.279538,32.279697,2501900,0.00,0.0,-,32.632307,32.132814,31.392795,31.351121,1688028.00
06/29/2017,31.769822,31.867875,31.004992,31.259933,1195000,0.00,0.0,-,32.591859,32.177723,31.328078,31.266794,1663294.00
06/28/2017,31.818845,32.162036,31.554096,31.632538,1412400,0.00,0.0,-,32.557491,32.239890,31.303074,31.276599,1670604.00
06/27/2017,31.652146,32.083590,31.436428,31.534481,1086200,0.00,0.0,-,32.523417,32.292447,31.224630,31.296210,1663678.00
06/26/2017,31.044206,31.907090,31.014788,31.661953,1543200,0.00,0.0,-,32.489882,32.345593,31.155501,31.378576,1661432.00
06/23/2017,30.661797,31.093237,30.475492,31.004990,1775800,0.00,0.0,-,32.459583,32.382266,31.095688,31.414857,1665046.00
06/22/2017,30.602961,30.887321,30.544128,30.602961,998400,0.00,0.0,-,32.432079,32.445217,31.065781,31.521737,1670286.00
06/21/2017,31.259929,31.308958,30.563740,30.612766,1358300,0.00,0.0,-,32.407614,32.531702,31.069213,31.580571,1679778.00
06/20/2017,31.495260,31.593317,31.014791,31.152069,1247000,0.00,0.0,-,32.382806,32.621520,31.092747,31.598221,1671870.00
06/19/2017,31.534486,31.809038,31.328571,31.769819,1409700,0.00,0.0,-,32.353242,32.700552,31.084412,31.546251,1670192.00
06/16/2017,31.240321,31.612931,31.191293,31.436432,1860200,0.00,0.0,-,32.320541,32.763112,31.037345,31.434468,1668882.00
06/15/2017,31.416819,31.799233,31.152070,31.357985,1996900,0.00,0.0,-,32.290585,32.826651,30.996162,31.389363,1688114.00
06/14/2017,32.318924,32.358147,31.524681,31.828650,1103600,0.00,0.0,-,32.261855,32.912351,30.950567,31.329549,1692040.00
06/13/2017,32.073779,32.760164,31.877668,32.358139,1208400,0.00,0.0,-,32.230183,32.991188,30.919189,31.153050,1706548.00
06/12/2017,32.103207,32.367952,31.877677,32.024761,1688500,0.00,0.0,-,32.196943,33.071789,30.892224,30.932427,1713836.00
06/09/2017,31.259931,32.181649,31.259931,32.073788,2124200,0.00,0.0,-,32.165663,33.159254,30.883889,30.776519,1723582.00
06/08/2017,30.789272,31.387406,30.789272,31.191298,1361400,0.00,0.0,-,32.134531,33.237894,30.928013,30.609826,1708960.00
06/07/2017,30.691215,30.985381,30.642188,30.789270,2072500,0.00,0.0,-,32.106046,33.329477,31.019204,30.557856,1708182.00
06/06/2017,30.367625,30.808873,30.093072,30.632374,1504700,0.00,0.0,-,32.079277,33.419295,31.171679,30.587273,1688852.00
06/05/2017,31.044209,31.044209,30.455878,30.651989,1761800,0.00,0.0,-,32.054273,33.515193,31.328567,30.622573,1683592.00
06/02/2017,30.691206,31.152066,30.583347,30.985373,1629000,0.00,0.0,-,32.025739,33.616582,31.487906,30.640222,1682604.00
06/01/2017,30.210742,30.818684,29.847940,30.759851,2438000,0.00,0.0,-,31.995293,33.708950,31.653128,30.602962,1686660.00
05/31/2017,30.161711,30.161711,29.642019,30.063656,2309400,0.00,0.0,-,31.965925,33.797984,31.833549,30.571584,1684208.00
05/30/2017,30.289183,30.436267,30.102880,30.151907,1212100,0.00,0.0,-,31.937685,33.924279,32.072312,30.685328,1651554.00
05/26/2017,30.406852,30.710822,30.161715,30.465685,1682500,0.00,0.0,-,31.909838,34.051947,32.310096,30.852021,1661214.00
05/25/2017,30.848103,30.995187,30.367634,30.406857,1446500,0.00,0.0,-,31.878754,34.177653,32.524346,30.991258,1645260.00
05/24/2017,30.779460,30.916738,30.553934,30.671600,1568600,0.00,0.0,-,31.848259,34.307870,32.775366,31.246201,1645034.00
05/23/2017,31.004991,31.220711,30.661798,31.083435,841300,0.00,0.0,-,31.815705,34.424556,33.020994,31.480551,1631154.00
05/22/2017,31.014788,31.103037,30.759847,30.985373,1152100,0.00,0.0,-,31.782121,34.541633,33.231812,31.756085,1640502.00
05/19/2017,30.828485,31.073623,30.681403,30.828485,1350500,0.00,0.0,-,31.742164,34.653612,33.444101,32.034561,1646182.00
05/18/2017,30.416657,30.769654,30.083270,30.612766,1673100,0.00,0.0,-,31.712649,34.757158,33.619130,32.335590,1648450.00
05/17/2017,31.201101,31.201101,30.426468,30.446077,1564200,0.00,0.0,-,31.682988,34.880119,33.814749,32.703295,1656956.00
05/16/2017,31.818847,31.926708,31.103044,31.201099,1704700,0.00,0.0,-,31.655238,35.007198,34.010858,33.095514,1659632.00
05/15/2017,32.063966,32.181631,31.691356,31.818829,1456800,0.00,0.0,-,31.624743,35.121923,34.163824,33.459296,1652424.00
05/12/2017,32.799386,33.152384,31.740390,31.858059,1663500,0.00,0.0,-,31.591012,35.231548,34.282471,33.768171,1649812.00
05/11/2017,32.858226,32.995506,32.230675,32.956284,1653700,0.00,0.0,-,31.558409,35.330192,34.364347,34.057434,1663788.00
05/10/2017,33.740715,33.838768,32.671915,33.015106,2680100,0.00,0.0,-,31.519922,35.421187,34.424161,34.304532,1675056.00
05/09/2017,33.740722,34.034886,33.485781,33.838776,3144500,0.00,0.0,-,31.479475,35.492767,34.519765,34.561436,1660186.00
05/08/2017,33.819157,34.221182,33.564212,33.770126,1687000,0.00,0.0,-,31.434811,35.563759,34.583010,34.707538,1623266.00
05/05/2017,34.319247,34.387885,33.525000,33.838776,2945500,0.00,0.0,-,31.390588,35.628867,34.649689,34.853642,1622168.00
05/04/2017,34.613397,35.946945,34.221180,34.289818,2404300,0.00,0.0,-,31.346659,35.680444,34.702639,34.902670,1602104.00
05/03/2017,34.613401,34.897761,33.966238,34.368263,3435000,0.00,0.0,-,31.300034,35.733198,34.718819,34.926202,1595798.00
05/02/2017,34.878151,35.142900,34.672237,34.838928,1893300,0.00,0.0,-,31.254095,35.800268,34.782555,34.926202,1583492.00
05/01/2017,34.917381,35.240961,34.554579,34.907574,814700,0.00,0.0,-,31.204725,35.833803,34.829132,34.868352,1590930.00
04/28/2017,35.476299,35.574353,34.731079,34.750690,1578300,0.00,0.0,-,31.154521,35.875574,34.903163,34.796771,1598804.00
04/27/2017,35.584149,35.750841,35.289985,35.427261,909000,0.00,0.0,-,31.105444,35.914012,34.985529,34.671260,1589890.00
04/26/2017,35.309592,35.848897,35.211538,35.584148,1087000,0.00,0.0,-,31.052789,35.938721,35.014456,34.543789,1600610.00
04/25/2017,35.427266,35.672403,35.172321,35.299793,1267000,0.00,0.0,-,30.995819,35.955587,35.023772,34.478093,1602766.00
04/24/2017,34.995829,35.329217,34.789915,35.231163,2074700,0.00,0.0,-,30.938751,35.974414,35.022791,34.458483,1599598.00
04/21/2017,34.534974,34.652639,33.995669,34.329056,1924900,0.00,0.0,-,30.878594,35.993829,35.032596,34.445736,1581138.00
04/20/2017,34.740869,34.799703,34.289817,34.525146,1265200,0.00,0.0,-,30.821967,36.016577,35.102215,34.502608,1565202.00
04/19/2017,34.505540,34.731066,34.270210,34.368263,1560500,0.00,0.0,-,30.762301,36.041091,35.156146,34.511435,1568034.00
04/18/2017,33.956454,34.387894,33.828981,34.260422,1066100,0.00,0.0,-,30.704056,36.073057,35.198310,34.638907,1584990.00
04/17/2017,33.583829,34.221188,33.475968,34.191769,973900,0.00,0.0,-,30.646106,36.105611,35.304209,34.789911,1595870.00
04/13/2017,34.064303,34.485936,33.485779,33.495583,1723900,0.00,0.0,-,30.585115,36.118554,35.421385,35.009555,1598466.00
04/12/2017,34.858543,34.868351,33.750521,34.152550,2037800,0.00,0.0,-,30.525106,36.148755,35.584157,35.299797,1607622.00
04/11/2017,35.025246,35.103688,34.701663,34.927189,1473000,0.00,0.0,-,30.460831,36.169543,35.722415,35.485123,1612266.00
04/10/2017,35.133110,35.692023,34.956611,35.103691,962900,0.00,0.0,-,30.399007,36.188369,35.801349,35.569450,1612502.00
04/07/2017,34.770304,35.260579,34.691862,35.103691,1163100,0.00,0.0,-,30.341694,36.206019,35.893030,35.587098,1630144.00
04/06/2017,34.574194,35.054665,34.574194,34.897778,1344200,0.00,0.0,-,30.281684,36.238377,35.967061,35.619455,1635724.00
04/05/2017,35.692022,35.878325,34.574192,34.613415,2821800,0.00,0.0,-,30.222410,36.277795,36.022462,35.701821,1670442.00
04/04/2017,35.770455,36.221507,35.476291,35.642982,2193200,0.00,0.0,-,30.164263,36.319174,36.129832,35.800857,1702708.00
04/03/2017,36.554905,36.760824,35.535136,35.770466,1829000,0.00,0.0,-,30.099841,36.288189,36.187684,35.757714,1686978.00
03/31/2017,36.192100,36.741209,36.094046,36.388210,1572800,0.00,0.0,-,30.034193,36.252497,36.246027,35.818507,1683836.00
03/30/2017,36.005785,36.525475,35.917535,36.398003,2175800,0.00,0.0,-,29.965261,36.200723,36.291622,35.833215,1684942.00
03/29/2017,35.574358,36.103856,35.290001,36.005802,1393100,0.00,0.0,-,29.895789,36.145028,36.311234,35.868516,1687522.00
03/28/2017,35.260579,35.956769,35.191941,35.770466,1322500,0.00,0.0,-,29.828621,36.094432,36.386245,35.959706,1691110.00
03/27/2017,34.887953,35.407643,34.387871,35.280170,1106000,0.00,0.0,-,29.764836,36.063250,36.427427,36.033247,1681964.00
03/24/2017,35.917536,36.094035,35.250762,35.427261,1241700,0.00,0.0,-,29.706592,36.032265,36.532837,36.198961,1687858.00
03/23/2017,35.633186,36.123461,35.505713,35.721436,1712400,0.00,0.0,-,29.648984,36.004614,36.612752,36.314666,1683020.00
03/22/2017,35.201750,35.868524,34.995831,35.603775,1831800,0.00,0.0,-,29.588533,35.968137,36.647561,36.343103,1666892.00
03/21/2017,36.535289,36.535289,34.976214,35.211548,2315400,0.00,0.0,-,29.527788,35.926562,36.713748,36.458806,1655898.00
03/20/2017,36.437237,36.554902,36.074435,36.378403,676700,0.00,0.0,-,29.467484,35.906755,36.839258,36.617655,1637960.00
03/17/2017,36.839254,36.888281,36.299952,36.535282,1695100,0.00,0.0,-,29.401444,35.863022,36.846122,36.673546,1651934.00
03/16/2017,37.133429,37.260901,36.682377,36.751015,884800,0.00,0.0,-,29.336140,35.820859,36.869165,36.750030,1641712.00
03/15/2017,36.672572,37.260900,36.505876,36.917709,1435200,0.00,0.0,-,29.270198,35.770458,36.865242,36.753951,1650240.00
03/14/2017,36.515682,36.574513,35.917546,36.505875,874600,0.00,0.0,-,29.201608,35.715547,36.852494,36.812783,1655452.00
03/13/2017,36.643145,37.162839,36.535284,36.937309,1308700,0.00,0.0,-,29.134637,35.663774,36.848572,36.821608,1657748.00
03/10/2017,36.437228,36.682366,36.231314,36.584312,1436100,0.00,0.0,-,29.064724,35.600038,36.813763,36.866713,1649438.00
03/09/2017,36.535296,36.790242,35.790080,36.005802,1463900,0.00,0.0,-,28.992849,35.555522,36.794643,36.910838,1635002.00
03/08/2017,36.907887,37.035360,36.554889,36.760807,2098400,0.00,0.0,-,28.924946,35.518064,36.767677,36.952020,1618224.00
03/07/2017,36.937314,37.417785,36.672569,36.800037,1698000,0.00,0.0,-,28.853023,35.463350,36.717179,36.968689,1602508.00
03/06/2017,36.927505,37.094201,36.584314,36.937309,1344300,0.00,0.0,-,28.779678,35.414323,36.675505,37.060861,1598374.00
03/03/2017,36.780427,37.388371,36.770623,37.300121,1326200,0.00,0.0,-,28.704911,35.372355,36.623046,37.018697,1595636.00
03/02/2017,37.535446,37.711945,36.741203,36.790230,2362300,0.00,0.0,-,28.629899,35.316071,36.499986,36.988300,1599780.00
03/01/2017,37.231474,37.809999,37.104002,37.506027,2217100,0.00,0.0,-,28.559691,35.277634,36.410756,36.976534,1662290.00
02/28/2017,37.260894,37.260894,36.388205,36.594120,1936600,0.00,0.0,-,28.484189,35.220958,36.295051,36.892206,1665440.00
02/27/2017,37.035361,37.633496,36.780416,37.388359,1298500,0.00,0.0,-,28.415992,35.174676,36.258771,36.875537,1659130.00
02/24/2017,36.103847,37.025562,35.976374,37.025562,1632100,0.00,0.0,-,28.344902,35.114666,36.188662,36.760814,1673312.00
02/23/2017,37.015758,37.113811,35.819486,36.417622,1942300,0.00,0.0,-,28.275773,35.073679,36.173463,36.678448,1698944.00
02/22/2017,37.790390,38.064943,36.849063,36.927505,2089000,0.00,0.0,-,28.207478,35.043086,36.196016,36.583334,1723792.00
02/21/2017,35.976375,37.927671,35.339019,37.721756,2819700,0.00,0.0,-,28.138692,34.992882,36.183759,36.465668,1738784.00
02/17/2017,36.770612,36.770612,35.829285,36.515671,2265200,0.00,0.0,-,28.063631,34.916595,36.002357,36.290149,1706316.00
02/16/2017,36.701983,36.996147,36.250931,36.996147,1208400,0.00,0.0,-,27.994895,34.852271,35.875866,36.227394,1691460.00
02/15/2017,36.672565,36.868672,36.339178,36.672565,1132600,0.00,0.0,-,27.924246,34.774024,35.716037,36.011673,1717874.00
02/14/2017,36.221502,36.662750,35.868507,36.662750,1445000,0.00,0.0,-,27.858157,34.703424,35.563071,35.844978,1726586.00
02/13/2017,36.525487,37.005958,36.211711,36.427433,1194800,0.00,0.0,-,27.791136,34.638708,35.403732,35.697895,1753260.00
02/10/2017,36.388207,36.564706,35.731237,36.241123,1108600,0.00,0.0,-,27.724606,34.571442,35.292929,35.642004,1829492.00
02/09/2017,35.466492,36.260739,35.446884,36.201904,1151700,0.00,0.0,-,27.662488,34.481232,35.167418,35.616510,1843984.00
02/08/2017,35.819479,35.878313,35.201735,35.466480,1128100,0.00,0.0,-,27.597331,34.390040,35.059558,35.668479,1860148.00
02/07/2017,35.995988,36.211710,35.368437,35.750851,1406800,0.00,0.0,-,27.532516,34.325520,34.981115,35.808698,1851758.00
02/06/2017,35.888122,36.878480,35.682208,35.966568,2408300,0.00,0.0,-,27.468535,34.253352,34.869823,35.901850,1865362.00
02/03/2017,35.339017,35.995984,35.172322,35.888123,1610100,0.00,0.0,-,27.401221,34.165887,34.782554,35.714565,1859496.00
02/02/2017,35.074262,35.201734,34.613402,34.838928,1103700,0.00,0.0,-,27.334053,34.081168,34.697737,35.524338,1852366.00
02/01/2017,35.456675,35.819477,34.848735,35.005623,2181700,0.00,0.0,-,27.272082,34.010372,34.677145,35.420401,1877298.00
01/31/2017,36.005779,36.015583,35.005618,35.191921,2270000,0.00,0.0,-,27.208003,33.942714,34.638414,35.281163,1890912.00
01/30/2017,35.799881,35.907742,35.201748,35.868523,1484800,0.00,0.0,-,27.142846,33.870938,34.587426,35.109568,1906992.00
01/27/2017,36.672565,36.692173,35.741042,35.986179,1845000,0.00,0.0,-,27.074355,33.801515,34.489861,34.943854,1951432.00
01/26/2017,37.094202,37.339339,36.613731,36.721592,1442100,0.00,0.0,-,27.006010,33.705225,34.378078,34.718327,1989334.00
01/25/2017,36.770622,37.260897,36.633345,36.868675,3080100,0.00,0.0,-,26.932175,33.586775,34.259922,34.450637,2020868.00
01/24/2017,34.348660,36.741204,34.348660,36.682369,4435100,0.00,0.0,-,26.855349,33.464402,34.123135,34.153532,2018606.00
01/23/2017,33.985855,34.211381,33.485776,34.093716,1406700,0.00,0.0,-,26.780435,33.332617,33.990271,33.837795,2058082.00
01/20/2017,33.956440,34.280019,33.446553,33.985855,1671900,0.00,0.0,-,26.717042,33.219461,34.003019,33.850544,2068326.00
01/19/2017,33.681884,33.887803,33.299470,33.799553,1628100,0.00,0.0,-,26.657229,33.101207,34.045672,33.871135,2066380.00
01/18/2017,33.534809,33.613251,33.005311,33.613251,2304800,0.00,0.0,-,26.596337,32.975893,34.079991,33.933890,2095970.00
01/17/2017,34.132942,34.191772,33.466167,33.475971,1572500,0.00,0.0,-,26.536915,32.858815,34.142747,33.995665,2150792.00
01/13/2017,33.740713,34.348653,33.740713,34.211376,865200,0.00,0.0,-,26.479651,32.748013,34.202560,34.065284,2191578.00
01/12/2017,34.142736,34.319236,33.475962,33.730907,1400700,0.00,0.0,-,26.419200,32.619757,34.205993,34.035868,2244322.00
01/11/2017,33.887813,34.064312,33.681894,34.044701,999800,0.00,0.0,-,26.361446,32.508955,34.238841,34.037830,2248664.00
01/10/2017,33.632876,34.054513,33.456377,33.897625,906000,0.00,0.0,-,26.301926,32.388151,34.285416,34.069206,2272164.00
01/09/2017,34.142745,34.142745,33.466167,33.524998,1282100,0.00,0.0,-,26.241721,32.263033,34.334934,34.092738,2289728.00
01/06/2017,34.260418,34.691863,34.044700,34.221199,1418500,0.00,0.0,-,26.183427,32.149877,34.379549,34.142747,2295058.00
01/05/2017,34.417295,34.593794,34.132938,34.191769,1375400,0.00,0.0,-,26.121750,32.022602,34.363859,34.155494,2318624.00
01/04/2017,34.299632,34.593797,34.230994,34.427105,1184000,0.00,0.0,-,26.062084,31.897484,34.319245,34.220210,2318530.00
01/03/2017,34.476133,34.917381,33.976054,34.230995,1311200,0.00,0.0,-,26.000947,31.763344,34.252077,34.226092,2323758.00
12/30/2016,34.064308,34.505552,33.907420,34.172165,1695800,0.00,0.0,-,25.940937,31.634500,34.197657,34.289828,2329820.00
12/29/2016,33.848579,33.995659,33.672080,33.917217,989400,0.00,0.0,-,25.880486,31.504283,34.160396,34.339836,2332284.00
12/28/2016,34.466327,34.574185,33.662277,33.750523,893200,0.00,0.0,-,25.819692,31.373282,34.117742,34.376117,2337558.00
12/27/2016,34.260410,34.446717,34.211383,34.358467,714300,0.00,0.0,-,25.758359,31.239731,34.016746,34.439853,2377374.00
12/23/2016,34.015277,34.152557,33.927028,34.132946,625000,0.00,0.0,-,25.696682,31.100493,33.880940,34.501627,2394772.00
12/22/2016,34.407499,34.603610,33.985863,34.025085,1312600,0.00,0.0,-,25.636623,30.964589,33.786316,34.577129,2431418.00
12/21/2016,34.701662,34.731077,34.221195,34.348663,1491300,0.00,0.0,-,25.574898,30.833195,33.692184,34.616350,2449076.00
12/20/2016,34.780098,34.986012,34.554572,34.838928,1207400,0.00,0.0,-,25.510819,30.692780,33.554417,34.572225,2456526.00
12/19/2016,34.858541,35.103679,34.250602,34.485931,1533400,0.00,0.0,-,25.444485,30.560014,33.395078,34.418280,2475046.00
12/16/2016,34.711471,35.162523,34.672248,34.868359,5487800,0.00,0.0,-,25.379965,30.429405,33.235739,34.278062,2488788.00
12/15/2016,34.221189,34.829129,34.132940,34.672241,2374600,0.00,0.0,-,25.312307,30.292520,33.073458,34.105486,2407932.00
12/14/2016,34.289833,34.770300,34.083915,34.280025,1621100,0.00,0.0,-,25.244403,30.153282,32.920001,33.980957,2389912.00
12/13/2016,35.025237,35.044849,34.132937,34.387878,2007600,0.00,0.0,-,25.176942,30.014828,32.825869,33.859368,2404506.00
12/12/2016,35.976369,36.133257,34.760489,34.976208,2913700,0.00,0.0,-,25.107421,29.873825,32.665059,33.593639,2413156.00
12/09/2016,34.407499,35.152715,34.172165,34.887970,3184700,0.00,0.0,-,25.032016,29.723213,32.456202,33.260253,2392868.00
12/08/2016,33.995661,34.466328,33.868192,34.417297,2838600,0.00,0.0,-,24.956661,29.570639,32.249306,32.995504,2376664.00
12/07/2016,33.368108,33.956440,33.181805,33.907413,1196300,0.00,0.0,-,24.882237,29.428067,32.033095,32.768018,2378744.00
12/06/2016,33.083754,33.426945,32.907255,33.299473,1522400,0.00,0.0,-,24.803499,29.277062,31.759522,32.536608,2412312.00
12/05/2016,33.417143,33.505389,32.897449,33.083755,2529100,0.00,0.0,-,24.728683,29.129784,31.498205,32.371876,2422106.00
12/02/2016,33.466177,33.623065,32.887652,33.142593,1568200,0.00,0.0,-,24.656515,28.982113,31.220710,32.193415,2415188.00
12/01/2016,33.368118,33.976062,33.122980,33.426952,2778700,0.00,0.0,-,24.582385,28.827970,30.951548,32.041430,2416100.00
11/30/2016,32.073779,33.475966,32.073779,33.064137,5006400,0.00,0.0,-,24.506295,28.663630,30.676994,31.859046,2409186.00
11/29/2016,31.573705,31.936507,31.407009,31.730593,1833200,0.00,0.0,-,24.431969,28.490269,30.413717,31.792369,2345088.00
11/28/2016,32.132622,32.240483,31.603124,31.642347,1959900,0.00,0.0,-,24.361762,28.353972,30.236727,31.736478,2338426.00
11/25/2016,32.152229,32.260090,31.956118,32.240479,708600,0.00,0.0,-,24.290132,28.210027,30.054835,31.652151,2355722.00
11/23/2016,31.632547,32.181656,31.436440,32.142433,2087000,0.00,0.0,-,24.213699,28.054316,29.824896,31.503108,2368082.00
11/22/2016,31.612930,31.701180,31.220709,31.593319,2115000,0.00,0.0,-,24.138735,27.895271,29.611136,31.298172,2351738.00
11/21/2016,31.397206,31.740397,31.308956,31.652147,1253600,0.00,0.0,-,24.066763,27.751130,29.424341,30.982436,2353208.00
11/18/2016,31.063821,31.612930,31.054015,31.299152,2350300,0.00,0.0,-,23.995036,27.614441,29.238527,30.624535,2382466.00
11/17/2016,31.730597,31.789428,31.122655,31.622736,2862400,0.00,0.0,-,23.930810,27.485009,29.059577,30.248004,2384750.00
11/16/2016,32.250282,32.299308,31.554092,31.603119,3074000,0.00,0.0,-,23.865358,27.364597,28.867879,29.861667,2352024.00
11/15/2016,31.956121,32.485619,31.710984,32.397369,3706800,0.00,0.0,-,23.798436,27.242617,28.670789,29.494942,2326956.00
11/14/2016,30.965766,31.250126,30.720628,31.171682,3740100,0.00,0.0,-,23.726414,27.108870,28.419278,29.035064,2285806.00
11/11/2016,30.593160,30.799074,30.348022,30.799074,3018800,0.00,0.0,-,23.662482,26.998460,28.214342,28.736976,2244154.00
11/10/2016,30.397045,30.965764,30.240157,30.750044,2967000,0.00,0.0,-,23.600168,26.887265,28.044217,28.457519,2216464.00
11/09/2016,29.357668,30.710826,29.328251,30.093081,6408900,0.00,0.0,-,23.534668,26.776855,27.873601,28.146684,2189892.00
11/08/2016,28.073147,28.632062,27.896649,28.435951,1918900,0.00,0.0,-,23.471324,26.683899,27.741717,27.924099,2087056.00
11/07/2016,27.984897,28.367311,27.808398,28.073145,1574600,0.00,0.0,-,23.416953,26.627420,27.686316,27.866246,2075712.00
11/04/2016,27.651505,28.161390,27.190645,27.533838,3107600,0.00,0.0,-,23.364003,26.575843,27.692689,27.852518,2079814.00
11/03/2016,28.475166,28.828163,26.759204,27.759363,5045900,0.00,0.0,-,23.314044,26.539366,27.713771,27.871149,2046318.00
11/02/2016,27.759370,27.975092,27.602482,27.935869,3611800,0.00,0.0,-,23.261830,26.499556,27.727008,27.874091,1998714.00
11/01/2016,28.298668,28.377112,27.651506,27.798588,3502400,0.00,0.0,-,23.208635,26.457784,27.715732,27.846636,1958346.00
10/31/2016,28.043725,28.239834,27.729950,28.190807,1617800,0.00,0.0,-,23.155685,26.411699,27.693669,27.803492,1949584.00
10/28/2016,27.690728,28.220225,27.690728,28.004503,2174800,0.00,0.0,-,23.103618,26.356592,27.651015,27.691709,1959218.00
10/27/2016,27.926053,28.033915,27.602472,27.641695,1784200,0.00,0.0,-,23.051992,26.309133,27.623070,27.630914,1992426.00
10/26/2016,27.592675,28.102561,27.386760,27.867229,1548600,0.00,0.0,-,23.002425,26.255203,27.603949,27.600518,1990872.00
10/25/2016,27.857420,28.926219,27.778976,27.857420,2596800,0.00,0.0,-,22.953790,26.195782,27.575023,27.559335,1988658.00
10/24/2016,27.906452,28.004507,27.739760,27.935869,1370700,0.00,0.0,-,22.905057,26.136360,27.500011,27.506385,1964574.00
10/21/2016,27.514230,27.916255,27.367148,27.720146,1445400,0.00,0.0,-,22.857059,26.065957,27.399995,27.532860,1977556.00
10/20/2016,27.543645,27.857420,27.514227,27.788782,1614300,0.00,0.0,-,22.811218,26.003202,27.298998,27.556392,1989568.00
10/19/2016,27.514234,27.808400,27.220070,27.661316,1819000,0.00,0.0,-,22.767583,25.932406,27.181332,27.579925,1987372.00
10/18/2016,27.455397,27.710340,27.337730,27.367147,1253100,0.00,0.0,-,22.724684,25.865336,27.058763,27.584828,1980864.00
10/17/2016,27.406368,27.494618,26.896482,27.072981,2884000,0.00,0.0,-,22.687423,25.801208,26.910209,27.583847,1991126.00
10/14/2016,27.533835,27.847611,27.337724,27.396559,1584200,0.00,0.0,-,22.651339,25.747082,26.802349,27.610322,2012150.00
10/13/2016,27.259285,27.465201,26.906288,27.337729,2457300,0.00,0.0,-,22.614961,25.659029,26.654776,27.615225,2097820.00
10/12/2016,27.327926,27.504423,27.161232,27.455397,2195500,0.00,0.0,-,22.580102,25.610786,26.510636,27.607381,2093772.00
10/11/2016,28.053533,28.112366,27.180843,27.327927,1863800,0.00,0.0,-,22.543920,25.555287,26.347374,27.590711,2107532.00
10/10/2016,28.141781,28.308474,28.014308,28.200613,2133400,0.00,0.0,-,22.508669,25.506651,26.200292,27.493637,2107162.00
10/07/2016,27.955475,28.141780,27.749558,27.955475,2220500,0.00,0.0,-,22.470183,25.444681,26.031147,27.267130,2087294.00
10/06/2016,27.602474,28.043722,27.504419,28.024111,1445000,0.00,0.0,-,22.429539,25.387024,25.874749,27.041603,2066104.00
10/05/2016,27.524034,27.818200,27.367146,27.710339,1473600,0.00,0.0,-,22.387326,25.333290,25.753652,26.782738,2072400.00
10/04/2016,27.406368,27.945670,27.239675,27.357340,2350800,0.00,0.0,-,22.346143,25.284263,25.643340,26.532697,2071580.00
10/03/2016,27.288702,27.524033,27.014147,27.337729,2440100,0.00,0.0,-,22.306725,25.235628,25.560974,26.236571,2051078.00
09/30/2016,27.239676,27.592673,27.190648,27.445591,1899300,0.00,0.0,-,22.271572,25.186992,25.476646,25.994375,2026096.00
09/29/2016,27.278898,27.543647,27.063178,27.259287,2374500,0.00,0.0,-,22.233968,25.136592,25.366334,25.694328,2011868.00
09/28/2016,26.465040,27.308313,26.445429,27.288702,2942600,0.00,0.0,-,22.194942,25.092467,25.264847,25.413891,1994462.00
09/27/2016,25.817878,26.435624,25.739434,26.357180,2874700,0.00,0.0,-,22.155720,25.045989,25.172676,25.104037,1961106.00
09/26/2016,25.611962,26.180681,25.523712,25.935543,2012100,0.00,0.0,-,22.124049,25.022456,25.135415,24.906947,1935454.00
09/23/2016,25.602157,26.033598,25.504102,25.700211,2183200,0.00,0.0,-,22.094044,25.003041,25.113353,24.795164,1945540.00
09/22/2016,25.396238,25.553126,25.160906,25.435461,1613800,0.00,0.0,-,22.064922,24.986372,25.113843,24.707895,1938452.00
09/21/2016,24.533354,25.249155,24.396076,25.209932,2433000,0.00,0.0,-,22.039967,24.976370,25.130513,24.724565,1955860.00
09/20/2016,24.994214,24.994214,24.337246,24.396078,1801500,0.00,0.0,-,22.019522,24.970095,25.162381,24.753982,1958372.00
09/19/2016,24.641215,25.043242,24.621605,24.915770,1500100,0.00,0.0,-,22.010011,24.965977,25.217292,24.885376,1954682.00
09/16/2016,24.298030,24.474528,24.013670,24.445112,2824700,0.00,0.0,-,21.996234,24.945385,25.243277,24.958917,1962640.00
09/15/2016,24.288226,24.523558,24.170559,24.454920,1326600,0.00,0.0,-,21.984615,24.920479,25.302600,25.038341,1949628.00
09/14/2016,24.386271,24.474519,24.111717,24.190161,1269800,0.00,0.0,-,21.970446,24.891455,25.327113,25.115804,1967622.00
09/13/2016,24.611804,24.758886,24.229388,24.386278,2188500,0.00,0.0,-,21.955982,24.859489,25.362413,25.241315,1981886.00
09/12/2016,24.601996,24.915772,24.562773,24.817717,2716500,0.00,0.0,-,21.940343,24.826150,25.387417,25.363883,1964288.00
09/09/2016,25.406047,25.406047,24.788301,24.827522,2464500,0.00,0.0,-,21.922938,24.783202,25.367316,25.431542,1956134.00
09/08/2016,25.562937,25.700213,25.523716,25.602160,1226100,0.00,0.0,-,21.903768,24.726526,25.355059,25.519791,1965816.00
09/07/2016,25.651187,25.680604,25.376632,25.504105,1820600,0.00,0.0,-,21.881166,24.644356,25.287401,25.536460,1985046.00
09/06/2016,25.788458,25.876708,25.651182,25.710014,1649300,0.00,0.0,-,21.859300,24.560225,25.227587,25.570779,2002718.00
09/02/2016,25.435462,25.670794,25.298184,25.651182,1657500,0.00,0.0,-,21.835228,24.497274,25.150124,25.549208,2067316.00
09/01/2016,25.170715,25.258965,24.729467,25.239353,1634300,0.00,0.0,-,21.809684,24.457071,25.085898,25.527636,2071262.00
08/31/2016,25.327601,25.396239,25.082463,25.229546,1638400,0.00,0.0,-,21.787279,24.414319,24.973625,25.566858,2070930.00
08/30/2016,25.680604,25.700214,25.366829,25.445272,1267100,0.00,0.0,-,21.762618,24.370587,24.958427,25.538423,2065686.00
08/29/2016,25.504102,25.719822,25.484491,25.611963,1351700,0.00,0.0,-,21.736731,24.321363,24.920185,25.483512,2063358.00
08/26/2016,25.808077,25.915938,25.425663,25.494301,1779700,0.00,0.0,-,21.714816,24.264295,24.884395,25.410950,2098996.00
08/25/2016,25.749237,25.935542,25.572738,25.710014,1432800,0.00,0.0,-,21.692705,24.207227,24.864784,25.303089,2099476.00
08/24/2016,25.808073,26.004184,25.631574,25.768852,2665700,0.00,0.0,-,21.668289,24.145060,24.832916,25.190326,2116810.00
08/23/2016,25.592353,25.857101,25.513909,25.847296,1593400,0.00,0.0,-,21.641667,24.079756,24.811344,25.038341,2102006.00
08/22/2016,25.317802,25.513912,25.190331,25.494301,3064300,0.00,0.0,-,21.614065,24.014255,24.781927,24.884394,2108474.00
08/19/2016,25.455071,25.602155,25.357017,25.435461,2099500,0.00,0.0,-,21.584403,23.964639,24.753491,24.751040,2080458.00
08/18/2016,24.994219,25.670799,24.974608,25.631577,3835200,0.00,0.0,-,21.556065,23.928555,24.727017,24.644161,2067822.00
08/17/2016,24.847135,24.964800,24.700053,24.945190,1706500,0.00,0.0,-,21.526109,23.894039,24.691717,24.380392,2024446.00
08/16/2016,24.837330,24.974606,24.788303,24.896162,1437900,0.00,0.0,-,21.499978,23.867761,24.697110,24.378432,2036658.00
08/15/2016,24.445103,24.935377,24.405880,24.886349,1392600,0.00,0.0,-,21.472816,23.838932,24.700542,24.356859,2033402.00
08/12/2016,24.601996,24.758884,24.180360,24.415691,2019800,0.00,0.0,-,21.445655,23.804221,24.715251,24.357840,2047530.00
08/11/2016,24.288220,24.798106,24.288220,24.582384,2046000,0.00,0.0,-,21.418298,23.779315,24.742706,24.426479,2043898.00
08/10/2016,24.396079,24.503940,24.160747,24.248997,1504500,0.00,0.0,-,21.391039,23.757154,24.756924,24.475507,2057888.00
08/09/2016,24.229387,24.592191,24.229387,24.307833,1493600,0.00,0.0,-,21.365299,23.743427,24.791243,24.584347,2245224.00
08/08/2016,24.454919,24.680445,24.101921,24.160753,1766200,0.00,0.0,-,21.338481,23.721266,24.820659,24.679461,2263870.00
08/05/2016,23.140983,24.435309,23.140983,24.366671,3935200,0.00,0.0,-,21.313526,23.700283,24.822130,24.755943,2277512.00
08/04/2016,23.945027,24.131332,22.768367,22.993895,5867700,0.00,0.0,-,21.288963,23.672043,24.798106,24.809873,2259518.00
08/03/2016,24.670638,24.964802,24.533361,24.925581,2254900,0.00,0.0,-,21.268666,23.656354,24.808402,25.003042,2221644.00
08/02/2016,24.866740,24.964794,24.435298,24.680435,2883500,0.00,0.0,-,21.235916,23.606346,24.712307,25.015789,2225962.00
08/01/2016,25.092273,25.288383,24.807912,24.896162,1845300,0.00,0.0,-,21.241014,23.560260,24.607879,25.044225,2259430.00
07/29/2016,25.072660,25.219742,24.768690,25.102077,1140000,0.00,0.0,-,21.242044,23.504957,24.499038,25.072661,2274672.00
07/28/2016,25.278579,25.415855,25.004024,25.072662,1161000,0.00,0.0,-,21.243417,23.442594,24.377450,25.058933,2328978.00
07/27/2016,25.258958,25.474679,25.219736,25.337402,1759800,0.00,0.0,-,21.246898,23.387095,24.223504,25.038341,2353680.00
07/26/2016,24.974606,25.278578,24.788303,25.258966,1432600,0.00,0.0,-,21.250183,23.335322,24.031316,24.998139,2366036.00
07/25/2016,24.807914,24.974608,24.651026,24.925581,1325700,0.00,0.0,-,21.255183,23.278254,23.833245,24.961858,2390882.00
07/22/2016,24.837330,24.925579,24.660830,24.905968,1191000,0.00,0.0,-,21.259008,23.238835,23.715089,24.888316,2406984.00
07/21/2016,25.013831,25.249162,24.905970,24.925581,1187900,0.00,0.0,-,21.260135,23.204124,23.651843,24.786339,2429494.00
07/20/2016,24.935386,25.111885,24.611805,25.053051,1504200,0.00,0.0,-,21.260822,23.169608,23.560652,24.613762,2439908.00
07/19/2016,25.151103,25.190326,24.876550,24.964798,1274800,0.00,0.0,-,21.256899,23.123719,23.460146,24.408826,2442126.00
07/18/2016,24.896163,25.258967,24.837330,25.180523,1592100,0.00,0.0,-,21.253124,23.087831,23.361110,24.171533,2464530.00
07/15/2016,24.964798,25.072659,24.788301,24.964798,2516400,0.00,0.0,-,21.245917,23.038411,23.240012,23.925415,2510322.00
07/14/2016,25.180519,25.268768,24.827520,24.866743,1828800,0.00,0.0,-,21.238024,22.994482,23.123817,23.695967,2512360.00
07/13/2016,24.945185,24.994211,24.601992,24.935379,2484200,0.00,0.0,-,21.229395,22.954476,23.010563,23.408666,2511688.00
07/12/2016,24.415693,24.974606,24.376472,24.896162,2558600,0.00,0.0,-,21.224247,22.924863,22.888975,23.064494,2495328.00
07/11/2016,24.013662,24.337243,24.003856,24.190161,1617000,0.00,0.0,-,21.217923,22.892113,22.772780,22.704632,2486840.00
07/08/2016,23.444948,23.954834,23.435142,23.886196,1898000,0.00,0.0,-,21.213314,22.870737,22.713947,22.541861,2498952.00
07/07/2016,23.072337,23.474363,23.062532,23.199808,2174100,0.00,0.0,-,21.213804,22.869364,22.701200,22.517348,2535604.00
07/06/2016,22.474199,23.042917,22.356532,23.003695,2226300,0.00,0.0,-,21.219933,22.868776,22.736500,22.507542,2549258.00
07/05/2016,22.582064,22.709534,22.140815,22.591869,1983000,0.00,0.0,-,21.225424,22.858774,22.767878,22.511465,2544954.00
07/01/2016,22.680120,23.111563,22.601676,22.719343,1308600,0.00,0.0,-,21.233759,22.866030,22.811022,22.550686,2554584.00
06/30/2016,22.062371,22.670313,21.974122,22.670313,2308800,0.00,0.0,-,21.242387,22.861716,22.832594,22.554608,2570518.00
06/29/2016,21.768210,22.032957,21.532877,21.993736,2948600,0.00,0.0,-,21.249692,22.857402,22.857598,22.551667,2547368.00
06/28/2016,21.591713,21.719184,21.179882,21.493658,2187600,0.00,0.0,-,21.258468,22.866422,22.931629,22.612461,2528588.00
06/27/2016,22.229066,22.278092,21.248516,21.297543,2704200,0.00,0.0,-,21.270627,22.880346,23.035077,22.713457,2511492.00
06/24/2016,22.778171,22.964476,22.513422,22.562450,4879200,0.00,0.0,-,21.284453,22.897604,23.130190,22.840928,2485494.00
06/23/2016,23.327284,23.660669,23.307673,23.641060,1854800,0.00,0.0,-,21.291072,22.889760,23.157646,22.886034,2412404.00
06/22/2016,23.131172,23.376310,23.052728,23.101755,1617700,0.00,0.0,-,21.292591,22.863285,23.123326,22.885053,2407512.00
06/21/2016,22.974283,23.150782,22.738951,23.042921,1376200,0.00,0.0,-,21.293229,22.840340,23.078712,22.965458,2411696.00
06/20/2016,23.121361,23.297861,22.974279,22.984085,1150700,0.00,0.0,-,21.295092,22.809550,23.047824,23.024292,2424306.00
06/17/2016,22.709535,22.954673,22.591870,22.758562,3133600,0.00,0.0,-,21.296367,22.783860,23.017427,23.071358,2436392.00
06/16/2016,22.425177,22.689924,22.258484,22.640898,1803700,0.00,0.0,-,21.296612,22.756993,22.986050,23.110580,2442750.00
06/15/2016,22.562452,22.974283,22.317315,22.601673,2299500,0.00,0.0,-,21.302250,22.744638,22.953201,23.163529,2454518.00
06/14/2016,22.464397,22.611479,22.268287,22.503620,1925500,0.00,0.0,-,21.305780,22.725027,22.938002,23.250798,2451694.00
06/13/2016,22.935060,23.091948,22.542841,22.572258,1916800,0.00,0.0,-,21.309212,22.709534,22.950259,23.356697,2446360.00
06/10/2016,23.337087,23.376310,22.915452,23.013506,1663500,0.00,0.0,-,21.306221,22.698552,22.941925,23.419452,2449070.00
06/09/2016,23.680281,23.699892,23.425338,23.631254,1467700,0.00,0.0,-,21.298181,22.680706,22.938983,23.429258,2451516.00
06/08/2016,23.739114,23.994057,23.660670,23.905807,1666400,0.00,0.0,-,21.287738,22.651682,22.915940,23.361600,2457662.00
06/07/2016,23.454755,23.837169,23.386117,23.631254,2317100,0.00,0.0,-,21.281266,22.616382,22.880640,23.191965,2459406.00
06/06/2016,23.248834,23.513583,23.131169,23.454750,1275100,0.00,0.0,-,21.279109,22.580886,22.837005,23.071357,2444250.00
06/03/2016,23.131168,23.219418,22.827198,23.150780,2099000,0.00,0.0,-,21.280384,22.549116,22.822787,22.963497,2472032.00
06/02/2016,23.405723,23.425332,23.072336,23.170389,1838200,0.00,0.0,-,21.284698,22.523818,22.800725,22.861519,2476394.00
06/01/2016,23.356693,23.533192,23.239028,23.474360,2745500,0.00,0.0,-,21.288767,22.505580,22.780624,22.742873,2487372.00
05/31/2016,23.229229,23.748919,23.170395,23.562616,10871300,0.00,0.0,-,21.291660,22.480086,22.750227,22.625207,2472566.00
05/27/2016,23.062532,23.288058,22.984088,23.199808,2425900,0.00,0.0,-,21.292444,22.453415,22.744834,22.543821,2315654.00
05/26/2016,23.062534,23.219422,22.915452,23.111561,2448300,0.00,0.0,-,21.298720,22.431059,22.747776,22.464397,2306792.00
05/25/2016,22.356534,23.062531,22.346730,22.954670,3035500,0.00,0.0,-,21.303034,22.403995,22.748266,22.448708,2306184.00
05/24/2016,22.454597,22.689929,22.013350,22.209459,3974000,0.00,0.0,-,21.308280,22.374579,22.791411,22.470280,2316656.00
05/23/2016,22.356538,22.591872,22.111401,22.425179,2470800,0.00,0.0,-,21.313134,22.370853,22.839457,22.569315,2280298.00
05/20/2016,22.287895,22.758558,22.268283,22.376144,4556900,0.00,0.0,-,21.315438,22.364773,22.843379,22.602653,2268042.00
05/19/2016,21.856455,22.199646,21.699566,22.131008,2607400,0.00,0.0,-,21.316860,22.350850,22.872305,22.682078,2242888.00
05/18/2016,22.180037,22.346731,21.768206,21.983927,3855300,0.00,0.0,-,21.340197,22.338887,22.890936,22.739931,2260590.00
05/17/2016,22.748753,22.886029,22.248672,22.297699,2396100,0.00,0.0,-,21.364711,22.330650,22.914469,22.818375,2244778.00
05/16/2016,22.513423,22.915450,22.513423,22.748756,2377600,0.00,0.0,-,21.388637,22.316335,22.921823,22.875248,2255536.00
05/13/2016,22.856621,23.131176,22.356540,22.405569,2674900,0.00,0.0,-,21.411091,22.288095,22.893878,22.945847,2270036.00
05/12/2016,23.327280,23.484168,22.876226,22.954670,2130800,0.00,0.0,-,21.435311,22.261816,22.881621,23.031155,2275802.00
05/11/2016,23.199806,23.346888,23.062530,23.170389,2316500,0.00,0.0,-,21.453941,22.218476,22.842399,23.047824,2295844.00
05/10/2016,22.935059,23.248835,22.935059,23.199808,1708600,0.00,0.0,-,21.468649,22.164742,22.799745,23.112541,2311234.00
05/09/2016,23.101755,23.140978,22.709535,22.758562,1615100,0.00,0.0,-,21.485025,22.098653,22.737480,23.109599,2363014.00
05/06/2016,22.689920,23.180195,22.562449,23.170389,2395000,0.00,0.0,-,21.505861,22.039820,22.674725,23.084105,2413544.00
05/05/2016,22.552652,23.209620,21.944710,22.709539,3881700,0.00,0.0,-,21.526159,21.967063,22.601184,23.062533,2470696.00
05/04/2016,22.787981,22.974286,22.572261,22.768370,2618300,0.00,0.0,-,21.550427,21.876068,22.536467,23.041941,2514108.00
05/03/2016,23.297867,23.297867,22.738954,22.866425,1795200,0.00,0.0,-,21.574598,21.787426,22.499207,23.010563,2519816.00
05/02/2016,23.278251,23.454750,22.974281,23.454750,1666200,0.00,0.0,-,21.598474,21.703099,22.436942,22.968399,2540188.00
04/29/2016,23.101756,23.493976,23.052730,23.258644,2134200,0.00,0.0,-,21.620978,21.600337,22.350653,22.841908,2565398.00
04/28/2016,23.650862,23.807750,23.042921,23.121365,2222600,0.00,0.0,-,21.643383,21.499341,22.288879,22.732087,2610218.00
04/27/2016,23.170394,23.905806,23.042923,23.817558,3730600,0.00,0.0,-,21.669466,21.400893,22.238871,22.636974,2677400.00
04/26/2016,22.552644,23.248833,22.523227,23.170389,2856800,0.00,0.0,-,21.690597,21.278325,22.156995,22.486949,2674244.00
04/25/2016,22.837007,23.023310,22.317315,22.503620,2011100,0.00,0.0,-,21.712463,21.161247,22.105516,22.365361,2699278.00
04/22/2016,22.493812,22.984087,22.385951,22.954670,2464500,0.00,0.0,-,21.736879,21.050249,22.073158,22.265345,2733082.00
04/21/2016,22.444786,22.533035,22.287898,22.503620,2105300,0.00,0.0,-,21.757912,20.934152,22.018737,22.139835,2765746.00
04/20/2016,22.464397,22.582064,22.366342,22.454592,1151300,0.00,0.0,-,21.786544,20.828056,21.987850,22.030994,2796222.00
04/19/2016,22.346729,22.631087,22.287894,22.444782,2009600,0.00,0.0,-,21.813117,20.725099,21.978045,21.987850,2870714.00
04/18/2016,22.023151,22.336928,21.866263,22.189844,1332800,0.00,0.0,-,21.840866,20.645282,21.965788,21.905484,2873510.00
04/15/2016,22.131008,22.199646,21.915288,22.160425,1404300,0.00,0.0,-,21.870822,20.572133,21.967749,21.859398,2900936.00
04/14/2016,22.346734,22.385955,22.160429,22.170235,1224700,0.00,0.0,-,21.901317,20.493297,21.963827,21.845671,2930520.00
04/13/2016,22.023150,22.385954,21.885874,22.317316,1610200,0.00,0.0,-,21.931812,20.409754,21.943236,21.840768,2964062.00
04/12/2016,21.493652,22.160426,21.434820,21.954510,1826900,0.00,0.0,-,21.965837,20.331114,21.901562,21.827040,2986090.00
04/11/2016,21.797620,21.954508,21.464233,21.503456,2006700,0.00,0.0,-,21.999176,20.258749,21.904994,21.845670,3039496.00
04/08/2016,21.689768,21.993738,21.630933,21.699572,1755000,0.00,0.0,-,22.036780,20.181678,21.935882,21.880971,3059402.00
04/07/2016,21.856455,21.954509,21.287734,21.415207,3451500,0.00,0.0,-,22.076590,20.096174,21.934901,21.897639,3090608.00
04/06/2016,21.640738,22.189845,21.640738,22.023151,2392100,0.00,0.0,-,22.118607,20.019103,21.940785,21.944706,3087424.00
04/05/2016,21.601517,21.964319,21.552488,21.621126,2158300,0.00,0.0,-,22.154789,19.928304,21.918232,21.968240,3122548.00
04/04/2016,22.003539,22.140816,21.670152,21.728985,1658800,0.00,0.0,-,22.192786,19.846722,21.916271,22.026092,3162172.00
04/01/2016,21.885875,22.052569,21.679960,22.023151,2052300,0.00,0.0,-,22.230390,19.758473,21.896660,22.076101,3237268.00
03/31/2016,22.209458,22.336930,22.072181,22.121208,1785800,0.00,0.0,-,22.266964,19.663948,21.850084,22.081984,3315288.00
03/30/2016,22.238867,22.425172,22.023145,22.180035,1775000,0.00,0.0,-,22.300695,19.565696,21.783406,22.045703,3367654.00
03/29/2016,21.817231,22.150618,21.660343,22.140812,1753600,0.00,0.0,-,22.335603,19.477643,21.698589,21.976085,3402902.00
03/28/2016,21.964320,22.052569,21.601517,21.856461,1559300,0.00,0.0,-,22.369285,19.388413,21.586316,21.964318,3455068.00
03/24/2016,21.817230,21.974118,21.728980,21.866257,2664200,0.00,0.0,-,22.403800,19.305851,21.484339,21.990793,3480468.00
03/23/2016,22.258484,22.258484,21.856458,21.885874,2317100,0.00,0.0,-,22.436158,19.231329,21.367653,21.972163,3485292.00
03/22/2016,22.180044,22.425181,22.160432,22.258488,2387100,0.00,0.0,-,22.468075,19.155827,21.181349,21.936863,3504536.00
03/21/2016,22.140817,22.307511,22.003541,22.199650,2005200,0.00,0.0,-,22.500923,19.077383,20.985239,21.868224,3524006.00
03/18/2016,22.170238,22.395764,22.062377,22.229071,3025700,0.00,0.0,-,22.532987,19.004430,20.807759,21.806450,3539284.00
03/17/2016,21.787817,22.189843,21.748596,22.081984,1982800,0.00,0.0,-,22.569268,18.941086,20.612140,21.717219,3547022.00
03/16/2016,21.454432,21.797625,21.307350,21.758404,2417900,0.00,0.0,-,22.606136,18.881076,20.418481,21.618183,3600722.00
03/15/2016,21.660346,21.660346,21.111239,21.483847,3559100,0.00,0.0,-,22.641976,18.844208,20.240511,21.521108,3622118.00
03/14/2016,22.101597,22.140818,21.846654,22.023151,2156100,0.00,0.0,-,22.678305,18.811653,20.050775,21.421093,3596742.00
03/11/2016,21.934905,22.160431,21.836850,22.121208,1858000,0.00,0.0,-,22.712379,18.773608,19.815443,21.208314,3588286.00
03/10/2016,21.562292,21.758402,21.366183,21.679958,3299200,0.00,0.0,-,22.746551,18.738504,19.557068,20.977884,3594826.00
03/09/2016,21.640734,21.778011,21.464235,21.532873,3492500,0.00,0.0,-,22.779939,18.709284,19.330561,20.763143,3567686.00
03/08/2016,21.552486,21.827041,21.366183,21.572098,3064700,0.00,0.0,-,22.817494,18.684182,19.113859,20.425835,3518324.00
03/07/2016,21.326962,21.689766,21.160269,21.581905,2934000,0.00,0.0,-,22.857451,18.662806,18.900589,20.102253,3499740.00
03/04/2016,21.336760,21.581897,21.101428,21.336760,3102600,0.00,0.0,-,22.894810,18.627702,18.744191,19.809069,3475888.00
03/03/2016,20.817074,21.111240,20.738630,21.091629,2963200,0.00,0.0,-,22.932414,18.592598,18.603973,19.507061,3482662.00
03/02/2016,20.503295,20.846487,20.415045,20.787655,3132900,0.00,0.0,-,22.974088,18.560240,18.460323,19.218779,3598850.00
03/01/2016,19.934583,20.552328,19.895362,20.483690,3086000,0.00,0.0,-,23.015663,18.533962,18.320595,18.959913,3596372.00
02/29/2016,19.797306,20.022832,19.522751,19.895361,4297600,0.00,0.0,-,23.057238,18.530432,18.215675,18.680456,3588624.00
02/26/2016,19.610997,19.856135,19.414886,19.816912,4141600,0.00,0.0,-,23.101069,18.531020,18.137721,18.422572,3551566.00
02/25/2016,19.022665,19.718856,18.924609,19.532551,5252600,0.00,0.0,-,23.142988,18.523764,18.029371,18.136251,3539806.00
02/24/2016,18.140175,18.473562,17.483206,18.159786,6052300,0.00,0.0,-,23.188387,18.521999,17.923962,17.897978,3508646.00
02/23/2016,18.630447,18.640253,18.326477,18.336283,2903700,0.00,0.0,-,23.238640,18.559260,17.894055,17.801883,3443666.00
02/22/2016,18.502979,18.757920,18.434338,18.650061,2813800,0.00,0.0,-,23.284383,18.591226,17.851401,17.698926,3474782.00
02/19/2016,18.081347,18.493178,17.865625,18.316679,2926700,0.00,0.0,-,23.328409,18.615739,17.796000,17.679314,3495362.00
02/18/2016,18.826558,18.826558,18.012702,18.208811,4375200,0.00,0.0,-,23.373858,18.658295,17.745991,17.700886,3544672.00
02/17/2016,17.846005,18.424529,17.689117,18.199001,5581700,0.00,0.0,-,23.420728,18.716540,17.700396,17.701867,3545536.00
02/16/2016,17.532230,17.885228,17.306704,17.689119,3572800,0.00,0.0,-,23.468138,18.802436,17.650878,17.681276,3548036.00
02/12/2016,17.169433,17.532235,16.953712,17.316515,4108500,0.00,0.0,-,23.521431,18.891862,17.655291,17.750894,3551718.00
02/11/2016,16.767402,17.257677,16.443820,16.953707,3701300,0.00,0.0,-,23.580362,18.987956,17.673431,17.852871,3531786.00
02/10/2016,17.208649,17.453786,16.796818,17.149817,4097700,0.00,0.0,-,23.640518,19.081304,17.712163,17.922490,3531554.00
02/09/2016,17.090980,17.581255,16.992925,17.198841,3629100,0.00,0.0,-,23.699302,19.164259,17.761680,17.949945,3482830.00
02/08/2016,17.924455,17.993093,16.875265,17.306707,4875900,0.00,0.0,-,23.756861,19.245448,17.807276,17.986226,3463520.00
02/05/2016,18.365696,18.895193,18.336280,18.453945,2149400,0.00,0.0,-,23.813536,19.326049,17.858755,18.003876,3420120.00
02/04/2016,18.248034,18.846168,18.199005,18.532393,2704100,0.00,0.0,-,23.863496,19.376842,17.863658,17.912685,3433000.00
02/03/2016,18.140178,18.277455,17.718541,18.218622,2883500,0.00,0.0,-,23.913847,19.427830,17.890132,17.791097,3424254.00
02/02/2016,18.149977,18.248033,17.904840,17.993090,2901800,0.00,0.0,-,23.966502,19.486075,17.933276,17.698925,3430828.00
02/01/2016,18.287252,18.483363,18.061726,18.385307,2711600,0.00,0.0,-,24.019256,19.544124,18.029370,17.620481,3458442.00
01/29/2016,17.708730,18.365698,17.708730,18.336283,4497200,0.00,0.0,-,24.072058,19.587268,18.102912,17.559687,3472848.00
01/28/2016,17.679314,17.826396,17.287092,17.649897,3002000,0.00,0.0,-,24.127214,19.635707,18.192142,17.493991,3443038.00
01/27/2016,17.522425,17.865616,17.345926,17.424370,3315300,0.00,0.0,-,24.181439,19.688657,18.327948,17.501835,3475910.00
01/26/2016,17.571455,17.708731,17.375344,17.561649,3292300,0.00,0.0,-,24.235075,19.745529,18.467676,17.573415,3494238.00
01/25/2016,17.443981,17.708728,17.296897,17.483202,4148300,0.00,0.0,-,24.287583,19.818874,18.603482,17.628326,3498060.00
01/22/2016,17.679316,18.091147,17.453788,17.542038,4139500,0.00,0.0,-,24.340827,19.890650,18.754487,17.713634,3523174.00
01/21/2016,17.316515,17.816596,17.159627,17.316515,5413600,0.00,0.0,-,24.392698,19.956347,18.868721,17.814631,3595000.00
01/20/2016,16.973318,17.502816,16.718375,17.296900,5953300,0.00,0.0,-,24.446629,20.018906,18.981974,17.989167,3692918.00
01/19/2016,17.963672,18.032311,17.100789,17.208649,4404100,0.00,0.0,-,24.502912,20.079504,19.090815,18.167628,3691736.00
01/15/2016,17.159623,17.806786,17.071373,17.777369,3537400,0.00,0.0,-,24.556303,20.126570,19.204069,18.438259,3695700.00
01/14/2016,17.816594,18.051926,17.532233,17.679317,4361900,0.00,0.0,-,24.606654,20.166381,19.330560,18.646136,3704616.00
01/13/2016,18.306867,18.306867,17.581260,17.728342,2829300,0.00,0.0,-,24.658133,20.205602,19.442833,18.890293,3709776.00
01/12/2016,18.355891,18.414726,17.855811,18.140171,2905400,0.00,0.0,-,24.710838,20.245413,19.529121,19.154061,3761700.00
01/11/2016,18.434337,18.522587,17.924453,18.110756,3279300,0.00,0.0,-,24.757463,20.271888,19.594328,19.361937,3780758.00
01/08/2016,18.669670,18.708891,18.316671,18.336283,3360600,0.00,0.0,-,24.805363,20.298755,19.689932,19.578639,3809618.00
01/07/2016,18.650059,18.944223,18.512781,18.552004,2769100,0.00,0.0,-,24.850223,20.310914,19.769847,19.795340,3806336.00
01/06/2016,18.748108,19.199160,18.708885,19.061884,3412600,0.00,0.0,-,24.895818,20.322484,19.836034,19.922811,3807070.00
01/05/2016,19.856136,20.130691,19.052086,19.081501,4667800,0.00,0.0,-,24.939306,20.323269,19.905163,19.974781,3818104.00
01/04/2016,19.581579,20.209133,19.581579,19.914967,3487700,0.00,0.0,-,24.981371,20.320523,20.007140,20.014003,3828710.00
12/31/2015,20.003218,20.160106,19.787498,19.856136,2290300,0.00,0.0,-,25.018191,20.305619,20.136082,19.969879,3838972.00
12/30/2015,20.218937,20.513102,20.052244,20.120882,1733300,0.00,0.0,-,25.058099,20.297579,20.251296,20.014984,3898286.00
12/29/2015,20.395437,20.552325,19.963997,20.366022,2185000,0.00,0.0,-,25.094674,20.273849,20.351313,19.995373,4124220.00
12/28/2015,20.169908,20.405240,19.954188,20.218937,1942200,0.00,0.0,-,25.130905,20.234039,20.414068,19.904182,4568744.00
12/24/2015,20.454270,20.591547,20.209133,20.277771,1024400,0.00,0.0,-,25.165470,20.343664,20.467998,19.826719,4572174.00
12/23/2015,19.983606,20.719018,19.983606,20.503298,2135500,0.00,0.0,-,25.202044,20.440151,20.517026,19.801225,4605164.00
12/22/2015,19.581578,19.924771,19.532551,19.826715,1741400,0.00,0.0,-,25.237491,20.537617,20.558699,19.744353,4626164.00
12/21/2015,19.542362,20.120887,19.434501,19.581583,3441300,0.00,0.0,-,25.276272,20.656460,20.617041,19.749256,4623070.00
12/18/2015,19.375667,19.650222,19.316835,19.473722,8772600,0.00,0.0,-,25.317553,20.784716,20.692053,19.835544,4598752.00
12/17/2015,20.218941,20.277773,19.463917,19.473722,3009000,0.00,0.0,-,25.359079,20.920424,20.774910,20.000276,4471312.00
12/16/2015,20.003220,20.375830,19.914970,20.307190,2698600,0.00,0.0,-,25.402419,21.044758,20.845999,20.302285,4509296.00
12/15/2015,19.679635,20.081660,19.610997,19.924772,2444700,0.00,0.0,-,25.441102,21.141244,20.857766,20.487609,4506530.00
12/14/2015,19.454111,19.581582,19.071697,19.454111,3553600,0.00,0.0,-,25.482187,21.244006,20.899439,20.707252,4528390.00
12/11/2015,19.865944,20.003221,19.336446,19.444307,3694600,0.00,0.0,-,25.525429,21.340296,20.941603,20.923954,4538192.00
12/10/2015,19.963998,20.267968,19.787499,20.022831,2803300,0.00,0.0,-,25.569309,21.435605,20.982786,21.109277,4539740.00
12/09/2015,19.856134,20.395436,19.718858,19.934578,4459500,0.00,0.0,-,25.610688,21.509931,21.043089,21.232826,4562772.00
12/08/2015,20.228741,20.267963,19.660022,19.875744,3842800,0.00,0.0,-,25.653881,21.578961,21.099961,21.373044,4547640.00
12/07/2015,20.944542,21.003375,20.111075,20.444462,5392200,0.00,0.0,-,25.696879,21.644266,21.147518,21.484826,4531718.00
12/04/2015,22.385948,22.385948,21.072012,21.121040,4418400,0.00,0.0,-,25.735659,21.713493,21.147518,21.548562,4474020.00
12/03/2015,22.229066,22.797784,22.091789,22.493814,5706700,0.00,0.0,-,25.774734,21.763697,21.107806,21.549543,4450824.00
12/02/2015,22.189840,22.366340,21.964314,22.160425,3756900,0.00,0.0,-,25.807436,21.779190,20.961214,21.389714,4400852.00
12/01/2015,21.699571,22.209458,21.601518,22.121208,3111900,0.00,0.0,-,25.840676,21.815667,20.841587,21.227923,4376708.00
11/30/2015,21.356379,22.072180,21.297545,21.621126,3689700,0.00,0.0,-,25.870681,21.861752,20.717547,21.091627,4365090.00
11/27/2015,21.277933,21.513265,21.170072,21.297543,1661500,0.00,0.0,-,25.903579,21.911368,20.622434,20.959252,4405536.00
11/25/2015,21.346568,21.513261,21.209289,21.258318,2663600,0.00,0.0,-,25.938584,21.970593,20.530753,20.856294,4436032.00
11/24/2015,20.954346,21.405398,20.856290,21.336760,2705900,0.00,0.0,-,25.972168,22.034329,20.440542,20.853353,4426700.00
11/23/2015,21.003374,21.317150,20.826875,20.993568,2793400,0.00,0.0,-,26.005703,22.090220,20.320916,20.826878,4416026.00
11/20/2015,21.209292,21.503458,20.964155,21.081821,2266800,0.00,0.0,-,26.041689,22.145327,20.227764,20.810210,4407038.00
11/19/2015,20.875909,21.503460,20.787659,21.130850,3212200,0.00,0.0,-,26.078215,22.202199,20.128728,20.746474,4427734.00
11/18/2015,20.689605,21.013186,20.542523,20.895519,4282500,0.00,0.0,-,26.114446,22.260836,20.019397,20.666069,4422956.00
11/17/2015,20.758237,20.817069,20.493488,20.542517,3431900,0.00,0.0,-,26.148373,22.320650,19.933109,20.532714,4405940.00
11/16/2015,20.258163,20.787661,20.209136,20.758244,3006700,0.00,0.0,-,26.187938,22.388700,19.878689,20.455251,4387800.00
11/13/2015,20.032632,20.562127,20.032632,20.297380,4645600,0.00,0.0,-,26.222159,22.438119,19.787497,20.343468,4376668.00
11/12/2015,20.591545,20.719015,20.150297,20.267963,4231700,0.00,0.0,-,26.250497,22.500482,19.691403,20.285616,4345572.00
11/11/2015,21.209291,21.356375,21.042598,21.228903,3483400,0.00,0.0,-,26.280502,22.559904,19.963016,20.205211,4340020.00
11/10/2015,20.826878,21.395597,20.817073,21.072016,5404000,0.00,0.0,-,26.303398,22.591478,20.156675,20.027732,4366142.00
11/09/2015,20.513108,20.954356,20.434664,20.826883,7730800,0.00,0.0,-,26.332030,22.645408,20.371905,19.814953,4330658.00
11/06/2015,20.209130,20.552321,19.865937,20.444462,10309500,0.00,0.0,-,26.363015,22.695024,20.619004,19.645318,4264598.00
11/05/2015,19.650221,20.728825,19.414888,20.326799,5894200,0.00,0.0,-,26.394883,22.749935,20.896500,19.510983,4133006.00
11/04/2015,19.748277,20.013026,19.473724,19.561974,4602300,0.00,0.0,-,26.426800,22.782881,21.193116,19.372726,4100150.00
11/03/2015,19.669830,19.963996,19.169749,19.767885,3983200,0.00,0.0,-,26.462198,22.819750,21.499538,19.333504,4095068.00
11/02/2015,19.660023,19.846328,19.463914,19.640413,4619900,0.00,0.0,-,26.492693,22.855246,21.767718,19.302126,4127288.00
10/30/2015,19.493331,19.865941,19.277611,19.718859,5425500,0.00,0.0,-,26.523777,22.914667,22.038841,19.231526,4112176.00
10/29/2015,19.267806,19.836525,19.267806,19.463917,3858300,0.00,0.0,-,26.551624,22.984286,22.266328,19.097191,4061132.00
10/28/2015,19.081501,19.610999,18.983448,19.454111,4722300,0.00,0.0,-,26.583443,23.069201,22.503621,19.720821,4049316.00
10/27/2015,19.022669,19.218780,18.787337,18.944225,3196500,0.00,0.0,-,26.615948,23.160393,22.717871,20.285617,4001482.00
10/26/2015,19.052087,19.297225,18.944226,19.130531,2805800,0.00,0.0,-,26.652032,23.261193,22.939966,20.928858,3996110.00
10/23/2015,18.993257,19.150145,18.797146,19.101116,3964300,0.00,0.0,-,26.691353,23.359640,23.140488,21.592690,3991156.00
10/22/2015,19.179557,19.346251,18.601032,18.944225,5198100,0.00,0.0,-,26.733222,23.452008,23.380723,22.282016,3994934.00
10/21/2015,19.503139,19.669833,19.110920,19.169752,4000800,0.00,0.0,-,26.771807,23.562222,23.615074,23.013506,3969438.00
10/20/2015,18.757920,19.620805,18.699087,19.454111,5256000,0.00,0.0,-,26.809362,23.658316,23.820009,23.665572,3962940.00
10/19/2015,18.140171,19.052083,18.100948,18.934416,13030000,0.00,0.0,-,26.847162,23.749311,24.046516,24.233311,3943020.00
10/16/2015,22.611483,22.611483,18.149981,18.375507,24411200,0.00,0.0,-,26.891483,23.834227,24.321070,24.846155,3767936.00
10/15/2015,25.141297,25.700211,25.062854,25.700211,2113700,0.00,0.0,-,26.938794,23.924437,24.607391,25.435465,3411444.00
10/14/2015,25.298186,25.484491,24.994216,25.102077,2673900,0.00,0.0,-,26.950218,23.863643,24.535320,25.286422,3639008.00
10/13/2015,25.562934,25.857100,25.249158,25.376629,3185500,0.00,0.0,-,26.964534,23.897570,24.502472,25.150125,3631254.00
10/12/2015,26.013990,26.112043,25.611964,25.768852,1586700,0.00,0.0,-,26.975418,23.927771,24.440207,24.951074,3600714.00
10/09/2015,26.347378,26.523875,25.886518,25.994379,2225400,0.00,0.0,-,26.984243,23.954050,24.339210,24.688286,3604462.00
10/08/2015,25.592354,26.298350,25.484493,26.259129,2400600,0.00,0.0,-,26.991891,23.978956,24.235762,24.479429,3584422.00
10/07/2015,25.337412,25.915937,25.258968,25.690411,4908200,0.00,0.0,-,26.995127,23.998763,24.125940,24.216642,3566912.00
10/06/2015,25.111887,25.543328,24.984414,25.131496,2560300,0.00,0.0,-,27.002040,24.018570,24.035729,23.974446,3510198.00
10/05/2015,24.513751,25.160914,24.307836,25.062859,3537700,0.00,0.0,-,27.009394,24.038181,23.976406,23.859722,3503168.00
10/02/2015,23.376310,24.298027,22.993896,24.268610,4043700,0.00,0.0,-,27.014640,24.066421,23.884724,23.795986,3465228.00
10/01/2015,23.817558,24.317637,23.729309,24.209778,3772000,0.00,0.0,-,27.018464,24.119566,23.842070,23.779316,3422964.00
09/30/2015,23.650863,24.082304,23.415530,23.739111,3954900,0.00,0.0,-,27.024151,24.179968,23.793533,23.784218,3398024.00
09/29/2015,23.190009,23.474369,22.758567,23.386120,3702900,0.00,0.0,-,27.035967,24.256451,23.746957,23.854818,3383446.00
09/28/2015,23.670468,23.719497,23.121361,23.140972,3046700,0.00,0.0,-,27.056705,24.340778,23.766078,23.929339,3362406.00
09/25/2015,23.846975,24.101918,23.582226,23.905807,2507300,0.00,0.0,-,27.079699,24.430793,23.774413,23.990133,3331418.00
09/24/2015,23.042924,23.739113,22.905647,23.631254,3258600,0.00,0.0,-,27.105978,24.511786,23.738623,23.992094,3311828.00
09/23/2015,24.023482,24.160758,23.072348,23.268457,3208100,0.00,0.0,-,27.131962,24.593956,23.655766,24.035238,3290424.00
09/22/2015,24.052893,24.347057,23.866588,23.984253,2549700,0.00,0.0,-,27.162801,24.695345,23.562613,24.097012,3256176.00
09/21/2015,24.278415,24.709857,24.160748,24.425497,2531000,0.00,0.0,-,27.188099,24.776535,23.440535,24.093089,3238456.00
09/18/2015,23.895997,24.278411,23.827357,24.101912,5712000,0.00,0.0,-,27.211926,24.838898,23.349834,23.973462,3223344.00
09/17/2015,24.405879,24.700045,24.170547,24.258797,3186300,0.00,0.0,-,27.234626,24.904594,23.304729,23.904824,3156590.00
09/16/2015,24.131337,24.513750,24.092114,24.445112,2197000,0.00,0.0,-,27.253060,24.962643,23.277273,23.802848,3155418.00
09/15/2015,23.817553,24.258799,23.768524,24.131329,2172200,0.00,0.0,-,27.280369,25.038341,23.255701,23.639096,3177520.00
09/14/2015,23.768524,23.827357,23.552804,23.748913,2344000,0.00,0.0,-,27.324003,25.111098,23.248347,23.602816,3175966.00
09/11/2015,23.817558,23.984249,23.493974,23.925417,3301600,0.00,0.0,-,27.370922,25.196014,23.263546,23.558693,3166162.00
09/10/2015,23.866580,24.337243,23.631248,24.062691,2973300,0.00,0.0,-,27.415930,25.281126,23.253250,23.485151,3145714.00
09/09/2015,24.601997,24.778496,23.827362,23.886196,3431700,0.00,0.0,-,27.458829,25.365061,23.272862,23.276295,3120136.00
09/08/2015,23.611641,23.984249,23.405727,23.945028,2524900,0.00,0.0,-,27.501728,25.452722,23.277275,23.028215,3096832.00
09/04/2015,23.013503,23.405724,22.905644,23.229225,2450100,0.00,0.0,-,27.541881,25.556268,23.280216,22.787980,3110594.00
09/03/2015,23.356701,23.680282,23.140980,23.415533,3090800,0.00,0.0,-,27.589340,25.664129,23.277765,22.726205,3093564.00
09/02/2015,23.042926,23.239037,22.591874,23.239037,3954100,0.00,0.0,-,27.634886,25.776304,23.251290,22.704633,3062452.00
09/01/2015,23.101757,23.454755,22.699731,22.807592,4789500,0.00,0.0,-,27.681266,25.904756,23.222364,22.751698,3022624.00
08/31/2015,23.052731,23.984252,22.866426,23.768532,3629800,0.00,0.0,-,27.732206,26.044974,23.421906,22.872306,2973042.00
08/28/2015,23.033120,23.435145,23.033120,23.307674,4427800,0.00,0.0,-,27.780498,26.154796,23.577813,22.893878,2961292.00
08/27/2015,22.366344,23.366506,22.238873,23.190006,3729900,0.00,0.0,-,27.831045,26.273050,23.766568,22.968400,2914852.00
08/26/2015,21.925096,22.052567,21.474042,21.974123,4251400,0.00,0.0,-,27.880808,26.394246,23.969052,23.021349,2890694.00
08/25/2015,22.268284,22.523227,21.385790,21.405401,4348200,0.00,0.0,-,27.937239,26.541525,24.232820,23.269429,2859184.00
08/24/2015,20.973958,22.493811,20.934737,21.542677,5594200,0.00,0.0,-,27.996660,26.690764,24.496588,23.526334,2811510.00
08/21/2015,22.984089,23.258642,22.611479,22.611479,3864300,0.00,0.0,-,28.051865,26.843142,24.725056,23.772452,2734198.00
08/20/2015,23.543001,23.709694,23.190002,23.199808,2873300,0.00,0.0,-,28.100599,26.968456,24.918225,23.829325,2680428.00
08/19/2015,23.876386,24.052885,23.670469,23.709692,3267500,0.00,0.0,-,28.150165,27.079651,25.104529,23.797947,2658946.00
08/18/2015,23.905807,24.121529,23.866586,24.013668,2330600,0.00,0.0,-,28.198703,27.172215,25.280538,23.693029,2623694.00
08/17/2015,23.886199,24.043087,23.650868,23.984253,2927900,0.00,0.0,-,28.241111,27.257326,25.458018,23.971505,2631682.00
08/14/2015,23.709698,24.229388,23.699892,24.052891,2558100,0.00,0.0,-,28.282098,27.354205,25.638929,24.261747,2604848.00
08/13/2015,24.356859,24.405885,23.670473,23.719501,4153200,0.00,0.0,-,28.324164,27.445396,25.818370,24.564737,2609444.00
08/12/2015,23.729313,24.562779,23.709702,24.454920,3923300,0.00,0.0,-,28.365837,27.560708,26.030168,24.916755,2569332.00
08/11/2015,23.690089,24.033282,23.601839,23.974449,3675900,0.00,0.0,-,28.404471,27.660724,26.194410,25.196211,2535596.00
08/10/2015,23.376311,24.249000,23.337088,24.003862,4260000,0.00,0.0,-,28.443791,27.759760,26.412582,25.466842,2489986.00
08/07/2015,22.738954,23.317479,22.699731,23.180201,4275800,0.00,0.0,-,28.480611,27.854677,26.614575,25.677660,2438192.00
08/06/2015,22.699731,23.307673,22.238873,22.886036,6586600,0.00,0.0,-,28.524784,27.967832,26.832748,26.007125,2374184.00
08/05/2015,24.778501,25.249165,22.562458,22.660513,13491900,0.00,0.0,-,28.564497,28.089224,27.057784,26.411111,2273416.00
08/04/2015,26.925898,27.092592,26.661151,26.798428,2286200,0.00,0.0,-,28.605533,28.203164,27.282820,26.868047,2049002.00
08/03/2015,27.004340,27.318115,26.710174,26.886673,1658500,0.00,0.0,-,28.620437,28.248074,27.354400,26.944530,2025870.00
07/31/2015,27.249482,27.249482,26.896483,27.082788,1774100,0.00,0.0,-,28.636420,28.301612,27.398525,27.016111,2022704.00
07/30/2015,27.190649,27.337731,26.935706,27.239677,1223400,0.00,0.0,-,28.651177,28.341030,27.444121,27.072002,2010604.00
07/29/2015,26.690568,27.386759,26.680762,27.249483,1525100,0.00,0.0,-,28.668190,28.373388,27.491187,27.143582,2041038.00
07/28/2015,26.288540,26.827843,26.278734,26.680759,2072500,0.00,0.0,-,28.689566,28.416924,27.541685,27.192609,2051596.00
07/27/2015,26.278739,26.445432,25.984575,26.112045,2208800,0.00,0.0,-,28.719816,28.465364,27.621110,27.358322,2064462.00
07/24/2015,26.945513,26.984736,26.317962,26.474850,1640700,0.00,0.0,-,28.760165,28.519098,27.771624,27.551491,2080434.00
07/23/2015,27.308311,27.465199,26.867063,26.925896,1930500,0.00,0.0,-,28.796152,28.562830,27.878994,27.658370,2093022.00
07/22/2015,27.396567,27.612288,27.171039,27.229874,2525000,0.00,0.0,-,28.834393,28.588324,27.983913,27.704457,2095634.00
07/21/2015,27.592674,27.749562,27.396566,27.563259,3226000,0.00,0.0,-,28.872781,28.615976,28.105501,27.697593,2089550.00
07/20/2015,27.651510,27.690731,27.210262,27.602482,2650900,0.00,0.0,-,28.907934,28.628919,28.218264,27.764269,2060568.00
07/17/2015,27.955471,28.063332,27.524028,27.641695,1497300,0.00,0.0,-,28.942008,28.626566,28.301121,27.780939,2040864.00
07/16/2015,27.965281,28.073140,27.778976,27.955475,1527800,0.00,0.0,-,28.981721,28.622840,28.380055,27.816239,2058156.00
07/15/2015,28.220225,28.308474,27.690727,27.739756,2188400,0.00,0.0,-,29.020109,28.611857,28.444772,27.838792,2096086.00
07/14/2015,28.053532,28.416335,27.935865,28.337891,1495700,0.00,0.0,-,29.059625,28.608719,28.524687,27.890761,2132156.00
07/13/2015,27.857425,28.063341,27.798592,28.043730,1663700,0.00,0.0,-,29.095513,28.595580,28.551162,27.883897,2208174.00
07/10/2015,27.720147,27.720147,27.396566,27.543648,1775400,0.00,0.0,-,29.136696,28.601659,28.607053,27.991757,2272366.00
07/09/2015,27.573066,27.710342,27.327928,27.386761,2374300,0.00,0.0,-,29.179644,28.632841,28.673730,28.099617,2275318.00
07/08/2015,27.945669,28.141780,26.896481,27.161230,3127700,0.00,0.0,-,29.224799,28.664807,28.742369,28.263369,2259662.00
07/07/2015,27.749557,28.318276,27.014145,28.230028,3302100,0.00,0.0,-,29.270443,28.699715,28.801202,28.513410,2225660.00
07/06/2015,27.612285,28.024116,27.465203,27.769173,2094500,0.00,0.0,-,29.310940,28.709324,28.803163,28.672259,2198470.00
07/02/2015,28.269254,28.347698,27.798591,27.994699,1853800,0.00,0.0,-,29.353398,28.726778,28.856113,28.821303,2182986.00
07/01/2015,28.465364,28.534002,28.102560,28.181004,2279200,0.00,0.0,-,29.393797,28.735799,28.887000,28.943871,2170546.00
06/30/2015,28.504583,28.632055,28.141780,28.259445,1694400,0.00,0.0,-,29.432038,28.744232,28.952206,29.050752,2142738.00
06/29/2015,28.779143,28.916419,28.171201,28.269257,2266500,0.00,0.0,-,29.469887,28.754037,29.012020,29.158613,2125328.00
06/26/2015,28.641859,29.239995,28.494777,29.122330,3213000,0.00,0.0,-,29.510482,28.759528,29.044868,29.218426,2100240.00
06/25/2015,29.053688,29.190966,28.583025,28.622248,1598600,0.00,0.0,-,29.545831,28.755998,29.026238,29.222348,2076160.00
06/24/2015,29.642026,29.759693,28.994863,29.024281,1535200,0.00,0.0,-,29.583582,28.770902,29.037024,29.247843,2094652.00
06/23/2015,29.828334,30.014639,29.514558,29.661640,1962700,0.00,0.0,-,29.620451,28.760312,29.033592,29.221368,2079980.00
06/22/2015,29.465519,29.857741,29.220382,29.818518,2310400,0.00,0.0,-,29.653691,28.730111,28.968386,29.088993,2059558.00
06/19/2015,29.161554,29.543968,29.122333,29.259609,3042300,0.00,0.0,-,29.685608,28.695008,28.929654,28.934067,2037822.00
06/18/2015,29.289025,29.583189,29.190969,29.220385,2105800,0.00,0.0,-,29.721693,28.672455,28.944853,28.890923,2007794.00
06/17/2015,29.465526,29.730275,29.053695,29.249805,2522000,0.00,0.0,-,29.756796,28.646372,28.936518,28.830128,2000592.00
06/16/2015,28.867393,29.485139,28.651671,29.338057,2675900,0.00,0.0,-,29.788713,28.623428,28.916907,28.853661,1979102.00
06/15/2015,28.994860,28.994860,28.347698,28.867390,1964500,0.00,0.0,-,29.819649,28.607739,28.921319,28.865427,1949444.00
06/12/2015,28.808554,29.347857,28.583028,29.161552,1728600,0.00,0.0,-,29.852596,28.588128,28.933086,28.871310,1928518.00
06/11/2015,28.779140,29.034083,28.730111,28.877195,1175800,0.00,0.0,-,29.884856,28.561849,28.914946,28.830127,1920266.00
06/10/2015,28.592836,28.945834,28.514392,28.759529,1799200,0.00,0.0,-,29.917361,28.543807,28.904160,28.826205,1929366.00
06/09/2015,28.347696,28.573222,28.249641,28.337891,1504900,0.00,0.0,-,29.951043,28.534002,28.876214,28.845816,1924078.00
06/08/2015,28.808558,28.975252,28.239839,28.269257,2730000,0.00,0.0,-,29.985804,28.516548,28.889941,28.847778,1922404.00
06/05/2015,28.534001,28.945832,28.445751,28.828165,1586200,0.00,0.0,-,30.016887,28.504977,28.887000,28.925241,1901892.00
06/04/2015,29.269408,29.269408,28.504579,28.612440,2787900,0.00,0.0,-,30.045911,28.474580,28.819832,28.998783,1892576.00
06/03/2015,29.416494,29.798908,29.298827,29.485132,2147600,0.00,0.0,-,30.075181,28.455754,28.761980,29.042908,1857030.00
06/02/2015,28.896804,29.485134,28.671278,29.455719,2236500,0.00,0.0,-,30.097341,28.421238,28.658041,28.980153,1843324.00
06/01/2015,28.828165,29.063496,28.583027,28.926220,1395400,0.00,0.0,-,30.121463,28.382016,28.564398,28.977212,1857298.00
05/29/2015,28.808554,28.896804,28.534001,28.749722,1670300,0.00,0.0,-,30.147741,28.349070,28.502134,28.994862,1853792.00
05/28/2015,28.788952,28.936034,28.445759,28.837978,1075400,0.00,0.0,-,30.173628,28.330832,28.482032,28.999765,1856986.00
05/27/2015,28.435949,29.014473,28.220228,28.955641,1548200,0.00,0.0,-,30.199269,28.302788,28.495269,28.982114,1857942.00
05/26/2015,28.867396,28.896811,28.249649,28.357510,2271200,0.00,0.0,-,30.220057,28.275921,28.496740,28.906611,1874166.00
05/22/2015,29.445913,29.494940,28.994859,29.043888,1129600,0.00,0.0,-,30.241825,28.251407,28.524196,28.932104,1879666.00
05/21/2015,29.220387,29.612608,29.151749,29.563580,1500200,0.00,0.0,-,30.261289,28.222382,28.507526,28.848758,1896456.00
05/20/2015,28.916415,29.122332,28.847777,29.053692,1169100,0.00,0.0,-,30.276144,28.182964,28.461440,28.640881,1889000.00
05/19/2015,29.406689,29.514551,28.739915,28.857582,2745100,0.00,0.0,-,30.297275,28.153547,28.431043,28.481051,1912226.00
05/18/2015,28.994861,29.504748,28.769335,29.426304,2053000,0.00,0.0,-,30.318847,28.133152,28.418296,28.335930,1880378.00
05/15/2015,28.837973,29.279221,28.818362,29.102722,2715800,0.00,0.0,-,30.335909,28.100206,28.384467,28.151585,1869094.00
05/14/2015,28.896803,29.014470,28.612445,28.798750,3007400,0.00,0.0,-,30.361844,28.080987,28.356521,28.009406,1835880.00
05/13/2015,28.249641,28.700695,28.210420,28.661472,2270100,0.00,0.0,-,30.386750,28.065886,28.363875,27.964300,1812762.00
05/12/2015,28.445750,28.534000,28.004502,28.200613,2061100,0.00,0.0,-,30.414794,28.055492,28.399175,28.008425,1802992.00
05/11/2015,28.151581,28.651661,28.082942,28.612440,2220800,0.00,0.0,-,30.444848,28.053531,28.413883,28.086869,1819144.00
05/08/2015,27.759367,28.220226,27.671117,28.210421,1776900,0.00,0.0,-,30.473235,28.045687,28.390841,28.116287,1805330.00
05/07/2015,27.376951,27.680921,27.327924,27.484812,1665700,0.00,0.0,-,30.505446,28.047452,28.383486,28.166295,1802312.00
05/06/2015,27.631896,27.769172,27.229871,27.455397,2361900,0.00,0.0,-,30.542265,28.069220,28.415845,28.281999,1796092.00
05/05/2015,27.563256,27.828003,27.347534,27.406368,3424300,0.00,0.0,-,30.577467,28.089616,28.438888,28.381035,1788936.00
05/04/2015,27.671107,27.769162,27.435775,27.582857,3991900,0.00,0.0,-,30.612522,28.105501,28.473697,28.500662,1784190.00
05/01/2015,28.416338,28.426144,27.141624,27.680925,5296600,0.00,0.0,-,30.644488,28.132564,28.522235,28.617349,1779092.00
04/30/2015,29.053690,29.122330,27.955475,28.347694,4873300,0.00,0.0,-,30.677728,28.159627,28.532531,28.703637,1732464.00
04/29/2015,28.788946,29.141943,28.612447,29.102722,1923000,0.00,0.0,-,30.706998,28.168845,28.507527,28.763450,1709578.00
04/28/2015,28.916416,29.053692,28.798751,28.985054,1591500,0.00,0.0,-,30.732884,28.149234,28.451145,28.789925,1738870.00
04/27/2015,28.769342,29.151756,28.641869,28.906618,1427600,0.00,0.0,-,30.758722,28.133545,28.415355,28.740897,1764908.00
04/24/2015,28.602640,28.857583,28.465363,28.710501,1942600,0.00,0.0,-,30.784167,28.121386,28.343285,28.665394,1758778.00
04/23/2015,28.426137,28.769330,28.328082,28.641857,1320300,0.00,0.0,-,30.812505,28.106678,28.292296,28.600678,1752686.00
04/22/2015,28.641864,28.769336,28.200618,28.445755,1231800,0.00,0.0,-,30.841431,28.094715,28.225619,28.549690,1748746.00
04/21/2015,28.818359,28.994858,28.504583,28.602638,888800,0.00,0.0,-,30.871044,28.089616,28.186887,28.496740,1757172.00
04/20/2015,28.690889,28.985053,28.681083,28.749722,823900,0.00,0.0,-,30.901931,28.085302,28.144723,28.446732,1771078.00
04/17/2015,28.583025,28.759524,28.445749,28.543804,1012100,0.00,0.0,-,30.931544,28.077850,28.081968,28.427121,1794816.00
04/16/2015,29.239997,29.289026,28.906610,28.945833,2009000,0.00,0.0,-,30.960960,28.060592,28.018723,28.361425,1824420.00
04/15/2015,28.602636,29.445910,28.484970,29.367466,2523200,0.00,0.0,-,30.985768,28.050787,27.963322,28.251603,1847224.00
04/14/2015,28.181000,28.524193,28.024112,28.494776,801600,0.00,0.0,-,31.009350,28.015487,27.866737,28.112366,1858720.00
04/13/2015,28.082952,28.504589,27.994702,28.151590,941600,0.00,0.0,-,31.035384,27.964891,27.822613,28.089814,1880480.00
04/10/2015,28.210419,28.357502,27.916253,28.063337,1223600,0.00,0.0,-,31.062937,27.927238,27.771624,28.021175,1914826.00
04/09/2015,27.906453,28.171202,27.680927,28.131981,1540900,0.00,0.0,-,31.089461,27.882132,27.748091,27.983914,1943716.00
04/08/2015,28.161388,28.328081,27.729947,27.916250,1745700,0.00,0.0,-,31.118535,27.855461,27.721125,27.901548,1955814.00
04/07/2015,28.494782,28.534004,28.102562,28.102562,1447500,0.00,0.0,-,31.149471,27.837615,27.704456,27.877034,1963298.00
04/06/2015,27.808396,28.671279,27.769173,28.553614,1193000,0.00,0.0,-,31.178299,27.811925,27.691218,27.842714,1978452.00
04/02/2015,27.818203,28.494781,27.739759,27.886841,918200,0.00,0.0,-,31.202126,27.775056,27.652487,27.736815,1998732.00
04/01/2015,27.877033,28.082948,27.729951,27.847616,1316000,0.00,0.0,-,31.229141,27.750150,27.665233,27.676020,2035246.00
03/31/2015,28.063342,28.122174,27.769175,27.975092,1630800,0.00,0.0,-,31.255517,27.710536,27.675039,27.675040,2051626.00
03/30/2015,27.671120,28.279062,27.661315,28.269257,1534800,0.00,0.0,-,31.281894,27.668176,27.683373,27.621109,2069778.00
03/27/2015,27.612283,27.710338,27.092590,27.465200,1421200,0.00,0.0,-,31.306408,27.608559,27.675039,27.555412,2108818.00
03/26/2015,27.288704,27.837811,27.288704,27.690729,1704400,0.00,0.0,-,31.337982,27.575808,27.712790,27.522073,2139092.00
03/25/2015,27.798592,27.798592,27.308317,27.308317,1120400,0.00,0.0,-,31.369653,27.541097,27.743187,27.512267,2171836.00
03/24/2015,27.788781,27.926057,27.533838,27.671114,1010600,0.00,0.0,-,31.406620,27.518152,27.806432,27.540703,2207248.00
03/23/2015,27.494616,27.955474,27.484810,27.759363,1462300,0.00,0.0,-,31.437900,27.504620,27.846635,27.531877,2238322.00
03/20/2015,27.543646,27.935866,27.357341,27.494619,2935200,0.00,0.0,-,31.467757,27.498933,27.868698,27.539722,2289168.00
03/19/2015,27.641701,27.661310,27.072982,27.278896,1220100,0.00,0.0,-,31.494821,27.482264,27.940768,27.568158,2285802.00
03/18/2015,27.288705,27.975091,26.994541,27.837812,1830000,0.00,0.0,-,31.523011,27.470301,28.028528,27.654446,2329036.00
03/17/2015,27.455393,27.612281,27.298505,27.435781,1123200,0.00,0.0,-,31.547721,27.453828,28.077065,27.675038,2338432.00
03/16/2015,27.278895,27.612282,27.082786,27.612282,2359400,0.00,0.0,-,31.576991,27.461084,28.111384,27.745638,2341166.00
03/13/2015,27.465200,27.475006,26.994537,27.131813,2546200,0.00,0.0,-,31.606064,27.465595,28.140801,27.794666,2326374.00
03/12/2015,27.524034,27.778977,27.465202,27.592672,1969100,0.00,0.0,-,31.637687,27.482656,28.199144,27.903507,2312164.00
03/11/2015,27.602478,27.700533,27.425979,27.592672,1127400,0.00,0.0,-,31.664750,27.490109,28.218265,27.974107,2306910.00
03/10/2015,27.582857,27.886829,27.504413,27.582857,2330400,0.00,0.0,-,31.689558,27.489324,28.240817,28.072162,2308656.00
03/09/2015,27.769174,27.945674,27.622092,27.837812,1152700,0.00,0.0,-,31.713434,27.488344,28.271215,28.161394,2279140.00
03/06/2015,27.926064,28.367313,27.690733,27.778982,1488800,0.00,0.0,-,31.734761,27.482068,28.298671,28.197674,2308612.00
03/05/2015,28.073137,28.190804,27.837805,28.141777,1055100,0.00,0.0,-,31.755696,27.464614,28.328577,28.313378,2331224.00
03/04/2015,27.984897,28.171200,27.769175,28.043730,1851500,0.00,0.0,-,31.777464,27.443239,28.305535,28.402609,2389208.00
03/03/2015,28.053527,28.259442,27.994693,28.141777,1781600,0.00,0.0,-,31.798105,27.414410,28.326126,28.479091,2429150.00
03/02/2015,28.200617,28.269256,27.896647,28.102562,2868700,0.00,0.0,-,31.819236,27.373816,28.299161,28.477131,2488886.00
02/27/2015,28.347699,28.426143,28.033923,28.220228,1530100,0.00,0.0,-,31.842230,27.312433,28.192281,28.486936,2489492.00
02/26/2015,28.514392,28.632059,28.181005,28.298672,1626000,0.00,0.0,-,31.868361,27.254973,28.094716,28.494780,2556096.00
02/25/2015,28.573223,28.651667,28.288865,28.573223,1354700,0.00,0.0,-,31.892483,27.211044,27.970186,28.462422,2638744.00
02/24/2015,28.220229,28.622254,28.171200,28.475172,2004100,0.00,0.0,-,31.914104,27.190257,27.881447,28.409473,2651204.00
02/23/2015,28.936025,28.985052,28.073140,28.200613,3187000,0.00,0.0,-,31.938471,27.175548,27.808886,28.381036,2655016.00
02/20/2015,28.965445,29.063498,28.082948,28.936028,3737000,0.00,0.0,-,31.965092,27.194767,27.739757,28.399668,2632326.00
02/19/2015,28.230034,29.357666,28.190811,29.034084,2965200,0.00,0.0,-,31.987302,27.192610,27.628465,28.343776,2634154.00
02/18/2015,28.043726,28.847777,28.033920,28.808554,3729000,0.00,0.0,-,32.011767,27.200650,27.508838,28.208460,2611618.00
02/17/2015,28.171198,28.220227,27.553453,28.122171,3387600,0.00,0.0,-,32.037506,27.205357,27.361755,28.173161,2592926.00
02/13/2015,28.475168,28.592833,28.082946,28.200613,2893400,0.00,0.0,-,32.069325,27.226733,27.248501,28.121192,2580354.00
02/12/2015,28.053534,28.445754,28.053534,28.298672,1121100,0.00,0.0,-,32.101291,27.235558,27.102890,27.897627,2574614.00
02/11/2015,27.877037,28.112368,27.680926,27.975092,1638000,0.00,0.0,-,32.130119,27.228498,26.979340,27.694653,2686088.00
02/10/2015,28.386923,28.396727,27.680925,28.043730,1123300,0.00,0.0,-,32.161300,27.267131,26.878344,27.477951,2726242.00
02/09/2015,28.308474,28.602638,28.073141,28.190807,1653100,0.00,0.0,-,32.193659,27.363421,26.784211,27.353420,2724076.00
02/06/2015,28.475176,28.730118,28.308483,28.386927,1584100,0.00,0.0,-,32.227733,27.462261,26.724398,27.236736,2713136.00
02/05/2015,28.033921,28.445752,27.945671,28.377113,2010800,0.00,0.0,-,32.262003,27.553059,26.678802,27.079847,2705192.00
02/04/2015,28.602643,28.602643,27.573066,27.680925,2492300,0.00,0.0,-,32.297009,27.638367,26.593004,26.913154,2690850.00
02/03/2015,27.916257,28.749725,27.916257,28.455561,3149200,0.00,0.0,-,32.336231,27.734069,26.542995,26.809215,2669182.00
02/02/2015,26.210101,27.700537,26.131657,27.602482,3098000,0.00,0.0,-,32.373590,27.804472,26.470925,26.550349,2649186.00
01/30/2015,26.004181,26.308151,25.749238,25.964958,1889600,0.00,0.0,-,32.411243,27.906841,26.480730,26.375811,2616534.00
01/29/2015,25.798267,26.376792,25.366826,26.268932,2658900,0.00,0.0,-,32.454583,28.038039,26.574373,26.308153,2606300.00
01/28/2015,26.984732,27.082787,25.768850,25.808071,2668100,0.00,0.0,-,32.495570,28.162961,26.660171,26.264028,2594850.00
01/27/2015,26.455235,27.004344,26.121848,26.798428,2145800,0.00,0.0,-,32.539499,28.306709,26.768032,26.278737,2565614.00
01/26/2015,26.798432,27.151431,26.543489,27.023958,2119900,0.00,0.0,-,32.582398,28.439280,26.805783,26.215002,2544654.00
01/23/2015,26.514069,27.151426,26.406208,26.818039,2205200,0.00,0.0,-,32.626130,28.567144,26.831277,26.212060,2526460.00
01/22/2015,26.798434,26.945516,26.484658,26.710184,2207000,0.00,0.0,-,32.667264,28.693635,26.866576,26.277757,2511392.00
01/21/2015,25.857101,26.680762,25.827684,26.641541,2743900,0.00,0.0,-,32.708153,28.824636,26.876382,26.272854,2500372.00
01/20/2015,25.896319,26.033595,25.396238,25.866901,2135000,0.00,0.0,-,32.753651,28.957599,26.897954,26.276776,2507228.00
01/16/2015,25.239347,25.896315,25.170708,25.857094,2538400,0.00,0.0,-,32.804885,29.091934,26.934725,26.391500,2559462.00
01/15/2015,26.043406,26.337572,25.239355,25.288383,3486800,0.00,0.0,-,32.857001,29.221955,26.947472,26.585649,2551602.00
01/14/2015,25.513907,25.964959,25.219741,25.827682,2934900,0.00,0.0,-,32.912157,29.378451,26.934725,26.840592,2508606.00
01/13/2015,26.386605,26.690575,25.739442,25.955162,3341600,0.00,0.0,-,32.963930,29.530240,26.910702,27.056314,2489392.00
01/12/2015,26.965124,27.014151,26.043407,26.161074,2891000,0.00,0.0,-,33.014869,29.661045,26.918056,27.257326,2440742.00
01/09/2015,27.622091,27.818201,26.759208,26.994539,2564300,0.00,0.0,-,33.061053,29.781457,26.986694,27.396564,2407510.00
01/08/2015,26.886680,27.553454,26.612125,27.475010,4004600,0.00,0.0,-,33.104050,29.890886,27.023955,27.450493,2383736.00
01/07/2015,27.014147,27.220063,26.533677,26.661150,2766900,0.00,0.0,-,33.144890,29.982469,27.108282,27.455396,2322132.00
01/06/2015,26.994537,27.308313,26.514068,26.680759,3381800,0.00,0.0,-,33.190388,30.092879,27.216633,27.479910,2287006.00
01/05/2015,27.631894,27.631894,26.916093,27.014147,2299800,0.00,0.0,-,33.237307,30.196033,27.354401,27.519133,2244446.00
01/02/2015,28.014308,28.122169,27.504422,27.798588,1259900,0.00,0.0,-,33.281530,30.283106,27.455888,27.477950,2228424.00
12/31/2014,28.063340,28.259449,27.700536,27.837812,1619800,0.00,0.0,-,33.319624,30.367433,27.525507,27.309295,2239170.00
12/30/2014,27.818200,28.190808,27.622090,27.984894,1835700,0.00,0.0,-,33.357669,30.427247,27.565709,27.028858,2234698.00
12/29/2014,27.524036,28.171199,27.484815,27.965284,1706400,0.00,0.0,-,33.393411,30.484903,27.563747,26.765090,2247196.00
12/26/2014,27.769172,27.886839,27.533840,27.553452,1214700,0.00,0.0,-,33.426896,30.521183,27.660822,26.578786,2269774.00
12/24/2014,27.533838,27.700532,27.278895,27.533838,854600,0.00,0.0,-,33.462049,30.571780,27.926060,26.576825,2292622.00
12/23/2014,27.043565,27.729951,27.043565,27.524035,2626300,0.00,0.0,-,33.498231,30.621788,28.206007,26.597416,2336014.00
12/22/2014,27.033766,27.151433,26.621935,26.906296,2619400,0.00,0.0,-,33.536816,30.684151,28.476149,26.761168,2343206.00
12/19/2014,26.641538,27.112202,26.474845,27.072981,3954300,0.00,0.0,-,33.579519,30.776519,28.762959,26.953355,2365332.00
12/18/2014,26.661150,27.200452,26.396401,26.602316,3848600,0.00,0.0,-,33.623153,30.889674,29.032610,27.189668,2344832.00
12/17/2014,25.072663,26.239518,24.847137,26.112045,4768400,0.00,0.0,-,33.668749,31.041267,29.301280,27.433826,2294852.00
12/16/2014,25.111884,25.906128,25.023634,25.033440,2899000,0.00,0.0,-,33.713707,31.192468,29.631725,27.741718,2225366.00
12/15/2014,26.347379,26.602320,25.190330,25.347218,4860300,0.00,0.0,-,33.764353,31.383283,30.006295,28.102560,2188170.00
12/12/2014,27.229872,27.347537,25.994379,26.102240,5758400,0.00,0.0,-,33.811027,31.574490,30.364686,28.362404,2109500.00
12/11/2014,27.671115,28.288862,27.475006,27.533838,1977700,0.00,0.0,-,33.853141,31.744321,30.709349,28.742857,2023170.00
12/10/2014,28.886997,29.092914,27.729950,27.739756,2194700,0.00,0.0,-,33.887118,31.881990,31.004005,29.275296,2017860.00
12/09/2014,28.435946,29.210581,28.367308,29.161552,2052500,0.00,0.0,-,33.918838,32.038878,31.287875,29.814598,2007046.00
12/08/2014,29.298829,29.308634,28.622250,28.828165,3828400,0.00,0.0,-,33.942126,32.168311,31.486927,30.191129,1989862.00
12/05/2014,29.122340,29.661641,29.053699,29.436115,1838400,0.00,0.0,-,33.968503,32.304607,31.708531,30.572563,1933650.00
12/04/2014,29.073303,29.289026,28.386920,29.043888,2794400,0.00,0.0,-,33.990467,32.426195,31.901209,30.875551,1915418.00
12/03/2014,28.710498,29.396882,28.592832,29.190968,2759000,0.00,0.0,-,34.014589,32.570924,32.078198,31.168735,1877260.00
12/02/2014,27.808391,28.759524,27.573060,28.641857,2606400,0.00,0.0,-,34.026012,32.709770,32.236557,31.521733,1853358.00
12/01/2014,29.210575,29.210575,27.337724,27.945665,6694800,0.00,0.0,-,34.041407,32.865286,32.460122,31.910030,1830304.00
11/28/2014,32.671919,32.720946,29.651826,29.906769,3645700,0.00,0.0,-,34.058518,33.032175,32.733696,32.366967,1730472.00
11/26/2014,33.162195,33.201418,32.769973,32.858223,1015000,0.00,0.0,-,34.064744,33.160627,32.863129,32.675841,1679140.00
11/25/2014,33.093551,33.309274,32.877829,33.132774,1106100,0.00,0.0,-,34.055478,33.228677,32.829300,32.732714,1673438.00
11/24/2014,32.573870,33.064145,32.573870,32.926868,1186900,0.00,0.0,-,34.043956,33.287511,32.795962,32.761152,1664646.00
11/21/2014,32.907251,33.064139,32.554252,32.642502,1293700,0.00,0.0,-,34.032876,33.345559,32.752327,32.782724,1653282.00
11/20/2014,31.740391,32.466000,31.661949,32.466000,1408900,0.00,0.0,-,34.022826,33.409295,32.729284,32.844499,1645360.00
11/19/2014,32.681720,32.720939,31.838447,31.975723,2149400,0.00,0.0,-,34.011059,33.487740,32.697907,32.926867,1631340.00
11/18/2014,32.554252,32.985692,32.554252,32.720943,1465400,0.00,0.0,-,34.001450,33.572067,32.667510,32.987661,1603882.00
11/17/2014,32.397365,32.711141,32.279696,32.524834,1377900,0.00,0.0,-,33.987869,33.641098,32.632211,32.951381,1588492.00
11/14/2014,32.936670,32.936670,32.416980,32.515034,2086400,0.00,0.0,-,33.972475,33.718561,32.547393,33.010214,1574694.00
11/13/2014,33.387728,33.623062,32.897453,32.995510,1206300,0.00,0.0,-,33.962718,33.794456,32.465027,33.100426,1553162.00
11/12/2014,33.426952,33.495591,33.034731,33.426952,1097800,0.00,0.0,-,33.949726,33.858584,32.304216,33.050417,1547042.00
11/11/2014,33.142592,33.426952,32.956289,33.417149,1210200,0.00,0.0,-,33.931929,33.919574,32.137032,32.925887,1552132.00
11/10/2014,33.328900,33.632868,32.966094,33.142593,1451800,0.00,0.0,-,33.915995,33.976053,31.967887,32.830772,1572652.00
11/07/2014,33.240642,33.407334,33.073947,33.260250,1656000,0.00,0.0,-,33.900894,34.025865,31.842867,32.721929,1560272.00
11/06/2014,32.632706,33.672091,32.466014,33.289677,3086700,0.00,0.0,-,33.886921,34.071167,31.756088,32.614069,1543222.00
11/05/2014,34.583990,34.642824,32.416976,32.583668,4746700,0.00,0.0,-,33.877459,34.114507,31.728142,32.468947,1493600.00
11/04/2014,32.966079,33.113163,32.358139,32.358139,2145400,0.00,0.0,-,33.872115,34.175105,31.808057,32.347359,1412690.00
11/03/2014,33.505388,33.515196,33.034725,33.113171,1337000,0.00,0.0,-,33.867065,34.235507,31.873755,32.313041,1388398.00
10/31/2014,33.054342,33.426952,32.711151,33.417149,1974200,0.00,0.0,-,33.856622,34.283161,31.946805,32.084572,1389354.00
10/30/2014,31.975732,32.524838,31.916898,32.495422,909100,0.00,0.0,-,33.843287,34.320618,32.021327,31.829628,1377478.00
10/29/2014,32.475812,32.495424,31.809038,32.181648,1229400,0.00,0.0,-,33.835148,34.360428,32.126245,31.558016,1388446.00
10/28/2014,32.132613,32.466000,31.907087,32.466000,1375600,0.00,0.0,-,33.829020,34.409456,32.238028,31.348178,1382320.00
10/27/2014,32.093392,32.181641,31.720782,32.054169,924400,0.00,0.0,-,33.819411,34.449462,32.393935,31.105003,1373732.00
10/24/2014,31.838457,32.220871,31.769819,32.181648,1010600,0.00,0.0,-,33.814557,34.486723,32.572886,30.963805,1380314.00
10/23/2014,31.750207,32.211063,31.701181,31.838457,1253800,0.00,0.0,-,33.809507,34.528691,32.745953,30.898107,1388738.00
10/22/2014,32.063982,32.181647,31.357984,31.367790,1498700,0.00,0.0,-,33.803869,34.575561,32.929806,30.987338,1383694.00
10/21/2014,31.093234,32.122811,31.034402,32.014954,1797200,0.00,0.0,-,33.800045,34.626746,33.175433,31.268755,1373094.00
10/20/2014,30.622569,30.838291,30.455876,30.828485,1396200,0.00,0.0,-,33.791759,34.665772,33.381349,31.434469,1377338.00
10/17/2014,30.151905,31.063817,30.122488,30.867706,2460600,0.00,0.0,-,33.791318,34.711465,33.660806,31.809038,1374210.00
10/16/2014,29.642024,30.112688,29.426304,29.779303,2835300,0.00,0.0,-,33.790386,34.748334,33.931928,32.213025,1353322.00
10/15/2014,29.416497,30.249965,28.896805,30.083271,2357100,0.00,0.0,-,33.796221,34.811481,34.259431,32.694475,1339046.00
10/14/2014,30.828491,31.044212,29.945997,30.034245,3024200,0.00,0.0,-,33.798819,34.860509,34.568304,33.127877,1343968.00
10/13/2014,31.544291,31.887486,30.632381,30.642187,2985900,0.00,0.0,-,33.802251,34.925421,34.870314,33.682868,1302020.00
10/10/2014,32.662113,32.720943,31.475645,31.524675,3725700,0.00,0.0,-,33.802447,34.976017,35.129670,34.181968,1274238.00
10/09/2014,34.152561,34.280030,32.720955,32.730762,2929300,0.00,0.0,-,33.797593,35.002296,35.344901,34.593799,1274904.00
10/08/2014,33.730913,34.289826,33.397526,34.181965,1349600,0.00,0.0,-,33.785925,35.033477,35.527773,34.872273,1258038.00
10/07/2014,34.240806,34.319252,33.662285,33.672089,1294100,0.00,0.0,-,33.765333,35.025437,35.628280,35.082111,1246984.00
10/06/2014,35.005625,35.084067,34.329043,34.574181,1039200,0.00,0.0,-,33.745428,35.037400,35.753300,35.328229,1244364.00
10/03/2014,34.838936,34.976212,34.633021,34.907574,926800,0.00,0.0,-,33.722777,35.030144,35.844491,35.512573,1244692.00
10/02/2014,34.427108,34.633022,34.015275,34.593800,1441900,0.00,0.0,-,33.691253,35.017788,35.914600,35.650830,1254952.00
10/01/2014,35.564543,35.633181,34.378078,34.417297,1712200,0.00,0.0,-,33.660660,35.018965,35.995005,35.824388,1249624.00
09/30/2014,35.682202,36.211700,35.535122,35.584148,1654000,0.00,0.0,-,33.629429,35.027594,36.097963,36.008731,1236642.00
09/29/2014,35.378249,35.682217,35.172330,35.633190,1193300,0.00,0.0,-,33.592805,35.005826,36.130812,36.057760,1219906.00
09/26/2014,35.544929,35.770455,35.466483,35.642982,1017800,0.00,0.0,-,33.556868,34.981508,36.130812,36.077371,1216608.00
09/25/2014,36.172473,36.221500,35.486088,35.515507,926800,0.00,0.0,-,33.522696,34.948169,36.124929,36.096003,1215794.00
09/24/2014,36.133258,36.378396,36.005789,36.280342,886500,0.00,0.0,-,33.490583,34.924440,36.121988,36.183274,1209202.00
09/23/2014,36.250939,36.388215,36.074440,36.133270,1563900,0.00,0.0,-,33.454009,34.882865,36.088649,36.174449,1207246.00
09/22/2014,36.270541,36.437233,36.123457,36.417622,1453700,0.00,0.0,-,33.416110,34.845800,36.050897,36.178370,1197194.00
09/19/2014,36.545087,36.721586,36.211700,36.290142,1703200,0.00,0.0,-,33.377967,34.800499,36.004811,36.176408,1184574.00
09/18/2014,36.290153,36.603933,36.103850,36.329376,1079100,0.00,0.0,-,33.341098,34.754609,35.954804,36.178370,1170334.00
09/17/2014,36.094035,36.623529,36.094035,36.260727,729900,0.00,0.0,-,33.303445,34.715583,35.862631,36.165623,1166136.00
09/16/2014,35.770468,36.172494,35.554746,36.074440,666500,0.00,0.0,-,33.267312,34.678911,35.781247,36.187196,1181536.00
09/15/2014,35.819496,35.917553,35.584166,35.829304,618700,0.00,0.0,-,33.232159,34.644787,35.700841,36.203864,1195996.00
09/12/2014,36.290160,36.309771,35.692027,35.829304,897600,0.00,0.0,-,33.197595,34.623803,35.605236,36.184253,1196654.00
09/11/2014,36.064627,36.535291,36.025408,36.388210,707900,0.00,0.0,-,33.162589,34.600662,35.527773,36.153855,1207924.00
09/10/2014,36.143070,36.358792,35.976375,36.192097,776500,0.00,0.0,-,33.123416,34.561440,35.417460,36.060702,1230564.00
09/09/2014,36.309754,36.407811,36.074424,36.172478,695900,0.00,0.0,-,33.086400,34.515746,35.304206,36.002849,1248008.00
09/08/2014,36.280338,36.505864,36.241115,36.398003,688000,0.00,0.0,-,33.049042,34.473975,35.193895,35.923425,1258190.00
09/05/2014,36.152873,36.319569,35.937155,36.309761,1009800,0.00,0.0,-,33.011486,34.420045,35.029654,35.833215,1265640.00
09/04/2014,36.476461,36.701987,36.084239,36.201904,900300,0.00,0.0,-,32.975745,34.367096,34.849722,35.731237,1271452.00
09/03/2014,36.496071,36.760820,36.329376,36.476460,1352300,0.00,0.0,-,32.941917,34.310420,34.686461,35.559640,1275962.00
09/02/2014,35.897932,36.398011,35.790071,36.241123,2236200,0.00,0.0,-,32.906960,34.259824,34.489370,35.375297,1276826.00
08/29/2014,35.515525,35.701828,35.309607,35.633190,832800,0.00,0.0,-,32.872641,34.217071,34.341307,35.197817,1262064.00
08/28/2014,35.280184,35.584156,35.182131,35.525322,803500,0.00,0.0,-,32.840773,34.181771,34.218248,35.026220,1279056.00
08/27/2014,35.574349,35.613572,35.289992,35.456684,605600,0.00,0.0,-,32.809444,34.137647,34.083912,34.901690,1287762.00
08/26/2014,35.397841,35.760647,35.397841,35.613564,701200,0.00,0.0,-,32.778557,34.094307,34.025569,34.774218,1298098.00
08/25/2014,35.623376,35.770456,35.289989,35.378239,930800,0.00,0.0,-,32.746934,34.044495,33.933888,34.605564,1306190.00
08/22/2014,35.260569,35.662595,35.172320,35.495903,1384800,0.00,0.0,-,32.718645,34.001939,33.878487,34.464365,1311432.00
08/21/2014,34.593793,35.358624,34.534962,35.289986,1380400,0.00,0.0,-,32.689572,33.955461,33.814261,34.226092,1307392.00
08/20/2014,34.623211,34.887960,34.358463,34.485931,1457500,0.00,0.0,-,32.662901,33.925260,33.764252,33.968208,1307124.00
08/19/2014,34.495754,34.731083,34.495754,34.633030,923100,0.00,0.0,-,32.640447,33.916043,33.772587,33.813282,1305116.00
08/18/2014,34.132937,34.564377,34.132937,34.466324,946200,0.00,0.0,-,32.615393,33.917416,33.783373,33.603443,1335454.00
08/15/2014,34.427104,34.613407,33.838771,33.917217,1253500,0.00,0.0,-,32.589017,33.906630,33.784844,33.484797,1341588.00
08/14/2014,34.309445,34.456525,34.172164,34.280025,1431800,0.00,0.0,-,32.564356,33.902904,33.809848,33.410275,1361050.00
08/13/2014,34.123131,34.260407,33.877993,34.181965,1001600,0.00,0.0,-,32.536214,33.875448,33.794649,33.266135,1370740.00
08/12/2014,33.976052,34.280020,33.740718,33.927021,968700,0.00,0.0,-,32.508219,33.850150,33.802003,33.276920,1383348.00
08/11/2014,33.309285,34.368277,33.309285,33.966251,2009400,0.00,0.0,-,32.481843,33.827205,33.815731,33.262212,1405514.00
08/08/2014,32.701338,33.201420,32.505231,33.113171,1239800,0.00,0.0,-,32.455073,33.813674,33.831420,33.292609,1400072.00
08/07/2014,33.162192,33.171999,32.524833,32.711140,1416200,0.00,0.0,-,32.433060,33.819949,33.883389,33.402429,1409584.00
08/06/2014,32.397370,32.975895,32.220871,32.936672,2121500,0.00,0.0,-,32.410311,33.834854,33.947616,33.560297,1431774.00
08/05/2014,33.152393,33.309280,32.466007,32.534645,2603200,0.00,0.0,-,32.386582,33.836226,34.019686,33.731893,1430504.00
08/04/2014,33.162197,33.397530,32.926867,33.279861,926800,0.00,0.0,-,32.364177,33.836619,34.114309,33.963303,1413754.00
08/01/2014,32.868029,33.564219,32.760168,33.172001,1596800,0.00,0.0,-,32.335446,33.818184,34.168729,34.084892,1416510.00
07/31/2014,33.917223,34.731077,32.701339,32.838619,3759000,0.00,0.0,-,32.306030,33.796808,34.249134,34.209421,1400456.00
07/30/2014,33.927012,34.329037,33.779932,34.289818,2086000,0.00,0.0,-,32.280928,33.779355,34.340816,34.323163,1361278.00
07/29/2014,34.270216,34.378078,33.779942,33.779942,796900,0.00,0.0,-,32.248521,33.743467,34.347680,34.327087,1369104.00
07/28/2014,34.181968,34.338856,33.779943,34.270218,1163100,0.00,0.0,-,32.215329,33.711305,34.354053,34.369251,1389538.00
07/25/2014,34.132934,34.270211,33.927016,34.211376,1055600,0.00,0.0,-,32.176499,33.673259,34.344738,34.370232,1403608.00
07/24/2014,34.642816,34.799704,34.093707,34.289818,1439800,0.00,0.0,-,32.138062,33.643059,34.319245,34.364349,1426196.00
07/23/2014,34.809522,34.946798,34.397692,34.652634,1175500,0.00,0.0,-,32.101487,33.626194,34.287868,34.334935,1451720.00
07/22/2014,34.583991,34.986016,34.554575,34.848740,1063100,0.00,0.0,-,32.064521,33.595600,34.223642,34.307479,1506840.00
07/21/2014,34.329055,34.574192,34.162363,34.495750,817200,0.00,0.0,-,32.026279,33.556575,34.178537,34.265316,1542116.00
07/18/2014,34.054495,34.466328,33.956441,34.417297,1028400,0.00,0.0,-,31.990636,33.533630,34.158926,34.252567,1564912.00
07/17/2014,34.162343,34.397676,33.897594,33.976040,977100,0.00,0.0,-,31.954895,33.515784,34.131470,34.288848,1581848.00
07/16/2014,34.299640,34.427113,34.015280,34.329056,597200,0.00,0.0,-,31.919890,33.503821,34.098623,34.358468,1601662.00
07/15/2014,34.132942,34.495744,34.034885,34.201580,788700,0.00,0.0,-,31.883756,33.495781,34.046654,34.368273,1623672.00
07/14/2014,34.417302,34.417302,34.211387,34.280025,1061300,0.00,0.0,-,31.851055,33.490878,33.992724,34.338856,1649810.00
07/11/2014,33.966243,34.162354,33.642663,34.152550,822700,0.00,0.0,-,31.816883,33.494996,33.941245,34.319245,1674178.00
07/10/2014,33.936844,34.211396,33.760344,33.995674,991200,0.00,0.0,-,31.781730,33.503821,33.892217,34.274141,1713370.00
07/09/2014,34.485940,34.574189,34.260414,34.378082,869200,0.00,0.0,-,31.745303,33.505194,33.881431,34.240802,1729250.00
07/08/2014,34.250606,34.476132,34.103522,34.427105,1499900,0.00,0.0,-,31.707600,33.501860,33.863781,34.139805,1745728.00
07/07/2014,34.682039,34.731066,34.172153,34.368263,1389500,0.00,0.0,-,31.671516,33.503625,33.877509,34.091759,1751628.00
07/03/2014,34.799713,34.936990,34.672241,34.780102,651600,0.00,0.0,-,31.634893,33.516372,33.855447,34.065284,1748056.00
07/02/2014,34.417296,34.789906,34.368269,34.672241,1461100,0.00,0.0,-,31.594004,33.525590,33.802987,33.974093,1763284.00
07/01/2014,34.044691,34.721269,33.917219,34.427105,1839900,0.00,0.0,-,31.551007,33.539710,33.714737,33.838778,1767644.00
06/30/2014,34.074105,34.074105,33.779941,33.907413,1648700,0.00,0.0,-,31.506441,33.561674,33.639235,33.725035,1767320.00
06/27/2014,33.623056,34.103523,33.574029,34.083912,1205000,0.00,0.0,-,31.465356,33.602073,33.582853,33.646591,1764710.00
06/26/2014,33.691708,33.760346,33.338709,33.701511,1060500,0.00,0.0,-,31.422211,33.623057,33.543142,33.563245,1766076.00
06/25/2014,33.240644,33.701500,33.142587,33.662281,1300400,0.00,0.0,-,31.381568,33.641687,33.529414,33.510294,1783222.00
06/24/2014,33.828978,33.917228,33.309288,33.368118,1125800,0.00,0.0,-,31.339649,33.657768,33.519117,33.522060,1796648.00
06/23/2014,34.083916,34.446723,33.858390,33.946640,1395500,0.00,0.0,-,31.299201,33.682281,33.500977,33.587756,1814464.00
06/20/2014,33.848578,34.113327,33.779940,34.103519,1498100,0.00,0.0,-,31.257332,33.710913,33.431358,33.663259,1814718.00
06/19/2014,33.534804,33.966244,33.328889,33.868191,1682400,0.00,0.0,-,31.214090,33.744252,33.344089,33.645609,1811430.00
06/18/2014,33.279865,33.368115,32.858228,33.319088,1238800,0.00,0.0,-,31.171877,33.767786,33.255840,33.631881,1802388.00
06/17/2014,33.034732,33.505395,32.926874,33.289677,1122400,0.00,0.0,-,31.133439,33.799163,33.188182,33.590697,1815060.00
06/16/2014,33.230835,33.348500,33.005309,33.122974,1105800,0.00,0.0,-,31.096129,33.848191,33.148469,33.553434,1825774.00
06/13/2014,33.172004,33.309281,32.819006,33.250446,1192900,0.00,0.0,-,31.059163,33.908004,33.100913,33.519115,1873878.00
06/12/2014,33.711303,33.770133,33.122970,33.172001,1182800,0.00,0.0,-,31.022637,33.968602,33.056788,33.523038,1875548.00
06/11/2014,33.887803,33.946633,33.603442,33.779942,1367000,0.00,0.0,-,30.988808,34.031554,33.033255,33.548534,1873132.00
06/10/2014,34.583999,34.593802,33.917224,34.025085,1357100,0.00,0.0,-,30.952920,34.079601,33.016586,33.516175,1879744.00
06/09/2014,33.897613,34.731079,33.897613,34.701664,2440000,0.00,0.0,-,30.914532,34.121960,32.971481,33.414198,1880004.00
06/06/2014,33.809356,34.211381,33.672080,33.927021,1252900,0.00,0.0,-,30.869917,34.135884,32.881270,33.199457,1861390.00
06/05/2014,32.995495,33.750515,32.946465,33.730907,2226600,0.00,0.0,-,30.828832,34.169223,32.852344,33.042569,1864682.00
06/04/2014,32.877830,33.064137,32.720943,32.907249,1916300,0.00,0.0,-,30.787698,34.207464,32.842049,32.879799,1865040.00
06/03/2014,32.662112,32.926861,32.573862,32.917053,1632000,0.00,0.0,-,30.753280,34.264532,32.865582,32.785667,1856588.00
06/02/2014,32.995507,33.299475,32.671924,32.779785,2077000,0.00,0.0,-,30.719745,34.327484,32.916081,32.743504,1901158.00
05/30/2014,33.358315,33.417149,33.064151,33.289677,1737300,0.00,0.0,-,30.688907,34.389062,32.974914,32.682710,1891094.00
05/29/2014,33.466175,33.672090,33.299480,33.426952,1715400,0.00,0.0,-,30.656647,34.431618,33.034727,32.590537,1898922.00
05/28/2014,33.103358,33.632855,33.103358,33.456356,2525700,0.00,0.0,-,30.624926,34.472016,33.093069,32.517977,1896858.00
05/27/2014,32.681731,33.201421,32.662119,33.005310,2058000,0.00,0.0,-,30.592960,34.505552,33.123467,32.516997,1889320.00
05/23/2014,32.426788,32.720952,32.318927,32.554260,1765700,0.00,0.0,-,30.562024,34.538694,33.183770,32.528764,1865240.00
05/22/2014,32.113002,32.456193,31.965918,32.358139,1064600,0.00,0.0,-,30.532264,34.579289,33.281825,32.563083,1871240.00
05/21/2014,32.063980,32.260091,31.956119,32.103203,794100,0.00,0.0,-,30.505544,34.627532,33.414199,32.662119,1895914.00
05/20/2014,32.485631,32.573881,31.867883,31.965937,1800100,0.00,0.0,-,30.482305,34.690287,33.571088,32.804299,1903558.00
05/19/2014,32.044370,32.534645,31.956121,32.495422,2477300,0.00,0.0,-,30.460537,34.759906,33.741703,32.945497,1899458.00
05/16/2014,32.348344,32.416982,31.956122,32.171844,1818600,0.00,0.0,-,30.436023,34.825995,33.893198,33.088657,1891008.00
05/15/2014,32.652307,32.720945,31.897283,32.367947,1866600,0.00,0.0,-,30.406607,34.896987,34.080973,33.267118,1900364.00
05/14/2014,33.338706,33.436760,32.662128,32.701347,2185000,0.00,0.0,-,30.374935,34.951702,34.219231,33.478916,1902846.00
05/13/2014,33.221038,33.505394,33.083761,33.446564,2716000,0.00,0.0,-,30.341792,35.000926,34.315816,33.668161,1900324.00
05/12/2014,33.152393,33.299474,32.956283,33.122974,3931500,0.00,0.0,-,30.309532,35.025636,34.366804,33.729936,1883682.00
05/09/2014,33.309282,33.338698,32.593481,32.897449,2826900,0.00,0.0,-,30.280067,35.053679,34.440345,33.838776,1832632.00
05/08/2014,33.495587,33.927028,33.211227,33.348503,1957000,0.00,0.0,-,30.252121,35.082311,34.564384,34.000568,1806720.00
05/07/2014,33.534805,33.593636,32.946473,33.524998,1875200,0.00,0.0,-,30.224175,35.097019,34.685482,34.166280,1813070.00
05/06/2014,33.760336,34.015277,33.368114,33.377922,1967800,0.00,0.0,-,30.196230,35.102903,34.761475,34.337877,1836526.00
05/05/2014,33.770133,33.956440,33.495580,33.927021,1697700,0.00,0.0,-,30.167941,35.117415,34.836978,34.537909,1840236.00
05/02/2014,34.456530,34.574195,33.838783,33.956451,2095600,0.00,0.0,-,30.134700,35.115454,34.927679,34.697739,1869720.00
05/01/2014,34.593792,35.848899,33.917215,34.485931,2279700,0.00,0.0,-,30.101165,35.113688,35.035539,34.894829,1978706.00
04/30/2014,34.142748,34.672245,33.770138,34.593800,2782300,0.00,0.0,-,30.065669,35.053483,35.125260,34.959547,1973844.00
04/29/2014,34.280027,34.280027,33.799559,34.064308,1785200,0.00,0.0,-,30.028948,34.996022,35.211548,34.963470,1955784.00
04/28/2014,34.848735,34.868346,33.770128,34.211376,1693100,0.00,0.0,-,29.994629,34.942092,35.317447,35.003671,1949652.00
04/25/2014,34.976222,35.123306,34.397701,34.515366,1794900,0.00,0.0,-,29.957613,34.880906,35.414032,35.041914,1933824.00
04/24/2014,35.368425,35.407648,34.878150,35.005623,1210900,0.00,0.0,-,29.918293,34.810698,35.458156,35.128201,1919746.00
04/23/2014,35.378251,35.456693,35.152721,35.240971,1413000,0.00,0.0,-,29.876423,34.727156,35.487573,35.204685,1918870.00
04/22/2014,35.515515,35.770456,35.368431,35.378239,1679100,0.00,0.0,-,29.831465,34.636553,35.507673,35.185073,1914638.00
04/21/2014,35.956763,35.956763,35.064462,35.525322,1823700,0.00,0.0,-,29.784007,34.541635,35.526794,35.136047,1906492.00
04/17/2014,35.054664,35.966576,34.897776,35.927353,1518200,0.00,0.0,-,29.734783,34.433383,35.553759,35.157619,1900800.00
04/16/2014,34.946803,35.339025,34.887973,35.133110,1273300,0.00,0.0,-,29.683206,34.315913,35.550327,35.176249,1896500.00
04/15/2014,34.574196,34.868364,33.936840,34.633030,1917800,0.00,0.0,-,29.637267,34.213347,35.564544,35.290973,1892034.00
04/14/2014,34.848738,34.956599,34.152548,34.466324,1971700,0.00,0.0,-,29.593829,34.109605,35.605237,35.459627,1885372.00
04/11/2014,35.211547,35.280185,34.583996,34.593800,2016600,0.00,0.0,-,29.552401,34.031553,35.638577,35.631224,1898974.00
04/10/2014,35.731233,35.956759,35.240959,35.378239,1408200,0.00,0.0,-,29.507785,33.947618,35.642009,35.786150,1881652.00
04/09/2014,35.211553,35.790077,35.084080,35.770466,1333700,0.00,0.0,-,29.459346,33.837404,35.602296,35.788110,1880760.00
04/08/2014,34.927185,35.211545,34.682047,35.044853,1230300,0.00,0.0,-,29.406691,33.726602,35.552288,35.770460,1877720.00
04/07/2014,35.760659,35.848908,34.731078,34.887970,1872400,0.00,0.0,-,29.358006,33.628155,35.562094,35.830273,1881304.00
04/04/2014,36.309760,36.692174,35.692016,35.741043,1658100,0.00,0.0,-,29.311872,33.539709,35.590040,35.917542,1882016.00
04/03/2014,36.398016,36.398016,35.907741,36.113659,3511000,0.00,0.0,-,29.265246,33.452832,35.592981,35.949900,1872388.00
04/02/2014,36.348980,36.398007,36.064620,36.280342,1276400,0.00,0.0,-,29.217592,33.360856,35.573370,35.924405,1823906.00
04/01/2014,36.280350,36.358795,35.946962,36.319572,1062000,0.00,0.0,-,29.166505,33.262213,35.514537,35.838116,1819884.00
03/31/2014,36.505872,36.505872,35.995986,36.182293,1697600,0.00,0.0,-,29.113702,33.156314,35.456685,35.750848,1822152.00
03/28/2014,35.574338,36.299947,35.525311,36.143059,1370100,0.00,0.0,-,29.061537,33.047669,35.381673,35.645930,1812440.00
03/27/2014,35.250766,35.593957,35.191932,35.397846,1509300,0.00,0.0,-,29.009470,32.942162,35.300778,35.497868,1811990.00
03/26/2014,35.819490,36.005797,35.554741,35.593964,1417500,0.00,0.0,-,28.963678,32.853324,35.247338,35.416482,1812490.00
03/25/2014,35.897928,36.192092,35.417456,35.642982,2244500,0.00,0.0,-,28.919308,32.752327,35.171836,35.334116,1811742.00
03/24/2014,36.270549,36.417629,35.642993,35.760662,1493700,0.00,0.0,-,28.876704,32.661136,35.080645,35.293914,1796068.00
03/21/2014,36.084229,36.554892,35.907729,36.064617,3860500,0.00,0.0,-,28.831696,32.569357,34.997788,35.262537,1827252.00
03/20/2014,35.417463,35.878323,35.191937,35.858711,1573800,0.00,0.0,-,28.783306,32.462281,34.886006,35.236063,1791762.00
03/19/2014,35.446877,35.897929,35.270377,35.417458,2128700,0.00,0.0,-,28.737073,32.357166,34.786480,35.222335,1780092.00
03/18/2014,35.240970,35.486107,35.182139,35.446888,1612200,0.00,0.0,-,28.697998,32.255973,34.589389,35.190958,1762930.00
03/17/2014,34.848750,35.770465,34.848750,35.133110,2148800,0.00,0.0,-,28.659855,32.161840,34.403084,35.162522,1749724.00
03/14/2014,34.554584,34.936998,34.505553,34.662441,854000,0.00,0.0,-,28.624261,32.072806,34.214818,35.117417,1725936.00
03/13/2014,34.936987,35.025236,34.309435,34.583988,2065700,0.00,0.0,-,28.590726,31.998480,34.039299,35.103688,1726570.00
03/12/2014,35.054658,35.084074,34.642829,34.770298,2298300,0.00,0.0,-,28.559398,31.918860,33.860349,35.078194,1705236.00
03/11/2014,35.505720,35.701830,34.995833,35.240971,1176300,0.00,0.0,-,28.527039,31.837866,33.663259,35.009556,1673950.00
03/10/2014,35.839106,36.182301,35.339027,35.446888,1595100,0.00,0.0,-,28.494485,31.746675,33.436751,34.867375,1663490.00
03/07/2014,36.054818,36.054818,35.574347,35.799873,2054800,0.00,0.0,-,28.461391,31.648816,33.196025,34.733038,1642434.00
03/06/2014,35.103688,35.878323,35.103688,35.721436,2286400,0.00,0.0,-,28.429769,31.540759,32.911666,34.535949,1624762.00
03/05/2014,35.103691,35.142914,34.858554,35.103691,1990700,0.00,0.0,-,28.399666,31.427604,32.628287,34.350624,1653906.00
03/04/2014,35.064468,35.182137,34.760500,35.162525,2058900,0.00,0.0,-,28.372210,31.319351,32.373344,33.987819,1656552.00
03/03/2014,34.152566,34.858560,34.103535,34.682060,1883900,0.00,0.0,-,28.342206,31.216982,32.087513,33.643645,1683292.00
02/28/2014,34.329036,34.829118,34.181956,34.525146,1379000,0.00,0.0,-,28.314897,31.095393,31.881597,33.312218,1673312.00
02/27/2014,34.083918,34.544778,33.966253,34.329056,1531300,0.00,0.0,-,28.286461,30.974394,31.675192,32.974911,1665808.00
02/26/2014,33.828971,34.603606,33.819167,34.083912,2274500,0.00,0.0,-,28.255623,30.851236,31.452117,32.642504,1655136.00
02/25/2014,34.378077,34.436908,33.750522,33.819164,3048000,0.00,0.0,-,28.228070,30.734747,31.259439,32.316961,1635888.00
02/24/2014,33.897605,34.495741,33.887801,34.103519,2153300,0.00,0.0,-,28.200124,30.627279,31.074605,32.006127,1614510.00
02/21/2014,33.956448,34.603611,33.740726,33.828976,3171900,0.00,0.0,-,28.171884,30.521380,30.892713,31.659012,1603134.00
02/20/2014,33.328889,34.662434,33.230832,33.868191,7544900,0.00,0.0,-,28.145360,30.426658,30.771125,31.287383,1569522.00
02/19/2014,31.720782,32.103200,31.407007,31.475645,2036600,0.00,0.0,-,28.119621,30.328603,30.653459,30.905950,1467902.00
02/18/2014,31.377594,31.789423,31.250124,31.720785,1879300,0.00,0.0,-,28.104030,30.270163,30.647086,30.758868,1450876.00
02/14/2014,31.054015,31.377596,30.691210,31.367790,1478600,0.00,0.0,-,28.085792,30.211526,30.612276,30.531381,1436876.00
02/13/2014,30.740238,31.171681,30.602960,31.152069,901700,0.00,0.0,-,28.061425,30.162498,30.581389,30.450975,1431784.00
02/12/2014,30.926546,31.112849,30.857906,31.004990,1091000,0.00,0.0,-,28.040392,30.115432,30.567171,30.375473,1433272.00
02/11/2014,30.681403,30.985373,30.681403,30.828485,1167100,0.00,0.0,-,28.020585,30.076014,30.564719,30.261729,1424996.00
02/10/2014,30.553931,30.730431,30.308794,30.710819,1201400,0.00,0.0,-,28.001563,30.040322,30.550502,30.201916,1418148.00
02/07/2014,30.338210,30.720623,30.338210,30.632374,1271800,0.00,0.0,-,27.984207,30.004434,30.569133,30.143083,1411392.00
02/06/2014,30.102880,30.308795,29.995019,30.112684,1539100,0.00,0.0,-,27.965233,29.968350,30.596098,30.126414,1419354.00
02/05/2014,29.818526,30.328412,29.671444,30.053858,1303200,0.00,0.0,-,27.949839,29.937168,30.626005,30.254867,1420442.00
02/04/2014,29.592993,30.102879,29.269411,30.004824,1050000,0.00,0.0,-,27.934003,29.911870,30.653460,30.400968,1423010.00
02/03/2014,30.593157,30.681406,29.377273,29.445913,1584700,0.00,0.0,-,27.917873,29.885787,30.671110,30.535304,1426538.00
01/31/2014,29.985213,31.152068,29.828326,30.563738,2651800,0.00,0.0,-,27.901547,29.874609,30.735826,30.693172,1430460.00
01/30/2014,30.161713,30.495100,29.789103,30.397045,1150500,0.00,0.0,-,27.881004,29.846565,30.741709,30.711803,1408692.00
01/29/2014,30.004832,30.308802,29.808721,29.867554,1363600,0.00,0.0,-,27.862913,29.827347,30.769165,30.758869,1418712.00
01/28/2014,30.181326,30.397046,30.063659,30.230352,1181700,0.00,0.0,-,27.844528,29.819698,30.805935,30.867710,1417994.00
01/27/2014,30.455879,30.514713,29.720467,30.122492,1409500,0.00,0.0,-,27.830947,29.802637,30.830449,30.899087,1423440.00
01/24/2014,31.132459,31.318764,30.397047,30.465685,1908000,0.00,0.0,-,27.817317,29.785379,30.858395,30.995182,1437638.00
01/23/2014,31.318761,31.436428,31.054013,31.397205,1176700,0.00,0.0,-,27.802805,29.761258,30.862807,31.065781,1431562.00
01/22/2014,31.407011,31.544287,31.269734,31.514872,1086900,0.00,0.0,-,27.782655,29.718898,30.812799,30.997143,1447754.00
01/21/2014,31.279543,31.367792,30.848100,31.348181,1075300,0.00,0.0,-,27.762259,29.674381,30.740239,30.905952,1475516.00
01/17/2014,30.740239,31.161875,30.671600,31.024597,1175400,0.00,0.0,-,27.737550,29.641827,30.657382,30.806915,1496212.00
01/16/2014,30.848097,30.916737,30.553933,30.750044,1212000,0.00,0.0,-,27.712987,29.614960,30.608355,30.778480,1503986.00
01/15/2014,31.034400,31.250122,30.789262,30.867706,1347600,0.00,0.0,-,27.688620,29.599075,30.500984,30.771616,1513712.00
01/14/2014,30.828491,31.034405,30.534324,30.955961,1534300,0.00,0.0,-,27.666754,29.581621,30.381358,30.779461,1546848.00
01/13/2014,31.142266,31.161878,30.397048,30.544130,1380100,0.00,0.0,-,27.648810,29.554950,30.242119,30.744161,1659576.00
01/10/2014,31.220711,31.593321,31.063824,31.083435,1460800,0.00,0.0,-,27.636210,29.527887,30.127885,30.761810,1694638.00
01/09/2014,30.877516,31.328570,30.730434,31.171682,3052900,0.00,0.0,-,27.619687,29.485919,29.996001,30.721608,1701912.00
01/08/2014,30.681404,30.887319,30.397044,30.710819,2086000,0.00,0.0,-,27.603312,29.435519,29.877845,30.659833,1672610.00
01/07/2014,30.426463,30.828488,30.377435,30.602961,990300,0.00,0.0,-,27.589192,29.392963,29.796949,30.628456,1657880.00
01/06/2014,30.808872,30.946149,30.328403,30.357819,1270600,0.00,0.0,-,27.577132,29.353937,29.715074,30.574525,1657200.00
01/03/2014,30.681408,30.828490,30.544129,30.740240,951900,0.00,0.0,-,27.565610,29.319029,29.624863,30.507849,1665974.00
01/02/2014,30.759852,30.955961,30.642185,30.681408,959400,0.00,0.0,-,27.556295,29.278435,29.527299,30.438230,1692006.00
12/31/2013,30.710822,30.985377,30.661795,30.946154,885700,0.00,0.0,-,27.546391,29.228034,29.439049,30.230353,1691888.00
12/30/2013,30.710822,30.799071,30.553934,30.602961,999000,0.00,0.0,-,27.535409,29.172927,29.331679,29.983254,1698482.00
12/27/2013,30.799069,30.926541,30.622570,30.720625,734000,0.00,0.0,-,27.526682,29.121939,29.253235,29.740078,1701696.00
12/26/2013,30.593158,30.818684,30.544130,30.681408,653300,0.00,0.0,-,27.518838,29.058203,29.169398,29.493960,1711634.00
12/24/2013,30.426469,30.661801,30.348025,30.553940,542300,0.00,0.0,-,27.510454,28.990349,29.081148,29.270395,1719298.00
12/23/2013,30.259769,30.446072,30.073464,30.397045,1171200,0.00,0.0,-,27.502365,28.935634,28.994860,29.095856,1730782.00
12/20/2013,29.632213,30.093073,29.573381,30.063656,3743600,0.00,0.0,-,27.496726,28.883861,28.902688,28.965443,1736164.00
12/19/2013,29.759690,29.789105,29.475329,29.691051,2123000,0.00,0.0,-,27.490990,28.825421,28.838953,28.855622,1693214.00
12/18/2013,28.936028,30.112687,28.769334,30.044048,3395900,0.00,0.0,-,27.485989,28.761685,28.789435,28.741878,1681698.00
12/17/2013,28.426139,28.622250,28.298668,28.602638,1384900,0.00,0.0,-,27.479224,28.691281,28.731582,28.616368,1644640.00
12/16/2013,28.396726,28.543810,28.230035,28.475172,1003800,0.00,0.0,-,27.478586,28.658727,28.759528,28.647745,1636994.00
12/13/2013,28.269249,28.328082,28.024112,28.171194,997700,0.00,0.0,-,27.475400,28.634409,28.807575,28.680103,1634444.00
12/12/2013,28.475167,28.504583,28.063336,28.259445,1312100,0.00,0.0,-,27.472752,28.614994,28.873272,28.766392,1648400.00
12/11/2013,28.837975,28.916419,28.092756,28.445755,1979100,0.00,0.0,-,27.470693,28.597149,28.929163,28.844836,1649984.00
12/10/2013,28.945832,29.210581,28.779138,28.808554,1584500,0.00,0.0,-,27.465937,28.573615,28.969856,28.891902,1645464.00
12/09/2013,28.926223,29.347860,28.651668,29.092916,1491300,0.00,0.0,-,27.458632,28.536943,28.992409,28.893863,1645962.00
12/06/2013,29.445914,30.397047,28.945833,28.965445,2463900,0.00,0.0,-,27.451229,28.497132,29.001724,28.839933,1682028.00
12/05/2013,28.788945,28.857584,28.494779,28.553614,1185300,0.00,0.0,-,27.447111,28.471050,29.017903,28.822283,1671674.00
12/04/2013,28.671281,29.063501,28.524199,28.788948,1179300,0.00,0.0,-,27.443777,28.448889,29.076246,28.836991,1700866.00
12/03/2013,28.632052,28.916410,28.563412,28.916410,1224000,0.00,0.0,-,27.437795,28.415551,29.120861,28.846796,1722020.00
12/02/2013,28.975247,29.171358,28.661472,28.798750,976100,0.00,0.0,-,27.434854,28.371426,29.172830,28.871310,1720644.00
11/29/2013,29.132138,29.171361,28.936029,29.034084,677200,0.00,0.0,-,27.431765,28.332204,29.232644,28.935047,1740778.00
11/27/2013,28.994859,29.289026,28.994859,29.043888,824700,0.00,0.0,-,27.429314,28.295728,29.262060,28.980152,1767632.00
11/26/2013,28.936022,29.073298,28.749717,28.916410,863600,0.00,0.0,-,27.426225,28.255721,29.269414,29.013490,1792772.00
11/25/2013,28.573222,28.985053,28.484972,28.828165,1669900,0.00,0.0,-,27.421910,28.209439,29.272846,29.047810,1816316.00
11/22/2013,28.828166,28.877195,28.534002,28.553614,1593500,0.00,0.0,-,27.415978,28.154332,29.264021,29.090955,1824464.00
11/21/2013,28.896807,28.916419,28.553616,28.788948,1431600,0.00,0.0,-,27.412546,28.093538,29.265491,29.163515,1834994.00
11/20/2013,29.024274,29.279218,28.592832,28.700693,1226400,0.00,0.0,-,27.408624,28.031567,29.258627,29.213523,1845348.00
11/19/2013,29.083110,29.220386,28.730111,28.886999,1780800,0.00,0.0,-,27.404996,27.966655,29.254215,29.315501,1854726.00
11/18/2013,29.514551,29.632216,29.024276,29.161552,1563400,0.00,0.0,-,27.398671,27.900370,29.245390,29.394925,1868872.00
11/15/2013,29.543975,29.789112,29.396892,29.436115,1651500,0.00,0.0,-,27.390974,27.822710,29.195382,29.474350,1895630.00
11/14/2013,29.455717,29.661631,29.298827,29.485132,1327700,0.00,0.0,-,27.384306,27.739559,29.133116,29.530240,1903152.00
11/13/2013,29.024277,29.494940,28.994860,29.377274,1454000,0.00,0.0,-,27.378913,27.661312,29.061537,29.543968,1904460.00
11/12/2013,29.151748,29.328247,29.014472,29.259609,2119400,0.00,0.0,-,27.374256,27.582868,28.969365,29.525337,1911088.00
11/11/2013,29.318442,29.416497,29.092916,29.259609,1604200,0.00,0.0,-,27.374599,27.506189,28.870819,29.497882,1894874.00
11/08/2013,29.240000,29.475331,29.034085,29.279222,1986300,0.00,0.0,-,27.374060,27.433628,28.798749,29.437087,1887792.00
11/07/2013,29.769495,29.857745,29.181165,29.289026,2475000,0.00,0.0,-,27.373373,27.364597,28.725208,29.367467,1864520.00
11/06/2013,29.867553,29.877358,29.357668,29.720470,2110100,0.00,0.0,-,27.372000,27.293409,28.617837,29.303731,1836508.00
11/05/2013,29.916574,29.916574,29.612604,29.681242,1564100,0.00,0.0,-,27.366460,27.217907,28.457027,29.192928,1821692.00
11/04/2013,30.014630,30.191129,29.592993,29.955795,1698300,0.00,0.0,-,27.362342,27.152406,28.299158,29.095854,1818424.00
11/01/2013,29.642021,30.289184,29.563577,29.995020,3004400,0.00,0.0,-,27.353958,27.085337,28.150115,28.916414,1837944.00
10/31/2013,29.181164,29.710659,28.230031,29.622410,7170700,0.00,0.0,-,27.344251,27.012384,28.013328,28.735993,1803700.00
10/30/2013,29.073301,29.318438,28.847775,29.190968,3133200,0.00,0.0,-,27.336259,26.935509,27.892230,28.579105,1694506.00
10/29/2013,28.730111,29.024277,28.651667,28.985054,1824500,0.00,0.0,-,27.331896,26.865890,27.801039,28.413392,1658326.00
10/28/2013,28.602638,28.857581,28.386918,28.651665,1587800,0.00,0.0,-,27.327483,26.796271,27.715241,28.243757,1663324.00
10/25/2013,28.632054,28.769330,28.269249,28.583025,1349500,0.00,0.0,-,27.326503,26.743713,27.631404,28.160411,1656882.00
10/24/2013,28.622249,28.808553,28.573221,28.651665,956300,0.00,0.0,-,27.326699,26.696255,27.557373,28.082948,1653858.00
10/23/2013,28.583023,28.690884,28.239830,28.612440,1709300,0.00,0.0,-,27.324738,26.655464,27.507856,27.931943,1655876.00
10/22/2013,28.337891,29.083109,28.239835,28.710501,2253500,0.00,0.0,-,27.321257,26.619968,27.449513,27.721126,1646828.00
10/21/2013,28.141783,28.259448,27.896645,28.161392,953500,0.00,0.0,-,27.316207,26.587414,27.370089,27.502463,1628312.00
10/18/2013,28.210419,28.249640,27.847615,28.190807,1215400,0.00,0.0,-,27.312481,26.565449,27.297528,27.383816,1641638.00
10/17/2013,27.445596,28.122176,27.367152,28.053537,1159700,0.00,0.0,-,27.307186,26.537994,27.229870,27.290664,1658030.00
10/16/2013,27.484812,27.631894,27.347533,27.533838,1230900,0.00,0.0,-,27.303754,26.508969,27.187706,27.205355,1691256.00
10/15/2013,27.671116,27.769171,27.171035,27.288702,1036500,0.00,0.0,-,27.299881,26.498576,27.163193,27.188686,1695690.00
10/14/2013,27.651508,27.857422,27.386759,27.818201,1116500,0.00,0.0,-,27.293262,26.501910,27.128873,27.186725,1703338.00
10/11/2013,27.122006,27.818197,27.122006,27.808392,1440300,0.00,0.0,-,27.286496,26.497791,27.041604,27.102398,1714570.00
10/10/2013,26.847455,27.161232,26.661151,27.141621,1596100,0.00,0.0,-,27.280025,26.493477,26.926880,27.031799,1776232.00
10/09/2013,26.563097,26.670958,26.200293,26.504265,1547200,0.00,0.0,-,27.277623,26.476415,26.854319,27.083768,1782122.00
10/08/2013,26.916092,27.023951,26.416011,26.523870,1543000,0.00,0.0,-,27.278505,26.467002,26.801860,27.177901,1781368.00
10/07/2013,26.945509,27.190646,26.837650,26.974926,1002600,0.00,0.0,-,27.281201,26.457981,26.754303,27.237715,1789604.00
10/04/2013,27.151428,27.337731,27.063178,27.259287,876300,0.00,0.0,-,27.280025,26.458373,26.669486,27.211240,1783302.00
10/03/2013,27.376950,27.396562,26.798426,27.200451,1695500,0.00,0.0,-,27.278995,26.457785,26.570450,27.169077,1791472.00
10/02/2013,27.092593,27.455397,26.876872,27.367147,1391300,0.00,0.0,-,27.276642,26.459942,26.489065,27.170058,1775278.00
10/01/2013,26.876871,27.573062,26.876871,27.269091,1753100,0.00,0.0,-,27.272622,26.467786,26.393461,27.137699,1760608.00
09/30/2013,26.906288,27.112202,26.739594,26.974926,1609400,0.00,0.0,-,27.268896,26.481122,26.301290,27.071021,1753004.00
09/27/2013,27.445595,27.592677,26.945514,27.102402,3294600,0.00,0.0,-,27.268258,26.496026,26.234122,26.980811,1743438.00
09/26/2013,27.524040,27.808400,27.425984,27.661316,1946200,0.00,0.0,-,27.264973,26.499556,26.170386,26.821961,1710794.00
09/25/2013,27.092592,27.631896,26.965122,27.445591,2644900,0.00,0.0,-,27.258649,26.491320,26.073802,26.624870,1694716.00
09/24/2013,26.739595,27.425979,26.729790,27.122009,2237000,0.00,0.0,-,27.248990,26.490143,25.998790,26.425819,1674110.00
09/23/2013,26.719990,26.847461,26.494464,26.710184,1155200,0.00,0.0,-,27.239381,26.492692,25.963000,26.270892,1651806.00
09/20/2013,27.200453,27.288702,26.827845,26.837650,1982800,0.00,0.0,-,27.232958,26.502498,25.957606,26.127731,1652904.00
09/19/2013,27.082790,27.337731,26.867068,27.210260,2019900,0.00,0.0,-,27.226781,26.501910,25.933093,25.971824,1636020.00
09/18/2013,26.651341,27.210254,26.317953,27.043560,2081700,0.00,0.0,-,27.217270,26.490731,25.861512,25.808072,1618162.00
09/17/2013,26.043403,26.602316,26.043403,26.602316,2040800,0.00,0.0,-,27.208837,26.482495,25.794835,25.649224,1612932.00
09/16/2013,25.964956,26.465036,25.964956,26.072817,2077300,0.00,0.0,-,27.200355,26.475435,25.739925,25.531558,1626560.00
09/13/2013,25.798265,25.876709,25.484489,25.513906,2120000,0.00,0.0,-,27.193050,26.471709,25.737474,25.487434,1605774.00
09/12/2013,25.464883,25.808076,25.455077,25.690411,1949300,0.00,0.0,-,27.188589,26.475043,25.772283,25.518811,1576584.00
09/11/2013,25.592356,25.729633,25.415857,25.455078,1695300,0.00,0.0,-,27.185892,26.473474,25.818368,25.522733,1567728.00
09/10/2013,25.464878,25.964958,25.406045,25.572739,2488100,0.00,0.0,-,27.183490,26.483279,25.887497,25.571760,1562050.00
09/09/2013,25.376629,25.494296,25.072659,25.278576,2901300,0.00,0.0,-,27.179175,26.490731,25.963000,25.655107,1557068.00
09/06/2013,25.533519,25.768851,25.249159,25.278576,2027600,0.00,0.0,-,27.176038,26.508773,26.052229,25.787481,1544342.00
09/05/2013,25.406045,25.621765,25.239352,25.572739,1393100,0.00,0.0,-,27.173635,26.516618,26.129203,25.894361,1527438.00
09/04/2013,25.366830,25.611968,25.258969,25.455078,1785400,0.00,0.0,-,27.168830,26.518971,26.180681,25.914953,1544270.00
09/03/2013,25.984572,26.053211,25.298187,25.425659,1308700,0.00,0.0,-,27.164026,26.514657,26.258635,25.940447,1550656.00
08/30/2013,25.876714,25.876714,25.553133,25.631577,1250100,0.00,0.0,-,27.159613,26.512304,26.360122,25.948291,1599420.00
08/29/2013,25.700210,26.043403,25.641378,25.827682,822700,0.00,0.0,-,27.156475,26.512892,26.459157,25.987514,1620678.00
08/28/2013,25.896325,25.935548,25.621770,25.729631,1074400,0.00,0.0,-,27.154073,26.524658,26.547406,26.025755,1648442.00
08/27/2013,26.092431,26.161069,25.827682,25.945347,1369300,0.00,0.0,-,27.153338,26.541720,26.575352,26.114003,1667428.00
08/26/2013,26.612125,26.700374,26.366987,26.406210,1400700,0.00,0.0,-,27.151279,26.544073,26.579764,26.203234,1680928.00
08/23/2013,26.396401,26.631733,25.915932,26.602316,2674300,0.00,0.0,-,27.149906,26.531130,26.563095,26.270892,1703468.00
08/22/2013,25.896322,26.474847,25.896322,26.347376,1292200,0.00,0.0,-,27.146327,26.514068,26.582706,26.316977,1717278.00
08/21/2013,25.631572,26.131653,25.533519,25.778656,1711000,0.00,0.0,-,27.141963,26.501713,26.626831,26.364044,1736748.00
08/20/2013,25.513906,25.974763,25.425656,25.710014,1324200,0.00,0.0,-,27.137845,26.510931,26.703314,26.446410,1730644.00
08/19/2013,25.984574,26.023797,25.464882,25.504105,2074400,0.00,0.0,-,27.135394,26.531130,26.805781,26.576823,1751844.00
08/16/2013,26.112048,26.366991,25.915939,26.023800,1265700,0.00,0.0,-,27.135001,26.563488,26.927370,26.771952,1750246.00
08/15/2013,26.347369,26.445422,26.112035,26.210091,1198300,0.00,0.0,-,27.120587,26.578196,27.012187,26.930800,1790066.00
08/14/2013,26.788619,26.886674,26.504260,26.612120,1057200,0.00,0.0,-,27.104997,26.581726,27.065627,27.069058,1834608.00
08/13/2013,27.082788,27.122009,26.612122,26.837650,1256900,0.00,0.0,-,27.086072,26.581726,27.097495,27.036700,1912912.00
08/12/2013,26.935704,27.220065,26.876872,27.082788,1327700,0.00,0.0,-,27.065873,26.597023,27.124951,26.956295,1936108.00
08/09/2013,26.837647,27.288699,26.788619,27.063173,1619800,0.00,0.0,-,27.044840,26.611731,27.133286,26.855298,1946816.00
08/08/2013,26.729789,26.925898,26.602317,26.818039,2035000,0.00,0.0,-,27.024984,26.630754,27.140149,26.848435,1937934.00
08/07/2013,26.925897,26.984732,26.249319,26.602316,2821000,0.00,0.0,-,27.009246,26.653503,27.139659,26.889618,1914796.00
08/06/2013,27.347534,27.484812,26.798427,27.014147,1452600,0.00,0.0,-,26.995077,26.687822,27.142111,26.960218,1886526.00
08/05/2013,27.602479,27.680923,27.327926,27.455397,1418900,0.00,0.0,-,26.980124,26.713513,27.122990,27.034740,1882846.00
08/02/2013,27.524032,27.710337,27.102395,27.612282,1678100,0.00,0.0,-,26.961052,26.739007,27.062687,27.082787,1881180.00
08/01/2013,28.190808,28.563416,26.935704,27.592672,4523400,0.00,0.0,-,26.942127,26.763324,26.976398,27.093574,1886672.00
07/31/2013,26.033597,26.700371,25.984570,26.288540,1890600,0.00,0.0,-,26.922173,26.800978,26.880795,27.062196,1828006.00
07/30/2013,26.200291,26.386596,26.004183,26.033598,1509500,0.00,0.0,-,26.908053,26.869224,26.846966,27.158290,1826326.00
07/29/2013,26.857256,27.063172,26.043400,26.072817,1954800,0.00,0.0,-,26.896434,26.940804,26.842553,27.293607,1837666.00
07/26/2013,27.053372,27.161233,26.788623,26.994539,687500,0.00,0.0,-,26.886824,27.002579,26.836180,27.411273,1825602.00
07/25/2013,27.190651,27.229874,26.867069,27.229874,1284800,0.00,0.0,-,26.873195,27.047096,26.795487,27.431864,1849510.00
07/24/2013,27.818204,27.828007,27.278900,27.308317,885800,0.00,0.0,-,26.858781,27.079258,26.717533,27.389701,1872652.00
07/23/2013,27.955474,28.141779,27.710336,27.759363,657800,0.00,0.0,-,26.844219,27.096319,26.636638,27.324004,1881398.00
07/22/2013,27.749564,28.043730,27.739760,27.935869,1372900,0.00,0.0,-,26.827109,27.112596,26.510637,27.211241,1889914.00
07/19/2013,27.327927,27.749561,27.239677,27.720146,1131100,0.00,0.0,-,26.808478,27.118480,26.379243,27.042586,1881776.00
07/18/2013,27.288702,27.602478,27.229870,27.278896,1662400,0.00,0.0,-,26.790975,27.133188,26.276286,26.859223,1887218.00
07/17/2013,27.465203,27.563259,27.161233,27.249483,1142300,0.00,0.0,-,26.775826,27.158094,26.233142,26.699393,1885576.00
07/16/2013,27.308317,27.631898,27.180844,27.386761,1614600,0.00,0.0,-,26.760824,27.187511,26.199803,26.535641,1892168.00
07/15/2013,27.190649,27.376954,27.082790,27.249483,1121800,0.00,0.0,-,26.745086,27.206926,26.133615,26.391500,1890944.00
07/12/2013,26.759205,27.210257,26.680759,27.200451,1210100,0.00,0.0,-,26.731652,27.223399,26.059093,26.261086,1929748.00
07/11/2013,26.945513,27.112207,26.621932,26.808237,1138600,0.00,0.0,-,26.717728,27.209279,25.986533,26.159109,1955808.00
07/10/2013,26.592518,26.788626,26.435628,26.651350,1127000,0.00,0.0,-,26.705913,27.212024,25.932603,26.045366,1961672.00
07/09/2013,26.416013,26.994537,26.406207,26.631733,1820200,0.00,0.0,-,26.696892,27.219868,25.912011,25.949272,1953764.00
07/08/2013,26.121848,26.572902,26.023795,26.249321,2722200,0.00,0.0,-,26.688753,27.227713,25.916424,25.810034,1937576.00
07/05/2013,25.974764,25.974764,25.415851,25.886515,1038000,0.00,0.0,-,26.682723,27.247520,25.960058,25.715901,1912544.00
07/03/2013,25.445269,25.719822,25.386435,25.680601,660500,0.00,0.0,-,26.679879,27.266543,26.003692,25.693349,1924116.00
07/02/2013,25.945349,26.141459,25.494296,25.611963,1506500,0.00,0.0,-,26.677477,27.293606,26.038992,25.766890,1945802.00
07/01/2013,26.023793,26.092431,25.788459,25.945347,1411400,0.00,0.0,-,26.671348,27.319100,26.089000,25.863964,1954124.00
06/28/2013,26.053208,26.337568,25.925737,25.945347,2239000,0.00,0.0,-,26.661935,27.335770,26.171857,25.875731,1970132.00
06/27/2013,25.935544,26.298346,25.768850,26.180681,2265000,0.00,0.0,-,26.652130,27.340476,26.265499,25.857100,1963144.00
06/26/2013,25.925741,25.984573,25.317799,25.670797,1182400,0.00,0.0,-,26.642569,27.345967,26.357181,25.813956,1959430.00
06/25/2013,25.533523,25.827687,25.337412,25.690411,2234700,0.00,0.0,-,26.635705,27.368128,26.471415,25.819839,1957822.00
06/24/2013,25.023633,25.406047,24.768690,25.239353,2104700,0.00,0.0,-,26.625017,27.378129,26.602808,25.874750,1950162.00
06/21/2013,25.768853,25.837491,25.004023,25.307993,3746900,0.00,0.0,-,26.616830,27.423627,26.755774,26.022813,1931288.00
06/20/2013,26.072829,26.121855,25.572748,25.660997,2313000,0.00,0.0,-,26.607956,27.465398,26.926880,26.204215,1883964.00
06/19/2013,26.612119,26.749397,26.406204,26.416010,2210900,0.00,0.0,-,26.595454,27.503443,27.085238,26.314036,1865226.00
06/18/2013,26.141456,26.612120,26.004180,26.582705,2023700,0.00,0.0,-,26.580647,27.522466,27.238204,26.311094,1854382.00
06/17/2013,26.033596,26.308151,25.837487,26.063013,2044300,0.00,0.0,-,26.566528,27.539527,27.394112,26.314036,1863322.00
06/14/2013,25.631568,26.053205,25.631568,25.759041,2527700,0.00,0.0,-,26.554516,27.546391,27.571591,26.467983,1883096.00
06/13/2013,25.670797,25.866906,25.268772,25.749241,3364800,0.00,0.0,-,26.544367,27.553451,27.741717,26.673899,1900066.00
06/12/2013,26.474850,26.474850,25.651187,25.729631,2265700,0.00,0.0,-,26.534807,27.556001,27.915274,26.900406,1921184.00
06/11/2013,26.416015,26.621929,26.229710,26.239515,1405800,0.00,0.0,-,26.525492,27.571297,28.070692,27.122990,1956214.00
06/10/2013,27.063181,27.151430,26.416018,26.719988,2384200,0.00,0.0,-,26.515686,27.593850,28.166785,27.330866,1966558.00
06/07/2013,26.945510,27.180842,26.798428,27.122009,1994500,0.00,0.0,-,26.503086,27.619932,28.259447,27.488735,1953272.00
06/06/2013,26.366982,26.945506,26.239511,26.759203,3256700,0.00,0.0,-,26.489849,27.633072,28.314848,27.649545,1948926.00
06/05/2013,26.455235,26.798428,26.112042,26.386597,3425400,0.00,0.0,-,26.479013,27.655821,28.399666,27.856441,1912112.00
06/04/2013,27.563254,27.641698,26.151262,26.612120,4972400,0.00,0.0,-,26.468522,27.685826,28.506546,28.165314,1867614.00
06/03/2013,27.769175,27.818204,27.033763,27.602482,2416700,0.00,0.0,-,26.455823,27.717399,28.611956,28.474187,1797764.00
05/31/2013,27.857422,28.200615,27.759367,27.818201,1863100,0.00,0.0,-,26.438223,27.726420,28.649707,28.675200,1789590.00
05/30/2013,28.053534,28.220227,27.877034,28.014311,1175700,0.00,0.0,-,26.420622,27.747600,28.662454,28.809535,1776316.00
05/29/2013,28.210418,28.210418,27.847614,27.955475,878100,0.00,0.0,-,26.401060,27.761328,28.586462,28.930143,1778982.00
05/28/2013,28.641861,28.681084,28.092753,28.318279,1407500,0.00,0.0,-,26.382674,27.777213,28.535963,29.018393,1777158.00
05/24/2013,28.543809,28.563419,28.014311,28.298672,1268600,0.00,0.0,-,26.361495,27.787999,28.472227,29.002704,1788842.00
05/23/2013,28.524194,28.965442,28.494777,28.730108,1335600,0.00,0.0,-,26.340020,27.805060,28.408492,29.030160,1782134.00
05/22/2013,29.583189,29.847938,28.690889,28.828165,1952700,0.00,0.0,-,26.317517,27.810551,28.333970,28.980152,1780258.00
05/21/2013,29.681245,29.906771,29.426302,29.475328,1590100,0.00,0.0,-,26.290699,27.812709,28.234444,28.942891,1769102.00
05/20/2013,29.514548,29.965600,29.514548,29.700853,1806600,0.00,0.0,-,26.253487,27.808590,28.112366,28.847778,1769162.00
05/17/2013,29.220388,29.632219,29.161556,29.612610,2076500,0.00,0.0,-,26.217697,27.792901,27.971657,28.749724,1764654.00
05/16/2013,29.122331,29.308635,29.034082,29.161552,1351600,0.00,0.0,-,26.183721,27.774467,27.829967,28.624214,1745452.00
05/15/2013,28.818359,29.269413,28.553612,29.220385,1882900,0.00,0.0,-,26.151363,27.765054,27.680923,28.515373,1746890.00
05/14/2013,28.141789,28.837978,28.141789,28.837978,2441900,0.00,0.0,-,26.116504,27.750150,27.542666,28.242780,1741468.00
05/13/2013,28.465364,28.465364,28.063339,28.161392,1323100,0.00,0.0,-,26.080714,27.730146,27.439708,28.053533,1735962.00
05/10/2013,28.190809,28.592835,28.161392,28.573223,1083600,0.00,0.0,-,26.048013,27.719752,27.341162,27.941750,1774486.00
05/09/2013,28.426137,28.543804,28.171194,28.230028,966000,0.00,0.0,-,26.014086,27.705240,27.288213,27.786823,1803196.00
05/08/2013,28.406532,28.563420,28.288867,28.455561,1403200,0.00,0.0,-,25.980845,27.690532,27.246539,27.687788,1819940.00
05/07/2013,28.700698,28.857586,28.288867,28.524199,1580300,0.00,0.0,-,25.949909,27.668372,27.201924,27.525997,1836288.00
05/06/2013,28.347702,28.906615,28.298675,28.720312,1471900,0.00,0.0,-,25.922502,27.650133,27.144071,27.376953,1848478.00
05/03/2013,28.386927,28.671285,28.239843,28.357510,1553400,0.00,0.0,-,25.894164,27.638562,27.079845,27.193589,1875944.00
05/02/2013,27.984897,28.759531,27.347538,28.073145,3062000,0.00,0.0,-,25.866513,27.629149,26.982280,27.035720,1929478.00
05/01/2013,26.837648,27.082786,26.396400,26.494455,2513100,0.00,0.0,-,25.840822,27.619540,26.884225,26.846474,1927392.00
04/30/2013,26.965118,27.053368,26.543482,26.945507,1431800,0.00,0.0,-,25.821653,27.656212,26.853338,26.842551,1925230.00
04/29/2013,27.122004,27.249476,27.004339,27.043560,731600,0.00,0.0,-,25.798365,27.680922,26.830785,26.825882,1927430.00
04/26/2013,27.229875,27.386763,27.014152,27.023958,1010800,0.00,0.0,-,25.776351,27.710927,26.846964,26.740575,1943104.00
04/25/2013,26.984734,27.465203,26.965123,27.239677,1470600,0.00,0.0,-,25.756446,27.738971,26.896972,26.789602,1969000.00
04/24/2013,27.092592,27.259285,26.680761,26.837650,1616600,0.00,0.0,-,25.735462,27.755248,26.923937,26.805290,1972750.00
04/23/2013,27.023951,27.249478,26.474843,27.033756,1744800,0.00,0.0,-,25.718107,27.771329,26.976887,26.877851,1967742.00
04/22/2013,26.759202,27.053366,26.210093,26.886673,1922600,0.00,0.0,-,25.698888,27.787998,27.019541,26.911190,1962310.00
04/19/2013,26.239515,26.837651,26.170876,26.778816,2211800,0.00,0.0,-,25.681581,27.810355,27.084748,26.966101,1951082.00
04/18/2013,26.514068,26.514068,26.004182,26.180681,1889600,0.00,0.0,-,25.665696,27.834280,27.148484,26.928840,1953558.00
04/17/2013,26.543484,26.680761,25.886516,26.455235,2079300,0.00,0.0,-,25.650204,27.863108,27.283310,26.921976,1966148.00
04/16/2013,26.425820,26.798428,26.268932,26.778816,1102000,0.00,0.0,-,25.630249,27.886446,27.395583,26.864124,1981342.00
04/15/2013,27.220061,27.220061,26.170874,26.190483,1851700,0.00,0.0,-,25.607010,27.912920,27.494128,26.835688,2007532.00
04/12/2013,27.259286,27.533840,27.259286,27.514229,1161000,0.00,0.0,-,25.585585,27.957241,27.627483,26.953354,2001726.00
04/11/2013,27.563252,27.661306,27.318115,27.396559,1380700,0.00,0.0,-,25.559944,27.975872,27.709358,27.004342,2023348.00
04/10/2013,27.435787,27.592674,27.278899,27.563259,1376100,0.00,0.0,-,25.534401,28.014506,27.789764,27.042585,2029648.00
04/09/2013,27.543647,27.631896,27.210260,27.367147,1668700,0.00,0.0,-,25.510083,28.046275,27.858402,27.075923,2026836.00
04/08/2013,26.719981,27.445587,26.719981,27.435781,2470700,0.00,0.0,-,25.487187,28.081771,27.953515,27.127893,2024962.00
04/05/2013,25.739436,26.445431,25.729630,26.406210,3033000,0.00,0.0,-,25.464390,28.113345,28.027547,27.203395,2013014.00
04/04/2013,25.984575,26.190489,25.896325,26.112045,3376200,0.00,0.0,-,25.444190,28.157470,28.141781,27.368128,1985570.00
04/03/2013,26.455234,26.474845,25.523712,25.876709,4420700,0.00,0.0,-,25.425805,28.212380,28.270723,27.644643,1971272.00
04/02/2013,27.386755,27.543643,26.161068,26.494455,4017200,0.00,0.0,-,25.405704,28.260427,28.400646,27.927041,1906428.00
04/01/2013,28.063339,28.063339,27.023955,27.367147,1923000,0.00,0.0,-,25.383004,28.291609,28.467814,28.152568,1860112.00
03/28/2013,27.867223,28.082943,27.778973,28.024111,1719900,0.00,0.0,-,25.354911,28.304748,28.481542,28.301612,1848610.00
03/27/2013,27.710344,27.808399,27.171040,27.778982,1777200,0.00,0.0,-,25.325299,28.310632,28.472717,28.414374,1837786.00
03/26/2013,28.004504,28.131976,27.680922,27.896645,1416000,0.00,0.0,-,25.295588,28.317103,28.458499,28.536942,1838056.00
03/25/2013,28.230034,28.367310,27.749563,27.886841,1200500,0.00,0.0,-,25.263622,28.328281,28.431043,28.640881,1840182.00
03/22/2013,28.171196,28.455556,28.053531,28.190807,1479900,0.00,0.0,-,25.228567,28.342990,28.417315,28.779138,1857036.00
03/21/2013,28.641866,28.700700,27.994703,28.053537,2008000,0.00,0.0,-,25.192385,28.344362,28.414864,28.851698,1862402.00
03/20/2013,28.828167,29.200777,28.779140,28.877195,1199400,0.00,0.0,-,25.158017,28.341617,28.406529,28.915434,1859306.00
03/19/2013,28.828164,28.867387,28.328083,28.700693,1309000,0.00,0.0,-,25.124335,28.318083,28.342303,28.896803,1885312.00
03/18/2013,28.504584,28.926221,28.357502,28.749722,786900,0.00,0.0,-,25.089378,28.292393,28.323672,28.874251,1896636.00
03/15/2013,29.043887,29.151746,28.651666,28.857582,1991700,0.00,0.0,-,25.056089,28.260035,28.295236,28.783060,1917482.00
03/14/2013,29.063490,29.190962,28.945825,29.151739,933200,0.00,0.0,-,25.023093,28.230226,28.279547,28.661472,1915028.00
03/13/2013,28.916412,29.024273,28.690886,29.004662,1241800,0.00,0.0,-,24.989656,28.182375,28.243267,28.531059,1929810.00
03/12/2013,29.269415,29.269415,28.788945,28.936028,1394900,0.00,0.0,-,24.955435,28.121581,28.195711,28.380055,1927134.00
03/11/2013,28.945834,29.328247,28.847778,29.269415,1593100,0.00,0.0,-,24.919743,28.072162,28.130995,28.221206,1926344.00
03/08/2013,28.847772,29.024272,28.632052,28.916410,1581200,0.00,0.0,-,24.881894,28.017055,28.060885,28.055492,1917360.00
03/07/2013,28.681086,28.818362,28.494781,28.690891,1116400,0.00,0.0,-,24.843506,27.971950,28.015290,27.978029,1896878.00
03/06/2013,28.534003,28.926223,28.524198,28.690891,1423500,0.00,0.0,-,24.807961,27.931747,27.979500,27.897624,1919770.00
03/05/2013,28.053535,28.504587,27.994701,28.475172,1611800,0.00,0.0,-,24.775995,27.899193,27.926060,27.787802,1921232.00
03/04/2013,27.622092,28.190811,27.396566,27.837812,2166600,0.00,0.0,-,24.744421,27.864481,27.883405,27.773093,1918682.00
03/01/2013,27.592666,27.818194,27.072976,27.641695,3249300,0.00,0.0,-,24.717505,27.848792,27.896643,27.807412,1919872.00
02/28/2013,27.553452,27.984894,27.327926,27.847616,2519100,0.00,0.0,-,24.692697,27.830554,27.934885,27.897623,1886192.00
02/27/2013,27.465202,27.622090,27.347535,27.494619,1803200,0.00,0.0,-,24.666418,27.804864,27.964792,27.955475,1860646.00
02/26/2013,27.651504,27.729948,27.229867,27.347532,2220600,0.00,0.0,-,24.642248,27.785449,28.056473,28.011367,1859396.00
02/25/2013,28.357500,28.494776,27.612282,27.612282,2189800,0.00,0.0,-,24.620087,27.775447,28.146683,28.040784,1872108.00
02/22/2013,28.131971,28.318274,27.896640,28.141777,2845200,0.00,0.0,-,24.597240,27.752110,28.223166,28.066278,1872868.00
02/21/2013,27.102400,28.318281,27.102400,27.886841,4230100,0.00,0.0,-,24.570079,27.717203,28.266801,28.052551,1883642.00
02/20/2013,28.288864,28.328085,27.514228,27.592672,2957700,0.00,0.0,-,24.545860,27.669744,28.303081,28.061376,1829876.00
02/19/2013,28.259447,28.632057,28.200614,28.328085,2405000,0.00,0.0,-,24.518846,27.621893,28.366327,28.064318,1801538.00
02/15/2013,28.465364,28.475170,28.073142,28.181004,1541800,0.00,0.0,-,24.486585,27.563845,28.363875,27.993718,1796112.00
02/14/2013,28.337888,28.818357,28.279055,28.543804,1515300,0.00,0.0,-,24.454129,27.512268,28.357502,27.985874,1806862.00
02/13/2013,28.210418,29.014468,28.210418,28.426138,2305600,0.00,0.0,-,24.419565,27.447552,28.331517,27.972146,1802536.00
02/12/2013,27.700539,28.112370,27.700539,28.053537,1658100,0.00,0.0,-,24.383432,27.386169,28.326124,27.974108,1837456.00
02/11/2013,27.739750,27.955471,27.622084,27.641695,1366200,0.00,0.0,-,24.348230,27.323218,28.328576,28.101579,1841670.00
02/08/2013,28.063340,28.122173,27.759368,27.867229,1473200,0.00,0.0,-,24.313322,27.262620,28.369269,28.252583,1843204.00
02/07/2013,27.984894,28.122170,27.700533,28.004503,1361200,0.00,0.0,-,24.276061,27.197707,28.407020,28.380055,1845278.00
02/06/2013,27.622093,28.102563,27.504427,27.975092,2335600,0.00,0.0,-,24.240124,27.140639,28.419767,28.481051,1851382.00
02/05/2013,27.729949,27.818198,27.416171,27.622087,2519100,0.00,0.0,-,24.202128,27.080630,28.416825,28.544786,1814628.00
02/04/2013,27.867225,27.935863,27.229868,27.622087,2839000,0.00,0.0,-,24.167613,27.022385,28.420747,28.668336,1791290.00
02/01/2013,28.651669,28.769336,28.033924,28.102562,2411500,0.00,0.0,-,24.134176,26.962964,28.410451,28.734033,1788302.00
01/31/2013,28.347698,28.504586,28.131978,28.406530,1561400,0.00,0.0,-,24.096081,26.896875,28.361914,28.729130,1776590.00
01/30/2013,29.279223,29.308638,28.386923,28.445755,2242100,0.00,0.0,-,24.055732,26.820980,28.309945,28.690888,1782950.00
01/29/2013,29.161554,29.347859,29.004666,29.328247,1695700,0.00,0.0,-,24.016363,26.741948,28.225617,28.678141,1774586.00
01/28/2013,29.200768,29.249794,28.837964,29.151739,1235500,0.00,0.0,-,23.971355,26.646246,28.057453,28.555572,1786300.00
01/25/2013,29.043889,29.308637,28.975249,29.141943,1575000,0.00,0.0,-,23.925319,26.563292,27.923118,28.485954,1806060.00
01/24/2013,28.720307,29.357664,28.583029,29.014471,1873300,0.00,0.0,-,23.882027,26.487397,27.791724,28.433985,1813914.00
01/23/2013,28.847772,28.847772,28.445747,28.612440,1660800,0.00,0.0,-,23.843100,26.418758,27.674058,28.358482,1814860.00
01/22/2013,28.200614,29.092914,28.200614,28.857582,2661300,0.00,0.0,-,23.805741,26.357180,27.577474,28.288863,1820570.00
01/18/2013,28.141780,28.279057,27.886837,28.279057,1178500,0.00,0.0,-,23.764999,26.302661,27.487754,28.173159,1832298.00
01/17/2013,28.112370,28.220231,27.916259,28.053537,1701400,0.00,0.0,-,23.726708,26.254811,27.410781,28.086870,1865586.00
01/16/2013,28.239831,28.239831,27.690724,28.024111,1347900,0.00,0.0,-,23.688908,26.203234,27.360772,27.994698,1867594.00
01/15/2013,27.896644,28.318279,27.837810,28.318279,1178700,0.00,0.0,-,23.651451,26.141851,27.296056,27.929001,1882390.00
01/14/2013,28.288867,28.563420,27.975091,28.102562,1790700,0.00,0.0,-,23.613112,26.079880,27.208297,27.773094,1939204.00
01/11/2013,28.534005,28.612449,28.377117,28.455561,1522300,0.00,0.0,-,23.577322,26.026342,27.129363,27.559333,2075876.00
01/10/2013,28.377110,28.641857,28.279055,28.622248,2043200,0.00,0.0,-,23.541139,25.920051,27.048958,27.360281,2070318.00
01/09/2013,27.955475,28.386918,27.798587,28.259445,1748200,0.00,0.0,-,23.502996,25.809445,26.940117,27.149464,2046840.00
01/08/2013,27.729947,27.955473,27.573059,27.916250,1853200,0.00,0.0,-,23.465882,25.700800,26.846964,26.989634,2024692.00
01/07/2013,27.308317,27.906451,27.278900,27.700537,2499700,0.00,0.0,-,23.430778,25.598430,26.726847,26.866085,2010684.00
01/04/2013,27.229869,27.661309,27.210257,27.416172,1875200,0.00,0.0,-,23.397146,25.501944,26.601827,26.802349,1986624.00
01/03/2013,27.367145,27.406368,27.033758,27.131813,1829200,0.00,0.0,-,23.366847,25.415460,26.502302,26.734691,1988556.00
01/02/2013,27.308315,27.445591,27.082789,27.367147,1869000,0.00,0.0,-,23.338754,25.346233,26.425819,26.726847,2001590.00
12/31/2012,25.886512,26.778813,25.886512,26.759203,1672300,0.00,0.0,-,23.309239,25.274261,26.322861,26.663111,2008984.00
12/28/2012,26.308151,26.366983,25.935543,25.964958,1108000,0.00,0.0,-,23.281588,25.219546,26.252752,26.643501,2011002.00
12/27/2012,26.484652,26.514069,25.994377,26.465040,1355400,0.00,0.0,-,23.258545,25.173068,26.199802,26.699392,2030060.00
12/26/2012,26.641543,26.719987,26.425823,26.514072,1143900,0.00,0.0,-,23.232119,25.120315,26.107140,26.737634,2058686.00
12/24/2012,26.778815,26.925897,26.533677,26.661150,557100,0.00,0.0,-,23.205742,25.062070,26.012517,26.730770,2082582.00
12/21/2012,26.778815,26.994537,26.592512,26.680759,2261000,0.00,0.0,-,23.177453,24.998138,25.937015,26.704295,2100334.00
12/20/2012,26.700369,27.072979,26.651342,27.063173,1496600,0.00,0.0,-,23.147155,24.938717,25.851707,26.587609,2075172.00
12/19/2012,27.416175,27.416175,26.739597,26.739597,1484300,0.00,0.0,-,23.113424,24.880472,25.734041,26.401305,2061986.00
12/18/2012,26.827844,27.180840,26.749400,27.053370,2226100,0.00,0.0,-,23.083909,24.831052,25.629612,26.269912,2072702.00
12/17/2012,26.621925,26.729786,26.396399,26.729786,1565300,0.00,0.0,-,23.051502,24.776926,25.516849,26.124791,2064008.00
12/14/2012,26.494461,26.690570,26.455238,26.563099,1241800,0.00,0.0,-,23.021693,24.730252,25.410950,25.982611,2055362.00
12/13/2012,26.847452,26.876869,26.386594,26.523870,1740700,0.00,0.0,-,22.991345,24.685735,25.307502,25.862003,2068248.00
12/12/2012,26.631745,27.161243,26.553301,26.847466,2856200,0.00,0.0,-,22.963154,24.639453,25.208466,25.700213,2068976.00
12/11/2012,26.406206,26.523871,26.121846,26.445427,2227800,0.00,0.0,-,22.933542,24.586895,25.116294,25.476646,2042768.00
12/10/2012,25.553125,26.523869,25.553125,26.396399,3383900,0.00,0.0,-,22.904615,24.542967,25.061383,25.294264,2025850.00
12/07/2012,25.337407,25.533518,25.200131,25.513906,1541800,0.00,0.0,-,22.876964,24.500019,25.020691,25.169735,1985174.00
12/06/2012,25.406049,25.445272,25.023635,25.200134,1540800,0.00,0.0,-,22.853676,24.474524,25.021671,25.115805,1986428.00
12/05/2012,25.553130,25.660991,25.121689,25.425659,2133700,0.00,0.0,-,22.834506,24.461777,25.068247,25.066777,1990392.00
12/04/2012,25.327605,25.660992,25.327605,25.602160,2079300,0.00,0.0,-,22.813964,24.441578,25.091290,24.989313,1992154.00
12/03/2012,25.504104,25.631574,25.141299,25.307993,1299000,0.00,0.0,-,22.793225,24.418437,25.084916,24.908908,1989736.00
11/30/2012,25.396240,25.768850,25.258964,25.357019,4051600,0.00,0.0,-,22.774153,24.409219,25.067266,24.839288,1997730.00
11/29/2012,24.680442,24.974606,24.641219,24.905968,1868800,0.00,0.0,-,22.756209,24.402159,25.060402,24.753000,1931926.00
11/28/2012,24.601992,24.709853,24.219578,24.611797,1442900,0.00,0.0,-,22.739295,24.404905,25.086387,24.716719,1922644.00
11/27/2012,25.072659,25.160908,24.592190,24.621607,1576900,0.00,0.0,-,22.723508,24.419025,25.012846,24.755941,1950814.00
11/26/2012,24.807911,25.258965,24.778496,25.151104,1666400,0.00,0.0,-,22.710516,24.430595,24.936363,24.828502,1974358.00
11/23/2012,24.798110,24.974607,24.641220,24.974607,497900,0.00,0.0,-,22.693601,24.415299,24.820168,24.871646,1971710.00
11/21/2012,24.660824,24.945184,24.533353,24.709852,1352200,0.00,0.0,-,22.678746,24.397061,24.711326,24.927538,1988034.00
11/20/2012,24.876552,25.121689,24.464721,24.651024,2689600,0.00,0.0,-,22.665214,24.382549,24.619645,25.069717,1985168.00
11/19/2012,24.856936,24.935380,24.592187,24.798103,1825900,0.00,0.0,-,22.651291,24.374900,24.541691,25.193266,1950146.00
11/16/2012,24.513742,24.690241,24.248993,24.611797,1879400,0.00,0.0,-,22.636190,24.364899,24.485310,25.260925,1937856.00
11/15/2012,24.572581,24.768691,24.288222,24.494137,1823900,0.00,0.0,-,22.621384,24.343719,24.443147,25.295245,1920026.00
11/14/2012,25.092273,25.141299,24.484331,24.543165,2281400,0.00,0.0,-,22.604813,24.325873,24.419613,25.367805,1910446.00
11/13/2012,25.151099,25.494292,24.994211,25.004017,2223500,0.00,0.0,-,22.588977,24.305674,24.374508,25.456054,1906948.00
11/12/2012,25.582549,25.739437,25.111886,25.347218,1967700,0.00,0.0,-,22.570199,24.268805,24.315675,25.269750,1877518.00
11/09/2012,25.562933,26.004181,25.543321,25.582544,1920600,0.00,0.0,-,22.548725,24.230956,24.228406,25.044223,1863196.00
11/08/2012,26.082627,26.082627,25.504103,25.533520,1946300,0.00,0.0,-,22.526123,24.194479,24.122507,24.768689,1850070.00
11/07/2012,25.543319,26.170872,25.141294,26.131649,3247700,0.00,0.0,-,22.500874,24.157022,24.031315,24.495115,1829122.00
11/06/2012,25.611962,26.141458,25.543322,25.886515,2842900,0.00,0.0,-,22.472487,24.108975,23.932280,24.169573,1787008.00
11/05/2012,24.837329,25.592352,24.700052,25.474686,1801800,0.00,0.0,-,22.447974,24.067988,23.851385,23.890116,1758814.00
11/02/2012,25.464881,25.553130,24.896162,24.954996,2087700,0.00,0.0,-,22.426941,24.035826,23.795003,23.709695,1745402.00
11/01/2012,25.572740,25.827684,24.847134,25.219742,4019400,0.00,0.0,-,22.407820,24.022295,23.767057,23.591049,1728786.00
10/31/2012,24.807912,25.572741,24.523553,25.425659,8624300,0.00,0.0,-,22.387915,24.001899,23.722932,23.471422,1667846.00
10/26/2012,23.121361,23.317471,22.935056,23.140972,1244400,0.00,0.0,-,22.368843,23.982877,23.662138,23.292962,1534790.00
10/25/2012,23.082142,23.199807,22.856614,23.091946,869300,0.00,0.0,-,22.361685,24.011901,23.716069,23.361601,1537914.00
10/24/2012,22.886038,22.954676,22.709539,22.827206,640800,0.00,0.0,-,22.354331,24.035826,23.773922,23.412589,1532324.00
10/23/2012,22.582061,22.846808,22.474200,22.797781,1152800,0.00,0.0,-,22.348203,24.060732,23.845011,23.476324,1553832.00
10/22/2012,23.052728,23.101754,22.709535,22.876228,1296700,0.00,0.0,-,22.340162,24.086423,23.917082,23.567516,1551496.00
10/19/2012,23.562611,23.621443,22.984086,23.091946,1971800,0.00,0.0,-,22.332269,24.114859,24.001409,23.694987,1554960.00
10/18/2012,23.758727,24.082308,23.660671,23.670477,2480900,0.00,0.0,-,22.324081,24.135058,24.067596,23.812654,1541222.00
10/17/2012,24.092113,24.141142,23.690088,23.768532,2238700,0.00,0.0,-,22.311677,24.147217,24.106328,23.880311,1513082.00
10/16/2012,23.797944,24.062693,23.768527,24.023470,1773200,0.00,0.0,-,22.298538,24.153492,24.160258,23.943065,1504892.00
10/15/2012,23.827363,23.954836,23.562616,23.641060,2060900,0.00,0.0,-,22.284026,24.153100,24.209285,23.974443,1519218.00
10/12/2012,23.680280,24.023473,23.611642,23.827362,2786700,0.00,0.0,-,22.271622,24.164867,24.279394,24.031315,1534740.00
10/11/2012,23.690083,23.866582,23.356696,23.601833,2338700,0.00,0.0,-,22.257551,24.157611,24.353916,24.070537,1572214.00
10/10/2012,23.729305,23.827358,23.425333,23.464556,1444700,0.00,0.0,-,22.246226,24.126233,24.433831,24.135254,1573488.00
10/09/2012,24.160744,24.190161,23.690081,23.709692,1002900,0.00,0.0,-,22.236077,24.107799,24.479917,24.213698,1572922.00
10/08/2012,24.239193,24.317637,24.101917,24.150944,837300,0.00,0.0,-,22.223820,24.089953,24.497567,24.266648,1575284.00
10/05/2012,24.445109,24.533359,24.190166,24.268610,2020100,0.00,0.0,-,22.206513,24.060732,24.489233,24.307831,1593634.00
10/04/2012,24.513743,24.670631,24.288217,24.347050,1791400,0.00,0.0,-,22.189060,24.020334,24.489233,24.322539,1576176.00
10/03/2012,24.386274,24.513745,24.307830,24.396078,1133000,0.00,0.0,-,22.167831,23.966992,24.486782,24.332345,1568808.00
10/02/2012,24.170554,24.445109,24.170554,24.337248,1886100,0.00,0.0,-,22.148367,23.911493,24.444618,24.377450,1581052.00
10/01/2012,24.121528,24.425498,24.023473,24.209778,1777100,0.00,0.0,-,22.126059,23.860504,24.407847,24.444127,1574994.00
09/28/2012,24.121530,24.376473,24.003863,24.219585,1545800,0.00,0.0,-,22.102722,23.807947,24.374018,24.527474,1582530.00
09/27/2012,24.386275,24.464719,24.190164,24.248997,1381900,0.00,0.0,-,22.080807,23.768921,24.321069,24.637295,1616126.00
09/26/2012,24.268608,24.405885,24.092109,24.248997,1350100,0.00,0.0,-,22.060951,23.744799,24.281356,24.732409,1620566.00
09/25/2012,24.690243,24.788298,24.229383,24.239189,1604500,0.00,0.0,-,22.042124,23.720874,24.256843,24.746137,1617048.00
09/24/2012,24.386277,24.651024,24.199972,24.562775,1739000,0.00,0.0,-,22.019866,23.692634,24.227917,24.728487,1606724.00
09/21/2012,24.386276,24.631414,24.258804,24.415691,2221800,0.00,0.0,-,21.999225,23.660080,24.186243,24.670635,1594810.00
09/20/2012,24.641221,24.719665,24.268613,24.445112,1958400,0.00,0.0,-,21.979516,23.624976,24.157317,24.655927,1587832.00
09/19/2012,24.964797,25.239351,24.807909,24.847132,1698700,0.00,0.0,-,21.960199,23.581832,24.128391,24.641218,1581080.00
09/18/2012,24.935379,25.121684,24.817712,25.004017,761400,0.00,0.0,-,21.937205,23.537707,24.099955,24.511786,1572780.00
09/17/2012,25.170714,25.268769,24.974603,25.043243,1404700,0.00,0.0,-,21.913525,23.498485,24.059752,24.371567,1581494.00
09/14/2012,25.170717,25.562936,25.151105,25.317799,2851400,0.00,0.0,-,21.889257,23.458479,24.031316,24.220563,1575410.00
09/13/2012,24.425499,25.474687,24.366666,25.200134,2754100,0.00,0.0,-,21.857977,23.419453,23.995036,24.004842,1561818.00
09/12/2012,24.219585,24.445111,24.052891,24.386278,1534000,0.00,0.0,-,21.829002,23.379251,23.949440,23.830304,1535652.00
09/11/2012,24.072495,24.101912,23.797942,24.062691,1314100,0.00,0.0,-,21.799585,23.360032,23.933751,23.767548,1544054.00
09/10/2012,24.219587,24.356863,23.984253,23.984253,1208900,0.00,0.0,-,21.771198,23.350815,23.934732,23.727346,1567888.00
09/07/2012,24.327442,24.435304,24.229387,24.268610,938500,0.00,0.0,-,21.745214,23.332773,23.950421,23.701851,1585370.00
09/06/2012,23.739110,24.366663,23.739110,24.298025,1211400,0.00,0.0,-,21.717317,23.296688,23.942086,23.658707,1595412.00
09/05/2012,23.592028,23.699889,23.454751,23.552807,987900,0.00,0.0,-,21.690744,23.253348,23.941105,23.615563,1605716.00
09/04/2012,23.513584,23.758721,23.435140,23.601833,1344900,0.00,0.0,-,21.668290,23.220402,23.967580,23.688124,1606548.00
08/31/2012,23.307673,23.690087,23.258645,23.533199,2106500,0.00,0.0,-,21.646914,23.196084,23.987681,23.747937,1615590.00
08/30/2012,23.307671,23.366504,23.101755,23.160589,752000,0.00,0.0,-,21.623331,23.171178,24.022491,23.842070,1640504.00
08/29/2012,23.768526,23.895998,23.366500,23.454750,1251600,0.00,0.0,-,21.599553,23.161961,24.037689,23.985230,1659938.00
08/28/2012,23.699890,24.121527,23.641057,23.758722,1264300,0.00,0.0,-,21.576216,23.148625,23.966599,24.068577,1674972.00
08/27/2012,23.846974,23.856780,23.592031,23.660669,898900,0.00,0.0,-,21.550280,23.130976,23.905805,24.099955,1700772.00
08/24/2012,23.768524,23.886191,23.592025,23.729303,1142000,0.00,0.0,-,21.528267,23.105089,23.863642,24.142118,1750776.00
08/23/2012,23.866585,24.268610,23.768530,23.837168,1433200,0.00,0.0,-,21.512333,23.079203,23.811673,24.198990,1769108.00
08/22/2012,24.170557,24.190168,23.817560,23.866587,1131200,0.00,0.0,-,21.496203,23.039589,23.732248,24.225465,1780974.00
08/21/2012,24.317637,24.474525,24.219583,24.278416,1256900,0.00,0.0,-,21.484289,23.001347,23.622917,24.266648,1786390.00
08/20/2012,24.415687,24.445104,24.052884,24.199966,972400,0.00,0.0,-,21.472915,22.950751,23.490052,24.247036,1796884.00
08/17/2012,24.670636,24.670636,24.141140,24.474525,1971500,0.00,0.0,-,21.460511,22.908783,23.369445,24.227426,1805960.00
08/16/2012,24.278416,24.651024,24.180361,24.592192,1400600,0.00,0.0,-,21.435409,22.856030,23.224814,24.202912,1821132.00
08/15/2012,24.092109,24.327440,23.935221,24.288219,589800,0.00,0.0,-,21.414866,22.794255,23.108619,24.090148,1832660.00
08/14/2012,24.141140,24.258805,23.915612,24.072500,1716200,0.00,0.0,-,21.399766,22.726009,23.046354,23.864622,1870532.00
08/13/2012,24.160748,24.337247,23.945028,24.082304,1036000,0.00,0.0,-,21.385352,22.663646,22.995365,23.711656,1892772.00
08/10/2012,24.013665,24.298025,23.827360,24.298025,1469900,0.00,0.0,-,21.365790,22.605597,22.932610,23.585166,1935332.00
08/09/2012,24.248994,24.258799,23.876386,24.101912,1284900,0.00,0.0,-,21.343826,22.562453,22.864462,23.424356,1971778.00
08/08/2012,24.013667,24.405886,23.866585,24.278416,1073900,0.00,0.0,-,21.325293,22.514602,22.792392,23.239032,1987640.00
08/07/2012,24.190165,24.582385,23.935222,24.082304,1829200,0.00,0.0,-,21.303868,22.470870,22.692866,22.979186,2008476.00
08/06/2012,24.386278,24.445111,23.876392,24.003862,2489500,0.00,0.0,-,21.280090,22.434393,22.620796,22.733068,2020234.00
08/03/2012,23.984248,24.396079,23.807751,24.229385,2837000,0.00,0.0,-,21.256802,22.403604,22.572749,22.511464,2018870.00
08/02/2012,23.111557,23.641055,22.601671,23.464556,4660400,0.00,0.0,-,21.233906,22.362225,22.513425,22.246716,1992458.00
08/01/2012,22.660510,22.876231,21.993736,22.032957,2402400,0.00,0.0,-,21.212383,22.328886,22.508523,22.127089,1933950.00
07/31/2012,22.856617,22.895840,22.405565,22.542841,1416400,0.00,0.0,-,21.200567,22.322219,22.566375,22.228085,1913760.00
07/30/2012,22.621289,23.033120,22.621289,22.817400,1121000,0.00,0.0,-,21.184486,22.296136,22.610500,22.279074,1933164.00
07/27/2012,22.385952,22.817395,22.229065,22.689922,1754800,0.00,0.0,-,21.168797,22.271426,22.649722,22.280054,1948424.00
07/26/2012,21.983924,22.327116,21.895674,22.248672,1147200,0.00,0.0,-,21.151834,22.263582,22.669333,22.304568,1961376.00
07/25/2012,21.758402,21.983928,21.532874,21.679958,1423000,0.00,0.0,-,21.137763,22.261817,22.680119,22.345752,1971140.00
07/24/2012,21.807431,22.032957,21.513267,21.621126,1745200,0.00,0.0,-,21.123594,22.277309,22.702672,22.406546,1963254.00
07/23/2012,21.277933,21.954511,21.209292,21.787817,1583200,0.00,0.0,-,21.111729,22.298489,22.716890,22.508523,1956716.00
07/20/2012,22.023152,22.023152,21.532877,21.581905,2153900,0.00,0.0,-,21.095746,22.314570,22.746797,22.634034,1973972.00
07/19/2012,22.542844,22.670317,21.856460,22.268290,3225600,0.00,0.0,-,21.076430,22.336142,22.782096,22.780135,1967752.00
07/18/2012,22.925254,23.180197,22.876228,23.042921,1603900,0.00,0.0,-,21.050249,22.349086,22.803668,22.889956,1948620.00
07/17/2012,22.866418,23.091944,22.778168,23.052723,1174200,0.00,0.0,-,21.027157,22.349086,22.790921,22.904665,1973986.00
07/16/2012,22.886038,22.944871,22.670318,22.827206,1088300,0.00,0.0,-,21.007203,22.342222,22.782097,22.941927,2003226.00
07/13/2012,22.631089,22.964476,22.621283,22.935059,1143300,0.00,0.0,-,20.984552,22.346536,22.759054,23.019389,2079460.00
07/12/2012,22.131015,22.729151,22.003544,22.660513,1872900,0.00,0.0,-,20.965137,22.331632,22.734050,23.034098,2125648.00
07/11/2012,22.621288,22.689926,22.111402,22.287901,1620800,0.00,0.0,-,20.945134,22.315943,22.693847,23.014487,2122234.00
07/10/2012,23.160590,23.248838,22.533037,22.640898,1283700,0.00,0.0,-,20.926994,22.303980,22.677178,22.998797,2125992.00
07/09/2012,23.062533,23.091948,22.876228,23.042921,1197100,0.00,0.0,-,20.903608,22.283781,22.632563,22.925256,2135740.00
07/06/2012,23.091948,23.170392,22.905645,23.042921,1100500,0.00,0.0,-,20.881104,22.246912,22.585496,22.859559,2127712.00
07/05/2012,23.170390,23.484168,23.042920,23.366501,2171800,0.00,0.0,-,20.858551,22.206318,22.525193,22.784057,2133270.00
07/03/2012,23.386117,23.572422,23.160591,23.190006,1445800,0.00,0.0,-,20.835067,22.152191,22.432041,22.717381,2115686.00
07/02/2012,23.660672,23.778339,23.297870,23.425341,1954100,0.00,0.0,-,20.811436,22.096692,22.316336,22.677178,2119540.00
06/29/2012,23.356696,23.601833,23.140976,23.601833,2505800,0.00,0.0,-,20.787020,22.044527,22.192787,22.622267,2106962.00
06/28/2012,22.317318,23.111563,22.209457,23.082148,2083000,0.00,0.0,-,20.759859,21.980007,22.071689,22.498718,2097932.00
06/27/2012,22.209454,22.533036,22.131010,22.464397,1440600,0.00,0.0,-,20.733678,21.932744,22.024622,22.434002,2082644.00
06/26/2012,21.993732,22.327119,21.944703,22.131008,1726600,0.00,0.0,-,20.708576,21.902151,21.986871,22.373208,2104840.00
06/25/2012,22.081986,22.131013,21.787820,21.905487,1029500,0.00,0.0,-,20.685092,21.869204,21.984910,22.355558,2106288.00
06/22/2012,22.415369,22.503619,22.160426,22.385952,1797000,0.00,0.0,-,20.665873,21.837827,22.002560,22.339869,2120138.00
06/21/2012,22.768370,22.925258,22.238874,22.287901,3352200,0.00,0.0,-,20.645184,21.801547,22.006482,22.311433,2117792.00
06/20/2012,22.748760,22.846814,22.484012,22.699732,1723700,0.00,0.0,-,20.621994,21.762324,22.000108,22.266328,2083336.00
06/19/2012,23.003703,23.033120,22.748762,22.787983,2003300,0.00,0.0,-,20.596450,21.707217,21.955003,22.146701,2103234.00
06/18/2012,22.307509,22.925255,22.160427,22.876228,2554300,0.00,0.0,-,20.574584,21.661132,21.900582,21.955494,2100406.00
06/15/2012,22.542846,22.709539,22.268291,22.366346,3399100,0.00,0.0,-,20.554287,21.628185,21.818707,21.763306,2092304.00
06/14/2012,21.905488,22.493819,21.856461,22.434984,2058600,0.00,0.0,-,20.536490,21.603671,21.779484,21.644660,2094974.00
06/13/2012,21.876070,22.209457,21.699571,21.856461,2026500,0.00,0.0,-,20.514329,21.569156,21.772620,21.615242,2100748.00
06/12/2012,21.895677,21.993733,21.542679,21.954510,1402000,0.00,0.0,-,20.493885,21.544446,21.787818,21.600533,2090822.00
06/11/2012,22.268283,22.376144,21.728981,21.748592,1781600,0.00,0.0,-,20.468489,21.515226,21.812823,21.614261,2084008.00
06/08/2012,21.738793,22.111401,21.542682,22.101597,1426200,0.00,0.0,-,20.445495,21.490908,21.859399,21.665251,2076344.00
06/07/2012,21.797628,22.101600,21.532879,21.836851,2730100,0.00,0.0,-,20.418137,21.461884,21.883913,21.701531,2078980.00
06/06/2012,21.121042,21.513262,21.101431,21.503456,1977000,0.00,0.0,-,20.388329,21.444038,21.925096,21.733888,2067732.00
06/05/2012,20.915131,21.062213,20.758243,20.875910,2483400,0.00,0.0,-,20.360530,21.438350,21.995695,21.763305,2054648.00
06/04/2012,21.248520,21.326963,20.738633,20.954355,2828200,0.00,0.0,-,20.335918,21.440704,22.104046,21.845671,2026878.00
06/01/2012,21.699570,21.768211,20.983769,21.179880,3164000,0.00,0.0,-,20.316994,21.438350,22.191805,21.874107,1994062.00
05/31/2012,21.876063,22.317311,21.523066,22.140812,3292200,0.00,0.0,-,20.298412,21.432663,22.284957,21.914309,1966802.00
05/30/2012,21.905482,21.944703,21.572095,21.709372,2078000,0.00,0.0,-,20.276595,21.409326,22.287409,21.929998,1932226.00
05/29/2012,22.434976,22.542837,22.003536,22.091785,2115700,0.00,0.0,-,20.254876,21.402266,22.295743,21.975103,1916972.00
05/25/2012,22.415376,22.533041,22.072183,22.258488,2417100,0.00,0.0,-,20.231441,21.390696,22.275642,22.011384,1907946.00
05/24/2012,22.180039,22.493815,21.983928,22.464397,2421300,0.00,0.0,-,20.201730,21.374811,22.244264,22.053547,1890292.00
05/23/2012,21.611318,22.170231,21.356375,22.160425,1516400,0.00,0.0,-,20.173147,21.350101,22.181019,22.066294,1861304.00
05/22/2012,21.728983,21.993731,21.562289,21.797621,1735000,0.00,0.0,-,20.138141,21.334020,22.123657,22.116303,1873624.00
05/21/2012,21.415213,21.738795,21.248519,21.699572,1392900,0.00,0.0,-,20.114216,21.321665,22.066785,22.228086,1867706.00
05/18/2012,21.728991,21.807435,21.199495,21.238716,2386600,0.00,0.0,-,20.090879,21.312448,22.002559,22.362421,1882458.00
05/17/2012,22.327124,22.415373,21.581905,21.581905,1884000,0.00,0.0,-,20.077494,21.307741,21.981477,22.509503,1879336.00
05/16/2012,22.297699,22.650697,22.297699,22.297699,2402400,0.00,0.0,-,20.053275,21.288523,21.921173,22.655605,1861728.00
05/15/2012,22.405563,22.572256,22.131008,22.160425,1635400,0.00,0.0,-,20.029545,21.248908,21.842239,22.644819,1848886.00
05/14/2012,22.454592,22.601674,22.346733,22.454592,1028700,0.00,0.0,-,20.009542,21.222434,21.780954,22.616383,1844986.00
05/11/2012,22.484012,22.817399,22.474206,22.680120,1418300,0.00,0.0,-,19.988362,21.184781,21.682409,22.539900,1845944.00
05/10/2012,22.964477,23.111560,22.493814,22.591869,2446000,0.00,0.0,-,19.967673,21.146539,21.565234,22.434981,1844658.00
05/09/2012,22.640901,22.964483,22.562458,22.660513,1842900,0.00,0.0,-,19.950464,21.104571,21.464237,22.295744,1820926.00
05/08/2012,22.866417,23.003693,22.533030,22.915445,2269000,0.00,0.0,-,19.933795,21.069075,21.347551,22.131011,1802650.00
05/07/2012,22.709534,23.199809,22.699728,23.042921,2872200,0.00,0.0,-,19.915949,21.029265,21.198998,21.905485,1795074.00
05/04/2012,23.023315,23.288064,22.552652,22.709539,2636200,0.00,0.0,-,19.897662,20.981611,21.071037,21.642697,1773736.00
05/03/2012,22.719340,23.592028,22.552646,23.042921,4900000,0.00,0.0,-,19.879129,20.944742,20.997005,21.453451,1762128.00
05/02/2012,21.807430,22.327122,21.670154,22.189844,3452700,0.00,0.0,-,19.858587,20.901009,20.901892,21.186741,1718566.00
05/01/2012,21.670152,22.013344,21.523070,21.876066,1702200,0.00,0.0,-,19.840593,20.884536,20.827860,21.039659,1681582.00
04/30/2012,21.572095,21.758400,21.326958,21.689762,1808700,0.00,0.0,-,19.825003,20.873358,20.765105,20.945526,1671458.00
04/27/2012,21.326958,21.787816,21.258320,21.630928,1771100,0.00,0.0,-,19.810098,20.868651,20.705291,20.824918,1656060.00
04/26/2012,20.993579,21.238716,20.817079,21.199495,795700,0.00,0.0,-,19.799018,20.865906,20.650381,20.695486,1641134.00
04/25/2012,20.905324,21.150462,20.807269,21.013186,1378400,0.00,0.0,-,19.789213,20.877280,20.622925,20.632730,1641960.00
04/24/2012,20.483686,20.738629,20.424853,20.660185,1292600,0.00,0.0,-,19.781515,20.887478,20.619493,20.564092,1637708.00
04/23/2012,20.522908,20.542519,20.267965,20.415047,1638500,0.00,0.0,-,19.778721,20.903363,20.647439,20.492512,1629432.00
04/20/2012,20.454270,20.944544,20.415047,20.817072,1325200,0.00,0.0,-,19.778917,20.935525,20.676365,20.499376,1621658.00
04/19/2012,20.768047,20.846491,20.209134,20.375828,2054300,0.00,0.0,-,19.775975,20.954548,20.677345,20.540559,1614218.00
04/18/2012,20.768046,20.973960,20.620964,20.719017,1318600,0.00,0.0,-,19.774995,20.987102,20.703330,20.617042,1593112.00
04/17/2012,20.611155,20.983763,20.513100,20.934736,2550400,0.00,0.0,-,19.772102,21.012792,20.716077,20.616062,1586266.00
04/16/2012,20.464081,20.738634,20.326802,20.483690,1799000,0.00,0.0,-,19.766464,21.031423,20.737159,20.584684,1562950.00
04/13/2012,20.493495,20.611162,20.120887,20.336607,1722000,0.00,0.0,-,19.763767,21.057309,20.788638,20.585664,1545188.00
04/12/2012,20.326800,20.591549,20.238550,20.571938,1679700,0.00,0.0,-,19.759600,21.083588,20.845020,20.605275,1527946.00
04/11/2012,20.228744,20.483687,20.013024,20.326799,1629400,0.00,0.0,-,19.753374,21.095747,20.877868,20.613119,1512530.00
04/10/2012,20.336601,20.473878,19.816909,19.944382,2718600,0.00,0.0,-,19.747147,21.116730,20.929347,20.674894,1498026.00
04/09/2012,20.895521,21.032800,20.434664,20.483690,1861900,0.00,0.0,-,19.744647,21.142813,20.991122,20.802366,1467774.00
04/05/2012,21.091626,21.581901,21.042598,21.228903,2149200,0.00,0.0,-,19.737489,21.154187,21.028873,20.853354,1451790.00
04/04/2012,20.503300,21.258324,20.356218,21.140657,3532600,0.00,0.0,-,19.725624,21.150854,21.017597,20.814132,1429148.00
04/03/2012,20.611158,20.709213,20.405241,20.709213,2347300,0.00,0.0,-,19.712632,21.137714,20.991612,20.789618,1380188.00
04/02/2012,20.405242,20.768046,20.248354,20.620964,1530200,0.00,0.0,-,19.701306,21.132615,20.972002,20.816093,1372178.00
03/30/2012,20.679793,20.797458,20.464073,20.493488,1061300,0.00,0.0,-,19.690471,21.139871,20.982788,20.889634,1365356.00
03/29/2012,20.464077,20.581742,20.375827,20.532715,1398400,0.00,0.0,-,19.680274,21.155364,20.986710,20.991612,1369928.00
03/28/2012,20.944545,21.042599,20.454270,20.650379,1558000,0.00,0.0,-,19.670860,21.167327,20.998477,21.084764,1412716.00
03/27/2012,21.248514,21.395596,20.924932,20.944544,2167700,0.00,0.0,-,19.659290,21.179094,20.990632,21.142617,1407240.00
03/26/2012,21.219103,21.405408,21.042604,21.219103,1322800,0.00,0.0,-,19.646445,21.192429,20.987690,21.183800,1383624.00
03/23/2012,20.797458,21.032791,20.542516,20.993568,1094900,0.00,0.0,-,19.633403,21.202235,20.972982,21.179878,1379026.00
03/22/2012,20.699409,20.875908,20.454271,20.836685,1187400,0.00,0.0,-,19.621686,21.214786,20.956313,21.204393,1376738.00
03/21/2012,20.973963,21.189685,20.728826,20.895519,1801000,0.00,0.0,-,19.610360,21.230082,20.957784,21.221062,1373270.00
03/20/2012,21.179877,21.179877,20.719018,20.973961,1563400,0.00,0.0,-,19.596780,21.235966,20.955823,21.193607,1359780.00
03/19/2012,21.434822,21.493655,21.150462,21.356379,1315300,0.00,0.0,-,19.585405,21.242437,20.975434,21.127910,1344446.00
03/16/2012,21.493660,21.719186,21.474048,21.513271,1664400,0.00,0.0,-,19.573884,21.244398,20.973473,21.075941,1346354.00
03/15/2012,21.219098,21.474041,21.091627,21.464235,1534400,0.00,0.0,-,19.561039,21.237926,20.970531,20.981808,1331802.00
03/14/2012,21.356375,21.532873,21.179876,21.228903,971900,0.00,0.0,-,19.550547,21.231455,20.972002,20.912189,1342856.00
03/13/2012,21.326961,21.375988,21.150462,21.356379,2132400,0.00,0.0,-,19.540447,21.229298,20.998967,20.838647,1338058.00
03/12/2012,21.189686,21.307351,21.062213,21.179880,1439100,0.00,0.0,-,19.528583,21.225375,21.007302,20.791581,1314488.00
03/09/2012,21.003384,21.248522,20.973967,21.238716,2130500,0.00,0.0,-,19.517796,21.222042,21.021029,20.766086,1305214.00
03/08/2012,20.768050,21.062214,20.571939,21.003382,2230500,0.00,0.0,-,19.505540,21.224002,21.060251,20.708233,1277356.00
03/07/2012,20.375827,20.846490,20.316992,20.620964,1003600,0.00,0.0,-,19.495734,21.232631,21.098493,20.694505,1246318.00
03/06/2012,20.562133,20.679800,20.238552,20.316996,1760300,0.00,0.0,-,19.489410,21.245378,21.167621,20.718039,1255286.00
03/05/2012,20.473881,20.875908,20.444466,20.836685,1440400,0.00,0.0,-,19.484164,21.252831,21.251948,20.822958,1251318.00
03/02/2012,20.777854,20.777854,20.444467,20.571938,1076600,0.00,0.0,-,19.475192,21.251654,21.303427,20.871004,1264528.00
03/01/2012,20.552321,20.934737,20.552321,20.768044,1354000,0.00,0.0,-,19.466121,21.242241,21.363731,20.959254,1293716.00
02/29/2012,20.787654,20.934736,20.473877,20.493488,1259400,0.00,0.0,-,19.458620,21.236946,21.407856,21.031815,1328300.00
02/28/2012,20.915131,21.062213,20.719020,20.885714,929100,0.00,0.0,-,19.452884,21.224591,21.442175,21.159287,1334490.00
02/27/2012,20.562132,21.081824,20.316994,20.924936,1890200,0.00,0.0,-,19.444500,21.197724,21.466689,21.223023,1355386.00
02/24/2012,20.846490,21.032795,20.611158,20.660185,1805300,0.00,0.0,-,19.436068,21.175956,21.482868,21.275973,1359026.00
02/23/2012,20.738632,21.140657,20.552327,20.866104,2055800,0.00,0.0,-,19.429547,21.168307,21.502479,21.412269,1357332.00
02/22/2012,21.503465,21.836852,20.473886,20.856302,2721900,0.00,0.0,-,19.421850,21.160659,21.512284,21.502480,1353232.00
02/21/2012,21.454432,21.562293,21.268129,21.366184,1603500,0.00,0.0,-,19.413564,21.139283,21.493654,21.617204,1346522.00
02/17/2012,21.630924,21.630924,21.268121,21.317148,1196000,0.00,0.0,-,19.401503,21.120653,21.448058,21.680939,1344656.00
02/16/2012,21.483847,21.601514,21.356376,21.454430,1038800,0.00,0.0,-,19.388658,21.103787,21.431389,21.735850,1346340.00
02/15/2012,21.915295,21.915295,21.425020,21.493658,1024800,0.00,0.0,-,19.386452,21.086334,21.422074,21.768208,1353326.00
02/14/2012,21.483851,21.778015,21.415213,21.768211,837000,0.00,0.0,-,19.384197,21.061428,21.403933,21.783896,1359616.00
02/13/2012,21.621127,21.719182,21.336768,21.523073,1165800,0.00,0.0,-,19.381647,21.031423,21.377458,21.725063,1383994.00
02/10/2012,21.817234,21.876066,21.385791,21.454430,878800,0.00,0.0,-,19.378460,21.004752,21.381871,21.710355,1406208.00
02/09/2012,21.836848,22.091791,21.768210,22.023151,1249800,0.00,0.0,-,19.374048,20.956901,21.394618,21.689763,1447304.00
02/08/2012,21.974126,22.072181,21.650545,21.768211,953200,0.00,0.0,-,19.366400,20.904539,21.374517,21.592688,1463140.00
02/07/2012,21.885871,22.111397,21.709372,22.003538,999000,0.00,0.0,-,19.359585,20.839234,21.366182,21.522088,1467816.00
02/06/2012,21.787816,22.023148,21.650540,22.003538,976300,0.00,0.0,-,19.353456,20.766870,21.325489,21.370104,1486962.00
02/03/2012,21.866257,22.032950,21.493649,21.866257,1384600,0.00,0.0,-,19.345612,20.702546,21.290189,21.215177,1510240.00
02/02/2012,21.670148,21.787813,21.483843,21.778008,910900,0.00,0.0,-,19.338552,20.639006,21.269598,21.126928,1519060.00
02/01/2012,21.307354,21.827046,21.179883,21.650547,859900,0.00,0.0,-,19.330708,20.583115,21.240182,21.075940,1550472.00
01/31/2012,21.444629,21.562294,20.964158,21.179880,908900,0.00,0.0,-,19.325315,20.531342,21.214687,21.023970,1593902.00
01/30/2012,21.032797,21.405405,20.964157,21.375988,904200,0.00,0.0,-,19.322030,20.494277,21.211745,21.029853,1674702.00
01/27/2012,21.003377,21.356375,20.846489,21.248514,1206000,0.00,0.0,-,19.317617,20.443092,21.200959,21.053387,1713104.00
01/26/2012,21.219096,21.356374,20.934738,21.052402,1062700,0.00,0.0,-,19.319137,20.386220,21.189193,21.099473,1734166.00
01/25/2012,20.473882,21.160267,20.356217,21.062212,1017100,0.00,0.0,-,19.324579,20.340919,21.203411,21.156345,1792256.00
01/24/2012,20.277776,20.571940,20.189526,20.483690,1084600,0.00,0.0,-,19.329678,20.291107,21.222041,21.210275,1925946.00
01/23/2012,21.032800,21.277937,20.297387,20.454275,1946800,0.00,0.0,-,19.338209,20.266593,21.260773,21.280875,1973710.00
01/20/2012,21.228902,21.248514,20.777850,20.983765,1189100,0.00,0.0,-,19.347916,20.268358,21.272539,21.365201,2001802.00
01/19/2012,21.170066,21.385787,20.993567,21.268122,1289900,0.00,0.0,-,19.352574,20.260906,21.262244,21.412268,2051478.00
01/18/2012,21.209294,21.513266,20.395437,21.130850,3537800,0.00,0.0,-,19.357084,20.265220,21.203902,21.404424,2077890.00
01/17/2012,21.866268,21.915296,21.150466,21.238716,1284200,0.00,0.0,-,19.363164,20.282674,21.172524,21.405405,2067292.00
01/13/2012,21.542682,21.630932,21.130851,21.611322,986900,0.00,0.0,-,19.366939,20.292283,21.104375,21.393637,2134422.00
01/12/2012,21.699566,21.778010,21.523068,21.709372,1092900,0.00,0.0,-,19.368851,20.249139,21.000927,21.348532,2188508.00
01/11/2012,21.454433,21.768210,21.405406,21.621126,980500,0.00,0.0,-,19.369243,20.224625,20.907285,21.278913,2200282.00
01/10/2012,21.532875,21.866262,21.464237,21.601515,1014000,0.00,0.0,-,19.368655,20.217565,20.840117,21.250477,2219980.00
01/09/2012,21.375987,21.503460,21.170072,21.189684,1126500,0.00,0.0,-,19.371008,20.209329,20.784226,21.233808,2250482.00
01/06/2012,21.415209,21.493653,21.228904,21.297543,796700,0.00,0.0,-,19.375813,20.188933,20.714117,21.240671,2261582.00
01/05/2012,21.081822,21.542679,20.866101,21.454430,1410700,0.00,0.0,-,19.377725,20.161086,20.670973,21.179877,2273016.00
01/04/2012,21.022990,21.258322,20.777853,21.189684,936800,0.00,0.0,-,19.377725,20.139906,20.621945,21.112220,2274868.00
01/03/2012,21.611323,21.758405,21.072019,21.140657,2087100,0.00,0.0,-,19.380225,20.115980,20.591548,21.003379,2293440.00
12/30/2011,21.238705,21.336761,21.111235,21.121040,732000,0.00,0.0,-,19.380716,20.079700,20.546933,20.939643,2285650.00
12/29/2011,21.121048,21.346574,21.022992,21.160269,953900,0.00,0.0,-,19.380765,20.044204,20.504279,20.815114,2306868.00
12/28/2011,21.336767,21.336767,20.758242,21.013186,975400,0.00,0.0,-,19.379539,20.014003,20.455742,20.653323,2328832.00
12/27/2011,21.317148,21.523065,21.140649,21.336760,737600,0.00,0.0,-,19.381451,19.976938,20.358177,20.535657,2346922.00
12/23/2011,21.375990,21.464239,21.081825,21.434824,678600,0.00,0.0,-,19.383020,19.943600,20.261593,20.429758,2362814.00
12/22/2011,20.768043,21.405400,20.719014,21.258318,1452000,0.00,0.0,-,19.385373,19.901436,20.115001,20.334645,2391580.00
12/21/2011,20.669996,20.758246,20.179721,20.689608,1561900,0.00,0.0,-,19.385814,19.869863,19.971350,20.187563,2410908.00
12/20/2011,20.522908,21.052404,20.493491,20.777851,2100900,0.00,0.0,-,19.392531,19.842015,19.876236,20.162068,2420840.00
12/19/2011,20.728832,20.787666,19.895366,20.101280,2536000,0.00,0.0,-,19.399052,19.815148,19.771808,20.131671,2412538.00
12/16/2011,20.013023,20.552325,19.963996,20.503298,3083200,0.00,0.0,-,19.407681,19.790046,19.715916,20.179717,2421440.00
12/15/2011,19.914965,19.963993,19.610995,19.875744,1568900,0.00,0.0,-,19.415476,19.764943,19.643846,20.154223,2411516.00
12/14/2011,19.748277,19.807111,19.356057,19.542362,1973900,0.00,0.0,-,19.427194,19.739253,19.616390,20.193445,2438798.00
12/13/2011,20.405244,20.473882,19.679637,19.836525,2072200,0.00,0.0,-,19.440627,19.702776,19.580110,20.258161,2485174.00
12/12/2011,20.248354,20.307186,20.052245,20.277771,1720600,0.00,0.0,-,19.451217,19.646689,19.508529,20.180697,2506440.00
12/09/2011,19.973806,20.611163,19.895362,20.483690,1850800,0.00,0.0,-,19.461660,19.609624,19.434008,20.093428,2533656.00
12/08/2011,20.228745,20.297385,19.728666,19.787498,2386400,0.00,0.0,-,19.468475,19.581188,19.338404,19.895356,2555510.00
12/07/2011,20.336608,20.728828,20.150303,20.434664,1510200,0.00,0.0,-,19.476564,19.551379,19.311929,19.755137,2555228.00
12/06/2011,20.571932,20.669988,20.267962,20.473877,1280200,0.00,0.0,-,19.485340,19.523728,19.317321,19.590405,2577648.00
12/05/2011,20.620966,20.915130,20.424855,20.581743,1388100,0.00,0.0,-,19.493920,19.487447,19.324185,19.411945,2653744.00
12/02/2011,20.522912,20.709217,20.218942,20.248358,1339300,0.00,0.0,-,19.507403,19.449010,19.369291,19.252115,2683070.00
12/01/2011,20.101270,20.777850,20.052243,20.267963,2055900,0.00,0.0,-,19.523974,19.403316,19.457050,19.133468,2739460.00
11/30/2011,19.836521,20.209131,19.797300,20.189520,2276500,0.00,0.0,-,19.540153,19.368801,19.529610,19.039335,2763696.00
11/29/2011,19.424686,19.503130,18.944217,19.061884,2933600,0.00,0.0,-,19.554714,19.335658,19.492840,18.902059,2747450.00
11/28/2011,19.130524,19.591382,19.081496,19.405079,2041600,0.00,0.0,-,19.576433,19.327814,19.563930,18.836362,2739500.00
11/25/2011,18.336284,18.787336,18.199006,18.502977,1187000,0.00,0.0,-,19.596976,19.308987,19.657082,18.774588,2741234.00
11/23/2011,18.532389,18.777527,18.385307,18.385307,1956300,0.00,0.0,-,19.621146,19.309772,19.791418,18.781452,2744350.00
11/22/2011,18.630449,19.003057,18.493172,18.787336,2140200,0.00,0.0,-,19.644385,19.305458,19.880648,18.868720,2735834.00
11/21/2011,18.689280,18.836362,18.424533,18.689280,1825600,0.00,0.0,-,19.665565,19.286631,19.936539,19.044238,2723718.00
11/18/2011,19.169751,19.208974,18.787337,18.983448,2481500,0.00,0.0,-,19.687873,19.261725,20.021847,19.236426,2716076.00
11/17/2011,19.238383,19.571768,18.934411,19.061884,3031400,0.00,0.0,-,19.708611,19.230740,20.072345,19.486466,2706794.00
11/16/2011,18.591225,19.895358,18.512781,19.326637,4948900,0.00,0.0,-,19.727732,19.210737,20.085583,19.780631,2672576.00
11/15/2011,18.404922,18.954030,18.287256,18.816753,2824300,0.00,0.0,-,19.746804,19.189165,20.086563,20.019885,2602496.00
11/14/2011,18.630443,18.689275,18.130362,18.404917,2259100,0.00,0.0,-,19.769847,19.165827,20.128237,20.083621,2584006.00
11/11/2011,18.169591,18.846169,17.796981,18.787336,3967200,0.00,0.0,-,19.794164,19.149550,20.165988,20.291498,2571958.00
11/10/2011,19.591388,19.748276,18.248036,18.571617,7701600,0.00,0.0,-,19.813579,19.142098,20.210113,20.539577,2552318.00
11/09/2011,19.895352,19.944379,19.159940,19.257994,3472800,0.00,0.0,-,19.836671,19.147001,20.247864,20.801384,2442432.00
11/08/2011,20.630766,20.777848,20.101269,20.542517,3351400,0.00,0.0,-,19.855988,19.137980,20.268946,20.892575,2422310.00
11/07/2011,21.444624,21.542678,20.209131,20.611156,3672900,0.00,0.0,-,19.866333,19.087188,20.206682,20.828840,2413554.00
11/04/2011,21.640734,21.670152,21.160265,21.483847,2610500,0.00,0.0,-,19.878002,19.030316,20.147849,20.807268,2401306.00
11/03/2011,21.964315,22.062371,21.483846,22.003538,3007900,0.00,0.0,-,19.878100,18.938144,20.015965,20.658224,2393260.00
11/02/2011,20.581740,22.042759,20.366019,21.719177,4640700,0.00,0.0,-,19.877119,18.841070,19.878197,20.390534,2367396.00
11/01/2011,19.610999,20.071857,19.267806,19.454111,3691200,0.00,0.0,-,19.877413,18.739289,19.721800,20.153241,2300288.00
10/31/2011,21.042603,21.072021,20.483690,20.483690,1681600,0.00,0.0,-,19.890749,18.667709,19.635021,20.172853,2258546.00
10/28/2011,21.013179,21.336760,20.846485,21.268122,1965400,0.00,0.0,-,19.897269,18.576910,19.462444,20.040478,2289268.00
10/27/2011,20.748436,21.405404,20.454271,21.189684,2539100,0.00,0.0,-,19.895651,18.470618,19.320265,19.880649,2313010.00
10/26/2011,20.248354,20.454271,19.728664,20.169910,1681500,0.00,0.0,-,19.895700,18.390213,19.213875,19.694345,2300202.00
10/25/2011,20.091468,20.277773,19.836525,19.905163,1368400,0.00,0.0,-,19.899770,18.336087,19.120232,19.645317,2309056.00
10/24/2011,20.081663,20.552327,20.042442,20.395439,1503300,0.00,0.0,-,19.905261,18.293531,19.077578,19.584523,2314336.00
10/21/2011,19.660023,20.052244,19.561970,19.993410,1865400,0.00,0.0,-,19.907026,18.232933,18.990799,19.488429,2335208.00
10/20/2011,19.316833,19.434498,18.806947,19.326637,1697600,0.00,0.0,-,19.911291,18.181160,18.924121,19.373705,2367850.00
10/19/2011,19.591384,19.787495,19.228582,19.346247,1792900,0.00,0.0,-,19.916782,18.120954,18.855973,19.365860,2448220.00
10/18/2011,19.150146,19.914974,18.806953,19.650227,2052100,0.00,0.0,-,19.922420,18.068985,18.815771,19.290358,2509772.00
10/17/2011,19.385471,19.571774,19.061889,19.159945,1879900,0.00,0.0,-,19.922420,17.979167,18.759879,19.097189,2560916.00
10/14/2011,19.620805,19.738470,19.267807,19.669832,1532200,0.00,0.0,-,19.924283,17.936219,18.735366,18.884410,2630594.00
10/13/2011,19.463916,19.552165,19.022667,19.326637,2116900,0.00,0.0,-,19.922911,17.883465,18.675062,18.759880,2667944.00
10/12/2011,19.424695,19.924775,19.208974,19.679638,2418400,0.00,0.0,-,19.923646,17.868168,18.635840,18.733404,2747590.00
10/11/2011,19.208971,19.385470,18.993250,19.297220,2058500,0.00,0.0,-,19.922322,17.809335,18.560337,18.595147,2798018.00
10/10/2011,19.208972,19.561970,19.052084,19.434498,1685800,0.00,0.0,-,19.922175,17.774428,18.487777,18.570633,2824078.00
10/07/2011,19.405082,19.463914,18.473559,18.846167,2981100,0.00,0.0,-,19.921930,17.748934,18.388251,18.493169,2836554.00
10/06/2011,18.502976,19.424691,18.326476,19.248192,2587000,0.00,0.0,-,19.926343,17.736383,18.317652,18.474538,2812386.00
10/05/2011,17.826397,18.679474,17.610675,18.591225,2933000,0.00,0.0,-,19.927814,17.722263,18.258328,18.346087,2801028.00
10/04/2011,16.757596,17.728340,16.306542,17.718534,4292700,0.00,0.0,-,19.930314,17.733441,18.241169,18.341184,2762918.00
10/03/2011,18.297063,18.355895,17.012543,17.032154,3135500,0.00,0.0,-,19.937178,17.765603,18.237737,18.422569,2690134.00
09/30/2011,18.689279,18.963834,18.404920,18.424532,3081400,0.00,0.0,-,19.949092,17.811885,18.265683,18.586322,2643980.00
09/29/2011,18.669664,19.061884,18.375498,19.061884,2943500,0.00,0.0,-,19.955563,17.831104,18.265192,18.590244,2602470.00
09/28/2011,19.179555,19.179555,18.238228,18.297060,2372300,0.00,0.0,-,19.958603,17.829927,18.252936,18.538275,2562294.00
09/27/2011,19.169747,19.571772,18.895194,19.052082,2631200,0.00,0.0,-,19.964290,17.842674,18.278430,18.525528,2534294.00
09/26/2011,18.875579,18.983440,18.483359,18.659859,5085000,0.00,0.0,-,19.966791,17.833457,18.225971,18.404921,2507280.00
09/23/2011,17.895029,18.757912,17.718530,18.659859,2854400,0.00,0.0,-,19.970272,17.835419,18.181357,18.283334,2441168.00
09/22/2011,17.875427,18.189203,17.620484,17.963676,4158800,0.00,0.0,-,19.972723,17.836399,18.092127,18.160766,2434326.00
09/21/2011,18.512779,19.365858,18.483364,18.542196,3267700,0.00,0.0,-,19.976400,17.865424,18.051434,18.170570,2385146.00
09/20/2011,18.865780,19.052085,18.512781,18.532393,1464200,0.00,0.0,-,19.976841,17.879347,17.955830,18.141154,2344104.00
09/19/2011,18.552009,18.767729,18.179401,18.669676,2536100,0.00,0.0,-,19.976008,17.898174,17.822966,18.052905,2343806.00
09/16/2011,18.640252,18.669669,18.228421,18.463753,2128300,0.00,0.0,-,19.972478,17.926806,17.686669,17.945044,2312908.00
09/15/2011,18.444141,18.581419,18.100948,18.542196,1342800,0.00,0.0,-,19.967428,17.966616,17.561159,17.940141,2294190.00
09/14/2011,17.983289,18.453952,17.473402,18.169594,1530500,0.00,0.0,-,19.961054,18.000347,17.492521,17.967597,2290160.00
09/13/2011,17.463594,17.983287,17.257680,17.846010,1534400,0.00,0.0,-,19.957671,18.040550,17.457221,18.031332,2292952.00
09/12/2011,17.100792,17.522429,16.934099,17.443985,1443500,0.00,0.0,-,19.955857,18.086439,17.453789,18.047021,2296576.00
09/09/2011,17.777370,17.983287,17.238069,17.434179,2017400,0.00,0.0,-,19.957426,18.133702,17.449867,18.079380,2318596.00
09/08/2011,18.051916,18.287248,17.895028,18.061722,1320500,0.00,0.0,-,19.956299,18.183906,17.448396,18.023488,2334466.00
09/07/2011,18.022508,18.316674,17.826399,18.248035,1444900,0.00,0.0,-,19.953063,18.212734,17.361127,17.932298,2329504.00
09/06/2011,16.885067,17.747952,16.875261,17.649897,1899800,0.00,0.0,-,19.948601,18.234306,17.286115,17.770506,2330238.00
09/02/2011,17.983288,18.110759,17.502819,17.591068,1656700,0.00,0.0,-,19.948503,18.262938,17.161585,17.593027,2334166.00
09/01/2011,18.797136,19.140329,18.336279,18.414722,2985200,0.00,0.0,-,19.947474,18.300003,17.132659,17.428295,2348408.00
08/31/2011,19.003057,19.022668,18.650060,18.816753,2207300,0.00,0.0,-,19.938992,18.312750,17.063530,17.182177,2322056.00
08/30/2011,17.953870,18.944226,17.904844,18.806950,2466700,0.00,0.0,-,19.930118,18.313535,17.050783,17.017445,2306280.00
08/29/2011,18.091151,18.238233,17.865623,18.002901,2913600,0.00,0.0,-,19.920950,18.308240,16.947335,16.883110,2276798.00
08/26/2011,16.688965,18.110762,16.424216,17.767570,3060500,0.00,0.0,-,19.918449,18.317065,16.924782,16.860557,2280850.00
08/25/2011,17.277288,17.345927,16.757596,16.875261,2208200,0.00,0.0,-,19.916978,18.330792,16.944393,16.820353,2262228.00
08/24/2011,16.551681,17.169428,16.502654,17.149817,1714700,0.00,0.0,-,19.918694,18.362366,17.011561,16.873303,2253092.00
08/23/2011,15.963353,16.639931,15.786853,16.630125,1285300,0.00,0.0,-,19.921195,18.392371,17.081180,16.789957,2265254.00
08/22/2011,16.394793,16.394793,15.806465,15.875103,1604100,0.00,0.0,-,19.925558,18.426494,17.207181,16.801723,2269252.00
08/19/2011,15.767243,16.571294,15.688800,15.943743,3217700,0.00,0.0,-,19.933305,18.476502,17.379757,16.730143,2275486.00
08/18/2011,16.581102,16.708574,15.777051,15.953550,3152500,0.00,0.0,-,19.941541,18.529844,17.549883,16.837023,2233738.00
08/17/2011,17.581265,17.846014,17.012546,17.169434,1898700,0.00,0.0,-,19.959485,18.583774,17.721479,16.944883,2218452.00
08/16/2011,17.483206,17.846010,17.375345,17.463594,2124200,0.00,0.0,-,19.970565,18.611818,17.813160,17.084121,2230264.00
08/15/2011,17.591065,17.806786,17.453787,17.777369,1632400,0.00,0.0,-,19.979635,18.626133,17.886701,17.011560,2237506.00
08/12/2011,17.473399,17.659704,17.061568,17.365538,2546900,0.00,0.0,-,19.987921,18.644568,17.927394,16.989008,2235004.00
08/11/2011,16.384988,17.806786,16.355572,17.404760,3497500,0.00,0.0,-,19.996795,18.678299,17.997013,17.068432,2227630.00
08/10/2011,16.257518,16.904681,15.796661,16.316351,5716100,0.00,0.0,-,20.007581,18.709088,18.062220,17.149819,2215788.00
08/09/2011,15.394632,16.787014,15.276967,16.747791,4870500,0.00,0.0,-,20.023466,18.770078,18.217146,17.372403,2158446.00
08/08/2011,16.551680,16.777208,15.071050,15.159300,4609300,0.00,0.0,-,20.034840,18.819302,18.341676,17.612638,2095586.00
08/05/2011,17.316513,17.365539,16.453630,17.012543,5363800,0.00,0.0,-,20.058080,18.895785,18.557397,18.029372,2037728.00
08/04/2011,18.218619,18.218619,17.012543,17.032154,3399700,0.00,0.0,-,20.071219,18.935987,18.711834,18.262742,1962468.00
08/03/2011,17.659702,18.718695,17.659702,18.561808,6099200,0.00,0.0,-,20.082887,18.971091,18.882940,18.498074,1924288.00
08/02/2011,17.345927,17.414566,16.659542,16.737986,4939800,0.00,0.0,-,20.089506,18.980700,18.966287,18.542199,1836000.00
08/01/2011,18.463757,18.591228,17.463596,17.551846,3361500,0.00,0.0,-,20.104263,19.033062,19.138373,18.761842,1798998.00
07/29/2011,18.051925,18.336286,17.895037,18.159786,2309600,0.00,0.0,-,20.115344,19.067381,19.267806,18.865779,1758294.00
07/28/2011,18.591230,18.777536,18.208816,18.218622,1772700,0.00,0.0,-,20.124659,19.085031,19.350172,18.925593,1754034.00
07/27/2011,19.003054,19.032471,18.453947,18.542196,2019100,0.00,0.0,-,20.132650,19.095817,19.436460,18.974620,1782896.00
07/26/2011,19.258002,19.316836,18.905005,19.150143,1027500,0.00,0.0,-,20.138485,19.110329,19.484507,19.061890,1792018.00
07/25/2011,19.169749,19.463916,19.120723,19.326637,653500,0.00,0.0,-,20.140789,19.114251,19.493332,19.070714,1839706.00
07/22/2011,19.365858,19.532552,19.140332,19.346247,827800,0.00,0.0,-,20.141279,19.111898,19.481075,19.085423,1866098.00
07/21/2011,19.159943,19.503134,19.071694,19.385469,1005900,0.00,0.0,-,20.138190,19.109741,19.485978,19.160926,1897030.00
07/20/2011,19.003054,19.110915,18.865777,19.003054,934700,0.00,0.0,-,20.135200,19.109153,19.469309,19.267807,1914056.00
07/19/2011,18.679473,19.012860,18.679473,18.934416,972300,0.00,0.0,-,20.132503,19.115624,19.461955,19.390375,1929756.00
07/18/2011,18.708891,18.836362,18.502977,18.591225,1280500,0.00,0.0,-,20.131032,19.120919,19.442344,19.514905,1963976.00
07/15/2011,18.767729,18.767729,18.434342,18.757923,1779400,0.00,0.0,-,20.131621,19.128175,19.434990,19.669832,2009410.00
07/14/2011,19.493334,19.581584,18.502980,18.708895,2512300,0.00,0.0,-,20.132258,19.127979,19.419791,19.774750,2169646.00
07/13/2011,19.395281,19.738472,19.346252,19.414890,1699800,0.00,0.0,-,20.133386,19.174065,19.407043,19.898299,2171106.00
07/12/2011,19.444303,19.709052,19.238388,19.238388,1215600,0.00,0.0,-,20.131327,19.206619,19.368802,19.907124,2177588.00
07/11/2011,19.807110,19.807110,19.277612,19.473722,1449300,0.00,0.0,-,20.127600,19.247018,19.323696,19.915949,2201926.00
07/08/2011,20.150307,20.150307,19.856143,20.101280,991200,0.00,0.0,-,20.119854,19.275258,19.268786,19.876727,2237228.00
07/07/2011,20.366025,20.562134,20.287582,20.454275,1192400,0.00,0.0,-,20.110049,19.284671,19.194263,19.811030,2269580.00
07/06/2011,20.101268,20.316988,19.905157,20.228739,1141300,0.00,0.0,-,20.099802,19.285455,19.104053,19.670810,2291732.00
07/05/2011,20.081657,20.218935,19.914963,20.179712,1670100,0.00,0.0,-,20.090339,19.288985,19.021196,19.533534,2292514.00
07/01/2011,19.826714,20.169907,19.748270,20.140491,1715600,0.00,0.0,-,20.078720,19.300948,18.921180,19.369782,2286498.00
06/30/2011,19.836521,20.169908,19.728662,19.807106,2544500,0.00,0.0,-,20.064845,19.306831,18.849110,19.200147,2290464.00
06/29/2011,19.610995,19.954187,19.356052,19.944382,2810900,0.00,0.0,-,20.053814,19.319775,18.811359,19.064831,2271876.00
06/28/2011,19.375674,19.571783,19.316842,19.503145,1072400,0.00,0.0,-,20.041557,19.325070,18.761351,18.915788,2250576.00
06/27/2011,19.081500,19.395277,19.081500,19.326637,1481600,0.00,0.0,-,20.030918,19.346445,18.754487,18.830479,2269190.00
06/24/2011,19.424694,19.512944,18.944225,19.081501,2096200,0.00,0.0,-,20.023613,19.370371,18.748604,18.731444,2287574.00
06/23/2011,18.806950,19.463919,18.728506,19.444307,2368800,0.00,0.0,-,20.017730,19.398611,18.743701,18.660844,2336558.00
06/22/2011,18.855971,19.316831,18.816750,19.052082,1667600,0.00,0.0,-,20.012337,19.440774,18.722619,18.577497,2314752.00
06/21/2011,18.640254,18.905003,18.522587,18.855974,1418500,0.00,0.0,-,20.007581,19.502549,18.709381,18.537295,2308974.00
06/20/2011,18.385308,18.581419,18.306865,18.542196,992600,0.00,0.0,-,20.005816,19.567069,18.718697,18.508859,2303356.00
06/17/2011,18.571616,18.650060,18.297061,18.444143,3116200,0.00,0.0,-,20.004786,19.640022,18.759390,18.472578,2307302.00
06/16/2011,18.483362,18.699083,18.277446,18.453945,2129400,0.00,0.0,-,20.003021,19.719054,18.800573,18.498073,2283312.00
06/15/2011,18.502974,18.738305,18.395113,18.453945,1751400,0.00,0.0,-,19.998707,19.788281,18.829990,18.557887,2274594.00
06/14/2011,18.581422,18.708893,18.493173,18.650061,2322800,0.00,0.0,-,19.994442,19.862607,18.845189,18.606915,2263648.00
06/13/2011,18.493171,18.532392,18.238227,18.336283,1485200,0.00,0.0,-,19.991451,19.936540,18.876076,18.678494,2244590.00
06/10/2011,18.532395,18.620645,18.257842,18.375507,1915800,0.00,0.0,-,19.987676,20.009690,18.926574,18.765763,2243570.00
06/09/2011,18.650055,18.699082,18.512777,18.610832,1130300,0.00,0.0,-,19.984293,20.082054,18.968248,18.826557,2234390.00
06/08/2011,18.512782,18.699087,18.140174,18.650061,2388200,0.00,0.0,-,19.980371,20.145594,18.999625,18.867740,2247884.00
06/07/2011,18.248036,18.718699,18.248036,18.571617,2489300,0.00,0.0,-,19.978753,20.202662,19.034925,18.881468,2225636.00
06/06/2011,18.581415,18.738303,18.130361,18.179390,2486300,0.00,0.0,-,19.978312,20.272673,19.072676,18.928534,2199080.00
06/03/2011,18.777531,19.012863,18.650060,18.699087,1507300,0.00,0.0,-,19.980126,20.352098,19.123665,19.046202,2179284.00
06/02/2011,18.924610,19.257997,18.924610,19.052082,2178200,0.00,0.0,-,19.981302,20.411715,19.136412,19.103074,2173382.00
06/01/2011,19.297224,19.385474,18.934420,18.944225,2905400,0.00,0.0,-,19.980371,20.459762,19.121214,19.102093,2158648.00
05/31/2011,19.356054,19.405083,19.277610,19.365860,2849000,0.00,0.0,-,19.977723,20.514673,19.224662,19.083463,2130772.00
05/27/2011,19.022666,19.365859,19.022666,19.208971,1727500,0.00,0.0,-,19.973458,20.552130,19.308499,19.073658,2111624.00
05/26/2011,18.914810,19.061892,18.777532,18.983448,1716400,0.00,0.0,-,19.969781,20.590567,19.410966,19.087385,2108904.00
05/25/2011,18.708888,19.120718,18.522583,19.022663,1600800,0.00,0.0,-,19.966643,20.629201,19.506080,19.109938,2121998.00
05/24/2011,19.071697,19.199167,18.787336,18.787336,1490700,0.00,0.0,-,19.966741,20.676660,19.583543,19.131510,2137588.00
05/23/2011,18.954031,19.199168,18.924613,19.042280,1684800,0.00,0.0,-,19.968359,20.733924,19.668851,19.188383,2162072.00
05/20/2011,19.248201,19.542367,19.140342,19.356062,3089700,0.00,0.0,-,19.968212,20.791188,19.736999,19.216818,2169458.00
05/19/2011,19.169752,19.336445,19.081502,19.267807,1326300,0.00,0.0,-,19.967477,20.830998,19.808088,19.201129,2135796.00
05/18/2011,18.806948,19.130530,18.728505,19.042280,2096600,0.00,0.0,-,19.970614,20.886301,19.866431,19.169751,2127866.00
05/17/2011,19.130533,19.238394,18.630452,18.757923,3215800,0.00,0.0,-,19.980518,20.947095,19.937031,19.140335,2112602.00
05/16/2011,19.297224,19.405085,19.169752,19.267807,2475200,0.00,0.0,-,19.993412,21.008477,20.009591,19.365861,2084596.00
05/13/2011,19.287414,19.424691,19.052083,19.346247,3411900,0.00,0.0,-,20.002384,21.064369,20.074798,19.543340,2070328.00
05/12/2011,19.120721,19.463914,18.944222,19.208971,1973100,0.00,0.0,-,20.011846,21.121829,20.133631,19.734547,2045366.00
05/11/2011,19.267803,19.414885,19.003054,19.238388,2374400,0.00,0.0,-,20.022583,21.182231,20.197857,19.902221,2063462.00
05/10/2011,19.326645,19.473729,19.199174,19.356062,1857200,0.00,0.0,-,20.034546,21.236553,20.313562,20.035576,2069524.00
05/09/2011,19.169749,19.414887,18.905002,19.326637,1719700,0.00,0.0,-,20.048078,21.296759,20.452799,20.149319,2097130.00
05/06/2011,19.248194,19.522749,19.140335,19.199167,2683300,0.00,0.0,-,20.060187,21.347159,20.590567,20.257179,2103994.00
05/05/2011,18.640252,19.140332,18.552002,18.954027,3552200,0.00,0.0,-,20.071513,21.391284,20.740100,20.415047,2116622.00
05/04/2011,19.660025,19.856136,18.502978,18.748116,9791200,0.00,0.0,-,20.081073,21.456000,20.912187,20.563111,2179484.00
05/03/2011,21.022991,21.081824,20.758242,21.013186,2585300,0.00,0.0,-,20.092104,21.524835,21.070546,20.733727,2074800.00
05/02/2011,21.434822,21.434822,20.944547,21.042601,2023900,0.00,0.0,-,20.087888,21.570136,21.128399,20.653322,2070568.00
04/29/2011,20.934737,21.287733,20.895514,21.258318,2432500,0.00,0.0,-,20.082250,21.620537,21.193605,20.606255,2061462.00
04/28/2011,20.493494,20.993575,20.405244,20.885714,3214400,0.00,0.0,-,20.080387,21.665446,21.230376,20.532714,2045330.00
04/27/2011,20.542522,20.630772,20.297385,20.571938,2608800,0.00,0.0,-,20.081367,21.709767,21.285777,20.493492,2010634.00
04/26/2011,20.542517,20.640570,20.415044,20.493488,2300000,0.00,0.0,-,20.084309,21.766442,21.346571,20.591547,1997118.00
04/25/2011,20.758236,20.758236,20.395431,20.405237,1180400,0.00,0.0,-,20.086319,21.826844,21.397069,20.756279,1972362.00
04/21/2011,20.601352,20.866101,20.562129,20.777851,1369300,0.00,0.0,-,20.090339,21.885481,21.480416,20.923954,1989588.00
04/20/2011,20.699413,20.728828,20.385637,20.434664,1913900,0.00,0.0,-,20.090241,21.930587,21.549055,21.065153,1998002.00
04/19/2011,20.248359,20.522913,20.248359,20.454275,1615100,0.00,0.0,-,20.090094,21.982360,21.611320,21.261263,1996512.00
04/18/2011,20.307185,20.454269,20.003215,20.209131,1745900,0.00,0.0,-,20.087447,22.036290,21.661327,21.407365,1997404.00
04/15/2011,20.552326,20.934742,20.522911,20.571938,2003100,0.00,0.0,-,20.085682,22.094730,21.735359,21.603475,2002408.00
04/14/2011,20.405242,20.915129,20.346410,20.522909,2400800,0.00,0.0,-,20.083181,22.141012,21.768698,21.780955,2001660.00
04/13/2011,21.660343,21.719175,19.767882,20.493488,4545400,0.00,0.0,-,20.081809,22.193374,21.799095,21.928037,2012330.00
04/12/2011,21.925098,22.052569,21.532877,21.552488,1278500,0.00,0.0,-,20.081809,22.252011,21.820177,22.078062,1963326.00
04/11/2011,22.140812,22.336923,21.993730,22.140812,1378700,0.00,0.0,-,20.081318,22.286330,21.812332,22.101595,1978844.00
04/08/2011,22.327121,22.415371,21.964317,22.081984,1137600,0.00,0.0,-,20.077788,22.296920,21.787819,22.037859,1990560.00
04/07/2011,22.376149,22.434982,22.081985,22.189844,1189900,0.00,0.0,-,20.073474,22.319081,21.778994,22.036879,2019458.00
04/06/2011,22.052571,22.533040,22.013349,22.395763,1916700,0.00,0.0,-,20.071072,22.337711,21.736830,22.032957,2032766.00
04/05/2011,22.072181,22.219263,21.817237,21.915293,1693500,0.00,0.0,-,20.067542,22.342025,21.718690,21.961376,2038452.00
04/04/2011,22.376149,22.533037,22.101596,22.170235,1204100,0.00,0.0,-,20.068620,22.362617,21.727024,21.915290,2096406.00
04/01/2011,22.160424,22.346729,22.072175,22.346729,1369900,0.00,0.0,-,20.069797,22.349281,21.709865,21.867242,2117218.00
03/31/2011,22.013348,22.160430,21.915292,21.993736,1434200,0.00,0.0,-,20.070974,22.338495,21.695647,21.756441,2120806.00
03/30/2011,21.905487,22.091792,21.895681,21.993736,1456800,0.00,0.0,-,20.072199,22.334181,21.706923,21.670152,2146184.00
03/29/2011,21.523070,21.895678,21.317154,21.787817,1805000,0.00,0.0,-,20.072052,22.336730,21.718690,21.562292,2158216.00
03/28/2011,22.072175,22.072175,21.503456,21.503456,1275800,0.00,0.0,-,20.069895,22.336730,21.727024,21.523069,2168636.00
03/25/2011,22.238871,22.425176,22.052566,22.072178,1161500,0.00,0.0,-,20.069061,22.325552,21.770169,21.537778,2172108.00
03/24/2011,21.807429,22.287898,21.748596,22.150621,1496500,0.00,0.0,-,20.063129,22.308098,21.758893,21.521109,2181536.00
03/23/2011,21.405404,21.807429,21.140655,21.679958,1212200,0.00,0.0,-,20.053275,22.284761,21.721632,21.440704,2198884.00
03/22/2011,21.660346,21.787817,21.366182,21.454430,1441500,0.00,0.0,-,20.044156,22.271229,21.747126,21.476004,2209084.00
03/21/2011,21.444625,21.787816,21.356375,21.689762,1511600,0.00,0.0,-,20.034987,22.257110,21.783897,21.538759,2227590.00
03/18/2011,21.375993,21.444633,21.101440,21.238716,1891600,0.00,0.0,-,20.028859,22.240244,21.863321,21.552487,2255160.00
03/17/2011,21.287738,21.336766,21.022991,21.130850,1591500,0.00,0.0,-,20.026015,22.223967,21.979516,21.634852,2266120.00
03/16/2011,21.385792,21.591709,20.571936,20.915129,2371100,0.00,0.0,-,20.021652,22.210828,22.098162,21.743694,2330384.00
03/15/2011,21.013180,21.591704,20.944542,21.395594,2380300,0.00,0.0,-,20.016112,22.185529,22.207494,21.875088,2317876.00
03/14/2011,21.679964,22.013351,21.523076,21.650547,2714900,0.00,0.0,-,20.010768,22.148269,22.308000,21.930979,2295778.00
03/11/2011,21.385795,21.915293,21.170075,21.905487,2054100,0.00,0.0,-,20.004934,22.103163,22.401152,22.002559,2258460.00
03/10/2011,21.719173,21.719173,21.258316,21.346565,1406600,0.00,0.0,-,19.996697,22.054528,22.472732,21.996676,2235620.00
03/09/2011,22.062374,22.160430,21.895681,22.032957,929800,0.00,0.0,-,19.991108,22.015894,22.557060,22.002559,2224336.00
03/08/2011,21.895679,22.199649,21.611320,22.081984,1333400,0.00,0.0,-,19.982969,21.960591,22.606578,22.018248,2221790.00
03/07/2011,22.180036,22.278090,21.601512,21.827038,1815500,0.00,0.0,-,19.976105,21.906661,22.660017,22.029034,2222972.00
03/04/2011,22.248679,22.307512,21.836848,22.062374,1761800,0.00,0.0,-,19.968555,21.864694,22.725224,22.174156,2220334.00
03/03/2011,22.336928,22.474204,21.856459,22.219261,2163800,0.00,0.0,-,19.965172,21.814294,22.766407,22.324180,2224722.00
03/02/2011,22.003545,22.356541,21.885878,22.229071,2877900,0.00,0.0,-,19.962230,21.751735,22.812493,22.452631,2220674.00
03/01/2011,22.533034,22.699728,21.876066,21.954510,2677500,0.00,0.0,-,19.961103,21.688979,22.872306,22.539900,2256134.00
02/28/2011,21.905489,22.562457,21.836850,22.366346,3237500,0.00,0.0,-,19.961299,21.638187,22.938004,22.685021,2255468.00
02/25/2011,21.454432,21.846653,21.336767,21.846653,2062900,0.00,0.0,-,19.960367,21.585237,22.953202,22.799745,2229274.00
02/24/2011,21.660344,21.934899,21.101431,21.405401,3314700,0.00,0.0,-,19.957475,21.541701,23.020370,22.948789,2229148.00
02/23/2011,20.513105,22.258484,20.473882,22.189844,6695300,0.00,0.0,-,19.951395,21.502283,23.106168,23.111560,2203604.00
02/22/2011,22.925257,23.042923,21.983930,22.189844,4557000,0.00,0.0,-,19.941443,21.449529,23.127249,23.194907,2106996.00
02/18/2011,23.513583,23.582222,23.121364,23.278252,2373700,0.00,0.0,-,19.926931,21.392853,23.165000,23.291001,2068004.00
02/17/2011,23.395923,23.709698,23.140980,23.562616,1568600,0.00,0.0,-,19.908643,21.310291,23.076261,23.276292,2090166.00
02/16/2011,23.190001,23.523388,23.013502,23.503777,1625900,0.00,0.0,-,19.886875,21.213021,22.988501,23.208634,2101866.00
02/15/2011,23.337087,23.366504,22.984090,23.101755,1479600,0.00,0.0,-,19.865695,21.115554,22.902213,23.172354,2116980.00
02/14/2011,23.425335,23.621446,23.268447,23.405725,1933000,0.00,0.0,-,19.848830,21.020833,22.853185,23.204712,2139150.00
02/11/2011,23.190003,23.543001,23.101753,23.513584,1062200,0.00,0.0,-,19.830494,20.911992,22.772290,23.190986,2151774.00
02/10/2011,22.935062,23.543004,22.787980,23.337088,2041700,0.00,0.0,-,19.812598,20.790796,22.643838,23.106659,2179424.00
02/09/2011,23.013508,23.121369,22.680121,23.033119,1790000,0.00,0.0,-,19.792791,20.669404,22.536958,23.091950,2194486.00
02/08/2011,23.121367,23.288061,22.974285,23.023312,1839400,0.00,0.0,-,19.773573,20.558602,22.434491,23.100775,2221700.00
02/07/2011,23.160585,23.444944,23.082142,23.150780,1659700,0.00,0.0,-,19.756168,20.447799,22.333494,23.059592,2199408.00
02/04/2011,22.954669,23.395917,22.895837,23.131168,1996100,0.00,0.0,-,19.738910,20.339939,22.213377,23.039000,2208056.00
02/03/2011,23.052729,23.170394,22.709537,22.886036,1965700,0.00,0.0,-,19.722339,20.221489,22.099143,22.876229,2212568.00
02/02/2011,23.386110,23.386110,22.935056,23.140972,2934300,0.00,0.0,-,19.706895,20.112059,21.976084,22.768368,2211590.00
02/01/2011,23.346897,23.670478,23.346897,23.425341,2095200,0.00,0.0,-,19.688118,19.996354,21.842729,22.632072,2196478.00
01/31/2011,23.023320,23.405736,22.748767,23.268457,2054400,0.00,0.0,-,19.666448,19.880453,21.653974,22.501658,2210488.00
01/28/2011,23.209615,23.288058,22.572258,22.670313,1964500,0.00,0.0,-,19.644875,19.762787,21.467178,22.353594,2254098.00
01/27/2011,23.003701,23.337088,22.778175,23.190006,2582500,0.00,0.0,-,19.627716,19.643748,21.303427,22.181017,2249028.00
01/26/2011,22.768366,23.160587,22.748756,23.121365,1855300,0.00,0.0,-,19.607615,19.520787,21.117612,21.981966,2222048.00
01/25/2011,22.807590,22.846811,22.346732,22.611479,2201000,0.00,0.0,-,19.589131,19.397826,20.932289,21.768206,2230372.00
01/24/2011,21.552484,23.258640,21.552484,22.944864,4591200,0.00,0.0,-,19.574129,19.295653,20.765105,21.607397,2220726.00
01/21/2011,22.003537,22.101592,21.444624,21.503456,2244700,0.00,0.0,-,19.559126,19.186224,20.587135,21.387754,2189458.00
01/20/2011,21.738790,21.895678,21.425015,21.807428,1549300,0.00,0.0,-,19.549125,19.100524,20.498396,21.322058,2206820.00
01/19/2011,22.327117,22.552643,21.523066,21.778008,2703100,0.00,0.0,-,19.536966,19.017373,20.385143,21.183800,2242646.00
01/18/2011,21.778015,22.160431,21.581906,22.121208,2058400,0.00,0.0,-,19.525935,18.931869,20.250808,21.053387,2277408.00
01/14/2011,20.954351,21.787817,20.866101,21.787817,2326000,0.00,0.0,-,19.512158,18.837932,20.099313,20.806289,2381590.00
01/13/2011,21.150458,21.317152,20.905321,20.944544,1449400,0.00,0.0,-,19.499068,18.753997,19.980666,20.580762,2586826.00
01/12/2011,21.081828,21.375993,21.052411,21.199495,1632900,0.00,0.0,-,19.488282,18.725954,19.919382,20.425836,2591672.00
01/11/2011,21.042597,21.268125,20.856294,20.983765,2363900,0.00,0.0,-,19.475976,18.689673,19.842899,20.253259,2583046.00
01/10/2011,20.630774,21.032799,20.346413,21.003382,1722200,0.00,0.0,-,19.466464,18.655550,19.765436,20.096371,2562068.00
01/07/2011,20.669994,20.983770,20.630773,20.748438,2366800,0.00,0.0,-,19.456610,18.624172,19.692875,19.922814,2551110.00
01/06/2011,20.258161,21.003379,20.042440,20.846491,2890100,0.00,0.0,-,19.448422,18.592010,19.623256,19.786517,2525148.00
01/05/2011,20.444466,20.758241,20.307187,20.424854,2439600,0.00,0.0,-,19.442147,18.566320,19.538439,19.674734,2488826.00
01/04/2011,19.679632,20.601349,19.679632,20.473877,4804700,0.00,0.0,-,19.438372,18.547690,19.452150,19.586485,2474302.00
01/03/2011,19.630615,19.964002,19.591392,19.650227,1745700,0.00,0.0,-,19.432684,18.518665,19.359979,19.448228,2424310.00
12/31/2010,19.346246,19.797300,19.307025,19.532551,1275400,0.00,0.0,-,19.429645,18.521803,19.295753,19.392337,2413488.00
12/30/2010,19.483529,19.532555,19.356056,19.395279,849000,0.00,0.0,-,19.428174,18.523960,19.217309,19.380571,2409418.00
12/29/2010,19.424694,19.669831,19.356056,19.473722,912100,0.00,0.0,-,19.428076,18.523372,19.120234,19.412929,2421514.00
12/28/2010,19.297225,19.434502,19.199170,19.414890,842400,0.00,0.0,-,19.426066,18.531608,19.009922,19.432540,2420820.00
12/27/2010,19.258001,19.356057,19.130531,19.267807,802500,0.00,0.0,-,19.421996,18.537099,18.913828,19.434500,2443324.00
12/23/2010,19.660022,19.660022,19.257997,19.385469,1392500,0.00,0.0,-,19.419447,18.547101,18.824598,19.462936,2446370.00
12/22/2010,19.542363,19.826722,19.512946,19.728668,1683600,0.00,0.0,-,19.414103,18.559848,18.743212,19.459995,2450030.00
12/21/2010,19.179558,19.620806,18.973643,19.542362,1981200,0.00,0.0,-,19.406700,18.561613,18.617211,19.402143,2449000.00
12/20/2010,19.091309,19.346252,19.032476,19.091309,1961400,0.00,0.0,-,19.400620,18.564947,18.510821,19.317815,2429242.00
12/17/2010,19.365863,19.483530,18.855977,19.091309,4650900,0.00,0.0,-,19.396355,18.575340,18.424042,19.271729,2432762.00
12/16/2010,19.689445,19.777695,19.346252,19.414890,2644200,0.00,0.0,-,19.392531,18.582008,18.350991,19.199168,2394726.00
12/15/2010,19.669830,20.071855,19.620803,19.718859,1927800,0.00,0.0,-,19.386746,18.568280,18.249504,19.054047,2371572.00
12/14/2010,19.424695,19.748276,19.414889,19.669832,2056600,0.00,0.0,-,19.380323,18.549650,18.099480,18.827540,2383776.00
12/13/2010,19.650220,19.865940,19.414886,19.434498,2037500,0.00,0.0,-,19.374832,18.525528,17.968086,18.587305,2374414.00
12/10/2010,19.395278,19.640416,19.356055,19.552166,1864900,0.00,0.0,-,19.371743,18.509644,17.845027,18.393156,2370884.00
12/09/2010,19.159953,19.630617,19.081507,19.356062,2607400,0.00,0.0,-,19.367135,18.492778,17.742559,18.186259,2363960.00
12/08/2010,18.630450,19.218781,18.552007,19.150143,3481800,0.00,0.0,-,19.364634,18.483365,17.648426,18.026428,2344012.00
12/07/2010,18.797143,18.905004,18.542199,18.699087,2153600,0.00,0.0,-,19.362820,18.479050,17.551841,17.832279,2313460.00
12/06/2010,18.267643,18.689280,18.179395,18.630447,2381600,0.00,0.0,-,19.362673,18.485130,17.499382,17.703827,2324754.00
12/03/2010,17.846010,18.483367,17.846010,18.365700,2588100,0.00,0.0,-,19.363948,18.482384,17.443000,17.576355,2310398.00
12/02/2010,17.453790,17.993094,17.365540,17.963676,2564200,0.00,0.0,-,19.359781,18.473559,17.395934,17.502814,2283202.00
12/01/2010,17.610675,17.610675,17.345928,17.453787,2444700,0.00,0.0,-,19.358212,18.477089,17.377303,17.444961,2255232.00
11/30/2010,17.345925,17.414563,17.149814,17.267481,2794800,0.00,0.0,-,19.357280,18.496111,17.481732,17.371420,2258586.00
11/29/2010,17.375341,17.649895,17.100788,17.493008,3150700,0.00,0.0,-,19.357574,18.517488,17.587631,17.348867,2255152.00
11/26/2010,17.581257,17.581257,17.414564,17.483202,724800,0.00,0.0,-,19.355858,18.524744,17.676861,17.296898,2258594.00
11/24/2010,17.345922,17.777363,17.336117,17.757753,2092100,0.00,0.0,-,19.354682,18.522390,17.774426,17.298859,2275352.00
11/23/2010,17.257677,17.404759,17.012540,17.208649,2221700,0.00,0.0,-,19.351348,18.519253,17.843555,17.270423,2269548.00
11/22/2010,17.306703,17.512619,17.140010,17.414564,1916800,0.00,0.0,-,19.351593,18.524940,17.961221,17.271404,2323828.00
11/19/2010,17.640088,17.689117,17.267480,17.355730,2178700,0.00,0.0,-,19.349485,18.524156,18.065160,17.294937,2405544.00
11/18/2010,17.561647,17.855811,17.542036,17.630285,2795700,0.00,0.0,-,19.346837,18.534353,18.148507,17.309645,2397706.00
11/17/2010,16.777209,17.473399,16.767403,17.385149,4234900,0.00,0.0,-,19.345416,18.539844,18.257348,17.289054,2376988.00
11/16/2010,16.924291,16.924291,16.679153,16.718374,1711000,0.00,0.0,-,19.348946,18.559455,18.370111,17.309645,2316140.00
11/15/2010,17.041956,17.277290,17.032152,17.041956,1233500,0.00,0.0,-,19.355466,18.587107,18.502485,17.592044,2301914.00
11/12/2010,17.296901,17.316513,16.777211,16.973320,2271500,0.00,0.0,-,19.360369,18.616327,18.644665,17.826396,2301048.00
11/11/2010,17.336118,17.551838,17.159619,17.502811,1718700,0.00,0.0,-,19.364830,18.643587,18.780471,18.056824,2283702.00
11/10/2010,17.247868,17.502812,16.973314,17.473394,3027800,0.00,0.0,-,19.366546,18.655353,18.893725,18.249993,2282742.00
11/09/2010,17.708727,17.718533,17.169426,17.218452,3112800,0.00,0.0,-,19.369929,18.657707,19.021197,18.416687,2255502.00
11/08/2010,17.404759,17.767563,17.404759,17.649897,3340600,0.00,0.0,-,19.374195,18.665355,19.151120,18.651039,2224634.00
11/05/2010,17.424368,17.522423,17.277285,17.502811,4441200,0.00,0.0,-,19.376205,18.673396,19.254077,18.835383,2202620.00
11/04/2010,17.855810,17.895033,17.247871,17.424370,7267500,0.00,0.0,-,19.378754,18.674965,19.359486,18.987368,2154426.00
11/03/2010,18.424536,18.424536,17.365540,17.591068,12587800,0.00,0.0,-,19.382333,18.680456,19.459503,19.225642,2088480.00
11/02/2010,19.581583,19.601195,19.365863,19.542362,1691700,0.00,0.0,-,19.385814,18.685162,19.516374,19.430577,1901022.00
11/01/2010,19.454108,19.640413,19.267803,19.385469,1201600,0.00,0.0,-,19.378705,18.660845,19.478623,19.412926,1895318.00
10/29/2010,19.365859,19.395276,19.120721,19.277609,1315000,0.00,0.0,-,19.375224,18.642803,19.432537,19.462935,1913124.00
10/28/2010,19.218778,19.444304,19.120722,19.434498,1174300,0.00,0.0,-,19.374146,18.628094,19.400670,19.504118,1914646.00
10/27/2010,19.414886,19.414886,18.924611,19.140333,1068700,0.00,0.0,-,19.378117,18.618093,19.364390,19.537457,1920520.00
10/26/2010,19.522751,19.738471,19.424695,19.561974,1074000,0.00,0.0,-,19.383363,18.612602,19.351643,19.625706,1968010.00
10/25/2010,19.140341,19.748281,19.140341,19.493338,1713400,0.00,0.0,-,19.388413,18.589657,19.320265,19.651200,1979144.00
10/22/2010,19.797298,19.846325,18.973636,19.022663,2305100,0.00,0.0,-,19.398120,18.570046,19.295750,19.672771,1975974.00
10/21/2010,19.679634,19.914965,19.620801,19.807106,1204600,0.00,0.0,-,19.412191,18.559063,19.269276,19.731605,1978814.00
10/20/2010,19.336441,19.689440,19.336441,19.640413,1071900,0.00,0.0,-,19.420722,18.530039,19.175143,19.693364,2009796.00
10/19/2010,19.660024,19.826718,19.238389,19.365860,1453800,0.00,0.0,-,19.427095,18.518076,19.100131,19.602172,2028786.00
10/18/2010,19.718860,19.885553,19.640416,19.885553,877400,0.00,0.0,-,19.434401,18.512978,19.052084,19.544320,2039612.00
10/15/2010,19.905160,20.003215,19.463914,19.689440,1967600,0.00,0.0,-,19.437146,18.495524,18.974620,19.402140,2093130.00
10/14/2010,20.013023,20.101272,19.650220,19.767885,954800,0.00,0.0,-,19.441657,18.485914,18.882939,19.297222,2146224.00
10/13/2010,19.963998,20.052248,19.846332,20.022831,1575500,0.00,0.0,-,19.448275,18.488464,18.762821,19.191323,2322444.00
10/12/2010,19.709052,19.865940,19.483526,19.816912,1632100,0.00,0.0,-,19.454110,18.508467,18.641723,19.077579,2344878.00
10/11/2010,19.561969,19.787495,19.463914,19.709051,993300,0.00,0.0,-,19.460924,18.538864,18.525528,18.989329,2365964.00
10/08/2010,19.434495,19.787494,19.277607,19.610994,2137400,0.00,0.0,-,19.467984,18.565927,18.408843,18.918729,2401856.00
10/07/2010,18.826562,19.454113,18.659868,19.424696,2749100,0.00,0.0,-,19.477251,18.598482,18.321574,18.806947,2402032.00
10/06/2010,18.708887,18.885386,18.532388,18.728498,1486500,0.00,0.0,-,19.484507,18.637115,18.245581,18.656922,2384540.00
10/05/2010,18.522587,18.797142,18.346088,18.787336,2538000,0.00,0.0,-,19.493185,18.695164,18.227441,18.598090,2392696.00
10/04/2010,18.493170,18.816751,18.355892,18.463753,1588500,0.00,0.0,-,19.500490,18.760665,18.193122,18.559848,2366616.00
10/01/2010,18.865785,18.895202,18.581426,18.640259,1861000,0.00,0.0,-,19.510589,18.826361,18.195083,18.547101,2365900.00
09/30/2010,18.924615,19.179558,18.640257,18.708895,1518700,0.00,0.0,-,19.519022,18.882841,18.179885,18.468656,2369082.00
09/29/2010,18.836365,18.963837,18.777532,18.885393,1610000,0.00,0.0,-,19.524709,18.925985,18.148997,18.334320,2388300.00
09/28/2010,19.101109,19.120721,18.542196,18.934416,1954200,0.00,0.0,-,19.523238,18.967364,18.084281,18.205868,2396086.00
09/27/2010,18.493169,19.159943,18.444141,19.003054,2718300,0.00,0.0,-,19.520101,18.992074,18.017604,18.061727,2391270.00
09/24/2010,18.100950,18.542198,18.100950,18.493172,1663800,0.00,0.0,-,19.514757,19.010313,17.970047,17.898956,2391952.00
09/23/2010,17.963669,18.316667,17.796976,17.924448,1228300,0.00,0.0,-,19.510393,19.058163,17.924452,17.836201,2387602.00
09/22/2010,18.404920,18.591223,18.042116,18.140171,1165700,0.00,0.0,-,19.511178,19.121311,17.913175,17.834240,2394992.00
09/21/2010,18.277444,18.620637,18.257835,18.404917,2612400,0.00,0.0,-,19.510393,19.181713,17.897487,17.856793,2415122.00
09/20/2010,17.895035,18.404921,17.846008,18.336283,2623100,0.00,0.0,-,19.510001,19.231525,17.893565,17.826397,2383670.00
09/17/2010,17.502815,17.973479,17.385149,17.855812,3322800,0.00,0.0,-,19.512158,19.288985,17.900919,17.843066,2355848.00
09/16/2010,17.561648,17.600871,17.287094,17.365538,1562700,0.00,0.0,-,19.516032,19.347034,17.935238,17.891113,2317084.00
09/15/2010,17.463594,17.777369,17.355735,17.600872,1801900,0.00,0.0,-,19.521130,19.407828,18.013682,17.963674,2335348.00
09/14/2010,17.404758,17.591063,17.090982,17.493008,4935700,0.00,0.0,-,19.526082,19.454306,18.076928,17.962694,2333244.00
09/13/2010,18.022508,18.081342,17.051764,17.375345,6002600,0.00,0.0,-,19.533142,19.501568,18.123013,17.973480,2267988.00
09/10/2010,17.934256,18.051921,17.777366,17.865616,1786800,0.00,0.0,-,19.541134,19.555499,18.179885,18.041138,2202118.00
09/09/2010,18.601032,18.630449,17.787176,17.904842,1759800,0.00,0.0,-,19.547899,19.603153,18.210282,18.012703,2206044.00
09/08/2010,18.100951,18.444144,18.071536,18.365700,1192500,0.00,0.0,-,19.554518,19.654926,18.232835,17.992111,2210658.00
09/07/2010,18.385313,18.463756,18.071537,18.100952,999700,0.00,0.0,-,19.559568,19.716701,18.266664,17.938180,2219570.00
09/03/2010,18.552004,18.669671,18.257840,18.502977,1190200,0.00,0.0,-,19.568491,19.783378,18.317162,17.960733,2229888.00
09/02/2010,18.081340,18.346087,18.042117,18.336283,1404200,0.00,0.0,-,19.576629,19.837701,18.342656,17.958772,2243934.00
09/01/2010,17.904841,18.179396,17.895036,18.091146,1670700,0.00,0.0,-,19.586778,19.905163,18.386290,17.979363,2266150.00
08/31/2010,17.493013,17.747956,17.453790,17.591068,1665800,0.00,0.0,-,19.597172,19.977135,18.476501,18.063690,2269438.00
08/30/2010,17.924453,18.179397,17.581261,17.600872,1569400,0.00,0.0,-,19.609527,20.067934,18.648097,18.191161,2276822.00
08/27/2010,17.659702,18.051922,17.453786,18.051922,2239900,0.00,0.0,-,19.624823,20.164028,18.834892,18.272546,2316484.00
08/26/2010,17.747956,17.993094,17.502819,17.581263,2031500,0.00,0.0,-,19.637522,20.254631,18.985406,18.318632,2342228.00
08/25/2010,17.679314,17.826396,17.551841,17.698923,3970200,0.00,0.0,-,19.655318,20.347783,19.168279,18.407862,2358110.00
08/24/2010,18.091142,18.179392,17.649894,17.826393,3214900,0.00,0.0,-,19.671056,20.433091,19.351152,18.473559,2323976.00
08/23/2010,18.522588,18.787337,18.287256,18.326479,1406500,0.00,0.0,-,19.688020,20.503690,19.541378,18.595148,2333294.00
08/20/2010,18.424539,18.561816,18.199011,18.483372,2091900,0.00,0.0,-,19.701306,20.563896,19.728173,18.673591,2353302.00
08/19/2010,18.797139,18.865778,18.385308,18.542196,1391100,0.00,0.0,-,19.715083,20.611943,19.891434,18.726540,2355316.00
08/18/2010,18.826557,19.081498,18.640252,18.934416,1468000,0.00,0.0,-,19.726997,20.644693,20.037536,18.793217,2389818.00
08/17/2010,18.522585,19.267803,18.434336,18.865778,3443200,0.00,0.0,-,19.736263,20.663128,20.134121,18.889312,2428276.00
08/16/2010,18.385305,18.551999,18.140168,18.414722,1630700,0.00,0.0,-,19.749010,20.678228,20.238549,19.105033,2418840.00
08/13/2010,18.365699,18.699086,18.336284,18.512781,1554900,0.00,0.0,-,19.759796,20.719215,20.326309,19.397237,2505784.00
08/12/2010,18.002893,18.561806,18.002893,18.473557,2447100,0.00,0.0,-,19.774210,20.762359,20.396418,19.652180,2526382.00
08/11/2010,18.797142,18.895198,18.297062,18.355894,2753700,0.00,0.0,-,19.790782,20.798051,20.517026,19.928696,2519282.00
08/10/2010,18.973642,19.061892,18.797143,19.042280,2021400,0.00,0.0,-,19.810883,20.827076,20.653322,20.228745,2520746.00
08/09/2010,19.003051,19.150135,18.904998,19.110912,1995100,0.00,0.0,-,19.828091,20.852766,20.759222,20.487609,2533342.00
08/06/2010,19.012861,19.316833,18.895196,19.012861,3553300,0.00,0.0,-,19.842211,20.880222,20.848452,20.782755,2562172.00
08/05/2010,19.493329,19.679634,19.130527,19.208971,4622300,0.00,0.0,-,19.858832,20.905128,20.958274,21.056329,2550784.00
08/04/2010,19.944388,20.483689,19.032476,19.895361,9765800,0.00,0.0,-,19.873540,20.925523,21.035737,21.281855,2535946.00
08/03/2010,21.307352,21.375990,20.797465,21.022993,2697200,0.00,0.0,-,19.884522,20.935720,21.061231,21.378929,2404476.00
08/02/2010,21.326954,21.630924,21.209287,21.336760,2686400,0.00,0.0,-,19.888935,20.929445,21.006320,21.372066,2437884.00
07/30/2010,21.052406,21.513266,20.836686,21.062212,2787900,0.00,0.0,-,19.888886,20.909050,20.932289,21.255381,2535250.00
07/29/2010,21.621130,21.630936,20.924940,21.238716,2146200,0.00,0.0,-,19.889768,20.915521,20.882771,21.140656,2584018.00
07/28/2010,21.630931,21.630931,21.219100,21.356379,1874500,0.00,0.0,-,19.890013,20.923365,20.833253,21.105356,2655718.00
07/27/2010,22.209453,22.219258,21.562290,21.630928,1894300,0.00,0.0,-,19.890847,20.936308,20.790109,21.077900,2699278.00
07/26/2010,21.709376,22.062374,21.630932,22.062374,1234000,0.00,0.0,-,19.891484,20.943565,20.781284,21.030834,2787750.00
07/23/2010,21.464232,21.748592,21.277929,21.748592,1552700,0.00,0.0,-,19.889425,20.945918,20.749906,20.914149,2902686.00
07/22/2010,21.160265,21.503458,21.101433,21.464235,2020100,0.00,0.0,-,19.889425,20.936308,20.723432,20.860219,2948898.00
07/21/2010,21.121047,21.248518,20.728826,20.866104,2479600,0.00,0.0,-,19.887121,20.910814,20.735689,20.789620,2979976.00
07/20/2010,19.885556,20.993576,19.787500,20.954355,1999300,0.00,0.0,-,19.885699,20.897479,20.776871,20.743533,2989686.00
07/19/2010,19.983605,20.307187,19.944384,20.169910,1713400,0.00,0.0,-,19.884816,20.864140,20.835704,20.640575,3060762.00
07/16/2010,20.709213,20.709213,19.865940,19.914967,2752400,0.00,0.0,-,19.892465,20.853158,20.947487,20.609197,3200526.00
07/15/2010,21.052407,21.081824,20.611161,20.885714,1446300,0.00,0.0,-,19.905163,20.839038,21.080842,20.624886,3254194.00
07/14/2010,21.013183,21.238709,20.738629,21.081821,1597800,0.00,0.0,-,19.912762,20.806679,21.148500,20.561151,3302204.00
07/13/2010,21.062213,21.238713,20.885714,21.160269,2172200,0.00,0.0,-,19.915655,20.779616,21.192625,20.502317,3312040.00
07/12/2010,21.101436,21.277935,20.787660,20.895519,1039800,0.00,0.0,-,19.920655,20.751180,21.202430,20.531733,3328966.00
07/09/2010,20.758243,21.219101,20.522911,21.209295,1232000,0.00,0.0,-,19.929676,20.731962,21.224492,20.585664,3352266.00
07/08/2010,20.728826,20.817076,20.473883,20.758244,1384600,0.00,0.0,-,19.938894,20.695289,21.208313,20.586645,3368630.00
07/07/2010,19.836518,20.415043,19.738463,20.405237,2475900,0.00,0.0,-,19.951199,20.663911,21.179387,20.681757,3402498.00
07/06/2010,20.209133,20.415047,19.689441,19.924772,1696700,0.00,0.0,-,19.966643,20.646654,21.151932,20.810210,3432560.00
07/02/2010,20.052247,20.267967,19.689443,19.856136,1672900,0.00,0.0,-,19.985470,20.642143,21.136733,21.030833,3474790.00
07/01/2010,20.395435,20.395435,19.826716,20.071854,2709100,0.00,0.0,-,20.005620,20.641359,21.167130,21.285777,3489884.00
06/30/2010,20.395440,20.728827,20.209137,20.248358,1983100,0.00,0.0,-,20.023025,20.635868,21.197037,21.536798,3498362.00
06/29/2010,20.905319,21.199485,20.326795,20.493488,1990500,0.00,0.0,-,20.043616,20.618610,21.197527,21.735849,3496846.00
06/28/2010,21.346570,21.699567,21.199488,21.454430,1638100,0.00,0.0,-,20.064208,20.590567,21.163208,21.882933,3510116.00
06/25/2010,21.336769,21.503462,21.013187,21.434824,1515600,0.00,0.0,-,20.078573,20.540559,21.106826,21.873128,3526690.00
06/24/2010,21.621128,21.748601,21.150465,21.219103,1892500,0.00,0.0,-,20.089849,20.496630,21.059270,21.863321,3565052.00
06/23/2010,21.689762,21.944703,21.356375,21.709372,2515000,0.00,0.0,-,20.101322,20.455643,21.011223,21.829982,3597388.00
06/22/2010,22.131008,22.405563,21.650539,21.689762,1835100,0.00,0.0,-,20.109901,20.409949,20.937191,21.677016,3593484.00
06/21/2010,22.542839,22.778171,21.993732,22.131008,2035000,0.00,0.0,-,20.113922,20.368374,20.872965,21.493654,3624522.00
06/18/2010,22.680122,22.699733,22.268291,22.405569,3552500,0.00,0.0,-,20.109264,20.324641,20.801875,21.242633,3649770.00
06/17/2010,22.307513,22.670317,22.032958,22.582067,3527100,0.00,0.0,-,20.102645,20.266593,20.697446,21.048483,3622282.00
06/16/2010,21.895678,22.444785,21.787817,22.238871,2825600,0.00,0.0,-,20.098184,20.202465,20.637632,20.857276,3607208.00
06/15/2010,21.532879,21.993738,21.238714,21.964321,2263500,0.00,0.0,-,20.099410,20.149123,20.607235,20.659205,3605924.00
06/14/2010,21.523072,21.640737,21.248517,21.356379,3680800,0.00,0.0,-,20.100635,20.097154,20.609196,20.443483,3587358.00
06/11/2010,20.660180,21.346565,20.650374,21.336760,2406900,0.00,0.0,-,20.106126,20.053421,20.641064,20.340525,3549488.00
06/10/2010,20.503300,20.895519,20.346412,20.885714,2192600,0.00,0.0,-,20.112598,20.002433,20.683228,20.255219,3579766.00
06/09/2010,20.532711,20.640570,20.101268,20.179712,3116200,0.00,0.0,-,20.121521,19.959485,20.702348,20.192463,3593190.00
06/08/2010,19.620805,19.895359,19.395279,19.856136,3390900,0.00,0.0,-,20.133582,19.937520,20.702839,20.197366,3591088.00
06/07/2010,20.503294,20.503294,19.552162,19.620800,2971400,0.00,0.0,-,20.143534,19.921047,20.719998,20.252276,3556992.00
06/04/2010,20.199324,20.777849,20.199324,20.464073,5977900,0.00,0.0,-,20.153438,19.910849,20.703329,20.361117,3544600.00
06/03/2010,20.326800,20.797463,20.297384,20.669992,2584800,0.00,0.0,-,20.159468,19.893396,20.661165,20.346410,3473806.00
06/02/2010,20.022830,20.277773,19.816913,20.258162,2092100,0.00,0.0,-,20.160204,19.873392,20.588114,20.417989,3461150.00
06/01/2010,20.140493,20.395434,19.807106,19.807106,2826900,0.00,0.0,-,20.167656,19.854958,20.538596,20.555266,3462872.00
05/28/2010,20.454272,20.552325,20.140496,20.326799,2651200,0.00,0.0,-,20.180452,19.839661,20.534674,20.774909,3451448.00
05/27/2010,20.199332,20.562134,19.620807,20.483690,3436600,0.00,0.0,-,20.191483,19.817893,20.505258,20.941603,3436260.00
05/26/2010,20.287579,20.807269,20.209135,20.258162,2983900,0.00,0.0,-,20.200504,19.795733,20.477802,21.111237,3440958.00
05/25/2010,19.846325,20.248350,19.571770,20.228739,3880400,0.00,0.0,-,20.213938,19.772003,20.433677,21.212233,3434732.00
05/24/2010,20.601348,20.768041,20.228738,20.405237,3192300,0.00,0.0,-,20.231147,19.739449,20.381709,21.208311,3375456.00
05/21/2010,19.914967,20.817072,19.905161,20.709213,4367600,0.00,0.0,-,20.243305,19.706503,20.338565,21.187720,3383054.00
05/20/2010,20.973964,20.983770,20.120887,20.316996,7554700,0.00,0.0,-,20.253356,19.658652,20.288067,21.045540,3325566.00
05/19/2010,21.405399,21.679954,20.885707,21.385788,5226300,0.00,0.0,-,20.266691,19.617273,20.263063,20.975920,3223084.00
05/18/2010,22.160426,22.562451,21.630928,21.630928,5731200,0.00,0.0,-,20.274389,19.556087,20.183638,20.758239,3163162.00
05/17/2010,22.003538,22.327119,21.621122,22.003538,4052500,0.00,0.0,-,20.280517,19.488233,20.071366,20.521927,3081512.00
05/14/2010,21.954513,22.307512,21.699570,21.993736,6317900,0.00,0.0,-,20.284488,19.414692,19.925754,20.294440,3047926.00
05/13/2010,21.160262,22.591866,21.160262,22.180035,6980800,0.00,0.0,-,20.287577,19.339974,19.773769,20.068913,2984970.00
05/12/2010,20.316987,21.317148,20.307182,21.268122,3863300,0.00,0.0,-,20.290568,19.265060,19.626686,19.844367,2902860.00
05/11/2010,19.924771,20.542518,19.816910,20.189520,3574000,0.00,0.0,-,20.300079,19.211130,19.521768,19.655122,2869796.00
05/10/2010,19.905160,20.218937,19.738466,20.199326,2965100,0.00,0.0,-,20.314150,19.183674,19.483527,19.555106,2862652.00
05/07/2010,19.669826,20.101269,19.159942,19.287413,5553100,0.00,0.0,-,20.326113,19.152297,19.454110,19.489410,2867088.00
05/06/2010,19.346245,20.522906,18.051920,19.620800,8701600,0.00,0.0,-,20.336752,19.143668,19.486959,19.530594,2797042.00
05/05/2010,18.287254,19.650219,17.777367,19.208971,5435800,0.00,0.0,-,20.346165,19.126999,19.481076,19.550205,2688366.00
05/04/2010,19.434501,19.503139,18.973643,19.267807,3846800,0.00,0.0,-,20.357294,19.116213,19.489410,19.609038,2661726.00
05/03/2010,19.816916,19.846333,19.503140,19.728668,2089600,0.00,0.0,-,20.366168,19.108565,19.504609,19.620804,2733208.00
04/30/2010,19.934579,20.013023,19.610998,19.738468,3018500,0.00,0.0,-,20.373669,19.064636,19.486468,19.557068,2762408.00
04/29/2010,19.522747,19.993410,19.493330,19.934578,2204800,0.00,0.0,-,20.380680,19.022864,19.458033,19.478624,2744352.00
04/28/2010,19.297222,19.610997,19.199166,19.375666,2050200,0.00,0.0,-,20.381465,18.969523,19.400670,19.409005,2738590.00
04/27/2010,19.483532,19.787502,19.179560,19.189365,3078000,0.00,0.0,-,20.384259,18.928536,19.368802,19.388414,2740712.00
04/26/2010,19.630612,19.660027,19.003059,19.542362,3979000,0.00,0.0,-,20.386515,18.887745,19.363409,19.411947,2716686.00
04/23/2010,19.718863,19.964000,19.571779,19.699251,3808200,0.00,0.0,-,20.388034,18.841855,19.337915,19.418810,2665992.00
04/22/2010,19.630609,19.856135,19.414886,19.816912,2427600,0.00,0.0,-,20.386269,18.789689,19.308498,19.443323,2637542.00
04/21/2010,19.375667,19.856137,19.375667,19.797304,3133000,0.00,0.0,-,20.387250,18.738505,19.297222,19.411947,2639308.00
04/20/2010,19.169747,19.463913,19.052082,19.385469,1907300,0.00,0.0,-,20.394163,18.682417,19.290848,19.369783,2626952.00
04/19/2010,18.895200,19.091309,18.777533,19.091309,2654000,0.00,0.0,-,20.403821,18.631233,19.288397,19.388413,2703958.00
04/16/2010,19.159944,19.346247,18.787334,18.954027,2466800,0.00,0.0,-,20.420442,18.596325,19.285945,19.415868,2710664.00
04/15/2010,19.159944,19.424691,18.993251,19.238388,3433700,0.00,0.0,-,20.439072,18.579067,19.300163,19.437441,2708782.00
04/14/2010,19.512945,19.512945,19.130531,19.169752,3509300,0.00,0.0,-,20.456771,18.554750,19.307027,19.392336,2674792.00
04/13/2010,19.561974,19.581584,19.208976,19.424696,2319800,0.00,0.0,-,20.472362,18.531805,19.302124,19.349191,2650672.00
04/12/2010,20.071852,20.101269,19.610994,19.610994,3387000,0.00,0.0,-,20.487707,18.500623,19.260941,19.314871,2655838.00
04/09/2010,19.503134,19.944382,19.434495,19.944382,3297400,0.00,0.0,-,20.498101,18.465324,19.218287,19.257020,2649054.00
04/08/2010,19.297231,19.512951,19.189369,19.503145,2178100,0.00,0.0,-,20.504769,18.429436,19.136902,19.173673,2653834.00
04/07/2010,19.493331,19.532553,19.248193,19.375666,2773400,0.00,0.0,-,20.512270,18.400803,19.074147,19.182496,2668494.00
04/06/2010,19.307025,19.571772,19.110914,19.571772,2761400,0.00,0.0,-,20.527322,18.374328,19.021687,19.211913,2671484.00
04/05/2010,19.169749,19.405083,19.101111,19.365860,1335200,0.00,0.0,-,20.539824,18.343147,18.955010,19.188380,2723496.00
04/01/2010,18.865782,19.189364,18.865782,19.169752,1787300,0.00,0.0,-,20.554385,18.318633,18.903041,19.156022,2802822.00
03/31/2010,18.659866,18.875586,18.473561,18.787336,3920800,0.00,0.0,-,20.570564,18.300983,18.857445,19.162886,2863760.00
03/30/2010,19.110914,19.120720,18.659862,18.738306,2863800,0.00,0.0,-,20.591302,18.287648,18.839795,19.221719,2926302.00
03/29/2010,19.159947,19.179556,19.012863,19.081501,3011100,0.00,0.0,-,20.618758,18.286667,18.831461,19.255058,2976886.00
03/26/2010,19.218781,19.316837,18.885394,19.032476,1686100,0.00,0.0,-,20.644742,18.286275,18.818224,19.207010,3031064.00
03/25/2010,19.620799,19.650216,19.091301,19.110912,2351800,0.00,0.0,-,20.673374,18.310200,18.798122,19.179555,3063162.00
03/24/2010,19.679633,19.679633,19.444301,19.591383,2438200,0.00,0.0,-,20.702399,18.331772,18.785375,19.100132,3084210.00
03/23/2010,19.395279,19.679638,19.297224,19.669832,1952000,0.00,0.0,-,20.723383,18.351384,18.745173,18.965797,3156512.00
03/22/2010,18.924610,19.375664,18.865778,19.336441,2178200,0.00,0.0,-,20.744121,18.386683,18.695165,18.831462,3169720.00
03/19/2010,19.042280,19.414888,18.954031,19.042280,2255700,0.00,0.0,-,20.763536,18.436692,18.672613,18.721641,3164972.00
03/18/2010,19.326636,19.669829,19.199165,19.238388,1891800,0.00,0.0,-,20.780647,18.486111,18.597110,18.650060,3177896.00
03/17/2010,19.159945,19.669830,19.159945,19.375666,3671500,0.00,0.0,-,20.799865,18.519646,18.517686,18.552005,3183180.00
03/16/2010,18.708893,19.179556,18.552005,19.071697,2672600,0.00,0.0,-,20.818692,18.548671,18.412277,18.457872,3158954.00
03/15/2010,18.728501,18.846166,18.434335,18.601028,916600,0.00,0.0,-,20.835165,18.575930,18.325008,18.407864,3124852.00
03/12/2010,18.512786,18.767729,18.267648,18.757923,3572200,0.00,0.0,-,20.848059,18.615740,18.252447,18.429437,3144776.00
03/11/2010,18.199012,18.346094,18.032319,18.316679,1493200,0.00,0.0,-,20.860120,18.662414,18.176945,18.416689,3098696.00
03/10/2010,18.267645,18.306868,17.993092,18.248035,2430600,0.00,0.0,-,20.875662,18.719874,18.115660,18.470619,3098138.00
03/09/2010,18.169591,18.453950,18.149980,18.326479,2230200,0.00,0.0,-,20.887772,18.778511,18.066142,18.524549,3061866.00
03/08/2010,18.326479,18.404923,18.228424,18.238230,1648700,0.00,0.0,-,20.898705,18.834403,17.999465,18.558869,3061398.00
03/05/2010,18.287256,18.424534,18.051924,18.326479,2373200,0.00,0.0,-,20.912874,18.898923,17.928865,18.623585,3138484.00
03/04/2010,18.444138,18.552000,18.159780,18.257835,3170100,0.00,0.0,-,20.929249,18.949911,17.879837,18.544160,3129130.00
03/03/2010,18.659866,18.924613,18.434338,18.434338,2875300,0.00,0.0,-,20.947977,18.994036,17.871503,18.483366,3120986.00
03/02/2010,18.865781,18.993254,18.561811,18.571617,2210100,0.00,0.0,-,20.963029,19.030316,17.850911,18.366681,3130464.00
03/01/2010,18.748115,18.924613,18.591225,18.816753,3216800,0.00,0.0,-,20.977247,19.068558,17.823456,18.242151,3138822.00
02/26/2010,18.806947,18.973640,18.552003,18.630447,3186900,0.00,0.0,-,20.988915,19.098759,17.775899,18.075457,3158966.00
02/25/2010,18.561810,18.865780,18.179396,18.855974,2050800,0.00,0.0,-,21.007056,19.123076,17.736677,17.937200,3191118.00
02/24/2010,18.728504,19.042280,18.610837,18.787336,3267800,0.00,0.0,-,21.023627,19.117781,17.701377,17.760701,3206058.00
02/23/2010,18.836368,18.983452,18.502982,18.669676,4103800,0.00,0.0,-,21.045493,19.108172,17.665587,17.607735,3200388.00
02/22/2010,18.159786,19.110919,18.110758,18.885393,7420900,0.00,0.0,-,21.065055,19.093464,17.634699,17.440060,3173826.00
02/19/2010,17.591067,17.816593,17.443985,17.532232,3549600,0.00,0.0,-,21.085303,19.068166,17.591065,17.234145,3078162.00
02/18/2010,17.208648,17.679314,17.198845,17.649897,2115700,0.00,0.0,-,21.115602,19.079148,17.621462,17.215514,3062304.00
02/17/2010,17.375340,17.483201,17.159620,17.267481,1916700,0.00,0.0,-,21.141783,19.085816,17.653330,17.259639,3126642.00
02/16/2010,17.355734,17.404761,17.140012,17.326317,2156300,0.00,0.0,-,21.168209,19.106996,17.695984,17.335142,3131914.00
02/12/2010,17.051761,17.228260,16.875262,17.149817,1876700,0.00,0.0,-,21.193017,19.135824,17.764132,17.404761,3140604.00
02/11/2010,17.071376,17.345931,16.865461,17.247875,1444300,0.00,0.0,-,21.225473,19.165436,17.859735,17.476341,3147086.00
02/10/2010,17.189038,17.247870,16.777207,17.090982,2385700,0.00,0.0,-,21.257537,19.188185,18.008779,17.536154,3162660.00
02/09/2010,17.218460,17.424376,16.973322,17.257683,2515900,0.00,0.0,-,21.291268,19.218190,18.163706,17.642054,3146956.00
02/08/2010,16.934095,17.267482,16.718373,16.992928,2515200,0.00,0.0,-,21.322793,19.251136,18.329418,17.723439,3138150.00
02/05/2010,17.296898,17.365536,16.424210,16.826235,5757600,0.00,0.0,-,21.353043,19.290750,18.551513,17.829338,3144740.00
02/04/2010,17.924453,17.934259,17.306705,17.345928,2989300,0.00,0.0,-,21.385744,19.338601,18.802044,17.947985,3089252.00
02/03/2010,18.042118,18.297061,17.944062,18.091146,2372700,0.00,0.0,-,21.411778,19.376254,19.010411,18.027409,3082146.00
02/02/2010,18.100951,18.169591,17.904842,18.022507,1734200,0.00,0.0,-,21.432859,19.401945,19.151610,18.047021,3082958.00
02/01/2010,18.091147,18.238229,17.924453,18.022507,2303300,0.00,0.0,-,21.462031,19.439206,19.291829,18.056826,3075904.00
01/29/2010,18.071532,18.306864,17.846006,17.865616,2578100,0.00,0.0,-,21.487966,19.481369,19.412437,18.123503,3065306.00
01/28/2010,18.620644,18.620644,17.826399,17.846010,3047800,0.00,0.0,-,21.509048,19.531377,19.548733,18.243130,3069350.00
01/27/2010,18.061733,18.169594,17.571458,18.149982,3536400,0.00,0.0,-,21.526012,19.577855,19.711014,18.481403,3078332.00
01/26/2010,18.061724,18.277444,17.796975,18.071529,2911100,0.00,0.0,-,21.542485,19.616097,19.862999,18.685357,3076620.00
01/25/2010,18.257838,18.385309,17.914645,18.051922,2922900,0.00,0.0,-,21.559939,19.667870,20.018417,18.935398,3077238.00
01/22/2010,18.385311,18.797142,17.963674,18.012703,5362000,0.00,0.0,-,21.575333,19.718662,20.171873,19.273688,3087022.00
01/21/2010,18.355891,18.748113,18.130365,18.140171,5301500,0.00,0.0,-,21.589845,19.781221,20.344449,19.656103,3028202.00
01/20/2010,18.130372,18.336289,17.806791,18.287260,4834200,0.00,0.0,-,21.610976,19.835348,20.481236,19.993413,2958520.00
01/19/2010,18.140173,18.287255,17.610675,18.120562,7047900,0.00,0.0,-,21.633823,19.893985,20.590077,20.256200,2963216.00
01/15/2010,19.140333,19.189360,18.669670,18.689280,5393000,0.00,0.0,-,21.656278,19.951249,20.696467,20.526832,2907482.00
01/14/2010,19.816906,20.003211,18.963829,19.061884,5720000,0.00,0.0,-,21.668044,20.002237,20.786187,20.701370,2844796.00
01/13/2010,20.199323,20.297379,19.650216,20.228739,3291000,0.00,0.0,-,21.677899,20.039498,20.849433,20.854336,2768996.00
01/12/2010,20.444463,20.522907,20.032632,20.189520,3404200,0.00,0.0,-,21.682213,20.050677,20.830312,20.940625,2749754.00
01/11/2010,21.493655,21.532876,20.248356,20.571938,6053300,0.00,0.0,-,21.692166,20.075190,20.750398,21.040642,2724780.00
01/08/2010,21.699571,21.787821,21.277936,21.434824,2612400,0.00,0.0,-,21.704521,20.075190,20.637144,21.101436,2648980.00
01/07/2010,21.552491,21.915295,21.434826,21.836851,1940800,0.00,0.0,-,21.705109,20.074406,20.462116,21.070057,2639148.00
01/06/2010,20.944552,21.670159,20.846497,21.513271,2901900,0.00,0.0,-,21.701089,20.073425,20.251298,21.032796,2660270.00
01/05/2010,20.905323,21.081822,20.689603,20.915129,2156000,0.00,0.0,-,21.702069,20.090683,20.079701,20.969060,2653196.00
01/04/2010,20.709218,20.866106,20.591552,20.826883,2460200,0.00,0.0,-,21.697412,20.122060,19.933109,20.923954,2652804.00
12/31/2009,20.689607,20.689607,20.434664,20.434664,967500,0.00,0.0,-,21.697853,20.144221,19.808089,20.866102,2648522.00
12/30/2009,20.846486,21.022986,20.552320,20.591543,1912800,0.00,0.0,-,21.700697,20.182266,19.724742,20.871004,2690090.00
12/29/2009,21.326961,21.326961,20.983768,21.091629,1268200,0.00,0.0,-,21.705158,20.213447,19.626687,20.844530,2708006.00
12/28/2009,21.326960,21.326960,21.032796,21.189684,1465300,0.00,0.0,-,21.705943,20.233451,19.491371,20.720000,2739842.00
12/24/2009,21.199492,21.395600,21.101436,21.179880,617000,0.00,0.0,-,21.708737,20.247767,19.361448,20.460154,2780722.00
12/23/2009,21.689759,21.689759,21.032791,21.121040,2206800,0.00,0.0,-,21.711777,20.250708,19.247704,20.172852,2831970.00
12/22/2009,20.944545,21.562291,20.934739,21.464235,5503000,0.00,0.0,-,21.708639,20.253062,19.140334,19.854174,2828202.00
12/21/2009,20.591549,20.944548,20.385635,20.875910,1905500,0.00,0.0,-,21.702854,20.249532,19.028061,19.469799,2775608.00
12/18/2009,20.483683,20.483683,20.022825,20.464073,2762900,0.00,0.0,-,21.690597,20.262475,18.945695,19.190343,2797312.00
12/17/2009,20.532718,20.689606,20.228746,20.248358,3349200,0.00,0.0,-,21.676134,20.288362,18.891274,18.942264,2827124.00
12/16/2009,20.660190,20.866106,20.366025,20.483690,2628000,0.00,0.0,-,21.661769,20.316405,18.873134,18.750076,2791180.00
12/15/2009,19.826719,20.483687,19.610998,20.326799,4224000,0.00,0.0,-,21.648286,20.341703,18.855484,18.578480,2792638.00
12/14/2009,19.218776,19.885550,18.963832,19.846327,4794500,0.00,0.0,-,21.628675,20.355235,18.857445,18.408845,2750052.00
12/11/2009,18.385310,18.630448,18.375504,18.591225,2797800,0.00,0.0,-,21.609898,20.369943,18.873624,18.262743,2715630.00
12/10/2009,18.022505,18.414727,18.022505,18.306866,2984300,0.00,0.0,-,21.603230,20.413676,18.947165,18.262743,2731848.00
12/09/2009,17.689124,18.002900,17.375346,17.934261,2775700,0.00,0.0,-,21.598082,20.481530,19.064831,18.322556,2739424.00
12/08/2009,17.846013,17.963678,17.581264,17.620485,2637700,0.00,0.0,-,21.597347,20.571937,19.197696,18.426494,2725176.00
12/07/2009,18.032318,18.159790,17.836209,18.081347,2756700,0.00,0.0,-,21.600975,20.667638,19.373704,18.586323,2710518.00
12/04/2009,18.620641,18.650058,17.689120,17.983284,5332600,0.00,0.0,-,21.588571,20.739218,19.511961,18.701047,2695460.00
12/03/2009,18.855975,18.895198,18.297062,18.326479,2180300,0.00,0.0,-,21.583325,20.822761,19.673752,18.840285,2616820.00
12/02/2009,18.669671,18.914809,18.532393,18.767725,2590800,0.00,0.0,-,21.576020,20.910226,19.806617,18.996192,2596616.00
12/01/2009,18.532392,18.767724,18.434337,18.630447,2200800,0.00,0.0,-,21.566900,20.995926,19.930166,19.132488,2567320.00
11/30/2009,18.650056,18.650056,18.248031,18.385307,2223000,0.00,0.0,-,21.561311,21.087706,20.044891,19.306046,2556294.00
11/27/2009,18.483365,18.875585,18.218617,18.591225,1600500,0.00,0.0,-,21.562439,21.189879,20.165008,19.484506,2556406.00
11/25/2009,19.061889,19.120721,18.728501,18.905001,2075600,0.00,0.0,-,21.564792,21.291856,20.306207,19.631588,2560204.00
11/24/2009,19.169745,19.257995,18.836358,18.973637,2844700,0.00,0.0,-,21.569156,21.391480,20.389554,19.807107,2572012.00
11/23/2009,19.532554,19.630610,18.983447,19.218779,2983200,0.00,0.0,-,21.573911,21.483063,20.510652,19.968897,2733366.00
11/20/2009,19.267803,19.463914,19.091304,19.228582,2634000,0.00,0.0,-,21.581560,21.586021,20.639104,20.161085,2700576.00
11/19/2009,19.748274,19.758080,19.140334,19.375666,2413300,0.00,0.0,-,21.588718,21.693686,20.796482,20.322876,2682220.00
11/18/2009,20.062051,20.189523,19.767887,19.885553,1381500,0.00,0.0,-,21.594454,21.792721,20.951899,20.507220,2673058.00
11/17/2009,20.346406,20.346406,19.944381,20.130686,1773400,0.00,0.0,-,21.598474,21.868812,21.054366,20.617041,2676224.00
11/16/2009,20.238550,20.591548,20.218940,20.366022,2780300,0.00,0.0,-,21.602053,21.936470,21.164678,20.727844,2676556.00
11/13/2009,20.199328,20.326798,20.003217,20.169910,3496900,0.00,0.0,-,21.602396,21.997656,21.253908,20.783735,2676398.00
11/12/2009,20.689601,20.748434,20.032633,20.062048,3450800,0.00,0.0,-,21.606368,22.044134,21.350002,20.845510,2705382.00
11/11/2009,20.758240,20.964155,20.542520,20.660185,2942000,0.00,0.0,-,21.610682,22.066883,21.442174,20.980826,2671442.00
11/10/2009,20.983763,21.219094,20.532711,20.591543,3412100,0.00,0.0,-,21.618232,22.075316,21.475513,20.972001,2673412.00
11/09/2009,21.150463,21.219101,21.003381,21.140657,2421000,0.00,0.0,-,21.622351,22.097280,21.507871,21.052406,2643194.00
11/06/2009,20.954352,21.385793,20.669992,20.846491,1817400,0.00,0.0,-,21.616467,22.124147,21.515226,21.117122,2622462.00
11/05/2009,21.091632,21.317158,20.885716,21.219103,5069000,0.00,0.0,-,21.609113,22.151406,21.549055,21.270087,2621166.00
11/04/2009,21.336763,21.856455,20.915126,20.983765,4261200,0.00,0.0,-,21.596905,22.176116,21.576020,21.396578,2566638.00
11/03/2009,20.307193,21.268133,20.267972,21.238716,2258700,0.00,0.0,-,21.585188,22.209063,21.609359,21.491692,2526242.00
11/02/2009,20.885713,21.238712,20.493494,20.924936,1930000,0.00,0.0,-,21.571215,22.237695,21.634853,21.601513,2517092.00
10/30/2009,21.179874,21.474039,20.562127,20.787655,2328900,0.00,0.0,-,21.567636,22.271033,21.638775,21.724081,2515606.00
10/29/2009,20.748433,21.640733,20.748433,21.415207,2155500,0.00,0.0,-,21.561557,22.292213,21.628479,21.854494,2491354.00
10/28/2009,21.297544,21.346573,20.415050,20.571938,2263300,0.00,0.0,-,21.544054,22.295940,21.596611,21.903522,2479424.00
10/27/2009,22.140812,22.140812,21.336761,21.395594,2120800,0.00,0.0,-,21.534984,22.317904,21.652993,21.979024,2481506.00
10/26/2009,22.327121,22.886034,21.728985,21.787817,2996900,0.00,0.0,-,21.520275,22.306333,21.705943,21.963337,2494190.00
10/23/2009,22.562449,22.719337,22.189839,22.376144,2548200,0.00,0.0,-,21.508656,22.305549,21.736831,21.913329,2491374.00
10/22/2009,22.072176,22.591868,21.885871,22.484007,2136400,0.00,0.0,-,21.497036,22.305353,21.701041,21.828022,2480470.00
10/21/2009,22.238872,22.689924,21.915291,21.934902,2246100,0.00,0.0,-,21.482671,22.306333,21.684862,21.755462,2476792.00
10/20/2009,22.081986,22.434983,21.895681,22.336929,3045900,0.00,0.0,-,21.476690,22.313393,21.723103,21.727026,2490820.00
10/19/2009,22.072178,22.238871,21.934901,22.150621,2808600,0.00,0.0,-,21.469532,22.325552,21.758893,21.668192,2472630.00
10/16/2009,21.679954,22.150618,21.552482,22.091785,2860000,0.00,0.0,-,21.461344,22.355949,21.812333,21.553468,2457722.00
10/15/2009,21.179880,21.934904,21.042602,21.905487,3509300,0.00,0.0,-,21.447960,22.370854,21.882442,21.402464,2451160.00
10/14/2009,21.542676,21.581899,21.209289,21.326956,3179400,0.00,0.0,-,21.433007,22.387131,21.971672,21.289701,2521314.00
10/13/2009,21.179884,21.287743,20.915135,21.238716,2018400,0.00,0.0,-,21.416386,22.420273,22.099634,21.326962,2521570.00
10/12/2009,21.621128,21.876071,21.072020,21.287741,2873300,0.00,0.0,-,21.399423,22.454004,22.215339,21.448550,2537206.00
10/09/2009,21.778015,22.042763,21.503462,21.523073,2990700,0.00,0.0,-,21.380547,22.485382,22.369285,21.560332,2526100.00
10/08/2009,21.974124,22.238873,21.670154,21.758404,4253500,0.00,0.0,-,21.361034,22.510876,22.523721,21.574059,2499684.00
10/07/2009,21.630936,21.846658,21.444632,21.650547,1552000,0.00,0.0,-,21.340345,22.527937,22.652173,21.614262,2454140.00
10/06/2009,21.444622,21.993730,21.268123,21.748592,2700900,0.00,0.0,-,21.325097,22.550490,22.754150,21.719180,2450098.00
10/05/2009,20.689606,21.042603,20.571939,21.003382,2094700,0.00,0.0,-,21.309653,22.578926,22.842399,21.849593,2419224.00
10/02/2009,20.552326,21.366184,20.503299,20.581743,3073400,0.00,0.0,-,21.299407,22.618932,22.963497,22.071197,2427352.00
10/01/2009,21.719178,21.719178,20.738628,20.777851,3608700,0.00,0.0,-,21.291464,22.659135,23.059101,22.362420,2428744.00
09/30/2009,22.513428,22.523234,21.493657,21.699572,3363100,0.00,0.0,-,21.275628,22.671882,23.080183,22.653644,2389876.00
09/29/2009,22.434980,22.738952,22.307510,22.454592,2063300,0.00,0.0,-,21.256017,22.667959,23.049296,22.872306,2349264.00
09/28/2009,21.748600,22.405569,21.660351,22.405569,1904800,0.00,0.0,-,21.226797,22.647564,23.011054,22.982128,2344920.00
09/25/2009,22.042757,22.042757,21.415206,21.660343,2003800,0.00,0.0,-,21.208362,22.620305,23.014976,23.178238,2341154.00
09/24/2009,22.866420,22.886032,21.856455,22.160425,1400600,0.00,0.0,-,21.194292,22.611676,23.042432,23.473383,2342456.00
09/23/2009,23.082148,23.209618,22.660511,22.699732,1170100,0.00,0.0,-,21.177867,22.591281,23.057140,23.690084,2379046.00
09/22/2009,23.503775,23.572415,23.003694,23.052723,1126000,0.00,0.0,-,21.148990,22.539115,23.053708,23.789120,2401388.00
09/21/2009,23.366503,23.523391,22.954672,23.219421,1649500,0.00,0.0,-,21.114720,22.476752,23.034588,23.835206,2421270.00
09/18/2009,23.974446,24.101916,23.444948,23.493975,2228600,0.00,0.0,-,21.078489,22.405172,23.003210,23.855798,2435062.00
09/17/2009,23.837167,24.101915,23.366503,23.690084,1790400,0.00,0.0,-,21.037796,22.332219,22.920844,23.755782,2457844.00
09/16/2009,23.601836,23.925417,23.533198,23.886196,2666000,0.00,0.0,-,20.988621,22.245342,22.816416,23.506723,2547896.00
09/15/2009,24.376469,24.435301,23.199808,23.552807,10912400,0.00,0.0,-,20.948909,22.167879,22.705613,23.226285,2571234.00
09/14/2009,24.376476,24.494141,24.043089,24.366671,1343700,0.00,0.0,-,20.910324,22.120420,22.568827,23.039981,2408660.00
09/11/2009,24.464715,24.935379,24.248993,24.611797,1716200,0.00,0.0,-,20.857375,22.059430,22.437923,22.851714,2430890.00
09/10/2009,23.778329,24.356854,23.435136,24.327436,1955200,0.00,0.0,-,20.801483,22.015501,22.325650,22.611481,2474096.00
09/09/2009,23.493974,23.846972,23.307671,23.690084,1539800,0.00,0.0,-,20.737061,21.982555,22.235930,22.424196,3266620.00
09/08/2009,23.699889,23.935221,23.395919,23.513584,1790000,0.00,0.0,-,20.671168,21.964317,22.165821,22.318297,3284894.00
09/04/2009,22.572263,23.474369,22.425181,23.425341,2772400,0.00,0.0,-,20.615865,21.939803,22.137385,22.233970,3327006.00
09/03/2009,22.052566,22.611479,21.621124,22.493814,4946100,0.00,0.0,-,20.569240,21.921173,22.149642,22.150623,3305980.00
09/02/2009,20.964162,21.307355,20.964162,21.199495,1753800,0.00,0.0,-,20.526390,21.905092,22.166801,22.085907,3243418.00
09/01/2009,21.572096,22.336926,20.983766,21.081821,3040500,0.00,0.0,-,20.489619,21.906660,22.242794,22.126109,3249902.00
08/31/2009,22.278090,22.278090,21.572095,21.689762,1901200,0.00,0.0,-,20.456036,21.905092,22.337907,22.184942,3233074.00
08/28/2009,22.464395,22.738950,22.248675,22.484007,1384400,0.00,0.0,-,20.410636,21.919015,22.399681,22.097673,3226236.00
08/27/2009,22.523235,22.670319,21.611325,22.209459,1752600,0.00,0.0,-,20.366364,21.910779,22.418312,22.024131,3233132.00
08/26/2009,22.572259,22.944867,22.385954,22.454592,2342600,0.00,0.0,-,20.329251,21.912151,22.447728,22.039820,3239222.00
08/25/2009,22.944870,23.395924,22.601677,22.631094,2241400,0.00,0.0,-,20.293411,21.911171,22.455572,22.047664,3242006.00
08/24/2009,22.680117,23.091948,22.562452,22.670313,1801200,0.00,0.0,-,20.253601,21.917250,22.462926,22.013345,3251088.00
08/21/2009,22.072177,22.689923,21.993733,22.591869,1855700,0.00,0.0,-,20.219331,21.948432,22.487930,22.040800,3252428.00
08/20/2009,21.630931,21.944706,21.581904,21.846653,1116300,0.00,0.0,-,20.205897,21.982163,22.508521,22.148660,3250070.00
08/19/2009,21.317154,21.866262,20.934741,21.601515,1559000,0.00,0.0,-,20.195602,22.040407,22.545782,22.247696,3282822.00
08/18/2009,20.895517,21.728985,20.768047,21.670153,2367400,0.00,0.0,-,20.184472,22.106693,22.536467,22.359479,3312866.00
08/17/2009,21.434819,21.444625,20.709213,20.817072,2755000,0.00,0.0,-,20.166038,22.149052,22.528132,22.490872,3304202.00
08/14/2009,22.258479,22.258479,21.444622,21.748592,2856100,0.00,0.0,-,20.150741,22.209062,22.559020,22.701690,3318412.00
08/13/2009,22.582069,22.660512,22.101599,22.366346,2003000,0.00,0.0,-,20.129169,22.238479,22.523720,22.812493,3304292.00
08/12/2009,22.346728,22.876224,22.336923,22.533031,1952500,0.00,0.0,-,20.097792,22.240440,22.466848,22.855636,3295636.00
08/11/2009,22.758564,22.758564,22.013348,22.287901,2947500,0.00,0.0,-,20.071023,22.251422,22.397229,22.863481,3301178.00
08/10/2009,23.552806,23.552806,22.640894,22.944864,2136400,0.00,0.0,-,20.048176,22.268483,22.287407,22.912508,3307480.00
08/07/2009,23.219425,23.915614,23.101758,23.670477,2063200,0.00,0.0,-,20.029300,22.256913,22.136893,22.935061,3319466.00
08/06/2009,22.758564,23.248839,22.670316,22.837009,2531900,0.00,0.0,-,20.018269,22.207101,21.935390,22.868382,3314702.00
08/05/2009,22.023152,23.219424,21.572100,22.719343,7017000,0.00,0.0,-,20.013661,22.173762,21.785856,22.843868,3312730.00
08/04/2009,22.895835,23.082140,22.493810,22.984085,3192200,0.00,0.0,-,20.003610,22.147876,21.617201,22.713455,3207942.00
08/03/2009,23.278249,23.288055,22.778169,22.925251,2800200,0.00,0.0,-,19.988657,22.101594,21.468648,22.565392,3169986.00
07/31/2009,22.474205,23.258644,22.474205,22.856619,2318000,0.00,0.0,-,19.968359,22.053351,21.381379,22.416349,3159792.00
07/30/2009,23.101751,23.131168,22.689920,22.797781,1669900,0.00,0.0,-,19.966790,22.017659,21.304406,22.234947,3150416.00
07/29/2009,22.493814,22.650702,22.336926,22.611479,1976300,0.00,0.0,-,19.966202,21.993734,21.285285,22.078060,3152192.00
07/28/2009,22.542842,22.925256,22.503621,22.778173,1349900,0.00,0.0,-,19.944973,21.981575,21.288717,21.930977,3147894.00
07/27/2009,22.925252,23.239029,22.689920,23.170389,1157200,0.00,0.0,-,19.924921,21.954904,21.288717,21.662307,3152474.00
07/24/2009,22.356532,23.121361,22.199644,23.003695,2501100,0.00,0.0,-,19.900799,21.919800,21.244593,21.338726,3170568.00
07/23/2009,21.670152,22.768367,21.170071,22.591869,3143000,0.00,0.0,-,19.878443,21.882736,21.219099,21.002398,3179884.00
07/22/2009,21.228902,21.581900,21.170069,21.415207,1665300,0.00,0.0,-,19.862999,21.876068,21.173993,20.727843,3163114.00
07/21/2009,21.787815,21.983925,21.189680,21.503456,1332500,0.00,0.0,-,19.858685,21.891169,21.167130,20.520947,3173432.00
07/20/2009,21.121048,21.523074,20.983770,21.434824,1846100,0.00,0.0,-,19.861970,21.924311,21.142126,20.371904,3203696.00
07/17/2009,21.179879,21.385793,20.973962,21.042601,1716500,0.00,0.0,-,19.876482,21.947256,21.189682,20.346409,3237888.00
07/16/2009,21.081821,21.356375,20.817072,21.228903,2068900,0.00,0.0,-,19.903692,21.985105,21.241161,20.373864,3338300.00
07/15/2009,20.709217,21.474045,20.709217,21.140657,3230100,0.00,0.0,-,19.913154,22.032368,21.293621,20.492511,3365354.00
07/14/2009,19.973802,20.179717,19.787497,20.091467,2287200,0.00,0.0,-,19.945022,22.067275,21.356866,20.646457,3373340.00
07/13/2009,19.669829,19.934578,19.071695,19.934578,2120100,0.00,0.0,-,19.985274,22.116499,21.499046,20.915128,3394188.00
07/10/2009,19.679634,19.777690,19.395276,19.640413,2339100,0.00,0.0,-,20.026751,22.163565,21.713786,21.150460,3444970.00
07/09/2009,19.463913,20.032632,19.375663,19.846327,3367700,0.00,0.0,-,20.067738,22.243578,21.945687,21.435800,3448680.00
07/08/2009,20.150297,20.150297,18.963833,19.346247,6293000,0.00,0.0,-,20.113971,22.319865,22.191315,21.620144,3428436.00
07/07/2009,21.042598,21.297541,19.875745,20.013021,3832900,0.00,0.0,-,20.169715,22.409684,22.469791,21.813312,3340148.00
07/06/2009,21.258324,21.307351,20.797464,21.179880,2783700,0.00,0.0,-,20.213644,22.480676,22.658547,21.912348,3311796.00
07/02/2009,22.042755,22.042755,21.317148,21.317148,2455200,0.00,0.0,-,20.241835,22.517936,22.790431,22.032955,3302266.00
07/01/2009,22.425175,23.101753,22.356535,22.415369,3876500,0.00,0.0,-,20.275811,22.558923,22.885544,22.108458,3315000.00
06/30/2009,22.856620,23.278257,22.474206,22.680120,41581400,0.00,0.0,-,20.301011,22.561669,22.887996,22.094731,3295304.00
06/29/2009,22.513425,22.974284,22.180039,22.778173,2453500,0.00,0.0,-,20.329741,22.554217,22.908097,22.067276,2515920.00
06/26/2009,22.366345,22.670317,22.131013,22.287901,3895600,0.00,0.0,-,20.350970,22.575789,22.926237,22.082964,2522408.00
06/25/2009,21.611320,22.542841,21.493653,22.493814,1721100,0.00,0.0,-,20.368669,22.594223,22.930159,22.277113,2501524.00
06/24/2009,21.425013,22.121203,21.356375,21.689762,1818000,0.00,0.0,-,20.381122,22.585986,22.864462,22.455573,2514110.00
06/23/2009,21.081821,21.395596,20.611157,21.277931,2078000,0.00,0.0,-,20.411323,22.576966,22.838478,22.762486,2532174.00
06/22/2009,21.974126,22.081987,21.003382,21.003382,2199100,0.00,0.0,-,20.442602,22.580299,22.845833,23.126269,2529810.00
06/19/2009,22.484007,22.660507,22.189841,22.385952,1559300,0.00,0.0,-,20.474029,22.591478,22.829163,23.404745,2540074.00
06/18/2009,22.307510,22.552647,21.836846,22.072178,1729200,0.00,0.0,-,20.506534,22.566376,22.735521,23.547906,2542992.00
06/17/2009,22.317318,22.787982,21.993737,22.278095,2057100,0.00,0.0,-,20.545462,22.543235,22.685513,23.662630,2562246.00
06/16/2009,23.219426,23.435146,22.209458,22.405569,2481800,0.00,0.0,-,20.590665,22.545000,22.651684,23.681260,2552244.00
06/15/2009,23.964637,24.121525,22.660506,22.935059,2695500,0.00,0.0,-,20.637732,22.554021,22.631582,23.748918,2558182.00
06/12/2009,24.111720,24.229385,23.797945,24.229385,1868200,0.00,0.0,-,20.682445,22.547549,22.557060,23.769510,2558446.00
06/11/2009,24.758885,24.994217,24.023472,24.278416,1737800,0.00,0.0,-,20.718333,22.483813,22.416351,23.583206,2588540.00
06/10/2009,25.160914,25.298190,24.415695,24.758888,2753900,0.00,0.0,-,20.752750,22.418901,22.259954,23.273352,2620578.00
06/09/2009,23.905803,25.160907,23.876387,24.915770,3061200,0.00,0.0,-,20.791580,22.345556,22.134934,22.914471,2614446.00
06/08/2009,23.631252,23.925416,23.317476,23.788139,1934200,0.00,0.0,-,20.830557,22.290841,21.997657,22.565396,2603432.00
06/05/2009,24.327443,24.415692,23.552809,23.817558,3465500,0.00,0.0,-,20.872622,22.275937,21.966280,22.253581,2634922.00
06/04/2009,22.621285,23.288060,22.493815,23.219421,2150100,0.00,0.0,-,20.912335,22.230635,21.904505,21.923136,2636152.00
06/03/2009,22.856617,22.905646,22.160427,22.464397,1570200,0.00,0.0,-,20.958469,22.186903,21.890287,21.708395,2637962.00
06/02/2009,23.033119,23.533200,22.827204,23.082148,2229600,0.00,0.0,-,21.009556,22.171802,21.946669,21.622107,2680364.00
06/01/2009,22.738947,23.621441,22.738947,23.140972,3262600,0.00,0.0,-,21.060545,22.109832,21.936863,21.514246,2683052.00
05/29/2009,21.464240,22.395764,21.415213,22.366346,2735700,0.00,0.0,-,21.107611,22.065315,21.907447,21.344611,2680890.00
05/28/2009,21.219101,21.611323,20.689605,21.179880,1825000,0.00,0.0,-,21.158747,22.038055,21.903524,21.249497,2704584.00
05/27/2009,21.366185,21.719182,21.121048,21.170074,2433300,0.00,0.0,-,21.212775,22.044135,22.026583,21.246556,2725764.00
05/26/2009,20.444470,21.738796,20.238554,21.425020,1777600,0.00,0.0,-,21.279599,22.045704,22.151113,21.355397,2731794.00
05/22/2009,20.611160,20.915130,20.356217,20.669992,1294400,0.00,0.0,-,21.336716,22.052175,22.271721,21.429919,2757564.00
05/21/2009,20.787658,20.866102,20.062050,20.513103,2290500,0.00,0.0,-,21.393147,22.074532,22.416352,21.678978,2793024.00
05/20/2009,21.807428,22.091788,21.032795,21.072016,1849200,0.00,0.0,-,21.440900,22.074139,22.542843,21.885875,2805142.00
05/19/2009,22.013346,22.013346,21.474042,21.601515,1758700,0.00,0.0,-,21.480612,22.058843,22.657567,22.072179,2853788.00
05/18/2009,21.728984,22.003538,21.493652,22.003538,1761400,0.00,0.0,-,21.525815,21.995303,22.705123,22.271230,2901482.00
05/15/2009,21.317153,21.856457,21.179877,21.444626,1578900,0.00,0.0,-,21.567194,21.906661,22.720322,22.359480,2938532.00
05/14/2009,21.189681,21.964314,21.189681,21.415207,2061900,0.00,0.0,-,21.617104,21.825276,22.840930,22.470282,2981820.00
05/13/2009,21.807436,21.827047,20.944552,21.150467,2966900,0.00,0.0,-,21.666083,21.752715,22.930650,22.557552,3036846.00
05/12/2009,22.268292,22.895845,21.807434,22.258488,2304500,0.00,0.0,-,21.706384,21.657798,22.977226,22.806611,3040792.00
05/11/2009,22.601675,22.895841,21.885874,22.170235,2181200,0.00,0.0,-,21.747861,21.534445,22.926237,22.946829,3077102.00
05/08/2009,22.954673,23.386115,22.454592,23.160589,2845700,0.00,0.0,-,21.785661,21.436194,22.889957,23.113522,3130600.00
05/07/2009,23.209619,23.915614,22.229069,22.582067,3555700,0.00,0.0,-,21.829394,21.318527,22.810042,23.153725,3161612.00
05/06/2009,23.366501,24.513744,21.983926,22.935059,6737100,0.00,0.0,-,21.879990,21.222630,22.737481,23.199810,3181632.00
05/05/2009,23.160587,23.729306,22.111397,23.592028,3421600,0.00,0.0,-,21.923428,21.130850,22.636485,23.242955,3207038.00
05/04/2009,22.533037,23.278256,22.101597,22.886036,3629400,0.00,0.0,-,21.967210,20.971021,22.575201,23.139017,3238594.00
05/01/2009,22.052566,22.974283,22.052566,22.552647,3329600,0.00,0.0,-,22.016630,20.851982,22.573730,23.081164,3254754.00
04/30/2009,23.915614,24.082307,22.268289,22.287901,4659200,0.00,0.0,-,22.056881,20.738238,22.576672,23.211577,3253312.00
04/29/2009,23.905807,24.366667,23.415532,23.641060,2524600,0.00,0.0,-,22.087670,20.631358,22.514406,23.303748,3227610.00
04/28/2009,23.513587,24.268611,23.062535,23.660669,2355500,0.00,0.0,-,22.113508,20.508789,22.383993,23.147841,3244628.00
04/27/2009,23.346893,24.415692,23.190005,23.837168,1878600,0.00,0.0,-,22.141748,20.407792,22.255541,22.905645,3244522.00
04/24/2009,23.376311,23.856781,22.935063,23.562616,2415300,0.00,0.0,-,22.172880,20.312287,22.172685,22.666391,3290622.00
04/23/2009,23.533196,23.533196,22.062371,23.042921,2307200,0.00,0.0,-,22.199208,20.236588,22.146700,22.466359,3282758.00
04/22/2009,22.258480,23.994052,22.229063,23.366501,3091900,0.00,0.0,-,22.227644,20.174225,22.072178,22.275152,3290330.00
04/21/2009,22.121204,22.817396,21.738790,22.552647,2891700,0.00,0.0,-,22.257698,20.121864,21.955493,22.030015,3282426.00
04/20/2009,23.180201,23.268451,22.160430,22.307512,2612200,0.00,0.0,-,22.294566,20.084015,21.913329,22.011385,3331676.00
04/17/2009,23.190003,24.003859,23.170392,23.856777,2777900,0.00,0.0,-,22.336681,20.048323,21.797134,22.066296,3361856.00
04/16/2009,22.317312,23.601831,22.052563,23.209612,2851400,0.00,0.0,-,22.379678,19.984979,21.650052,21.941766,3383868.00
04/15/2009,21.081822,22.111399,20.924934,22.081984,2350400,0.00,0.0,-,22.426745,19.937717,21.539740,21.725065,3375362.00
04/14/2009,21.130855,21.425021,20.758247,21.238716,2721200,0.00,0.0,-,22.477292,19.904771,21.509833,21.620146,3408706.00
04/13/2009,21.170071,21.581902,20.581741,21.444626,1959800,0.00,0.0,-,22.530242,19.899279,21.510323,21.605437,3426240.00
04/09/2009,21.797630,22.062379,21.346577,21.562298,2712300,0.00,0.0,-,22.587653,19.888885,21.525522,21.678978,3450672.00
04/08/2009,21.081823,21.513266,20.689604,21.130850,1705200,0.00,0.0,-,22.644623,19.901044,21.536798,21.827040,3500664.00
04/07/2009,21.925096,22.484009,20.562130,20.915129,2691900,0.00,0.0,-,22.705123,19.906731,21.504929,21.869204,3570052.00
04/06/2009,22.474207,22.631095,21.797627,22.366346,1557000,0.00,0.0,-,22.766554,19.887709,21.474533,21.880971,3586354.00
04/03/2009,22.542843,22.954674,21.876069,22.856619,2778700,0.00,0.0,-,22.818376,19.827895,21.277442,21.815274,3627784.00
04/02/2009,21.699567,23.082144,21.189683,22.611479,2708700,0.00,0.0,-,22.868188,19.746313,21.013183,21.527973,3655972.00
04/01/2009,20.483687,21.150462,19.885553,21.042601,3372900,0.00,0.0,-,22.920403,19.666889,20.751377,21.358338,3697816.00
03/31/2009,21.366184,21.660348,20.660187,21.032797,3339700,0.00,0.0,-,22.980559,19.614920,20.588605,21.354416,3709840.00
03/30/2009,21.356378,21.748598,20.689604,21.091629,2447300,0.00,0.0,-,23.038853,19.598447,20.357196,21.399521,3741078.00
03/27/2009,22.640892,22.866418,21.905480,22.180035,2510500,0.00,0.0,-,23.092881,19.568049,20.107156,21.415209,3806524.00
03/26/2009,21.856457,23.190003,21.326959,23.042921,3508700,0.00,0.0,-,23.138869,19.482742,19.861038,21.372065,3815324.00
03/25/2009,21.111242,22.199651,20.689605,21.552488,3527000,0.00,0.0,-,23.179905,19.397042,19.572756,21.246555,3825384.00
03/24/2009,21.140656,21.562293,20.787659,21.032797,2240600,0.00,0.0,-,23.226089,19.335071,19.384490,21.140655,3805270.00
03/23/2009,20.199326,21.807427,20.111076,21.709372,3690300,0.00,0.0,-,23.274234,19.303693,19.250155,21.068094,3815970.00
03/20/2009,21.062214,21.297545,19.846332,19.983608,2364000,0.00,0.0,-,23.320908,19.270551,18.944714,20.739610,3832736.00
03/19/2009,21.258322,21.562291,20.591547,20.915129,3154500,0.00,0.0,-,23.370916,19.263099,18.792238,20.498394,3842514.00
03/18/2009,21.542683,21.562295,19.875750,21.003382,3920400,0.00,0.0,-,23.419944,19.259569,18.589754,20.144416,3857602.00
03/17/2009,21.022989,21.483847,20.660185,21.483847,2884000,0.00,0.0,-,23.465981,19.257607,18.386781,19.822795,3867762.00
03/16/2009,22.032953,22.062370,21.081821,21.248514,2734800,0.00,0.0,-,23.515645,19.238192,18.188219,19.314871,3871902.00
03/13/2009,21.719175,22.503616,21.022986,21.748592,3066100,0.00,0.0,-,23.562516,19.201520,18.056335,18.799102,3886894.00
03/12/2009,20.493491,22.013345,19.905161,21.787817,3067400,0.00,0.0,-,23.602669,19.144844,17.922000,18.350011,3906186.00
03/11/2009,20.424850,21.081819,19.856131,20.493488,2896400,0.00,0.0,-,23.638263,19.069146,17.821493,17.898958,3889024.00
03/10/2009,19.061893,20.395440,18.708894,20.307190,4281500,0.00,0.0,-,23.678907,19.016196,17.793058,17.628326,3848650.00
03/09/2009,17.522426,19.159944,17.326315,18.424532,4143400,0.00,0.0,-,23.723032,18.960305,17.815120,17.432216,3779110.00
03/06/2009,17.591065,17.924452,17.002734,17.571453,3613900,0.00,0.0,-,23.776521,18.944224,17.926903,17.149818,3737810.00
03/05/2009,17.208652,17.649900,16.747794,17.375345,3743300,0.00,0.0,-,23.839570,18.945205,18.074475,17.086082,3722918.00
03/04/2009,16.737986,18.061729,16.737986,17.787174,4813200,0.00,0.0,-,23.902080,18.969718,18.240189,17.035093,3748710.00
03/03/2009,16.453633,16.796824,15.718220,16.404604,3164200,0.00,0.0,-,23.962139,18.987172,18.393154,16.950766,3716062.00
03/02/2009,16.708572,16.875263,15.982963,16.090824,4120000,0.00,0.0,-,24.027002,19.038161,18.594657,17.061567,3726666.00
02/27/2009,16.561491,17.738152,16.443826,17.257683,4856100,0.00,0.0,-,24.087061,19.096209,18.838324,17.313568,3710304.00
02/26/2009,18.140165,18.277442,16.953701,17.277283,4396300,0.00,0.0,-,24.146188,19.103269,19.021687,17.493988,3689764.00
02/25/2009,18.502977,18.679474,17.169429,17.787174,4556700,0.00,0.0,-,24.200462,19.113271,19.266334,17.744029,3714322.00
02/24/2009,16.071213,18.718698,16.071213,18.346088,8007400,0.00,0.0,-,24.248116,19.089738,19.447736,17.957789,3720702.00
02/23/2009,17.110598,17.179236,15.531911,15.600550,4999400,0.00,0.0,-,24.296850,19.097190,19.528631,18.198024,3639984.00
02/20/2009,16.620320,17.277288,16.257516,16.934095,4437400,0.00,0.0,-,24.357595,19.162102,19.717387,18.703988,3689194.00
02/19/2009,17.336117,17.718531,16.777204,16.865454,3257500,0.00,0.0,-,24.402063,19.200932,19.809559,19.062869,3753666.00
02/18/2009,17.689121,17.895036,16.737987,16.943903,3374100,0.00,0.0,-,24.447756,19.202109,19.898299,19.445284,3810350.00
02/17/2009,17.728339,18.110753,17.257676,17.512619,3375500,0.00,0.0,-,24.493891,19.187204,19.973311,19.835543,3872204.00
02/13/2009,19.032469,19.101107,18.277445,18.610832,2350200,0.00,0.0,-,24.537133,19.156415,20.108137,20.127748,3901292.00
02/12/2009,19.267798,19.316827,18.179390,19.061884,4183600,0.00,0.0,-,24.574198,19.091307,20.156184,20.363080,3885220.00
02/11/2009,20.003219,20.258162,19.228585,19.777693,2022100,0.00,0.0,-,24.611263,18.987172,20.098822,20.549385,3883658.00
02/10/2009,20.552324,21.258321,19.758079,19.924772,2685800,0.00,0.0,-,24.647200,18.910493,20.047834,20.788639,3884334.00
02/09/2009,20.562133,21.052408,20.513106,20.748438,2696700,0.00,0.0,-,24.680588,18.828716,19.974292,20.937683,3983374.00
02/06/2009,20.483686,20.944545,20.169910,20.660185,5354200,0.00,0.0,-,24.703582,18.689281,19.910066,20.859239,4143244.00
02/05/2009,20.444465,21.052405,20.003217,20.522909,4121200,0.00,0.0,-,24.725840,18.544748,19.879670,20.730787,4201698.00
02/04/2009,20.924939,21.297548,20.415053,20.689608,3878500,0.00,0.0,-,24.750403,18.363150,19.834074,20.556249,4224568.00
02/03/2009,20.562130,21.022990,20.150299,20.846491,2426100,0.00,0.0,-,24.775750,18.159588,19.836525,20.351314,4297954.00
02/02/2009,20.650384,20.915133,19.875751,20.434664,4017600,0.00,0.0,-,24.797665,17.991718,19.839466,20.111080,4333826.00
01/30/2009,20.768046,21.552485,20.395436,20.964155,3597900,0.00,0.0,-,24.820561,17.865031,19.843388,20.088526,4332564.00
01/29/2009,21.866263,22.013347,20.689605,20.924936,3181400,0.00,0.0,-,24.844193,17.724224,19.765925,19.949288,4332436.00
01/28/2009,22.003541,22.817397,21.856459,22.170235,5211900,0.00,0.0,-,24.857577,17.582633,19.665419,19.648260,4368828.00
01/27/2009,20.140493,21.807426,19.846327,21.415207,5174600,0.00,0.0,-,24.864049,17.426529,19.457052,19.307028,4392544.00
01/26/2009,19.444305,20.434660,19.061891,19.963997,3507000,0.00,0.0,-,24.876306,17.250422,19.278592,19.010902,4410436.00
01/23/2009,18.630448,19.875746,18.149978,19.375666,3628500,0.00,0.0,-,24.899643,17.123735,19.156023,18.960894,4452548.00
01/22/2009,18.189204,19.267810,18.022510,18.777534,4188100,0.00,0.0,-,24.923519,17.031956,19.068264,19.028553,4457068.00
01/21/2009,18.689286,18.944229,17.757764,18.640259,4800900,0.00,0.0,-,24.952935,16.962140,19.010412,19.111899,4476428.00
01/20/2009,20.071856,20.101273,18.297061,18.444143,3974100,0.00,0.0,-,24.983529,16.882716,19.008450,19.321735,4506544.00
01/16/2009,20.248352,20.591545,18.914806,20.209131,4901600,0.00,0.0,-,25.016720,16.830158,19.019236,19.567853,4720334.00
01/15/2009,17.836200,19.846326,17.355731,19.571772,5719600,0.00,0.0,-,25.039224,16.824079,18.956481,19.598250,4725820.00
01/14/2009,18.051928,18.493177,17.336127,17.914652,2950500,0.00,0.0,-,25.062708,16.828394,18.927555,19.582562,4693794.00
01/13/2009,18.473565,18.954034,17.885234,18.757923,4011700,0.00,0.0,-,25.093154,16.857614,18.912356,19.682578,4706950.00
01/12/2009,19.444301,19.522744,18.199002,18.453945,2521300,0.00,0.0,-,25.112961,16.842121,18.863328,19.607076,4712306.00
01/09/2009,20.091468,20.101274,18.885392,19.463917,2775600,0.00,0.0,-,25.131984,16.828197,18.771157,19.546282,4728770.00
01/08/2009,19.434502,20.160109,18.699090,20.052250,4528600,0.00,0.0,-,25.147820,16.787602,18.733896,19.351152,4760616.00
01/07/2009,20.228740,20.415045,19.356051,19.610994,2852900,0.00,0.0,-,25.160616,16.708374,18.673592,19.107976,4722740.00
01/06/2009,21.081819,21.474039,20.503295,20.738626,3908900,0.00,0.0,-,25.179442,16.659739,18.636821,18.908925,4730472.00
01/05/2009,20.464073,21.562288,20.111074,20.905319,4428400,0.00,0.0,-,25.190964,16.599337,18.446105,18.695165,4779774.00
01/02/2009,19.522748,20.797462,18.895197,20.513103,3091000,0.00,0.0,-,25.197828,16.564626,18.210773,18.470619,4762678.00
12/31/2008,19.061894,19.581584,18.973644,19.414890,3484400,0.00,0.0,-,25.201848,16.583648,17.983776,18.314712,4745404.00
12/30/2008,18.218619,19.061892,17.895037,18.914810,4030700,0.00,0.0,-,25.215919,16.633656,17.780802,18.272548,4728860.00
12/29/2008,17.904846,18.169595,17.610680,18.002901,2209300,0.00,0.0,-,25.223273,16.669544,17.527819,18.142134,4719394.00
12/26/2008,17.669511,17.895037,17.443985,17.846010,877700,0.00,0.0,-,25.240089,16.709354,17.424862,18.119581,4770168.00
12/24/2008,17.149815,17.581257,17.140009,17.512619,804500,0.00,0.0,-,25.263721,16.729750,17.324355,17.996031,4822374.00
12/23/2008,17.698929,18.189204,17.375348,17.620485,2078400,0.00,0.0,-,25.284606,16.830354,17.137561,18.116640,4931624.00
12/22/2008,18.355898,18.532397,17.002740,17.620485,2869300,0.00,0.0,-,25.309022,16.931547,16.928213,18.239208,5026626.00
12/19/2008,18.914806,19.208970,17.914645,18.601028,5032900,0.00,0.0,-,25.324466,16.946451,16.619340,18.364718,5139404.00
12/18/2008,19.169743,19.591380,17.993085,18.659859,3180800,0.00,0.0,-,25.338929,16.949785,16.214863,18.197044,5200742.00
12/17/2008,18.571613,19.414885,18.444141,18.954027,3694400,0.00,0.0,-,25.358834,16.943510,15.904519,17.950927,5250754.00
12/16/2008,17.983283,19.042277,17.630284,18.993250,3301900,0.00,0.0,-,25.379818,16.935077,15.661833,17.652840,5365568.00
12/15/2008,17.973480,18.120562,17.090986,17.610676,3829100,0.00,0.0,-,25.398988,16.945275,15.408361,17.289056,5387550.00
12/12/2008,15.982962,17.796980,15.943741,17.777369,5624200,0.00,0.0,-,25.429287,17.004108,15.220096,16.913505,5409686.00
12/11/2008,18.365699,18.718697,16.473237,16.610516,4875700,0.00,0.0,-,25.457477,17.091769,15.049480,16.730142,5415788.00
12/10/2008,19.003059,19.473724,17.983288,18.718700,3971500,0.00,0.0,-,25.497239,17.246304,14.849448,16.652679,5378554.00
12/09/2008,18.277448,19.316832,17.512620,18.846167,7459900,0.00,0.0,-,25.527342,17.401623,14.594995,16.158482,5385204.00
12/08/2008,17.679315,19.356055,17.345928,18.875586,7661000,0.00,0.0,-,25.559700,17.487127,14.392021,15.617218,5350188.00
12/05/2008,15.884909,17.061568,14.953386,16.924292,6091700,0.00,0.0,-,25.589018,17.659900,14.212581,14.873961,5233974.00
12/04/2008,15.639771,16.767404,15.404439,16.198685,6466800,0.00,0.0,-,25.625691,17.884249,14.099817,14.232682,5159258.00
12/03/2008,14.816107,16.375182,14.551359,15.973157,4829900,0.00,0.0,-,25.664521,18.124876,14.080697,13.858112,5061968.00
12/02/2008,14.335638,15.816267,14.110112,15.355410,1546600,0.00,0.0,-,25.698497,18.362169,14.277297,13.670827,5008316.00
12/01/2008,15.276966,15.276966,13.727698,13.855169,4105500,0.00,0.0,-,25.737424,18.636920,14.498901,13.527667,5019066.00
11/28/2008,15.629966,16.326157,15.296580,15.943743,2055900,0.00,0.0,-,25.778117,18.969718,14.774926,13.526686,5032964.00
11/26/2008,13.561008,15.943745,13.482564,15.835884,7637800,0.00,0.0,-,25.802582,19.226818,14.876903,13.368817,5101208.00
11/25/2008,13.972836,14.855330,13.335479,13.776726,10690200,0.00,0.0,-,25.825576,19.446461,14.972997,13.046216,5027002.00
11/24/2008,12.305900,13.668863,11.639126,13.433532,8276900,0.00,0.0,-,25.858620,19.733174,15.155869,13.031508,4887084.00
11/21/2008,11.031187,11.501850,10.393830,11.443018,5264700,0.00,0.0,-,25.897205,20.013612,15.288734,13.166824,4792656.00
11/20/2008,12.188237,12.511819,10.354609,10.511497,7547800,0.00,0.0,-,25.941428,20.353274,15.575545,13.551200,4779490.00
11/19/2008,13.943420,14.384667,12.403956,12.452984,4219700,0.00,0.0,-,25.988102,20.683523,15.935897,13.966953,4733700.00
11/18/2008,13.982641,14.414082,13.384505,14.100307,3954500,0.00,0.0,-,26.026245,20.951017,16.271735,14.303281,4729096.00
11/17/2008,13.688476,14.512138,13.355089,13.923808,3591500,0.00,0.0,-,26.057476,21.168699,16.639931,14.883767,4752518.00
11/14/2008,14.021864,14.953386,13.482561,13.845365,5001000,0.00,0.0,-,26.096306,21.444822,17.039506,15.470136,4737960.00
11/13/2008,12.462788,14.414082,12.031346,14.365054,6397700,0.00,0.0,-,26.138567,21.718592,17.382698,16.023166,4702614.00
11/12/2008,13.433533,13.443339,12.403955,12.609871,6069200,0.00,0.0,-,26.174210,21.977065,17.664116,16.384989,4643976.00
11/11/2008,14.659221,14.708249,13.247230,13.629643,5612600,0.00,0.0,-,26.217207,22.302607,17.976911,16.899777,4583476.00
11/10/2008,15.914328,16.081021,14.639613,14.786695,3854500,0.00,0.0,-,26.251772,22.627169,18.422571,17.280231,4590944.00
11/07/2008,14.943580,15.757436,14.570971,15.286773,5156100,0.00,0.0,-,26.280110,22.957811,18.817242,17.410644,4530590.00
11/06/2008,15.933938,16.669350,14.463113,14.669028,6306700,0.00,0.0,-,26.302957,23.288452,18.971189,17.599890,4500832.00
11/05/2008,18.601031,18.630448,14.953386,15.816269,14663600,0.00,0.0,-,26.330951,23.632625,19.176124,17.904840,4411648.00
11/04/2008,20.562131,20.777854,19.571776,19.905163,5175900,0.00,0.0,-,26.352376,23.944439,19.302615,18.240189,4150100.00
11/03/2008,19.346250,20.101274,18.954031,19.787498,4118300,0.00,0.0,-,26.351053,24.169574,19.233976,18.396096,4078846.00
10/31/2008,17.855812,19.689441,17.855812,19.375666,3608300,0.00,0.0,-,26.347572,24.424320,19.219758,18.608875,4024506.00
10/30/2008,18.238227,18.806946,17.169428,17.983284,4279500,0.00,0.0,-,26.346542,24.691030,19.278592,18.742230,3977154.00
10/29/2008,17.345922,18.689274,16.875257,17.757753,3344500,0.00,0.0,-,26.358603,24.975389,19.487449,18.943243,3911808.00
10/28/2008,16.522268,17.434179,15.463274,17.434179,4367900,0.00,0.0,-,26.380567,25.255435,19.816424,19.054045,3878346.00
10/27/2008,16.669349,17.640093,16.090824,16.090824,2634800,0.00,0.0,-,26.407483,25.555679,20.268947,19.564911,3820574.00
10/24/2008,15.678992,17.983284,14.551360,17.179234,3239500,0.00,0.0,-,26.441753,25.887497,20.620474,20.223841,3791808.00
10/23/2008,19.375664,19.375664,16.277127,17.718534,6374000,0.00,0.0,-,26.470974,26.209510,21.137224,20.342488,3765048.00
10/22/2008,21.209296,21.209296,18.453951,19.169752,3573600,0.00,0.0,-,26.495488,26.506224,21.658386,20.447407,3695306.00
10/21/2008,21.866261,22.552646,21.022989,21.464235,2227300,0.00,0.0,-,26.511078,26.774699,22.111400,20.365040,3686218.00
10/20/2008,21.670155,22.052569,20.826882,21.915293,2657200,0.00,0.0,-,26.511422,26.985124,22.430079,20.071856,3734762.00
10/17/2008,19.875746,22.307509,19.052084,20.709213,3557400,0.00,0.0,-,26.518825,27.237518,22.788960,19.830641,3789118.00
10/16/2008,19.679634,20.101271,17.522426,19.993410,4748000,0.00,0.0,-,26.540152,27.480302,23.278254,19.814953,3809638.00
10/15/2008,21.797622,21.836845,18.777528,18.865778,3488000,0.00,0.0,-,26.567558,27.719556,23.718521,20.031655,3826166.00
10/14/2008,24.503941,24.503941,21.934901,22.542841,6267000,0.00,0.0,-,26.601877,27.943513,24.116134,20.578802,3817420.00
10/13/2008,20.826882,22.680120,19.326639,22.680120,6828500,0.00,0.0,-,26.618547,28.072946,24.394611,20.972983,3749554.00
10/10/2008,18.130368,19.287417,16.110436,18.365700,8508200,0.00,0.0,-,26.633549,28.232187,24.633375,21.017107,3659004.00
10/09/2008,20.287578,20.395438,18.385311,18.767725,8099800,0.00,0.0,-,26.674193,28.470461,25.136396,21.931960,3535854.00
10/08/2008,18.218618,19.414888,17.159624,18.346088,5681400,0.00,0.0,-,26.712974,28.723639,25.549208,22.869365,3416688.00
10/07/2008,19.973802,20.218940,17.895035,18.532393,9435100,0.00,0.0,-,26.751901,28.980935,25.923288,23.857759,3358910.00
10/06/2008,19.483536,20.317002,17.846017,19.503145,4401000,0.00,0.0,-,26.785093,29.194499,26.245889,24.788301,3239082.00
10/03/2008,22.513432,24.386285,20.120891,20.552332,4935900,0.00,0.0,-,26.812107,29.415514,26.657229,25.747278,3189448.00
10/02/2008,24.503939,24.523550,20.983765,22.160425,5929300,0.00,0.0,-,26.833238,29.599073,27.006304,26.741555,3146784.00
10/01/2008,26.200292,26.337571,24.121528,24.337248,3014000,0.00,0.0,-,26.841082,29.794007,27.262718,27.405388,3067268.00
09/30/2008,23.876389,26.484652,23.660667,26.484652,4304000,0.00,0.0,-,26.841769,29.961289,27.490206,27.653467,3064564.00
09/29/2008,26.857259,27.004343,22.356535,23.121365,5709100,0.00,0.0,-,26.835003,30.064050,27.658860,27.816239,3037284.00
09/26/2008,27.563257,27.788783,26.582708,27.514229,1850300,0.00,0.0,-,26.849123,30.248590,28.068731,28.249642,3000426.00
09/25/2008,28.416330,28.936022,27.710335,28.141777,2355900,0.00,0.0,-,26.839023,30.353705,28.283961,28.340833,3108058.00
09/24/2008,27.965279,28.818357,27.092589,28.230028,1602300,0.00,0.0,-,26.828580,30.402929,28.470755,28.229051,3189458.00
09/23/2008,29.014473,29.387081,27.318122,27.837812,2147300,0.00,0.0,-,26.817353,30.407243,28.629604,27.988816,3194640.00
09/22/2008,29.896967,30.750046,28.945834,29.092916,2084100,0.00,0.0,-,26.806665,30.426658,28.795808,27.703476,3215800.00
09/19/2008,29.808716,30.877516,28.837972,30.495102,4800400,0.00,0.0,-,26.791467,30.430973,28.967403,27.567179,3206534.00
09/18/2008,27.288702,28.818359,26.386596,28.798750,5468100,0.00,0.0,-,26.768424,30.422344,29.078205,27.271053,3176190.00
09/17/2008,27.582867,28.730110,26.229709,26.818039,3927500,0.00,0.0,-,26.758667,30.422932,29.248331,27.120048,3111722.00
09/16/2008,26.641543,28.406532,26.043407,28.112368,3694300,0.00,0.0,-,26.758814,30.461173,29.495430,27.326944,3123108.00
09/15/2008,26.082627,28.141782,26.072821,27.455397,3555500,0.00,0.0,-,26.752539,30.486472,29.712131,27.501482,3090958.00
09/12/2008,26.631732,28.779136,26.288539,28.426138,4606400,0.00,0.0,-,26.749401,30.535891,29.973448,27.887819,3091198.00
09/11/2008,25.562939,27.033764,23.866588,27.023958,5258300,0.00,0.0,-,26.736948,30.581977,30.216134,28.227088,3044716.00
09/10/2008,25.082464,26.376790,24.582384,25.827682,3989500,0.00,0.0,-,26.727339,30.690622,30.492649,28.712460,2987368.00
09/09/2008,27.818198,27.818198,24.366662,24.984407,5125600,0.00,0.0,-,26.724691,30.826526,30.830938,29.270393,2935686.00
09/08/2008,28.632060,29.132139,27.004347,27.729954,2863600,0.00,0.0,-,26.723564,30.970667,31.180994,29.888139,2891546.00
09/05/2008,27.337728,27.739755,26.317957,27.533838,3233700,0.00,0.0,-,26.714690,31.052641,31.521244,30.367627,2881110.00
09/04/2008,28.573222,28.847776,26.572901,27.288702,3465800,0.00,0.0,-,26.706061,31.160502,31.786973,30.885357,2843188.00
09/03/2008,30.093077,30.093077,28.504585,28.886999,3044200,0.00,0.0,-,26.703413,31.273853,32.020343,31.376614,2812816.00
09/02/2008,31.377598,31.377598,28.279060,29.857746,5986000,0.00,0.0,-,26.692725,31.360730,32.079176,31.663915,2789810.00
08/29/2008,31.622738,31.965929,31.093240,31.318768,836800,0.00,0.0,-,26.681596,31.427604,32.037013,31.922780,2720722.00
08/28/2008,32.024743,32.191438,31.446219,31.818829,3668200,0.00,0.0,-,26.660857,31.455844,32.003184,32.059076,2750942.00
08/27/2008,31.456039,32.152229,31.456039,31.877672,1847500,0.00,0.0,-,26.637765,31.475847,31.926211,32.205180,2714604.00
08/26/2008,31.269735,32.034562,31.044209,31.407011,1586200,0.00,0.0,-,26.621881,31.499381,31.903658,32.272838,2714412.00
08/25/2008,32.318922,32.318922,30.691209,31.161875,1613200,0.00,0.0,-,26.614183,31.532719,31.893853,32.391484,2728510.00
08/22/2008,32.456195,32.926863,31.975728,32.524834,1401300,0.00,0.0,-,26.602024,31.563313,31.796288,32.473848,2733314.00
08/21/2008,31.975727,32.936666,31.916893,32.711140,1240700,0.00,0.0,-,26.589375,31.550762,31.697744,32.674861,2752242.00
08/20/2008,31.877680,32.201263,31.534489,32.201263,1012200,0.00,0.0,-,26.580109,31.524091,31.548700,32.688589,2782108.00
08/19/2008,32.554262,32.720954,31.269740,31.760015,1671400,0.00,0.0,-,26.569666,31.505068,31.533992,32.664073,2827542.00
08/18/2008,32.848417,32.946471,32.054171,32.446392,1479300,0.00,0.0,-,26.568686,31.485653,31.581059,32.494437,2851750.00
08/15/2008,33.407337,33.583836,32.446399,32.681732,1196500,0.00,0.0,-,26.568244,31.449961,31.539876,32.151245,2872794.00
08/14/2008,32.358146,33.397530,32.024759,33.279861,1901500,0.00,0.0,-,26.560008,31.417211,31.523207,31.947291,2883790.00
08/13/2008,32.426788,32.681733,31.583514,32.554260,2886900,0.00,0.0,-,26.553487,31.351318,31.497713,31.647242,2884768.00
08/12/2008,32.103193,32.760159,31.475638,32.593468,3119200,0.00,0.0,-,26.549124,31.314645,31.400148,31.534479,2864060.00
08/11/2008,34.319226,34.319226,31.632519,31.985518,4654500,0.00,0.0,-,26.539171,31.266991,31.192762,31.396222,2854884.00
08/08/2008,32.720943,34.701653,32.328725,34.534962,5375000,0.00,0.0,-,26.530788,31.255617,31.033914,31.118728,2807822.00
08/07/2008,31.603117,33.770131,31.475644,32.848415,4583400,0.00,0.0,-,26.507647,31.177369,30.772598,30.720626,2764380.00
08/06/2008,30.142093,33.093547,30.142093,31.956110,5574400,0.00,0.0,-,26.491958,31.115987,30.633360,30.408812,2704672.00
08/05/2008,29.112523,30.632375,29.112523,30.063656,3050700,0.00,0.0,-,26.482005,31.054997,30.476963,30.403911,2630270.00
08/04/2008,30.710822,30.936348,28.524196,29.014471,2873700,0.00,0.0,-,26.488575,31.026169,30.410285,30.667680,2597028.00
08/01/2008,30.887325,31.063824,29.759693,30.642187,2301000,0.00,0.0,-,26.497253,31.028522,30.428425,30.928506,2561574.00
07/31/2008,31.093231,31.514868,30.279375,30.279375,2350700,0.00,0.0,-,26.493576,30.998125,30.392635,31.099123,2559480.00
07/30/2008,31.446236,31.642346,30.328409,31.426624,2141500,0.00,0.0,-,26.493674,30.996164,30.415188,31.348183,2546580.00
07/29/2008,29.416499,31.279543,29.024279,31.210905,2792500,0.00,0.0,-,26.490340,30.965178,30.466667,31.265817,2540264.00
07/28/2008,30.691205,30.691205,29.092910,29.210577,3443700,0.00,0.0,-,26.489065,30.936939,30.537266,30.989302,2539952.00
07/25/2008,29.906777,30.769660,29.906777,30.553940,1919300,0.00,0.0,-,26.496517,30.940273,30.686310,30.949100,2515008.00
07/24/2008,31.985534,31.985534,29.661632,29.730270,2802700,0.00,0.0,-,26.491958,30.891245,30.750046,30.824570,2507762.00
07/23/2008,32.260099,32.868039,31.681575,31.907101,1953500,0.00,0.0,-,26.488183,30.878302,30.909876,30.857908,2488998.00
07/22/2008,31.377606,32.750378,30.985386,32.701347,2878800,0.00,0.0,-,26.472445,30.802799,30.962335,30.550014,2489030.00
07/21/2008,32.848423,32.887646,31.426625,31.622736,2940000,0.00,0.0,-,26.450824,30.695135,30.988809,30.152891,2481998.00
07/18/2008,33.348508,33.407343,31.799241,32.348351,3866200,0.00,0.0,-,26.430575,30.624535,31.067744,29.928344,2476682.00
07/17/2008,31.122659,33.554424,30.730439,32.769981,7231900,0.00,0.0,-,26.398756,30.532559,31.086864,29.686147,2556574.00
07/16/2008,30.397046,31.720787,30.063659,30.602961,6425900,0.00,0.0,-,26.366643,30.393713,31.089316,29.482193,2453122.00
07/15/2008,28.592837,29.043891,27.592676,28.445755,1861400,0.00,0.0,-,26.343306,30.301738,31.211885,29.667517,2364970.00
07/14/2008,29.592995,30.083270,28.573222,28.808554,3205300,0.00,0.0,-,26.332618,30.256240,31.443294,30.085231,2356238.00
07/11/2008,29.877358,30.053858,28.661477,29.308640,1620800,0.00,0.0,-,26.320312,30.203291,31.637444,30.423521,2333506.00
07/10/2008,28.818357,30.544125,28.681081,30.063656,3283200,0.00,0.0,-,26.302957,30.137594,31.766876,30.675522,2339592.00
07/09/2008,28.847777,29.847938,28.592833,28.828165,2244700,0.00,0.0,-,26.283297,30.065818,31.832573,30.961843,2293664.00
07/08/2008,29.318439,29.318439,27.122007,28.730108,4496800,0.00,0.0,-,26.274227,30.028557,31.953671,31.374655,2295214.00
07/07/2008,30.249964,30.397046,28.837972,29.377274,2086800,0.00,0.0,-,26.263539,29.986001,32.056629,31.824728,2255260.00
07/03/2008,30.799071,30.887320,27.877033,29.926382,3567500,0.00,0.0,-,26.252998,29.905400,32.120855,32.207143,2246070.00
07/02/2008,32.407174,32.544450,30.612768,30.730434,2282300,0.00,0.0,-,26.237652,29.809110,32.176747,32.487581,2193590.00
07/01/2008,31.779625,32.593484,31.534488,32.456203,2390900,0.00,0.0,-,26.210295,29.703210,32.139486,32.696439,2173388.00
06/30/2008,32.230673,32.701336,31.563899,32.622894,1405400,0.00,0.0,-,26.175387,29.569267,32.052707,32.756253,2146916.00
06/27/2008,31.828650,32.769977,31.083433,32.191456,2918600,0.00,0.0,-,26.141460,29.421400,31.932100,32.801357,2152408.00
06/26/2008,32.662119,32.662119,31.132460,31.828650,2341800,0.00,0.0,-,26.108268,29.277848,31.893368,32.851366,2128930.00
06/25/2008,33.142587,33.368113,32.348344,32.926868,1337600,0.00,0.0,-,26.078019,29.155083,31.833064,32.858230,2139490.00
06/24/2008,33.338697,33.858388,32.848422,32.956284,1947200,0.00,0.0,-,26.041052,28.968582,31.675686,32.703303,2134250.00
06/23/2008,33.338700,33.515199,32.671926,33.230839,1893900,0.00,0.0,-,26.004771,28.778748,31.473202,32.532687,2117900.00
06/20/2008,32.554261,33.338700,32.113013,33.201424,2531600,0.00,0.0,-,25.972560,28.591462,31.242773,32.288530,2099122.00
06/19/2008,33.044538,33.299480,32.554263,32.730762,2347800,0.00,0.0,-,25.941281,28.420062,31.039308,32.034567,2062424.00
06/18/2008,32.946481,33.221037,32.132626,32.819012,1851300,0.00,0.0,-,25.914267,28.248466,30.858887,31.865912,2038274.00
06/17/2008,33.466173,33.564227,32.632704,33.054340,1837900,0.00,0.0,-,25.888772,28.085302,30.727002,31.582533,2021602.00
06/16/2008,32.632692,33.583827,31.975726,33.073940,2291100,0.00,0.0,-,25.857787,27.919393,30.568153,31.349161,2015236.00
06/13/2008,32.073796,32.740570,31.975742,32.691544,1853400,0.00,0.0,-,25.823173,27.759564,30.404401,31.062842,2013862.00
06/12/2008,31.603123,32.436593,31.603123,31.897287,2347700,0.00,0.0,-,25.783510,27.599930,30.238688,30.935369,2005076.00
06/11/2008,31.171683,31.867873,30.946155,31.377598,2734000,0.00,0.0,-,25.752966,27.447356,30.048952,30.807898,1988538.00
06/10/2008,30.740239,31.799233,30.436270,31.250126,3283900,0.00,0.0,-,25.728599,27.299882,29.934227,30.648068,1970446.00
06/09/2008,30.701021,31.338378,30.102887,30.789270,2881800,0.00,0.0,-,25.699330,27.129266,29.778320,30.413717,1933436.00
06/06/2008,30.857902,31.289344,30.200933,30.661793,2531500,0.00,0.0,-,25.675012,26.958650,29.604762,30.197015,1893132.00
06/05/2008,30.063659,31.083431,30.053853,31.044209,1746300,0.00,0.0,-,25.644468,26.798036,29.476310,30.044049,1866464.00
06/04/2008,30.671608,30.671608,29.612614,29.985222,1950400,0.00,0.0,-,25.612208,26.629382,29.311578,29.851861,1860788.00
06/03/2008,30.632375,31.299149,30.053851,30.720625,1851500,0.00,0.0,-,25.584753,26.497203,29.103701,29.871472,1857706.00
06/02/2008,31.387404,31.456046,29.769498,30.210745,2660400,0.00,0.0,-,25.549600,26.343649,28.867879,29.787144,1848036.00
05/30/2008,30.642180,31.446230,30.642180,31.416815,2301400,0.00,0.0,-,25.518664,26.184996,28.665885,29.745961,1832854.00
05/29/2008,29.740081,31.004992,29.661637,30.622576,3202900,0.00,0.0,-,25.484197,25.983003,28.403098,29.542007,1838664.00
05/28/2008,29.043890,29.847941,28.759530,29.779303,1598000,0.00,0.0,-,25.458703,25.815133,28.173160,29.290005,1811170.00
05/27/2008,28.739925,29.259617,28.435954,28.906618,1854300,0.00,0.0,-,25.435807,25.627259,28.007937,29.220386,1829592.00
05/23/2008,29.259605,29.259605,28.102556,28.622248,1388600,0.00,0.0,-,25.414382,25.476451,27.910862,29.142922,1844882.00
05/22/2008,29.230189,29.818519,28.926219,29.132133,1101000,0.00,0.0,-,25.403400,25.355451,27.809866,29.012510,1853922.00
05/21/2008,30.289183,30.397044,28.945830,29.122330,2196300,0.00,0.0,-,25.386387,25.206604,27.620620,28.908571,1879870.00
05/20/2008,29.828325,30.308795,29.642020,30.181324,1705700,0.00,0.0,-,25.367806,25.074229,27.420097,28.771294,1886710.00
05/19/2008,30.014630,30.740237,29.769493,29.877352,1825700,0.00,0.0,-,25.346087,24.884787,27.182804,28.335930,1923276.00
05/16/2008,29.995021,30.220547,29.612607,29.798910,2776900,0.00,0.0,-,25.329859,24.717113,26.976889,27.948613,1950160.00
05/15/2008,28.181003,29.494940,27.994698,29.377274,2196500,0.00,0.0,-,25.314219,24.573953,26.748421,27.585810,1932002.00
05/14/2008,29.102723,29.102723,27.984897,28.102562,1557000,0.00,0.0,-,25.306718,24.449423,26.530248,27.264190,1942680.00
05/13/2008,28.112367,29.141943,28.024117,29.083111,1864500,0.00,0.0,-,25.308091,24.343916,26.409640,27.056314,1984544.00
05/12/2008,27.445595,28.386924,27.367151,28.131981,1955100,0.00,0.0,-,25.299609,24.235663,26.135577,26.795488,1980196.00
05/09/2008,27.847617,28.014310,26.925899,27.318121,2527200,0.00,0.0,-,25.299854,24.141334,25.902205,26.678802,1988108.00
05/08/2008,27.916251,28.847774,27.504420,28.092751,2674200,0.00,0.0,-,25.311719,24.086227,25.729629,26.607222,1974602.00
05/07/2008,26.376788,29.416493,26.376788,27.749557,7860800,0.00,0.0,-,25.322603,24.019158,25.556562,26.332668,1969786.00
05/06/2008,25.876709,26.013987,25.317796,25.827682,2059300,0.00,0.0,-,25.337752,23.970523,25.376631,26.068901,1882984.00
05/05/2008,25.945350,27.014150,25.925741,26.004185,2018300,0.00,0.0,-,25.362658,23.948755,25.318288,26.029679,1894194.00
05/02/2008,26.416015,26.798429,25.621768,26.170877,1424800,0.00,0.0,-,25.390751,23.913847,25.256023,26.005164,1916844.00
05/01/2008,26.033601,26.249323,25.641382,26.161074,2068700,0.00,0.0,-,25.417618,23.869722,25.201603,25.911031,1990574.00
04/30/2008,26.582713,26.769016,25.925745,26.023800,1925100,0.00,0.0,-,25.443750,23.801868,25.129042,25.796306,2010210.00
04/29/2008,26.925902,26.925902,26.317962,26.474850,986800,0.00,0.0,-,25.471940,23.744211,25.041282,25.762967,2040974.00
04/28/2008,26.945513,27.376955,26.465043,26.965124,2322200,0.00,0.0,-,25.497386,23.654589,24.917733,25.475665,2101646.00
04/25/2008,25.474684,26.798427,25.435463,26.602316,2499100,0.00,0.0,-,25.520134,23.532020,24.705444,25.125608,2094284.00
04/24/2008,25.092274,25.837493,24.484333,25.347218,1627300,0.00,0.0,-,25.539843,23.408667,24.488252,24.852036,2104486.00
04/23/2008,25.494295,25.739433,24.945188,25.111881,943500,0.00,0.0,-,25.564700,23.309436,24.352446,24.780455,2153744.00
04/22/2008,25.729625,25.935542,24.925575,25.435461,1272200,0.00,0.0,-,25.593921,23.230207,24.227426,24.684361,2163960.00
04/21/2008,24.984406,25.935540,24.739268,25.759041,1067300,0.00,0.0,-,25.619170,23.127250,24.124469,24.606898,2168802.00
04/18/2008,25.249157,25.935543,25.141296,25.229546,1680000,0.00,0.0,-,25.640889,23.008995,23.988663,24.506882,2198554.00
04/17/2008,25.533515,25.719818,24.435298,25.013823,1744700,0.00,0.0,-,25.667119,22.906038,23.841090,24.492174,2200012.00
04/16/2008,23.739114,25.739437,23.739114,25.690411,2869800,0.00,0.0,-,25.693888,22.812689,23.656256,24.461777,2203222.00
04/15/2008,23.650862,23.690083,23.052726,23.601833,1075600,0.00,0.0,-,25.715803,22.732676,23.483189,24.319597,2176056.00
04/14/2008,23.866581,24.023469,23.415527,23.464556,1129700,0.00,0.0,-,25.749828,22.706594,23.322379,24.359800,2208478.00
04/11/2008,24.356862,24.739276,23.768531,23.866587,955000,0.00,0.0,-,25.780912,22.667176,23.217461,24.285279,2254780.00
04/10/2008,24.141139,24.729468,23.876391,24.631414,696700,0.00,0.0,-,25.807779,22.614030,23.152744,24.124469,2327636.00
04/09/2008,24.503942,24.994217,23.974446,24.150944,1140300,0.00,0.0,-,25.831704,22.532252,23.005661,23.924437,2361916.00
04/08/2008,24.670628,24.778489,24.052882,24.660822,1017700,0.00,0.0,-,25.856806,22.458319,22.923295,23.770490,2388258.00
04/07/2008,25.180525,25.278580,24.651027,24.758888,1519600,0.00,0.0,-,25.882154,22.362225,22.725715,23.642039,2410756.00
04/04/2008,24.905967,25.562935,24.749079,25.082466,2222400,0.00,0.0,-,25.907942,22.272406,22.562453,23.470443,2432532.00
04/03/2008,24.150937,24.807906,23.886190,24.709852,1414100,0.00,0.0,-,25.934515,22.172783,22.440375,23.190006,2475072.00
04/02/2008,23.896002,24.709858,23.690085,24.268610,1520800,0.00,0.0,-,25.964373,22.071394,22.362421,22.850735,2529112.00
04/01/2008,23.033118,24.268611,22.944869,24.003862,1829400,0.00,0.0,-,25.998055,21.967848,22.290351,22.646781,2568614.00
03/31/2008,22.307512,22.797787,22.121207,22.719343,1433400,0.00,0.0,-,26.027079,21.871166,22.273682,22.284958,2628014.00
03/28/2008,22.709540,23.042927,22.150627,22.258488,866600,0.00,0.0,-,26.057868,21.824688,22.308491,22.149642,2698280.00
03/27/2008,22.699732,23.425339,22.474206,22.631094,1198100,0.00,0.0,-,26.089344,21.822530,22.423706,22.181019,2726276.00
03/26/2008,23.327282,23.425335,22.523229,22.611479,1462500,0.00,0.0,-,26.120280,21.826256,22.529115,22.086886,2746794.00
03/25/2008,23.258645,23.641061,22.699732,23.376312,1796300,0.00,0.0,-,26.150726,21.832924,22.664431,22.076100,2770980.00
03/24/2008,22.376147,23.533196,22.150621,23.042921,1368000,0.00,0.0,-,26.174946,21.825864,22.732578,21.809390,2819448.00
03/20/2008,21.238713,22.278095,21.022992,22.278095,1901300,0.00,0.0,-,26.207010,21.817431,22.793372,21.654464,2883854.00
03/19/2008,22.297698,22.895834,21.297537,21.317148,2591900,0.00,0.0,-,26.245398,21.817628,22.877700,21.690744,2994004.00
03/18/2008,20.973966,22.268292,20.973966,22.229071,1828200,0.00,0.0,-,26.290062,21.821942,22.950261,21.874107,3127370.00
03/17/2008,20.856293,21.277930,19.905159,20.385630,2519100,0.00,0.0,-,26.329382,21.845279,22.995856,21.933921,3155910.00
03/14/2008,22.513426,22.670316,21.268129,21.366184,2618800,0.00,0.0,-,26.374586,21.937059,23.076261,22.262406,3156222.00
03/13/2008,21.503459,22.591869,21.042599,22.572258,1840600,0.00,0.0,-,26.418710,22.019229,23.049786,22.467340,3139458.00
03/12/2008,22.582062,22.817394,21.562290,21.689762,2398400,0.00,0.0,-,26.451265,22.082376,22.942906,22.666392,3120858.00
03/11/2008,21.238710,22.552647,21.238710,22.503620,2538300,0.00,0.0,-,26.484996,22.166115,22.877700,22.971343,3092700.00
03/10/2008,21.483847,21.670152,20.591546,20.709213,3534000,0.00,0.0,-,26.513775,22.229655,22.810042,23.252761,3073946.00
03/07/2008,22.395764,22.837013,21.170077,21.493658,3169900,0.00,0.0,-,26.555595,22.345359,22.788960,23.655767,3029960.00
03/06/2008,23.072340,23.297866,22.582065,22.640898,1869000,0.00,0.0,-,26.593248,22.445964,22.706594,23.932281,2977140.00
03/05/2008,22.964475,23.680276,22.415367,23.150780,2730400,0.00,0.0,-,26.625018,22.515779,22.578632,24.064655,2989678.00
03/04/2008,23.474369,23.925421,22.434984,22.827206,3650200,0.00,0.0,-,26.652179,22.556178,22.438413,24.026414,2966880.00
03/03/2008,23.366507,23.994058,23.229231,23.670477,1647100,0.00,0.0,-,26.680076,22.597753,22.381541,24.057791,2953102.00
02/29/2008,24.337251,24.474527,23.209618,23.415533,2350700,0.00,0.0,-,26.705766,22.619913,22.312902,23.890117,3053628.00
02/28/2008,24.562775,24.935385,24.160749,24.562775,1851900,0.00,0.0,-,26.733075,22.626189,22.216809,23.632232,3055736.00
02/27/2008,25.013826,25.111881,24.386275,24.739271,2433400,0.00,0.0,-,26.755725,22.624424,22.049135,23.219421,3089394.00
02/26/2008,24.601998,25.788462,24.396081,25.317799,3520700,0.00,0.0,-,26.774601,22.632268,21.839297,22.784057,3081118.00
02/25/2008,24.278413,25.229546,24.121526,24.739271,2619800,0.00,0.0,-,26.789652,22.644819,21.596121,22.367323,3106798.00
02/22/2008,23.984242,24.258797,23.386108,24.258797,3150800,0.00,0.0,-,26.809950,22.659920,21.351964,21.922154,3150406.00
02/21/2008,25.415857,25.415857,23.003703,23.964643,5111300,0.00,0.0,-,26.830786,22.695808,21.152422,21.480907,3136510.00
02/20/2008,23.033119,23.454755,22.464400,22.768370,3050500,0.00,0.0,-,26.856869,22.736207,20.959254,21.092609,3109436.00
02/19/2008,22.268282,23.641053,22.111394,23.140972,3463300,0.00,0.0,-,26.887070,22.794843,20.802856,20.850413,3110236.00
02/15/2008,20.797464,22.287901,20.758243,21.993736,4020400,0.00,0.0,-,26.911241,22.853088,20.600373,20.705292,3083598.00
02/14/2008,20.503298,21.150461,20.464077,20.836685,1954100,0.00,0.0,-,26.934578,22.930944,20.459174,20.735688,3034348.00
02/13/2008,20.473885,20.679801,20.120888,20.434664,3009200,0.00,0.0,-,26.963896,23.051159,20.437112,20.801385,3020036.00
02/12/2008,20.797459,21.248513,20.111075,20.385630,4090200,0.00,0.0,-,26.996499,23.179415,20.522910,20.878848,3037298.00
02/11/2008,20.267972,21.238717,20.189528,21.150467,1454300,0.00,0.0,-,27.031799,23.308848,20.644498,20.894537,2979022.00
02/08/2008,19.581581,20.444466,19.228585,20.287579,1514300,0.00,0.0,-,27.064255,23.422396,20.734218,20.824918,2984074.00
02/07/2008,19.924771,20.209131,19.463913,19.846327,2554900,0.00,0.0,-,27.100830,23.535355,20.871005,20.781774,3002016.00
02/06/2008,20.287574,20.768043,19.954187,20.081657,1752900,0.00,0.0,-,27.136228,23.640470,21.009753,20.823937,2977610.00
02/05/2008,21.346572,21.532875,20.287578,20.346411,1905200,0.00,0.0,-,27.171184,23.744800,21.120065,20.825900,2954640.00
02/04/2008,22.209452,22.415369,21.483846,21.689762,1511500,0.00,0.0,-,27.201336,23.833050,21.179388,20.755300,2960260.00
02/01/2008,21.640731,22.582059,21.277928,22.297699,2696700,0.00,0.0,-,27.223693,23.918358,21.264696,20.495455,2971412.00
01/31/2008,20.924939,21.758407,20.542525,21.493658,3444800,0.00,0.0,-,27.242519,23.988565,21.398541,20.182660,2982264.00
01/30/2008,21.179880,21.993736,20.601355,21.209295,4597800,0.00,0.0,-,27.264484,24.093876,21.597593,20.072838,2973554.00
01/29/2008,20.650376,20.748431,19.816908,20.542517,2410700,0.00,0.0,-,27.288360,24.204678,21.823610,20.166971,2926412.00
01/28/2008,19.699251,20.483690,19.601196,20.454275,2457400,0.00,0.0,-,27.313119,24.346466,22.090319,20.394459,2935322.00
01/25/2008,20.552326,20.885713,19.660026,19.856136,2142600,0.00,0.0,-,27.339054,24.480801,22.351635,20.643518,2960768.00
01/24/2008,20.316990,20.532712,19.885550,20.267963,2608400,0.00,0.0,-,27.365823,24.627688,22.683551,20.960235,2963240.00
01/23/2008,19.199174,20.307195,18.336291,20.101280,4349400,0.00,0.0,-,27.390778,24.796342,22.996347,21.195568,2959192.00
01/22/2008,18.777528,19.944383,18.022505,19.640413,4116100,0.00,0.0,-,27.416224,24.991668,23.297865,21.414230,2976882.00
01/18/2008,19.208975,19.640418,18.640256,19.091309,3495900,0.00,0.0,-,27.444120,25.173461,23.574380,21.603476,2949306.00
01/17/2008,20.493495,20.601356,19.032476,19.169752,4799400,0.00,0.0,-,27.473733,25.391536,23.865113,22.033937,2923718.00
01/16/2008,22.013348,22.660511,20.346412,20.395439,4946700,0.00,0.0,-,27.503002,25.625299,24.145551,22.614423,2874452.00
01/15/2008,22.513424,22.631091,21.846651,22.150621,2266400,0.00,0.0,-,27.525555,25.819644,24.312244,23.122347,2825326.00
01/14/2008,23.042926,23.160593,22.297708,22.817400,2224000,0.00,0.0,-,27.538449,26.007909,24.428439,23.480248,2838116.00
01/11/2008,22.582062,23.327280,22.513422,22.944864,2671800,0.00,0.0,-,27.548353,26.198724,24.544144,23.786179,2838534.00
01/10/2008,22.552648,23.258643,22.297705,23.023312,4219700,0.00,0.0,-,27.558894,26.360515,24.694168,24.059753,2805252.00
01/09/2008,22.170236,22.768370,21.885876,22.621288,4588300,0.00,0.0,-,27.568454,26.539563,24.817717,24.406867,2744310.00
01/08/2008,21.591711,22.925258,21.415212,22.287901,7408800,0.00,0.0,-,27.580220,26.720769,24.989314,24.797126,2681924.00
01/07/2008,23.454752,23.454752,21.326959,21.532873,9260200,0.00,0.0,-,27.594831,26.887070,25.174147,25.181500,2558024.00
01/04/2008,24.690247,24.690247,23.317478,23.395922,3255200,0.00,0.0,-,27.611843,27.062588,25.382514,25.545285,2400836.00
01/03/2008,25.386439,25.484494,24.837331,24.974607,2534700,0.00,0.0,-,27.616746,27.192805,25.515379,25.696290,2360186.00
01/02/2008,25.582547,26.249321,25.239354,25.474686,1780600,0.00,0.0,-,27.610912,27.287526,25.560974,25.676678,2343222.00
12/31/2007,25.945352,26.210101,25.572744,25.729631,910600,0.00,0.0,-,27.604489,27.377344,25.629613,25.502140,2348150.00
12/28/2007,25.739433,26.102237,25.474684,25.876709,990500,0.00,0.0,-,27.596645,27.490304,25.685505,25.376630,2359082.00
12/27/2007,26.063015,26.298347,25.572740,25.680601,1600600,0.00,0.0,-,27.589340,27.587771,25.734532,25.302108,2379488.00
12/26/2007,26.327762,26.621926,26.308150,26.494455,1334700,0.00,0.0,-,27.580171,27.672294,25.791895,25.328583,2383184.00
12/24/2007,25.827681,26.670954,25.827681,26.523870,528900,0.00,0.0,-,27.565120,27.748384,25.763949,25.228568,2380334.00
12/21/2007,25.239349,26.327760,25.200128,26.131649,2495900,0.00,0.0,-,27.552422,27.833104,25.692859,25.181502,2400938.00
12/20/2007,25.131496,25.200136,24.562777,25.170719,1590500,0.00,0.0,-,27.540263,27.929590,25.651186,25.166794,2425294.00
12/19/2007,24.729468,25.004023,24.494137,24.905968,2961300,0.00,0.0,-,27.532419,28.040196,25.630594,25.219743,2450116.00
12/18/2007,23.905805,24.807911,23.121366,24.778496,6673400,0.00,0.0,-,27.525653,28.134917,25.683054,25.334468,2426776.00
12/17/2007,24.307828,24.454910,23.641054,23.729303,2456100,0.00,0.0,-,27.513886,28.218852,25.734533,25.445269,2323482.00
12/14/2007,25.307993,25.307993,24.425499,24.474525,3534800,0.00,0.0,-,27.501482,28.319457,25.886028,25.757086,2310852.00
12/13/2007,25.798271,25.798271,25.004026,25.131496,2019600,0.00,0.0,-,27.488833,28.397509,25.999771,25.994380,2290312.00
12/12/2007,26.229707,26.435622,25.621765,25.945347,4804700,0.00,0.0,-,27.477998,28.446340,26.124792,26.166956,2318360.00
12/11/2007,26.327769,26.445434,25.396245,25.494301,4800200,0.00,0.0,-,27.461917,28.447125,26.186076,26.255206,2269926.00
12/10/2007,26.004184,26.572903,25.866906,26.053211,2456000,0.00,0.0,-,27.445640,28.464186,26.271384,26.299330,2210966.00
12/07/2007,25.808074,26.229711,25.504104,25.984573,3757600,0.00,0.0,-,27.431471,28.461833,26.403758,26.204217,2191346.00
12/06/2007,25.964959,26.210097,25.660990,25.700211,3090500,0.00,0.0,-,27.417351,28.468304,26.597907,26.135578,2148282.00
12/05/2007,26.161072,26.563098,25.729630,26.053211,2131400,0.00,0.0,-,27.401662,28.481248,26.749402,26.041446,2117426.00
12/04/2007,26.670956,26.670956,25.778655,25.886515,1557900,0.00,0.0,-,27.380482,28.476933,26.946492,26.031641,2104072.00
12/03/2007,27.102409,27.445602,26.474857,26.847466,1238500,0.00,0.0,-,27.360136,28.481836,27.195062,26.023796,2113474.00
11/30/2007,27.072993,27.435796,26.621939,26.847466,3872300,0.00,0.0,-,27.332582,28.485169,27.358323,26.014970,2115424.00
11/29/2007,26.974930,27.014151,26.455238,26.857264,1176400,0.00,0.0,-,27.305078,28.480070,27.594144,26.005163,2059700.00
11/28/2007,25.935544,27.014148,25.935544,26.827845,1706900,0.00,0.0,-,27.276201,28.488307,27.869188,26.082627,2069718.00
11/27/2007,25.268769,26.435622,25.151102,25.935543,2411400,0.00,0.0,-,27.245019,28.488895,28.079516,26.116946,2074762.00
11/26/2007,25.239354,26.082627,25.013828,25.102077,1334600,0.00,0.0,-,27.216730,28.475364,28.381525,26.243437,2050138.00
11/23/2007,24.856935,25.445265,24.739269,25.298182,604400,0.00,0.0,-,27.193834,28.482816,28.710500,26.603299,2048914.00
11/21/2007,25.778661,25.778661,24.503945,24.758888,2186200,0.00,0.0,-,27.171527,28.493602,28.975739,27.060236,2074918.00
11/20/2007,25.857109,26.416022,25.327611,25.955162,2069100,0.00,0.0,-,27.151965,28.509487,29.253234,27.457358,2064462.00
11/19/2007,26.670956,26.670956,25.033438,25.808071,3239300,0.00,0.0,-,27.125833,28.505957,29.450814,27.861344,2058172.00
11/16/2007,27.357337,27.396560,26.013985,26.759203,3009300,0.00,0.0,-,27.098721,28.500466,29.645944,28.366327,2022738.00
11/15/2007,27.543644,28.171195,26.406206,26.749399,2240700,0.00,0.0,-,27.067785,28.479286,29.806263,28.701675,2004554.00
11/14/2007,27.445592,28.700697,26.876873,27.631897,2856200,0.00,0.0,-,27.036995,28.480071,30.037673,29.183125,1999860.00
11/13/2007,27.327929,27.475011,25.974769,27.171040,3729700,0.00,0.0,-,26.999686,28.466343,30.193581,29.655750,1997378.00
11/12/2007,28.739914,28.886996,27.053369,27.200451,2266200,0.00,0.0,-,26.965808,28.469480,30.330367,30.042085,1964176.00
11/09/2007,29.465521,30.495099,28.553611,28.700693,2406000,0.00,0.0,-,26.931881,28.479874,30.485294,30.519613,1958802.00
11/08/2007,29.475334,30.583357,27.700539,29.867554,5233900,0.00,0.0,-,26.890894,28.443006,30.588252,30.817701,2066844.00
11/07/2007,29.847936,30.034239,28.435944,28.730108,2737300,0.00,0.0,-,26.843141,28.368680,30.642672,30.891241,1996604.00
11/06/2007,30.867709,30.867709,29.387078,29.995020,2216500,0.00,0.0,-,26.802154,28.289256,30.741217,31.049110,1961426.00
11/05/2007,30.151911,31.299155,29.347860,30.857906,2336100,0.00,0.0,-,26.749743,28.205125,30.723568,31.040285,1939170.00
11/02/2007,31.926704,31.995342,29.377272,30.112684,2490400,0.00,0.0,-,26.693509,28.118052,30.629435,30.925560,1915494.00
11/01/2007,32.063983,32.328731,30.701017,31.563900,2905900,0.00,0.0,-,26.642520,28.023723,30.561777,30.910851,1887478.00
10/31/2007,31.142258,32.769968,30.926537,32.358139,2244900,0.00,0.0,-,26.584472,27.910960,30.402437,30.892221,1865546.00
10/30/2007,32.014951,32.024754,30.955955,31.034399,1007700,0.00,0.0,-,26.523923,27.754856,30.163184,30.731412,1849780.00
10/29/2007,31.877666,32.171834,31.387391,31.975723,1172600,0.00,0.0,-,26.470385,27.626012,29.910693,30.618649,1861010.00
10/26/2007,31.171687,31.975738,30.975577,31.681574,1469000,0.00,0.0,-,26.411503,27.476380,29.629275,30.450975,1898056.00
10/25/2007,30.602961,30.740239,29.808716,30.602961,1213800,0.00,0.0,-,26.349777,27.316551,29.341974,30.358803,1996852.00
10/24/2007,29.896961,30.348015,29.112522,30.308792,1400800,0.00,0.0,-,26.293494,27.184961,29.127233,30.394103,2033622.00
10/23/2007,29.769492,30.298988,29.504744,29.906769,1222700,0.00,0.0,-,26.235935,27.069256,28.929163,30.433325,2064592.00
10/22/2007,29.847939,30.357824,29.318441,29.710661,1686500,0.00,0.0,-,26.179701,26.981595,28.725698,30.406850,2075578.00
10/19/2007,31.377587,31.475641,29.867540,29.965595,2027000,0.00,0.0,-,26.123319,26.891384,28.546748,30.333309,2109628.00
10/18/2007,30.779462,31.446236,30.142105,31.377598,1457200,0.00,0.0,-,26.067624,26.784505,28.399175,30.212702,2122114.00
10/17/2007,30.220546,31.034402,30.151908,30.750044,2010800,0.00,0.0,-,26.004673,26.685469,28.159921,29.912654,2162306.00
10/16/2007,30.200933,30.553932,29.612605,29.906769,1785400,0.00,0.0,-,25.947360,26.585061,27.985874,29.594956,2169550.00
10/15/2007,30.867705,31.014787,29.857740,30.298986,1192200,0.00,0.0,-,25.894949,26.495046,27.833398,29.202737,2190452.00
10/12/2007,31.112848,31.152071,30.308798,30.759851,1559100,0.00,0.0,-,25.840480,26.405816,27.581397,28.807576,2212258.00
10/11/2007,30.906934,31.367792,30.563742,30.955961,3713700,0.00,0.0,-,25.783363,26.323254,27.317139,28.325145,2280556.00
10/10/2007,29.612605,30.808875,29.416494,30.701014,2831600,0.00,0.0,-,25.723304,26.237554,27.061215,27.860364,2283232.00
10/09/2007,28.955641,29.955801,28.837974,29.642025,1794300,0.00,0.0,-,25.665501,26.181074,26.803821,27.425000,2278516.00
10/08/2007,28.612444,29.347856,28.553612,28.975246,1508700,0.00,0.0,-,25.614512,26.155776,26.610653,27.044547,2288394.00
10/05/2007,28.632058,28.926223,27.828006,28.759529,1824600,0.00,0.0,-,25.564357,26.124006,26.438567,26.760187,2296642.00
10/04/2007,27.788783,28.534001,27.602478,28.377113,2507800,0.00,0.0,-,25.513172,26.112436,26.285601,26.585649,2321408.00
10/03/2007,26.013994,27.877039,25.886521,27.573069,3422000,0.00,0.0,-,25.464831,26.138715,26.206176,26.407189,2320302.00
10/02/2007,26.612125,26.651348,25.778659,25.984573,2383000,0.00,0.0,-,25.420363,26.192645,26.174798,26.376791,2289790.00
10/01/2007,25.906128,26.759207,25.641379,26.347376,1852200,0.00,0.0,-,25.381631,26.288542,26.241966,26.464060,2259588.00
09/28/2007,26.435622,26.435622,25.788459,25.935543,1475000,0.00,0.0,-,25.343292,26.377773,26.310604,26.355219,2250844.00
09/27/2007,26.592512,26.661150,26.092431,26.308151,1604400,0.00,0.0,-,25.308335,26.491516,26.356690,26.309133,2259820.00
09/26/2007,26.239515,26.916095,25.974766,26.347376,1547700,0.00,0.0,-,25.271319,26.596239,26.348846,26.262067,2248430.00
09/25/2007,25.964959,26.112041,25.543322,25.837488,1463700,0.00,0.0,-,25.232882,26.697040,26.269422,26.182643,2239094.00
09/24/2007,26.965117,26.965117,25.925734,26.131649,2028000,0.00,0.0,-,25.198219,26.813529,26.266970,26.176760,2243628.00
09/21/2007,26.769009,27.484812,26.631733,27.014147,1336000,0.00,0.0,-,25.160223,26.922174,26.285601,26.116947,2224116.00
09/20/2007,27.161235,27.582870,26.425822,26.592516,1086100,0.00,0.0,-,25.116196,27.012188,26.204706,25.985553,2225574.00
09/19/2007,26.916094,27.769171,26.818039,27.269091,1677300,0.00,0.0,-,25.072415,27.091221,26.171367,26.005164,2218482.00
09/18/2007,25.484494,26.886681,25.209939,26.857264,1959100,0.00,0.0,-,25.025937,27.152211,26.035561,25.972805,2220898.00
09/17/2007,25.406049,25.690409,25.131494,25.258966,1180200,0.00,0.0,-,24.980831,27.234185,25.922307,26.019872,2199604.00
09/14/2007,25.710017,25.837490,25.249160,25.474686,1273400,0.00,0.0,-,24.942149,27.338711,25.884066,26.265989,2188968.00
09/13/2007,25.739433,27.210258,25.347213,25.837488,1904600,0.00,0.0,-,24.901211,27.431275,25.794836,26.404247,2183320.00
09/12/2007,25.759049,26.131658,25.494301,25.553133,1663400,0.00,0.0,-,24.860763,27.524035,25.704135,26.435625,2155370.00
09/11/2007,25.700210,26.033597,25.494296,25.778656,1754600,0.00,0.0,-,24.822522,27.620325,25.652656,26.356201,2146356.00
09/10/2007,26.317959,26.317959,25.170715,25.533520,1467600,0.00,0.0,-,24.782662,27.706221,25.639909,26.357181,2131042.00
09/07/2007,26.514069,26.553290,25.072659,25.700211,2100100,0.00,0.0,-,24.745058,27.803688,25.623240,26.454256,2133954.00
09/06/2007,26.906289,27.122009,26.170876,26.788622,2006000,0.00,0.0,-,24.706425,27.883309,25.569309,26.423859,2122698.00
09/05/2007,27.308311,27.533837,26.533676,26.945507,2732100,0.00,0.0,-,24.661908,27.932336,25.551169,26.337571,2114708.00
09/04/2007,27.671118,27.837811,27.023955,27.327927,2069600,0.00,0.0,-,24.616900,27.981756,25.490376,26.098317,2097790.00
08/31/2007,26.857261,27.906449,26.769012,27.720146,1997500,0.00,0.0,-,24.569491,28.018625,25.394282,25.824743,2101176.00
08/30/2007,25.915936,27.004348,25.788464,26.857264,7808100,0.00,0.0,-,24.519189,28.058827,25.300149,25.502142,2106138.00
08/29/2007,25.151108,26.308158,24.768694,26.151270,1721900,0.00,0.0,-,24.472318,28.120014,25.288872,25.185424,1973110.00
08/28/2007,25.798271,25.925743,24.719665,24.758888,978400,0.00,0.0,-,24.427213,28.204929,25.314857,24.972644,1960648.00
08/27/2007,26.072820,26.396401,25.710016,25.788460,1103700,0.00,0.0,-,24.388628,28.323379,25.470764,24.949111,1965880.00
08/24/2007,25.513909,26.543486,25.445271,26.504265,1152300,0.00,0.0,-,24.345190,28.427710,25.600196,24.922636,2017012.00
08/23/2007,26.082630,26.190489,25.337412,25.396244,1089600,0.00,0.0,-,24.295231,28.493799,25.644321,24.792223,2038320.00
08/22/2007,24.758884,26.151265,24.758884,25.925739,1809300,0.00,0.0,-,24.252920,28.563418,25.783559,24.714760,2041746.00
08/21/2007,24.347049,25.160905,24.229382,24.552965,1456600,0.00,0.0,-,24.208011,28.615976,25.971825,24.764768,2026280.00
08/20/2007,24.601997,25.053049,24.268610,24.592192,1569200,0.00,0.0,-,24.173888,28.701283,26.257655,24.882434,2016630.00
08/17/2007,24.513748,25.111884,23.327284,24.494137,3024900,0.00,0.0,-,24.140647,28.783453,26.567019,24.963820,2009034.00
08/16/2007,23.974445,24.552969,22.905645,23.690084,6408800,0.00,0.0,-,24.109466,28.857975,26.882756,25.098155,1978000.00
08/15/2007,24.425495,24.847132,23.121364,24.023470,3052300,0.00,0.0,-,24.082354,28.973288,27.279389,25.392320,1869530.00
08/14/2007,25.700213,25.700213,24.150944,24.523554,2949300,0.00,0.0,-,24.056516,29.091935,27.655429,25.657069,1830536.00
08/13/2007,25.670796,26.563096,24.925578,25.523714,1772000,0.00,0.0,-,24.027639,29.206463,27.998621,25.992417,1807862.00
08/10/2007,24.141140,25.611965,23.631254,25.200134,3389000,0.00,0.0,-,23.993074,29.297850,28.305533,26.277757,1812738.00
08/09/2007,25.651183,26.719983,24.199970,24.621607,2651300,0.00,0.0,-,23.960030,29.382373,28.623722,26.496419,1821646.00
08/08/2007,25.984571,27.298508,25.886516,26.425819,3466800,0.00,0.0,-,23.929486,29.493764,28.968385,26.852359,1819070.00
08/07/2007,25.837493,26.033601,24.945192,25.729631,2373000,0.00,0.0,-,23.890509,29.546910,29.174300,27.178882,1767888.00
08/06/2007,25.474688,26.043407,24.150945,25.406050,2830500,0.00,0.0,-,23.853836,29.601036,29.403749,27.632876,1736052.00
08/03/2007,26.523872,26.661150,25.504101,25.837488,2282500,0.00,0.0,-,23.818733,29.658104,29.681244,28.170218,1715832.00
08/02/2007,26.474845,27.004343,24.964797,26.631733,4974000,0.00,0.0,-,23.781472,29.722820,29.913635,28.667357,1709024.00
08/01/2007,27.749559,27.906447,25.670794,26.670956,3847500,0.00,0.0,-,23.735435,29.770671,30.087192,29.166457,1627294.00
07/31/2007,28.955638,29.357664,27.857422,27.877033,2595800,0.00,0.0,-,23.688025,29.817149,30.277419,29.653790,1567324.00
07/30/2007,27.141620,28.739916,26.867066,28.377113,2288200,0.00,0.0,-,23.632722,29.831269,30.401949,30.004826,1536928.00
07/27/2007,28.161394,28.367311,27.033762,27.386761,1921100,0.00,0.0,-,23.576292,29.831857,30.486767,30.333310,1514724.00
07/26/2007,29.259609,29.553773,27.651508,28.181004,3062900,0.00,0.0,-,23.525107,29.860293,30.637771,30.751024,1495926.00
07/25/2007,30.426464,30.553935,28.965445,29.691051,2452500,0.00,0.0,-,23.468235,29.874217,30.712783,31.084411,1465816.00
07/24/2007,30.446071,30.808875,29.906769,30.269573,1896400,0.00,0.0,-,23.402979,29.862254,30.690231,31.169719,1456268.00
07/23/2007,30.524520,31.132461,30.426466,30.779463,872900,0.00,0.0,-,23.334488,29.827151,30.647577,31.174622,1439740.00
07/20/2007,31.573709,31.583513,30.485298,30.808880,1415000,0.00,0.0,-,23.261143,29.778123,30.567171,31.192271,1453028.00
07/19/2007,31.769820,31.809039,31.407014,31.622736,1923800,0.00,0.0,-,23.189416,29.737921,30.513241,31.159913,1458106.00
07/18/2007,31.299149,31.652146,30.995179,31.544285,1034900,0.00,0.0,-,23.113962,29.673989,30.427933,31.007928,1463346.00
07/17/2007,31.828646,31.867869,31.328567,31.387398,1080900,0.00,0.0,-,23.040666,29.626726,30.370571,30.901048,1478084.00
07/16/2007,31.495258,31.926702,31.397204,31.661953,1690400,0.00,0.0,-,22.968007,29.575149,30.335272,30.799071,1537760.00
07/13/2007,31.426624,31.946318,31.308959,31.563900,1052400,0.00,0.0,-,22.894515,29.501412,30.302424,30.640223,1588576.00
07/12/2007,30.818682,31.642344,30.818682,31.514872,1408900,0.00,0.0,-,22.822641,29.403357,30.214664,30.524518,1612016.00
07/11/2007,30.465686,30.740241,30.151911,30.544130,731500,0.00,0.0,-,22.750718,29.307067,30.082781,30.341155,1623290.00
07/10/2007,30.759848,30.887319,30.269573,30.318600,1798100,0.00,0.0,-,22.683697,29.235291,29.983255,30.210742,1643646.00
07/09/2007,30.671603,31.132461,30.642186,30.955961,894400,0.00,0.0,-,22.619226,29.177831,29.908243,30.120532,1631254.00
07/06/2007,30.191132,30.544129,29.887160,30.485296,648400,0.00,0.0,-,22.549999,29.111545,29.795479,29.942072,1639464.00
07/05/2007,30.485294,30.495100,29.798909,30.102880,991000,0.00,0.0,-,22.483518,29.053889,29.682226,29.866569,1648564.00
07/03/2007,30.377437,30.808880,30.298993,30.475492,507100,0.00,0.0,-,22.417919,28.990349,29.649868,29.847939,1667278.00
07/02/2007,30.348019,30.720627,30.249963,30.367628,1212700,0.00,0.0,-,22.350261,28.922299,29.623883,29.840094,1706542.00
06/29/2007,30.583354,30.779463,29.936191,30.073467,988900,0.00,0.0,-,22.284270,28.842482,29.618000,29.871472,1718630.00
06/28/2007,30.249969,30.622577,29.789109,30.406857,1613200,0.00,0.0,-,22.219015,28.764235,29.618980,29.964624,1732440.00
06/27/2007,28.955635,29.769492,28.592831,29.681242,1537300,0.00,0.0,-,22.150621,28.677358,29.569953,29.904810,1721346.00
06/26/2007,29.749886,29.896968,29.053695,29.240000,1606500,0.00,0.0,-,22.085120,28.601463,29.595447,29.824406,1709224.00
06/25/2007,29.318439,29.514550,28.828164,29.416494,1886200,0.00,0.0,-,22.023003,28.536355,29.587603,29.755767,1702704.00
06/22/2007,29.985214,30.240158,29.132135,29.171358,2238900,0.00,0.0,-,21.959708,28.457911,29.538575,29.695953,1710314.00
06/21/2007,30.181324,30.338212,29.220384,29.730270,2245600,0.00,0.0,-,21.900042,28.387311,29.492980,29.648887,1692478.00
06/20/2007,30.406855,30.573549,29.759692,29.916580,1156700,0.00,0.0,-,21.838953,28.296904,29.460131,29.497883,1678012.00
06/19/2007,30.475489,30.701015,29.985214,30.397045,1098800,0.00,0.0,-,21.776296,28.203752,29.415516,29.451797,1677418.00
06/18/2007,31.250127,31.259931,30.475491,30.681408,1240000,0.00,0.0,-,21.712413,28.099618,29.345407,29.407672,1672682.00
06/15/2007,30.455880,31.485459,30.348021,31.004990,3660300,0.00,0.0,-,21.645442,27.990384,29.240488,29.364527,1667630.00
06/14/2007,28.945833,29.906771,28.877195,29.808716,2217700,0.00,0.0,-,21.576705,27.870561,29.110565,29.273336,1646540.00
06/13/2007,28.622252,29.279221,28.622252,28.877195,1260900,0.00,0.0,-,21.511793,27.774859,29.060557,29.235095,1634456.00
06/12/2007,28.730111,28.926222,28.171198,28.553614,1036000,0.00,0.0,-,21.450852,27.695435,29.060557,29.366488,1628658.00
06/11/2007,28.533999,29.004662,28.416332,28.818357,974100,0.00,0.0,-,21.390793,27.618952,29.087522,29.419438,1641208.00
06/08/2007,27.847614,28.788943,27.122007,28.700693,1189400,0.00,0.0,-,21.331960,27.538547,29.072324,29.381197,1708392.00
06/07/2007,29.259611,29.347860,28.131979,28.220228,1473200,0.00,0.0,-,21.272343,27.465594,29.053693,29.337073,1722936.00
06/06/2007,29.945994,30.014632,29.279220,29.455719,985300,0.00,0.0,-,21.217236,27.399897,29.082619,29.422380,1723846.00
06/05/2007,30.073462,30.122489,29.592993,29.955795,1102600,0.00,0.0,-,21.155559,27.310275,29.031140,29.379236,1742186.00
06/04/2007,29.955798,30.397046,29.818521,30.249964,1815600,0.00,0.0,-,21.090500,27.215357,28.992409,29.283142,1788564.00
06/01/2007,29.612611,30.161719,29.436112,30.093081,2015800,0.00,0.0,-,21.021224,27.109066,28.920338,29.116449,1830812.00
05/31/2007,30.220549,30.495103,29.318443,29.426304,3834400,0.00,0.0,-,20.951703,26.994734,28.814439,28.947794,1881740.00
05/30/2007,28.798747,30.230349,28.710497,30.191128,2522500,0.00,0.0,-,20.885467,26.882362,28.676181,28.886019,1885080.00
05/29/2007,28.563419,29.200778,28.563419,29.083111,907700,0.00,0.0,-,20.815799,26.762343,28.501643,28.754625,1986714.00
05/25/2007,28.416340,28.769338,28.033926,28.435951,781200,0.00,0.0,-,20.752014,26.663896,28.395253,28.755606,1982928.00
05/24/2007,29.102719,29.367468,28.092752,28.259445,1819500,0.00,0.0,-,20.692691,26.583491,28.345735,28.763450,1996240.00
05/23/2007,29.024278,29.563580,28.985055,29.073305,1942100,0.00,0.0,-,20.635868,26.495241,28.314848,28.770314,1981312.00
05/22/2007,29.122336,29.357668,28.798754,29.024281,887500,0.00,0.0,-,20.577476,26.383459,28.241307,28.742858,1958338.00
05/21/2007,28.632054,29.357660,28.612442,28.994856,849000,0.00,0.0,-,20.517074,26.282658,28.136388,28.683044,1963456.00
05/18/2007,28.504581,28.857580,28.298667,28.583025,1076000,0.00,0.0,-,20.454172,26.176759,28.040294,28.701675,1964192.00
05/17/2007,28.534003,28.779140,27.965284,28.406530,1178000,0.00,0.0,-,20.390240,26.077135,27.929982,28.724228,1969642.00
05/16/2007,29.024276,29.171358,28.298669,28.808554,981200,0.00,0.0,-,20.326455,25.980060,27.817709,28.681084,1985610.00
05/15/2007,29.092916,29.779301,28.798751,28.877195,1557400,0.00,0.0,-,20.260170,25.852393,27.680432,28.466343,1997938.00
05/14/2007,28.583030,29.230193,28.543809,29.092916,1975100,0.00,0.0,-,20.189619,25.699819,27.530898,28.248661,1997218.00
05/11/2007,28.298671,28.671279,28.141783,28.514391,1070000,0.00,0.0,-,20.116814,25.556855,27.375481,28.034901,1980494.00
05/10/2007,28.798750,28.857583,28.161391,28.328085,1537300,0.00,0.0,-,20.046116,25.445857,27.224477,27.928021,1990796.00
05/09/2007,27.582866,28.926221,27.563257,28.798750,1668900,0.00,0.0,-,19.976889,25.333878,27.090141,27.859382,1997190.00
05/08/2007,28.867386,28.916413,28.043724,28.426138,2185800,0.00,0.0,-,19.905456,25.202680,26.910700,27.739755,2003182.00
05/07/2007,28.779137,29.338050,28.730108,29.181162,1771800,0.00,0.0,-,19.837700,25.098546,26.752342,27.589731,1994402.00
05/04/2007,28.484972,29.494939,28.112364,28.808554,4064700,0.00,0.0,-,19.768522,24.978135,26.552800,27.378913,1985336.00
05/03/2007,26.219907,29.612610,25.523717,27.975092,4231200,0.00,0.0,-,19.698560,24.853213,26.373359,27.135737,1948024.00
05/02/2007,26.700371,26.955314,26.386595,26.661150,2224400,0.00,0.0,-,19.632226,24.730055,26.225296,26.954335,1882754.00
05/01/2007,26.906293,27.171040,26.621933,26.700377,1972600,0.00,0.0,-,19.573883,24.633177,26.143420,26.894521,1877228.00
04/30/2007,27.308311,27.465199,26.876869,26.955313,1749300,0.00,0.0,-,19.516178,24.525905,26.053700,26.813135,1856094.00
04/27/2007,27.357341,27.573064,26.984733,27.445591,1178500,0.00,0.0,-,19.459747,24.413730,25.942407,26.716061,1853160.00
04/26/2007,27.700527,28.102553,27.229864,27.641695,1304900,0.00,0.0,-,19.402336,24.286454,25.810033,26.520932,1852430.00
04/25/2007,26.984736,27.778981,26.788625,27.602482,1103400,0.00,0.0,-,19.343307,24.145451,25.680601,26.320901,1840252.00
04/24/2007,27.053368,27.298506,26.612120,26.925896,1926700,0.00,0.0,-,19.286092,23.998957,25.547246,26.081646,1834354.00
04/23/2007,26.327763,27.141619,26.210096,27.072981,2470300,0.00,0.0,-,19.234564,23.870897,25.449681,25.914953,1807064.00
04/20/2007,26.308155,26.788624,26.121850,26.376793,1817100,0.00,0.0,-,19.181026,23.746171,25.356529,25.726687,1773770.00
04/19/2007,25.886519,26.337573,25.533522,26.161074,1679400,0.00,0.0,-,19.132979,23.635565,25.284458,25.610982,1751134.00
04/18/2007,25.837487,26.445427,25.258963,26.063013,1058500,0.00,0.0,-,19.087138,23.526920,25.195228,25.496257,1742326.00
04/17/2007,26.249319,26.602316,25.808071,25.886515,931200,0.00,0.0,-,19.037375,23.413373,25.082465,25.392319,1736566.00
04/16/2007,25.690409,26.043406,25.651186,25.984573,1280500,0.00,0.0,-,18.983102,23.307081,24.997647,25.294264,1757514.00
04/13/2007,25.631577,25.768856,25.131497,25.494301,2266700,0.00,0.0,-,18.928191,23.199220,24.906456,25.168753,1764920.00
04/12/2007,25.151103,25.641378,25.004021,25.641378,1347100,0.00,0.0,-,18.878379,23.092733,24.852525,25.099133,1773098.00
04/11/2007,25.209932,25.347211,24.827519,25.209932,1522300,0.00,0.0,-,18.826949,22.987814,24.762805,25.040301,1813666.00
04/10/2007,25.249161,25.592354,25.043246,25.258966,1127000,0.00,0.0,-,18.777186,22.891916,24.676517,25.012845,1810162.00
04/09/2007,25.307992,25.445270,24.915772,25.190327,862000,0.00,0.0,-,18.722815,22.796803,24.612781,24.984410,1820962.00
04/05/2007,25.092271,25.298186,24.984410,25.219742,987400,0.00,0.0,-,18.669081,22.699336,24.538259,24.986370,1844954.00
04/04/2007,25.082461,25.219737,24.866740,25.013823,2605800,0.00,0.0,-,18.615151,22.605596,24.457364,24.957934,1905530.00
04/03/2007,25.072659,25.170714,24.974603,25.023632,1613500,0.00,0.0,-,18.565290,22.495578,24.384313,24.894199,1939972.00
04/02/2007,24.876552,25.121690,24.778497,24.905968,971000,0.00,0.0,-,18.516850,22.387325,24.254391,24.772610,1936202.00
03/30/2007,24.778492,25.111879,24.523549,24.729464,1663500,0.00,0.0,-,18.464440,22.287505,24.071518,24.701029,1936498.00
03/29/2007,25.219738,25.249155,24.690242,24.798103,4333300,0.00,0.0,-,18.412569,22.192000,23.932280,24.644158,1923556.00
03/28/2007,25.131495,25.131495,24.494138,25.053051,1916600,0.00,0.0,-,18.362267,22.101005,23.840598,24.605917,1851168.00
03/27/2007,24.817712,25.092267,24.641213,24.935379,1518700,0.00,0.0,-,18.312651,22.006480,23.724403,24.485310,1839068.00
03/26/2007,25.258968,25.288385,24.709860,24.974607,1902300,0.00,0.0,-,18.264898,21.911759,23.589578,24.340189,1833976.00
03/23/2007,25.004018,25.317793,24.866741,25.209932,3421500,0.00,0.0,-,18.217096,21.798995,23.501818,24.241153,1829034.00
03/22/2007,24.405881,25.004017,24.405881,24.935379,3928000,0.00,0.0,-,18.169000,21.681722,23.399351,24.090149,1783312.00
03/21/2007,23.788140,24.513747,23.582224,24.376471,4562200,0.00,0.0,-,18.123258,21.558957,23.280705,23.956794,1718766.00
03/20/2007,24.190161,24.268605,23.572415,23.807747,4001400,0.00,0.0,-,18.084624,21.444625,23.152743,23.874428,1644020.00
03/19/2007,23.876385,25.533515,23.356693,24.190161,7604200,0.00,0.0,-,18.049177,21.337157,23.053217,23.736171,1581834.00
03/16/2007,24.503946,24.572584,24.033283,24.160753,718400,0.00,0.0,-,18.009857,21.229885,22.910547,23.442006,1458378.00
03/15/2007,23.788140,24.523552,23.788140,24.415691,1446800,0.00,0.0,-,17.967203,21.122416,22.769838,23.220401,1473462.00
03/14/2007,23.543005,23.954836,23.101757,23.846975,1073100,0.00,0.0,-,17.926167,21.019851,22.603144,23.075280,1455896.00
03/13/2007,23.748918,23.827362,23.405727,23.484171,793400,0.00,0.0,-,17.887632,20.931405,22.440372,22.963497,1446372.00
03/12/2007,23.876394,24.072503,23.778338,23.984253,1143400,0.00,0.0,-,17.849586,20.849823,22.280052,22.838967,1439900.00
03/09/2007,23.846968,23.886191,23.484166,23.699886,885800,0.00,0.0,-,17.810511,20.756867,22.106985,22.762484,1429894.00
03/08/2007,23.748915,24.003859,23.503778,23.601833,1348500,0.00,0.0,-,17.773986,20.661754,21.963825,22.708554,1418142.00
03/07/2007,22.631090,23.611639,22.631090,23.552807,1976400,0.00,0.0,-,17.739618,20.572524,21.826058,22.604616,1406458.00
03/06/2007,21.375988,22.660510,21.375988,22.425179,1597600,0.00,0.0,-,17.703337,20.490354,21.684859,22.431058,1406744.00
03/05/2007,21.581901,21.964315,21.228903,21.248514,1521400,0.00,0.0,-,17.673430,20.420735,21.582881,22.370263,1399316.00
03/02/2007,22.856612,22.974278,21.925091,21.944700,1138900,0.00,0.0,-,17.651368,20.366216,21.549053,22.379088,1378324.00
03/01/2007,22.434980,23.091948,22.062372,22.964478,1585100,0.00,0.0,-,17.627933,20.301500,21.481395,22.319274,1369968.00
02/28/2007,22.140817,22.758562,21.836847,22.729147,1857000,0.00,0.0,-,17.600036,20.215800,21.341666,22.131009,1357100.00
02/27/2007,22.944866,22.944866,21.572096,22.238871,1968500,0.00,0.0,-,17.576013,20.125982,21.224981,21.917248,1350486.00
02/26/2007,23.337086,23.474365,22.709535,23.219421,1746800,0.00,0.0,-,17.555814,20.054794,21.133790,21.721138,1324240.00
02/23/2007,22.601674,23.199810,22.562453,23.160589,1318500,0.00,0.0,-,17.530908,19.969290,20.997984,21.451487,1305404.00
02/22/2007,22.748755,22.974281,21.689762,22.562450,2199100,0.00,0.0,-,17.507767,19.884178,20.855804,21.219097,1297280.00
02/21/2007,21.817230,22.052562,21.689760,21.817230,967700,0.00,0.0,-,17.484626,19.806126,20.754317,21.047501,1266708.00
02/20/2007,21.248511,21.944701,21.219094,21.817230,1948100,0.00,0.0,-,17.464868,19.747882,20.639103,20.938660,1279774.00
02/16/2007,21.375981,21.503453,21.052399,21.336760,915900,0.00,0.0,-,17.438785,19.682185,20.528791,20.795500,1265656.00
02/15/2007,21.130843,21.552480,21.032790,21.346565,1602600,0.00,0.0,-,17.413389,19.619626,20.457701,20.719018,1262948.00
02/14/2007,20.719017,21.150460,20.562129,21.081821,1142000,0.00,0.0,-,17.385688,19.549418,20.388083,20.643515,1254598.00
02/13/2007,20.346406,20.591543,20.267962,20.591543,696000,0.00,0.0,-,17.359802,19.487252,20.346410,20.552324,1253780.00
02/12/2007,20.483686,20.552324,20.150298,20.277771,808500,0.00,0.0,-,17.336171,19.432145,20.333172,20.532714,1261696.00
02/09/2007,20.875908,20.875908,20.326798,20.522909,562200,0.00,0.0,-,17.316167,19.377038,20.329250,20.546441,1283590.00
02/08/2007,20.836685,20.964156,20.689603,20.836685,805600,0.00,0.0,-,17.295527,19.312321,20.269927,20.544480,1290872.00
02/07/2007,20.797462,20.993573,20.689603,20.846491,685300,0.00,0.0,-,17.272484,19.250547,20.195405,20.492511,1279658.00
02/06/2007,20.415047,20.758240,20.415047,20.728823,1239000,0.00,0.0,-,17.251206,19.191714,20.092937,20.461134,1275622.00
02/05/2007,20.532712,20.611156,20.297380,20.385630,770500,0.00,0.0,-,17.231448,19.133273,19.989489,20.339545,1262556.00
02/02/2007,20.591549,21.150462,20.454273,20.571938,1978600,0.00,0.0,-,17.214288,19.085814,19.891924,20.262082,1271174.00
02/01/2007,20.356211,20.591543,20.258156,20.591543,1650800,0.00,0.0,-,17.195952,19.033845,19.804656,20.196385,1242992.00
01/31/2007,20.415048,20.454271,19.934579,20.169910,2675600,0.00,0.0,-,17.173056,18.979719,19.714445,20.132650,1223084.00
01/30/2007,20.415051,20.591550,20.248357,20.395439,3375500,0.00,0.0,-,17.152121,18.935202,19.670320,20.140495,1182860.00
01/29/2007,20.571935,20.591546,20.267965,20.415047,1347100,0.00,0.0,-,17.131579,18.884213,19.621783,20.133631,1140372.00
01/26/2007,20.415048,20.591547,20.228743,20.503298,1667000,0.00,0.0,-,17.106036,18.829107,19.571285,20.112059,1133794.00
01/25/2007,20.395440,20.562133,20.199331,20.316996,2061600,0.00,0.0,-,17.082846,18.768705,19.512942,19.995373,1111470.00
01/24/2007,20.483686,20.817073,20.258160,20.532715,4016200,0.00,0.0,-,17.062499,18.704969,19.444303,19.898298,1091676.00
01/23/2007,19.650218,19.846327,19.336440,19.512939,4327900,0.00,0.0,-,17.040927,18.635154,19.374684,19.724741,1025354.00
01/22/2007,19.954187,20.013020,19.414884,19.610994,1425000,0.00,0.0,-,17.023964,18.586911,19.371253,19.639433,964464.00
01/19/2007,19.865940,20.013022,19.689441,19.914967,985800,0.00,0.0,-,17.004843,18.524940,19.337914,19.521767,986454.00
01/18/2007,20.228748,20.415053,19.944389,19.954195,1016400,0.00,0.0,-,16.983859,18.465323,19.268295,19.412926,1000342.00
01/17/2007,20.346413,20.493495,20.169914,20.248358,713900,0.00,0.0,-,16.962630,18.405117,19.206030,19.296240,1047294.00
01/16/2007,20.346411,20.493493,20.101273,20.326799,1311600,0.00,0.0,-,16.938852,18.354716,19.127586,19.200146,1047658.00
01/12/2007,19.346246,20.277769,19.346246,20.199326,1264100,0.00,0.0,-,16.915172,18.307062,19.023158,19.109936,1035046.00
01/11/2007,19.454108,19.601190,19.218776,19.336441,1655200,0.00,0.0,-,16.890168,18.268232,18.947165,19.030511,1025412.00
01/10/2007,18.689278,19.424691,18.630446,19.346247,1135400,0.00,0.0,-,16.870066,18.246856,18.927554,19.030511,1007006.00
01/09/2007,18.640254,18.905003,18.502978,18.797142,700700,0.00,0.0,-,16.849082,18.237050,18.905492,18.990309,995542.00
01/08/2007,18.395110,18.806941,18.297055,18.659859,824900,0.00,0.0,-,16.830452,18.236070,18.898628,19.024628,998096.00
01/05/2007,18.708892,18.718698,18.346088,18.434338,892100,0.00,0.0,-,16.810596,18.235089,18.910885,19.103073,996722.00
01/04/2007,18.708892,19.032474,18.591225,18.826559,1431400,0.00,0.0,-,16.790936,18.238227,18.915788,19.154062,990810.00
01/03/2007,19.405084,19.483528,18.502978,18.787336,1472600,0.00,0.0,-,16.768383,18.231952,18.884900,19.123664,980928.00
12/29/2006,19.365857,19.463912,19.267801,19.287413,568500,0.00,0.0,-,16.748772,18.228814,18.837343,19.115820,978084.00
12/28/2006,19.336446,19.660028,19.277614,19.424696,596900,0.00,0.0,-,16.726171,18.210968,18.771646,19.055026,995568.00
12/27/2006,19.395273,19.571771,19.218774,19.405079,469800,0.00,0.0,-,16.699500,18.190180,18.692221,18.936379,1022942.00
12/26/2006,18.983444,19.405081,18.875583,19.336441,643100,0.00,0.0,-,16.669103,18.169785,18.598089,18.863819,1059634.00
12/22/2006,19.169751,19.267807,18.924614,18.944225,298200,0.00,0.0,-,16.638755,18.131543,18.495621,18.824597,1069532.00
12/21/2006,19.414886,19.424692,18.855973,19.140333,764300,0.00,0.0,-,16.611250,18.096440,18.435808,18.820675,1074862.00
12/20/2006,18.944227,19.660028,18.846171,19.444307,1990700,0.00,0.0,-,16.581932,18.049961,18.374033,18.772627,1076244.00
12/19/2006,18.493173,19.052086,18.453950,18.944225,1226200,0.00,0.0,-,16.551927,18.002895,18.292157,18.718697,1049668.00
12/18/2006,18.718696,18.944222,18.502975,18.522585,471800,0.00,0.0,-,16.522461,17.967007,18.245581,18.677514,1042316.00
12/15/2006,18.797144,19.022670,18.708895,18.708895,721100,0.00,0.0,-,16.496526,17.932688,18.218125,18.646136,1055266.00
12/14/2006,18.267643,18.895196,18.208810,18.679474,941700,0.00,0.0,-,16.471326,17.891308,18.176942,18.558866,1066724.00
12/13/2006,18.718699,18.826560,18.091148,18.238230,1526300,0.00,0.0,-,16.446469,17.849145,18.140172,18.488267,1081068.00
12/12/2006,18.895196,19.032472,18.659864,18.679474,656200,0.00,0.0,-,16.423720,17.806589,18.120561,18.448063,1065324.00
12/11/2006,18.914810,19.110919,18.836364,18.944225,805000,0.00,0.0,-,16.397441,17.762268,18.069572,18.332359,1065542.00
12/08/2006,18.669669,19.061889,18.542196,18.905001,912300,0.00,0.0,-,16.370427,17.714025,17.996521,18.166645,1068882.00
12/07/2006,18.895190,19.022661,18.630442,18.659859,670500,0.00,0.0,-,16.341452,17.673626,17.907782,18.050940,1063518.00
12/06/2006,18.571614,19.189359,18.512779,18.905001,1621000,0.00,0.0,-,16.311153,17.637542,17.826886,17.975439,1063894.00
12/05/2006,18.100950,18.718698,18.051923,18.532393,1242200,0.00,0.0,-,16.277520,17.598712,17.736676,17.865617,1055216.00
12/04/2006,17.895035,18.297060,17.816591,18.208811,780500,0.00,0.0,-,16.245211,17.571845,17.635679,17.813648,1048438.00
12/01/2006,17.983279,18.091140,17.620475,17.836197,1185100,0.00,0.0,-,16.216481,17.550273,17.571943,17.790115,1054994.00
11/30/2006,17.806785,18.159783,17.747952,17.973478,1101100,0.00,0.0,-,16.191036,17.536349,17.527329,17.795018,1048280.00
11/29/2006,17.610669,17.895029,17.571448,17.836197,1091800,0.00,0.0,-,16.166081,17.525367,17.515072,17.792076,1045784.00
11/28/2006,17.198845,17.747953,17.179234,17.522427,1903200,0.00,0.0,-,16.141273,17.510855,17.520465,17.793058,1040348.00
11/27/2006,17.708727,17.796977,17.277286,17.287090,926300,0.00,0.0,-,16.117053,17.504188,17.557235,17.806786,1021210.00
11/24/2006,17.777367,17.895034,17.738146,17.747952,244900,0.00,0.0,-,16.094500,17.498108,17.606263,17.826397,1012836.00
11/22/2006,17.836204,17.953869,17.767566,17.904842,483500,0.00,0.0,-,16.068565,17.482027,17.661664,17.764623,1014604.00
11/21/2006,17.983281,18.012698,17.738144,17.806782,585700,0.00,0.0,-,16.041551,17.467319,17.703828,17.678334,1013444.00
11/20/2006,17.924453,18.051924,17.855813,18.012703,1201400,0.00,0.0,-,16.013213,17.451631,17.744030,17.607735,1009306.00
11/17/2006,17.885229,18.081339,17.796979,17.973478,569500,0.00,0.0,-,15.985022,17.425940,17.772956,17.457710,996022.00
11/16/2006,18.002900,18.061732,17.836206,17.885233,655400,0.00,0.0,-,15.958841,17.398092,17.799922,17.353772,1002058.00
11/15/2006,17.944061,18.042117,17.728341,17.944061,664400,0.00,0.0,-,15.933788,17.376716,17.837182,17.259639,1001284.00
11/14/2006,17.649899,17.885231,17.345929,17.846010,1251100,0.00,0.0,-,15.910843,17.352987,17.859735,17.238067,1005558.00
11/13/2006,17.375344,17.738148,17.365538,17.659704,1018200,0.00,0.0,-,15.889516,17.340828,17.886700,17.247872,999876.00
11/10/2006,17.179232,17.551840,17.140009,17.483202,550800,0.00,0.0,-,15.868729,17.337887,17.922980,17.307685,989516.00
11/09/2006,17.061573,17.551848,16.963517,17.130211,1071900,0.00,0.0,-,15.848873,17.335926,17.920038,17.386129,991336.00
11/08/2006,16.963512,17.179234,16.924291,17.041956,700100,0.00,0.0,-,15.829850,17.345731,17.922980,17.558706,988008.00
11/07/2006,16.620321,17.198845,16.620321,17.100790,1283400,0.00,0.0,-,15.809209,17.350634,17.911703,17.729321,986148.00
11/06/2006,16.728177,16.787011,16.463430,16.512457,2524500,0.00,0.0,-,15.788814,17.353772,17.911213,17.880326,976694.00
11/03/2006,16.767402,17.041955,16.737985,16.934095,1680200,0.00,0.0,-,15.769889,17.360047,17.943081,18.088202,934126.00
11/02/2006,16.924292,17.453787,16.669348,16.943903,3364000,0.00,0.0,-,15.748317,17.355145,17.936708,18.246071,911896.00
11/01/2006,18.051923,18.051923,17.718536,17.728342,732100,0.00,0.0,-,15.727137,17.347104,17.921509,18.414725,856550.00
10/31/2006,18.297060,18.336283,17.904840,17.944061,681000,0.00,0.0,-,15.700516,17.333572,17.863657,18.481403,857444.00
10/30/2006,18.169586,18.532388,18.100946,18.257835,782400,0.00,0.0,-,15.673747,17.310235,17.771975,18.525527,860762.00
10/27/2006,18.757916,18.757916,18.257837,18.267641,734900,0.00,0.0,-,15.647125,17.289055,17.682255,18.538275,868240.00
10/26/2006,18.826559,18.963835,18.630448,18.855974,562200,0.00,0.0,-,15.620797,17.266111,17.595477,18.453947,870724.00
10/25/2006,18.630449,18.875586,18.552005,18.748116,828400,0.00,0.0,-,15.593096,17.227869,17.496931,18.287254,885818.00
10/24/2006,18.483362,18.826554,18.385306,18.610832,756200,0.00,0.0,-,15.566572,17.180803,17.402308,18.094086,890720.00
10/23/2006,18.463754,18.767724,18.444143,18.591225,596500,0.00,0.0,-,15.541666,17.132364,17.319942,17.942101,890906.00
10/20/2006,18.610837,18.669671,18.404922,18.512781,937300,0.00,0.0,-,15.516810,17.084120,17.249833,17.797960,886240.00
10/19/2006,18.434337,18.669670,18.385310,18.630447,1330400,0.00,0.0,-,15.492247,17.039015,17.180704,17.627344,883264.00
10/18/2006,18.385309,18.630447,18.355892,18.395115,1442700,0.00,0.0,-,15.465135,16.992929,17.106182,17.428292,873672.00
10/17/2006,18.238225,18.610833,18.238225,18.385307,1965600,0.00,0.0,-,15.438709,16.956453,17.057645,17.245911,876790.00
10/16/2006,17.571451,18.806944,17.453784,18.385307,2304400,0.00,0.0,-,15.411351,16.926644,16.993910,17.018423,859274.00
10/13/2006,17.169427,17.532229,17.120398,17.424370,1138000,0.00,0.0,-,15.385024,16.906837,16.934096,16.826236,855278.00
10/12/2006,16.885069,17.296900,16.865460,17.189041,564700,0.00,0.0,-,15.363746,16.897228,16.912034,16.737006,859440.00
10/11/2006,17.002734,17.208649,16.659541,16.816429,833400,0.00,0.0,-,15.342860,16.881735,16.899777,16.706608,932880.00
10/10/2006,17.090982,17.267482,16.963510,17.090982,661900,0.00,0.0,-,15.325357,16.861340,16.917428,16.710530,944406.00
10/09/2006,16.669347,17.326316,16.620321,17.149817,858600,0.00,0.0,-,15.306972,16.832511,16.913996,16.697783,949614.00
10/06/2006,16.522267,17.041957,16.453629,16.806625,1119300,0.00,0.0,-,15.285890,16.800546,16.892914,16.701706,964380.00
10/05/2006,16.512460,16.777209,16.502654,16.639931,1294000,0.00,0.0,-,15.265495,16.759755,16.881638,16.734064,970056.00
10/04/2006,16.022189,16.688964,16.002578,16.571297,1658900,0.00,0.0,-,15.245540,16.717591,16.890462,16.784072,967750.00
10/03/2006,16.394794,16.443823,16.012380,16.110435,739100,0.00,0.0,-,15.227057,16.673662,16.899778,16.869380,965452.00
10/02/2006,16.532072,16.904681,16.296741,16.463434,667100,0.00,0.0,-,15.211613,16.641108,16.956159,16.969396,975422.00
09/29/2006,16.816427,16.845844,16.502651,16.532068,972000,0.00,0.0,-,15.195532,16.602082,17.008619,17.041957,980210.00
09/28/2006,16.855648,17.179229,16.777204,16.885063,644100,0.00,0.0,-,15.179942,16.568940,17.051273,17.087062,993278.00
09/27/2006,16.894871,17.277287,16.787012,16.855650,689300,0.00,0.0,-,15.163468,16.538150,17.088044,17.092946,996386.00
09/26/2006,17.081177,17.189038,16.855651,16.963511,1187100,0.00,0.0,-,15.146064,16.497360,17.109616,17.124325,1004570.00
09/25/2006,17.208651,17.345929,16.688960,17.189041,903300,0.00,0.0,-,15.127678,16.452254,17.124324,17.130209,1003142.00
09/22/2006,17.051767,17.326322,16.943908,17.130211,1108300,0.00,0.0,-,15.108852,16.408326,17.106184,17.084122,1015948.00
09/21/2006,17.453788,17.542038,17.071375,17.140013,849400,0.00,0.0,-,15.092771,16.368908,17.084122,17.029211,1045980.00
09/20/2006,17.228259,17.669507,17.208648,17.424370,976300,0.00,0.0,-,15.076494,16.339491,17.054215,16.996853,1041526.00
09/19/2006,17.149821,17.336126,16.865462,17.110600,820000,0.00,0.0,-,15.060658,16.310271,17.035584,16.930176,1037682.00
09/18/2006,17.002736,17.473400,16.983125,17.189041,946300,0.00,0.0,-,15.046146,16.284776,17.018915,16.942923,1028806.00
09/15/2006,17.090987,17.149819,16.826238,16.983126,507600,0.00,0.0,-,15.029574,16.264185,17.019405,16.975281,1022458.00
09/14/2006,17.061568,17.159623,16.865459,16.943903,333300,0.00,0.0,-,15.013886,16.256929,17.026269,17.015483,1036144.00
09/13/2006,17.041961,17.257683,16.904685,17.169434,425500,0.00,0.0,-,14.998099,16.245358,17.026269,17.083141,1050626.00
09/12/2006,16.688963,17.179238,16.639935,17.022350,378800,0.00,0.0,-,14.982214,16.237318,16.987536,17.094907,1058748.00
09/11/2006,16.522263,16.885066,16.355570,16.728178,537200,0.00,0.0,-,14.967015,16.236729,16.945863,17.118440,1176020.00
09/08/2006,16.826234,16.894872,16.551679,16.581097,871300,0.00,0.0,-,14.954219,16.224374,16.918407,17.128246,1202646.00
09/07/2006,16.718374,16.983123,16.522265,16.816429,616700,0.00,0.0,-,14.941129,16.193389,16.902228,17.139032,1199242.00
09/06/2006,17.110601,17.159628,16.649742,16.757603,878100,0.00,0.0,-,14.926126,16.157109,16.877714,17.111577,1203064.00
09/05/2006,17.512622,17.512622,17.110597,17.238068,967000,0.00,0.0,-,14.911369,16.132595,16.868399,17.140993,1207712.00
09/01/2006,17.443981,17.542034,17.061565,17.512619,500200,0.00,0.0,-,14.891023,16.094942,16.851239,17.094907,1205624.00
08/31/2006,17.610675,17.610675,17.306705,17.385149,641800,0.00,0.0,-,14.869843,16.049836,16.845356,17.063529,1236310.00
08/30/2006,17.345932,17.659708,17.100795,17.620485,905500,0.00,0.0,-,14.851261,15.989827,16.823294,17.037054,1257208.00
08/29/2006,17.267481,17.316507,16.865456,17.287090,607100,0.00,0.0,-,14.834200,15.926287,16.762990,16.969396,1262762.00
08/28/2006,16.826240,17.365542,16.796823,17.257683,810700,0.00,0.0,-,14.818070,15.869219,16.688468,16.880166,1270280.00
08/25/2006,16.669347,16.904679,16.551680,16.826235,396100,0.00,0.0,-,14.797968,15.824898,16.608063,16.773285,1298416.00
08/24/2006,16.630127,16.767405,16.335962,16.688961,568700,0.00,0.0,-,14.780122,15.795090,16.544327,16.708569,1309254.00
08/23/2006,17.140012,17.159623,16.375184,16.541878,596700,0.00,0.0,-,14.762865,15.749788,16.448233,16.665424,1357314.00
08/22/2006,16.698763,17.100788,16.669346,17.051760,776800,0.00,0.0,-,14.742862,15.706056,16.347726,16.643851,1369230.00
08/21/2006,17.169432,17.169432,16.610519,16.777212,846900,0.00,0.0,-,14.713690,15.659774,16.213881,16.595805,1372364.00
08/18/2006,17.100786,17.287089,16.816425,17.198841,1156300,0.00,0.0,-,14.686088,15.626827,16.099157,16.607571,1365400.00
08/17/2006,16.836039,17.208647,16.826233,17.120398,859100,0.00,0.0,-,14.656279,15.590547,15.964822,16.627183,1366052.00
08/16/2006,16.522266,17.012541,16.365378,16.943903,1316900,0.00,0.0,-,14.627010,15.556424,15.852549,16.609533,1374862.00
08/15/2006,16.414402,16.473235,16.100626,16.394791,1073500,0.00,0.0,-,14.597691,15.529361,15.772634,16.556583,1378210.00
08/14/2006,16.277125,16.453624,16.051599,16.188875,765500,0.00,0.0,-,14.569746,15.517202,15.693700,16.496770,1376642.00
08/11/2006,16.159458,16.228096,15.924126,16.179070,363200,0.00,0.0,-,14.543810,15.526419,15.619669,16.442840,1383414.00
08/10/2006,16.296740,16.424210,16.149656,16.257517,788500,0.00,0.0,-,14.518757,15.537205,15.560346,16.380085,1408514.00
08/09/2006,16.718368,16.806618,16.257511,16.326149,850800,0.00,0.0,-,14.493557,15.538578,15.505435,16.231041,1423686.00
08/08/2006,17.032156,17.061572,16.561491,16.571297,1598600,0.00,0.0,-,14.466984,15.524654,15.472587,16.051601,1422630.00
08/07/2006,17.316511,17.394955,16.688960,16.894875,1089800,0.00,0.0,-,14.439087,15.517398,15.442190,15.831958,1401884.00
08/04/2006,16.963510,17.453785,16.963510,17.394953,2104600,0.00,0.0,-,14.410995,15.502297,15.389240,15.590743,1402510.00
08/03/2006,16.424211,17.012541,16.081018,16.943903,1346100,0.00,0.0,-,14.379029,15.471900,15.327466,15.302461,1396940.00
08/02/2006,15.237743,16.845844,15.002411,16.414402,4236700,0.00,0.0,-,14.350495,15.456408,15.311287,15.095565,1393190.00
08/01/2006,15.590743,15.894713,15.394633,15.796659,1409700,0.00,0.0,-,14.324755,15.456016,15.308836,14.988686,1344050.00
07/31/2006,15.522105,15.718215,15.316189,15.649576,922300,0.00,0.0,-,14.302154,15.474646,15.357373,14.890630,1347736.00
07/28/2006,14.874942,15.728022,14.874942,15.551521,1596900,0.00,0.0,-,14.281366,15.487589,15.424541,14.796498,1345000.00
07/27/2006,14.580774,15.002411,14.570969,14.767079,1403100,0.00,0.0,-,14.262098,15.505435,15.452486,14.740606,1330478.00
07/26/2006,14.276807,14.688637,14.119918,14.531749,1178700,0.00,0.0,-,14.246752,15.546814,15.465724,14.779829,1321384.00
07/25/2006,14.472916,14.865136,14.296417,14.374861,1544000,0.00,0.0,-,14.233074,15.601333,15.489257,14.893572,1317502.00
07/24/2006,14.610193,14.619999,14.247390,14.482722,1237600,0.00,0.0,-,14.221896,15.661539,15.547109,15.052422,1310692.00
07/21/2006,14.825916,14.835722,14.482724,14.512140,906500,0.00,0.0,-,14.209541,15.730373,15.590744,15.187738,1301994.00
07/20/2006,15.424048,15.502493,14.865135,14.874941,1625400,0.00,0.0,-,14.198804,15.804110,15.628005,15.352470,1299294.00
07/19/2006,14.776887,15.443661,14.776887,15.345606,799500,0.00,0.0,-,14.189145,15.871376,15.603491,15.527009,1288734.00
07/18/2006,14.835720,14.894553,14.669027,14.816109,1098500,0.00,0.0,-,14.174976,15.935112,15.558385,15.628986,1316594.00
07/17/2006,14.933773,15.051440,14.600387,14.708247,1115700,0.00,0.0,-,14.164386,15.997475,15.539265,15.824116,1326754.00
07/14/2006,15.071055,15.247554,14.757279,14.992611,1543600,0.00,0.0,-,14.152816,16.060622,15.555934,16.052584,1395810.00
07/13/2006,15.541715,15.541715,14.982801,15.159300,2609900,0.00,0.0,-,14.140020,16.092784,15.573094,16.164366,1394726.00
07/12/2006,15.904518,16.002574,15.571132,15.669187,626700,0.00,0.0,-,14.126733,16.114749,15.536323,16.151619,1368628.00
07/11/2006,15.767245,16.071215,15.669190,15.963356,784100,0.00,0.0,-,14.110750,16.117494,15.470626,16.084942,1367540.00
07/10/2006,16.188883,16.228104,15.796663,15.835884,376200,0.00,0.0,-,14.092953,16.116318,15.409342,16.041797,1383118.00
07/07/2006,16.522266,16.522266,16.031991,16.159462,628900,0.00,0.0,-,14.075107,16.116906,15.374042,15.993750,1494472.00
07/06/2006,16.424214,16.865463,16.286938,16.620325,1191900,0.00,0.0,-,14.054123,16.119259,15.335310,15.903539,1500562.00
07/05/2006,16.669351,16.737989,16.188882,16.365381,1057400,0.00,0.0,-,14.030982,16.114748,15.275006,15.679973,1495534.00
07/03/2006,16.806626,16.855654,16.620322,16.767405,831600,0.00,0.0,-,14.010146,16.112003,15.236274,15.487785,1497800.00
06/30/2006,16.237904,16.992928,15.904517,16.992928,6242400,0.00,0.0,-,13.987593,16.108473,15.187246,15.254414,1501018.00
06/29/2006,15.198524,16.120241,15.178912,16.110435,1868500,0.00,0.0,-,13.963766,16.104159,15.170087,15.059285,1390858.00
06/28/2006,15.041634,15.071050,14.727858,15.031828,701100,0.00,0.0,-,13.945625,16.121024,15.200484,14.981821,1365784.00
06/27/2006,15.580936,15.678991,14.972996,15.002412,807800,0.00,0.0,-,13.933614,16.158481,15.265200,14.921027,1380502.00
06/26/2006,15.522105,15.767243,15.365217,15.531911,1110500,0.00,0.0,-,13.918415,16.178680,15.296578,14.856311,1374794.00
06/23/2006,15.169106,15.600547,14.963190,15.355410,862600,0.00,0.0,-,13.900373,16.187702,15.330406,14.776886,1363536.00
06/22/2006,14.982800,15.257355,14.816107,15.257355,2034500,0.00,0.0,-,13.882919,16.206332,15.369628,14.754334,1376678.00
06/21/2006,14.374860,14.610191,14.335638,14.384665,1686700,0.00,0.0,-,13.865956,16.207313,15.400516,14.767081,1376288.00
06/20/2006,14.355251,14.776887,14.316029,14.443500,1183200,0.00,0.0,-,13.851591,16.236925,15.489746,14.870039,1353894.00
06/19/2006,15.002414,15.080858,14.325834,14.433695,983000,0.00,0.0,-,13.838451,16.273009,15.587311,14.984763,1354106.00
06/16/2006,15.325995,15.473077,14.796498,15.041636,2217500,0.00,0.0,-,13.825116,16.308702,15.702035,15.120079,1378176.00
06/15/2006,14.482722,15.414244,14.443499,15.335800,938000,0.00,0.0,-,13.807025,16.330274,15.764790,15.280889,1349158.00
06/14/2006,14.276804,14.610190,14.188555,14.423886,2971700,0.00,0.0,-,13.785011,16.339295,15.820190,15.419147,1345850.00
06/13/2006,14.639610,15.002413,14.217973,14.355250,1192500,0.00,0.0,-,13.764371,16.365181,15.940798,15.609373,1305980.00
06/12/2006,14.806303,15.061246,14.600388,14.737664,933500,0.00,0.0,-,13.745446,16.392244,16.085920,15.736844,1300336.00
06/09/2006,15.541720,15.610358,15.002417,15.129889,498700,0.00,0.0,-,13.724413,16.407345,16.218294,15.883927,1295422.00
06/08/2006,15.247551,15.512299,14.659221,15.384828,1188900,0.00,0.0,-,13.701861,16.416562,16.358022,15.984923,1319380.00
06/07/2006,15.590741,15.678991,15.335799,15.414243,1299600,0.00,0.0,-,13.678867,16.412836,16.498731,16.033950,1341216.00
06/06/2006,15.855491,16.002573,15.551520,15.590742,1484300,0.00,0.0,-,13.654794,16.410875,16.639930,16.109453,1339228.00
06/05/2006,16.404598,16.404598,15.747630,15.786853,995100,0.00,0.0,-,13.628810,16.402050,16.787013,16.189858,1324406.00
06/02/2006,16.914485,16.924291,16.326155,16.649736,1104100,0.00,0.0,-,13.603070,16.387734,16.894383,16.283990,1329146.00
06/01/2006,16.571292,16.767403,16.120240,16.718374,1618200,0.00,0.0,-,13.572428,16.348512,16.955177,16.248690,1334192.00
05/31/2006,15.747625,16.394787,15.649570,16.326149,1547100,0.00,0.0,-,13.542816,16.304191,16.949294,16.221234,1326076.00
05/30/2006,16.081020,16.130048,15.620162,15.629967,798000,0.00,0.0,-,13.514723,16.263988,16.945862,16.272224,1329430.00
05/26/2006,16.228098,16.424209,16.139848,16.208488,561300,0.00,0.0,-,13.489768,16.248692,16.954687,16.434995,1418638.00
05/25/2006,16.120239,16.179072,15.875102,16.139849,1121100,0.00,0.0,-,13.460695,16.219864,16.939489,16.552662,1457886.00
05/24/2006,16.081018,16.365378,15.531910,15.875103,1826100,0.00,0.0,-,13.431180,16.178877,16.925761,16.731121,1472964.00
05/23/2006,16.600712,16.855655,16.130049,16.169270,1158600,0.00,0.0,-,13.403038,16.127888,16.945863,16.963511,1460932.00
05/22/2006,16.483040,16.639928,15.953544,16.394791,1779700,0.00,0.0,-,13.375485,16.069840,16.957139,17.170407,1446224.00
05/19/2006,16.257515,16.875260,16.257515,16.728178,1594000,0.00,0.0,-,13.343764,16.010810,16.948804,17.384167,1428756.00
05/18/2006,16.443816,16.865453,16.218290,16.296734,785500,0.00,0.0,-,13.312730,15.941780,16.941941,17.504776,1407090.00
05/17/2006,16.473231,16.728174,16.218289,16.443815,870800,0.00,0.0,-,13.283411,15.884712,16.965965,17.661664,1413832.00
05/16/2006,17.198849,17.473401,16.796821,16.836044,948400,0.00,0.0,-,13.253063,15.816858,16.991459,17.677354,1415354.00
05/15/2006,17.228266,17.365542,16.836046,17.257683,984600,0.00,0.0,-,13.220460,15.746847,16.994891,17.619501,1432832.00
05/12/2006,17.434178,17.806786,17.336122,17.385149,1203500,0.00,0.0,-,13.185160,15.675070,16.932626,17.474379,1428116.00
05/11/2006,18.169585,18.218612,17.846004,17.924448,802700,0.00,0.0,-,13.148635,15.601529,16.862517,17.326316,1434852.00
05/10/2006,18.169586,18.306862,18.042114,18.199001,771500,0.00,0.0,-,13.108677,15.516810,16.780641,17.120401,1456988.00
05/09/2006,18.434339,18.532394,18.140174,18.238230,1097400,0.00,0.0,-,13.066661,15.421304,16.636010,16.928214,1470920.00
05/08/2006,17.895035,18.552004,17.865618,18.532393,2192500,0.00,0.0,-,13.024840,15.327367,16.517363,16.743870,1482734.00
05/05/2006,17.846012,18.169593,17.551846,17.934261,1606500,0.00,0.0,-,12.979686,15.218919,16.403129,16.513441,1494290.00
05/04/2006,16.963510,18.022504,16.669346,17.865616,4568500,0.00,0.0,-,12.938503,15.112235,16.317331,16.379106,1537092.00
05/03/2006,16.296742,16.600712,16.188881,16.600712,1489400,0.00,0.0,-,12.896535,14.998491,16.230062,16.270265,1494238.00
05/02/2006,15.835880,16.257517,15.688798,16.257517,1305000,0.00,0.0,-,12.859127,14.907888,16.189369,16.305565,1499092.00
05/01/2006,15.865298,16.110435,15.786854,15.806465,572300,0.00,0.0,-,12.822357,14.831994,16.162404,16.370281,1488156.00
04/28/2006,15.718218,16.022188,15.688801,15.904521,1563000,0.00,0.0,-,12.787939,14.770807,16.157502,16.390872,1496328.00
04/27/2006,15.296578,16.002573,15.022023,15.865296,5943900,0.00,0.0,-,12.753032,14.712366,16.136910,16.398717,1471700.00
04/26/2006,16.463435,16.581100,16.012381,16.277130,933400,0.00,0.0,-,12.718271,14.652553,16.123182,16.440881,1362532.00
04/25/2006,16.228097,16.434014,15.953544,16.394791,940500,0.00,0.0,-,12.681255,14.580581,16.069252,16.343806,1359396.00
04/24/2006,16.571295,16.571295,15.943743,16.228102,1170700,0.00,0.0,-,12.643357,14.508216,16.015321,16.290857,1353826.00
04/21/2006,17.071375,17.071375,16.414407,16.590906,992500,0.00,0.0,-,12.605851,14.434871,15.961391,16.292818,1339436.00
04/20/2006,16.865462,16.953711,16.590907,16.777212,734400,0.00,0.0,-,12.566433,14.353093,15.885398,16.255557,1340046.00
04/19/2006,16.865457,16.953707,16.571291,16.953707,614800,0.00,0.0,-,12.526378,14.260333,15.780970,16.189860,1349674.00
04/18/2006,16.051599,17.012538,16.051599,16.904676,1437000,0.00,0.0,-,12.484998,14.168750,15.658401,16.073174,1354966.00
04/17/2006,15.963354,16.149657,15.875104,16.012381,522400,0.00,0.0,-,12.443619,14.085403,15.528968,15.954528,1337640.00
04/13/2006,16.179079,16.326161,15.914330,15.982968,547600,0.00,0.0,-,12.406702,14.022648,15.471606,15.924131,1338230.00
04/12/2006,15.306385,16.345768,15.306385,16.286936,1519700,0.00,0.0,-,12.369539,13.970090,15.410812,15.875103,1334948.00
04/11/2006,15.865297,15.865297,14.904358,15.306383,2015000,0.00,0.0,-,12.330219,13.915964,15.300990,15.805483,1312596.00
04/10/2006,16.247710,16.306543,15.757435,15.865296,567000,0.00,0.0,-,12.296978,13.879880,15.201955,15.794697,1279694.00
04/07/2006,16.316349,16.483043,16.022185,16.247711,1193800,0.00,0.0,-,12.261237,13.832813,15.072032,15.739786,1277502.00
04/06/2006,16.031993,16.277130,15.845688,16.218298,2186500,0.00,0.0,-,12.224515,13.774372,14.931813,15.629964,1264978.00
04/05/2006,15.747629,16.130045,15.600547,16.120239,766600,0.00,0.0,-,12.187402,13.708283,14.784730,15.515240,1231568.00
04/04/2006,15.669186,15.953546,15.590742,15.786853,772600,0.00,0.0,-,12.152592,13.646313,14.650885,15.372080,1226170.00
04/03/2006,15.777048,16.071213,15.620161,15.718216,978200,0.00,0.0,-,12.119940,13.585126,14.514099,15.243627,1225778.00
03/31/2006,15.639768,15.777046,15.512297,15.708407,910300,0.00,0.0,-,12.088023,13.523156,14.394962,15.103409,1225488.00
03/30/2006,15.561324,15.629963,15.355409,15.492686,687800,0.00,0.0,-,12.054831,13.463146,14.292984,15.019081,1224070.00
03/29/2006,15.688797,15.688797,15.149495,15.590742,1696600,0.00,0.0,-,12.021836,13.401371,14.203754,14.946521,1229112.00
03/28/2006,15.325994,15.551520,15.198523,15.198523,2280700,0.00,0.0,-,11.988056,13.341362,14.108641,14.796497,1213612.00
03/27/2006,15.100466,15.345603,15.061244,15.316187,1200200,0.00,0.0,-,11.955698,13.296060,14.019902,14.609212,1183354.00
03/24/2006,15.002411,15.325992,14.972995,15.149493,743200,0.00,0.0,-,11.923094,13.249778,13.931162,14.404277,1174084.00
03/23/2006,14.590583,15.218136,14.512139,15.071053,1232100,0.00,0.0,-,11.890736,13.213106,13.829185,14.233661,1177250.00
03/22/2006,14.404277,14.874942,14.404277,14.688637,1356400,0.00,0.0,-,11.858770,13.180552,13.705636,14.054221,1171584.00
03/21/2006,14.247388,14.776884,14.198360,14.502331,1212400,0.00,0.0,-,11.828962,13.159372,13.580125,13.929691,1154732.00
03/20/2006,14.825913,14.855329,14.286610,14.316028,1714800,0.00,0.0,-,11.801457,13.141722,13.458537,13.784570,1140884.00
03/17/2006,14.757275,15.071051,14.610192,14.865135,5258400,0.00,0.0,-,11.776502,13.127406,13.365875,13.686515,1127366.00
03/16/2006,14.168943,14.816106,14.021861,14.767079,2523700,0.00,0.0,-,11.747380,13.094263,13.259976,13.566887,1034934.00
03/15/2006,13.355089,14.267001,13.247229,14.090502,1875000,0.00,0.0,-,11.717816,13.061121,13.170746,13.460988,999294.00
03/14/2006,13.227620,13.531591,13.109954,13.325675,1224500,0.00,0.0,-,11.691734,13.037587,13.109952,13.420786,972024.00
03/13/2006,13.433533,13.649254,13.237423,13.266839,423200,0.00,0.0,-,11.669475,13.033469,13.077594,13.430592,956924.00
03/10/2006,13.325671,13.531586,13.188393,13.443336,906300,0.00,0.0,-,11.646873,13.031508,13.053080,13.458047,956042.00
03/09/2006,13.462949,13.600226,13.237423,13.276645,510700,0.00,0.0,-,11.623929,13.022879,13.008956,13.424709,946028.00
03/08/2006,13.060922,13.472753,12.884423,13.443336,1122600,0.00,0.0,-,11.602945,13.023664,12.970224,13.357051,942318.00
03/07/2006,13.276646,13.433534,12.962870,13.051120,946900,0.00,0.0,-,11.580981,13.023075,12.905017,13.230560,936582.00
03/06/2006,13.659059,13.668864,13.247228,13.335478,1822300,0.00,0.0,-,11.561615,13.020722,12.871188,13.132505,927078.00
03/03/2006,13.531588,13.825753,13.443338,13.668864,748800,0.00,0.0,-,11.538278,13.008563,12.841282,13.045236,898574.00
03/02/2006,13.619837,13.874780,13.521782,13.708086,1540300,0.00,0.0,-,11.513323,12.988168,12.801569,12.953065,892254.00
03/01/2006,13.423730,13.698284,13.404119,13.688478,1909500,0.00,0.0,-,11.487583,12.971498,12.783920,12.880504,885288.00
02/28/2006,13.511982,13.678676,13.217817,13.423733,1468100,0.00,0.0,-,11.460471,12.958163,12.778527,12.799118,861470.00
02/27/2006,13.384505,13.561005,13.149174,13.541394,1688100,0.00,0.0,-,11.435320,12.954633,12.782448,12.724596,843294.00
02/24/2006,13.580615,13.678670,12.992285,13.109951,2770300,0.00,0.0,-,11.410365,12.952083,12.780978,12.648113,824272.00
02/23/2006,12.296096,12.805983,12.188236,12.600067,3746600,0.00,0.0,-,11.386734,12.961693,12.791764,12.593203,783850.00
02/22/2006,12.168623,12.452982,12.070569,12.178429,2425800,0.00,0.0,-,11.367858,12.977185,12.807453,12.583397,714254.00
02/21/2006,12.443176,12.541232,12.060762,12.070568,1732100,0.00,0.0,-,11.349865,12.999346,12.849616,12.579475,682070.00
02/17/2006,12.001932,12.825594,12.001932,12.462790,758200,0.00,0.0,-,11.331676,13.026409,12.882465,12.609872,660156.00
02/16/2006,12.933455,13.070732,12.551041,12.747150,980900,0.00,0.0,-,11.308780,13.055434,12.890309,12.637327,657130.00
02/15/2006,12.835397,13.109951,12.786369,12.982479,331600,0.00,0.0,-,11.284609,13.078182,12.888348,12.650074,648160.00
02/14/2006,12.649093,13.060925,12.482400,12.874620,485500,0.00,0.0,-,11.258968,13.103677,12.859422,12.687335,655212.00
02/13/2006,12.756954,12.913841,12.609871,12.678510,776600,0.00,0.0,-,11.233719,13.130347,12.845204,12.757935,658232.00
02/10/2006,13.041315,13.100148,12.502013,12.776567,662000,0.00,0.0,-,11.208470,13.154273,12.857951,12.840301,663956.00
02/09/2006,12.511818,12.855010,12.502012,12.560845,451200,0.00,0.0,-,11.183073,13.175649,12.869227,12.913842,664152.00
02/08/2006,12.149011,12.570647,12.060761,12.502008,1023000,0.00,0.0,-,11.158363,13.200163,12.906978,12.990325,669090.00
02/07/2006,12.403956,12.531427,12.001931,12.139208,1215800,0.00,0.0,-,11.134732,13.229971,12.954045,13.031509,652116.00
02/06/2006,12.502012,12.629484,12.237263,12.374540,879400,0.00,0.0,-,11.112327,13.266840,13.028566,13.119758,633434.00
02/03/2006,12.747149,12.943258,12.551039,12.737343,570700,0.00,0.0,-,11.089137,13.302728,13.090831,13.155058,638330.00
02/02/2006,13.237424,13.276646,12.805982,12.874620,551900,0.00,0.0,-,11.063544,13.327242,13.133976,13.143291,637944.00
02/01/2006,13.482564,13.629646,13.315870,13.355092,383500,0.00,0.0,-,11.038197,13.346069,13.150645,13.126622,643326.00
01/31/2006,13.482560,13.678669,13.355088,13.580615,402100,0.00,0.0,-,11.009663,13.355090,13.138388,13.031508,670116.00
01/30/2006,13.482560,13.649254,13.404116,13.502172,369900,0.00,0.0,-,10.979266,13.346853,13.105049,12.932473,682896.00
01/27/2006,13.374703,13.668867,13.237425,13.511979,457400,0.00,0.0,-,10.950144,13.342342,13.085928,12.875601,712828.00
01/26/2006,12.943260,13.384507,12.904038,13.325675,567600,0.00,0.0,-,10.921316,13.345480,13.068769,12.824612,746612.00
01/25/2006,13.021701,13.060923,12.727536,12.913841,516000,0.00,0.0,-,10.895184,13.363130,13.053080,12.823631,797218.00
01/24/2006,12.717733,13.051120,12.717733,13.021703,496700,0.00,0.0,-,10.869641,13.386075,13.073181,12.876581,855648.00
01/23/2006,12.698123,12.864816,12.570651,12.727539,753000,0.00,0.0,-,10.843264,13.390389,13.092792,12.937375,882690.00
01/20/2006,12.805982,12.805982,12.590260,12.619677,963700,0.00,0.0,-,10.818211,13.400979,13.103088,13.026605,956622.00
01/19/2006,12.629481,12.766758,12.286288,12.707925,839400,0.00,0.0,-,10.792667,13.413334,13.108481,13.124660,1016188.00
01/18/2006,12.452985,12.590262,12.296097,12.403957,939900,0.00,0.0,-,10.766683,13.410000,13.105539,13.174668,1101148.00
01/17/2006,12.835399,12.845205,12.335318,12.590261,921600,0.00,0.0,-,10.742169,13.386271,13.129072,13.245267,1109094.00
01/13/2006,13.021700,13.080534,12.698119,12.933451,767800,0.00,0.0,-,10.716479,13.359600,13.150644,13.277625,1109514.00
01/12/2006,13.227618,13.404118,12.805983,13.002092,736700,0.00,0.0,-,10.689219,13.325673,13.166333,13.296256,1107844.00
01/11/2006,13.423727,13.482560,13.178589,13.315866,901500,0.00,0.0,-,10.661666,13.290962,13.186925,13.312925,1108410.00
01/10/2006,13.502170,13.629641,13.384503,13.443336,948800,0.00,0.0,-,10.632053,13.246249,13.200652,13.282528,1109404.00
01/09/2006,13.590421,13.717893,13.394312,13.629643,513800,0.00,0.0,-,10.602245,13.193495,13.197221,13.269781,1105966.00
01/06/2006,13.698283,13.806143,13.521783,13.619839,520000,0.00,0.0,-,10.570867,13.140938,13.180061,13.248209,1104348.00
01/05/2006,13.227616,13.688475,13.090340,13.600225,1038900,0.00,0.0,-,10.539636,13.091910,13.170256,13.179571,1103560.00
01/04/2006,13.100144,13.433531,12.972672,13.208005,636800,0.00,0.0,-,10.509730,13.044255,13.185945,13.092302,1098914.00
01/03/2006,13.002091,13.227617,12.766759,13.109951,741700,0.00,0.0,-,10.480460,13.000327,13.219774,13.036411,1096728.00
12/30/2005,13.021701,13.070729,12.815786,12.913841,511500,0.00,0.0,-,10.451779,12.957967,13.277136,13.012877,1099814.00
12/29/2005,13.198202,13.266840,12.933453,13.119758,469500,0.00,0.0,-,10.423981,12.925217,13.341852,13.023664,1114052.00
12/28/2005,13.031509,13.178591,12.796177,13.168786,379100,0.00,0.0,-,10.394466,12.882857,13.379603,13.036411,1122604.00
12/27/2005,13.335481,13.413925,12.855011,13.011900,405600,0.00,0.0,-,10.364608,12.844223,13.413432,13.060924,1130738.00
12/23/2005,13.423727,13.561004,13.247228,13.315866,325200,0.00,0.0,-,10.336025,12.809316,13.452164,13.118776,1152406.00
12/22/2005,12.923647,13.433533,12.923647,13.413922,835800,0.00,0.0,-,10.306364,12.768525,13.485993,13.124660,1173162.00
12/21/2005,12.698119,13.002090,12.698119,12.933451,471700,0.00,0.0,-,10.275378,12.730087,13.514429,13.111913,1183576.00
12/20/2005,12.600068,12.884428,12.551041,12.727539,397100,0.00,0.0,-,10.247384,12.705377,13.576204,13.160941,1196016.00
12/19/2005,12.953062,12.962867,12.570647,12.649091,432800,0.00,0.0,-,10.219977,12.684786,13.637979,13.279587,1206636.00
12/16/2005,12.992286,13.060925,12.619677,12.874620,1192000,0.00,0.0,-,10.194189,12.667724,13.696321,13.403137,1236490.00
12/15/2005,13.247230,13.296257,12.933453,13.021703,718600,0.00,0.0,-,10.167077,12.653016,13.742897,13.541395,1260824.00
12/14/2005,13.433532,13.443337,13.198200,13.247228,559300,0.00,0.0,-,10.139327,12.632817,13.750252,13.660041,1288480.00
12/13/2005,13.551199,13.570810,13.257034,13.413922,737000,0.00,0.0,-,10.110646,12.615167,13.751722,13.722796,1335272.00
12/12/2005,13.364896,13.619839,13.276646,13.590422,749200,0.00,0.0,-,10.080690,12.605753,13.764470,13.765940,1360732.00
12/09/2005,13.276644,13.492365,13.227617,13.374700,266800,0.00,0.0,-,10.051225,12.584181,13.795357,13.785552,1363504.00
12/08/2005,13.276648,13.580619,13.109955,13.286454,816600,0.00,0.0,-,10.023573,12.570650,13.829676,13.847326,1377610.00
12/07/2005,13.874786,13.904203,13.394317,13.423733,636400,0.00,0.0,-,9.995676,12.552804,13.827225,13.916945,1372748.00
12/06/2005,13.972836,14.061085,13.806142,13.914002,606900,0.00,0.0,-,9.967878,12.532996,13.818890,13.991466,1377206.00
12/05/2005,14.316029,14.345445,13.796337,13.884586,532400,0.00,0.0,-,9.937334,12.504757,13.785061,13.996370,1378592.00
12/02/2005,14.110113,14.296417,13.923808,14.257195,684200,0.00,0.0,-,9.907917,12.476517,13.717893,13.989506,1388362.00
12/01/2005,13.972836,14.217974,13.776726,14.208168,636500,0.00,0.0,-,9.876344,12.439452,13.565908,13.944400,1409760.00
11/30/2005,13.835557,14.129722,13.776724,13.874779,1062800,0.00,0.0,-,9.846486,12.400622,13.418335,13.840462,1420630.00
11/29/2005,13.972836,14.178752,13.786532,13.845365,671800,0.00,0.0,-,9.817363,12.362381,13.286452,13.780649,1433464.00
11/28/2005,14.070894,14.090504,13.619841,13.786534,698100,0.00,0.0,-,9.788094,12.325316,13.157509,13.762999,1433732.00
11/25/2005,14.021863,14.080696,13.864975,13.992447,174300,0.00,0.0,-,9.757109,12.293546,13.022193,13.805162,1468282.00
11/23/2005,14.119919,14.178752,13.943420,13.982642,281700,0.00,0.0,-,9.724554,12.258835,12.862854,13.812026,1477040.00
11/22/2005,13.963030,14.217973,13.815948,14.168945,1124200,0.00,0.0,-,9.692147,12.223731,12.713810,13.737504,1479092.00
11/21/2005,13.894396,14.002257,13.668869,13.963035,551400,0.00,0.0,-,9.659446,12.190000,12.563786,13.646313,1472772.00
11/18/2005,13.904198,13.904198,13.649255,13.815948,821000,0.00,0.0,-,9.627235,12.163329,12.426509,13.573752,1495326.00
11/17/2005,13.257034,13.855169,13.247228,13.806141,1723000,0.00,0.0,-,9.595367,12.126264,12.286290,13.446281,1501552.00
11/16/2005,13.237424,13.325674,12.894231,13.168786,1041100,0.00,0.0,-,9.562568,12.088611,12.145581,13.187416,1481684.00
11/15/2005,13.639448,13.668864,13.139367,13.276645,1866500,0.00,0.0,-,9.533690,12.062528,12.050958,12.996209,1484188.00
11/14/2005,13.619838,14.198361,13.511976,13.668864,2146600,0.00,0.0,-,9.503686,12.034289,11.937215,12.792254,1469164.00
11/11/2005,14.659221,14.678832,13.923809,14.208168,3097900,0.00,0.0,-,9.472014,11.991144,11.815626,12.552020,1450040.00
11/10/2005,13.198202,14.090502,13.149174,14.061086,3437500,0.00,0.0,-,9.436910,11.943294,11.668544,12.239224,1418642.00
11/09/2005,13.237425,13.561006,13.168787,13.237425,1848800,0.00,0.0,-,9.402885,11.897404,11.529306,11.913682,1412284.00
11/08/2005,13.266841,13.384507,12.992287,13.257036,4449600,0.00,0.0,-,9.373272,11.861123,11.442037,11.690116,1447552.00
11/07/2005,12.717734,13.374702,12.649094,13.237425,3942000,0.00,0.0,-,9.343022,11.814645,11.364083,11.481259,1389636.00
11/04/2005,11.864654,12.962870,11.766599,12.541233,5087400,0.00,0.0,-,9.312674,11.755812,11.287110,11.279265,1329152.00
11/03/2005,11.276326,11.433213,11.188076,11.217492,1337200,0.00,0.0,-,9.285513,11.716394,11.249849,11.126300,1235896.00
11/02/2005,11.197879,11.335157,11.109630,11.256712,942600,0.00,0.0,-,9.266196,11.702666,11.295934,11.103747,1218458.00
11/01/2005,11.109631,11.364574,10.982159,11.237103,684300,0.00,0.0,-,9.246683,11.689919,11.333686,11.105708,1208010.00
10/31/2005,11.148850,11.325349,11.148850,11.266516,765000,0.00,0.0,-,9.227955,11.680898,11.390067,11.082175,1208480.00
10/28/2005,10.933130,11.178267,10.815464,11.080213,951200,0.00,0.0,-,9.208834,11.667563,11.473904,11.079233,1210686.00
10/27/2005,10.991965,10.991965,10.697800,10.805661,776900,0.00,0.0,-,9.189910,11.653835,11.545484,11.097864,1205268.00
10/26/2005,11.119435,11.237101,10.893908,11.001769,432900,0.00,0.0,-,9.172309,11.650501,11.640107,11.144930,1201622.00
10/25/2005,11.197881,11.217491,10.982160,11.168465,480600,0.00,0.0,-,9.154070,11.640892,11.709726,11.193957,1206726.00
10/24/2005,11.011577,11.295937,10.942938,11.217492,806600,0.00,0.0,-,9.135587,11.633440,11.772972,11.246907,1221642.00
10/21/2005,11.001771,11.237103,10.864494,11.011576,527500,0.00,0.0,-,9.117447,11.623242,11.837198,11.294954,1218376.00
10/20/2005,11.178267,11.227295,10.854686,10.991963,896000,0.00,0.0,-,9.100532,11.615790,11.910249,11.373398,1223542.00
10/19/2005,11.080214,11.276323,11.031186,11.276323,1223400,0.00,0.0,-,9.083814,11.603827,11.980848,11.488122,1228074.00
10/18/2005,11.227295,11.276323,10.815464,11.001769,897100,0.00,0.0,-,9.065184,11.583039,12.030366,11.561663,1214388.00
10/17/2005,11.237103,11.374380,11.060603,11.237103,785800,0.00,0.0,-,9.049691,11.567939,12.078413,11.697959,1218058.00
10/14/2005,11.315543,11.335155,10.786047,11.266516,1489000,0.00,0.0,-,9.032727,11.556368,12.116164,11.868575,1240690.00
10/13/2005,11.629321,11.629321,11.099824,11.276323,1363000,0.00,0.0,-,9.016597,11.532051,12.162740,11.993105,1232004.00
10/12/2005,11.688152,11.835234,11.315543,11.492043,1356500,0.00,0.0,-,9.000173,11.516950,12.211768,12.135285,1221020.00
10/11/2005,11.697961,12.031348,11.619517,11.697961,1093700,0.00,0.0,-,8.982670,11.495770,12.248539,12.225496,1207796.00
10/10/2005,11.835237,11.864654,11.452823,11.697961,928100,0.00,0.0,-,8.963157,11.469296,12.287761,12.299037,1199752.00
10/07/2005,11.570488,11.894069,11.099823,11.796014,1925500,0.00,0.0,-,8.943644,11.441644,12.334337,12.379442,1195482.00
10/06/2005,11.962709,12.305901,11.815626,12.139208,2408700,0.00,0.0,-,8.923886,11.409678,12.342671,12.447100,1171648.00
10/05/2005,12.305900,12.403955,11.864653,12.011735,2101400,0.00,0.0,-,8.901432,11.368495,12.331885,12.473575,1135400.00
10/04/2005,12.776563,12.992284,12.325510,12.364732,2898900,0.00,0.0,-,8.878928,11.326920,12.324531,12.499069,1108984.00
10/03/2005,12.560844,13.031507,12.560844,12.943257,2010000,0.00,0.0,-,8.855836,11.275539,12.299527,12.458867,1071780.00
09/30/2005,12.678510,12.747148,12.423566,12.511816,887800,0.00,0.0,-,8.830097,11.214157,12.227947,12.363754,1066958.00
09/29/2005,12.403957,12.776566,12.266680,12.698122,972100,0.00,0.0,-,8.805485,11.153951,12.193138,12.332376,1062182.00
09/28/2005,12.443178,12.502012,12.217652,12.394152,573500,0.00,0.0,-,8.779746,11.093941,12.146562,12.288251,1059650.00
09/27/2005,12.511815,12.698119,12.266678,12.433372,859300,0.00,0.0,-,8.755036,11.035500,12.098024,12.271582,1092878.00
09/26/2005,12.629480,12.639286,12.384343,12.502008,676200,0.00,0.0,-,8.729639,10.969215,12.023012,12.276484,1108386.00
09/23/2005,12.315707,12.600067,12.266680,12.472595,1020900,0.00,0.0,-,8.704733,10.897243,11.912700,12.289232,1110250.00
09/22/2005,12.551040,12.590262,12.256875,12.403957,1754100,0.00,0.0,-,8.680612,10.826251,11.817587,12.238243,1108732.00
09/21/2005,11.864653,12.413760,11.815625,12.266678,1180000,0.00,0.0,-,8.657128,10.756632,11.723944,12.190196,1104694.00
09/20/2005,11.962708,12.207846,11.717571,11.962708,1704500,0.00,0.0,-,8.635703,10.689562,11.641578,12.149994,1103568.00
09/19/2005,12.256875,12.266681,11.913683,11.992126,685200,0.00,0.0,-,8.616092,10.627788,11.582745,12.140188,1116698.00
09/16/2005,12.335316,12.335316,11.874458,12.198039,2425600,0.00,0.0,-,8.595304,10.564248,11.513126,12.092141,1134682.00
09/15/2005,12.237261,12.482398,12.198039,12.256872,612200,0.00,0.0,-,8.573830,10.494825,11.422916,12.053900,1119878.00
09/14/2005,12.462792,12.590263,12.207848,12.227460,384300,0.00,0.0,-,8.550346,10.423833,11.342021,12.004872,1122822.00
09/13/2005,12.658898,12.668704,12.345123,12.482399,808200,0.00,0.0,-,8.527107,10.354606,11.256713,11.924467,1130184.00
09/12/2005,12.050959,12.884426,11.864655,12.629483,1679100,0.00,0.0,-,8.502544,10.278516,11.172385,11.769540,1126204.00
09/09/2005,11.962708,12.060764,11.845043,11.962708,1132300,0.00,0.0,-,8.476854,10.198503,11.076291,11.536169,1112026.00
09/08/2005,11.766600,12.060765,11.727378,11.923488,729600,0.00,0.0,-,8.453909,10.131826,11.010104,11.396931,1124708.00
09/07/2005,11.864652,12.050956,11.727374,11.864652,1166300,0.00,0.0,-,8.431797,10.064364,10.933621,11.257693,1139770.00
09/06/2005,11.472431,11.884262,11.472431,11.864652,1115300,0.00,0.0,-,8.410078,9.995529,10.852235,11.133163,1151322.00
09/02/2005,11.864654,11.864654,11.374379,11.511656,1190400,0.00,0.0,-,8.388261,9.931401,10.771340,11.025303,1188138.00
09/01/2005,11.786211,11.903877,11.717572,11.815627,1528000,0.00,0.0,-,8.368552,9.875510,10.728686,10.934112,1193312.00
08/31/2005,11.619518,11.854849,11.609712,11.766600,3119600,0.00,0.0,-,8.347960,9.817265,10.640437,10.791932,1201440.00
08/30/2005,11.080213,11.697959,11.080213,11.423405,3612200,0.00,0.0,-,8.327320,9.757844,10.578172,10.679169,1169398.00
08/29/2005,10.315383,11.001767,10.315383,10.933128,1553800,0.00,0.0,-,8.307366,9.712543,10.528654,10.588958,1104634.00
08/26/2005,10.560520,10.609547,10.207522,10.295772,917800,0.00,0.0,-,8.289176,9.679008,10.500708,10.575230,1098208.00
08/25/2005,10.570329,10.678190,10.482079,10.570329,424600,0.00,0.0,-,8.273684,9.659789,10.501689,10.616414,1097416.00
08/24/2005,10.589939,10.825271,10.442856,10.531106,465300,0.00,0.0,-,8.257014,9.629784,10.483059,10.623277,1102828.00
08/23/2005,10.805663,10.854690,10.452664,10.619358,420200,0.00,0.0,-,8.240933,9.597034,10.460506,10.609549,1109514.00
08/22/2005,10.619355,10.795855,10.580133,10.786049,707800,0.00,0.0,-,8.223136,9.561342,10.426187,10.571307,1116274.00
08/19/2005,10.393832,10.697802,10.295777,10.599748,875300,0.00,0.0,-,8.202692,9.520159,10.376669,10.517377,1115852.00
08/18/2005,10.540910,10.540910,10.187912,10.393827,680300,0.00,0.0,-,8.182346,9.484074,10.340388,10.523260,1110882.00
08/17/2005,10.452661,10.805659,10.452661,10.638966,594600,0.00,0.0,-,8.163960,9.449755,10.295773,10.488941,1109474.00
08/16/2005,10.707605,10.805661,10.442856,10.521300,688100,0.00,0.0,-,8.144790,9.410533,10.248707,10.477174,1111234.00
08/15/2005,10.609545,10.854682,10.560518,10.795850,1226400,0.00,0.0,-,8.125130,9.374645,10.196247,10.468350,1112490.00
08/12/2005,10.589938,10.786047,10.442855,10.707603,643300,0.00,0.0,-,8.103656,9.338757,10.112411,10.426186,1102698.00
08/11/2005,10.442855,10.746826,10.433050,10.638966,785800,0.00,0.0,-,8.082477,9.311106,10.022200,10.386965,1117636.00
08/10/2005,10.236939,10.482076,10.236939,10.393827,1122600,0.00,0.0,-,8.060953,9.279140,9.936402,10.342840,1119646.00
08/09/2005,10.276160,10.334994,10.138884,10.236938,539100,0.00,0.0,-,8.040999,9.248351,9.862861,10.311462,1105086.00
08/08/2005,10.737019,10.795852,10.168300,10.246744,1080600,0.00,0.0,-,8.021192,9.221091,9.796674,10.281066,1102976.00
08/05/2005,10.766434,10.903712,10.374215,10.658574,1917400,0.00,0.0,-,8.002317,9.193636,9.728035,10.235960,1098530.00
08/04/2005,10.295778,10.393833,10.031029,10.050640,1054700,0.00,0.0,-,7.980352,9.155395,9.635864,10.157517,1078118.00
08/03/2005,10.393830,10.540912,10.158497,10.521300,813800,0.00,0.0,-,7.961722,9.131469,9.569677,10.102605,1069026.00
08/02/2005,10.344802,10.521301,10.325191,10.433052,695300,0.00,0.0,-,7.941719,9.102641,9.478976,10.020239,1078140.00
08/01/2005,10.315386,10.433052,10.178109,10.374219,691500,0.00,0.0,-,7.922304,9.074989,9.395629,9.924145,1073280.00
07/29/2005,10.236940,10.491883,10.227135,10.315385,714600,0.00,0.0,-,7.900683,9.051064,9.310811,9.798635,1083842.00
07/28/2005,10.178109,10.334997,10.119276,10.197720,733800,0.00,0.0,-,7.879846,9.018117,9.226484,9.657436,1093594.00
07/27/2005,10.001608,10.138885,9.854525,10.080051,596300,0.00,0.0,-,7.859696,8.987720,9.148040,9.529964,1093438.00
07/26/2005,9.756472,10.050637,9.756472,9.932971,780600,0.00,0.0,-,7.840379,8.957323,9.071557,9.414260,1092996.00
07/25/2005,9.825109,9.942775,9.756470,9.795691,1038700,0.00,0.0,-,7.821846,8.923985,8.996055,9.312282,1117682.00
07/22/2005,9.491724,9.981999,9.491724,9.874138,1768900,0.00,0.0,-,7.804932,8.895941,8.939183,9.220111,1110824.00
07/21/2005,9.756470,9.756470,9.442694,9.501527,649000,0.00,0.0,-,7.787723,8.869466,8.881331,9.114211,1122890.00
07/20/2005,9.462307,9.736861,9.383863,9.697639,845500,0.00,0.0,-,7.771446,8.847110,8.851424,9.036748,1120260.00
07/19/2005,9.128921,9.560362,9.040671,9.472113,2234900,0.00,0.0,-,7.753845,8.829656,8.806319,8.937712,1122552.00
07/18/2005,8.903394,9.217169,8.903394,9.119115,1634700,0.00,0.0,-,7.735901,8.811810,8.790630,8.867112,1090514.00
07/15/2005,8.854363,8.962224,8.844558,8.903391,769400,0.00,0.0,-,7.719967,8.798082,8.797494,8.822987,1087122.00
07/14/2005,8.942616,8.991643,8.893588,8.923005,945000,0.00,0.0,-,7.704965,8.777687,8.819066,8.795532,1079244.00
07/13/2005,8.913199,8.962227,8.873977,8.923005,1552200,0.00,0.0,-,7.691286,8.757487,8.826420,8.766116,1073660.00
07/12/2005,8.873975,8.991640,8.844558,8.913197,1123700,0.00,0.0,-,7.675941,8.736111,8.824949,8.728855,1050266.00
07/11/2005,8.824948,8.923003,8.736698,8.873976,2361000,0.00,0.0,-,7.661085,8.714343,8.821027,8.679827,1034610.00
07/08/2005,8.726893,8.854365,8.726893,8.815143,1584400,0.00,0.0,-,7.647259,8.689437,8.813673,8.658256,1001046.00
07/07/2005,8.668061,8.736699,8.619033,8.726893,1685400,0.00,0.0,-,7.634757,8.667080,8.812693,8.648450,978430.00
07/06/2005,8.766115,8.805336,8.638644,8.707282,759400,0.00,0.0,-,7.625687,8.644920,8.810241,8.666100,954390.00
07/05/2005,8.658256,8.815144,8.628840,8.766116,752400,0.00,0.0,-,7.617647,8.626290,8.808770,8.674925,944106.00
07/01/2005,8.677865,8.717087,8.609226,8.677865,609200,0.00,0.0,-,7.609067,8.604129,8.806809,8.714148,937440.00
06/30/2005,8.668063,8.726896,8.609230,8.628841,970200,0.00,0.0,-,7.600978,8.585303,8.822988,8.772000,931940.00
06/29/2005,8.570008,8.677869,8.550397,8.628841,1766400,0.00,0.0,-,7.592251,8.565103,8.857798,8.842600,923768.00
06/28/2005,8.511173,8.579811,8.432729,8.550395,1482700,0.00,0.0,-,7.583622,8.548630,8.878389,8.886724,895892.00
06/27/2005,8.648447,8.658253,8.334672,8.422921,1743900,0.00,0.0,-,7.575875,8.530588,8.893588,8.921043,874844.00
06/24/2005,8.726896,8.864173,8.579814,8.658257,2956100,0.00,0.0,-,7.568374,8.512154,8.916141,8.962227,844536.00
06/23/2005,8.952421,9.021060,8.638646,8.717090,1449100,0.00,0.0,-,7.559500,8.492543,8.926927,8.969090,792284.00
06/22/2005,8.844558,8.952419,8.628837,8.903391,1934400,0.00,0.0,-,7.548567,8.473128,8.928397,8.976935,776452.00
06/21/2005,9.119116,9.119116,8.726895,8.795534,1517500,0.00,0.0,-,7.537732,8.457047,8.925946,8.954382,766802.00
06/20/2005,9.168145,9.246589,9.070090,9.158340,374000,0.00,0.0,-,7.526505,8.437240,8.940164,8.942615,744484.00
06/17/2005,9.383862,9.452501,9.256391,9.256391,1232500,0.00,0.0,-,7.513659,8.409000,8.934771,8.899471,746566.00
06/16/2005,9.109311,9.354448,8.981839,9.334838,878200,0.00,0.0,-,7.499491,8.378210,8.930849,8.873977,732082.00
06/15/2005,8.903392,9.109307,8.903392,9.070086,695200,0.00,0.0,-,7.484292,8.341734,8.897510,8.872996,723562.00
06/14/2005,8.815143,8.903393,8.785727,8.893587,799600,0.00,0.0,-,7.469584,8.310552,8.877899,8.870055,714330.00
06/13/2005,8.726894,8.923005,8.726894,8.834755,758200,0.00,0.0,-,7.456199,8.282705,8.861229,8.866132,705688.00
06/10/2005,8.815143,8.873976,8.677867,8.726893,686700,0.00,0.0,-,7.443844,8.255053,8.832793,8.870055,698488.00
06/09/2005,8.687673,8.864172,8.628841,8.795534,626800,0.00,0.0,-,7.432960,8.230147,8.816124,8.884763,694916.00
06/08/2005,8.697476,8.805336,8.648448,8.677865,609900,0.00,0.0,-,7.421782,8.204065,8.803867,8.879860,688592.00
06/07/2005,8.726892,8.824947,8.668059,8.677865,682600,0.00,0.0,-,7.410849,8.178374,8.789159,8.897510,686074.00
06/06/2005,8.873976,8.923004,8.707283,8.726893,750900,0.00,0.0,-,7.399622,8.154449,8.796513,8.937712,680922.00
06/03/2005,9.266199,9.334838,8.942617,9.001451,736800,0.00,0.0,-,7.388002,8.126993,8.789159,8.970071,673910.00
06/02/2005,9.040671,9.334836,8.972032,9.325030,1390200,0.00,0.0,-,7.374323,8.094439,8.760723,8.987720,669096.00
06/01/2005,8.824952,9.060284,8.775924,9.040673,886300,0.00,0.0,-,7.358046,8.060316,8.688652,8.922023,656372.00
05/31/2005,8.913198,8.972030,8.785726,8.854364,394600,0.00,0.0,-,7.343240,8.026585,8.632270,8.885743,648752.00
05/27/2005,8.893586,9.011252,8.824948,8.873976,433600,0.00,0.0,-,7.328434,7.996972,8.582262,8.856326,668564.00
05/26/2005,8.805337,9.011252,8.805337,8.873976,858300,0.00,0.0,-,7.314069,7.966575,8.529803,8.795532,671704.00
05/25/2005,8.766114,8.844559,8.589616,8.746504,896800,0.00,0.0,-,7.299507,7.933433,8.467538,8.747485,661184.00
05/24/2005,8.932808,9.060280,8.805337,8.854364,600100,0.00,0.0,-,7.286417,7.902447,8.415079,8.727874,663844.00
05/23/2005,9.040671,9.177948,8.873978,9.079893,1269500,0.00,0.0,-,7.271807,7.871266,8.353304,8.680808,659832.00
05/20/2005,9.119115,9.266197,9.001449,9.050476,452300,0.00,0.0,-,7.256363,7.837339,8.288098,8.655313,650444.00
05/19/2005,8.638645,9.197558,8.638645,9.177947,1219600,0.00,0.0,-,7.241165,7.800666,8.218478,8.608247,658190.00
05/18/2005,8.658255,8.677866,8.511172,8.668060,1202200,0.00,0.0,-,7.225427,7.763798,8.146408,8.533725,650774.00
05/17/2005,8.511172,8.707281,8.442532,8.677865,726000,0.00,0.0,-,7.212042,7.735362,8.093949,8.455281,636596.00
05/16/2005,8.383700,8.579810,8.256229,8.560199,574200,0.00,0.0,-,7.199933,7.711632,8.050314,8.378798,640510.00
05/13/2005,8.491560,8.530782,8.138563,8.266034,2014900,0.00,0.0,-,7.187921,7.689472,8.004719,8.308199,651418.00
05/12/2005,8.609228,8.668062,8.285647,8.393508,695800,0.00,0.0,-,7.177282,7.673587,7.966477,8.264074,623252.00
05/11/2005,8.403312,8.579811,8.403312,8.550395,2372200,0.00,0.0,-,7.164731,7.655937,7.930687,8.187591,620676.00
05/10/2005,8.726894,8.756311,8.383702,8.383702,517500,0.00,0.0,-,7.151739,7.633385,7.890485,8.102283,594150.00
05/09/2005,8.520977,8.824948,8.501367,8.824948,960100,0.00,0.0,-,7.137766,7.619657,7.876267,8.025800,590312.00
05/06/2005,8.442535,8.628840,8.236619,8.579812,633000,0.00,0.0,-,7.121881,7.600046,7.825278,7.920882,580664.00
05/05/2005,7.893424,8.481754,7.893424,8.432727,1465100,0.00,0.0,-,7.108202,7.582592,7.783605,7.828710,583810.00
05/04/2005,7.903232,8.011092,7.873815,7.883620,375500,0.00,0.0,-,7.094769,7.571218,7.747815,7.759091,562150.00
05/03/2005,7.834593,7.971870,7.824788,7.913037,665800,0.00,0.0,-,7.085061,7.569649,7.729184,7.732616,565462.00
05/02/2005,7.814981,7.864009,7.697315,7.854204,382500,0.00,0.0,-,7.074569,7.571414,7.709083,7.721830,558476.00
04/29/2005,7.628678,7.834593,7.550234,7.824788,340900,0.00,0.0,-,7.063979,7.573179,7.691433,7.701239,565796.00
04/28/2005,7.707121,7.707121,7.550233,7.628677,682800,0.00,0.0,-,7.053978,7.581416,7.672803,7.668881,569642.00
04/27/2005,7.609068,7.736540,7.501208,7.697318,453600,0.00,0.0,-,7.044319,7.589848,7.665449,7.673783,569174.00
04/26/2005,7.707123,7.893427,7.609068,7.618873,483400,0.00,0.0,-,7.034465,7.595732,7.655153,7.678686,603318.00
04/25/2005,7.658095,7.785566,7.599262,7.775761,245200,0.00,0.0,-,7.025297,7.595143,7.643876,7.726733,610300.00
04/22/2005,7.677704,7.824787,7.569844,7.658093,419100,0.00,0.0,-,7.015001,7.589260,7.629168,7.729675,610290.00
04/21/2005,7.687511,7.844399,7.687511,7.736538,334200,0.00,0.0,-,7.005539,7.586122,7.613970,7.738500,611554.00
04/20/2005,7.765956,7.893427,7.609068,7.618873,561600,0.00,0.0,-,6.995782,7.583965,7.595830,7.736538,609644.00
04/19/2005,7.667901,7.873816,7.648290,7.805178,372600,0.00,0.0,-,6.986712,7.582004,7.595830,7.725752,605586.00
04/18/2005,7.422763,7.658094,7.403152,7.648289,430300,0.00,0.0,-,6.978034,7.574748,7.573277,7.696336,605820.00
04/15/2005,7.687510,7.716927,7.501206,7.501206,228500,0.00,0.0,-,6.970190,7.566707,7.559549,7.681627,603878.00
04/14/2005,7.736538,7.893426,7.579650,7.677705,343500,0.00,0.0,-,6.963179,7.564550,7.552195,7.676725,606198.00
04/13/2005,8.099341,8.118952,7.716926,7.746343,657500,0.00,0.0,-,6.955236,7.556510,7.529152,7.657114,607962.00
04/12/2005,7.746344,8.197397,7.697317,8.099342,1451900,0.00,0.0,-,6.945970,7.548273,7.501697,7.631619,599756.00
04/11/2005,7.716928,7.854205,7.658095,7.805178,401600,0.00,0.0,-,6.937145,7.530035,7.461494,7.561020,577256.00
04/08/2005,7.667899,7.814981,7.599261,7.746343,478100,0.00,0.0,-,6.927732,7.519053,7.440412,7.528662,578126.00
04/07/2005,7.501206,7.716927,7.442373,7.716927,508300,0.00,0.0,-,6.917730,7.510424,7.413938,7.489440,571966.00
04/06/2005,7.491401,7.550234,7.452179,7.511012,452200,0.00,0.0,-,6.906062,7.500226,7.394817,7.455121,570818.00
04/05/2005,7.481596,7.648289,7.422763,7.511012,233600,0.00,0.0,-,6.894834,7.493362,7.381580,7.465907,569848.00
04/04/2005,7.422762,7.599261,7.363929,7.501206,367500,0.00,0.0,-,6.883901,7.485322,7.380599,7.450218,577226.00
04/01/2005,7.530623,7.589456,7.354124,7.452179,398200,0.00,0.0,-,6.873262,7.482380,7.378148,7.437471,579506.00
03/31/2005,7.442374,7.481596,7.324707,7.481596,508100,0.00,0.0,-,6.861741,7.480419,7.379128,7.427665,575454.00
03/30/2005,7.373733,7.501205,7.354122,7.491399,310600,0.00,0.0,-,6.850121,7.480615,7.380599,7.401191,572846.00
03/29/2005,7.422764,7.579652,7.354126,7.393348,484000,0.00,0.0,-,6.838551,7.479635,7.377167,7.371774,574244.00
03/28/2005,7.422763,7.550234,7.363930,7.481596,425000,0.00,0.0,-,6.828255,7.477673,7.392366,7.361969,576208.00
03/24/2005,7.354124,7.520817,7.354124,7.354124,400300,0.00,0.0,-,6.817077,7.473751,7.410506,7.352163,579424.00
03/23/2005,7.560041,7.609069,7.354125,7.373736,496100,0.00,0.0,-,6.807173,7.473751,7.428156,7.338436,584876.00
03/22/2005,7.344319,7.746345,7.305097,7.618873,754000,0.00,0.0,-,6.797025,7.475712,7.452669,7.334513,584474.00
03/21/2005,7.363929,7.412957,7.324707,7.354124,505300,0.00,0.0,-,6.784670,7.475124,7.461985,7.297252,584008.00
03/18/2005,7.363931,7.432569,7.256070,7.373736,1385200,0.00,0.0,-,6.773589,7.480615,7.494343,7.310980,585880.00
03/17/2005,7.177625,7.422762,7.108986,7.354124,590600,0.00,0.0,-,6.763392,7.486106,7.522779,7.318824,580820.00
03/16/2005,7.158014,7.305097,7.118793,7.216847,332300,0.00,0.0,-,6.753096,7.490028,7.566903,7.330591,595768.00
03/15/2005,7.158015,7.344319,7.108987,7.197237,1029800,0.00,0.0,-,6.742996,7.503756,7.608577,7.360007,619420.00
03/14/2005,7.354123,7.432567,7.236458,7.295290,399500,0.00,0.0,-,6.733142,7.516699,7.648289,7.382560,601912.00
03/11/2005,7.207040,7.403151,7.197235,7.383540,800100,0.00,0.0,-,6.723483,7.531604,7.662997,7.422763,602558.00
03/10/2005,7.334513,7.471790,7.167820,7.216847,839600,0.00,0.0,-,6.713335,7.543763,7.667900,7.468849,593056.00
03/09/2005,7.207043,7.452180,7.167821,7.334514,848800,0.00,0.0,-,6.702745,7.559255,7.682118,7.517876,582700.00
03/08/2005,7.491401,7.511012,7.236458,7.246264,493300,0.00,0.0,-,6.691321,7.568472,7.696826,7.570826,571136.00
03/07/2005,7.461983,7.589454,7.442372,7.491399,921700,0.00,0.0,-,6.680143,7.579455,7.710554,7.626717,565562.00
03/04/2005,7.481596,7.599262,7.403152,7.452179,1119600,0.00,0.0,-,6.667445,7.586515,7.708103,7.677706,557928.00
03/03/2005,7.501207,7.569846,7.403153,7.471791,606600,0.00,0.0,-,6.654796,7.590437,7.697807,7.726733,543214.00
03/02/2005,7.324708,7.560040,7.314902,7.511012,567000,0.00,0.0,-,6.642000,7.591221,7.693885,7.803216,539242.00
03/01/2005,7.697317,7.707122,7.158014,7.422763,1045900,0.00,0.0,-,6.629547,7.595928,7.682118,7.857146,539378.00
02/28/2005,7.814983,7.893428,7.599263,7.697318,325600,0.00,0.0,-,6.617045,7.603380,7.677706,7.914019,535216.00
02/25/2005,7.707123,7.844399,7.599262,7.844399,477700,0.00,0.0,-,6.603317,7.601223,7.652211,7.903232,541492.00
02/24/2005,7.834592,7.913036,7.589455,7.707121,790300,0.00,0.0,-,6.589393,7.595339,7.622795,7.866952,542542.00
02/23/2005,7.864011,8.011093,7.814983,7.864011,382100,0.00,0.0,-,6.574538,7.590241,7.603184,7.846360,544858.00
02/22/2005,7.932649,7.981677,7.805178,7.805178,541100,0.00,0.0,-,6.559977,7.580043,7.570336,7.822827,576276.00
02/18/2005,7.962065,8.040508,7.873815,8.001287,316500,0.00,0.0,-,6.546788,7.574356,7.538468,7.794391,573628.00
02/17/2005,8.305258,8.315063,7.942455,7.942455,748500,0.00,0.0,-,6.533159,7.567296,7.493853,7.738500,579390.00
02/16/2005,8.040507,8.305256,8.040507,8.236617,533200,0.00,0.0,-,6.521196,7.562589,7.464436,7.668881,577580.00
02/15/2005,8.040510,8.197398,7.991482,8.050316,659400,0.00,0.0,-,6.507370,7.557490,7.420312,7.584554,586948.00
02/14/2005,8.481759,8.824952,7.844402,7.991484,2160800,0.00,0.0,-,6.493937,7.557294,7.392366,7.507090,594196.00
02/11/2005,7.403151,7.628677,7.344317,7.589455,832500,0.00,0.0,-,6.481778,7.554156,7.364910,7.441393,567926.00
02/10/2005,7.442374,7.530623,7.305096,7.481596,244700,0.00,0.0,-,6.472512,7.560432,7.350202,7.401191,575056.00
02/09/2005,7.697316,7.746343,7.481595,7.501206,482300,0.00,0.0,-,6.466187,7.562001,7.340396,7.378638,584584.00
02/08/2005,7.540428,7.677705,7.520817,7.628677,238700,0.00,0.0,-,6.461480,7.563570,7.333042,7.360008,584706.00
02/07/2005,7.442374,7.560040,7.412957,7.520818,358700,0.00,0.0,-,6.456382,7.562393,7.325198,7.317844,582508.00
02/04/2005,7.177625,7.442373,7.158014,7.442373,384300,0.00,0.0,-,6.451626,7.561805,7.328630,7.282544,585686.00
02/03/2005,7.344318,7.344318,7.187431,7.246264,333200,0.00,0.0,-,6.445841,7.560432,7.337945,7.249206,599914.00
02/02/2005,7.275682,7.393348,7.177627,7.393348,344500,0.00,0.0,-,6.440742,7.565531,7.358046,7.259992,621964.00
02/01/2005,7.305097,7.373735,7.207042,7.275681,431700,0.00,0.0,-,6.434613,7.568080,7.365891,7.256069,628952.00
01/31/2005,7.295292,7.363931,7.216848,7.334514,247200,0.00,0.0,-,6.428828,7.572591,7.397268,7.277641,631770.00
01/28/2005,7.226652,7.314902,7.089375,7.187430,326900,0.00,0.0,-,6.423288,7.577297,7.422762,7.288427,647946.00
01/27/2005,7.265875,7.373736,7.158015,7.256070,445100,0.00,0.0,-,6.419856,7.587495,7.465416,7.299213,655820.00
01/26/2005,7.256069,7.373735,7.207042,7.314902,170100,0.00,0.0,-,6.416081,7.595143,7.502187,7.302155,659094.00
01/25/2005,7.844399,7.844399,7.128597,7.207041,450900,0.00,0.0,-,6.413139,7.597497,7.536016,7.306077,664358.00
01/24/2005,7.158016,7.197238,7.059960,7.167821,403700,0.00,0.0,-,6.410394,7.599261,7.565433,7.332552,662802.00
01/21/2005,7.334514,7.432569,7.040349,7.108988,602500,0.00,0.0,-,6.408138,7.599850,7.596810,7.374715,661646.00
01/20/2005,7.256069,7.432568,7.177625,7.354124,481500,0.00,0.0,-,6.406472,7.602399,7.633581,7.426684,664068.00
01/19/2005,7.393346,7.530622,7.344318,7.354124,195600,0.00,0.0,-,6.404707,7.601615,7.648289,7.456101,673054.00
01/18/2005,7.432566,7.589454,7.324705,7.491399,377700,0.00,0.0,-,6.402451,7.595732,7.656133,7.475712,682566.00
01/14/2005,7.354124,7.442373,7.177625,7.442373,380500,0.00,0.0,-,6.398921,7.579847,7.668881,7.516895,685656.00
01/13/2005,7.256069,7.432567,7.216847,7.295290,582200,0.00,0.0,-,6.396421,7.561608,7.686531,7.557098,703750.00
01/12/2005,7.344319,7.393346,7.158015,7.285486,585800,0.00,0.0,-,6.394705,7.550038,7.701239,7.631620,700820.00
01/11/2005,7.422762,7.422762,7.256069,7.354124,672900,0.00,0.0,-,6.392352,7.540429,7.714476,7.702219,697310.00
01/10/2005,7.589457,7.677706,7.354125,7.471791,476000,0.00,0.0,-,6.389165,7.525132,7.719379,7.765955,689990.00
01/07/2005,7.618871,7.677704,7.432567,7.589455,730700,0.00,0.0,-,6.384360,7.505717,7.713496,7.798313,686910.00
01/06/2005,7.648288,7.824787,7.579650,7.628677,598900,0.00,0.0,-,6.378575,7.483361,7.710064,7.818905,683798.00
01/05/2005,7.550234,7.716927,7.452179,7.648289,1132200,0.00,0.0,-,6.373133,7.457474,7.711044,7.840477,678612.00
01/04/2005,7.893427,7.991481,7.530623,7.550234,1338000,0.00,0.0,-,6.367740,7.432568,7.713986,7.840477,661888.00
01/03/2005,7.814982,8.040509,7.805177,7.903233,1514900,0.00,0.0,-,6.363082,7.407074,7.735558,7.836555,641826.00
12/31/2004,8.001287,8.040509,7.844399,7.844399,154400,0.00,0.0,-,6.357934,7.378442,7.742422,7.820866,624682.00
12/30/2004,8.011092,8.128758,7.991481,8.040508,431800,0.00,0.0,-,6.355091,7.346868,7.741932,7.815963,629150.00
12/29/2004,7.991484,8.060123,7.893430,7.991484,325000,0.00,0.0,-,6.350531,7.312549,7.735068,7.770858,626290.00
12/28/2004,7.795374,8.011096,7.746347,7.991484,321800,0.00,0.0,-,6.346217,7.283132,7.713496,7.726733,628552.00
12/27/2004,7.765955,7.844399,7.658094,7.795371,270600,0.00,0.0,-,6.343912,7.254304,7.692904,7.672802,656076.00
12/23/2004,7.854204,7.864010,7.697316,7.795371,214600,0.00,0.0,-,6.341118,7.219396,7.681628,7.628678,657712.00
12/22/2004,7.648290,7.854205,7.638484,7.844399,540000,0.00,0.0,-,6.339157,7.186450,7.666429,7.601222,670044.00
12/21/2004,7.599262,7.667900,7.569845,7.648289,383900,0.00,0.0,-,6.338176,7.152915,7.642896,7.581611,672574.00
12/20/2004,7.795372,7.795372,7.501207,7.511012,408000,0.00,0.0,-,6.339255,7.124283,7.635542,7.587495,670434.00
12/17/2004,7.697315,7.795370,7.609066,7.746343,573800,0.00,0.0,-,6.341902,7.098593,7.636032,7.634561,674092.00
12/16/2004,7.501206,7.834593,7.501206,7.795371,837800,0.00,0.0,-,6.343863,7.071922,7.623775,7.663978,679192.00
12/15/2004,7.520816,7.648288,7.452178,7.589455,639400,0.00,0.0,-,6.345677,7.044662,7.612499,7.667900,684226.00
12/14/2004,7.452179,7.599262,7.452179,7.550234,530200,0.00,0.0,-,6.347982,7.017795,7.617892,7.699278,690420.00
12/13/2004,7.442374,7.501207,7.265874,7.452179,906100,0.00,0.0,-,6.352541,6.990340,7.622304,7.700258,707858.00
12/10/2004,7.010931,7.412957,6.981515,7.354124,1953000,0.00,0.0,-,6.357444,6.958962,7.621324,7.713005,816636.00
12/09/2004,7.550234,7.599262,7.383541,7.520818,408700,0.00,0.0,-,6.362739,6.930526,7.618382,7.734578,797794.00
12/08/2004,7.697316,7.697316,7.530623,7.648289,604600,0.00,0.0,-,6.367348,6.898168,7.602203,7.731636,811408.00
12/07/2004,7.981676,8.050314,7.687510,7.707121,658000,0.00,0.0,-,6.370436,6.868948,7.581612,7.704180,829952.00
12/06/2004,7.942456,8.020900,7.834595,7.981678,1001600,0.00,0.0,-,6.374064,6.831883,7.562001,7.683589,828284.00
12/03/2004,7.824788,8.040508,7.785566,8.040508,1021800,0.00,0.0,-,6.376908,6.791092,7.515915,7.637503,819610.00
12/02/2004,7.883621,7.913037,7.736538,7.834593,847300,0.00,0.0,-,6.379555,6.752459,7.448747,7.583573,822554.00
12/01/2004,7.550234,7.913037,7.550234,7.903233,1189000,0.00,0.0,-,6.384360,6.722061,7.383541,7.557098,829302.00
11/30/2004,7.550235,7.677707,7.501208,7.560041,721100,0.00,0.0,-,6.389214,6.702254,7.324217,7.536506,816352.00
11/29/2004,7.658094,7.667900,7.412956,7.579650,488400,0.00,0.0,-,6.395882,6.693037,7.286466,7.544350,829816.00
11/26/2004,7.461984,7.648288,7.461984,7.569844,128800,0.00,0.0,-,6.402696,6.682447,7.236948,7.529642,833016.00
11/24/2004,7.363928,7.520816,7.363928,7.491399,517600,0.00,0.0,-,6.410247,6.672250,7.183508,7.502187,839080.00
11/23/2004,7.452180,7.452180,7.324709,7.373736,1095700,0.00,0.0,-,6.416669,6.660091,7.132520,7.472771,837340.00
11/22/2004,7.442373,7.589455,7.422762,7.501206,1435700,0.00,0.0,-,6.423190,6.650677,7.080550,7.459043,819692.00
11/19/2004,7.511012,7.540429,7.422763,7.520818,693900,0.00,0.0,-,6.428681,6.640676,7.025640,7.440413,796232.00
11/18/2004,7.530622,7.599261,7.422762,7.501206,572600,0.00,0.0,-,6.431917,6.628713,6.963375,7.394327,789314.00
11/17/2004,7.697315,7.785565,7.422762,7.569844,1056000,0.00,0.0,-,6.434908,6.616358,6.911896,7.313922,791202.00
11/16/2004,7.550235,7.756151,7.501208,7.697318,720600,0.00,0.0,-,6.438487,6.595571,6.846689,7.209983,777726.00
11/15/2004,7.334514,7.648291,7.275682,7.638485,608800,0.00,0.0,-,6.440252,6.576352,6.778051,7.111928,768656.00
11/12/2004,7.295291,7.432568,7.158014,7.432568,433300,0.00,0.0,-,6.442164,6.554584,6.722159,7.028581,760270.00
11/11/2004,7.167819,7.295290,7.040347,7.295290,373100,0.00,0.0,-,6.445547,6.537718,6.678035,6.944254,755806.00
11/10/2004,7.207042,7.256070,7.108987,7.197237,345900,0.00,0.0,-,6.449861,6.520264,6.615770,6.864830,754340.00
11/09/2004,7.383541,7.432568,7.207042,7.236458,723600,0.00,0.0,-,6.455548,6.502222,6.563310,6.792269,761702.00
11/08/2004,7.059959,7.432568,7.020737,7.314902,930800,0.00,0.0,-,6.461431,6.480062,6.509870,6.702058,753632.00
11/05/2004,6.765795,7.099182,6.765795,7.059960,671200,0.00,0.0,-,6.467168,6.458097,6.454959,6.610867,747334.00
11/04/2004,6.510851,6.765794,6.412796,6.697155,532200,0.00,0.0,-,6.473884,6.444174,6.413286,6.532423,739656.00
11/03/2004,6.814820,6.863848,6.412795,6.530461,1285200,0.00,0.0,-,6.484621,6.441232,6.399068,6.509870,735856.00
11/02/2004,6.844237,6.844237,6.618711,6.716766,435700,0.00,0.0,-,6.496584,6.441820,6.394165,6.483396,722030.00
11/01/2004,6.589294,6.814821,6.540267,6.805016,410300,0.00,0.0,-,6.504870,6.437310,6.370632,6.444173,725144.00
10/29/2004,6.412796,6.638323,6.412796,6.589295,306900,0.00,0.0,-,6.511636,6.429858,6.339255,6.415737,724802.00
10/28/2004,6.471629,6.550073,6.344158,6.501046,322000,0.00,0.0,-,6.519186,6.426132,6.303955,6.411815,728428.00
10/27/2004,6.383380,6.471629,6.373574,6.471629,575100,0.00,0.0,-,6.526932,6.421425,6.275519,6.366710,732708.00
10/26/2004,6.452016,6.461822,6.275518,6.334351,339600,0.00,0.0,-,6.532031,6.413384,6.247083,6.334352,729540.00
10/25/2004,6.216686,6.422602,6.177464,6.402991,296000,0.00,0.0,-,6.536983,6.408286,6.239729,6.317682,725768.00
10/22/2004,6.550073,6.550073,6.246103,6.275519,334900,0.00,0.0,-,6.542670,6.398088,6.212274,6.299052,727806.00
10/21/2004,6.216686,6.618711,6.128436,6.471629,657700,0.00,0.0,-,6.548946,6.392597,6.195604,6.294149,730526.00
10/20/2004,6.226493,6.314742,6.148049,6.265715,377800,0.00,0.0,-,6.553211,6.382399,6.177464,6.288266,725782.00
10/19/2004,6.491239,6.530461,6.265712,6.324545,288800,0.00,0.0,-,6.558947,6.379654,6.179915,6.304935,726616.00
10/18/2004,6.471628,6.530461,6.334351,6.520656,438100,0.00,0.0,-,6.563016,6.371809,6.209332,6.297091,729028.00
10/15/2004,6.059798,6.599101,5.951938,6.550073,1698000,0.00,0.0,-,6.566203,6.361219,6.238258,6.262772,731964.00
10/14/2004,6.157852,6.157852,5.971548,6.049992,352400,0.00,0.0,-,6.571351,6.350433,6.263262,6.196094,705170.00
10/13/2004,6.148048,6.226492,6.099020,6.148048,831200,0.00,0.0,-,6.579343,6.350041,6.313761,6.184328,707492.00
10/12/2004,6.216685,6.265712,6.089213,6.167657,666500,0.00,0.0,-,6.586844,6.346903,6.350531,6.159814,700988.00
10/11/2004,6.275519,6.314741,6.197075,6.216686,276900,0.00,0.0,-,6.593708,6.348668,6.387302,6.161775,696610.00
10/08/2004,6.373575,6.471629,6.197076,6.226492,590900,0.00,0.0,-,6.601307,6.347492,6.426524,6.125495,699510.00
10/07/2004,6.432407,6.579489,6.363768,6.412796,828800,0.00,0.0,-,6.608122,6.345727,6.461333,6.097059,700646.00
10/06/2004,6.197076,6.540268,6.157854,6.432408,1089500,0.00,0.0,-,6.613809,6.335137,6.484867,6.066662,696894.00
10/05/2004,6.079408,6.285324,6.079408,6.246102,949100,0.00,0.0,-,6.619545,6.325527,6.489769,6.054896,691564.00
10/04/2004,6.040186,6.275518,5.932326,6.177463,1402100,0.00,0.0,-,6.624938,6.312388,6.514283,6.121573,699916.00
10/01/2004,5.589135,6.079410,5.589135,5.883300,6345000,0.00,0.0,-,6.630772,6.301798,6.532914,6.213745,684548.00
09/30/2004,5.902909,6.099019,5.785243,5.932326,1010900,0.00,0.0,-,6.637979,6.301014,6.568213,6.330430,565592.00
09/29/2004,6.187271,6.187271,5.814662,5.902912,1089400,0.00,0.0,-,6.645334,6.297287,6.592727,6.443194,553828.00
09/28/2004,5.853883,6.226492,5.853883,6.187270,1531800,0.00,0.0,-,6.652590,6.298072,6.612338,6.541248,544516.00
09/27/2004,5.883300,5.922522,5.775439,5.853883,574600,0.00,0.0,-,6.656561,6.290620,6.609396,6.612828,523722.00
09/24/2004,6.059799,6.128438,5.922522,5.942133,567900,0.00,0.0,-,6.663327,6.288266,6.627537,6.727553,526646.00
09/23/2004,6.314742,6.373575,6.069605,6.108827,1169000,0.00,0.0,-,6.670828,6.285913,6.648618,6.825608,524956.00
09/22/2004,6.834433,6.834433,6.079409,6.314742,1184700,0.00,0.0,-,6.677594,6.277676,6.670681,6.903071,510370.00
09/21/2004,6.903071,7.001126,6.716767,6.912877,541500,0.00,0.0,-,6.682791,6.265910,6.682938,6.924643,500226.00
09/20/2004,6.991320,7.128597,6.991320,7.099180,1394300,0.00,0.0,-,6.685487,6.243357,6.661856,6.906993,497928.00
09/17/2004,7.305096,7.305096,6.971709,7.050153,648400,0.00,0.0,-,6.688184,6.215706,6.628517,6.852082,483986.00
09/16/2004,6.863850,7.118793,6.863850,7.059960,432000,0.00,0.0,-,6.692106,6.190015,6.596159,6.805996,489352.00
09/15/2004,6.834432,7.001125,6.755988,6.883460,430600,0.00,0.0,-,6.694312,6.164521,6.556447,6.742261,494330.00
09/14/2004,7.020736,7.050153,6.795210,6.903070,213300,0.00,0.0,-,6.698087,6.142949,6.515754,6.683428,492572.00
09/13/2004,6.912877,7.059959,6.912877,7.001126,262700,0.00,0.0,-,6.701421,6.126280,6.474571,6.605964,497380.00
09/10/2004,6.785405,7.010932,6.648129,6.922682,348000,0.00,0.0,-,6.705000,6.107845,6.419170,6.527520,506102.00
09/09/2004,6.559878,6.961903,6.559878,6.883460,667000,0.00,0.0,-,6.707206,6.091372,6.373084,6.471629,520290.00
09/08/2004,6.736376,6.805015,6.412795,6.530461,382200,0.00,0.0,-,6.709462,6.075487,6.326998,6.438290,521054.00
09/07/2004,6.814821,6.824626,6.628517,6.736377,267100,0.00,0.0,-,6.714413,6.062740,6.306897,6.441232,528668.00
09/03/2004,6.579490,6.677545,6.373574,6.550073,189500,0.00,0.0,-,6.716914,6.054699,6.266694,6.416718,540560.00
09/02/2004,6.344157,6.628517,6.344157,6.589295,210100,0.00,0.0,-,6.721915,6.042148,6.238749,6.404952,558394.00
09/01/2004,6.226492,6.510852,6.226492,6.422603,299800,0.00,0.0,-,6.726180,6.025283,6.209823,6.386321,576040.00
08/31/2004,6.099020,6.540268,6.099020,6.295131,714000,0.00,0.0,-,6.731426,6.004495,6.190212,6.370633,588248.00
08/30/2004,6.177464,6.285324,6.128436,6.128436,320100,0.00,0.0,-,6.740398,5.983904,6.175013,6.348080,578280.00
08/27/2004,6.324546,6.363768,6.089214,6.216686,615900,0.00,0.0,-,6.749076,5.967823,6.181387,6.343177,580286.00
08/26/2004,6.559880,6.579491,6.314742,6.363770,287300,0.00,0.0,-,6.757214,5.950957,6.178445,6.310819,581348.00
08/25/2004,6.559879,6.618712,6.461824,6.550073,342200,0.00,0.0,-,6.765745,5.926640,6.167169,6.274539,586684.00
08/24/2004,6.491240,6.559879,6.344158,6.559879,593900,0.00,0.0,-,6.774521,5.898792,6.133830,6.215706,606220.00
08/23/2004,6.520656,6.687350,6.393185,6.491240,591400,0.00,0.0,-,6.782954,5.871140,6.103433,6.172562,607430.00
08/20/2004,6.383381,6.657934,6.334353,6.432408,393200,0.00,0.0,-,6.791190,5.847999,6.058328,6.116670,614310.00
08/19/2004,6.167659,6.461824,6.079409,6.402991,488200,0.00,0.0,-,6.800162,5.824270,6.019106,6.072546,618016.00
08/18/2004,6.000966,6.275520,5.942133,6.265715,536000,0.00,0.0,-,6.808252,5.803679,5.991160,6.033324,620314.00
08/17/2004,6.079409,6.255908,5.981354,6.069604,416700,0.00,0.0,-,6.816979,5.785244,5.965175,6.009790,620916.00
08/16/2004,5.922521,6.167659,5.922521,6.079409,151000,0.00,0.0,-,6.827078,5.766810,5.958802,6.001946,620532.00
08/13/2004,6.030381,6.030381,5.795049,5.893105,397900,0.00,0.0,-,6.837521,5.747983,5.945564,6.019596,628154.00
08/12/2004,5.883300,6.040188,5.814661,6.000966,470900,0.00,0.0,-,6.847180,5.736805,5.937720,6.046071,629242.00
08/11/2004,6.128437,6.128437,5.834272,5.961744,420500,0.00,0.0,-,6.854240,5.722685,5.928895,6.059798,628784.00
08/10/2004,5.942132,6.128436,5.932326,6.128436,419500,0.00,0.0,-,6.861790,5.707389,5.915658,6.051954,627268.00
08/09/2004,5.981353,6.010770,5.883298,5.932326,409400,0.00,0.0,-,6.868262,5.689346,5.895556,6.034304,628666.00
08/06/2004,5.912717,6.138243,5.853884,5.991161,584900,0.00,0.0,-,6.877037,5.677972,5.888202,5.999985,633624.00
08/05/2004,6.000967,6.079410,5.883301,6.010772,358300,0.00,0.0,-,6.883313,5.665225,5.874474,5.965666,640840.00
08/04/2004,6.000965,6.138242,5.785244,6.030382,468500,0.00,0.0,-,6.889245,5.646987,5.862217,5.948996,644512.00
08/03/2004,6.255909,6.255909,5.991161,5.991161,506000,0.00,0.0,-,6.896796,5.627376,5.849961,5.920560,644004.00
08/02/2004,6.128436,6.275519,6.049993,6.255908,447600,0.00,0.0,-,6.903806,5.607765,5.840645,5.915657,642018.00
07/30/2004,6.138243,6.255909,6.059798,6.157854,421900,0.00,0.0,-,6.910180,5.581682,5.831330,5.871533,648234.00
07/29/2004,5.883298,6.148047,5.824465,6.138241,647700,0.00,0.0,-,6.916701,5.556972,5.827408,5.829369,675468.00
07/28/2004,5.765634,6.000966,5.746023,5.883300,641200,0.00,0.0,-,6.922094,5.532458,5.825447,5.797991,673032.00
07/27/2004,5.589133,5.981353,5.589133,5.951937,823000,0.00,0.0,-,6.930330,5.515201,5.835742,5.779361,674882.00
07/26/2004,5.481274,5.755828,5.167498,5.589134,1366700,0.00,0.0,-,6.944450,5.494609,5.832801,5.756808,679284.00
07/23/2004,5.765633,5.785244,5.549912,5.647967,633700,0.00,0.0,-,6.961120,5.481862,5.870062,5.776419,672048.00
07/22/2004,5.667579,5.912717,5.667579,5.844078,397200,0.00,0.0,-,6.977495,5.470095,5.883789,5.783283,683988.00
07/21/2004,5.942131,6.000964,5.746021,5.746021,422700,0.00,0.0,-,6.990928,5.447935,5.878887,5.775439,696970.00
07/20/2004,5.785245,5.942133,5.726412,5.942133,623800,0.00,0.0,-,7.004460,5.432050,5.860746,5.779361,701522.00
07/19/2004,5.716606,5.883300,5.618551,5.814661,492100,0.00,0.0,-,7.017403,5.416557,5.826917,5.765633,711204.00
07/16/2004,5.883299,5.951937,5.687189,5.736216,720800,0.00,0.0,-,7.028876,5.405771,5.802404,5.791128,746884.00
07/15/2004,5.706801,5.902911,5.618551,5.824467,483400,0.00,0.0,-,7.042407,5.402045,5.784264,5.825447,757550.00
07/14/2004,5.687190,5.785245,5.598941,5.696996,439700,0.00,0.0,-,7.052262,5.394985,5.750435,5.852902,768354.00
07/13/2004,5.755827,5.795049,5.706800,5.726411,677500,0.00,0.0,-,7.066087,5.388317,5.723469,5.892124,783236.00
07/12/2004,5.638160,5.795048,5.549911,5.785243,426600,0.00,0.0,-,7.080796,5.384984,5.696014,5.908793,801556.00
07/09/2004,5.765634,5.834272,5.638162,5.716606,697200,0.00,0.0,-,7.098446,5.384003,5.673461,5.963704,838678.00
07/08/2004,5.785246,5.873495,5.687191,5.765635,916700,0.00,0.0,-,7.114723,5.394005,5.649928,5.984296,866354.00
07/07/2004,5.814659,5.844076,5.647966,5.785243,680900,0.00,0.0,-,7.133843,5.409890,5.630317,5.982334,858760.00
07/06/2004,6.069604,6.118631,5.804855,5.804855,342700,0.00,0.0,-,7.150758,5.426363,5.608255,5.942132,863638.00
07/02/2004,6.049993,6.128437,5.971549,6.069604,453700,0.00,0.0,-,7.167133,5.441659,5.575406,5.888202,869284.00
07/01/2004,6.167659,6.177464,5.932327,6.079409,698800,0.00,0.0,-,7.181841,5.445974,5.528830,5.813680,868238.00
06/30/2004,5.932326,6.099020,5.883299,6.099020,1057400,0.00,0.0,-,7.195373,5.448915,5.491569,5.743080,873444.00
06/29/2004,5.814660,6.089214,5.804855,6.089214,705200,0.00,0.0,-,7.209003,5.450288,5.451367,5.647967,876632.00
06/28/2004,6.324546,6.324546,5.883299,5.893105,762900,0.00,0.0,-,7.222338,5.450877,5.406752,5.554815,881152.00
06/25/2004,5.932325,6.334351,5.814659,6.334351,861700,0.00,0.0,-,7.234938,5.457544,5.373413,5.483235,879998.00
06/24/2004,6.030382,6.471629,5.902910,5.922521,1081200,0.00,0.0,-,7.248470,5.460878,5.324876,5.383219,873436.00
06/23/2004,5.402829,6.040186,5.343996,5.746021,1092400,0.00,0.0,-,7.263962,5.472449,5.296440,5.315561,862842.00
06/22/2004,5.275358,5.442052,5.147887,5.383218,910200,0.00,0.0,-,7.280240,5.492060,5.264082,5.278300,847054.00
06/21/2004,5.294970,5.324386,5.167498,5.265553,215600,0.00,0.0,-,7.300880,5.517554,5.247412,5.274378,836466.00
06/18/2004,5.314580,5.471468,5.285164,5.324386,420400,0.00,0.0,-,7.322207,5.546578,5.234665,5.262611,842678.00
06/17/2004,5.157694,5.422442,5.108666,5.373415,669000,0.00,0.0,-,7.342652,5.575603,5.216035,5.243981,841894.00
06/16/2004,5.167497,5.304774,5.098858,5.147886,554100,0.00,0.0,-,7.362410,5.608157,5.193482,5.240058,838742.00
06/15/2004,5.177303,5.226331,5.049832,5.157692,1319000,0.00,0.0,-,7.381579,5.643261,5.181716,5.254767,844802.00
06/14/2004,5.314580,5.373413,4.990999,5.177303,654400,0.00,0.0,-,7.400651,5.675815,5.174852,5.258689,829198.00
06/10/2004,5.265551,5.432245,5.245940,5.334190,935400,0.00,0.0,-,7.418497,5.711115,5.162105,5.263591,832656.00
06/09/2004,5.393024,5.393024,5.206719,5.245941,578500,0.00,0.0,-,7.432960,5.743473,5.142984,5.266533,826656.00
06/08/2004,5.353804,5.412636,5.314582,5.373415,603100,0.00,0.0,-,7.447521,5.774850,5.133669,5.277319,828218.00
06/07/2004,5.294970,5.442052,5.216526,5.343997,566100,0.00,0.0,-,7.460955,5.801717,5.101801,5.249864,846078.00
06/04/2004,5.265552,5.314579,5.147886,5.147886,397500,0.00,0.0,-,7.472623,5.825054,5.082190,5.220447,852238.00
06/03/2004,5.285166,5.343999,5.118472,5.138083,532100,0.00,0.0,-,7.483164,5.850745,5.083170,5.206720,866440.00
06/02/2004,5.245940,5.442050,5.245940,5.334190,452300,0.00,0.0,-,7.494245,5.878789,5.090034,5.188089,868934.00
06/01/2004,5.206720,5.294970,5.069444,5.294970,448000,0.00,0.0,-,7.501403,5.903498,5.100820,5.146906,882534.00
05/28/2004,5.226330,5.294969,5.128275,5.196914,344700,0.00,0.0,-,7.501305,5.929973,5.109645,5.108665,895472.00
05/27/2004,5.393023,5.471467,5.089053,5.226330,489400,0.00,0.0,-,7.501403,5.963508,5.117980,5.091015,926596.00
05/26/2004,5.255747,5.442052,5.245942,5.363607,657300,0.00,0.0,-,7.502432,6.004495,5.134649,5.060618,929236.00
05/25/2004,5.040026,5.373413,5.040026,5.353802,945700,0.00,0.0,-,7.501059,6.039795,5.153280,5.019435,935394.00
05/24/2004,5.069444,5.098860,4.981194,5.098860,541900,0.00,0.0,-,7.498559,6.075291,5.196424,4.990018,938402.00
05/21/2004,5.010609,5.118470,4.961582,5.049831,443100,0.00,0.0,-,7.497088,6.123926,5.269475,4.953738,936432.00
05/20/2004,4.961582,5.069443,4.902749,5.010610,406700,0.00,0.0,-,7.494686,6.167659,5.347429,4.943932,948956.00
05/19/2004,5.098859,5.098859,4.912555,4.951777,758400,0.00,0.0,-,7.502628,6.215510,5.425382,4.959621,956612.00
05/18/2004,4.961582,5.040026,4.843916,4.922360,1783600,0.00,0.0,-,7.511796,6.269440,5.492060,4.991979,963188.00
05/17/2004,5.020417,5.049834,4.843918,4.912557,525900,0.00,0.0,-,7.521553,6.328273,5.557266,5.054735,936304.00
05/14/2004,4.922359,5.079247,4.853721,5.020414,733700,0.00,0.0,-,7.534006,6.390832,5.620021,5.110626,939656.00
05/13/2004,4.961582,5.089053,4.863527,4.922360,1043100,0.00,0.0,-,7.545331,6.453195,5.674932,5.144945,932720.00
05/12/2004,4.961582,5.098859,4.873332,4.951777,1004900,0.00,0.0,-,7.556411,6.517911,5.740139,5.208681,924348.00
05/11/2004,4.834110,5.245941,4.814499,5.059637,1230700,0.00,0.0,-,7.568178,6.579882,5.817602,5.287125,958554.00
05/10/2004,4.863528,5.049832,4.736056,4.736056,1046300,0.00,0.0,-,7.577984,6.647932,5.889673,5.402830,951300.00
05/07/2004,5.059637,5.187108,4.922360,4.951777,650300,0.00,0.0,-,7.589113,6.721866,5.989199,5.585212,946454.00
05/06/2004,5.245942,5.255748,5.059637,5.167498,1107900,0.00,0.0,-,7.599850,6.791092,6.074507,5.750925,974716.00
05/05/2004,5.549912,5.559718,5.245942,5.275359,2276100,0.00,0.0,-,7.609900,6.856593,6.151970,5.891143,962486.00
05/04/2004,5.412636,5.687190,5.412636,5.549912,1254100,0.00,0.0,-,7.617892,6.916407,6.226982,5.992140,927708.00
05/03/2004,5.353803,5.530301,5.304775,5.471468,1023600,0.00,0.0,-,7.625932,6.974063,6.299543,6.059798,909230.00
04/30/2004,5.638162,5.667578,5.343996,5.363607,1183800,0.00,0.0,-,7.633679,7.035641,6.371123,6.129417,895034.00
04/29/2004,5.736216,5.804855,5.530301,5.559718,1593500,0.00,0.0,-,7.643631,7.099769,6.442213,6.204919,877510.00
04/28/2004,6.118630,6.128436,5.706800,5.736216,2282700,0.00,0.0,-,7.653192,7.164486,6.511341,6.271597,853524.00
04/27/2004,6.373574,6.530461,5.981354,6.216686,2081000,0.00,0.0,-,7.662752,7.227241,6.572136,6.348080,821256.00
04/26/2004,6.618712,6.736378,6.402991,6.559879,537000,0.00,0.0,-,7.669616,7.280779,6.602042,6.376516,786224.00
04/23/2004,6.520656,6.648128,6.442212,6.608905,924800,0.00,0.0,-,7.675058,7.328434,6.609887,6.393185,789942.00
04/22/2004,6.334352,6.628517,6.324546,6.569684,625000,0.00,0.0,-,7.680990,7.377853,6.604984,6.398088,785338.00
04/21/2004,6.197077,6.353965,6.177466,6.285326,401400,0.00,0.0,-,7.686874,7.421978,6.598120,6.412796,781648.00
04/20/2004,6.187270,6.344158,6.187270,6.226492,959100,0.00,0.0,-,7.692610,7.469829,6.610867,6.461824,791182.00
04/19/2004,6.089213,6.304934,6.059797,6.167657,1216800,0.00,0.0,-,7.695993,7.517288,6.628027,6.539287,785686.00
04/16/2004,6.236298,6.285325,6.079409,6.118631,931200,0.00,0.0,-,7.700013,7.557294,6.650580,6.612829,775354.00
04/15/2004,6.501046,6.589295,6.177465,6.226492,705200,0.00,0.0,-,7.704327,7.596908,6.688331,6.679506,782254.00
04/14/2004,6.471629,6.599101,6.383380,6.501046,533600,0.00,0.0,-,7.708005,7.638091,6.740790,6.751086,786136.00
04/13/2004,6.716767,6.726573,6.471629,6.501046,551500,0.00,0.0,-,7.710260,7.669077,6.772168,6.796191,785224.00
04/12/2004,6.638324,6.814823,6.618713,6.726574,303000,0.00,0.0,-,7.712564,7.699474,6.803545,6.827569,783144.00
04/08/2004,6.814821,6.814821,6.657933,6.657933,380800,0.00,0.0,-,7.713250,7.727125,6.843748,6.826588,791402.00
04/07/2004,6.726572,6.844237,6.628517,6.716766,526200,0.00,0.0,-,7.714574,7.757130,6.872674,6.811880,792518.00
04/06/2004,6.903072,6.971711,6.726573,6.775600,381200,0.00,0.0,-,7.717075,7.789488,6.906993,6.783444,793918.00
04/05/2004,6.903071,7.010932,6.854043,7.001126,511400,0.00,0.0,-,7.719477,7.822239,6.950628,6.759911,834190.00
04/02/2004,7.059958,7.089375,6.785405,6.903070,857100,0.00,0.0,-,7.719869,7.851459,6.993772,6.716767,833400.00
04/01/2004,6.912877,7.099181,6.736377,6.785405,538800,0.00,0.0,-,7.721634,7.881464,7.050644,6.688331,834206.00
03/31/2004,6.942293,7.040348,6.863849,6.942293,827300,0.00,0.0,-,7.723644,7.922647,7.118302,6.697156,866696.00
03/30/2004,6.765793,6.981514,6.755988,6.952098,635400,0.00,0.0,-,7.726194,7.962261,7.179096,6.730494,905152.00
03/29/2004,6.814822,6.903071,6.618712,6.814822,656600,0.00,0.0,-,7.727910,7.990697,7.234007,6.748144,902420.00
03/26/2004,6.599100,6.814821,6.530461,6.716766,1496100,0.00,0.0,-,7.732420,8.017564,7.316373,6.779522,898856.00
03/25/2004,6.481435,6.550073,6.373575,6.510851,874100,0.00,0.0,-,7.737813,8.045216,7.402171,6.860908,885428.00
03/24/2004,6.618712,6.687351,6.432408,6.432408,1107600,0.00,0.0,-,7.742912,8.076005,7.497285,6.933468,898700.00
03/23/2004,6.579490,6.746184,6.471630,6.540268,656800,0.00,0.0,-,7.748452,8.097185,7.597791,7.030543,887186.00
03/22/2004,6.628517,6.746183,6.412796,6.569684,1132300,0.00,0.0,-,7.755953,8.112874,7.684079,7.141345,887948.00
03/19/2004,6.863850,6.863850,6.618712,6.618712,1094900,0.00,0.0,-,7.763307,8.132289,7.777231,7.270778,870024.00
03/18/2004,7.275680,7.275680,6.520657,6.873655,1900900,0.00,0.0,-,7.770171,8.150527,7.873815,7.412957,869758.00
03/17/2004,7.177626,7.344319,7.089376,7.275681,621400,0.00,0.0,-,7.770711,8.159548,7.958633,7.539448,843562.00
03/16/2004,7.187431,7.246264,6.912877,7.128598,965200,0.00,0.0,-,7.764925,8.162293,8.034626,7.627698,855276.00
03/15/2004,7.628678,7.707122,7.099181,7.128598,1096100,0.00,0.0,-,7.758748,8.162489,8.121895,7.719870,848560.00
03/12/2004,7.305096,7.540429,7.256069,7.530623,443400,0.00,0.0,-,7.752620,8.163078,8.210144,7.853224,845532.00
03/11/2004,7.422763,7.609067,7.158014,7.236458,1069300,0.00,0.0,-,7.741588,8.164058,8.280744,7.943435,851444.00
03/10/2004,7.658095,7.795372,7.354125,7.403152,789500,0.00,0.0,-,7.732077,8.172295,8.372915,8.061101,841506.00
03/09/2004,7.854205,7.903232,7.609067,7.648289,1087200,0.00,0.0,-,7.719918,8.177198,8.441554,8.165039,827968.00
03/08/2004,7.962065,8.128759,7.844399,7.864011,439400,0.00,0.0,-,7.705700,8.175040,8.493033,8.226813,809592.00
03/05/2004,7.893426,8.246424,7.854204,8.040508,693500,0.00,0.0,-,7.690060,8.172491,8.529803,8.283685,810670.00
03/04/2004,8.158176,8.207203,7.981677,8.138565,386900,0.00,0.0,-,7.673244,8.163470,8.536177,8.334673,807510.00
03/03/2004,8.050315,8.256231,7.942455,8.158175,624500,0.00,0.0,-,7.655496,8.151703,8.534216,8.377818,811160.00
03/02/2004,8.285648,8.295453,7.834595,8.050316,2715200,0.00,0.0,-,7.638582,8.140133,8.540589,8.441553,808820.00
03/01/2004,8.491562,8.530784,8.364090,8.462146,868000,0.00,0.0,-,7.623334,8.125621,8.540589,8.523919,762114.00
02/27/2004,8.295450,8.432727,8.246422,8.432727,804000,0.00,0.0,-,7.607106,8.103264,8.518527,8.567064,751664.00
02/26/2004,8.442534,8.462145,7.687511,8.413117,2063400,0.00,0.0,-,7.589995,8.081104,8.502348,8.618052,745882.00
02/25/2004,8.226811,8.442532,8.050312,8.442532,496400,0.00,0.0,-,7.573424,8.060904,8.489601,8.684730,714712.00
02/24/2004,8.334672,8.570004,8.167979,8.266034,537200,0.00,0.0,-,7.555627,8.039136,8.484208,8.718069,733242.00
02/23/2004,8.560197,8.609225,8.393505,8.432727,330200,0.00,0.0,-,7.538320,8.013446,8.491562,8.759252,738150.00
02/20/2004,8.471951,8.648449,8.471951,8.550395,313800,0.00,0.0,-,7.520229,7.988932,8.493033,8.775922,744028.00
02/19/2004,8.815144,8.844561,8.540590,8.570006,307600,0.00,0.0,-,7.499294,7.966772,8.485679,8.737680,761932.00
02/18/2004,8.824950,8.873978,8.677868,8.795534,394200,0.00,0.0,-,7.473604,7.944611,8.499407,8.690614,766820.00
02/17/2004,8.824948,8.962225,8.766115,8.873976,669300,0.00,0.0,-,7.446541,7.915783,8.505780,8.639625,768752.00
02/13/2004,8.873977,9.021059,8.746505,8.893587,329400,0.00,0.0,-,7.418840,7.887347,8.480776,8.557259,763192.00
02/12/2004,9.305420,9.334837,8.873978,8.942616,722900,0.00,0.0,-,7.391287,7.862245,8.444006,8.469990,765092.00
02/11/2004,8.805338,9.197559,8.609229,9.079893,694600,0.00,0.0,-,7.363979,7.840085,8.401842,8.386644,774354.00
02/10/2004,8.550397,8.795534,8.550397,8.775923,440500,0.00,0.0,-,7.335984,7.808511,8.350363,8.294472,763610.00
02/09/2004,8.628837,8.736697,8.373894,8.677865,878100,0.00,0.0,-,7.309362,7.785762,8.286137,8.250347,770988.00
02/06/2004,8.246422,8.785725,8.177784,8.599421,684300,0.00,0.0,-,7.283475,7.763602,8.218479,8.223872,764004.00
02/05/2004,8.138564,8.383701,8.040509,8.167980,700200,0.00,0.0,-,7.257834,7.745952,8.165529,8.210145,768806.00
02/04/2004,8.256230,8.266036,8.020898,8.099342,1276200,0.00,0.0,-,7.234007,7.729871,8.133661,8.233678,764150.00
02/03/2004,8.011095,8.550397,7.991483,8.285648,899300,0.00,0.0,-,7.210670,7.714574,8.094930,8.308200,747984.00
02/02/2004,8.040510,8.246426,7.814984,8.050316,488000,0.00,0.0,-,7.185911,7.699278,8.051295,8.371935,747590.00
01/30/2004,8.089536,8.217008,7.864010,8.020898,447500,0.00,0.0,-,7.162083,7.683000,8.005700,8.404293,749804.00
01/29/2004,8.148371,8.324869,7.942455,8.109149,715900,0.00,0.0,-,7.139237,7.673587,7.962555,8.418021,759000.00
01/28/2004,8.315063,8.520979,8.089537,8.158175,436600,0.00,0.0,-,7.115654,7.660252,7.936080,8.417040,767012.00
01/27/2004,8.354286,8.628840,8.266037,8.334675,596200,0.00,0.0,-,7.091092,7.646524,7.910586,8.406254,810940.00
01/26/2004,8.285646,8.481756,8.226813,8.413117,2394800,0.00,0.0,-,7.066921,7.641621,7.876267,8.321927,835060.00
01/23/2004,8.432730,8.619034,8.305258,8.462146,471900,0.00,0.0,-,7.042407,7.630639,7.832632,8.213086,814172.00
01/22/2004,8.824949,8.834755,8.393508,8.403313,897400,0.00,0.0,-,7.017648,7.618284,7.796352,8.120914,830028.00
01/21/2004,8.775921,9.070086,8.628838,8.844560,2163300,0.00,0.0,-,6.994017,7.611616,7.755659,8.033645,823884.00
01/20/2004,8.628840,9.021060,8.256231,8.923005,2750100,0.00,0.0,-,6.968915,7.600830,7.690943,7.881660,801774.00
01/16/2004,8.177786,8.432729,8.069925,8.373896,498800,0.00,0.0,-,6.941705,7.587299,7.623775,7.730655,771108.00
01/15/2004,8.001288,8.197397,7.864011,8.158175,478400,0.00,0.0,-,6.917044,7.582592,7.571316,7.607106,775232.00
01/14/2004,8.138564,8.167981,7.893427,8.099342,824700,0.00,0.0,-,6.892138,7.583965,7.530623,7.507090,781936.00
01/13/2004,7.471791,8.079732,7.452180,8.050316,1537700,0.00,0.0,-,6.867330,7.582396,7.491891,7.455120,773428.00
01/12/2004,7.422761,7.501205,7.314900,7.491399,531900,0.00,0.0,-,6.842669,7.581611,7.459533,7.414918,758386.00
01/09/2004,7.452179,7.599262,7.324708,7.324708,694900,0.00,0.0,-,6.820901,7.593574,7.452669,7.430607,760976.00
01/08/2004,7.599260,7.677704,7.461983,7.540427,236100,0.00,0.0,-,6.800162,7.610440,7.435510,7.452179,779742.00
01/07/2004,7.393346,7.560040,7.373735,7.530623,1081600,0.00,0.0,-,6.778394,7.616127,7.418840,7.471790,807132.00
01/06/2004,7.403152,7.481596,7.314902,7.324708,591100,0.00,0.0,-,6.756724,7.613774,7.414428,7.477673,795900.00
01/05/2004,7.187431,7.442374,7.177625,7.412957,1207100,0.00,0.0,-,6.736280,7.616715,7.421292,7.500226,799678.00
01/02/2004,7.236458,7.461985,7.138403,7.138403,629400,0.00,0.0,-,6.714904,7.616911,7.418350,7.516895,791942.00
12/31/2003,7.599261,7.599261,7.158014,7.158014,944700,0.00,0.0,-,6.694802,7.627893,7.434039,7.535525,845258.00
12/30/2003,7.648289,7.658094,7.511011,7.579650,739000,0.00,0.0,-,6.674603,7.629658,7.458062,7.554156,852182.00
12/29/2003,7.667900,7.795371,7.589456,7.648289,572400,0.00,0.0,-,6.652099,7.622010,7.470809,7.528662,867682.00
12/26/2003,7.599262,7.795371,7.579651,7.648289,112600,0.00,0.0,-,6.629056,7.619853,7.463455,7.504148,906224.00
12/24/2003,7.736536,7.795369,7.501205,7.540427,168400,0.00,0.0,-,6.606406,7.614754,7.462965,7.474731,938724.00
12/23/2003,7.569845,7.756149,7.403152,7.736538,493300,0.00,0.0,-,6.583020,7.614558,7.464436,7.418840,963704.00
12/22/2003,7.461984,7.599260,7.314901,7.589455,535500,0.00,0.0,-,6.558555,7.609067,7.463455,7.365891,1020830.00
12/19/2003,7.540429,7.599262,7.275680,7.550234,569400,0.00,0.0,-,6.535071,7.601615,7.452179,7.351183,1162288.00
12/18/2003,7.363929,7.618872,7.265874,7.579650,507500,0.00,0.0,-,6.512273,7.601223,7.441393,7.342358,1272530.00
12/17/2003,7.285486,7.383541,7.197236,7.324708,379900,0.00,0.0,-,6.489622,7.625148,7.438451,7.319805,1265884.00
12/16/2003,7.305096,7.432568,7.207042,7.344318,345500,0.00,0.0,-,6.468835,7.657114,7.434039,7.332552,1262108.00
12/15/2003,7.599262,7.677706,7.295291,7.324708,514900,0.00,0.0,-,6.447704,7.688688,7.444335,7.361969,1260650.00
12/12/2003,7.354125,7.442374,7.197237,7.403152,504900,0.00,0.0,-,6.427308,7.712809,7.450218,7.412957,1257770.00
12/11/2003,6.981515,7.354124,6.942293,7.354124,1422900,0.00,0.0,-,6.406472,7.733793,7.453650,7.422763,1254168.00
12/10/2003,7.256072,7.354127,6.814824,6.981517,782600,0.00,0.0,-,6.385047,7.757326,7.490421,7.451199,1232586.00
12/09/2003,7.412957,7.511012,7.187430,7.207041,624100,0.00,0.0,-,6.365190,7.779879,7.534545,7.510031,1224768.00
12/08/2003,7.403151,7.579650,7.354124,7.442373,1209000,0.00,0.0,-,6.344109,7.804589,7.566413,7.561020,1221486.00
12/05/2003,7.354124,7.501207,7.256069,7.461985,552000,0.00,0.0,-,6.322340,7.811649,7.597791,7.553176,1210240.00
12/04/2003,7.452178,7.540428,7.177625,7.354124,490800,0.00,0.0,-,6.301013,7.831652,7.639954,7.540429,1205402.00
12/03/2003,7.638483,7.707122,7.393346,7.452179,391300,0.00,0.0,-,6.280177,7.857931,7.684569,7.557098,1202796.00
12/02/2003,7.736540,7.785568,7.609069,7.638485,424400,0.00,0.0,-,6.258801,7.895191,7.718889,7.535526,1199588.00
12/01/2003,7.501207,7.844399,7.452179,7.834593,1186000,0.00,0.0,-,6.236493,7.921862,7.748305,7.526701,1200528.00
11/28/2003,7.579650,7.648288,7.501206,7.501206,157400,0.00,0.0,-,6.212764,7.956966,7.757620,7.487479,1193452.00
11/26/2003,7.569846,7.726735,7.422764,7.638485,809400,0.00,0.0,-,6.191584,7.990305,7.783115,7.484537,1195352.00
11/25/2003,7.628677,7.687510,7.491400,7.569844,528900,0.00,0.0,-,6.169718,8.019133,7.805667,7.529642,1182590.00
11/24/2003,7.354123,7.746343,7.314901,7.716927,924400,0.00,0.0,-,6.148342,8.047961,7.835574,7.559059,1180174.00
11/21/2003,7.373735,7.373735,7.226652,7.363930,467400,0.00,0.0,-,6.126917,8.069337,7.840967,7.571806,1168426.00
11/20/2003,7.383542,7.501208,7.226654,7.334514,467900,0.00,0.0,-,6.105737,8.098557,7.843418,7.642406,1167448.00
11/19/2003,7.265875,7.599262,7.158014,7.520818,879600,0.00,0.0,-,6.084753,8.126993,7.850282,7.739480,1171090.00
11/18/2003,7.530623,7.628678,7.216847,7.236458,598700,0.00,0.0,-,6.063671,8.144839,7.845379,7.812041,1166204.00
11/17/2003,7.412957,7.648289,7.383541,7.550234,907300,0.00,0.0,-,6.043668,8.180924,7.867932,7.902251,1163594.00
11/14/2003,7.461984,7.814982,7.354124,7.442373,1116500,0.00,0.0,-,6.023469,8.210340,7.852733,7.969909,1157494.00
11/13/2003,7.648290,7.814983,7.403153,7.471791,2633000,0.00,0.0,-,6.003368,8.241522,7.840477,8.027762,1159844.00
11/12/2003,7.854203,8.089535,7.854203,8.089535,1802200,0.00,0.0,-,5.982188,8.282313,7.843908,8.081692,1116304.00
11/11/2003,7.765955,7.893427,7.628679,7.864011,1350400,0.00,0.0,-,5.957184,8.311141,7.809099,8.081692,1090574.00
11/10/2003,8.187592,8.217009,7.824788,7.844399,1264700,0.00,0.0,-,5.934435,8.342126,7.792430,8.112089,1076666.00
11/07/2003,8.334673,8.373895,7.981676,8.069924,590200,0.00,0.0,-,5.912520,8.371739,7.773309,8.110128,1063266.00
11/06/2003,8.236619,8.315063,8.099342,8.305258,1057800,0.00,0.0,-,5.890359,8.389977,7.730655,8.044431,1070212.00
11/05/2003,8.167979,8.324867,8.099341,8.246423,1216800,0.00,0.0,-,5.868150,8.403312,7.691923,7.961084,1072922.00
11/04/2003,8.187593,8.315063,8.040510,8.138565,705000,0.00,0.0,-,5.845793,8.413314,7.718398,7.878718,1069426.00
11/03/2003,8.118951,8.256229,8.040507,8.226812,813600,0.00,0.0,-,5.823878,8.415079,7.757620,7.833613,1074904.00
10/31/2003,8.060120,8.226813,7.962064,8.020898,399300,0.00,0.0,-,5.801619,8.413706,7.792430,7.735558,1080554.00
10/30/2003,8.432729,8.432729,7.844399,8.011092,785600,0.00,0.0,-,5.780489,8.414491,7.817924,7.653192,1092816.00
10/29/2003,8.167979,8.167979,7.952257,8.089535,661400,0.00,0.0,-,5.759064,8.407823,7.839987,7.606125,1100734.00
10/28/2003,7.844399,8.177786,7.795371,8.167980,1633200,0.00,0.0,-,5.738178,8.391154,7.862049,7.536507,1108546.00
10/27/2003,7.569845,7.864011,7.569845,7.824788,1605600,0.00,0.0,-,5.716851,8.374876,7.859108,7.472771,1122990.00
10/24/2003,7.638484,7.648289,7.334513,7.412957,520000,0.00,0.0,-,5.697240,8.353697,7.889995,7.436490,1168506.00
10/23/2003,7.354125,7.589457,7.305097,7.471791,780000,0.00,0.0,-,5.679345,8.310945,7.909115,7.416879,1161180.00
10/22/2003,7.648289,7.648289,7.363930,7.422763,820300,0.00,0.0,-,5.661205,8.265839,7.958633,7.422763,1151690.00
10/21/2003,7.354124,7.707122,7.334513,7.687511,3295200,0.00,0.0,-,5.643849,8.226029,8.020898,7.558079,1142600.00
10/20/2003,7.207042,7.305096,7.197236,7.246264,1290900,0.00,0.0,-,5.623895,8.174060,8.102284,7.681628,1082014.00
10/17/2003,7.638484,7.648290,7.158015,7.197237,1514000,0.00,0.0,-,5.605853,8.126209,8.188572,7.849302,1066436.00
10/16/2003,7.393344,7.677704,7.393344,7.540427,2499500,0.00,0.0,-,5.588252,8.078358,8.308199,7.982657,1070638.00
10/15/2003,7.569847,7.589458,7.393348,7.393348,1737600,0.00,0.0,-,5.567709,8.018937,8.389585,8.073848,1090274.00
10/14/2003,7.461985,7.579651,7.393346,7.530623,1417400,0.00,0.0,-,5.547167,8.003052,8.473912,8.187592,1061220.00
10/13/2003,7.314902,7.461985,7.246263,7.461985,3349600,0.00,0.0,-,5.526183,7.988148,8.547944,8.245444,1037646.00
10/10/2003,7.452179,7.452179,7.138404,7.216847,7608400,0.00,0.0,-,5.505640,7.976381,8.614131,8.343499,976280.00
10/09/2003,8.158175,8.158175,7.403152,7.530623,6081500,0.00,0.0,-,5.486127,7.980107,8.694536,8.401351,829862.00
10/08/2003,8.834756,8.883784,8.677868,8.775923,175200,0.00,0.0,-,5.464212,7.975204,8.755820,8.494504,712806.00
10/07/2003,8.854366,8.923005,8.648450,8.923005,191100,0.00,0.0,-,5.436757,7.942454,8.737680,8.483717,713924.00
10/06/2003,8.501368,8.923005,8.501368,8.923005,272600,0.00,0.0,-,5.407880,7.910096,8.743563,8.522939,713722.00
10/03/2003,8.520978,8.726893,8.442534,8.530784,370900,0.00,0.0,-,5.379100,7.872050,8.748466,8.527842,712898.00
10/02/2003,8.560198,8.697476,8.187590,8.452338,324800,0.00,0.0,-,5.352773,7.840673,8.771999,8.633741,709752.00
10/01/2003,8.187592,8.628839,8.167980,8.530784,343800,0.00,0.0,-,5.327425,7.813610,8.824949,8.705322,705942.00
09/30/2003,8.403313,8.570007,7.962066,8.109149,391700,0.00,0.0,-,5.301588,7.786546,8.874957,8.760232,705304.00
09/29/2003,7.893424,8.481754,7.893424,8.442532,460000,0.00,0.0,-,5.278153,7.761837,8.940163,8.850443,701176.00
09/26/2003,8.383701,8.393507,7.746344,7.795371,646700,0.00,0.0,-,5.253247,7.736146,8.984288,8.884762,697520.00
09/25/2003,8.648450,8.815143,8.334674,8.462146,310100,0.00,0.0,-,5.231185,7.720654,9.043612,8.987720,690190.00
09/24/2003,9.315223,9.315223,8.658255,8.668060,360500,0.00,0.0,-,5.204465,7.698493,9.069106,9.017136,690924.00
09/23/2003,8.932809,9.315224,8.903393,9.315224,230900,0.00,0.0,-,5.177254,7.674568,9.073028,8.991642,690282.00
09/22/2003,9.315223,9.325029,8.932809,8.972031,471400,0.00,0.0,-,5.147838,7.641229,9.018607,8.964187,692044.00
09/19/2003,9.266197,9.589778,9.266197,9.589778,832200,0.00,0.0,-,5.120873,7.613578,8.977915,8.969090,688232.00
09/18/2003,9.070086,9.168141,8.834754,9.168141,252400,0.00,0.0,-,5.091603,7.574748,8.901432,8.910257,680522.00
09/17/2003,9.011254,9.099504,8.893588,9.079893,171300,0.00,0.0,-,5.064050,7.547292,8.826910,8.944576,684042.00
09/16/2003,8.707283,9.040671,8.668061,9.011253,408100,0.00,0.0,-,5.036692,7.520621,8.735719,8.989681,692624.00
09/15/2003,8.785727,9.128919,8.726893,8.785727,337000,0.00,0.0,-,5.009286,7.489048,8.652862,9.029884,698662.00
09/12/2003,8.677866,8.952420,8.599422,8.824948,418500,0.00,0.0,-,4.981929,7.451395,8.551866,9.083814,694412.00
09/11/2003,8.422922,8.864170,8.413117,8.756310,650000,0.00,0.0,-,4.955699,7.414330,8.374386,9.099503,695566.00
09/10/2003,8.972031,8.972031,8.383701,8.413117,635300,0.00,0.0,-,4.929126,7.378834,8.197397,9.121075,697808.00
09/09/2003,8.942618,9.040673,8.844563,9.040673,468200,0.00,0.0,-,4.902749,7.349810,8.048353,9.154414,708758.00
09/08/2003,9.001447,9.266195,8.834753,9.021057,602300,0.00,0.0,-,4.872941,7.308038,7.850772,9.073028,711778.00
09/05/2003,9.364254,9.364254,8.775924,9.001451,1234000,0.00,0.0,-,4.842347,7.266855,7.642406,8.986739,705976.00
09/04/2003,9.530943,9.678025,9.295610,9.511332,456000,0.00,0.0,-,4.811656,7.224103,7.432568,8.892606,689396.00
09/03/2003,9.413276,9.609386,9.374054,9.530942,515700,0.00,0.0,-,4.779004,7.172330,7.185469,8.709244,686386.00
09/02/2003,9.315224,9.442696,9.040670,9.413280,655000,0.00,0.0,-,4.746793,7.126048,7.038877,8.481756,681778.00
08/29/2003,8.942616,9.325030,8.824950,9.325030,594700,0.00,0.0,-,4.714435,7.082904,6.907484,8.275841,679056.00
08/28/2003,8.952422,9.168143,8.824950,8.981838,937500,0.00,0.0,-,4.682469,7.037995,6.784915,8.019917,671506.00
08/27/2003,8.775921,9.070086,8.658255,8.972031,1193300,0.00,0.0,-,4.651778,7.003479,6.705981,7.649269,662272.00
08/26/2003,8.285645,8.746504,8.266035,8.746504,1042000,0.00,0.0,-,4.622312,6.967787,6.621653,7.273719,648278.00
08/25/2003,8.236617,8.295451,8.040507,8.226812,978900,0.00,0.0,-,4.594170,6.941901,6.541248,6.942293,641226.00
08/22/2003,7.991482,8.167981,7.962066,8.158175,1096100,0.00,0.0,-,4.568676,6.923270,6.495162,6.628517,630382.00
08/21/2003,7.756149,8.334673,7.756149,8.060120,1012400,0.00,0.0,-,4.543476,6.914445,6.438291,6.298072,611674.00
08/20/2003,7.207041,7.677705,7.108986,7.677705,1181500,0.00,0.0,-,4.518472,6.909151,6.383380,5.972529,596288.00
08/19/2003,7.354125,7.452180,7.256070,7.256070,1052000,0.00,0.0,-,4.495625,6.906209,6.354454,5.661695,583924.00
08/18/2003,7.354124,7.599261,7.256069,7.354124,2355400,0.00,0.0,-,4.474935,6.911896,6.350531,5.595998,581046.00
08/15/2003,6.863848,7.177624,6.373573,6.765793,3881400,0.00,0.0,-,4.454442,6.925624,6.326508,5.539126,547624.00
08/14/2003,5.275359,5.461663,5.216526,5.275359,153700,0.00,0.0,-,4.433899,6.951118,6.346119,5.549912,487854.00
08/13/2003,5.510691,5.618551,5.196915,5.216526,305500,0.00,0.0,-,4.420956,7.005441,6.433388,5.762692,611412.00
08/12/2003,5.196914,5.481274,5.138081,5.432246,365800,0.00,0.0,-,4.408846,7.040740,6.540268,5.969588,650166.00
08/11/2003,4.765472,5.089053,4.765472,5.089053,265900,0.00,0.0,-,4.396148,7.054468,6.642245,6.140203,655620.00
08/08/2003,4.814501,4.981194,4.736057,4.853723,512000,0.00,0.0,-,4.384480,7.070549,6.770207,6.361808,658178.00
08/07/2003,4.608584,4.951777,4.608584,4.804695,1724100,0.00,0.0,-,4.373694,7.091533,6.906993,6.578509,673330.00
08/06/2003,6.275520,6.275520,4.392864,4.569363,3481300,0.00,0.0,-,4.362221,7.101927,7.049173,6.794230,647496.00
08/05/2003,6.814820,6.834431,6.520656,6.599100,284900,0.00,0.0,-,4.351631,7.117223,7.210473,7.047212,594114.00
08/04/2003,6.873655,6.922682,6.657934,6.785405,238700,0.00,0.0,-,4.332363,7.084669,7.267836,7.105064,593424.00
08/01/2003,7.305096,7.305096,6.814821,6.873655,281300,0.00,0.0,-,4.313243,7.045055,7.300194,7.113889,595088.00
07/31/2003,7.285486,7.599262,7.275681,7.403152,287500,0.00,0.0,-,4.290886,7.002303,7.301664,7.142325,596564.00
07/30/2003,7.108987,7.305097,7.001126,7.285486,228700,0.00,0.0,-,4.266078,6.947784,7.280092,7.104084,603902.00
07/29/2003,7.275680,7.295291,7.030543,7.138403,231100,0.00,0.0,-,4.240535,6.893854,7.264894,7.110948,616562.00
07/28/2003,7.010931,7.305096,7.010931,7.305096,181000,0.00,0.0,-,4.214550,6.846591,7.256069,7.144286,622684.00
07/25/2003,6.961904,7.089376,6.863849,7.020737,231400,0.00,0.0,-,4.187095,6.800506,7.238419,7.178606,633358.00
07/24/2003,7.118792,7.187431,6.912877,6.961904,213600,0.00,0.0,-,4.161209,6.764421,7.235477,7.235477,645886.00
07/23/2003,7.108986,7.216847,6.883459,7.099180,134300,0.00,0.0,-,4.135322,6.725396,7.230575,7.304116,651066.00
07/22/2003,6.863849,7.246263,6.716766,7.177625,311900,0.00,0.0,-,4.109730,6.685389,7.221750,7.373735,670022.00
07/21/2003,7.069765,7.079570,6.863849,6.873655,185300,0.00,0.0,-,4.083696,6.639499,7.223711,7.430607,677840.00
07/18/2003,7.020737,7.158014,6.834432,7.158014,277200,0.00,0.0,-,4.059329,6.598120,7.242832,7.486498,681850.00
07/17/2003,7.275680,7.295291,7.020737,7.020737,280200,0.00,0.0,-,4.034031,6.551250,7.238909,7.461004,699594.00
07/16/2003,7.491400,7.491400,7.177625,7.354124,346800,0.00,0.0,-,4.009125,6.498104,7.250676,7.456101,736328.00
07/15/2003,7.658095,7.687512,7.452180,7.471791,328400,0.00,0.0,-,3.982994,6.419660,7.242341,7.418840,785084.00
07/14/2003,7.687511,7.785566,7.599262,7.648289,319000,0.00,0.0,-,3.957401,6.337882,7.241361,7.367852,788138.00
07/11/2003,7.628677,7.677704,7.432567,7.589455,280800,0.00,0.0,-,3.931122,6.251594,7.223711,7.298233,789442.00
07/10/2003,7.795371,7.795371,7.305096,7.648289,446700,0.00,0.0,-,3.904648,6.167463,7.230085,7.235477,797272.00
07/09/2003,7.746344,7.834593,7.511012,7.795371,428400,0.00,0.0,-,3.878663,6.084116,7.237439,7.157033,796172.00
07/08/2003,7.432567,7.893426,7.432567,7.746343,600400,0.00,0.0,-,3.852188,5.997828,7.224201,7.069765,791404.00
07/07/2003,6.932487,7.432568,6.912876,7.432568,710000,0.00,0.0,-,3.825615,5.911931,7.213905,7.016815,781290.00
07/03/2003,6.912876,6.961903,6.814821,6.903070,124500,0.00,0.0,-,3.801445,5.833291,7.244302,6.999165,774832.00
07/02/2003,6.942294,6.981515,6.912877,6.971710,476200,0.00,0.0,-,3.779579,5.764653,7.301174,7.016815,774634.00
07/01/2003,6.961906,6.981517,6.912879,6.981517,762100,0.00,0.0,-,3.758055,5.693269,7.352163,7.045251,792748.00
06/30/2003,6.942293,6.961904,6.746183,6.961904,1182800,0.00,0.0,-,3.737562,5.622277,7.352163,7.065843,782990.00
06/27/2003,6.961903,6.961903,6.873654,6.952098,619200,0.00,0.0,-,3.716333,5.549716,7.309999,7.114870,760584.00
06/26/2003,6.834432,7.050154,6.834432,6.961904,312200,0.00,0.0,-,3.696085,5.476371,7.257050,7.149189,749146.00
06/25/2003,6.942293,7.108987,6.726572,6.863849,405000,0.00,0.0,-,3.675493,5.406164,7.204100,7.224692,744752.00
06/24/2003,7.216847,7.256069,6.814822,6.922682,305500,0.00,0.0,-,3.655245,5.336741,7.127127,7.317844,739032.00
06/23/2003,7.256069,7.256069,7.079570,7.216847,285300,0.00,0.0,-,3.633280,5.263200,7.047702,7.378638,734750.00
06/20/2003,7.207042,7.256070,7.207042,7.256070,518900,0.00,0.0,-,3.609208,5.188874,6.935429,7.410996,730906.00
06/19/2003,7.236458,7.256069,7.050154,7.079570,217200,0.00,0.0,-,3.583714,5.113960,6.812861,7.489440,724262.00
06/18/2003,7.226653,7.334514,7.089377,7.256070,475800,0.00,0.0,-,3.560769,5.042576,6.695685,7.585533,722756.00
06/17/2003,7.452179,7.452179,6.854043,7.187430,493600,0.00,0.0,-,3.537481,4.970996,6.566743,7.659075,722464.00
06/16/2003,7.354124,7.452179,7.354124,7.452179,689400,0.00,0.0,-,3.514781,4.903730,6.436820,7.638483,726064.00
06/13/2003,7.697316,7.707121,7.128597,7.295290,436700,0.00,0.0,-,3.489875,4.824305,6.302975,7.505129,752912.00
06/12/2003,7.775760,7.805176,7.599261,7.716927,160700,0.00,0.0,-,3.465999,4.747234,6.188250,7.364910,752588.00
06/11/2003,7.540428,7.873815,7.393346,7.795371,243100,0.00,0.0,-,3.441436,4.656435,6.063230,7.183509,754444.00
06/10/2003,7.452179,7.579651,7.285485,7.530623,563300,0.00,0.0,-,3.415598,4.563283,5.923992,6.936410,751668.00
06/09/2003,7.991479,7.991479,7.540427,7.540427,908100,0.00,0.0,-,3.391967,4.475034,5.802404,6.716767,742446.00
06/06/2003,7.991481,8.530783,7.942454,8.040508,684300,0.00,0.0,-,3.366718,4.386980,5.669540,6.459863,725322.00
06/05/2003,7.942454,8.158174,7.834593,8.040508,892900,0.00,0.0,-,3.336811,4.289710,5.507749,6.136282,717544.00
06/04/2003,7.844402,8.040512,7.452182,7.991484,6331600,0.00,0.0,-,3.306855,4.192635,5.346449,5.805836,714206.00
06/03/2003,6.177466,7.089378,6.128439,6.981517,2243200,0.00,0.0,-,3.278027,4.096737,5.165047,5.474410,590954.00
06/02/2003,5.922522,6.304936,5.902911,6.118631,638500,0.00,0.0,-,3.254739,4.021823,4.987567,5.235156,551702.00
05/30/2003,5.893105,5.981354,5.736216,5.893105,393800,0.00,0.0,-,3.234344,3.962206,4.850780,5.100821,541446.00
05/29/2003,5.294971,5.961745,5.294971,5.902912,1269600,0.00,0.0,-,3.214193,3.906707,4.722819,5.011591,538850.00
05/28/2003,5.353802,5.598940,5.275358,5.324386,432400,0.00,0.0,-,3.194631,3.851012,4.596818,4.942952,517854.00
05/27/2003,5.020414,5.412634,5.020414,5.334190,812200,0.00,0.0,-,3.178452,3.806102,4.504646,4.911575,514498.00
05/23/2003,4.804695,5.000805,4.804695,4.971388,250400,0.00,0.0,-,3.162518,3.760213,4.411984,4.888042,502424.00
05/22/2003,4.726251,4.971388,4.677223,4.804695,321900,0.00,0.0,-,3.147908,3.723148,4.335992,4.879217,502128.00
05/21/2003,4.687029,4.736056,4.520336,4.736056,355100,0.00,0.0,-,3.133837,3.684318,4.270785,4.879217,499474.00
05/20/2003,4.726251,4.902750,4.559558,4.677224,654400,0.00,0.0,-,3.119914,3.646469,4.207540,4.887061,497998.00
05/19/2003,4.745862,4.755667,4.412475,4.588974,861700,0.00,0.0,-,3.106823,3.610777,4.143804,4.855683,488280.00
05/16/2003,5.000806,5.000806,4.775279,4.775279,537200,0.00,0.0,-,3.093929,3.578811,4.085951,4.739978,472818.00
05/15/2003,5.294970,5.294970,4.902750,5.000805,714700,0.00,0.0,-,3.079417,3.544295,4.013881,4.600740,465148.00
05/14/2003,5.020416,5.334192,5.020416,5.216526,857800,0.00,0.0,-,3.065444,3.507623,3.928083,4.434046,453364.00
05/13/2003,5.069443,5.128275,4.932166,5.010610,472600,0.00,0.0,-,3.050393,3.465655,3.839833,4.250683,441796.00
05/12/2003,4.883139,5.226331,4.863528,5.098860,1082100,0.00,0.0,-,3.036567,3.430356,3.758938,4.097718,438720.00
05/09/2003,4.785083,4.892943,4.687028,4.883138,702800,0.00,0.0,-,3.022839,3.393095,3.666276,3.935927,425948.00
05/08/2003,4.716445,4.804695,4.647806,4.804695,385800,0.00,0.0,-,3.011171,3.356814,3.597147,3.792767,431516.00
05/07/2003,4.412473,4.971387,4.314418,4.814498,1164400,0.00,0.0,-,3.001022,3.320926,3.532431,3.662353,670268.00
05/06/2003,3.500563,4.510529,3.500563,4.363447,2116900,0.00,0.0,-,2.991658,3.284450,3.467224,3.528018,651472.00
05/05/2003,3.412314,3.451536,3.373092,3.431925,2784600,0.00,0.0,-,2.984353,3.258955,3.432905,3.431924,616224.00
05/02/2003,3.333869,3.431924,3.333869,3.382897,481100,0.00,0.0,-,2.981901,3.254249,3.452516,3.431924,566702.00
05/01/2003,3.382897,3.431924,3.333869,3.333869,384200,0.00,0.0,-,2.980823,3.250327,3.457419,3.427022,559058.00
04/30/2003,3.451535,3.500563,3.284842,3.382897,672300,0.00,0.0,-,2.977734,3.247189,3.462812,3.422119,552348.00
04/29/2003,3.529979,3.628035,3.461341,3.480952,391700,0.00,0.0,-,2.973959,3.243071,3.452516,3.428983,540118.00
04/28/2003,3.490758,3.529979,3.471147,3.480952,190000,0.00,0.0,-,2.970135,3.235226,3.435356,3.420158,534290.00
04/25/2003,3.520174,3.529979,3.451535,3.451535,94700,0.00,0.0,-,2.965379,3.230912,3.417216,3.396625,535560.00
04/24/2003,3.461341,3.529979,3.431924,3.500563,387100,0.00,0.0,-,2.961800,3.227186,3.401527,3.401527,538968.00
04/23/2003,3.382897,3.471147,3.333870,3.471147,114600,0.00,0.0,-,2.958417,3.223067,3.385348,3.402508,532844.00
04/22/2003,3.382897,3.480952,3.284842,3.402508,1381900,0.00,0.0,-,2.957387,3.222283,3.371130,3.406430,538142.00
04/21/2003,3.324064,3.490758,3.284842,3.431925,274200,0.00,0.0,-,2.956995,3.216792,3.360835,3.433886,513118.00
04/17/2003,3.294647,3.402508,3.294647,3.333869,62500,0.00,0.0,-,2.954544,3.210908,3.351029,3.473108,512812.00
04/16/2003,3.490757,3.510368,3.284842,3.284842,47300,0.00,0.0,-,2.952190,3.210320,3.341224,3.487816,518560.00
04/15/2003,3.373091,3.520174,3.275036,3.451535,92500,0.00,0.0,-,2.980577,3.209340,3.332889,3.503505,524256.00
04/14/2003,3.245620,3.559396,3.235815,3.392703,119000,0.00,0.0,-,3.011710,3.210516,3.316220,3.476049,524964.00
04/11/2003,3.490757,3.510368,3.147565,3.245620,91400,0.00,0.0,-,3.044117,3.211105,3.300531,3.450555,526192.00
04/10/2003,3.500563,3.529979,3.304453,3.500563,93100,0.00,0.0,-,3.091380,3.210908,3.290235,3.437808,534306.00
04/09/2003,3.500563,3.549591,3.490758,3.510369,186700,0.00,0.0,-,3.137122,3.202672,3.271114,3.401527,540678.00
04/08/2003,3.667257,3.706479,3.510369,3.510369,141900,0.00,0.0,-,3.184042,3.198750,3.238756,3.368189,544934.00
04/07/2003,3.824144,3.853561,3.598618,3.677062,461200,0.00,0.0,-,3.231010,3.197769,3.205418,3.335831,547126.00
04/04/2003,3.529979,3.853561,3.520174,3.824145,673600,0.00,0.0,-,3.277145,3.196985,3.166196,3.287784,539702.00
04/03/2003,3.480952,3.539785,3.382897,3.480952,2031800,0.00,0.0,-,3.320779,3.197769,3.124522,3.228951,528348.00
04/02/2003,3.186787,3.461341,3.176981,3.441730,420500,0.00,0.0,-,3.367846,3.203652,3.102950,3.194631,490814.00
04/01/2003,3.137759,3.186787,3.118148,3.176981,253500,0.00,0.0,-,3.415010,3.209928,3.089222,3.162273,487228.00
03/31/2003,3.118149,3.196593,3.098538,3.137760,104300,0.00,0.0,-,3.460360,3.221891,3.086281,3.156390,486544.00
03/28/2003,3.118149,3.176982,3.108343,3.118149,102200,0.00,0.0,-,3.504730,3.235030,3.091674,3.150507,491256.00
03/27/2003,3.137760,3.186787,3.098538,3.137760,51900,0.00,0.0,-,3.549198,3.247189,3.097557,3.142662,516422.00
03/26/2003,3.186787,3.216203,3.147565,3.176981,295400,0.00,0.0,-,3.593127,3.262682,3.094125,3.140701,518826.00
03/25/2003,3.186788,3.235815,3.186788,3.186788,726000,0.00,0.0,-,3.639752,3.277194,3.085790,3.109324,516724.00
03/24/2003,3.235814,3.235814,3.157370,3.196592,169000,0.00,0.0,-,3.686328,3.291510,3.075985,3.075004,504852.00
03/21/2003,3.186787,3.235814,3.147565,3.235814,280600,0.00,0.0,-,3.729816,3.304257,3.070592,3.044607,503194.00
03/20/2003,3.108343,3.333870,3.088732,3.137760,125700,0.00,0.0,-,3.772813,3.316416,3.068631,3.020094,502008.00
03/19/2003,3.127954,3.157371,3.059316,3.118149,264000,0.00,0.0,-,3.814486,3.332693,3.071082,3.011269,509184.00
03/18/2003,3.088732,3.127954,3.049510,3.118149,219800,0.00,0.0,-,3.855767,3.344263,3.074024,3.016171,516452.00
03/17/2003,3.039705,3.088732,3.010288,3.078927,264600,0.00,0.0,-,3.901804,3.354657,3.076965,3.016171,514698.00
03/14/2003,3.088732,3.088732,2.961261,3.039705,208500,0.00,0.0,-,3.948184,3.366620,3.077456,3.032841,513254.00
03/13/2003,2.902428,3.118149,2.853400,3.118149,235600,0.00,0.0,-,3.997947,3.374464,3.088732,3.052452,515162.00
03/12/2003,2.804372,2.941649,2.765150,2.863205,189200,0.00,0.0,-,4.047612,3.377798,3.096086,3.047549,514464.00
03/11/2003,2.941649,2.941649,2.745539,2.843595,281300,0.00,0.0,-,4.099483,3.387211,3.117658,3.062257,515586.00
03/10/2003,2.971065,3.020093,2.804372,2.892622,168500,0.00,0.0,-,4.150962,3.397409,3.147075,3.076965,517100.00
03/07/2003,3.059316,3.069121,2.971066,2.990677,88600,0.00,0.0,-,4.194498,3.405842,3.158841,3.096576,515528.00
03/06/2003,3.147565,3.176981,3.049510,3.049510,153700,0.00,0.0,-,4.239260,3.408980,3.166195,3.117168,517782.00
03/05/2003,3.127953,3.206397,3.127953,3.167175,125500,0.00,0.0,-,4.292308,3.413686,3.178942,3.130896,520154.00
03/04/2003,3.216204,3.235815,3.118149,3.118149,279400,0.00,0.0,-,4.341434,3.413294,3.182374,3.131876,521828.00
03/03/2003,3.235814,3.255425,3.147565,3.245620,318800,0.00,0.0,-,4.394187,3.414275,3.201985,3.137759,518022.00
02/28/2003,3.088732,3.235814,3.088732,3.235814,443500,0.00,0.0,-,4.447333,3.414667,3.210810,3.122071,515814.00
02/27/2003,3.137759,3.167176,2.902427,3.069121,981200,0.00,0.0,-,4.499302,3.417608,3.210810,3.125012,510358.00
02/26/2003,3.000483,3.127954,2.892622,3.010288,12323400,0.00,0.0,-,4.550634,3.423492,3.211791,3.144623,492532.00
02/25/2003,3.088732,3.088732,2.931844,2.990677,224600,0.00,0.0,-,4.604907,3.431728,3.226989,3.173059,248630.00
02/24/2003,3.196592,3.275036,3.088732,3.088732,354500,0.00,0.0,-,4.661044,3.441142,3.250523,3.217184,247924.00
02/21/2003,3.176981,3.353480,3.118148,3.196592,308500,0.00,0.0,-,4.719043,3.447025,3.277978,3.221106,247606.00
02/20/2003,3.157371,3.245621,3.157371,3.186788,98900,0.00,0.0,-,4.776749,3.445456,3.311317,3.215223,245528.00
02/19/2003,3.157370,3.186787,3.118148,3.176981,48700,0.00,0.0,-,4.833375,3.446241,3.340733,3.226989,246158.00
02/18/2003,3.098537,3.255425,3.088732,3.176981,60800,0.00,0.0,-,4.890787,3.451339,3.369660,3.232873,249478.00
02/14/2003,3.216203,3.333869,3.088732,3.088732,100300,0.00,0.0,-,4.952071,3.459380,3.399566,3.266211,251234.00
02/13/2003,3.284841,3.324064,3.235814,3.265230,253500,0.00,0.0,-,5.014679,3.472323,3.434866,3.299550,261650.00
02/12/2003,3.275036,3.363286,3.235814,3.265230,265100,0.00,0.0,-,5.080523,3.480168,3.457909,3.296609,264756.00
02/11/2003,3.431925,3.441730,3.275036,3.294647,80900,0.00,0.0,-,5.147544,3.487031,3.490267,3.278959,260948.00
02/10/2003,3.137760,3.529979,3.127954,3.431925,379500,0.00,0.0,-,5.215202,3.491738,3.520664,3.280920,268842.00
02/07/2003,3.137759,3.167176,3.118149,3.127954,130700,0.00,0.0,-,5.282958,3.489385,3.544198,3.283861,271316.00
02/06/2003,3.284842,3.353481,3.137760,3.137760,258900,0.00,0.0,-,5.353263,3.498406,3.579497,3.334850,278132.00
02/05/2003,3.284842,3.324064,3.206398,3.304453,349900,0.00,0.0,-,5.424990,3.504485,3.614797,3.407411,277058.00
02/04/2003,3.431924,3.431924,3.196592,3.235814,332100,0.00,0.0,-,5.491717,3.501151,3.647155,3.454477,280392.00
02/03/2003,3.382897,3.579007,3.373092,3.510369,127900,0.00,0.0,-,5.561385,3.498014,3.670198,3.506446,294294.00
01/31/2003,3.235815,3.431925,3.088733,3.422120,180400,0.00,0.0,-,5.630906,3.485855,3.676572,3.532921,296368.00
01/30/2003,3.167176,3.461341,3.137759,3.235814,497100,0.00,0.0,-,5.704496,3.474677,3.689319,3.570182,294784.00
01/29/2003,3.314258,3.314258,3.039704,3.088732,411700,0.00,0.0,-,5.780489,3.469578,3.699124,3.619210,287304.00
01/28/2003,3.480952,3.520174,3.235815,3.314259,399500,0.00,0.0,-,5.852706,3.469578,3.708930,3.701576,280962.00
01/27/2003,3.549591,3.745701,3.422119,3.461341,251500,0.00,0.0,-,5.919236,3.462126,3.709911,3.760409,274460.00
01/24/2003,3.824145,3.824145,3.608424,3.637840,90000,0.00,0.0,-,5.984786,3.451536,3.704517,3.804534,271396.00
01/23/2003,3.775117,3.902589,3.696673,3.863367,105900,0.00,0.0,-,6.051611,3.435651,3.688338,3.824145,273750.00
01/22/2003,3.696673,3.833950,3.677062,3.775117,155100,0.00,0.0,-,6.113876,3.419962,3.652548,3.822183,273876.00
01/21/2003,3.775117,3.814339,3.686868,3.755506,241200,0.00,0.0,-,6.178886,3.406823,3.628035,3.839833,273730.00
01/17/2003,3.745700,3.824145,3.686868,3.775117,219300,0.00,0.0,-,6.240857,3.394271,3.597638,3.833950,273080.00
01/16/2003,3.706478,3.971227,3.686867,3.794727,339900,0.00,0.0,-,6.303661,3.381132,3.567240,3.820222,271718.00
01/15/2003,3.892783,3.951616,3.726089,3.726089,1360500,0.00,0.0,-,6.363229,3.366424,3.540766,3.808456,272740.00
01/14/2003,3.882978,3.941811,3.686868,3.912394,172100,0.00,0.0,-,6.429024,3.354069,3.523606,3.779039,252738.00
01/13/2003,3.981033,3.981033,3.843756,3.902589,190300,0.00,0.0,-,6.494574,3.338184,3.496151,3.716284,254312.00
01/10/2003,3.784923,3.971228,3.784923,3.902589,132400,0.00,0.0,-,6.559830,3.325241,3.472127,3.659412,256270.00
01/09/2003,3.902588,3.971227,3.755506,3.833950,86100,0.00,0.0,-,6.625379,3.300335,3.450065,3.604501,256270.00
01/08/2003,3.922199,3.971227,3.843755,3.843755,221300,0.00,0.0,-,6.688086,3.277390,3.427512,3.552532,255908.00
01/07/2003,3.677062,4.069282,3.647646,3.951616,484500,0.00,0.0,-,6.751821,3.256406,3.391232,3.482913,254292.00
01/06/2003,3.628035,3.873173,3.628035,3.696674,627400,0.00,0.0,-,6.815410,3.235226,3.354951,3.416236,247650.00
01/03/2003,3.677062,3.716284,3.579007,3.637840,132100,0.00,0.0,-,6.881254,3.216400,3.341714,3.361325,237368.00
01/02/2003,3.529979,3.726089,3.431924,3.677062,192400,0.00,0.0,-,6.947784,3.197573,3.338772,3.314259,237544.00
12/31/2002,3.265231,3.520174,3.186787,3.431925,303900,0.00,0.0,-,7.012206,3.174236,3.341714,3.273075,242296.00
12/30/2002,3.314258,3.333869,3.186787,3.284842,200700,0.00,0.0,-,7.078443,3.154625,3.352990,3.268173,238710.00
12/27/2002,3.324064,3.373091,3.245620,3.333869,245300,0.00,0.0,-,7.144826,3.143839,3.369169,3.276017,242076.00
12/26/2002,3.314259,3.431924,3.294647,3.353481,357000,0.00,0.0,-,7.210032,3.136387,3.378975,3.284842,245912.00
12/24/2002,3.069122,3.314259,3.069122,3.314259,89900,0.00,0.0,-,7.274209,3.117364,3.377014,3.295628,240842.00
12/23/2002,3.275037,3.275037,2.990677,3.147565,201300,0.00,0.0,-,7.338092,3.099910,3.390251,3.302492,240204.00
12/20/2002,3.235814,3.284842,3.039704,3.284842,272300,0.00,0.0,-,7.401534,3.080495,3.404959,3.299550,239240.00
12/19/2002,3.108343,3.255426,2.951455,3.147565,209200,0.00,0.0,-,7.464289,3.053628,3.397605,3.293667,237498.00
12/18/2002,3.196592,3.304452,3.108342,3.167175,89100,0.00,0.0,-,7.527534,3.026957,3.394173,3.322103,235962.00
12/17/2002,3.353480,3.373091,3.255425,3.265230,208400,0.00,0.0,-,7.591025,3.000483,3.380936,3.363286,237738.00
12/16/2002,3.373091,3.422119,3.216203,3.382897,170700,0.00,0.0,-,7.653633,2.970870,3.360835,3.410353,237596.00
12/13/2002,3.343676,3.431925,3.157371,3.363287,89900,0.00,0.0,-,7.713496,2.942826,3.340734,3.437808,237252.00
12/12/2002,3.392703,3.480953,3.235815,3.422120,128300,0.00,0.0,-,7.770711,2.914979,3.327006,3.462322,237648.00
12/11/2002,3.363286,3.480952,3.235815,3.461341,189300,0.00,0.0,-,7.829201,2.886543,3.302982,3.473108,240178.00
12/10/2002,3.127954,3.637840,3.127954,3.382897,338600,0.00,0.0,-,7.885827,2.859283,3.276507,3.458400,240462.00
12/09/2002,3.186787,3.265231,3.000483,3.118149,204600,0.00,0.0,-,7.941228,2.832416,3.249542,3.478011,237752.00
12/06/2002,3.382897,3.441730,3.186787,3.226009,130400,0.00,0.0,-,7.998983,2.812609,3.247581,3.510369,236630.00
12/05/2002,3.588813,3.588813,3.294647,3.431925,214700,0.00,0.0,-,8.056198,2.795156,3.242188,3.501544,235900.00
12/04/2002,3.735895,3.735895,3.490757,3.579007,148600,0.00,0.0,-,8.112236,2.774368,3.226990,3.466244,233356.00
12/03/2002,3.677062,3.863367,3.441730,3.735895,621100,0.00,0.0,-,8.168030,2.748677,3.203947,3.398586,237154.00
12/02/2002,3.628035,3.824145,3.529980,3.657451,408800,0.00,0.0,-,8.223333,2.722987,3.170118,3.311317,230584.00
11/29/2002,3.510369,3.618229,3.431925,3.608424,74700,0.00,0.0,-,8.279469,2.699846,3.142662,3.243659,225224.00
11/27/2002,3.333870,3.608424,3.333870,3.529980,475600,0.00,0.0,-,8.334184,2.676313,3.118149,3.191690,226384.00
11/26/2002,3.539785,3.657451,3.186787,3.314259,503200,0.00,0.0,-,8.382427,2.657682,3.104421,3.132857,217908.00
11/25/2002,3.431924,3.745700,3.422119,3.579007,471500,0.00,0.0,-,8.432288,2.641994,3.071572,3.094615,211310.00
11/22/2002,3.127954,3.480952,3.039704,3.441730,205200,0.00,0.0,-,8.479845,2.623755,3.026957,3.021074,205444.00
11/21/2002,3.088732,3.284842,2.941650,3.137760,516600,0.00,0.0,-,8.522204,2.612577,2.994599,2.984794,206244.00
11/20/2002,2.941650,3.186787,2.941650,3.078927,1027200,0.00,0.0,-,8.563633,2.604144,2.982342,2.982833,197582.00
11/19/2002,2.853400,2.931844,2.843595,2.902428,231600,0.00,0.0,-,8.605600,2.600614,2.966163,2.987735,179128.00
11/18/2002,3.039704,3.039704,2.843594,2.863205,101200,0.00,0.0,-,8.651784,2.599438,2.955868,3.009308,178018.00
11/15/2002,3.029899,3.039705,2.843595,2.980872,123100,0.00,0.0,-,8.701155,2.598457,2.938218,3.028919,179258.00
11/14/2002,2.971065,3.108343,2.951454,3.088732,94600,0.00,0.0,-,8.752045,2.589436,2.911743,3.041666,181096.00
11/13/2002,2.892622,3.127954,2.853401,2.941650,74400,0.00,0.0,-,8.801563,2.575708,2.894583,3.044607,186858.00
11/12/2002,2.843594,2.941649,2.843594,2.931844,98300,0.00,0.0,-,8.854709,2.560020,2.895564,3.075985,196452.00
11/11/2002,2.941649,3.294647,2.765150,2.843595,207700,0.00,0.0,-,8.905942,2.551195,2.869089,3.048530,199394.00
11/08/2002,3.118149,3.118149,2.931844,3.078927,112200,0.00,0.0,-,8.959137,2.546292,2.848988,3.032841,197502.00
11/07/2002,3.069121,3.137760,2.941650,3.118149,147800,0.00,0.0,-,9.010763,2.537663,2.803882,3.004405,199014.00
11/06/2002,3.137759,3.157370,2.882817,3.127954,208700,0.00,0.0,-,9.063223,2.524720,2.745049,2.981852,201600.00
11/05/2002,2.961261,3.216204,2.804373,3.118149,151200,0.00,0.0,-,9.111368,2.512561,2.679353,2.944591,201750.00
11/04/2002,3.127954,3.157371,2.912233,3.059316,391000,0.00,0.0,-,9.162454,2.506285,2.615617,2.902428,200594.00
11/01/2002,3.059315,3.235814,2.941649,3.108343,360400,0.00,0.0,-,9.217120,2.497657,2.551881,2.847517,195818.00
10/31/2002,3.235815,3.255426,3.000483,3.118149,250800,0.00,0.0,-,9.274139,2.491577,2.495499,2.781820,199080.00
10/30/2002,2.657290,3.284842,2.657290,3.255426,288200,0.00,0.0,-,9.329883,2.479026,2.438137,2.744559,199760.00
10/29/2002,2.657290,2.706317,2.598457,2.657290,132400,0.00,0.0,-,9.388667,2.455101,2.375382,2.715143,199610.00
10/28/2002,2.843595,2.843595,2.608263,2.686707,68000,0.00,0.0,-,9.451275,2.442942,2.347436,2.689648,205782.00
10/25/2002,2.804373,2.941650,2.696512,2.794567,140500,0.00,0.0,-,9.513785,2.433725,2.315078,2.665134,208268.00
10/24/2002,2.784761,2.941649,2.755344,2.892622,152400,0.00,0.0,-,9.577913,2.424311,2.281740,2.603360,209568.00
10/23/2002,2.647485,2.882817,2.637679,2.755345,113300,0.00,0.0,-,9.643414,2.407250,2.254774,2.508247,211692.00
10/22/2002,2.461180,2.745540,2.461180,2.696512,140900,0.00,0.0,-,9.705483,2.389404,2.236634,2.414114,213726.00
10/21/2002,2.451374,2.637679,2.353319,2.510207,430000,0.00,0.0,-,9.770346,2.375284,2.216533,2.328806,215498.00
10/18/2002,2.647484,2.686706,2.431763,2.451374,124600,0.00,0.0,-,9.835357,2.366851,2.213591,2.256245,210594.00
10/17/2002,3.010289,3.039705,2.706318,2.745540,369000,0.00,0.0,-,9.899975,2.360772,2.216043,2.209179,210128.00
10/16/2002,2.451375,2.971066,2.451375,2.961261,437100,0.00,0.0,-,9.964985,2.346848,2.200354,2.131715,205902.00
10/15/2002,2.520013,2.627874,2.304292,2.402347,103500,0.00,0.0,-,10.025828,2.327433,2.182214,2.035622,206940.00
10/14/2002,2.157209,2.451374,2.108182,2.441569,58000,0.00,0.0,-,10.091182,2.318412,2.188587,2.005224,212194.00
10/11/2002,1.990516,2.245459,1.970905,2.176821,153100,0.00,0.0,-,10.155555,2.310764,2.199864,1.965022,217908.00
10/10/2002,1.804212,1.941489,1.745379,1.941489,185200,0.00,0.0,-,10.217673,2.307430,2.235163,1.960119,229802.00
10/09/2002,1.823823,1.843434,1.764990,1.814018,132400,0.00,0.0,-,10.280575,2.306057,2.273895,2.001302,292104.00
10/08/2002,1.814018,1.921878,1.755185,1.843434,177900,0.00,0.0,-,10.343330,2.313902,2.328316,2.059155,325174.00
10/07/2002,2.000322,2.000322,1.774795,1.784601,201300,0.00,0.0,-,10.403095,2.321158,2.378324,2.104260,344768.00
10/04/2002,2.019932,2.049349,1.941489,1.980711,153500,0.00,0.0,-,10.465213,2.330375,2.429803,2.170937,352804.00
10/03/2002,1.961100,2.068960,1.902267,1.970905,109700,0.00,0.0,-,10.525124,2.337827,2.457258,2.222907,368686.00
10/02/2002,2.068960,2.078766,1.961100,2.000322,254800,0.00,0.0,-,10.585330,2.349397,2.478830,2.268993,375982.00
10/01/2002,2.049349,2.137599,2.029738,2.098377,203500,0.00,0.0,-,10.649115,2.364890,2.486675,2.328806,376948.00
09/30/2002,2.127794,2.127794,1.990516,2.039544,203100,0.00,0.0,-,10.713194,2.381756,2.506285,2.371950,379956.00
09/27/2002,2.294487,2.294487,2.088572,2.127794,148500,0.00,0.0,-,10.779969,2.399013,2.534231,2.434705,386274.00
09/26/2002,2.402347,2.402347,2.206237,2.353320,93900,0.00,0.0,-,10.846500,2.415290,2.560216,2.510208,394356.00
09/25/2002,2.304292,2.431764,2.284681,2.392542,87500,0.00,0.0,-,10.909353,2.431568,2.566099,2.546488,406044.00
09/24/2002,2.451375,2.500402,2.206237,2.294487,338500,0.00,0.0,-,10.975981,2.438039,2.572473,2.597477,423246.00
09/23/2002,2.470985,2.549429,2.441569,2.451374,292600,0.00,0.0,-,11.043296,2.444707,2.597967,2.652387,427518.00
09/20/2002,2.470986,2.549430,2.461180,2.500402,140800,0.00,0.0,-,11.108355,2.450002,2.606792,2.688668,437026.00
09/19/2002,2.520013,2.627874,2.431764,2.431764,132700,0.00,0.0,-,11.171160,2.450590,2.621990,2.691609,453112.00
09/18/2002,2.500402,2.627873,2.490596,2.598457,51800,0.00,0.0,-,11.234258,2.456670,2.624932,2.688668,466320.00
09/17/2002,2.667095,2.774956,2.500402,2.529818,173300,0.00,0.0,-,11.297504,2.461180,2.597967,2.644543,494434.00
09/16/2002,2.892621,2.892621,2.627873,2.667095,178200,0.00,0.0,-,11.363397,2.475888,2.573943,2.640621,515308.00
09/13/2002,2.696513,2.931845,2.480792,2.882817,245200,0.00,0.0,-,11.427524,2.489028,2.551881,2.633757,522018.00
09/12/2002,2.814178,2.823984,2.696512,2.716123,83500,0.00,0.0,-,11.491603,2.490204,2.523935,2.610224,563934.00
09/11/2002,2.863206,2.902428,2.804373,2.902428,104500,0.00,0.0,-,11.556516,2.493146,2.490106,2.585710,664978.00
09/10/2002,2.823984,2.863206,2.725928,2.843595,176100,0.00,0.0,-,11.619418,2.614342,2.438137,2.547469,676692.00
09/09/2002,2.520013,2.873011,2.461180,2.814178,163200,0.00,0.0,-,11.681732,2.751031,2.395483,2.543546,711144.00
09/06/2002,2.451374,2.794567,2.431763,2.529818,215000,0.00,0.0,-,11.744830,2.892230,2.359203,2.524916,736366.00
09/05/2002,2.157210,2.402347,2.157210,2.402347,382700,0.00,0.0,-,11.811606,3.095596,2.340082,2.552371,741822.00
09/04/2002,2.451375,2.578847,2.059155,2.157210,554100,0.00,0.0,-,11.876518,3.300531,2.322432,2.561196,739970.00
09/03/2002,2.470986,2.598457,2.451375,2.490597,245400,0.00,0.0,-,11.943980,3.515271,2.314098,2.551391,736902.00
08/30/2002,2.745539,2.755345,2.549429,2.598457,113100,0.00,0.0,-,12.012668,3.723540,2.287133,2.507266,745636.00
08/29/2002,2.451375,2.735734,2.451375,2.647485,187800,0.00,0.0,-,12.078217,3.929652,2.260167,2.470005,752848.00
08/28/2002,2.451375,2.676901,2.431764,2.470986,277100,0.00,0.0,-,12.142394,4.127723,2.228299,2.437647,755132.00
08/27/2002,2.765150,2.794567,2.520013,2.520013,216200,0.00,0.0,-,12.207552,4.336188,2.198393,2.394503,753018.00
08/26/2002,2.696513,2.843595,2.647485,2.804373,93400,0.00,0.0,-,12.274720,4.543280,2.182704,2.328806,754354.00
08/23/2002,2.814178,2.941650,2.627874,2.627874,152200,0.00,0.0,-,12.340858,4.732134,2.152797,2.247420,759892.00
08/22/2002,2.588652,3.039705,2.588652,2.804373,523500,0.00,0.0,-,12.402976,4.919811,2.133676,2.193490,762514.00
08/21/2002,2.059155,2.490597,2.059155,2.490597,284800,0.00,0.0,-,12.467496,5.103958,2.111124,2.127793,755546.00
08/20/2002,2.059154,2.108182,2.019932,2.059154,280700,0.00,0.0,-,12.533977,5.292616,2.114065,2.083668,756486.00
08/19/2002,2.225848,2.225848,2.010127,2.049349,441000,0.00,0.0,-,12.601978,5.501473,2.149855,2.076804,758766.00
08/16/2002,2.323903,2.402347,2.176820,2.225848,192300,0.00,0.0,-,12.666253,5.710526,2.194471,2.066999,756692.00
08/15/2002,2.078766,2.353320,2.078766,2.323903,205500,0.00,0.0,-,12.729401,5.903891,2.228300,2.050330,758620.00
08/14/2002,1.951294,2.059155,1.921878,2.039544,258600,0.00,0.0,-,12.796568,6.094117,2.259187,2.018952,762848.00
08/13/2002,1.931683,2.049349,1.843434,1.863045,215000,0.00,0.0,-,12.869178,6.282775,2.315568,2.002283,767694.00
08/12/2002,2.108182,2.108182,1.961099,1.990516,229500,0.00,0.0,-,12.942131,6.473002,2.358222,2.036602,779248.00
08/09/2002,2.147405,2.157210,2.039544,2.088572,184800,0.00,0.0,-,13.013417,6.679702,2.390090,2.058174,781084.00
08/08/2002,2.019933,2.147404,1.931683,2.147404,101300,0.00,0.0,-,13.084507,6.885029,2.421468,2.073863,786380.00
08/07/2002,2.049349,2.108182,1.823822,2.049349,157700,0.00,0.0,-,13.153930,7.101926,2.440589,2.094454,789846.00
08/06/2002,1.980710,2.010127,1.715962,1.990516,489000,0.00,0.0,-,13.224921,7.321962,2.474908,2.144462,794692.00
08/05/2002,2.059155,2.117988,1.843434,1.951294,366200,0.00,0.0,-,13.295766,7.546900,2.516581,2.222907,798382.00
08/02/2002,2.019932,2.147404,1.970905,2.059154,343700,0.00,0.0,-,13.370239,7.770661,2.582278,2.321942,802680.00
08/01/2002,1.892461,2.206237,1.892461,2.010127,747800,0.00,0.0,-,13.444025,7.961476,2.645524,2.406269,812824.00
07/31/2002,2.206237,2.235653,1.863044,1.872850,3300300,0.00,0.0,-,13.520851,8.160136,2.692100,2.499422,820568.00
07/30/2002,2.206237,2.294486,2.176821,2.206237,1785900,0.00,0.0,-,13.601600,8.395860,2.741617,2.628854,762872.00
07/29/2002,2.274875,2.294486,2.167015,2.206237,1157600,0.00,0.0,-,13.678769,8.611581,3.079417,2.679843,736824.00
07/26/2002,2.353320,2.353320,2.216043,2.245460,603100,0.00,0.0,-,13.752899,8.840834,3.453007,2.722007,717108.00
07/25/2002,2.451375,2.500402,2.274876,2.353320,947600,0.00,0.0,-,13.822469,9.073420,3.834440,2.769073,710250.00
07/24/2002,2.696512,2.980872,2.441569,2.549430,474500,0.00,0.0,-,13.891499,9.298946,4.351681,2.786723,699288.00
07/23/2002,2.941650,2.951455,2.647485,2.774956,303100,0.00,0.0,-,13.956951,9.514667,4.856664,2.805353,696342.00
07/22/2002,2.912233,3.029899,2.804373,2.941650,353900,0.00,0.0,-,14.026913,9.736468,5.362627,2.810256,697808.00
07/19/2002,2.931844,2.931844,2.794567,2.902428,519000,0.00,0.0,-,14.096875,9.961994,5.860747,2.842614,695458.00
07/18/2002,3.196593,3.422119,2.892622,2.941650,552600,0.00,0.0,-,14.162964,10.197719,6.360827,2.884778,692650.00
07/17/2002,2.745539,3.206397,2.745539,3.167175,678300,0.00,0.0,-,14.226259,10.433639,6.841296,2.884778,687536.00
07/16/2002,2.647485,2.725929,2.529819,2.716123,947600,0.00,0.0,-,14.280287,10.660538,7.327649,2.854381,677648.00
07/15/2002,2.696513,2.716124,2.569041,2.627874,552100,0.00,0.0,-,14.332158,10.899400,7.835574,3.478991,671772.00
07/12/2002,2.578846,2.745540,2.578846,2.716123,768000,0.00,0.0,-,14.382019,11.155520,8.316534,4.184006,668884.00
07/11/2002,2.794567,2.843594,2.520013,2.529818,945100,0.00,0.0,-,14.430704,11.413404,8.781314,4.899808,662052.00
07/10/2002,2.853400,3.049510,2.598457,2.735734,793100,0.00,0.0,-,14.479339,11.691488,9.255410,5.916638,649988.00
07/09/2002,3.265231,3.294647,2.784761,2.823984,1457500,0.00,0.0,-,14.516159,11.970161,9.714798,6.907974,638770.00
07/08/2002,3.431924,3.431924,3.196592,3.265230,1217000,0.00,0.0,-,14.553566,12.250206,10.198699,7.914999,612052.00
07/05/2002,3.088732,3.422119,3.088732,3.324064,513700,0.00,0.0,-,14.595534,12.524564,10.660538,8.878879,589776.00
07/03/2002,3.039705,3.500563,2.823984,2.941650,2341000,0.00,0.0,-,14.637256,12.801863,11.089038,9.836876,584036.00
07/02/2002,4.020254,6.373574,2.745539,2.863205,5135700,0.00,0.0,-,14.681381,13.092694,11.533718,10.797815,544050.00
07/01/2002,9.854524,9.991800,8.913196,8.962224,690200,0.00,0.0,-,14.732272,13.368425,11.964179,11.800918,447400.00
06/28/2002,9.874141,10.050640,9.217172,9.678031,1898700,0.00,0.0,-,14.761492,13.532569,12.084787,12.192157,440256.00
06/27/2002,12.698122,12.698122,9.687834,9.874138,1424300,0.00,0.0,-,14.791595,13.687300,12.217161,12.449061,408742.00
06/26/2002,12.158819,12.707928,11.913682,12.698122,487800,0.00,0.0,-,14.824149,13.852620,12.341200,12.662821,396592.00
06/25/2002,12.894228,13.060922,12.384343,12.649091,290100,0.00,0.0,-,14.847437,13.967345,12.355908,12.594182,400938.00
06/24/2002,12.845203,12.904036,12.256873,12.894230,400700,0.00,0.0,-,14.872392,14.065007,12.376010,12.521622,405260.00
06/21/2002,12.992285,13.276645,12.747148,12.904036,682100,0.00,0.0,-,14.895582,14.139529,12.393170,12.482399,400936.00
06/20/2002,13.482560,13.482560,12.855008,12.904036,473700,0.00,0.0,-,14.918674,14.212875,12.404936,12.442197,390518.00
06/19/2002,12.747149,12.923648,12.443178,12.551039,302000,0.00,0.0,-,14.942256,14.294849,12.339730,12.341200,388290.00
06/18/2002,12.825592,13.139367,12.825592,12.894230,171400,0.00,0.0,-,14.972604,14.370155,12.309333,12.269620,384466.00
06/17/2002,12.345124,12.894231,12.325512,12.874620,283000,0.00,0.0,-,15.002511,14.447814,12.347574,12.127440,387568.00
06/14/2002,11.962709,12.619677,11.962709,12.247068,370300,0.00,0.0,-,15.027564,14.513315,12.353457,11.977416,384502.00
06/13/2002,11.962707,12.247067,11.903875,12.011735,283300,0.00,0.0,-,15.057030,14.595093,12.424547,11.985260,382938.00
06/12/2002,11.923485,12.129401,11.913680,12.011735,175100,0.00,0.0,-,15.086544,14.669026,12.517699,12.019580,383776.00
06/11/2002,12.502012,12.658900,11.913682,11.923488,331800,0.00,0.0,-,15.119883,14.766493,12.598595,12.117635,389418.00
06/10/2002,12.502008,12.600064,12.492203,12.502008,394700,0.00,0.0,-,15.153663,14.868470,12.669194,12.230398,387296.00
06/07/2002,11.874456,12.511814,11.766596,12.502008,337300,0.00,0.0,-,15.186266,14.957504,12.737343,12.303940,382916.00
06/06/2002,11.864653,12.080374,11.854848,11.894070,288700,0.00,0.0,-,15.216222,15.047715,12.823141,12.367675,380912.00
06/05/2002,11.472435,11.903878,11.472435,11.835238,416900,0.00,0.0,-,15.253581,15.137337,12.962869,12.338259,383474.00
06/04/2002,11.325350,11.570487,11.011573,11.472432,500900,0.00,0.0,-,15.291872,15.232451,13.107991,12.349045,380072.00
06/03/2002,12.354928,12.354928,10.933130,11.374378,792700,0.00,0.0,-,15.330211,15.336389,13.259976,12.567708,372682.00
05/31/2002,12.403956,12.717732,12.315707,12.325512,321300,0.00,0.0,-,15.369825,15.446210,13.424218,12.729499,363800.00
05/30/2002,12.992283,13.002089,12.070567,12.354926,449600,0.00,0.0,-,15.403311,15.538578,13.579635,12.863834,363446.00
05/29/2002,13.139369,13.139369,12.953065,12.992287,274600,0.00,0.0,-,15.440327,15.622710,13.742407,13.015819,357844.00
05/28/2002,13.139369,13.237424,12.943259,13.051120,400000,0.00,0.0,-,15.474352,15.696447,13.914493,13.079555,358152.00
05/24/2002,13.100148,13.502174,12.943260,13.237425,673500,0.00,0.0,-,15.510289,15.766654,14.095405,13.107991,353560.00
05/23/2002,11.697960,13.139367,11.697960,13.139367,581100,0.00,0.0,-,15.546422,15.829409,14.274845,13.170746,348608.00
05/22/2002,11.982319,12.502010,11.374378,11.599904,850900,0.00,0.0,-,15.578290,15.890400,14.467033,13.278607,341886.00
05/21/2002,13.972836,14.051280,11.746987,11.943098,1135000,0.00,0.0,-,15.639673,15.980218,14.746490,13.587480,328732.00
05/20/2002,13.002092,13.747310,12.835398,13.659060,415500,0.00,0.0,-,15.696593,16.058074,15.023495,13.866936,308734.00
05/17/2002,13.727699,13.923809,12.923648,12.992287,483500,0.00,0.0,-,15.748710,16.101610,15.173029,13.952244,303892.00
05/16/2002,13.874780,13.923807,13.541394,13.668864,171800,0.00,0.0,-,15.804699,16.157698,15.381887,14.118938,299066.00
05/15/2002,13.727697,14.021862,13.453143,13.874779,260200,0.00,0.0,-,15.854511,16.201626,15.569172,14.295437,299520.00
05/14/2002,13.433534,13.747310,13.374701,13.629643,399500,0.00,0.0,-,15.898194,16.239868,15.782441,14.468994,299982.00
05/13/2002,13.825753,13.825753,13.335478,13.335478,327200,0.00,0.0,-,15.948693,16.274383,16.022676,14.749432,297802.00
05/10/2002,14.217975,14.217975,13.727700,13.864977,376400,0.00,0.0,-,16.000907,16.303800,16.232514,15.082819,296022.00
05/09/2002,14.688639,14.708251,14.119920,14.217976,236400,0.00,0.0,-,16.052827,16.328902,16.370281,15.378945,293134.00
05/08/2002,14.737664,14.737664,14.217973,14.688637,378600,0.00,0.0,-,16.103669,16.340276,16.487947,15.655460,293962.00
05/07/2002,14.521944,14.806303,14.217973,14.737664,296900,0.00,0.0,-,16.151569,16.335766,16.603652,15.905501,291262.00
05/06/2002,14.659222,14.708250,14.482724,14.512140,183900,0.00,0.0,-,16.199027,16.334393,16.682586,16.180054,290748.00
05/03/2002,15.492688,15.531910,14.365056,14.659221,653800,0.00,0.0,-,16.247025,16.337531,16.795840,16.393814,292486.00
05/02/2002,15.639769,15.737823,15.335799,15.433853,407700,0.00,0.0,-,16.291395,16.337138,16.870362,16.644835,288496.00
05/01/2002,16.198686,16.267324,15.561328,15.610355,426400,0.00,0.0,-,16.324685,16.323215,16.915467,16.842906,285378.00
04/30/2002,16.453632,16.492853,16.179078,16.434021,341900,0.00,0.0,-,16.356798,16.306937,16.920369,17.095888,284828.00
04/29/2002,16.826238,17.208651,16.571294,16.669350,232200,0.00,0.0,-,16.387930,16.275952,16.942922,17.295920,292876.00
04/26/2002,17.061567,17.159622,16.679153,16.826235,121600,0.00,0.0,-,16.415729,16.233592,16.960572,17.382208,309492.00
04/25/2002,17.159625,17.169431,16.973320,16.983126,103200,0.00,0.0,-,16.445586,16.160639,16.966945,17.361617,312820.00
04/24/2002,17.591066,17.600872,17.081180,17.189041,226700,0.00,0.0,-,16.473287,16.086706,16.968416,17.320434,320284.00
04/23/2002,16.522264,17.649896,16.522264,17.483202,341700,0.00,0.0,-,16.500154,16.004732,16.927723,17.301803,338502.00
04/22/2002,17.208650,17.404760,16.424210,16.649736,303200,0.00,0.0,-,16.520795,15.893341,16.883109,17.185118,335098.00
04/19/2002,17.414571,17.414571,16.865464,17.169434,333000,0.00,0.0,-,16.542906,15.788815,16.884089,17.197865,335096.00
04/18/2002,18.140171,18.522585,17.169427,17.414564,323000,0.00,0.0,-,16.564184,15.674875,16.868890,17.095888,340534.00
04/17/2002,18.385308,18.463752,17.944060,18.140171,816800,0.00,0.0,-,16.586933,15.569368,16.845357,16.988027,342688.00
04/16/2002,17.649898,18.532393,17.649898,18.434338,705100,0.00,0.0,-,16.605465,15.461311,16.766423,16.744851,331932.00
04/15/2002,16.620322,17.649899,16.620322,17.532232,506200,0.00,0.0,-,16.626547,15.355804,16.678664,16.589924,326194.00
04/12/2002,16.669352,16.718379,16.130050,16.620325,184500,0.00,0.0,-,16.651943,15.265005,16.630126,16.538935,326846.00
04/11/2002,16.943907,17.002739,16.483047,16.571297,161200,0.00,0.0,-,16.682340,15.204015,16.617870,16.572274,332266.00
04/10/2002,16.326152,17.002731,16.130043,17.002731,362300,0.00,0.0,-,16.712443,15.136161,16.598749,16.616398,336052.00
04/09/2002,16.688961,16.698767,16.267324,16.316351,110800,0.00,0.0,-,16.743625,15.065757,16.553153,16.553644,332612.00
04/08/2002,16.031994,16.875266,15.737828,16.777212,326500,0.00,0.0,-,16.784366,15.007513,16.529130,16.581099,338496.00
04/05/2002,16.335961,16.424211,15.796660,16.149656,129700,0.00,0.0,-,16.867076,14.944169,16.482063,16.570313,339638.00
04/04/2002,15.708409,16.424210,15.541716,16.335960,292100,0.00,0.0,-,16.957924,14.876315,16.464414,16.641893,353272.00
04/03/2002,16.816428,16.816428,15.512297,15.708407,325200,0.00,0.0,-,17.045977,14.816305,16.440880,16.702687,360610.00
04/02/2002,16.855648,17.159618,16.688954,16.885063,457200,0.00,0.0,-,17.140306,14.781986,16.444803,16.787995,360502.00
04/01/2002,16.865462,17.159627,16.512464,17.022350,225700,0.00,0.0,-,17.235517,14.734528,16.368320,16.767404,355810.00
03/28/2002,17.022345,17.090983,16.688958,16.953707,175700,0.00,0.0,-,17.327444,14.679421,16.257518,16.721317,355930.00
03/27/2002,16.473239,17.061569,16.473239,17.012543,237100,0.00,0.0,-,17.418635,14.640591,16.165836,16.663466,355952.00
03/26/2002,16.590909,16.590909,16.169272,16.375189,416800,0.00,0.0,-,17.510071,14.603918,16.054544,16.581099,357786.00
03/25/2002,16.571295,16.669350,16.355574,16.590906,246800,0.00,0.0,-,17.594889,14.580189,15.958940,16.552662,354940.00
03/22/2002,16.875264,16.875264,16.669350,16.669350,131400,0.00,0.0,-,17.677647,14.560774,15.862846,16.477160,356628.00
03/21/2002,16.963507,16.963507,16.424206,16.865454,348600,0.00,0.0,-,17.760406,14.547242,15.762830,16.393814,361932.00
03/20/2002,16.561487,16.953709,16.384988,16.943903,303600,0.00,0.0,-,17.840468,14.513315,15.651538,16.286934,362382.00
03/19/2002,16.620322,17.041956,16.375184,16.561487,169500,0.00,0.0,-,17.926609,14.487821,15.541226,16.179074,362574.00
03/18/2002,16.561483,16.767399,16.228096,16.679150,290000,0.00,0.0,-,18.011721,14.466837,15.452977,16.101610,364246.00
03/15/2002,16.375184,16.600710,16.110435,16.561487,170400,0.00,0.0,-,18.096979,14.440754,15.363256,15.969236,364082.00
03/14/2002,16.188884,16.502660,16.130051,16.375189,425900,0.00,0.0,-,18.188955,14.424477,15.262750,15.793718,366748.00
03/13/2002,16.081014,16.228096,16.081014,16.188875,245000,0.00,0.0,-,18.287255,14.399571,15.102920,15.668207,364564.00
03/12/2002,15.737826,16.100630,15.551521,16.090824,193200,0.00,0.0,-,18.387075,14.385255,14.957799,15.527989,364662.00
03/11/2002,15.835884,15.933939,15.512303,15.835884,135100,0.00,0.0,-,18.487533,14.369763,14.807775,15.365218,369436.00
03/08/2002,15.894717,15.933939,15.639774,15.835884,173400,0.00,0.0,-,18.583185,14.345053,14.611665,15.248532,371264.00
03/07/2002,15.835880,15.875103,15.541716,15.796659,242200,0.00,0.0,-,18.665061,14.318774,14.391041,15.131847,369818.00
03/06/2002,15.786852,15.914323,15.639769,15.865296,194500,0.00,0.0,-,18.745417,14.290142,14.174829,15.016142,375132.00
03/05/2002,15.355410,15.884908,15.149495,15.786853,283300,0.00,0.0,-,18.817782,14.248762,13.988525,14.903379,376272.00
03/04/2002,14.904357,15.404437,14.904357,15.355410,290500,0.00,0.0,-,18.895098,14.217189,13.836050,14.804343,376578.00
03/01/2002,15.120081,15.120081,14.727861,14.806305,238200,0.00,0.0,-,18.973885,14.189341,13.726228,14.757277,378130.00
02/28/2002,14.825917,15.149498,14.825917,15.120082,232000,0.00,0.0,-,19.046936,14.173456,13.635527,14.731782,380596.00
02/27/2002,14.561169,14.943583,14.531752,14.786695,277800,0.00,0.0,-,19.113663,14.166200,13.558064,14.537633,382544.00
02/26/2002,14.570970,14.757275,14.433694,14.463110,243600,0.00,0.0,-,19.182938,14.168749,13.477658,14.387609,384088.00
02/25/2002,14.669028,14.796500,14.276809,14.669028,271200,0.00,0.0,-,19.256235,14.187380,13.428631,14.250332,383952.00
02/22/2002,14.639612,14.757278,14.423891,14.669028,270800,0.00,0.0,-,19.324334,14.202676,13.365385,13.974797,384458.00
02/21/2002,14.718055,15.110275,14.472918,14.639611,454300,0.00,0.0,-,19.395816,14.207775,13.312436,13.650235,384558.00
02/20/2002,14.619998,14.953385,14.619998,14.737664,251800,0.00,0.0,-,19.458473,14.229347,13.218303,13.333517,378046.00
02/19/2002,14.757274,15.424048,14.580775,14.796496,398900,0.00,0.0,-,19.510736,14.249743,13.148193,13.073671,375778.00
02/15/2002,14.453304,15.492687,14.267000,14.884747,744300,0.00,0.0,-,19.565402,14.263078,13.107991,12.867756,375796.00
02/14/2002,13.727699,15.198524,13.727699,14.551361,1063000,0.00,0.0,-,19.614527,14.266608,13.089361,12.695179,369562.00
02/13/2002,13.286451,13.462949,12.962870,13.178590,288000,0.00,0.0,-,19.672772,14.276610,13.075143,12.539272,352408.00
02/12/2002,13.090344,13.462953,12.747151,13.286454,476400,0.00,0.0,-,19.739008,14.317989,13.166824,12.578494,353640.00
02/11/2002,12.305901,14.110112,12.305901,13.090341,1137600,0.00,0.0,-,19.815736,14.366428,13.261447,12.567708,348164.00
02/08/2002,11.511656,12.041153,11.443018,11.913681,171500,0.00,0.0,-,19.889130,14.414475,13.366366,12.606930,333234.00
02/07/2002,11.413600,11.668542,11.305739,11.423405,303100,0.00,0.0,-,19.968751,14.490173,13.551690,12.755974,335872.00
02/06/2002,12.129401,12.207844,11.462626,11.472432,604900,0.00,0.0,-,20.048225,14.575677,13.780157,12.974636,335288.00
02/05/2002,12.502011,12.629483,11.864654,12.139208,430700,0.00,0.0,-,20.119560,14.655886,13.964991,13.103088,324832.00
02/04/2002,13.257035,13.266840,12.698121,12.737343,279000,0.00,0.0,-,20.180795,14.719230,14.141490,13.222715,319140.00
02/01/2002,13.090342,13.335480,12.992287,13.158980,418200,0.00,0.0,-,20.244678,14.773160,14.280238,13.348226,321968.00
01/31/2002,13.531589,13.531589,12.894231,12.992287,538800,0.00,0.0,-,20.303952,14.827679,14.391040,13.483542,316610.00
01/30/2002,13.080535,13.629643,13.002091,13.570810,455500,0.00,0.0,-,20.356215,14.875530,14.528807,13.611013,312528.00
01/29/2002,13.580616,13.619838,13.139368,13.178590,350500,0.00,0.0,-,20.393574,14.917105,14.606761,13.755154,309396.00
01/28/2002,13.384507,13.570812,13.384507,13.482562,190300,0.00,0.0,-,20.432551,14.978095,14.721485,13.955186,307484.00
01/25/2002,13.531590,13.629645,13.335480,13.404119,405000,0.00,0.0,-,20.473979,15.022612,14.813167,14.125802,309536.00
01/24/2002,12.756953,13.668864,12.756953,13.610031,383600,0.00,0.0,-,20.510407,15.064187,14.872980,14.347406,305594.00
01/23/2002,13.433532,13.433532,12.560843,12.756953,811400,0.00,0.0,-,20.547030,15.102037,14.918576,14.585678,305060.00
01/22/2002,13.992446,14.276806,13.286450,13.335478,659000,0.00,0.0,-,20.593656,15.165969,14.998981,14.826894,294460.00
01/18/2002,14.521944,14.541554,13.982641,13.992447,319800,0.00,0.0,-,20.636408,15.219899,15.022024,15.060264,289954.00
01/17/2002,14.355252,14.708250,14.178753,14.512140,222600,0.00,0.0,-,20.677296,15.241079,15.032810,15.212250,299972.00
01/16/2002,14.904360,14.904360,14.227781,14.267003,231700,0.00,0.0,-,20.717107,15.265004,15.005354,15.298538,301230.00
01/15/2002,15.110276,15.110276,14.727862,15.012221,176800,0.00,0.0,-,20.765497,15.295401,14.992607,15.446601,299096.00
01/14/2002,15.139687,15.188715,14.669024,15.178909,328800,0.00,0.0,-,20.808298,15.308344,14.979860,15.458367,304134.00
01/11/2002,15.620156,15.620156,14.982799,15.188714,274500,0.00,0.0,-,20.842078,15.302853,14.966622,15.487784,309088.00
01/10/2002,15.933935,15.933935,15.492688,15.620159,331200,0.00,0.0,-,20.869827,15.296186,14.976918,15.500531,322752.00
01/09/2002,15.394624,16.081008,15.394624,15.992759,396600,0.00,0.0,-,20.892674,15.298931,14.967603,15.398554,320884.00
01/08/2002,15.571131,15.571131,14.806302,15.169106,371100,0.00,0.0,-,20.920375,15.310306,14.914163,15.251473,316356.00
01/07/2002,15.610354,15.796659,15.512299,15.669187,313200,0.00,0.0,-,20.957292,15.335996,14.941619,15.171068,314648.00
01/04/2002,15.443660,15.649576,15.218134,15.512299,253100,0.00,0.0,-,20.985042,15.347567,14.946031,14.983783,314098.00
01/03/2002,15.747630,16.051602,15.139689,15.375022,281800,0.00,0.0,-,21.019950,15.363452,14.943580,14.853370,315530.00
01/02/2002,15.296580,15.747632,14.953387,15.747632,303700,0.00,0.0,-,21.055397,15.376591,14.927891,14.712171,314292.00
12/31/2001,15.198527,15.590746,14.757279,15.129889,316700,0.00,0.0,-,21.093099,15.386593,14.893082,14.538613,312752.00
12/28/2001,15.316189,15.688798,15.198523,15.473077,249900,0.00,0.0,-,21.136390,15.407184,14.898965,14.501352,312204.00
12/27/2001,14.600386,15.316187,14.561164,15.316187,431900,0.00,0.0,-,21.185761,15.434639,14.910731,14.445460,317840.00
12/26/2001,14.512137,14.688635,14.316027,14.600387,226500,0.00,0.0,-,21.241309,15.464644,14.919556,14.453305,320700.00
12/24/2001,14.433694,14.678832,14.433694,14.521944,101100,0.00,0.0,-,21.306613,15.520143,14.974467,14.536651,318918.00
12/21/2001,13.825752,14.394471,13.629642,14.365054,507900,0.00,0.0,-,21.370251,15.590155,15.033300,14.576854,342400.00
12/20/2001,14.208167,14.208167,13.678670,13.796336,251500,0.00,0.0,-,21.433301,15.655655,15.089191,14.712170,339812.00
12/19/2001,13.914003,14.306223,13.727699,14.208168,298600,0.00,0.0,-,21.492722,15.720372,15.164694,14.908280,342172.00
12/18/2001,14.178756,14.217978,13.825758,13.963035,368100,0.00,0.0,-,21.551849,15.759397,15.225978,15.033790,341330.00
12/17/2001,14.757273,15.139687,13.874778,14.012055,361500,0.00,0.0,-,21.617399,15.803326,15.322072,15.143612,338786.00
12/14/2001,14.825913,14.894551,14.629803,14.757275,329400,0.00,0.0,-,21.688047,15.835880,15.390710,15.247550,349506.00
12/13/2001,15.345600,15.345600,14.855325,14.914159,355000,0.00,0.0,-,21.765315,15.876083,15.435325,15.296578,356228.00
12/12/2001,15.414247,15.541718,15.110276,15.394635,236800,0.00,0.0,-,21.833904,15.916482,15.501023,15.376003,370114.00
12/11/2001,15.051439,15.786852,15.041634,15.433853,296500,0.00,0.0,-,21.898375,15.930994,15.516711,15.385808,384242.00
12/10/2001,15.718215,15.718215,14.757276,14.923969,275800,0.00,0.0,-,21.951031,15.934328,15.519163,15.412283,401980.00
12/07/2001,15.786854,16.169268,15.698604,15.718216,128700,0.00,0.0,-,22.011286,15.915305,15.548089,15.489746,417714.00
12/06/2001,15.590742,15.786853,15.443660,15.757436,138400,0.00,0.0,-,22.070070,15.862747,15.559856,15.466213,423148.00
12/05/2001,15.178912,15.590743,14.953386,15.463272,399800,0.00,0.0,-,22.138610,15.799600,15.573584,15.421107,441292.00
12/04/2001,15.188718,15.188718,14.835720,15.061246,432600,0.00,0.0,-,22.204111,15.739394,15.552992,15.418166,450040.00
12/03/2001,15.247550,15.345604,15.051440,15.051440,205300,0.00,0.0,-,22.265150,15.683307,15.585350,15.500532,454600.00
11/30/2001,15.669187,16.179073,15.247551,15.247551,349600,0.00,0.0,-,22.331533,15.584271,15.622121,15.533871,484150.00
11/29/2001,15.590741,15.933933,15.404437,15.708407,202600,0.00,0.0,-,22.395563,15.485432,15.642712,15.574073,500190.00
11/28/2001,15.698602,15.933933,15.404437,15.492686,391100,0.00,0.0,-,22.466065,15.404438,15.602510,15.626043,509204.00
11/27/2001,15.688797,16.169266,15.218133,15.698603,303400,0.00,0.0,-,22.539361,15.327956,15.570642,15.647615,520856.00
11/26/2001,15.345604,15.786852,15.218133,15.698603,273900,0.00,0.0,-,22.608440,15.249315,15.573584,15.626043,538816.00
11/23/2001,15.443661,15.561327,15.404440,15.482883,82100,0.00,0.0,-,22.685806,15.196170,15.616728,15.606432,559204.00
11/21/2001,15.296578,15.394633,15.198523,15.306383,146100,0.00,0.0,-,22.763367,15.182638,15.665265,15.653499,570252.00
11/20/2001,15.698602,15.737823,15.159299,15.433853,420400,0.00,0.0,-,22.848332,15.190482,15.712332,15.726060,578026.00
11/19/2001,15.590744,15.884910,15.512300,15.884910,150300,0.00,0.0,-,22.929227,15.209505,15.755966,15.687819,574658.00
11/16/2001,15.649577,15.659382,15.306384,15.384828,334700,0.00,0.0,-,23.012378,15.238922,15.763320,15.670168,580790.00
11/15/2001,16.031991,16.110435,15.443661,15.649576,298900,0.00,0.0,-,23.098617,15.284027,15.806464,15.710371,589648.00
11/14/2001,15.933937,16.424212,15.737827,16.228102,254900,0.00,0.0,-,23.188289,15.321680,15.831959,15.711352,588276.00
11/13/2001,15.933933,15.982960,15.384825,15.708407,292900,0.00,0.0,-,23.279664,15.347566,15.862846,15.578977,603296.00
11/12/2001,15.443661,15.982963,15.208330,15.482883,207900,0.00,0.0,-,23.374863,15.385808,15.918247,15.493670,607556.00
11/09/2001,15.835881,15.835881,15.267162,15.502495,356900,0.00,0.0,-,23.461997,15.448563,16.012870,15.521125,607532.00
11/08/2001,16.071215,16.620325,15.737828,15.953550,281400,0.00,0.0,-,23.530954,15.516025,16.138871,15.627024,609878.00
11/07/2001,15.100472,16.277133,14.953390,16.031996,433700,0.00,0.0,-,23.598269,15.554659,16.223197,15.677032,608296.00
11/06/2001,14.757275,15.296578,14.227778,15.051440,820700,0.00,0.0,-,23.665804,15.596822,16.273205,15.698603,606720.00
11/05/2001,15.933933,16.159459,15.600546,15.708407,285500,0.00,0.0,-,23.742226,15.654086,16.328606,15.824113,595106.00
11/02/2001,15.590742,15.835880,15.296578,15.786853,125000,0.00,0.0,-,23.814443,15.713508,16.351159,15.856472,594704.00
11/01/2001,15.051443,15.659384,15.051443,15.659384,428700,0.00,0.0,-,23.885349,15.771360,16.343805,15.902558,596730.00
10/31/2001,14.904358,15.169107,14.639610,14.904358,576500,0.00,0.0,-,23.956586,15.838626,16.399206,15.952566,597962.00
10/30/2001,15.443661,15.453466,14.610193,14.855330,957700,0.00,0.0,-,24.017503,15.910402,16.500693,16.146714,591630.00
10/29/2001,16.718374,16.767403,15.737824,15.757436,237800,0.00,0.0,-,24.078358,16.000613,16.563938,16.342824,577790.00
10/26/2001,16.571293,17.061568,16.522266,16.561487,170200,0.00,0.0,-,24.135929,16.075331,16.556094,16.504615,578910.00
10/25/2001,16.081015,16.483040,15.786851,16.453625,285700,0.00,0.0,-,24.199591,16.126908,16.426661,16.650717,579286.00
10/24/2001,16.130046,16.443822,15.963353,16.247711,285700,0.00,0.0,-,24.274824,16.183779,16.258497,16.769363,580472.00
10/23/2001,16.022183,16.747790,16.002572,16.306541,324700,0.00,0.0,-,24.348941,16.239278,16.076115,16.847807,578632.00
10/22/2001,16.179078,16.424215,15.963358,16.031996,219900,0.00,0.0,-,24.411733,16.308309,15.883437,16.833099,576300.00
10/19/2001,16.159462,16.404599,15.757436,16.247711,226700,0.00,0.0,-,24.489380,16.383615,15.694681,16.845846,578930.00
10/18/2001,16.649737,16.649737,15.590743,16.159462,289300,0.00,0.0,-,24.567481,16.463432,15.387278,16.785052,580050.00
10/17/2001,16.914481,17.257673,16.277124,16.845842,531700,0.00,0.0,-,24.633460,16.549524,15.094584,16.845846,587612.00
10/16/2001,17.306704,17.895034,16.767402,16.816429,574900,0.00,0.0,-,24.696926,16.602866,14.835229,16.854671,630248.00
10/15/2001,17.846011,17.846011,17.365540,17.375345,137400,0.00,0.0,-,24.755636,16.744065,14.577835,16.785052,624900.00
10/12/2001,17.649899,18.326479,17.414567,18.022507,1275200,0.00,0.0,-,24.810326,16.863104,14.297397,16.607573,627390.00
10/11/2001,17.404754,17.963666,17.257672,17.640085,378500,0.00,0.0,-,24.866990,16.984300,14.048338,16.202606,605232.00
10/10/2001,16.159463,17.100792,16.159463,17.032154,369500,0.00,0.0,-,24.930468,17.115301,13.906649,15.747631,601800.00
10/09/2001,15.982963,16.365378,15.698604,16.159462,256500,0.00,0.0,-,24.986874,17.247283,13.839971,15.304422,597848.00
10/08/2001,15.649577,16.571293,15.639771,16.159462,240900,0.00,0.0,-,25.053160,17.376324,13.851247,14.933775,601464.00
10/05/2001,16.767403,17.355734,15.198523,15.639771,897500,0.00,0.0,-,25.132315,17.527721,13.911061,14.543516,603578.00
10/04/2001,16.934098,18.042119,16.571294,16.767405,665500,0.00,0.0,-,25.228163,17.690492,14.011077,13.989505,592708.00
10/03/2001,15.924128,17.846007,15.865296,16.934095,1049300,0.00,0.0,-,25.324809,17.840124,14.049318,13.343322,582506.00
10/02/2001,15.600547,16.375182,15.159300,16.120239,943200,0.00,0.0,-,25.416331,17.989167,14.078734,12.815786,566742.00
10/01/2001,14.070892,16.179074,14.070892,15.600550,1183400,0.00,0.0,-,25.504262,18.152135,14.153747,12.370617,552412.00
09/28/2001,13.090338,14.463108,13.090338,13.972833,1062500,0.00,0.0,-,25.591114,18.324712,14.304751,11.987222,535232.00
09/27/2001,12.698120,13.119757,12.600066,13.090341,400400,0.00,0.0,-,25.691620,18.527489,14.549889,11.894070,520122.00
09/26/2001,12.443178,12.688316,12.256874,12.600067,1045600,0.00,0.0,-,25.801748,18.736346,14.789634,12.065666,523072.00
09/25/2001,12.452984,12.502012,11.756793,12.452984,837200,0.00,0.0,-,25.897168,18.926181,15.066639,12.375520,507222.00
09/24/2001,10.786048,12.256872,10.786048,12.256872,660600,0.00,0.0,-,25.990872,19.117780,15.339722,12.768720,494352.00
09/21/2001,9.805498,10.295773,9.746664,10.099663,1682800,0.00,0.0,-,26.082492,19.325853,15.660852,13.278606,486342.00
09/20/2001,11.276322,11.570487,10.295773,10.305578,1151600,0.00,0.0,-,26.184592,19.568441,16.089843,14.032648,458106.00
09/19/2001,11.668541,12.031345,11.276322,11.658736,653300,0.00,0.0,-,26.303128,19.818285,16.525697,14.755314,446350.00
09/18/2001,11.276324,12.060764,11.276324,11.668544,973700,0.00,0.0,-,26.424091,20.035575,16.867419,15.341683,437936.00
09/17/2001,12.502012,12.992287,11.570490,11.766600,1201400,0.00,0.0,-,26.538264,20.253453,17.252285,15.936877,425350.00
09/10/2001,14.453302,14.453302,13.041311,13.041311,1293300,0.00,0.0,-,26.648269,20.450348,17.638622,16.622281,407710.00
09/07/2001,15.541717,15.551522,14.502334,14.806305,634500,0.00,0.0,-,26.761400,20.610962,17.943573,17.205709,391762.00
09/06/2001,16.169266,16.453626,15.600547,15.698603,534800,0.00,0.0,-,26.861110,20.743336,18.168118,17.513601,385014.00
09/05/2001,17.502819,17.542040,16.375187,16.384991,252000,0.00,0.0,-,26.960035,20.868650,18.334321,17.757758,387028.00
09/04/2001,17.630283,17.640088,17.159619,17.355730,456900,0.00,0.0,-,27.055528,20.977884,18.502976,17.910724,387104.00
08/31/2001,17.473392,17.708723,16.424204,17.640085,777600,0.00,0.0,-,27.151990,21.083783,18.625055,18.043099,384984.00
08/30/2001,17.277291,17.551844,16.983125,17.532232,230300,0.00,0.0,-,27.245191,21.183211,18.754978,18.147038,379488.00
08/29/2001,17.649897,17.738147,16.777208,17.522427,1005900,0.00,0.0,-,27.323917,21.286561,18.901570,18.296081,388076.00
08/28/2001,18.581426,18.669676,17.571459,17.620485,505900,0.00,0.0,-,27.404837,21.387950,19.001095,18.393155,385636.00
08/27/2001,18.905002,18.924612,18.218616,18.620642,206700,0.00,0.0,-,27.492927,21.500321,19.313890,18.567693,403888.00
08/24/2001,17.895036,19.297222,17.895036,18.875586,474200,0.00,0.0,-,27.579693,21.617202,19.549222,18.654962,542512.00
08/23/2001,18.140176,18.473563,17.875427,17.885233,202300,0.00,0.0,-,27.665492,21.906072,19.809558,18.681437,545886.00
08/22/2001,17.904839,18.473558,17.493008,18.140171,354900,0.00,0.0,-,27.762983,22.234753,20.124804,18.822636,548802.00
08/21/2001,18.914813,19.110922,17.904846,17.914652,240000,0.00,0.0,-,27.856441,22.550882,20.399359,18.910885,552842.00
08/20/2001,18.777529,18.777529,18.355893,18.679474,265400,0.00,0.0,-,27.938771,22.884073,20.634200,19.095227,554668.00
08/17/2001,18.973640,18.983446,18.453948,18.679474,226300,0.00,0.0,-,28.009309,23.229030,20.886691,19.207010,558206.00
08/16/2001,18.630444,19.022663,18.140169,19.022663,490300,0.00,0.0,-,28.068203,23.563594,21.141634,19.362918,565212.00
08/15/2001,19.365861,19.365861,18.434337,18.493172,259900,0.00,0.0,-,28.118334,23.886979,21.402951,19.507059,560972.00
08/14/2001,19.483527,19.610997,19.267805,19.365860,265700,0.00,0.0,-,28.183369,24.223112,21.697606,19.609035,574592.00
08/13/2001,19.267812,19.522755,18.610843,19.493338,293800,0.00,0.0,-,28.230251,24.502569,21.942744,20.060088,577240.00
08/10/2001,19.365859,19.463915,18.826558,19.140333,189000,0.00,0.0,-,28.272207,24.775554,22.179546,20.443482,583574.00
08/09/2001,19.218776,19.385470,18.630446,19.297220,345000,0.00,0.0,-,28.321749,25.057168,22.428116,20.937679,587460.00
08/08/2001,19.758075,19.954186,18.924608,19.022663,193700,0.00,0.0,-,28.365298,25.328780,22.639915,21.426973,594746.00
08/07/2001,19.856133,20.052244,19.610996,19.758078,208100,0.00,0.0,-,28.404397,25.631770,22.793371,21.887832,599570.00
08/06/2001,20.169912,20.493494,19.610999,19.797304,351400,0.00,0.0,-,28.436449,25.908285,22.907115,22.173173,609652.00
08/03/2001,20.493490,20.532712,19.905159,20.238546,282700,0.00,0.0,-,28.464014,26.186957,23.050275,22.566372,616600.00
08/02/2001,20.003214,20.993569,19.905158,20.464073,667400,0.00,0.0,-,28.488455,26.481318,23.149801,22.920351,618630.00
08/01/2001,21.091625,21.572094,18.581418,19.512939,2663500,0.00,0.0,-,28.513606,26.792741,23.266487,23.298844,617150.00
07/31/2001,23.042915,24.709850,23.042915,23.876383,307500,0.00,0.0,-,28.536771,27.125540,23.417001,23.786177,578622.00
07/30/2001,24.111721,24.111721,23.268448,23.327282,261900,0.00,0.0,-,28.528927,27.371658,23.351304,23.825400,603944.00
07/27/2001,24.268609,24.464720,23.905805,24.082304,167300,0.00,0.0,-,28.532102,27.604441,23.265506,23.915611,626656.00
07/26/2001,23.631248,24.494131,23.552804,24.190161,206900,0.00,0.0,-,28.539774,27.767016,23.114992,23.918552,631706.00
07/25/2001,22.572260,23.729310,22.572260,23.631254,171900,0.00,0.0,-,28.550891,27.920570,22.976735,23.852856,638422.00
07/24/2001,23.533196,23.827360,22.513423,22.611479,437300,0.00,0.0,-,28.556529,28.054709,22.893388,23.698909,645784.00
07/23/2001,23.974441,24.415687,22.719337,23.729303,346600,0.00,0.0,-,28.573088,28.227482,22.855147,23.641057,654430.00
07/20/2001,24.248997,24.366664,23.631252,23.778334,354000,0.00,0.0,-,28.577930,28.375153,22.801217,23.534178,683708.00
07/19/2001,24.523551,24.778495,23.729307,24.248997,155400,0.00,0.0,-,28.579769,28.487916,22.742874,23.379251,691922.00
07/18/2001,24.219585,24.729469,24.170556,24.386278,261100,0.00,0.0,-,28.589059,28.572244,22.665411,23.234130,696384.00
07/17/2001,24.072499,24.268610,23.239033,24.268610,226700,0.00,0.0,-,28.606243,28.657355,22.575691,23.047824,699322.00
07/16/2001,24.111720,24.758883,23.758722,24.229385,324400,0.00,0.0,-,28.631983,28.754430,22.524212,22.877209,704710.00
07/13/2001,23.533193,24.219578,23.091945,24.111717,307000,0.00,0.0,-,28.650871,28.835619,22.535979,22.615402,706304.00
07/12/2001,22.552649,23.856781,22.552649,23.533199,547900,0.00,0.0,-,28.682297,28.932694,22.996347,22.311432,732768.00
07/11/2001,22.042757,22.258479,21.474038,22.091785,253100,0.00,0.0,-,28.740824,29.005451,23.535649,22.100614,734494.00
07/10/2001,22.846813,23.042924,22.013347,22.032957,193700,0.00,0.0,-,28.803187,29.067421,24.128392,22.087868,749676.00
07/09/2001,22.229070,22.797789,22.042765,22.660513,260100,0.00,0.0,-,28.863393,29.141355,24.755453,22.069237,757792.00
07/06/2001,22.699734,22.699734,21.915295,22.229071,271000,0.00,0.0,-,28.947732,29.182342,25.418795,22.068256,771292.00
07/05/2001,22.523226,22.944863,22.209451,22.797781,563800,0.00,0.0,-,29.032697,29.261766,26.077725,22.106497,778392.00
07/03/2001,22.356532,22.552643,21.944701,22.523226,232600,0.00,0.0,-,29.111447,29.334327,26.697432,22.096692,791064.00
07/02/2001,21.581901,22.699727,21.581901,22.562450,344400,0.00,0.0,-,29.213326,29.456503,27.336261,22.103557,797434.00
06/29/2001,21.081825,21.827043,21.003381,21.611322,319400,0.00,0.0,-,29.320831,29.560638,27.875073,22.171215,799142.00
06/28/2001,21.621123,22.121204,21.032795,21.072016,495900,0.00,0.0,-,29.426351,29.685168,28.451637,22.456555,804896.00
06/27/2001,21.474047,21.866267,21.385797,21.425020,297100,0.00,0.0,-,29.547436,29.810090,29.059087,23.681262,808600.00
06/26/2001,21.326964,22.650707,21.189688,21.964321,635500,0.00,0.0,-,29.665838,29.896378,29.631728,24.970685,810948.00
06/25/2001,22.552648,22.797786,21.572098,21.846653,255800,0.00,0.0,-,29.778172,29.944817,30.242121,26.168917,809054.00
06/22/2001,22.572260,22.895841,22.062373,22.650703,350900,0.00,0.0,-,29.899368,30.018162,30.828980,27.441669,814244.00
06/21/2001,22.552646,22.846811,22.062371,22.611479,502800,0.00,0.0,-,30.015624,30.065425,31.382990,28.769334,819220.00
06/20/2001,22.552650,22.856620,21.817237,22.699732,659700,0.00,0.0,-,30.131464,30.082094,32.000246,30.048953,816796.00
06/19/2001,24.023471,24.268609,22.170233,22.591869,883900,0.00,0.0,-,30.248701,30.048951,32.667020,31.298172,812018.00
06/18/2001,24.464724,24.513751,23.190008,23.239037,1418500,0.00,0.0,-,30.364945,30.016593,33.345071,32.568965,804572.00
06/15/2001,24.513745,25.200130,19.738466,24.464718,7137900,0.00,0.0,-,30.471825,29.987177,33.992234,33.578931,784844.00
06/14/2001,34.270223,34.270223,33.152396,33.319088,642900,0.00,0.0,-,30.573496,29.911675,34.517318,34.446719,648138.00
06/13/2001,33.946638,34.760496,33.858389,34.319248,348100,0.00,0.0,-,30.617106,29.663988,34.461917,34.436913,644180.00
06/12/2001,34.211389,34.211389,33.201424,33.946640,556900,0.00,0.0,-,30.656634,29.419242,34.339348,34.292772,645138.00
06/11/2001,35.544926,35.544926,34.368266,34.574181,331300,0.00,0.0,-,30.699864,29.178027,34.158926,34.315324,650186.00
06/08/2001,36.280352,36.427436,35.927353,35.927353,442300,0.00,0.0,-,30.747617,28.929948,33.992724,34.216290,654594.00
06/07/2001,35.191947,35.692030,34.603618,35.407669,576600,0.00,0.0,-,30.756123,28.660885,33.751999,33.996645,656786.00
06/06/2001,35.309586,35.309586,34.534955,35.191921,278300,0.00,0.0,-,30.764164,28.431632,33.452440,33.951539,652468.00
06/05/2001,33.348497,35.888122,33.338694,35.299793,940900,0.00,0.0,-,30.768074,28.199242,33.116112,34.035868,667044.00
06/04/2001,33.142589,33.927028,33.142589,33.338699,398100,0.00,0.0,-,30.776960,27.931944,32.783215,34.121177,656630.00
06/01/2001,33.230843,33.436758,32.750376,33.142593,610500,0.00,0.0,-,30.794120,27.679943,32.572397,34.405536,663740.00
05/31/2001,32.995505,33.534807,32.946475,33.221031,383300,0.00,0.0,-,30.808889,27.420881,32.329710,34.587917,660222.00
05/30/2001,33.730919,34.270221,32.730758,32.877838,709300,0.00,0.0,-,30.831540,27.187118,32.116931,34.486921,658074.00
05/29/2001,33.583836,34.260415,32.907258,34.172165,434900,0.00,0.0,-,30.853455,26.980614,31.831591,34.385924,651844.00
05/25/2001,34.270221,34.299637,33.240645,33.583836,712200,0.00,0.0,-,30.868286,26.721553,31.382499,34.002529,656100.00
05/24/2001,34.809510,35.054648,33.240633,33.730907,698800,0.00,0.0,-,30.880849,26.499753,30.989789,33.769158,648760.00
05/23/2001,36.025404,36.025404,34.780105,34.956604,384200,0.00,0.0,-,30.912901,26.274423,30.538736,33.507352,657050.00
05/22/2001,36.143071,36.623538,35.897933,36.035210,593400,0.00,0.0,-,30.946485,26.041052,30.100920,32.953341,664160.00
05/21/2001,36.084247,36.378412,35.495919,36.152885,737100,0.00,0.0,-,30.971918,25.796110,29.620451,32.196356,662894.00
05/18/2001,34.966409,36.770621,34.966409,36.182293,1573600,0.00,0.0,-,31.008713,25.579997,29.244409,31.445254,656250.00
05/17/2001,32.113004,35.054654,32.014951,34.966404,1397500,0.00,0.0,-,31.049038,25.384868,28.823753,30.739257,635676.00
05/16/2001,31.377605,32.358155,30.740248,32.211071,419800,0.00,0.0,-,31.099733,25.238766,28.467324,30.071503,612228.00
05/15/2001,30.495095,31.867865,30.200929,31.867865,542700,0.00,0.0,-,31.162978,25.139534,28.222676,29.746940,610404.00
05/14/2001,31.034401,31.044206,30.338211,30.338211,540000,0.00,0.0,-,31.222730,25.041675,27.916255,29.277258,608440.00
05/11/2001,30.936348,31.426623,30.789266,31.250126,869600,0.00,0.0,-,31.290437,24.948523,27.618658,28.762469,608216.00
05/10/2001,29.416499,31.279544,29.328250,31.112850,1810500,0.00,0.0,-,31.367067,24.844192,27.331847,28.210420,602010.00
05/09/2001,28.337889,29.436106,28.308474,29.416494,764700,0.00,0.0,-,31.436723,24.763395,27.026896,27.570120,575414.00
05/08/2001,28.681085,28.926222,28.141783,28.465364,378500,0.00,0.0,-,31.508426,24.737901,26.728319,27.248500,579212.00
05/07/2001,29.122328,29.171355,28.435943,28.641857,408000,0.00,0.0,-,31.580901,24.772808,26.357180,27.044546,580034.00
05/04/2001,28.190807,29.122330,27.553450,29.122330,496100,0.00,0.0,-,31.657089,24.772612,25.973786,27.043565,585226.00
05/03/2001,28.435944,28.681082,28.043725,28.288862,404100,0.00,0.0,-,31.721990,24.755943,25.606080,26.908250,596772.00
05/02/2001,28.435947,29.416497,27.945672,28.965445,1630200,0.00,0.0,-,31.795347,24.709465,25.226117,26.863145,593924.00
05/01/2001,25.190330,27.543650,25.151107,27.171040,634200,0.00,0.0,-,31.864709,24.669655,24.824582,26.698412,568082.00
04/30/2001,25.494297,25.592352,24.758884,25.190327,1012200,0.00,0.0,-,31.954380,24.675734,24.570129,26.555252,564600.00
04/27/2001,25.200135,25.788464,25.053051,25.729631,599500,0.00,0.0,-,32.060390,24.761238,24.404906,26.474847,550914.00
04/26/2001,26.210092,26.435618,24.709852,24.709852,935100,0.00,0.0,-,32.168605,24.817913,24.226936,26.453274,545186.00
04/25/2001,26.867067,26.945511,26.200293,26.200293,626000,0.00,0.0,-,32.266906,24.869098,24.115154,26.483671,534822.00
04/24/2001,27.406369,27.553451,25.788460,26.425819,1197400,0.00,0.0,-,32.389621,24.911654,24.002391,26.208137,530636.00
04/23/2001,27.524033,28.798749,27.357339,28.632055,551100,0.00,0.0,-,32.535723,24.944208,23.859721,25.669815,515048.00
04/20/2001,27.749561,27.818201,26.945511,27.769173,429800,0.00,0.0,-,32.679374,24.967742,23.524863,24.904006,510054.00
04/19/2001,27.357343,28.357505,27.308316,27.837812,607100,0.00,0.0,-,32.825500,25.015396,23.173336,24.303910,511142.00
04/18/2001,27.210260,27.916255,26.543486,27.318121,681100,0.00,0.0,-,32.951060,25.048931,22.790921,23.589089,506656.00
04/17/2001,24.513744,25.935542,24.464717,25.739431,414500,0.00,0.0,-,33.084121,25.126002,22.501659,22.950751,499748.00
04/16/2001,25.759048,25.886518,24.386278,24.386278,540800,0.00,0.0,-,33.210060,25.231117,22.342319,22.585006,495344.00
04/12/2001,25.023632,25.739432,24.121526,25.513906,515300,0.00,0.0,-,33.359005,25.389378,22.183961,22.334966,491406.00
04/11/2001,24.219578,25.298181,24.219578,25.013823,599700,0.00,0.0,-,33.510280,25.511358,22.032956,22.000598,493886.00
04/10/2001,21.866266,23.474369,21.836850,23.444952,381600,0.00,0.0,-,33.664667,25.661383,21.905485,21.746637,489394.00
04/09/2001,21.179879,22.209456,20.719019,21.042601,420800,0.00,0.0,-,33.830576,25.845138,21.897640,21.796644,493324.00
04/06/2001,21.719179,21.719179,20.748435,20.973961,511600,0.00,0.0,-,34.008804,26.095962,22.034917,22.049626,530880.00
04/05/2001,21.081826,22.042764,20.954355,21.768211,432100,0.00,0.0,-,34.189825,26.366545,22.253580,22.145720,526658.00
04/04/2001,21.032801,21.277938,20.542525,20.689608,302600,0.00,0.0,-,34.373617,26.626145,22.486460,22.042762,540226.00
04/03/2001,21.964313,21.974118,20.601349,20.934736,445000,0.00,0.0,-,34.567705,26.870547,22.835046,21.992753,543502.00
04/02/2001,21.895679,23.072339,21.425015,22.081984,396000,0.00,0.0,-,34.767308,27.037731,23.150783,22.052567,539618.00
03/30/2001,22.552648,23.268449,21.346572,21.885874,809300,0.00,0.0,-,34.958417,27.184421,23.395430,22.099633,539716.00
03/29/2001,22.523231,22.523231,21.728986,22.170235,551700,0.00,0.0,-,35.136105,27.337485,23.585167,22.032956,529720.00
03/28/2001,23.945030,23.945030,22.140818,22.474205,551900,0.00,0.0,-,35.308081,27.500796,23.778335,22.065314,523424.00
03/27/2001,23.484171,24.023472,23.327283,23.945028,360700,0.00,0.0,-,35.479763,27.654350,24.008274,22.064333,521508.00
03/26/2001,21.944704,24.562772,21.944704,23.572418,1007100,0.00,0.0,-,35.641333,27.774810,24.218111,21.998636,518154.00
03/23/2001,20.983768,22.013346,20.542521,21.934902,420200,0.00,0.0,-,35.804460,27.901497,24.550027,22.020209,506240.00
03/22/2001,19.973799,20.738626,18.346085,20.738626,753600,0.00,0.0,-,35.973629,28.004553,24.884885,22.361440,508832.00
03/21/2001,21.542678,22.062370,19.856133,20.189520,434600,0.00,0.0,-,36.129782,28.130309,25.262397,22.930159,502210.00
03/20/2001,22.552646,22.797783,21.375985,21.532873,275900,0.00,0.0,-,36.270601,28.271949,25.551169,23.677339,504284.00
03/19/2001,21.768208,22.572258,21.081822,22.552647,397800,0.00,0.0,-,36.406236,28.427170,25.823271,24.249000,507846.00
03/16/2001,22.503625,22.552652,20.738634,21.219103,647700,0.00,0.0,-,36.536159,28.606121,26.069390,24.691228,508696.00
03/15/2001,23.042922,23.042922,22.307509,22.493814,345200,0.00,0.0,-,36.670298,28.803162,26.481711,25.137378,506386.00
03/14/2001,23.288059,23.297865,21.689764,22.464397,1113300,0.00,0.0,-,36.790709,28.930585,26.785191,25.491356,504252.00
03/13/2001,22.552651,23.641062,22.150625,23.288063,739700,0.00,0.0,-,36.898705,29.112526,27.025425,25.952214,488088.00
03/12/2001,25.494296,25.494296,23.543002,23.788139,530100,0.00,0.0,-,37.000437,29.284122,27.277426,26.437586,479700.00
03/09/2001,25.984575,25.984575,25.043248,25.347218,404900,0.00,0.0,-,37.096910,29.395463,27.490696,27.079846,477568.00
03/08/2001,27.455396,27.465202,25.347214,26.425819,544900,0.00,0.0,-,37.204587,29.479300,27.713771,27.408330,475624.00
03/07/2001,27.455401,27.680927,27.406375,27.661316,225100,0.00,0.0,-,37.319740,29.521954,27.900076,27.594634,472008.00
03/06/2001,27.190649,27.651508,26.710180,27.249483,328600,0.00,0.0,-,37.433312,29.534995,27.992737,27.424999,476806.00
03/05/2001,27.455395,27.455395,25.955153,26.974926,444500,0.00,0.0,-,37.555379,29.577110,28.188847,27.397543,482644.00
03/02/2001,25.494296,26.229709,24.905966,25.680601,528800,0.00,0.0,-,37.689236,29.644327,28.389860,27.447551,491680.00
03/01/2001,26.974927,26.974927,25.180521,26.033598,559300,0.00,0.0,-,37.825888,29.696982,28.720796,27.826043,491204.00
02/28/2001,28.190807,28.190807,26.523872,27.072981,480700,0.00,0.0,-,37.953421,29.764640,28.999762,28.079025,492962.00
02/27/2001,30.210736,30.210736,27.700529,28.141777,954600,0.00,0.0,-,38.076676,29.862989,29.271865,28.098636,488300.00
02/26/2001,29.269418,30.397050,29.230195,30.210745,419600,0.00,0.0,-,38.208682,29.996344,29.496411,28.117267,479904.00
02/23/2001,28.534000,28.828164,27.994696,28.632055,667600,0.00,0.0,-,38.300008,30.114059,29.665066,27.901546,478540.00
02/22/2001,27.259284,28.681082,27.161230,28.288862,1073400,0.00,0.0,-,38.413323,30.246188,29.958617,28.019212,472530.00
02/21/2001,26.572900,27.014146,25.955152,25.964958,261700,0.00,0.0,-,38.530805,30.354539,30.281586,28.205517,459490.00
02/20/2001,27.553451,27.798588,26.474845,26.974926,338100,0.00,0.0,-,38.673696,30.494660,30.628823,28.560476,457508.00
02/16/2001,28.092756,28.092756,27.131817,27.475010,460100,0.00,0.0,-,38.796828,30.636643,30.744773,28.980151,455526.00
02/15/2001,29.318439,30.053851,29.171357,29.465521,327900,0.00,0.0,-,38.893253,30.789462,30.841847,29.332169,454680.00
02/14/2001,27.455395,28.681082,27.455395,28.563416,313100,0.00,0.0,-,38.987080,30.833832,30.845525,29.615548,453244.00
02/13/2001,28.484972,28.916415,26.965121,27.269091,416900,0.00,0.0,-,39.088174,30.886438,30.934142,29.920499,452756.00
02/12/2001,28.288864,28.435946,27.455396,28.328085,416700,0.00,0.0,-,39.179500,30.952675,31.078283,30.445094,451604.00
02/09/2001,29.563583,29.573389,27.994703,28.053537,418000,0.00,0.0,-,39.241017,30.996505,31.160282,30.875555,462104.00
02/08/2001,29.906771,31.181485,29.632217,29.808716,301400,0.00,0.0,-,39.298085,31.115691,31.252943,31.428585,465916.00
02/07/2001,29.514550,30.397044,29.141940,30.151907,484200,0.00,0.0,-,39.353732,31.236544,31.116892,31.898023,463886.00
02/06/2001,31.171679,31.367788,29.416494,29.514549,382800,0.00,0.0,-,39.396631,31.323568,30.960617,32.357654,456812.00
02/05/2001,31.181486,31.299153,30.406853,31.171682,335700,0.00,0.0,-,39.454973,31.408631,30.848466,32.697170,456148.00
02/02/2001,31.622733,32.554256,30.995182,30.995182,194300,0.00,0.0,-,39.500128,31.498547,30.754579,32.509395,453568.00
02/01/2001,31.612931,33.142586,31.612931,32.299313,343900,0.00,0.0,-,39.537891,31.573608,30.779828,32.351526,454694.00
01/31/2001,30.593158,31.867872,30.495102,31.612930,639300,0.00,0.0,-,39.559635,31.637294,30.718422,32.075501,450766.00
01/30/2001,32.603283,33.338696,31.877675,32.515034,375100,0.00,0.0,-,39.594003,31.714709,30.581022,31.947785,441432.00
01/29/2001,32.848424,32.848424,31.779624,32.632702,578100,0.00,0.0,-,39.628764,31.797369,30.533343,31.711472,439370.00
01/26/2001,29.906773,33.583836,29.293930,33.583836,2298600,0.00,0.0,-,39.669064,31.870322,30.495101,31.445008,434726.00
01/25/2001,34.686947,34.686947,33.706397,34.503094,300500,0.00,0.0,-,39.697255,31.864194,30.283669,31.077301,395854.00
01/24/2001,32.909692,35.790056,31.867858,34.748222,1110500,0.00,0.0,-,39.730349,31.848260,30.035468,30.335761,397368.00
01/23/2001,29.355209,32.909702,29.293925,32.909702,466400,0.00,0.0,-,39.756599,31.858065,29.725983,29.563580,385070.00
01/22/2001,29.416501,29.600354,28.926226,29.293932,250800,0.00,0.0,-,39.793472,31.919350,29.496166,28.999763,380406.00
01/19/2001,29.784201,29.784201,28.803651,29.416494,400900,0.00,0.0,-,39.839435,32.054175,29.499230,28.999763,381842.00
01/18/2001,30.151912,30.213196,29.171362,29.539068,309500,0.00,0.0,-,39.868443,32.213515,29.545194,29.208131,381968.00
01/17/2001,30.642186,31.745304,30.274480,30.335764,236900,0.00,0.0,-,39.926663,32.359371,29.483909,29.361342,391418.00
01/16/2001,30.335760,30.887319,29.968054,30.151907,456100,0.00,0.0,-,39.973341,32.440266,29.437945,29.214259,399480.00
01/12/2001,30.029344,30.274481,28.864941,29.968060,193000,0.00,0.0,-,40.018692,32.492971,29.529872,29.355213,408200.00
01/11/2001,26.842551,30.151906,26.842551,29.906769,411400,0.00,0.0,-,40.058629,32.502776,29.771945,29.545194,412748.00
01/10/2001,26.965124,27.271545,25.004024,27.087692,549800,0.00,0.0,-,40.105205,32.485616,30.081432,29.490038,410776.00
01/09/2001,27.210260,27.945673,26.229710,27.026407,422500,0.00,0.0,-,40.175682,32.573866,30.488973,29.735175,410660.00
01/08/2001,29.293924,29.293924,27.026402,27.271540,538300,0.00,0.0,-,40.253002,32.608185,30.822972,29.888386,410804.00
01/05/2001,31.745307,31.990445,28.742373,29.293932,454000,0.00,0.0,-,40.319291,32.620442,31.107945,29.992570,408066.00
01/04/2001,30.948610,31.561454,30.029345,31.500170,440300,0.00,0.0,-,40.357492,32.615539,31.346953,29.998697,407440.00
01/03/2001,28.681086,31.438883,28.497233,31.071177,532200,0.00,0.0,-,40.388747,32.545675,31.527742,29.882256,407974.00
01/02/2001,31.561447,31.561447,28.435944,28.864935,238500,0.00,0.0,-,40.425007,32.461103,31.558384,29.606476,403704.00
12/29/2000,32.358150,32.909709,31.377600,31.561453,305100,0.00,0.0,-,40.473932,32.407172,31.674825,29.661632,409174.00
12/28/2000,29.600343,31.867865,29.416490,31.867865,320300,0.00,0.0,-,40.505494,32.282152,31.625797,29.704531,410796.00
12/27/2000,29.477774,31.009883,28.619793,29.355206,423500,0.00,0.0,-,40.531029,32.147327,31.558385,29.998697,414296.00
12/26/2000,29.293931,29.661637,28.497234,29.539068,307700,0.00,0.0,-,40.563816,32.070109,31.791266,30.672826,415040.00
12/22/2000,28.374662,28.619800,27.516681,28.558516,364100,0.00,0.0,-,40.586900,31.962248,32.106881,31.242771,417286.00
12/21/2000,29.416494,29.539063,28.190807,28.313375,465000,0.00,0.0,-,40.609984,31.837228,32.404110,31.757558,419836.00
12/20/2000,29.661627,29.906765,29.048784,29.355206,620500,0.00,0.0,-,40.620402,31.750204,32.676825,32.223320,417568.00
12/19/2000,29.539067,31.316314,29.171361,30.335764,896300,0.00,0.0,-,40.626837,31.675437,32.992440,32.695210,414896.00
12/18/2000,30.335759,30.887319,28.313375,28.313375,505000,0.00,0.0,-,40.625509,31.596993,33.213063,33.173228,408530.00
12/15/2000,30.397044,30.887319,29.048788,29.416494,647200,0.00,0.0,-,40.633476,31.525904,33.571576,33.510292,414530.00
12/14/2000,33.338700,33.338700,31.867875,31.990444,247600,0.00,0.0,-,40.637970,31.456039,33.874934,33.688017,419150.00
12/13/2000,36.219061,36.709336,34.441815,34.809521,534800,0.00,0.0,-,40.631637,31.310182,34.107815,33.547063,430358.00
12/12/2000,34.993382,36.709344,34.809528,36.096500,351400,0.00,0.0,-,40.601404,31.096913,34.181356,33.118073,440088.00
12/11/2000,33.338698,35.544936,33.093561,35.238514,367100,0.00,0.0,-,40.553295,30.897126,34.040401,32.909706,448070.00
12/08/2000,33.583822,33.828959,33.032263,33.706390,421400,0.00,0.0,-,40.504779,30.748817,33.963795,32.970990,465458.00
12/07/2000,33.461264,34.135392,32.848420,32.970989,162600,0.00,0.0,-,40.463310,30.663020,34.040401,33.050661,522750.00
12/06/2000,35.177223,35.483645,33.828967,34.074104,239000,0.00,0.0,-,40.428378,30.563739,34.190548,33.130331,559296.00
12/05/2000,32.848426,35.115948,32.848426,35.115948,417800,0.00,0.0,-,40.389768,30.490198,34.288603,33.289671,578568.00
12/04/2000,31.009891,31.867872,30.274479,31.684019,256100,0.00,0.0,-,40.335532,30.492649,34.401979,33.252898,584770.00
12/01/2000,31.009888,33.338694,30.887319,31.193741,288700,0.00,0.0,-,40.292530,30.550257,34.659373,33.632860,593966.00
11/30/2000,30.274480,30.580902,28.742371,30.580902,359300,0.00,0.0,-,40.249121,30.607864,34.818712,34.061851,601346.00
11/29/2000,33.154849,33.154849,28.435952,30.519621,941700,0.00,0.0,-,40.208979,30.786814,34.929023,34.668567,597524.00
11/28/2000,36.219066,36.893195,33.583838,34.012829,608600,0.00,0.0,-,40.170370,30.960862,34.925958,35.244639,584468.00
11/27/2000,34.748242,36.280351,34.748242,35.851360,199900,0.00,0.0,-,40.115112,31.051562,34.677756,35.171097,581386.00
11/24/2000,34.012819,34.748231,33.828966,34.503094,130500,0.00,0.0,-,40.052500,31.192516,34.460197,34.956600,581800.00
11/22/2000,35.422367,35.422367,32.848423,33.767689,349600,0.00,0.0,-,39.997650,31.383723,34.172161,35.030142,585394.00
11/21/2000,34.625669,36.096494,34.196678,35.667503,206700,0.00,0.0,-,39.948521,31.562673,33.877996,35.250765,584056.00
11/20/2000,35.238497,35.238497,34.319232,34.748222,250600,0.00,0.0,-,39.887441,31.755107,33.547060,35.287535,586674.00
11/17/2000,36.035202,36.157771,35.054652,35.483643,147500,0.00,0.0,-,39.826463,31.962248,33.209997,35.551060,587178.00
11/16/2000,36.770614,36.831898,35.361074,35.483643,172600,0.00,0.0,-,39.760582,32.141198,32.777942,35.685886,587232.00
11/15/2000,36.157789,37.444761,36.096504,36.648064,272000,0.00,0.0,-,39.697766,32.353242,32.312181,35.575573,590320.00
11/14/2000,33.828968,36.709333,33.828968,36.280342,345900,0.00,0.0,-,39.628514,32.538321,31.745300,35.189479,591628.00
11/13/2000,32.848422,33.338697,31.500166,33.277412,355000,0.00,0.0,-,39.556812,32.728303,31.187612,34.607278,588816.00
11/10/2000,35.238499,35.238499,33.399969,33.706390,376200,0.00,0.0,-,39.497468,32.985697,30.798457,34.184415,586638.00
11/09/2000,35.790073,35.790073,32.358148,35.238514,495600,0.00,0.0,-,39.438839,33.228384,30.320439,33.963793,588866.00
11/08/2000,35.790062,36.770612,35.728778,35.973915,233200,0.00,0.0,-,39.374184,33.415914,29.673889,33.314179,592858.00
11/07/2000,37.138328,37.567319,35.728788,36.035210,322600,0.00,0.0,-,39.310959,33.592413,29.073303,32.505226,599254.00
11/06/2000,37.077043,38.180162,36.770621,37.383465,407200,0.00,0.0,-,39.247428,33.712530,28.552385,31.806584,601100.00
11/03/2000,34.441811,37.567314,34.319243,36.831902,782000,0.00,0.0,-,39.175725,33.809360,28.003890,30.868933,601362.00
11/02/2000,33.338679,34.564365,33.216110,34.380512,640000,0.00,0.0,-,39.106780,33.924574,27.400240,29.869999,601358.00
11/01/2000,32.235566,33.522537,31.500153,32.787125,892100,0.00,0.0,-,39.052748,34.119459,26.977378,29.048789,604064.00
10/31/2000,29.539067,31.377598,29.539067,30.458332,420400,0.00,0.0,-,38.986254,34.216289,26.572902,28.301122,591082.00
10/30/2000,31.255027,31.255027,29.048790,29.048790,312800,0.00,0.0,-,38.929771,34.347437,26.257288,27.767947,590162.00
10/27/2000,28.864942,31.500170,28.864942,31.500170,544000,0.00,0.0,-,38.883807,34.485940,26.110205,27.412498,588792.00
10/26/2000,27.761821,29.293930,27.026408,28.742371,429700,0.00,0.0,-,38.823953,34.597477,25.926352,26.677085,582760.00
10/25/2000,28.313379,29.232644,27.823104,27.884388,401400,0.00,0.0,-,38.777479,34.758042,25.960058,26.033599,577350.00
10/24/2000,28.252093,29.355212,27.761818,29.048790,422700,0.00,0.0,-,38.733865,34.922284,25.966186,25.641380,577098.00
10/23/2000,27.087691,28.619800,26.781269,28.006956,467000,0.00,0.0,-,38.680343,35.096332,26.033599,25.298186,575282.00
10/20/2000,25.984571,27.394111,25.984571,26.842552,318700,0.00,0.0,-,38.631418,35.281411,26.395177,25.138847,571658.00
10/19/2000,25.984566,26.965115,25.678144,26.168419,512000,0.00,0.0,-,38.588723,35.487326,26.781269,24.930481,577232.00
10/18/2000,24.391182,25.310448,23.533201,25.310448,386200,0.00,0.0,-,38.551238,35.685888,27.176554,24.905967,598566.00
10/17/2000,25.249156,25.739430,24.452459,25.126587,495300,0.00,0.0,-,38.516612,35.982504,27.887452,24.844683,597030.00
10/16/2000,24.391182,26.229713,24.268613,25.494301,460700,0.00,0.0,-,38.483110,36.313440,28.592222,24.746628,594890.00
10/13/2000,22.736501,24.881454,22.736501,24.146042,420000,0.00,0.0,-,38.447973,36.625990,29.244900,24.807912,596422.00
10/12/2000,24.084759,24.452465,22.307512,22.307512,491600,0.00,0.0,-,38.418761,37.013307,30.182551,25.175618,594784.00
10/11/2000,25.004025,25.310447,23.288063,23.962191,351600,0.00,0.0,-,38.398742,37.452103,31.270347,25.886516,595344.00
10/10/2000,25.984562,27.700523,25.004012,25.616856,486900,0.00,0.0,-,38.370653,37.874965,32.207998,26.290993,595612.00
10/09/2000,24.084757,26.842553,24.084757,26.413563,578000,0.00,0.0,-,38.332044,38.259831,33.191614,26.769012,593626.00
10/06/2000,25.923291,26.719988,23.104210,24.758888,805000,0.00,0.0,-,38.283323,38.607927,34.126200,27.651507,594172.00
10/05/2000,24.452458,25.923283,24.452458,25.923283,878200,0.00,0.0,-,38.239606,38.990341,35.109814,28.632058,589286.00
10/04/2000,23.533202,25.004027,23.104211,24.697605,808000,0.00,0.0,-,38.192724,39.403398,36.117942,29.447140,588648.00
10/03/2000,25.494298,26.168426,23.533198,24.146042,1021300,0.00,0.0,-,38.159937,39.810326,37.178161,30.930221,586478.00
10/02/2000,27.087687,27.271541,25.004019,26.107138,750500,0.00,0.0,-,38.132767,40.202546,38.259831,32.437816,575786.00
09/29/2000,27.884387,28.068240,26.597416,27.823103,1236500,0.00,0.0,-,38.096814,40.539610,39.261830,33.681887,572270.00
09/28/2000,28.006954,29.906769,25.126589,29.416494,3286000,0.00,0.0,-,38.054732,40.860740,40.162711,35.189483,597336.00
09/27/2000,30.397046,31.009890,27.945672,28.006956,1989900,0.00,0.0,-,38.008973,41.114457,40.922637,36.654178,557612.00
09/26/2000,34.686951,35.054657,29.232642,30.397045,1202600,0.00,0.0,-,37.972100,41.413524,41.762233,38.125004,531294.00
09/25/2000,35.054661,36.525486,34.809523,35.238514,727900,0.00,0.0,-,37.922868,41.662339,42.344435,39.614215,521266.00
09/22/2000,34.196693,35.667519,34.135409,34.564400,715900,0.00,0.0,-,37.847999,41.859675,42.693756,40.600893,519446.00
09/21/2000,39.405844,39.405844,33.828967,34.074104,657700,0.00,0.0,-,37.777114,42.096232,43.095167,41.587569,512942.00
09/20/2000,39.467131,39.650984,38.302728,39.528416,168200,0.00,0.0,-,37.699895,42.362206,43.597699,42.788743,514874.00
09/19/2000,38.854283,39.589695,38.486576,39.221989,288900,0.00,0.0,-,37.596223,42.459035,43.502709,43.426101,554898.00
09/18/2000,42.163628,42.163628,38.486567,38.547852,454500,0.00,0.0,-,37.488975,42.689465,43.392397,44.081845,569316.00
09/15/2000,43.879613,44.615026,42.347504,42.899063,220600,0.00,0.0,-,37.382034,43.031432,43.263700,44.841774,566400.00
09/14/2000,42.653906,44.492436,42.653906,44.063446,310200,0.00,0.0,-,37.253950,43.320694,42.972600,45.135938,574514.00
09/13/2000,45.227869,45.595576,42.041082,42.715210,282700,0.00,0.0,-,37.125150,43.579315,42.607958,45.191096,584358.00
09/12/2000,45.595584,45.595584,44.247327,45.289162,337600,0.00,0.0,-,37.005544,43.784004,42.277023,45.399462,584404.00
09/11/2000,44.186028,45.656853,44.186028,45.105293,275800,0.00,0.0,-,36.873476,43.956826,41.900123,45.074654,626054.00
09/08/2000,46.085838,46.085838,44.431160,44.431160,150200,0.00,0.0,-,36.741919,44.073267,41.507903,44.786618,639646.00
09/07/2000,45.840705,46.514833,44.860155,46.085842,327000,0.00,0.0,-,36.614958,44.268151,41.143262,44.602765,654566.00
09/06/2000,46.024565,46.024565,43.757043,45.901997,337400,0.00,0.0,-,36.485444,44.461810,40.643795,44.406656,659340.00
09/05/2000,46.147137,46.330990,45.227871,45.779430,205300,0.00,0.0,-,36.357257,44.661596,40.355758,43.579316,658572.00
09/01/2000,46.330986,46.943830,44.308602,46.147133,246100,0.00,0.0,-,36.229683,44.878543,40.150455,42.702949,666288.00
08/31/2000,44.247312,46.330981,44.247312,45.840706,487600,0.00,0.0,-,36.099863,45.089361,39.899189,41.685627,668172.00
08/30/2000,45.105300,45.595575,42.837778,44.615025,695200,0.00,0.0,-,35.967897,45.316113,39.782748,40.809262,666594.00
08/29/2000,42.531349,45.044008,42.408780,44.798870,553000,0.00,0.0,-,35.840834,45.594344,39.764363,40.024821,663134.00
08/28/2000,42.899062,44.002180,41.612090,42.041080,414900,0.00,0.0,-,35.717755,45.888509,39.779684,39.154584,661466.00
08/25/2000,42.592640,44.063465,41.183099,42.224934,420300,0.00,0.0,-,35.608668,46.264795,39.920638,38.725593,670006.00
08/24/2000,43.695751,44.124741,41.673367,42.592632,781800,0.00,0.0,-,35.499684,46.626372,40.000307,38.229189,677412.00
08/23/2000,37.873742,44.369886,37.873742,44.124748,775300,0.00,0.0,-,35.391313,46.922989,40.064656,37.683759,670180.00
08/22/2000,37.260895,37.996307,37.077042,37.628601,243000,0.00,0.0,-,35.275486,47.171803,40.187225,36.880934,665038.00
08/21/2000,36.464203,38.241450,36.464203,37.015762,374400,0.00,0.0,-,35.190913,47.555443,40.557996,37.132200,672224.00
08/18/2000,36.954465,37.015749,35.790062,35.973915,244300,0.00,0.0,-,35.110018,47.940309,40.895059,37.597961,673522.00
08/17/2000,36.402921,37.077049,36.096499,37.077049,242400,0.00,0.0,-,35.022075,48.344786,41.244380,38.112750,692760.00
08/16/2000,36.219055,37.199605,36.096487,36.770615,159200,0.00,0.0,-,34.926165,48.718621,41.584508,38.756234,762402.00
08/15/2000,37.260904,37.628610,36.096500,36.096500,388800,0.00,0.0,-,34.831991,49.022591,41.851095,39.503905,775914.00
08/14/2000,37.015759,37.751171,34.809521,37.751171,331900,0.00,0.0,-,34.742618,49.267729,42.194286,40.404784,772700.00
08/11/2000,36.954473,37.567317,36.035207,37.260895,285800,0.00,0.0,-,34.648444,49.485901,42.448617,41.115683,772932.00
08/10/2000,36.219063,38.118878,36.219063,37.138329,597400,0.00,0.0,-,34.554679,49.711428,42.840837,41.771426,771380.00
08/09/2000,40.508976,40.692829,33.461272,36.096500,1578700,0.00,0.0,-,34.452947,49.929600,43.303533,42.445554,769078.00
08/08/2000,43.144196,43.144196,39.957409,40.141262,309400,0.00,0.0,-,34.354382,50.139192,43.867349,43.493517,746584.00
08/07/2000,41.428233,41.979792,40.937958,41.673370,388300,0.00,0.0,-,34.236409,50.217636,44.078780,43.983791,745050.00
08/04/2000,43.389329,43.757035,40.937954,41.121807,537300,0.00,0.0,-,34.108325,50.256858,44.532285,44.192158,750632.00
08/03/2000,44.124738,44.615013,43.328041,43.511894,338100,0.00,0.0,-,33.984428,50.296080,45.258505,44.376010,757552.00
08/02/2000,46.208418,46.821262,43.879612,44.247318,519600,0.00,0.0,-,33.845517,50.363493,45.951019,44.412782,761518.00
08/01/2000,44.860156,45.227862,44.431165,45.105293,365000,0.00,0.0,-,33.702724,50.467676,46.588376,44.198285,758784.00
07/31/2000,44.553739,46.330986,44.124748,44.860161,387600,0.00,0.0,-,33.564018,50.573085,46.980596,43.983789,756384.00
07/28/2000,43.573188,43.818325,42.899059,43.818325,605300,0.00,0.0,-,33.426741,50.709136,47.434101,43.781550,753256.00
07/27/2000,46.576120,46.576120,43.450618,43.879608,560700,0.00,0.0,-,33.294264,50.907698,47.789550,43.910247,745262.00
07/26/2000,45.473007,46.576126,45.044017,46.576126,846300,0.00,0.0,-,33.161890,51.090325,48.304339,44.161513,741540.00
07/25/2000,44.124745,45.105295,44.063460,45.044010,699500,0.00,0.0,-,33.015829,51.189605,48.763971,44.241182,731834.00
07/24/2000,43.389328,44.247309,43.021622,43.757034,486700,0.00,0.0,-,32.877632,51.323205,49.306337,44.173769,729314.00
07/21/2000,44.124734,44.124734,42.837762,42.960331,574700,0.00,0.0,-,32.746280,51.538926,49.949823,44.872412,734788.00
07/20/2000,43.634471,44.615021,43.389333,43.879608,2489800,0.00,0.0,-,32.618502,51.649238,50.636208,46.140999,734038.00
07/19/2000,42.837764,42.837764,40.447675,42.102352,1299800,0.00,0.0,-,32.484698,51.797546,51.301144,47.489256,694056.00
07/18/2000,42.960331,43.818312,42.653909,42.960331,674000,0.00,0.0,-,32.364274,51.991205,52.122355,48.978467,678136.00
07/17/2000,45.105298,45.411720,42.286217,42.837776,701200,0.00,0.0,-,32.240173,52.222860,52.949694,49.977404,682174.00
07/14/2000,46.392265,46.392265,44.124743,45.105293,636900,0.00,0.0,-,32.121792,52.398133,53.850574,51.086651,696762.00
07/13/2000,47.617953,48.475934,45.289147,46.392265,390700,0.00,0.0,-,31.986149,52.431227,54.610500,51.668853,691026.00
07/12/2000,44.982728,47.679240,44.860159,47.372818,754300,0.00,0.0,-,31.842029,52.467998,55.162059,52.447165,691628.00
07/11/2000,49.762905,49.762905,43.144193,44.369881,2169400,0.00,0.0,-,31.693210,52.496188,55.621692,53.286761,688078.00
07/10/2000,55.891349,55.952633,50.620893,50.743462,1009800,0.00,0.0,-,31.558180,52.519476,56.243728,54.438906,657468.00
07/07/2000,57.607306,58.710424,55.646206,55.646206,308700,0.00,0.0,-,31.393530,52.317238,56.519507,55.027235,639932.00
07/06/2000,56.994465,57.546024,54.175384,57.362171,626300,0.00,0.0,-,31.203344,51.993657,56.547085,55.131417,637128.00
07/05/2000,52.949700,57.607312,52.520709,56.994469,802400,0.00,0.0,-,31.002944,51.665172,56.467416,55.113033,628822.00
07/03/2000,53.194837,53.685112,52.704562,52.949699,285000,0.00,0.0,-,30.810715,51.299917,56.216150,55.266243,618552.00
06/30/2000,50.375755,53.930248,46.576123,53.930248,2420100,0.00,0.0,-,30.631561,51.064585,55.986333,55.921984,617376.00
06/29/2000,53.930245,54.175383,50.069330,50.927311,955400,0.00,0.0,-,30.444848,50.790031,55.722810,56.614497,574752.00
06/28/2000,55.768778,55.768778,52.214285,54.175385,896200,0.00,0.0,-,30.274579,50.542442,55.603306,57.552147,563080.00
06/27/2000,55.952629,58.220151,55.523638,55.768776,565700,0.00,0.0,-,30.090726,50.191896,55.296884,57.876953,556902.00
06/26/2000,56.810596,56.871880,54.910781,55.891331,299000,0.00,0.0,-,29.904013,49.846252,54.837251,57.956623,559434.00
06/23/2000,56.810604,57.239595,55.707486,56.626751,591100,0.00,0.0,-,29.716074,49.517768,54.245857,58.048550,560396.00
06/22/2000,57.300878,57.362162,55.952622,56.688034,340300,0.00,0.0,-,29.521190,49.199089,53.596242,58.011780,554114.00
06/21/2000,58.771716,59.078137,56.626762,57.178322,408700,0.00,0.0,-,29.325999,48.849768,52.915986,57.962753,555700.00
06/20/2000,60.732810,60.732810,58.342720,58.526573,522200,0.00,0.0,-,29.123863,48.528638,52.401197,57.821799,552332.00
06/19/2000,61.774636,61.897204,58.832986,59.507114,469600,0.00,0.0,-,28.913147,48.158072,51.947692,57.166056,552385.00
06/16/2000,60.365095,60.916654,58.649133,60.855370,841900,0.00,0.0,-,28.694464,47.773615,51.491124,56.050682,553682.00
06/15/2000,57.423449,60.671520,56.933174,60.303814,790600,0.00,0.0,-,28.464954,47.326239,51.031491,54.831124,553380.00
06/14/2000,56.871884,58.832983,56.871884,57.423443,420200,0.00,0.0,-,28.236772,46.824525,50.703620,53.654465,555250.00
06/13/2000,56.810617,57.423461,55.768782,56.565479,518200,0.00,0.0,-,28.024013,46.499718,50.482997,52.716814,556191.00
06/12/2000,56.994453,58.465278,56.442894,56.810600,602300,0.00,0.0,-,27.810641,46.161836,50.231730,51.717879,554953.00
06/09/2000,56.259052,57.239602,55.523640,56.259052,439300,0.00,0.0,-,27.595227,45.810064,49.977401,50.443164,555879.00
06/08/2000,56.013912,58.097581,56.013912,56.197765,1206200,0.00,0.0,-,27.390741,45.443992,49.891602,49.180704,557167.00
06/07/2000,52.214283,57.239601,52.214283,55.768776,3724500,0.00,0.0,-,27.187992,45.104476,49.505511,47.869219,543804.00
06/06/2000,51.969147,52.827128,51.049881,51.969147,834800,0.00,0.0,-,26.994538,44.812763,49.281823,46.980595,489462.00
06/05/2000,48.659793,48.659793,47.066399,48.353371,228100,0.00,0.0,-,26.832747,44.623190,49.272630,46.729329,483092.00
06/02/2000,49.272638,50.743463,47.066400,48.659794,343500,0.00,0.0,-,26.694551,44.466710,49.582115,46.931566,494832.00
06/01/2000,47.679239,48.537220,47.005111,48.537220,208200,0.00,0.0,-,26.554822,44.232195,49.729197,47.231859,497865.00
05/31/2000,46.943821,49.456480,45.963272,48.046940,482300,0.00,0.0,-,26.415911,44.016474,49.640335,47.752776,507702.00
05/30/2000,44.737595,47.188970,44.492457,46.576126,454000,0.00,0.0,-,26.279043,43.821999,49.649528,48.249180,506369.00
05/26/2000,43.879593,44.737574,42.837759,44.063446,232700,0.00,0.0,-,26.151571,43.663476,49.759840,48.745581,503703.00
05/25/2000,44.124735,47.005100,42.408773,43.634460,667400,0.00,0.0,-,26.037889,43.539682,49.833381,49.511638,511898.00
05/24/2000,46.637406,46.637406,39.957410,43.082912,883300,0.00,0.0,-,25.924104,43.406491,49.683235,50.602500,516670.00
05/23/2000,49.027491,49.027491,46.208410,46.882538,536400,0.00,0.0,-,25.809604,43.263085,49.502446,51.141802,513878.00
05/22/2000,50.866018,51.723999,49.027488,49.456478,382900,0.00,0.0,-,25.675290,43.008551,49.205217,51.583050,518774.00
05/19/2000,50.988587,51.233725,49.027488,50.375744,245000,0.00,0.0,-,25.525245,42.682927,48.668979,51.815931,527352.00
05/18/2000,53.562539,54.297951,51.478870,51.662724,231200,0.00,0.0,-,25.371421,42.283353,48.209347,52.232664,532853.00
05/17/2000,52.704557,53.868960,52.336851,53.746391,205600,0.00,0.0,-,25.211367,41.862942,47.636338,52.226536,535567.00
05/16/2000,52.275566,53.562538,52.152998,53.010979,374600,0.00,0.0,-,25.044980,41.389418,46.876411,51.527894,543242.00
05/15/2000,51.785279,52.949682,50.253171,51.540142,361000,0.00,0.0,-,24.885743,40.927334,46.058266,51.049876,539458.00
05/12/2000,54.543092,55.768779,51.724010,51.724010,573500,0.00,0.0,-,24.729570,40.502838,45.405588,50.774098,540716.00
05/11/2000,49.517762,54.665648,49.517762,54.543079,760400,0.00,0.0,-,24.575950,40.082836,44.792744,50.155124,553675.00
05/10/2000,51.172449,51.172449,46.698690,48.475937,537200,0.00,0.0,-,24.413955,39.567230,44.100231,48.763971,564702.00
05/09/2000,51.969145,52.949695,50.498320,51.295017,490700,0.00,0.0,-,24.289242,39.127208,43.637534,47.863091,563216.00
05/08/2000,54.665647,54.665647,51.540145,51.785282,503800,0.00,0.0,-,24.144713,38.612011,43.128873,46.827385,558064.00
05/05/2000,51.846568,56.749316,51.356293,54.543079,875900,0.00,0.0,-,24.001409,38.084557,42.539523,45.522028,553430.00
05/04/2000,51.969147,52.949697,49.333919,51.601440,1430600,0.00,0.0,-,23.849424,37.513387,41.826582,44.186029,548836.00
05/03/2000,47.985659,47.985659,45.901990,46.759972,350100,0.00,0.0,-,23.714803,37.008404,41.170839,43.046141,546105.00
05/02/2000,48.782360,49.517772,48.046948,48.230801,420800,0.00,0.0,-,23.604185,36.558576,40.593744,42.224929,549366.00
05/01/2000,45.718141,48.782360,45.718141,48.782360,576800,0.00,0.0,-,23.487438,36.055636,40.241359,41.066655,546671.00
04/28/2000,40.815380,46.085834,40.815380,45.534275,638900,0.00,0.0,-,23.372632,35.530224,39.785811,40.037078,537607.00
04/27/2000,39.528423,40.876680,38.731727,40.631542,133000,0.00,0.0,-,23.274679,35.070592,39.470197,39.430364,527595.00
04/26/2000,40.937961,41.734658,39.099430,39.467136,168500,0.00,0.0,-,23.198788,34.713916,39.336392,39.436492,527524.00
04/25/2000,38.731721,40.999242,38.731721,40.937958,211000,0.00,0.0,-,23.133418,34.383798,39.324135,39.411977,527022.00
04/24/2000,40.937957,40.999242,38.425298,38.731720,288900,0.00,0.0,-,23.059060,34.031617,39.336391,39.430362,523645.00
04/20/2000,40.263821,41.857214,40.263821,41.183086,226200,0.00,0.0,-,22.993894,33.727647,39.524330,39.557017,519757.00
04/19/2000,38.793019,40.570267,38.241460,40.202560,288900,0.00,0.0,-,22.915042,33.382820,39.491645,39.467134,521770.00
04/18/2000,36.280331,38.915558,36.035194,38.547852,371800,0.00,0.0,-,22.843135,33.047799,39.328220,39.295536,520075.00
04/17/2000,37.751183,37.996320,35.544945,36.648064,587300,0.00,0.0,-,22.780727,32.727895,39.288386,38.962560,514607.00
04/14/2000,38.486584,38.486584,36.280346,38.486584,692300,0.00,0.0,-,22.728022,32.441084,39.372141,39.416062,506428.00
04/13/2000,40.692824,41.183099,38.241449,39.467136,347100,0.00,0.0,-,22.665716,32.129759,39.380312,39.534544,499302.00
04/12/2000,39.467134,42.041078,39.405850,40.692822,277000,0.00,0.0,-,22.612195,31.796372,39.300642,39.510030,500631.00
04/11/2000,40.937951,40.937951,38.792998,39.221989,419600,0.00,0.0,-,22.533342,31.421311,39.114746,39.236293,499198.00
04/10/2000,40.570248,42.592632,39.344561,41.121807,240300,0.00,1.5,-,22.462252,31.065045,38.949279,39.236293,492030.00
04/07/2000,40.447689,41.183102,38.731727,39.998272,524850,0.00,0.0,-,22.376148,30.682222,38.600979,39.242421,488652.00
04/06/2000,38.650009,40.447682,38.486582,40.284256,534450,0.00,0.0,-,22.294435,30.328407,38.259829,39.491644,479706.00
04/05/2000,35.218085,38.976859,33.338697,38.486584,826800,0.00,0.0,-,22.212519,29.989300,37.765469,39.516156,471738.00
04/04/2000,41.183097,41.387377,34.646096,35.218086,884100,0.00,0.0,-,22.144289,29.686147,37.373249,39.360903,459243.00
04/03/2000,40.039111,41.795930,39.712262,41.183086,467250,0.00,0.0,-,22.095057,29.442644,37.115854,39.614212,446463.00
03/31/2000,39.712263,40.529387,39.221988,39.671406,456300,0.00,0.0,-,22.010076,29.079840,36.552039,39.328220,446658.00
03/30/2000,37.996302,39.793975,37.424315,39.221989,648600,0.00,0.0,-,21.926525,28.757893,36.084235,39.226080,476493.00
03/29/2000,39.222001,39.303712,37.097475,37.955456,503700,0.00,0.0,-,21.844200,28.363222,35.659330,39.091255,466002.00
03/28/2000,41.264799,41.509937,39.058562,39.221989,538050,0.00,0.0,-,21.765960,27.987345,35.199697,38.993199,458208.00
03/27/2000,44.369873,45.922409,41.183086,41.183086,1007400,0.00,0.0,-,21.680162,27.600028,34.562340,38.662264,452121.00
03/24/2000,40.529398,42.899061,40.529398,42.490498,516300,0.00,0.0,-,21.586601,27.166952,33.779944,37.959538,437055.00
03/23/2000,36.770612,40.529385,36.688901,40.529385,815100,0.00,0.0,-,21.488137,26.706093,32.926048,37.028015,429342.00
03/22/2000,37.587749,37.587749,36.607199,36.934052,495150,0.00,0.0,-,21.399888,26.278737,32.198807,36.014781,418419.00
03/21/2000,38.159735,38.241446,37.546891,37.751171,700050,0.00,0.0,-,21.330534,25.906945,31.669718,35.385595,410361.00
03/20/2000,39.017729,39.222009,38.241458,38.323170,415650,0.00,0.0,-,21.252908,25.516359,30.995590,34.617497,398325.00
03/17/2000,37.914597,38.854289,37.914597,38.650009,320700,0.00,0.0,-,21.170582,25.115968,30.233621,33.775857,393210.00
03/16/2000,36.893188,37.914595,36.607193,37.873737,642450,0.00,0.0,-,21.086010,24.716394,29.426709,32.942390,391194.00
03/15/2000,36.280341,37.179179,33.502118,36.974895,906000,0.00,0.0,-,21.004502,24.326625,28.660655,32.227405,383274.00
03/14/2000,35.953497,36.770621,35.544933,35.912640,743700,0.00,0.0,-,20.930960,23.955651,27.951799,31.406195,367074.00
03/13/2000,33.175273,34.809524,32.521575,34.155823,781200,0.00,0.0,-,20.862322,23.606738,27.304228,30.462416,353793.00
03/10/2000,31.214170,33.747260,31.173317,33.175270,811800,0.00,0.0,-,20.803080,23.289694,26.762882,29.600349,339216.00
03/09/2000,30.805609,30.928178,29.743344,30.397045,520050,0.00,0.0,-,20.748946,22.992260,26.280779,28.824080,324861.00
03/08/2000,30.233623,30.887325,29.988486,30.642187,366900,0.00,0.0,-,20.710132,22.751208,25.958014,28.382833,318483.00
03/07/2000,30.070196,30.560471,29.253069,30.070196,589350,0.00,0.0,-,20.669685,22.496265,25.598480,27.953842,313965.00
03/06/2000,30.478755,30.560470,29.579920,29.906769,185400,0.00,0.0,-,20.630463,22.228248,25.222602,27.373684,307686.00
03/03/2000,31.009891,31.050749,30.070199,30.315336,423900,0.00,0.0,-,20.589198,21.950426,24.842639,26.691384,311793.00
03/02/2000,28.926219,31.377593,28.762793,30.723892,1221450,0.00,0.0,-,20.544052,21.675055,24.472890,25.911029,311460.00
03/01/2000,26.719980,29.089643,26.679123,28.762791,1311750,0.00,0.0,-,20.498293,21.423380,24.076585,25.093904,289056.00
02/29/2000,25.657726,26.719987,25.576011,26.474850,462900,0.00,0.0,-,20.457845,21.222368,23.735435,24.497404,265233.00
02/28/2000,25.494301,25.780296,25.167452,25.535158,233100,0.00,0.0,-,20.429246,21.071199,23.482126,24.146040,257730.00
02/25/2000,25.984567,26.147993,25.208297,25.412580,272100,0.00,0.0,-,20.406775,20.948631,23.304401,23.925415,254367.00
02/24/2000,27.291972,27.373687,25.821147,25.984573,646200,0.00,0.0,-,20.379197,20.845673,23.149148,23.737477,250302.00
02/23/2000,24.758882,26.719982,24.718025,26.352276,1294050,0.00,0.0,-,20.348146,20.738630,23.016365,23.533195,240318.00
02/22/2000,23.124634,24.840596,23.124634,24.268610,513150,0.00,0.0,-,20.324041,20.622598,22.865197,23.243117,221808.00
02/18/2000,22.552644,23.206345,22.470933,23.083776,286050,0.00,0.0,-,20.310150,20.542519,22.803913,23.071521,224433.00
02/17/2000,22.634352,22.716067,22.348361,22.511784,123600,0.00,0.0,-,20.302183,20.488589,22.801870,22.993894,224424.00
02/16/2000,22.879495,22.879495,22.552647,22.552647,138300,0.00,0.0,-,20.298301,20.410963,22.854983,23.034751,225006.00
02/15/2000,22.797781,22.961207,22.675212,22.797781,129450,0.00,0.0,-,20.295033,20.335787,22.701773,23.059265,224868.00
02/14/2000,23.165490,23.165490,22.879495,22.961210,143400,0.00,0.0,-,20.282776,20.235281,22.519963,22.973467,225069.00
02/11/2000,23.574052,23.696621,23.206346,23.328915,42150,0.00,0.0,-,20.262144,20.119249,22.364709,22.818213,227772.00
02/10/2000,23.941763,24.350323,23.451488,23.533199,94500,0.00,0.0,-,20.238447,19.998315,22.174728,22.683388,233931.00
02/09/2000,23.533194,24.758881,23.492336,23.941757,326850,0.00,0.0,-,20.208418,19.893723,21.970446,22.560819,237396.00
02/08/2000,22.593509,23.492344,22.593509,23.451490,204150,0.00,0.0,-,20.173486,19.790765,21.731438,22.499535,232104.00
02/07/2000,22.389220,22.716073,22.389220,22.552647,98400,0.00,0.0,-,20.147338,19.699247,21.476086,22.487277,228453.00
02/04/2000,23.002067,23.002067,22.225801,22.307512,178350,0.00,0.0,-,20.128952,19.624072,21.259547,22.536305,228858.00
02/03/2000,22.756927,23.369770,22.552647,22.920353,336000,0.00,0.0,-,20.113631,19.558702,21.059352,22.609846,227460.00
02/02/2000,21.980657,22.797781,21.817231,22.797781,413550,0.00,0.0,-,20.096267,19.503954,20.846899,22.675216,223458.00
02/01/2000,21.326960,22.307510,21.245249,21.939804,205350,0.00,0.0,-,20.079108,19.453293,20.626276,22.344281,217566.00
01/31/2000,21.817234,21.817234,21.204390,21.408670,61200,0.00,0.0,-,20.057250,19.419790,20.450594,22.066459,216525.00
01/28/2000,22.307512,22.307512,21.817237,21.980663,71400,0.00,0.0,-,20.042133,19.395277,20.303512,21.911205,219753.00
01/27/2000,23.369774,23.369774,22.225801,22.307512,77550,0.00,0.0,-,20.019866,19.344615,20.119658,21.666068,222258.00
01/26/2000,23.288057,23.328915,23.002062,23.328915,136050,0.00,0.0,-,19.990654,19.282513,19.919462,21.380073,225600.00
01/25/2000,23.124631,24.023469,22.920351,23.328915,202050,0.00,0.0,-,19.954905,19.219594,19.670239,20.963340,225882.00
01/24/2000,23.206347,23.614907,22.634357,23.042921,245100,0.00,0.0,-,19.917317,19.157493,19.398545,20.464894,223419.00
01/21/2000,23.737476,24.432035,22.552646,23.042921,477000,0.00,0.0,-,19.881772,19.105197,19.079867,19.982790,222924.00
01/20/2000,22.797785,24.840596,22.266652,23.574055,1948050,0.00,0.0,-,19.844593,19.062707,18.728503,19.508858,222171.00
01/19/2000,19.120724,19.529288,18.344454,19.488430,124050,0.00,0.0,-,19.805984,19.010410,18.377139,19.018583,187794.00
01/18/2000,19.815284,19.815284,19.120729,19.161587,114000,0.00,0.0,-,19.788824,19.034924,18.309726,18.908271,196959.00
01/14/2000,19.610999,19.937848,19.570141,19.856136,233700,0.00,0.0,-,19.773503,19.068426,18.287254,18.834729,218490.00
01/13/2000,19.529285,19.570139,19.243290,19.529285,254100,0.00,0.0,-,19.756343,19.039010,18.240270,18.695818,215907.00
01/12/2000,19.243287,19.692704,19.079861,19.447567,130650,0.00,0.0,-,19.741839,19.006325,18.234141,18.573249,211335.00
01/11/2000,18.507885,19.856142,18.507885,19.161587,268950,0.00,0.0,-,19.721616,18.976091,18.274998,18.458852,209220.00
01/10/2000,18.140170,18.344450,17.568184,18.344450,92250,0.00,0.0,-,19.703026,18.957297,18.348538,18.377138,206763.00
01/07/2000,18.712157,18.712157,17.895033,18.221882,98250,0.00,0.0,-,19.686479,18.968737,18.458850,18.332196,210702.00
01/06/2000,18.589588,18.793871,18.303596,18.303596,159900,0.00,0.0,-,19.670341,18.974457,18.560991,18.176943,213270.00
01/05/2000,18.221887,18.875589,18.140176,18.671309,219900,0.00,0.0,-,19.658493,18.944223,18.665175,17.948148,211122.00
01/04/2000,18.262739,18.385307,17.976744,18.385307,246450,0.00,0.0,-,19.647257,18.898464,18.663132,17.735695,211290.00
01/03/2000,18.467022,18.467022,17.813325,18.426168,96000,0.00,0.0,-,19.639494,18.861693,18.683560,17.711181,212685.00
12/31/1999,18.140175,18.467024,17.976749,18.467024,79650,0.00,0.0,-,19.631732,18.814300,18.650875,17.739780,211971.00
12/30/1999,18.385308,18.548734,18.303596,18.303596,52350,0.00,0.0,-,19.623152,18.771810,18.585505,17.784722,215913.00
12/29/1999,18.262739,18.385308,18.221882,18.303596,94050,0.00,0.0,-,19.616411,18.720331,18.534435,17.895034,220110.00
12/28/1999,18.058459,18.467019,17.895033,18.344450,201150,0.00,0.0,-,19.608444,18.668035,18.534435,18.091144,229899.00
12/27/1999,16.832774,18.017604,16.832774,17.895035,141000,0.00,0.0,-,19.599864,18.648424,18.556907,18.319939,229359.00
12/23/1999,16.179075,17.077913,16.179075,16.669350,275400,0.00,0.0,-,19.591488,18.638618,18.605934,18.585505,229137.00
12/22/1999,16.383352,16.914485,15.770509,16.015646,390750,0.00,0.0,-,19.590671,18.651692,18.712160,18.945039,225291.00
12/21/1999,18.099312,18.099312,16.383350,16.546776,407250,0.00,0.0,-,19.594348,18.679474,18.863328,19.382202,219642.00
12/20/1999,18.630446,18.630446,17.976745,18.140171,101250,0.00,0.0,-,19.596595,18.695817,19.045139,19.590569,212787.00
12/17/1999,18.916440,18.916440,18.548734,18.712156,120600,0.00,0.0,-,19.591693,18.681109,19.151365,19.655939,211407.00
12/16/1999,19.447568,19.447568,18.507875,18.916439,87750,0.00,0.0,-,19.585973,18.656595,19.228992,19.561970,210573.00
12/15/1999,20.264700,20.264700,19.243293,19.406719,64950,0.00,0.0,-,19.579640,18.626362,19.292319,19.386289,220653.00
12/14/1999,20.795823,20.918391,20.223837,20.264694,68850,0.00,0.0,-,19.571673,18.580602,19.294361,19.173837,222183.00
12/13/1999,20.714116,20.836684,20.387267,20.632404,147000,0.00,0.0,-,19.558599,18.535661,19.241249,18.977727,222141.00
12/10/1999,20.305552,20.714116,19.365860,20.550690,368550,0.00,0.0,-,19.543687,18.485816,19.218778,18.793874,221694.00
12/09/1999,20.346405,20.550685,19.815273,20.264694,644400,0.00,0.0,-,19.529183,18.458034,19.202435,18.626364,221319.00
12/08/1999,18.467025,20.387272,18.467025,20.387272,285600,0.00,0.0,-,19.515700,18.412275,19.210606,18.479282,210495.00
12/07/1999,18.712159,18.712159,18.058461,18.630447,152700,0.00,0.0,-,19.504669,18.355893,19.237163,18.344455,206688.00
12/06/1999,17.895036,19.284150,17.895036,18.793875,131400,0.00,0.0,-,19.500175,18.335465,19.353603,18.499709,204960.00
12/03/1999,17.077912,17.854178,17.037054,17.772467,139500,0.00,0.0,-,19.495272,18.306866,19.449615,18.646791,204408.00
12/02/1999,17.159624,17.609042,16.832775,17.159624,278550,0.00,0.0,-,19.494251,18.307683,19.602826,18.896014,202626.00
12/01/1999,18.221893,18.303608,16.751067,17.282200,350100,0.00,0.0,-,19.493842,18.316671,19.664110,19.198350,200145.00
11/30/1999,18.793871,18.793871,18.058459,18.303596,267750,0.00,0.0,-,19.493229,18.316671,19.694752,19.414886,206283.00
11/29/1999,18.916443,18.916443,18.712160,18.793875,62250,0.00,0.0,-,19.485875,18.321574,19.676366,19.504770,204864.00
11/26/1999,18.916443,18.916443,18.875586,18.875586,21600,0.00,0.0,-,19.479747,18.288072,19.647767,19.643681,205563.00
11/24/1999,19.039012,19.039012,18.712160,18.793875,118650,0.00,0.0,-,19.475253,18.242313,19.649809,19.778506,208383.00
11/23/1999,20.060413,20.142128,18.957294,19.039009,108450,0.00,0.0,-,19.469124,18.203908,19.635510,19.941931,213795.00
11/22/1999,20.264698,20.264698,20.101272,20.182983,135900,0.00,0.0,-,19.459727,18.171223,19.523155,20.129870,215913.00
11/19/1999,20.264694,20.305548,20.060411,20.264694,118950,0.00,0.0,-,19.453394,18.136087,19.333174,20.207497,215916.00
11/18/1999,20.264694,20.346405,19.978699,20.264694,153300,0.00,0.0,-,19.446857,18.096865,19.147278,20.252439,221415.00
11/17/1999,19.447571,20.223841,19.447571,20.182983,222600,0.00,0.0,-,19.438686,18.044569,18.936868,20.309638,226878.00
11/16/1999,19.202430,19.610993,19.202430,19.447567,196650,0.00,0.0,-,19.431741,17.993907,18.744844,20.129870,229281.00
11/15/1999,20.264701,20.264701,18.793876,19.202436,244650,0.00,0.0,-,19.423569,17.939977,18.558949,19.974617,229929.00
11/12/1999,20.264698,20.428121,20.060415,20.182983,150150,0.00,0.0,-,19.419280,17.883595,18.383267,19.847962,234891.00
11/11/1999,20.509832,20.509832,20.019557,20.223837,78900,0.00,0.0,-,19.410291,17.795346,18.242312,19.651852,241035.00
11/10/1999,20.918400,20.918400,20.346414,20.428125,220350,0.00,0.0,-,19.396809,17.689937,18.101359,19.521112,243093.00
11/09/1999,21.000113,21.081824,20.754975,20.918398,439350,0.00,0.0,-,19.377810,17.574722,17.946104,19.329088,250986.00
11/08/1999,20.714114,21.572095,20.714114,20.959251,229200,0.00,0.0,-,19.349211,17.453788,17.770423,18.916440,259173.00
11/05/1999,21.735520,22.675213,20.632402,20.714113,582300,0.00,0.0,-,19.322450,17.312425,17.590655,18.458850,273354.00
11/04/1999,19.610998,21.572098,19.610998,20.836685,1190550,0.00,0.0,-,19.299571,17.172697,17.425187,18.042116,291105.00
11/03/1999,18.058459,18.467019,18.058459,18.385307,104550,0.00,0.0,-,19.275874,17.063202,17.257677,17.564099,286407.00
11/02/1999,17.935892,18.140172,17.895035,17.895035,25500,0.00,0.0,-,19.264434,17.008455,17.208650,17.359818,337476.00
11/01/1999,18.058457,18.058457,17.895031,17.935888,24900,0.00,0.0,-,19.253199,16.992112,17.169836,17.143280,351846.00
10/29/1999,18.957294,18.998152,18.140171,18.221882,146100,0.00,0.0,-,19.237469,17.025615,17.173922,16.918571,353916.00
10/28/1999,18.630444,18.998150,18.630444,18.916439,289200,0.00,0.0,-,19.218471,17.075459,17.169836,16.832773,352440.00
10/27/1999,17.200482,18.753019,17.159625,18.507881,226650,0.00,0.0,-,19.196205,17.111413,17.182094,16.681605,348663.00
10/26/1999,16.260785,16.914487,16.260785,16.791918,52500,0.00,0.0,-,19.176389,17.156354,17.155537,16.563121,348825.00
10/25/1999,16.383352,16.505921,16.301641,16.383352,228300,0.00,0.0,-,19.165154,17.233981,17.194351,16.624405,350526.00
10/22/1999,16.138212,16.546776,16.138212,16.546776,316200,0.00,0.0,-,19.155553,17.327951,17.255635,16.722460,346587.00
10/21/1999,16.179076,16.179076,16.015650,16.056507,60300,0.00,0.0,-,19.145951,17.423554,17.296491,16.808258,343824.00
10/20/1999,15.729659,16.383356,15.729659,16.342503,276750,0.00,0.0,-,19.138393,17.519975,17.384332,16.951255,346536.00
10/19/1999,15.607083,15.893075,15.361945,15.729652,262200,0.00,0.0,-,19.127770,17.596784,17.447659,17.057481,343833.00
10/18/1999,17.200481,17.200481,15.647942,15.688799,583500,0.00,0.0,-,19.121233,17.682583,17.525286,17.196392,341406.00
10/15/1999,17.445614,17.486468,16.996193,17.363899,174150,0.00,0.0,-,19.114901,17.757758,17.668284,17.429273,334068.00
10/14/1999,17.404760,17.813324,17.363903,17.404760,129900,0.00,0.0,-,19.099988,17.802700,17.656027,17.506900,344907.00
10/13/1999,17.323042,17.486464,17.323042,17.323042,83100,0.00,0.0,-,19.084463,17.847642,17.615171,17.682583,347130.00
10/12/1999,17.282192,17.445618,17.282192,17.404760,108300,0.00,0.0,-,19.068120,17.910561,17.592700,17.747953,349878.00
10/11/1999,17.241331,17.445614,17.241331,17.363899,64500,0.00,0.0,-,19.049939,17.985736,17.592700,17.764296,349719.00
10/08/1999,17.445618,17.486472,17.323049,17.404760,32250,0.00,0.0,-,19.030124,18.044569,17.645814,17.788811,351675.00
10/07/1999,17.486479,17.527336,17.404768,17.486479,78900,0.00,0.0,-,19.010104,18.116476,17.690755,17.784724,355485.00
10/06/1999,17.118765,17.568187,17.118765,17.404760,591750,0.00,0.0,-,18.991719,18.209628,17.698926,17.817409,357069.00
10/05/1999,18.140172,18.221883,17.077911,17.118765,141450,0.00,0.0,-,18.975172,18.332197,17.711183,17.837837,349908.00
10/04/1999,18.303600,18.385311,18.017605,18.017605,66750,0.00,0.0,-,18.958217,18.437606,17.692798,17.854181,350745.00
10/01/1999,19.161578,19.161578,18.140171,18.140171,124650,0.00,0.0,-,18.937176,18.539747,17.611085,17.907294,354738.00
09/30/1999,17.895041,19.161587,17.895041,19.161587,349800,0.00,0.0,-,18.914092,18.659864,17.492602,17.805153,360723.00
09/29/1999,17.568186,17.976746,17.404759,17.976746,103200,0.00,0.0,-,18.886514,18.770176,17.282192,17.547758,354399.00
09/28/1999,17.527334,17.568192,17.159628,17.568192,95250,0.00,0.0,-,18.865677,18.903367,17.116724,17.437447,352974.00
09/27/1999,17.527330,17.935894,17.527330,17.609041,66300,0.00,0.0,-,18.849335,19.049633,16.981898,17.421104,352278.00
09/24/1999,17.649894,17.649894,16.996193,17.363899,103800,0.00,0.0,-,18.833197,19.213875,16.796003,17.502817,353421.00
09/23/1999,17.527329,18.058461,17.404760,17.813324,50400,0.00,0.0,-,18.818693,19.385471,16.614193,17.596786,352386.00
09/22/1999,17.445619,17.649899,17.159624,17.609041,154500,0.00,0.0,-,18.801737,19.538273,16.491624,17.580444,355257.00
09/21/1999,18.385319,18.385319,17.159631,17.282200,657000,0.00,0.0,-,18.779471,19.713955,16.393569,17.584529,358227.00
09/20/1999,17.282195,18.712163,17.282195,18.548740,196800,0.00,0.0,-,18.758430,19.889637,16.383355,17.531415,346932.00
09/17/1999,16.424210,17.159622,16.424210,17.118765,97200,0.00,0.0,-,18.731669,20.032634,16.436467,17.314876,344781.00
09/16/1999,16.955343,16.996197,16.505922,16.587637,162600,0.00,0.0,-,18.710424,20.198510,16.616235,17.180051,344346.00
09/15/1999,17.323052,17.323052,16.465071,16.873631,389250,0.00,0.0,-,18.689996,20.383180,16.822558,17.016626,341961.00
09/14/1999,18.426168,18.753016,17.323049,17.404760,214350,0.00,0.0,-,18.668546,20.567033,17.016626,16.796002,336783.00
09/13/1999,18.467022,18.712160,18.303600,18.426168,136050,0.00,0.0,-,18.644441,20.741081,17.180050,16.542693,333993.00
09/10/1999,18.303596,18.589588,18.058459,18.303596,393900,0.00,0.0,-,18.612573,20.893066,17.312833,16.089189,337629.00
09/09/1999,17.649897,17.895034,17.323048,17.649897,426450,0.00,0.0,-,18.577845,21.102250,17.464001,15.631599,345084.00
09/08/1999,16.669347,17.895034,16.669347,17.649897,342750,0.00,0.0,-,18.548429,21.247698,17.625383,15.402804,341475.00
09/07/1999,16.383354,16.832775,16.097363,16.751060,229050,0.00,0.0,-,18.516765,21.394780,17.752038,15.202609,340896.00
09/03/1999,16.342499,16.424210,16.015646,16.383352,492750,0.00,0.0,-,18.488166,21.537777,17.915463,15.235294,338592.00
09/02/1999,14.871674,15.852225,14.708249,15.770510,457350,0.00,0.0,-,18.461813,21.683226,18.068673,15.558058,328887.00
09/01/1999,14.830816,15.035097,14.544822,14.953384,181800,0.00,0.0,-,18.438934,21.845833,18.260698,16.052419,321648.00
08/31/1999,15.443662,15.484518,13.972837,14.667393,615000,0.00,0.0,-,18.420957,22.043578,18.495621,16.628491,319581.00
08/30/1999,14.054548,14.994242,13.809411,14.871674,848700,0.00,0.0,-,18.405023,22.257664,18.785700,17.237249,313779.00
08/27/1999,13.891125,14.136262,13.155712,13.891125,938250,0.00,0.0,-,18.389089,22.443969,19.100293,17.817408,303420.00
08/26/1999,15.443661,15.729656,13.400849,13.727698,1469850,0.00,0.0,-,18.376832,22.625371,19.421015,18.536477,288792.00
08/25/1999,15.852223,16.015645,15.035097,15.361947,955650,0.00,0.0,-,18.365393,22.805955,19.784636,19.296403,260424.00
08/24/1999,16.955345,16.955345,14.340544,15.647943,2658000,0.00,0.0,-,18.341900,22.944866,20.123743,19.847962,244881.00
08/23/1999,19.610999,19.610999,16.996198,17.077913,744000,0.00,0.0,-,18.314731,23.073155,20.518005,20.301466,192960.00
08/20/1999,20.632402,20.632402,19.610994,19.610994,128400,0.00,0.0,-,18.279390,23.181016,20.783571,20.595631,179400.00
08/19/1999,20.754971,20.754971,20.591545,20.714113,72300,0.00,0.0,-,18.233631,23.244751,20.959253,20.579288,177996.00
08/18/1999,20.754971,20.836682,20.509833,20.714113,100350,0.00,0.0,-,18.182765,23.288059,21.130849,20.468977,178350.00
08/17/1999,20.673257,20.754972,20.509835,20.754972,234750,0.00,0.0,-,18.126384,23.335044,21.329002,20.362751,179229.00
08/16/1999,21.163531,21.163531,20.019559,20.673256,137550,0.00,0.0,-,18.066325,23.364460,21.523070,20.334151,176325.00
08/13/1999,21.408670,21.490385,21.081821,21.081821,31350,0.00,0.0,-,18.004836,23.388157,21.733480,20.383179,173919.00
08/12/1999,20.959250,21.326956,20.673255,21.326956,178050,0.00,0.0,-,17.941509,23.401231,21.970446,20.305552,175491.00
08/11/1999,20.591546,21.653807,20.591546,20.877541,195900,0.00,0.0,-,17.878182,23.406134,22.201284,20.272868,173925.00
08/10/1999,20.101272,20.264698,19.937846,20.182983,141600,0.00,0.0,-,17.815468,23.433916,22.430079,20.399523,171096.00
08/09/1999,19.529287,20.060416,19.529287,20.019562,140850,0.00,0.0,-,17.756839,23.473955,22.740586,20.734545,168633.00
08/06/1999,19.610993,19.610993,19.324998,19.447567,216600,0.00,0.0,-,17.699232,23.519714,23.042922,20.971511,167148.00
08/05/1999,20.142127,21.245245,19.447568,19.610994,716100,0.00,0.0,-,17.642850,23.577730,23.355473,21.339218,165666.00
08/04/1999,20.468977,20.591546,19.488427,19.651854,241050,0.00,0.0,-,17.583200,23.638197,23.645552,21.792722,154065.00
08/03/1999,21.000111,21.163534,20.428121,20.468979,220500,0.00,0.0,-,17.523550,23.696213,23.954016,22.295254,153852.00
08/02/1999,20.468981,21.326962,20.468981,21.163536,100350,0.00,0.0,-,17.459814,23.731350,24.233881,22.711988,152808.00
07/30/1999,21.081821,21.572096,20.264698,20.305552,162300,0.00,0.0,-,17.392401,23.741155,24.481062,23.083780,156810.00
07/29/1999,22.144087,22.184944,20.428124,21.000114,222750,0.00,0.0,-,17.330300,23.760766,24.767055,23.635339,160383.00
07/28/1999,23.533203,23.533203,21.980666,22.144089,158100,0.00,0.0,-,17.264113,23.772206,25.155189,24.129699,163647.00
07/27/1999,22.430081,24.023474,22.430081,23.533199,233700,0.00,0.0,-,17.191184,23.742789,25.294100,24.460634,161481.00
07/26/1999,23.124636,23.124636,22.144086,22.389223,183300,0.00,0.0,-,17.111923,23.687225,25.367641,24.746628,159420.00
07/23/1999,24.023474,24.023474,22.879498,23.124636,266400,0.00,0.0,-,17.040220,23.660259,25.443225,25.114334,163101.00
07/22/1999,24.186899,24.186899,23.451487,24.146042,423900,0.00,0.0,-,16.965045,23.595706,25.469782,25.371728,162153.00
07/21/1999,24.595457,24.840594,24.513745,24.677172,33600,0.00,0.0,-,16.883537,23.508274,25.457525,25.498382,157701.00
07/20/1999,24.963165,25.004023,24.595459,24.636316,31950,0.00,0.0,-,16.800394,23.445355,25.465696,25.612779,161856.00
07/19/1999,25.657726,25.657726,24.881456,24.881456,60450,0.00,0.0,-,16.717456,23.382437,25.502467,25.755775,161982.00
07/16/1999,25.821142,26.229706,25.698573,25.821142,123450,0.00,0.0,-,16.633292,23.314616,25.467739,25.878343,162153.00
07/15/1999,25.453439,25.943714,25.330870,25.943714,52050,0.00,0.0,-,16.544634,23.232903,25.324742,25.898772,162294.00
07/14/1999,26.352282,26.352282,25.004026,25.453444,193950,0.00,0.0,-,16.455772,23.152008,25.165403,26.180680,173142.00
07/13/1999,26.066283,27.169401,25.882430,26.393135,303000,0.00,0.0,-,16.368544,23.049867,25.008106,26.127566,181482.00
07/12/1999,25.780289,26.066280,25.330868,26.066280,92250,0.00,0.0,-,16.276822,22.898699,24.791568,25.988654,178599.00
07/09/1999,25.330870,25.780291,25.249159,25.698576,89250,0.00,0.0,-,16.186733,22.749165,24.611801,25.772117,178776.00
07/08/1999,25.698572,25.698572,24.840591,25.412580,75450,0.00,0.0,-,16.099097,22.585740,24.466761,25.567836,178212.00
07/07/1999,25.984568,25.984568,25.698573,25.821142,43350,0.00,0.0,-,16.012890,22.416596,24.340107,25.416668,178266.00
07/06/1999,26.025427,26.066280,25.739432,26.066280,130350,0.00,0.0,-,15.925458,22.264610,24.202217,25.318614,178371.00
07/02/1999,26.066280,26.147995,25.576005,26.107138,74850,0.00,0.0,-,15.835574,22.120797,24.010193,25.249159,178605.00
07/01/1999,27.618822,27.618822,25.902860,26.025429,317850,0.00,0.0,-,15.746712,21.983520,23.797741,25.057135,181989.00
06/30/1999,24.922307,29.007928,24.820165,28.762791,766650,0.00,0.0,-,15.659892,21.851962,23.583246,24.750713,179235.00
06/29/1999,25.004021,25.167447,24.799741,24.922310,246000,0.00,0.0,-,15.558977,21.664024,23.223711,24.150126,171798.00
06/28/1999,23.900898,25.249154,23.819187,25.004017,313800,0.00,0.0,-,15.476652,21.516941,23.090928,23.888647,167544.00
06/25/1999,23.655766,23.982615,23.614909,23.900904,113850,0.00,0.0,-,15.392488,21.384567,22.949974,23.594482,162327.00
06/24/1999,23.941762,23.941762,23.614910,23.655767,7500,0.00,0.0,-,15.315474,21.257096,22.870305,23.451486,161526.00
06/23/1999,24.840596,24.840596,23.574055,23.900904,95400,0.00,0.0,-,15.239686,21.113282,22.804935,23.365687,161772.00
06/22/1999,24.677175,24.881455,24.595460,24.840597,78450,0.00,0.0,-,15.162059,20.958845,22.741608,23.263546,160113.00
06/21/1999,24.268612,25.535157,24.268612,25.371731,324900,0.00,0.0,-,15.079938,20.778260,22.627210,23.085821,158898.00
06/18/1999,23.002066,24.595459,23.002066,24.186899,330750,0.00,0.0,-,14.995774,20.589504,22.469913,22.771227,154440.00
06/17/1999,22.675215,23.042921,22.675215,22.961210,206850,0.00,0.0,-,14.917739,20.417908,22.343259,22.538347,148485.00
06/16/1999,22.389218,22.879492,22.389218,22.756924,51450,0.00,0.0,-,14.845832,20.275729,22.259503,22.415778,145938.00
06/15/1999,22.021517,22.307512,21.980664,22.307512,178500,0.00,0.0,-,14.778623,20.141720,22.200262,22.297296,145146.00
06/14/1999,22.552649,22.552649,22.021517,22.062374,61950,0.00,0.0,-,14.713253,20.017517,22.118549,22.293210,142860.00
06/11/1999,22.797786,22.797786,22.389223,22.470938,66000,0.00,0.0,-,14.650335,19.904754,22.053179,22.305466,142350.00
06/10/1999,22.879492,22.879492,22.634355,22.797781,58200,0.00,0.0,-,14.585782,19.787905,21.981680,22.289124,144000.00
06/09/1999,22.879492,23.042918,22.838638,22.879492,90000,0.00,0.0,-,14.519186,19.640005,21.836641,22.244182,143379.00
06/08/1999,22.225798,23.696623,22.225798,23.063349,144300,0.00,0.0,-,14.452590,19.491289,21.681387,22.219669,142413.00
06/07/1999,21.980658,22.225796,21.980658,22.225796,89550,0.00,0.0,-,14.385688,19.330724,21.604782,22.168599,141972.00
06/04/1999,21.776378,21.898947,21.653810,21.858093,17250,0.00,0.0,-,14.323178,19.186093,21.568012,22.168599,144015.00
06/03/1999,21.572099,22.307511,21.572099,21.735525,109950,0.00,0.0,-,14.261485,19.067609,21.549626,22.148170,144414.00
06/02/1999,22.184941,22.184941,21.163534,21.572098,99750,0.00,0.0,-,14.197954,18.961383,21.549626,22.103228,142443.00
06/01/1999,22.348368,22.348368,22.225799,22.266653,54450,0.00,0.0,-,14.135444,18.866597,21.565969,22.103228,140598.00
05/28/1999,22.225798,22.225798,22.144083,22.184940,18450,0.00,0.0,-,14.069869,18.758736,21.469956,21.943888,140190.00
05/27/1999,22.266655,22.389224,22.225801,22.307512,66600,0.00,0.0,-,14.004704,18.650059,21.302446,21.800892,139920.00
05/26/1999,22.634355,22.634355,21.980658,22.348364,142500,0.00,0.0,-,13.938517,18.543015,21.116550,21.674237,139899.00
05/25/1999,22.716078,23.124638,22.470941,22.634363,136050,0.00,0.0,-,13.872534,18.430252,20.875498,21.429099,141657.00
05/24/1999,22.389220,23.369770,22.389220,22.552647,230400,0.00,0.0,-,13.804100,18.310135,20.591547,21.143105,139392.00
05/21/1999,21.653806,22.225796,21.653806,22.225796,168300,0.00,0.0,-,13.738934,18.183480,20.375009,21.040965,135315.00
05/20/1999,21.449527,21.858090,21.245247,21.653807,300450,0.00,0.0,-,13.668457,18.069083,20.207499,20.967424,133053.00
05/19/1999,21.612955,22.021515,21.245249,21.286102,340950,0.00,0.0,-,13.600431,17.971028,20.086973,20.951082,127863.00
05/18/1999,20.836685,21.776378,20.836685,21.572098,385950,0.00,0.0,-,13.536083,17.885230,19.995046,20.996025,125400.00
05/17/1999,20.673256,20.673256,20.346407,20.673256,49800,0.00,0.0,-,13.469487,17.796980,19.884734,21.028709,121206.00
05/14/1999,21.000110,21.081821,20.509835,20.754972,130650,0.00,0.0,-,13.406160,17.734879,19.729481,20.996025,121929.00
05/13/1999,19.937846,21.204390,19.815277,21.040964,367350,0.00,0.0,-,13.343241,17.672777,19.610998,20.804000,121437.00
05/12/1999,19.937838,20.182975,19.365852,19.896984,219000,0.00,0.0,-,13.281344,17.608225,19.435316,20.558863,115230.00
05/11/1999,21.531244,21.735528,19.611001,19.774427,201300,0.00,0.0,-,13.226597,17.563283,19.263720,20.321897,111948.00
05/10/1999,21.572096,21.898945,21.408670,21.531239,241350,0.00,0.0,-,13.173483,17.520792,19.083952,20.039990,110793.00
05/07/1999,21.531245,21.572102,21.408676,21.490391,38250,0.00,0.0,-,13.111791,17.443165,18.797959,19.709054,108390.00
05/06/1999,21.653813,21.653813,20.918401,21.490391,69000,0.00,0.0,-,13.050506,17.364721,18.520136,19.447573,112761.00
05/05/1999,21.735525,21.980663,21.326961,21.735525,130500,0.00,0.0,-,12.989222,17.298534,18.225971,19.222864,115965.00
05/04/1999,20.264694,22.879491,20.264694,21.898941,594450,0.00,0.0,-,12.926916,17.218456,17.931806,18.994068,117144.00
05/03/1999,18.916443,20.550691,18.916443,20.346411,610950,0.00,0.0,-,12.863793,17.136744,17.639684,18.740760,106569.00
04/30/1999,18.916445,18.957299,18.793876,18.834730,158850,0.00,0.0,-,12.807003,17.081179,17.427232,18.462938,95310.00
04/29/1999,17.609042,18.793876,17.609042,18.589592,101100,0.00,0.0,-,12.757771,17.046043,17.306706,18.417995,92796.00
04/28/1999,16.873626,17.649895,16.873626,17.527327,61050,0.00,0.0,-,12.710991,17.017443,17.208650,18.311769,92337.00
04/27/1999,18.058470,18.058470,16.832782,16.955351,78150,0.00,0.0,-,12.669522,17.003553,17.102424,18.205543,92073.00
04/26/1999,18.875583,18.875583,18.221882,18.221882,48600,0.00,0.0,-,12.631117,17.015809,17.026840,18.127915,93180.00
04/23/1999,19.202434,19.202434,18.753017,18.875586,142050,0.00,0.0,-,12.586379,17.010907,16.867500,17.886864,95628.00
04/22/1999,19.610998,20.754974,19.202434,19.243292,244050,0.00,0.0,-,12.539395,16.984759,16.673433,17.592698,94848.00
04/21/1999,19.284145,19.856131,19.284145,19.447567,180150,0.00,0.0,-,12.490367,16.943085,16.507965,17.229078,92799.00
04/20/1999,17.568186,19.610997,17.527329,19.365860,394800,0.00,0.0,-,12.440931,16.932463,16.356797,16.869544,91008.00
04/19/1999,18.221889,18.385315,17.568192,17.568192,33300,0.00,0.0,-,12.391086,16.924292,16.230143,16.538609,88035.00
04/16/1999,17.568184,18.548734,17.282189,18.385307,52950,0.00,0.0,-,12.348596,16.945537,16.195415,16.391526,89691.00
04/15/1999,16.342497,17.527327,16.260782,17.527327,73800,0.00,0.0,-,12.304675,16.953708,16.113703,16.195416,91281.00
04/14/1999,16.179074,16.465069,15.933936,16.465069,19800,0.00,0.0,-,12.265249,16.959428,16.085104,16.105532,97383.00
04/13/1999,15.770506,16.424207,15.770506,16.179070,12450,0.00,0.0,-,12.231338,16.997016,16.097361,15.999305,102444.00
04/12/1999,16.015648,16.015648,15.811368,15.811368,17700,0.00,0.0,-,12.199062,17.041140,16.119832,15.925764,107865.00
04/09/1999,15.525370,15.933932,15.443657,15.933932,102000,0.00,0.0,-,12.168420,17.075459,16.140260,15.848137,113910.00
04/08/1999,15.852227,15.852227,15.525375,15.607088,33000,0.00,0.0,-,12.137165,17.089351,16.168859,15.754168,183489.00
04/07/1999,16.138219,16.179077,15.852228,15.852228,79500,0.00,0.0,-,12.107544,17.081179,16.226058,15.786853,186906.00
04/06/1999,16.179076,16.179076,16.056507,16.056507,11850,0.00,0.0,-,12.076902,17.076277,16.283256,15.844051,185859.00
04/05/1999,16.342498,16.342498,16.097361,16.097361,64200,0.00,0.0,-,12.047281,17.077911,16.338412,15.921678,185991.00
04/01/1999,16.628488,16.628488,16.342496,16.424208,36450,0.00,0.0,-,12.018273,17.077911,16.411953,15.999305,185106.00
03/31/1999,15.566228,16.832772,15.566228,16.628489,148500,0.00,0.0,-,11.985792,17.071374,16.473238,16.031990,185931.00
03/30/1999,15.525371,15.525371,15.280234,15.402802,27150,0.00,0.0,-,11.949226,17.051763,16.532480,16.064676,184143.00
03/29/1999,15.035098,15.443661,15.035098,15.443661,41700,0.00,0.0,-,11.919605,17.039506,16.644834,16.195416,184641.00
03/26/1999,14.871673,15.075954,14.381398,15.035097,122250,0.00,0.0,-,11.891006,17.019078,16.755146,16.313899,183993.00
03/25/1999,15.852226,15.852226,14.871675,14.994244,191700,0.00,0.0,-,11.864858,17.007638,16.885886,16.432382,181668.00
03/24/1999,16.587633,16.628487,15.893075,15.933932,37200,0.00,0.0,-,11.840140,16.998650,17.014583,16.583550,179007.00
03/23/1999,16.751056,16.751056,16.424208,16.424208,11400,0.00,0.0,-,11.805821,16.970868,17.126938,16.665263,178584.00
03/22/1999,16.955348,16.955348,16.832779,16.832779,7500,0.00,0.0,-,11.767824,16.931646,17.192308,16.722461,179337.00
03/19/1999,16.832777,16.996199,16.751062,16.873631,34050,0.00,0.0,-,11.728194,16.887521,17.241336,16.755146,179622.00
03/18/1999,16.873629,16.955344,16.751060,16.751060,4950,0.00,0.0,-,11.686929,16.840945,17.276064,16.824602,180348.00
03/17/1999,16.710213,16.996205,16.710213,16.955351,65550,0.00,0.0,-,11.645664,16.790283,17.292406,16.914485,181065.00
03/16/1999,16.751051,16.751051,16.669340,16.710197,230400,0.00,0.0,-,11.602561,16.739621,17.302620,17.000283,180987.00
03/15/1999,16.301640,16.628489,16.301640,16.628489,22800,0.00,0.0,-,11.560683,16.693862,17.308749,17.094253,177171.00
03/12/1999,16.424209,16.424209,16.097360,16.219929,26550,0.00,0.0,-,11.520235,16.648920,17.355734,17.196393,177048.00
03/11/1999,16.669349,16.669349,16.424211,16.505922,55200,0.00,0.0,-,11.482852,16.610515,17.443575,17.339390,177819.00
03/10/1999,17.077913,17.077913,16.751060,16.751060,40950,0.00,0.0,-,11.444651,16.561488,17.496689,17.445617,177513.00
03/09/1999,17.159619,17.159619,16.669344,16.996193,217800,0.00,0.0,-,11.403591,16.501838,17.517117,17.588614,179070.00
03/08/1999,17.731610,17.731610,17.159624,17.159624,176250,0.00,0.0,-,11.359875,16.429931,17.613129,17.662156,174834.00
03/05/1999,17.568192,17.649903,17.445623,17.568192,85950,0.00,0.0,-,11.316363,16.354755,17.703013,17.727526,172998.00
03/04/1999,17.813323,17.813323,17.568185,17.649897,106050,0.00,0.0,-,11.271012,16.279580,17.756125,17.727526,172122.00
03/03/1999,17.731609,17.895035,17.690755,17.813324,57000,0.00,0.0,-,11.226275,16.208490,17.813324,17.670327,171330.00
03/02/1999,17.649897,17.649897,17.486470,17.649897,54900,0.00,0.0,-,11.182150,16.126777,17.813324,17.604957,172101.00
03/01/1999,17.731608,17.813323,17.159622,17.649897,143550,0.00,0.0,-,11.139251,16.049968,17.848052,17.523246,172512.00
02/26/1999,17.731608,17.813323,17.568185,17.649897,121200,0.00,0.0,-,11.096352,15.967438,17.884823,17.515075,169809.00
02/25/1999,18.058467,18.058467,17.466050,17.568192,256800,0.00,0.0,-,11.052840,15.887360,17.878694,17.547760,167883.00
02/24/1999,17.690757,18.221886,17.690757,18.181032,229200,0.00,0.0,-,11.009532,15.812184,17.831709,17.547760,165357.00
02/23/1999,17.731607,17.813322,17.609039,17.731607,189450,0.00,0.0,-,10.963773,15.734557,17.682583,17.445619,162735.00
02/22/1999,17.649898,18.099315,17.609040,17.813324,65700,0.00,0.0,-,10.920466,15.667553,17.576357,17.564102,160491.00
02/19/1999,17.077916,17.731614,17.077916,17.568192,48000,0.00,0.0,-,10.875524,15.600549,17.492602,17.678500,160767.00
02/18/1999,16.996198,17.159625,16.996198,17.077913,33150,0.00,0.0,-,10.833033,15.537630,17.419061,17.784725,162612.00
02/17/1999,17.077913,17.731610,16.832775,17.159624,78150,0.00,0.0,-,10.794220,15.459186,17.370033,17.956321,165195.00
02/16/1999,17.568192,17.649903,16.669353,16.832779,47850,0.00,0.0,-,10.756632,15.377473,17.294449,18.021691,168474.00
02/12/1999,18.058467,18.303604,17.486477,17.568192,133500,0.00,0.0,-,10.720474,15.304749,17.192308,18.172858,170451.00
02/11/1999,17.731608,18.467021,17.649897,17.976746,171000,0.00,0.0,-,10.678597,15.210780,17.035011,18.254570,169248.00
02/10/1999,17.077916,17.649903,16.751064,17.568192,103050,0.00,0.0,-,10.636515,15.101285,16.859329,18.209628,166788.00
02/09/1999,18.957298,18.957298,17.159624,17.159624,141600,0.00,0.0,-,10.596476,15.001596,16.708161,18.115658,164811.00
02/08/1999,19.039008,19.161576,18.630444,18.916439,90600,0.00,0.0,-,10.560931,14.910078,16.577421,17.919548,163491.00
02/05/1999,18.712159,19.447571,18.712159,18.957296,246150,0.00,0.0,-,10.518236,14.772801,16.354754,17.588613,164682.00
02/04/1999,18.221884,19.039011,18.221884,18.630447,116100,0.00,0.0,-,10.477380,14.620816,16.138216,17.306705,160323.00
02/03/1999,17.813325,18.793875,17.486472,18.793875,132450,0.00,0.0,-,10.439383,14.483539,15.933935,17.053396,158835.00
02/02/1999,18.467021,18.548736,17.813324,17.813324,378900,0.00,0.0,-,10.400570,14.334005,15.705140,16.783745,156621.00
02/01/1999,18.344450,18.875582,18.140170,18.344450,272850,0.00,0.0,-,10.365229,14.198362,15.535587,16.567207,150783.00
01/29/1999,17.609038,19.447568,17.323046,18.385307,283500,0.00,0.0,-,10.327437,14.053731,15.339477,16.211757,146181.00
01/28/1999,16.710203,17.609038,16.587634,17.527327,319950,0.00,0.0,-,10.290054,13.909917,15.139281,15.815452,143148.00
01/27/1999,15.525371,16.996195,15.525371,16.628489,3580950,0.00,0.0,-,10.256756,13.786531,14.977899,15.509031,138738.00
01/26/1999,15.647941,15.647941,15.035097,15.198523,203850,0.00,0.0,-,10.227135,13.683574,14.849202,15.300664,67668.00
01/25/1999,16.097364,16.138218,15.607088,15.607088,27150,0.00,0.0,-,10.205073,13.613301,14.777704,15.235294,63921.00
01/22/1999,16.138218,16.179075,16.138218,16.138218,18450,0.00,0.0,-,10.181785,13.529954,14.667392,15.120896,69537.00
01/21/1999,16.179072,16.260783,16.097361,16.097361,19950,0.00,0.0,-,10.153798,13.435985,14.530523,14.969728,71541.00
01/20/1999,15.688797,16.179072,15.607085,16.097361,77700,0.00,0.0,-,10.128672,13.327307,14.416126,14.814474,76368.00
01/19/1999,14.912531,15.647943,14.912531,15.647943,59100,0.00,0.0,-,10.104771,13.209641,14.316028,14.626535,76353.00
01/15/1999,14.503964,14.789957,14.503964,14.789957,52050,0.00,0.0,-,10.083321,13.096878,14.220016,14.503967,76764.00
01/14/1999,14.463113,14.544825,14.381401,14.422256,9300,0.00,0.0,-,10.064936,13.010263,14.170988,14.467197,77901.00
01/13/1999,14.463110,14.544822,14.381398,14.463110,6000,0.00,0.0,-,10.047572,12.932636,14.126046,14.463111,81033.00
01/12/1999,14.544822,14.667390,14.463110,14.544822,58650,0.00,0.0,-,10.026940,12.832129,14.085190,14.446768,82233.00
01/11/1999,14.422253,14.544822,14.381397,14.544822,16050,0.00,0.0,-,10.006512,12.716098,14.048420,14.397741,88191.00
01/08/1999,14.544822,14.708247,14.463110,14.463110,49050,0.00,0.0,-,9.986083,12.592712,14.036163,14.320114,88044.00
01/07/1999,14.626536,14.626536,14.544823,14.626536,21750,0.00,0.0,-,9.965655,12.471778,14.032077,14.213888,87423.00
01/06/1999,14.258829,14.544822,14.217972,14.544822,70350,0.00,0.0,-,9.939916,12.352477,14.023906,14.091319,87150.00
01/05/1999,14.422257,14.422257,14.136263,14.217976,40800,0.00,0.0,-,9.916219,12.228274,14.017777,14.017778,86370.00
01/04/1999,14.463113,14.544825,14.299688,14.422256,61650,0.00,0.0,-,9.887416,12.113060,13.964664,14.005521,85557.00
12/31/1998,14.463113,15.035100,14.422256,14.422256,39600,0.00,0.0,-,9.856569,11.994576,13.897251,13.936065,84615.00
12/30/1998,14.299683,14.381396,14.217971,14.381396,16650,0.00,0.0,-,9.824905,11.869556,13.835967,13.874780,84465.00
12/29/1998,13.972834,14.381397,13.972834,14.299684,65100,0.00,0.0,-,9.793038,11.735548,13.760383,13.788982,84213.00
12/28/1998,13.768555,14.136261,13.768555,14.054548,39900,0.00,0.0,-,9.763213,11.603991,13.670499,13.723612,83034.00
12/24/1998,13.400848,13.931978,13.400848,13.768554,118800,0.00,0.0,-,9.735430,11.477336,13.596958,13.699099,82254.00
12/23/1998,13.400848,13.400848,13.400848,13.400848,6000,0.00,0.0,-,9.707240,11.355585,13.537716,13.752212,80217.00
12/22/1998,13.850267,13.850267,13.319135,13.400848,84450,0.00,0.0,-,9.679253,11.245273,13.470304,13.850266,80199.00
12/21/1998,13.972835,13.972835,13.686841,13.809410,42150,0.00,0.0,-,9.651062,11.132510,13.368163,13.956493,78621.00
12/18/1998,13.809410,14.217972,13.809410,14.095404,66450,0.00,0.0,-,9.620829,11.007490,13.266023,14.017777,78702.00
12/17/1998,13.891124,14.299685,13.727698,13.727698,95550,0.00,0.0,-,9.589982,10.879201,13.127112,13.923808,79245.00
12/16/1998,13.523417,13.891123,13.523417,13.809410,75450,0.00,0.0,-,9.560770,10.765621,12.992286,13.858438,77352.00
12/15/1998,13.564272,13.564272,13.400848,13.523417,8400,0.00,0.0,-,9.531762,10.651223,12.857460,13.797154,76590.00
12/14/1998,13.809412,13.809412,13.645988,13.645988,24900,0.00,0.0,-,9.505001,10.537643,12.741020,13.731784,77355.00
12/11/1998,14.217973,14.217973,13.809410,13.809410,130500,0.00,0.0,-,9.475789,10.425697,12.626623,13.617386,77364.00
12/10/1998,14.299684,14.626534,14.136259,14.299684,98100,0.00,0.0,-,9.445760,10.310482,12.510183,13.494817,75666.00
12/09/1998,14.463108,14.544821,14.258828,14.381396,77250,0.00,0.0,-,9.413279,10.185462,12.379443,13.323221,73902.00
12/08/1998,14.463110,15.035097,14.299685,14.463110,79500,0.00,0.0,-,9.378960,10.059625,12.232360,13.090341,72453.00
12/07/1998,13.155713,14.544825,13.074000,14.422256,140250,0.00,0.0,-,9.344232,9.933787,12.081192,12.779834,70938.00
12/04/1998,13.073997,13.155710,13.073997,13.155710,162300,0.00,0.0,-,9.310934,9.805499,11.893253,12.514268,68223.00
12/03/1998,13.155713,13.400851,12.992288,13.074000,242100,0.00,0.0,-,9.283356,9.703358,11.746171,12.330415,65070.00
12/02/1998,12.951429,13.196567,12.910573,13.196567,146700,0.00,0.0,-,9.258025,9.602852,11.592960,12.126134,60396.00
12/01/1998,12.502010,12.869716,12.502010,12.869716,73350,0.00,0.0,-,9.232899,9.502345,11.456091,11.917767,57603.00
11/30/1998,12.420296,12.665434,12.256871,12.502008,48000,0.00,0.0,-,9.206955,9.408376,11.339651,11.750257,56649.00
11/27/1998,12.624581,12.665437,12.583724,12.583724,4200,0.00,0.0,-,9.181215,9.325030,11.186440,11.635860,56403.00
11/25/1998,12.093449,12.910575,12.093449,12.583724,75600,0.00,0.0,-,9.155067,9.235146,10.994416,11.525548,56724.00
11/24/1998,11.439750,12.093450,11.112900,12.052594,150150,0.00,0.0,-,NaN,9.150165,10.784007,11.435664,55845.00
11/23/1998,11.766602,11.848314,11.358039,11.358039,28200,0.00,0.0,-,NaN,9.082343,10.602196,11.374379,53283.00
11/20/1998,11.358037,11.889168,11.358037,11.766600,41700,0.00,0.0,-,NaN,9.026779,10.467370,11.382550,53076.00
11/19/1998,11.112901,11.358038,11.031188,11.317183,21750,0.00,0.0,-,NaN,8.960592,10.295774,11.272238,52518.00
11/18/1998,11.031187,11.031187,10.786050,11.031187,87000,0.00,0.0,-,NaN,8.897673,10.152777,11.161926,52308.00
11/17/1998,11.153753,11.276322,11.112897,11.112897,42750,0.00,0.0,-,NaN,8.847011,10.026123,11.059785,50610.00
11/16/1998,11.358037,11.358037,11.072044,11.194613,131850,0.00,0.0,-,NaN,8.794715,9.879040,10.994416,49926.00
11/13/1998,11.439752,11.439752,11.358039,11.358039,99450,0.00,0.0,-,NaN,8.738334,9.703358,10.929045,47484.00
11/12/1998,11.684886,11.766598,11.439749,11.480604,27450,0.00,0.0,-,NaN,8.679501,9.521548,10.737021,45741.00
11/11/1998,11.521460,11.766597,11.521460,11.684885,16500,0.00,0.0,-,NaN,8.620668,9.333609,10.463284,45690.00
11/10/1998,11.439747,12.256871,11.439747,11.439747,307950,0.00,0.0,-,NaN,8.558566,9.133414,10.132349,45885.00
11/09/1998,10.826903,11.848309,10.826903,11.439747,118650,0.00,0.0,-,NaN,8.501367,8.955689,9.830013,40326.00
11/06/1998,10.377484,10.786047,10.377484,10.663478,261300,0.00,0.0,-,NaN,8.458877,8.771836,9.552190,39015.00
11/05/1998,10.091495,10.459201,10.091495,10.214064,76950,0.00,0.0,-,NaN,8.430278,8.616582,9.319310,33897.00
11/04/1998,10.459199,10.459199,9.968924,10.009780,79650,0.00,0.0,-,NaN,8.415569,8.489928,9.143628,32628.00
11/03/1998,10.704337,11.358037,10.459200,10.459200,108900,0.00,0.0,-,NaN,8.406581,8.391873,8.992460,31644.00
11/02/1998,9.519504,10.867760,9.519504,10.540911,165900,0.00,0.0,-,NaN,8.386970,8.273390,8.763665,30486.00
10/30/1998,8.743237,9.437793,8.743237,9.437793,66000,0.00,0.0,-,NaN,8.367359,8.138564,8.477671,28974.00
10/29/1998,8.457246,8.743240,8.457246,8.743240,356550,0.00,0.0,-,NaN,8.372262,8.069108,8.306075,27717.00
10/28/1998,8.334675,8.375531,8.334675,8.375531,8700,0.00,0.0,-,NaN,8.391873,8.034380,8.203934,21096.00
10/27/1998,8.661526,8.661526,8.416389,8.416389,18000,0.00,0.0,-,NaN,8.414752,8.018038,8.134478,22488.00
10/26/1998,8.252958,8.661520,8.252958,8.661520,8100,0.00,0.0,-,NaN,8.427009,8.001695,8.081365,22362.00
10/23/1998,8.416387,8.416387,8.334675,8.334675,31350,0.00,0.0,-,NaN,8.435180,7.977182,7.991482,23826.00
10/22/1998,8.457244,8.457244,8.457244,8.457244,150,0.00,0.0,-,NaN,8.451523,7.960839,7.913855,24465.00
10/21/1998,8.171247,8.498097,8.171247,8.498097,14550,0.00,0.0,-,NaN,8.465414,7.940411,7.836228,25137.00
10/20/1998,7.762688,8.212107,7.762688,8.171250,32100,0.00,0.0,-,NaN,8.476854,7.917940,7.791286,25434.00
10/19/1998,7.640117,7.680973,7.599261,7.680973,4050,0.00,0.0,-,NaN,8.496464,7.917940,7.783114,25452.00
10/16/1998,7.680974,7.721830,7.517549,7.721830,6150,0.00,0.0,-,NaN,8.521795,7.942454,7.799457,26469.00
10/15/1998,7.721830,7.721830,7.721830,7.721830,900,0.00,0.0,-,NaN,8.557749,7.973096,7.832142,28083.00
10/14/1998,7.844398,7.966967,7.599261,7.680973,16950,0.00,0.0,-,NaN,8.565920,7.991481,7.864827,28200.00
10/13/1998,7.844399,7.885256,7.803543,7.885256,5100,0.00,0.0,-,NaN,8.573274,8.024166,7.901597,28371.00
10/12/1998,7.558406,7.803543,7.558406,7.762688,5550,0.00,0.0,-,NaN,8.583897,8.062979,7.922025,28776.00
10/09/1998,7.762686,7.762686,7.558404,7.558404,46200,0.00,0.0,-,NaN,8.593702,8.103836,7.962881,29430.00
10/08/1998,8.007824,8.007824,7.354123,7.680973,93600,0.00,0.0,-,NaN,8.602691,8.148778,8.007823,33042.00
10/07/1998,8.048679,8.048679,8.048679,8.048679,900,0.00,0.0,-,NaN,8.612496,8.173292,8.044594,31488.00
10/06/1998,7.926110,8.089535,7.926110,8.089535,37350,0.00,0.0,-,NaN,8.624753,8.195762,8.044594,32124.00
10/05/1998,7.966968,7.966968,7.844399,7.844399,46650,0.00,0.0,-,NaN,8.641913,8.216191,8.052766,31443.00
10/02/1998,8.007824,8.048679,8.007824,8.048679,25350,0.00,0.0,-,NaN,8.668061,8.242747,8.085451,30945.00
10/01/1998,8.007824,8.048679,8.007824,8.048679,45600,0.00,0.0,-,NaN,8.690940,8.261133,8.114050,30963.00
09/30/1998,8.089536,8.089536,8.007824,8.048679,9900,0.00,0.0,-,NaN,8.714637,8.285646,8.118136,30162.00
09/29/1998,8.089535,8.130391,8.089535,8.089535,4800,0.00,0.0,-,NaN,8.738334,8.312203,8.146735,30111.00
09/28/1998,8.089538,8.171250,8.089538,8.171250,3750,0.00,0.0,-,NaN,8.762030,8.336717,8.203934,30165.00
09/25/1998,8.048680,8.048680,7.926111,8.007824,4500,0.00,0.0,-,NaN,8.784093,8.393916,8.244790,30372.00
09/24/1998,8.048679,8.048679,7.966967,8.048679,4650,0.00,0.0,-,NaN,8.803704,8.455200,8.289732,30507.00
09/23/1998,8.089536,8.089536,7.926111,8.048679,8400,0.00,0.0,-,NaN,8.822498,8.526699,8.301989,30822.00
09/22/1998,8.252963,8.252963,8.171250,8.171250,7050,0.00,0.0,-,NaN,8.846194,8.602283,8.346931,30924.00
09/21/1998,8.252963,8.252963,8.130395,8.171250,25650,0.00,0.0,-,NaN,8.867439,8.667653,8.379616,30876.00
09/18/1998,8.171250,8.498100,8.171250,8.334675,35700,0.00,0.0,-,NaN,8.889502,8.737108,8.400044,30735.00
09/17/1998,8.416384,8.416384,7.844397,8.089535,20250,0.00,0.0,-,NaN,8.908296,8.804521,8.408215,30345.00
09/16/1998,8.661525,8.661525,8.171250,8.334675,31650,0.00,0.0,-,NaN,8.936078,8.886234,8.453157,30378.00
09/15/1998,8.579808,8.661520,8.498096,8.661520,22050,0.00,0.0,-,NaN,8.958140,8.945475,8.477671,30054.00
09/14/1998,8.498100,8.620669,8.498100,8.579812,17850,0.00,0.0,-,NaN,8.976117,8.963860,8.469500,30585.00
09/11/1998,8.130394,8.498100,8.130394,8.457244,13800,0.00,0.0,-,NaN,8.992460,8.988374,8.543041,30408.00
09/10/1998,8.457244,8.457244,8.171250,8.171250,11250,0.00,0.0,-,NaN,9.004717,9.023102,8.620668,30846.00
09/09/1998,8.498097,8.498097,8.457241,8.498097,2100,0.00,0.0,-,NaN,9.033316,9.072129,8.751408,30786.00
09/08/1998,8.457241,8.579810,8.416384,8.498097,8550,0.00,0.0,-,NaN,9.056195,9.100729,8.857635,31143.00
09/04/1998,8.457243,8.457243,8.334675,8.375531,9750,0.00,0.0,-,NaN,9.079892,9.133414,8.955690,31599.00
09/03/1998,8.498102,8.538957,8.416389,8.416389,12300,0.00,0.0,-,NaN,9.106857,9.162013,9.074173,31494.00
09/02/1998,8.498100,8.579812,8.416387,8.538956,24900,0.00,0.0,-,NaN,9.132188,9.217169,9.200827,31326.00
09/01/1998,8.498100,8.661524,8.334675,8.579812,26250,0.00,0.0,-,NaN,9.155067,9.196740,9.319310,31059.00
08/31/1998,9.396937,9.396937,8.579812,8.579812,30000,0.00,0.0,-,NaN,9.177130,9.170184,9.413279,30762.00
08/28/1998,9.233512,9.396936,9.110943,9.315224,53100,0.00,0.0,-,NaN,9.200009,9.162013,9.458221,30576.00
08/27/1998,9.396937,9.396937,9.192656,9.233513,5400,0.00,0.0,-,NaN,9.216352,9.108900,9.433707,29700.00
08/26/1998,9.478649,9.642073,9.396936,9.478649,13500,0.00,0.0,-,NaN,9.237597,9.047615,9.425535,30186.00
08/25/1998,9.478651,9.642075,9.478651,9.560363,30450,0.00,0.0,-,NaN,9.246585,8.982245,9.392850,31026.00
08/24/1998,9.642073,9.887211,9.396936,9.478649,51000,0.00,0.0,-,NaN,9.241682,8.937303,9.343823,30504.00
08/21/1998,9.519506,9.642075,9.478651,9.560363,90300,0.00,0.0,-,NaN,9.241682,8.910746,9.311137,29706.00
08/20/1998,9.723787,9.723787,9.642073,9.682930,3150,0.00,0.0,-,NaN,9.244951,8.890318,9.249853,27984.00
08/19/1998,9.723784,9.846353,9.723784,9.723784,25500,0.00,0.0,-,NaN,9.247402,8.865804,9.233510,30930.00
08/18/1998,9.805498,10.050635,9.478648,9.519504,78300,0.00,0.0,-,NaN,9.253939,8.841291,9.074171,31143.00
08/17/1998,8.988374,9.070087,8.988374,9.029230,11700,0.00,0.0,-,NaN,9.244951,8.826991,8.927089,31062.00
08/14/1998,9.110942,9.151798,9.029229,9.070086,81300,0.00,0.0,-,NaN,9.240865,8.839248,8.865804,32358.00
08/13/1998,9.070085,9.233510,9.070085,9.151797,63300,0.00,0.0,-,NaN,9.237597,8.849462,8.784092,31311.00
08/12/1998,9.151797,9.233510,9.029229,9.151797,33750,0.00,0.0,-,NaN,9.226974,8.841291,8.669695,30246.00
08/11/1998,9.233511,9.233511,9.029229,9.070086,29400,0.00,0.0,-,NaN,9.213900,8.833120,8.571640,29913.00
08/10/1998,9.029229,9.396935,9.029229,9.151797,33000,0.00,0.0,-,NaN,9.199192,8.841291,8.530784,30672.00
08/07/1998,9.601218,9.887211,8.947517,8.947517,54900,0.00,0.0,-,NaN,9.182850,8.845377,8.510356,32235.00
08/06/1998,8.171248,9.642072,8.150820,9.519504,86850,0.00,0.0,-,NaN,9.174678,8.861720,8.530784,43608.00
08/05/1998,8.048680,8.130393,8.007824,8.130393,6750,0.00,0.0,-,NaN,9.159153,8.849463,8.498099,46449.00
08/04/1998,8.416386,8.416386,7.966967,8.048679,25500,0.00,0.0,-,NaN,9.173861,8.916876,8.608411,46995.00
08/03/1998,8.334676,8.824951,8.171251,8.416389,25350,0.00,0.0,-,NaN,9.183667,8.986332,8.726894,46683.00
07/31/1998,8.089537,8.416386,8.048680,8.252962,38250,0.00,0.0,-,NaN,9.180398,9.043530,8.812692,49395.00
07/30/1998,8.252961,8.334674,8.007824,8.007824,226800,0.00,0.0,-,NaN,9.184484,9.100729,8.914833,51603.00
07/29/1998,8.620670,8.661525,8.171250,8.171250,15900,0.00,0.0,-,NaN,9.194289,9.153842,9.012888,50910.00
07/28/1998,8.865802,8.906657,8.416383,8.661520,32700,0.00,0.0,-,NaN,9.204912,9.225341,9.094600,50712.00
07/27/1998,9.070086,9.070086,8.906661,8.947517,3300,0.00,0.0,-,NaN,9.211449,9.274368,9.151799,50322.00
07/24/1998,9.274366,9.274366,9.151797,9.151797,21750,0.00,0.0,-,NaN,9.213900,9.311139,9.180399,50877.00
07/23/1998,9.192654,9.192654,9.151797,9.192654,26250,0.00,0.0,-,NaN,9.212266,9.339738,9.192656,52206.00
07/22/1998,9.192656,9.274369,9.192656,9.233513,5550,0.00,0.0,-,NaN,9.207364,9.364252,9.200828,53412.00
07/21/1998,9.192656,9.233513,9.151800,9.233513,7350,0.00,0.0,-,NaN,9.200826,9.386723,9.225341,54798.00
07/20/1998,9.274369,9.274369,9.151800,9.274369,7500,0.00,0.0,-,NaN,9.196741,9.409194,9.245769,55107.00
07/17/1998,9.070088,9.274369,9.070088,9.274369,14100,0.00,0.0,-,NaN,9.192655,9.431664,9.274369,57159.00
07/16/1998,8.906661,9.070086,8.824948,8.988374,11250,0.00,0.0,-,NaN,9.183667,9.474563,9.286625,58446.00
07/15/1998,9.151798,9.151798,8.988374,8.988374,20400,0.00,0.0,-,NaN,9.185301,9.539933,9.294797,58569.00
07/14/1998,9.233513,9.356082,9.151800,9.233513,13500,0.00,0.0,-,NaN,9.191838,9.586918,9.356081,58464.00
07/13/1998,9.192656,9.233513,9.110944,9.233513,4650,0.00,0.0,-,NaN,9.200009,9.591003,9.396937,58278.00
07/10/1998,9.315226,9.356082,9.192657,9.274369,18600,0.00,0.0,-,NaN,9.207363,9.603260,9.441879,58995.00
07/09/1998,9.478651,9.478651,9.233514,9.274369,16200,0.00,0.0,-,NaN,9.205729,9.625731,9.486820,59187.00
07/08/1998,9.519505,9.519505,9.478649,9.478649,21900,0.00,0.0,-,NaN,9.211449,9.652287,9.527676,59151.00
07/07/1998,9.642074,9.642074,9.233512,9.437793,15450,0.00,0.0,-,NaN,9.213083,9.680887,9.548104,59790.00
07/06/1998,9.437794,9.805500,9.437794,9.560363,48600,0.00,0.0,-,NaN,9.225340,9.662502,9.572618,59841.00
07/02/1998,9.151800,9.396937,9.151800,9.396937,9000,0.00,0.0,-,NaN,9.241683,9.625731,9.588960,59532.00
07/01/1998,9.519504,9.519504,9.070086,9.070086,35700,0.00,0.0,-,NaN,9.269465,9.601217,9.662501,59655.00
06/30/1998,9.642075,9.642075,9.560363,9.601219,8250,0.00,0.0,-,NaN,9.308687,9.578746,9.785070,61431.00
06/29/1998,9.723786,9.723786,9.642073,9.642073,19950,0.00,0.0,-,NaN,9.337286,9.523590,9.817755,62181.00
06/26/1998,9.764642,9.764642,9.682930,9.682930,31350,0.00,0.0,-,NaN,9.359349,9.458220,9.785070,62322.00
06/25/1998,9.764640,9.764640,9.682928,9.723784,4500,0.00,0.0,-,NaN,9.381411,9.390807,9.764642,62133.00
06/24/1998,9.723787,9.805499,9.642073,9.682930,3900,0.00,0.0,-,NaN,9.405108,9.331566,9.764642,62598.00
06/23/1998,9.601218,9.723787,9.601218,9.682930,11550,0.00,0.0,-,NaN,9.428804,9.284581,9.776898,62796.00
06/22/1998,9.723787,9.723787,9.642073,9.682930,11400,0.00,0.0,-,NaN,9.449232,9.243725,9.813669,62706.00
06/19/1998,9.968922,9.968922,9.723784,9.723784,20700,0.00,0.0,-,NaN,9.471295,9.186526,9.752385,62883.00
06/18/1998,10.295771,10.295771,10.132346,10.132346,9300,0.00,0.0,-,NaN,9.495808,9.112985,9.662501,63024.00
06/17/1998,10.050634,10.459197,10.050634,10.295772,29700,0.00,0.0,-,NaN,9.503980,9.029230,9.539933,63543.00
06/16/1998,9.396937,10.050637,9.396937,9.928068,55500,0.00,0.0,-,NaN,9.519505,8.939347,9.372422,63555.00
06/15/1998,9.315224,9.356080,9.315224,9.315224,4350,0.00,0.0,-,NaN,9.547287,8.878062,9.229425,63624.00
06/12/1998,9.642073,9.642073,9.356080,9.478649,11100,0.00,0.0,-,NaN,9.588144,8.861720,9.131370,64635.00
06/11/1998,9.723784,9.887209,9.642071,9.723784,4200,0.00,0.0,-,NaN,9.620829,8.841291,9.016973,68940.00
06/10/1998,10.214060,10.214060,9.805497,9.805497,150450,0.00,0.0,-,NaN,9.645342,8.808607,8.898490,71340.00
06/09/1998,9.151802,10.050640,9.151802,10.050640,36150,0.00,0.0,-,NaN,9.655965,8.765708,8.792264,69585.00
06/08/1998,8.865805,9.070086,8.865805,9.070086,74250,0.00,0.0,-,NaN,9.664136,8.708509,8.673781,70314.00
06/05/1998,8.947517,8.947517,8.784092,8.824948,76500,0.00,0.0,-,NaN,9.691919,8.706466,8.620668,70926.00
06/04/1998,8.579811,8.988374,8.538955,8.906661,28950,0.00,0.0,-,NaN,9.722969,8.718723,8.563469,73371.00
06/03/1998,8.416385,8.620667,8.416385,8.620667,10050,0.00,0.0,-,NaN,9.734409,8.714637,8.518528,74793.00
06/02/1998,8.252960,8.498097,8.212103,8.498097,17100,0.00,0.0,-,NaN,9.758106,8.737108,8.506271,84549.00
06/01/1998,8.416387,8.498100,8.252963,8.334675,67350,0.00,0.0,-,NaN,9.757289,8.777964,8.526699,84789.00
05/29/1998,8.579812,8.620669,8.293818,8.334675,111150,0.00,0.0,-,NaN,9.755654,8.843334,8.592069,85686.00
05/28/1998,8.784093,8.824950,8.498100,8.538956,623550,0.00,0.0,-,NaN,9.750752,8.906661,8.665610,83988.00
05/27/1998,8.906665,9.070090,8.579815,8.743240,228900,0.00,0.0,-,NaN,9.740129,8.939346,8.718723,72156.00
05/26/1998,8.498099,8.906660,8.498099,8.865805,34050,0.00,0.0,-,NaN,9.731958,8.980202,8.739151,71412.00
05/22/1998,8.212106,8.661524,8.212106,8.538956,9900,0.00,0.0,-,NaN,9.724604,9.014930,8.743236,74010.00
05/21/1998,8.416386,8.416386,8.007825,8.252962,160950,0.00,0.0,-,NaN,9.716432,9.090515,8.792264,75831.00
05/20/1998,8.498100,8.498100,8.416387,8.457244,148650,0.00,0.0,-,NaN,9.707444,9.196741,8.873976,74160.00
05/19/1998,8.498097,8.498097,8.212103,8.498097,192150,0.00,0.0,-,NaN,9.693553,9.313181,8.910746,75348.00
05/18/1998,8.906661,8.906661,8.661524,8.702380,6000,0.00,0.0,-,NaN,9.678845,9.439835,8.967945,72117.00
05/15/1998,8.988374,9.029229,8.906661,8.988374,13200,0.00,0.0,-,NaN,9.663319,9.556276,9.029230,72297.00
05/14/1998,9.070086,9.070086,9.029229,9.070086,31050,0.00,0.0,-,NaN,9.641257,9.644117,9.094600,73065.00
05/13/1998,8.988373,9.110942,8.988373,9.070086,88200,0.00,0.0,-,NaN,9.620012,9.729915,9.147713,73065.00
05/12/1998,9.070086,9.070086,8.947517,8.947517,86550,0.00,0.0,-,NaN,9.602035,9.821841,9.159970,72738.00
05/11/1998,8.947518,9.233512,8.824949,8.906661,74850,0.00,0.0,-,NaN,9.579155,9.917854,9.221254,74028.00
05/08/1998,9.070087,9.070087,8.743237,9.029230,22800,0.00,0.0,-,NaN,9.557093,10.007737,9.286624,73113.00
05/07/1998,8.824948,9.478648,8.824948,9.070086,110100,0.00,0.0,-,NaN,9.532579,10.095578,9.388765,74397.00
05/06/1998,9.029229,9.070086,8.743236,8.824948,78450,0.00,0.0,-,NaN,9.501529,10.189548,9.519505,74775.00
05/05/1998,9.233511,9.274366,8.988373,9.070086,17400,0.00,0.0,-,NaN,9.475381,10.275346,9.715615,78432.00
05/04/1998,9.560361,9.601218,9.233512,9.315224,15150,0.00,0.0,-,NaN,9.449233,10.375444,9.911726,79296.00
05/01/1998,9.723786,9.723786,9.642073,9.642073,4200,0.00,0.0,-,NaN,9.415731,10.475542,10.083322,83088.00
04/30/1998,9.233513,9.601219,9.151800,9.601219,40500,0.00,0.0,-,NaN,9.383046,10.561340,10.193634,87705.00
04/29/1998,9.560360,9.560360,9.070085,9.192654,28200,0.00,0.0,-,NaN,9.354446,10.636924,10.312117,89709.00
04/28/1998,9.478651,9.642075,9.478651,9.560363,14400,0.00,0.0,-,NaN,9.324213,10.724765,10.483713,91797.00
04/27/1998,9.887213,9.887213,9.478651,9.560363,53850,0.00,0.0,-,NaN,9.280088,10.763578,10.614453,101589.00
04/24/1998,10.295778,10.459203,10.050640,10.050640,18000,0.00,0.0,-,NaN,9.235963,10.808520,10.728850,178587.00
04/23/1998,10.704336,10.704336,10.377485,10.377485,33150,0.00,0.0,-,NaN,NaN,10.828948,10.802391,NaN
04/22/1998,11.031186,11.072043,10.786049,10.786049,15150,0.00,0.0,-,NaN,NaN,10.828948,10.859590,NaN
04/21/1998,11.112899,11.112899,10.949475,11.031187,124500,0.00,0.0,-,NaN,NaN,10.763578,10.835076,NaN
04/20/1998,10.663481,11.031187,10.663481,11.031187,45750,0.00,0.0,-,NaN,NaN,10.702293,10.839162,NaN
04/17/1998,10.704339,10.867763,10.704339,10.745194,27000,0.00,0.0,-,NaN,NaN,10.573596,10.867762,NaN
04/16/1998,10.949474,10.949474,10.786049,10.786049,21900,0.00,0.0,-,NaN,NaN,10.448985,10.929046,NaN
04/15/1998,10.949472,11.031184,10.908615,10.908615,27750,0.00,0.0,-,NaN,NaN,10.314159,10.961731,NaN
04/14/1998,10.704337,10.867762,10.622624,10.867762,13800,0.00,0.0,-,NaN,NaN,10.169119,10.965816,NaN
04/13/1998,10.704336,10.704336,10.622623,10.704336,7050,0.00,0.0,-,NaN,NaN,10.042465,10.912703,NaN
04/09/1998,10.867761,10.908618,10.745192,10.786049,20250,0.00,0.0,-,NaN,NaN,9.932153,10.888190,NaN
04/08/1998,10.459197,10.949471,10.214059,10.949471,27750,0.00,0.0,-,NaN,NaN,9.799370,10.855505,NaN
04/07/1998,10.908617,10.949473,10.540911,10.540911,35250,0.00,0.0,-,NaN,NaN,9.642074,10.798306,NaN
04/06/1998,11.439752,11.603176,11.031189,11.072045,30300,0.00,0.0,-,NaN,NaN,9.503163,10.692080,NaN
04/03/1998,11.439751,11.521463,11.112901,11.317183,58950,0.00,0.0,-,NaN,NaN,9.337695,10.565425,NaN
04/02/1998,11.276327,11.521464,11.112901,11.358039,54900,0.00,0.0,-,NaN,NaN,9.168141,10.279431,NaN
04/01/1998,10.867759,11.112897,10.867759,11.112897,226350,0.00,0.0,-,NaN,NaN,8.994502,9.968923,NaN
03/31/1998,10.418340,10.949471,10.418340,10.949471,124200,0.00,0.0,-,NaN,NaN,8.839249,9.666587,NaN
03/30/1998,10.295772,10.418341,10.214060,10.336629,62700,0.00,0.0,-,NaN,NaN,8.700338,9.372423,NaN
03/27/1998,10.500056,10.581769,10.132349,10.459200,72600,0.00,0.0,-,NaN,NaN,8.573683,9.172227,NaN
03/26/1998,10.459200,10.459200,9.968925,10.459200,104850,0.00,0.0,-,NaN,NaN,8.440901,8.976117,NaN
03/25/1998,9.560361,10.377485,9.478649,10.377485,198750,0.00,0.0,-,NaN,NaN,8.308118,8.743236,NaN
03/24/1998,9.968924,10.132348,9.396936,9.478649,100050,0.00,0.0,-,NaN,NaN,8.165121,8.485842,NaN
03/23/1998,8.988373,9.968922,8.824947,9.805497,497850,0.00,0.0,-,NaN,NaN,8.067066,8.314246,NaN
03/20/1998,8.171250,8.498100,8.171250,8.457244,29100,0.00,0.0,-,NaN,NaN,7.964925,8.109965,NaN
03/19/1998,8.252962,8.252962,8.089537,8.252962,112200,0.00,0.0,-,NaN,NaN,7.924069,8.056852,NaN
03/18/1998,8.007823,8.252960,8.007823,8.089535,26250,0.00,0.0,-,NaN,NaN,7.911812,8.020081,NaN
03/17/1998,8.252961,8.252961,8.007824,8.007824,31950,0.00,0.0,-,NaN,NaN,7.915898,8.011910,NaN
03/16/1998,8.498100,8.498100,8.252963,8.334675,191700,0.00,0.0,-,NaN,NaN,7.899555,8.028253,NaN
03/13/1998,8.252960,8.661522,8.252960,8.498097,163950,0.00,0.0,-,NaN,NaN,7.850528,7.975140,NaN
03/12/1998,7.844399,8.171249,7.762687,8.130393,100950,0.00,0.0,-,NaN,NaN,7.793329,7.905684,NaN
03/11/1998,7.762688,8.089538,7.762688,7.803544,77400,0.00,0.0,-,NaN,NaN,NaN,7.872999,NaN
03/10/1998,7.762688,7.926112,7.517550,7.762688,208050,0.00,0.0,-,NaN,NaN,NaN,7.844400,NaN
03/09/1998,7.926112,8.089537,7.762688,7.762688,30600,0.00,0.0,-,NaN,NaN,NaN,7.819886,NaN
03/06/1998,7.885257,7.926113,7.762689,7.926113,15000,0.00,0.0,-,NaN,NaN,NaN,7.819886,NaN
03/05/1998,7.926111,7.926111,7.680974,7.885256,51600,0.00,0.0,-,NaN,NaN,NaN,7.791286,NaN
03/04/1998,8.089536,8.171248,7.762686,8.007824,31050,0.00,0.0,-,NaN,NaN,NaN,7.803543,NaN
03/03/1998,7.844401,8.171250,7.762688,8.171250,71850,0.00,0.0,-,NaN,NaN,NaN,7.819886,NaN
03/02/1998,7.762688,7.844400,7.762688,7.803544,151050,0.00,0.0,-,NaN,NaN,NaN,7.770858,NaN
02/27/1998,7.803544,7.844400,7.680975,7.803544,29100,0.00,0.0,-,NaN,NaN,NaN,7.725916,NaN
02/26/1998,7.435837,7.926112,7.435837,7.803544,87000,0.00,0.0,-,NaN,NaN,NaN,7.680974,NaN
02/25/1998,7.599261,7.599261,7.354124,7.517549,129000,0.00,0.0,-,NaN,NaN,NaN,NaN,NaN
02/24/1998,7.721830,7.762686,7.394980,7.517549,261300,0.00,0.0,-,NaN,NaN,NaN,NaN,NaN
02/23/1998,7.680975,7.762688,7.476694,7.762688,60600,0.00,0.0,-,NaN,NaN,NaN,NaN,NaN
02/20/1998,7.926111,8.007824,7.435836,7.640118,204750,0.00,0.0,-,NaN,NaN,NaN,NaN,NaN
02/19/1998,8.252961,8.498099,8.007824,8.007824,235050,0.00,0.0,-,NaN,NaN,NaN,NaN,NaN
02/18/1998,7.762688,8.171250,7.721832,8.171250,140700,0.00,0.0,-,NaN,NaN,NaN,NaN,NaN
02/17/1998,7.599261,7.762686,7.599261,7.680973,132600,0.00,0.0,-,NaN,NaN,NaN,NaN,NaN
02/13/1998,7.435836,7.517549,7.272411,7.354124,504000,0.00,0.0,-,NaN,NaN,NaN,NaN,NaN
02/12/1998,7.190698,7.680973,7.190698,7.354124,3903750,0.00,0.0,-,NaN,NaN,NaN,NaN,NaN
